

================================================================
== Vitis HLS Report for 'pseudo_moe_Pipeline_VITIS_LOOP_150_8'
================================================================
* Date:           Sun Sep 20 19:32:35 2026

* Version:        2023.2 (Build 4023990 on Oct 11 2023)
* Project:        project
* Solution:       solution1 (Vivado IP Flow Target)
* Product family: virtexuplus
* Target device:  xcvu13p_CIV-figd2104-3-e


================================================================
== Performance Estimates
================================================================
+ Timing: 
    * Summary: 
    +--------+----------+----------+------------+
    |  Clock |  Target  | Estimated| Uncertainty|
    +--------+----------+----------+------------+
    |ap_clk  |  10.00 ns|  7.300 ns|     2.70 ns|
    +--------+----------+----------+------------+

+ Latency: 
    * Summary: 
    +---------+---------+----------+----------+-----+-----+---------+
    |  Latency (cycles) |  Latency (absolute) |  Interval | Pipeline|
    |   min   |   max   |    min   |    max   | min | max |   Type  |
    +---------+---------+----------+----------+-----+-----+---------+
    |      328|      328|  3.280 us|  3.280 us|  328|  328|       no|
    +---------+---------+----------+----------+-----+-----+---------+

    + Detail: 
        * Instance: 
        N/A

        * Loop: 
        +--------------------+---------+---------+----------+-----------+-----------+------+----------+
        |                    |  Latency (cycles) | Iteration|  Initiation Interval  | Trip |          |
        |      Loop Name     |   min   |   max   |  Latency |  achieved |   target  | Count| Pipelined|
        +--------------------+---------+---------+----------+-----------+-----------+------+----------+
        |- VITIS_LOOP_150_8  |      326|      326|       135|         64|          1|     4|       yes|
        +--------------------+---------+---------+----------+-----------+-----------+------+----------+



================================================================
== Utilization Estimates
================================================================
* Summary: 
+---------------------+---------+-------+---------+---------+------+
|         Name        | BRAM_18K|  DSP  |    FF   |   LUT   | URAM |
+---------------------+---------+-------+---------+---------+------+
|DSP                  |        -|      -|        -|        -|     -|
|Expression           |        -|      -|        0|      286|     -|
|FIFO                 |        -|      -|        -|        -|     -|
|Instance             |        -|      -|        -|        -|     -|
|Memory               |        -|      -|        -|        -|     -|
|Multiplexer          |        -|      -|        -|     1596|     -|
|Register             |        -|      -|     3990|       32|     -|
+---------------------+---------+-------+---------+---------+------+
|Total                |        0|      0|     3990|     1914|     0|
+---------------------+---------+-------+---------+---------+------+
|Available SLR        |     1344|   3072|   864000|   432000|   320|
+---------------------+---------+-------+---------+---------+------+
|Utilization SLR (%)  |        0|      0|       ~0|       ~0|     0|
+---------------------+---------+-------+---------+---------+------+
|Available            |     5376|  12288|  3456000|  1728000|  1280|
+---------------------+---------+-------+---------+---------+------+
|Utilization (%)      |        0|      0|       ~0|       ~0|     0|
+---------------------+---------+-------+---------+---------+------+

+ Detail: 
    * Instance: 
    +---------------------------------+-----------------------------+---------+----+---+----+-----+
    |             Instance            |            Module           | BRAM_18K| DSP| FF| LUT| URAM|
    +---------------------------------+-----------------------------+---------+----+---+----+-----+
    |fcmp_32ns_32ns_1_1_no_dsp_1_U53  |fcmp_32ns_32ns_1_1_no_dsp_1  |        0|   0|  0|   0|    0|
    +---------------------------------+-----------------------------+---------+----+---+----+-----+
    |Total                            |                             |        0|   0|  0|   0|    0|
    +---------------------------------+-----------------------------+---------+----+---+----+-----+

    * DSP: 
    N/A

    * Memory: 
    N/A

    * FIFO: 
    N/A

    * Expression: 
    +-----------------------------------+----------+----+---+----+------------+------------+
    |           Variable Name           | Operation| DSP| FF| LUT| Bitwidth P0| Bitwidth P1|
    +-----------------------------------+----------+----+---+----+------------+------------+
    |add_ln150_fu_1050_p2               |         +|   0|  0|  10|           3|           1|
    |and_ln159_1_fu_1503_p2             |       and|   0|  0|   2|           1|           1|
    |and_ln159_fu_1497_p2               |       and|   0|  0|   2|           1|           1|
    |ap_block_pp0_stage0_00001          |       and|   0|  0|   2|           1|           1|
    |ap_block_pp0_stage10_00001         |       and|   0|  0|   2|           1|           1|
    |ap_block_pp0_stage11_00001         |       and|   0|  0|   2|           1|           1|
    |ap_block_pp0_stage12_00001         |       and|   0|  0|   2|           1|           1|
    |ap_block_pp0_stage13_00001         |       and|   0|  0|   2|           1|           1|
    |ap_block_pp0_stage14_00001         |       and|   0|  0|   2|           1|           1|
    |ap_block_pp0_stage15_00001         |       and|   0|  0|   2|           1|           1|
    |ap_block_pp0_stage16_00001         |       and|   0|  0|   2|           1|           1|
    |ap_block_pp0_stage17_00001         |       and|   0|  0|   2|           1|           1|
    |ap_block_pp0_stage18_00001         |       and|   0|  0|   2|           1|           1|
    |ap_block_pp0_stage19_00001         |       and|   0|  0|   2|           1|           1|
    |ap_block_pp0_stage1_00001          |       and|   0|  0|   2|           1|           1|
    |ap_block_pp0_stage20_00001         |       and|   0|  0|   2|           1|           1|
    |ap_block_pp0_stage21_00001         |       and|   0|  0|   2|           1|           1|
    |ap_block_pp0_stage22_00001         |       and|   0|  0|   2|           1|           1|
    |ap_block_pp0_stage23_00001         |       and|   0|  0|   2|           1|           1|
    |ap_block_pp0_stage24_00001         |       and|   0|  0|   2|           1|           1|
    |ap_block_pp0_stage25_00001         |       and|   0|  0|   2|           1|           1|
    |ap_block_pp0_stage26_00001         |       and|   0|  0|   2|           1|           1|
    |ap_block_pp0_stage27_00001         |       and|   0|  0|   2|           1|           1|
    |ap_block_pp0_stage28_00001         |       and|   0|  0|   2|           1|           1|
    |ap_block_pp0_stage29_00001         |       and|   0|  0|   2|           1|           1|
    |ap_block_pp0_stage2_00001          |       and|   0|  0|   2|           1|           1|
    |ap_block_pp0_stage30_00001         |       and|   0|  0|   2|           1|           1|
    |ap_block_pp0_stage31_00001         |       and|   0|  0|   2|           1|           1|
    |ap_block_pp0_stage32_00001         |       and|   0|  0|   2|           1|           1|
    |ap_block_pp0_stage33_00001         |       and|   0|  0|   2|           1|           1|
    |ap_block_pp0_stage34_00001         |       and|   0|  0|   2|           1|           1|
    |ap_block_pp0_stage35_00001         |       and|   0|  0|   2|           1|           1|
    |ap_block_pp0_stage36_00001         |       and|   0|  0|   2|           1|           1|
    |ap_block_pp0_stage37_00001         |       and|   0|  0|   2|           1|           1|
    |ap_block_pp0_stage38_00001         |       and|   0|  0|   2|           1|           1|
    |ap_block_pp0_stage39_00001         |       and|   0|  0|   2|           1|           1|
    |ap_block_pp0_stage3_00001          |       and|   0|  0|   2|           1|           1|
    |ap_block_pp0_stage40_00001         |       and|   0|  0|   2|           1|           1|
    |ap_block_pp0_stage41_00001         |       and|   0|  0|   2|           1|           1|
    |ap_block_pp0_stage42_00001         |       and|   0|  0|   2|           1|           1|
    |ap_block_pp0_stage43_00001         |       and|   0|  0|   2|           1|           1|
    |ap_block_pp0_stage44_00001         |       and|   0|  0|   2|           1|           1|
    |ap_block_pp0_stage45_00001         |       and|   0|  0|   2|           1|           1|
    |ap_block_pp0_stage46_00001         |       and|   0|  0|   2|           1|           1|
    |ap_block_pp0_stage47_00001         |       and|   0|  0|   2|           1|           1|
    |ap_block_pp0_stage48_00001         |       and|   0|  0|   2|           1|           1|
    |ap_block_pp0_stage49_00001         |       and|   0|  0|   2|           1|           1|
    |ap_block_pp0_stage4_00001          |       and|   0|  0|   2|           1|           1|
    |ap_block_pp0_stage50_00001         |       and|   0|  0|   2|           1|           1|
    |ap_block_pp0_stage51_00001         |       and|   0|  0|   2|           1|           1|
    |ap_block_pp0_stage52_00001         |       and|   0|  0|   2|           1|           1|
    |ap_block_pp0_stage53_00001         |       and|   0|  0|   2|           1|           1|
    |ap_block_pp0_stage54_00001         |       and|   0|  0|   2|           1|           1|
    |ap_block_pp0_stage55_00001         |       and|   0|  0|   2|           1|           1|
    |ap_block_pp0_stage56_00001         |       and|   0|  0|   2|           1|           1|
    |ap_block_pp0_stage57_00001         |       and|   0|  0|   2|           1|           1|
    |ap_block_pp0_stage58_00001         |       and|   0|  0|   2|           1|           1|
    |ap_block_pp0_stage59_00001         |       and|   0|  0|   2|           1|           1|
    |ap_block_pp0_stage5_00001          |       and|   0|  0|   2|           1|           1|
    |ap_block_pp0_stage60_00001         |       and|   0|  0|   2|           1|           1|
    |ap_block_pp0_stage61_00001         |       and|   0|  0|   2|           1|           1|
    |ap_block_pp0_stage62_00001         |       and|   0|  0|   2|           1|           1|
    |ap_block_pp0_stage63_00001         |       and|   0|  0|   2|           1|           1|
    |ap_block_pp0_stage6_00001          |       and|   0|  0|   2|           1|           1|
    |ap_block_pp0_stage7_00001          |       and|   0|  0|   2|           1|           1|
    |ap_block_pp0_stage8_00001          |       and|   0|  0|   2|           1|           1|
    |ap_block_pp0_stage9_00001          |       and|   0|  0|   2|           1|           1|
    |ap_block_state10_pp0_stage9_iter0  |       and|   0|  0|   2|           1|           1|
    |icmp_ln150_fu_1044_p2              |      icmp|   0|  0|  12|           3|           4|
    |icmp_ln159_1_fu_1467_p2            |      icmp|   0|  0|  30|          23|           1|
    |icmp_ln159_2_fu_1479_p2            |      icmp|   0|  0|  15|           8|           2|
    |icmp_ln159_3_fu_1485_p2            |      icmp|   0|  0|  30|          23|           1|
    |icmp_ln159_fu_1461_p2              |      icmp|   0|  0|  15|           8|           2|
    |ap_block_state2_pp0_stage1_iter0   |        or|   0|  0|   2|           1|           1|
    |or_ln159_1_fu_1491_p2              |        or|   0|  0|   2|           1|           1|
    |or_ln159_fu_1473_p2                |        or|   0|  0|   2|           1|           1|
    |max_logit_1_fu_1509_p3             |    select|   0|  0|  32|           1|          32|
    |ap_enable_pp0                      |       xor|   0|  0|   2|           1|           2|
    +-----------------------------------+----------+----+---+----+------------+------------+
    |Total                              |          |   0|  0| 286|         140|         115|
    +-----------------------------------+----------+----+---+----+------------+------------+

    * Multiplexer: 
    +----------------------------------+-----+-----------+-----+-----------+
    |               Name               | LUT | Input Size| Bits| Total Bits|
    +----------------------------------+-----+-----------+-----+-----------+
    |ap_NS_fsm                         |  279|         65|    1|         65|
    |ap_done_int                       |    9|          2|    1|          2|
    |ap_enable_reg_pp0_iter0           |    9|          2|    1|          2|
    |ap_enable_reg_pp0_iter1           |    9|          2|    1|          2|
    |ap_enable_reg_pp0_iter2           |    9|          2|    1|          2|
    |ap_loop_exit_ready_pp0_iter1_reg  |    9|          2|    1|          2|
    |ap_sig_allocacmp_e_2              |    9|          2|    3|          6|
    |e_fu_130                          |    9|          2|    3|          6|
    |gmem1_blk_n_R                     |    9|          2|    1|          2|
    |gmem2_blk_n_R                     |    9|          2|    1|          2|
    |grp_fu_863_p0                     |   26|          5|   32|        160|
    |grp_fu_863_p1                     |  201|         46|   32|       1472|
    |grp_fu_867_p0                     |  269|         63|   32|       2016|
    |grp_fu_867_p1                     |  279|         65|   32|       2080|
    |input_local_1_address0            |   26|          5|    7|         35|
    |input_local_1_address1            |   26|          5|    7|         35|
    |input_local_2_address0            |   26|          5|    7|         35|
    |input_local_2_address1            |   26|          5|    7|         35|
    |input_local_3_address0            |   26|          5|    7|         35|
    |input_local_3_address1            |   26|          5|    7|         35|
    |input_local_4_address0            |   26|          5|    7|         35|
    |input_local_4_address1            |   26|          5|    7|         35|
    |input_local_5_address0            |   26|          5|    7|         35|
    |input_local_5_address1            |   26|          5|    7|         35|
    |input_local_6_address0            |   26|          5|    7|         35|
    |input_local_6_address1            |   26|          5|    7|         35|
    |input_local_7_address0            |   26|          5|    7|         35|
    |input_local_7_address1            |   26|          5|    7|         35|
    |input_local_address0              |   26|          5|    7|         35|
    |input_local_address1              |   26|          5|    7|         35|
    |logits_0_1_fu_134                 |    9|          2|   32|         64|
    |logits_1_1_fu_138                 |    9|          2|   32|         64|
    |logits_2_1_fu_142                 |    9|          2|   32|         64|
    |logits_3_1_fu_146                 |    9|          2|   32|         64|
    |max_logit_fu_126                  |    9|          2|   32|         64|
    +----------------------------------+-----+-----------+-----+-----------+
    |Total                             | 1596|        352|  414|       6699|
    +----------------------------------+-----+-----------+-----+-----------+

    * Register: 
    +-----------------------------------+----+----+-----+-----------+
    |                Name               | FF | LUT| Bits| Const Bits|
    +-----------------------------------+----+----+-----+-----------+
    |acc_63_reg_2799                    |  32|   0|   32|          0|
    |ap_CS_fsm                          |  64|   0|   64|          0|
    |ap_done_reg                        |   1|   0|    1|          0|
    |ap_enable_reg_pp0_iter0_reg        |   1|   0|    1|          0|
    |ap_enable_reg_pp0_iter1            |   1|   0|    1|          0|
    |ap_enable_reg_pp0_iter2            |   1|   0|    1|          0|
    |ap_loop_exit_ready_pp0_iter1_reg   |   1|   0|    1|          0|
    |e_fu_130                           |   3|   0|    3|          0|
    |gmem2_addr_read_reg_1839           |  32|   0|   32|          0|
    |icmp_ln150_reg_1666                |   1|   0|    1|          0|
    |icmp_ln150_reg_1666_pp0_iter1_reg  |   1|   0|    1|          0|
    |input_local_1_load_1_reg_1879      |  32|   0|   32|          0|
    |input_local_1_load_2_reg_2004      |  32|   0|   32|          0|
    |input_local_1_load_3_reg_2044      |  32|   0|   32|          0|
    |input_local_1_load_4_reg_2164      |  32|   0|   32|          0|
    |input_local_1_load_5_reg_2204      |  32|   0|   32|          0|
    |input_local_1_load_7_reg_2289      |  32|   0|   32|          0|
    |input_local_2_load_1_reg_1884      |  32|   0|   32|          0|
    |input_local_2_load_2_reg_2009      |  32|   0|   32|          0|
    |input_local_2_load_3_reg_2049      |  32|   0|   32|          0|
    |input_local_2_load_4_reg_2169      |  32|   0|   32|          0|
    |input_local_2_load_5_reg_2209      |  32|   0|   32|          0|
    |input_local_2_load_6_reg_2254      |  32|   0|   32|          0|
    |input_local_2_load_7_reg_2294      |  32|   0|   32|          0|
    |input_local_2_load_reg_1844        |  32|   0|   32|          0|
    |input_local_3_load_1_reg_1889      |  32|   0|   32|          0|
    |input_local_3_load_2_reg_2014      |  32|   0|   32|          0|
    |input_local_3_load_3_reg_2054      |  32|   0|   32|          0|
    |input_local_3_load_4_reg_2174      |  32|   0|   32|          0|
    |input_local_3_load_5_reg_2214      |  32|   0|   32|          0|
    |input_local_3_load_6_reg_2259      |  32|   0|   32|          0|
    |input_local_3_load_7_reg_2299      |  32|   0|   32|          0|
    |input_local_3_load_reg_1849        |  32|   0|   32|          0|
    |input_local_4_load_1_reg_1894      |  32|   0|   32|          0|
    |input_local_4_load_2_reg_2019      |  32|   0|   32|          0|
    |input_local_4_load_3_reg_2059      |  32|   0|   32|          0|
    |input_local_4_load_4_reg_2179      |  32|   0|   32|          0|
    |input_local_4_load_5_reg_2219      |  32|   0|   32|          0|
    |input_local_4_load_6_reg_2264      |  32|   0|   32|          0|
    |input_local_4_load_7_reg_2304      |  32|   0|   32|          0|
    |input_local_4_load_reg_1854        |  32|   0|   32|          0|
    |input_local_5_load_1_reg_1899      |  32|   0|   32|          0|
    |input_local_5_load_2_reg_2024      |  32|   0|   32|          0|
    |input_local_5_load_3_reg_2064      |  32|   0|   32|          0|
    |input_local_5_load_4_reg_2184      |  32|   0|   32|          0|
    |input_local_5_load_5_reg_2224      |  32|   0|   32|          0|
    |input_local_5_load_6_reg_2269      |  32|   0|   32|          0|
    |input_local_5_load_7_reg_2309      |  32|   0|   32|          0|
    |input_local_5_load_reg_1859        |  32|   0|   32|          0|
    |input_local_6_load_1_reg_1904      |  32|   0|   32|          0|
    |input_local_6_load_2_reg_2029      |  32|   0|   32|          0|
    |input_local_6_load_3_reg_2069      |  32|   0|   32|          0|
    |input_local_6_load_4_reg_2189      |  32|   0|   32|          0|
    |input_local_6_load_5_reg_2229      |  32|   0|   32|          0|
    |input_local_6_load_6_reg_2274      |  32|   0|   32|          0|
    |input_local_6_load_7_reg_2314      |  32|   0|   32|          0|
    |input_local_6_load_reg_1864        |  32|   0|   32|          0|
    |input_local_7_load_1_reg_1909      |  32|   0|   32|          0|
    |input_local_7_load_2_reg_2034      |  32|   0|   32|          0|
    |input_local_7_load_3_reg_2074      |  32|   0|   32|          0|
    |input_local_7_load_4_reg_2194      |  32|   0|   32|          0|
    |input_local_7_load_5_reg_2234      |  32|   0|   32|          0|
    |input_local_7_load_6_reg_2279      |  32|   0|   32|          0|
    |input_local_7_load_7_reg_2319      |  32|   0|   32|          0|
    |input_local_7_load_reg_1869        |  32|   0|   32|          0|
    |input_local_load_1_reg_1874        |  32|   0|   32|          0|
    |input_local_load_2_reg_1999        |  32|   0|   32|          0|
    |input_local_load_3_reg_2039        |  32|   0|   32|          0|
    |input_local_load_5_reg_2199        |  32|   0|   32|          0|
    |input_local_load_6_reg_2249        |  32|   0|   32|          0|
    |input_local_load_7_reg_2284        |  32|   0|   32|          0|
    |logits_0_1_fu_134                  |  32|   0|   32|          0|
    |logits_1_1_fu_138                  |  32|   0|   32|          0|
    |logits_2_1_fu_142                  |  32|   0|   32|          0|
    |logits_3_1_fu_146                  |  32|   0|   32|          0|
    |max_logit_1_reg_2804               |  32|   0|   32|          0|
    |max_logit_fu_126                   |  32|   0|   32|          0|
    |mul83_20_reg_2419                  |  32|   0|   32|          0|
    |mul83_22_reg_2434                  |  32|   0|   32|          0|
    |mul83_24_reg_2449                  |  32|   0|   32|          0|
    |mul83_26_reg_2464                  |  32|   0|   32|          0|
    |mul83_28_reg_2479                  |  32|   0|   32|          0|
    |mul83_30_reg_2494                  |  32|   0|   32|          0|
    |mul83_32_reg_2509                  |  32|   0|   32|          0|
    |mul83_34_reg_2524                  |  32|   0|   32|          0|
    |mul83_36_reg_2539                  |  32|   0|   32|          0|
    |mul83_37_reg_2549                  |  32|   0|   32|          0|
    |mul83_38_reg_2559                  |  32|   0|   32|          0|
    |mul83_40_reg_2574                  |  32|   0|   32|          0|
    |mul83_41_reg_2584                  |  32|   0|   32|          0|
    |mul83_42_reg_2594                  |  32|   0|   32|          0|
    |mul83_43_reg_2604                  |  32|   0|   32|          0|
    |mul83_44_reg_2614                  |  32|   0|   32|          0|
    |mul83_45_reg_2624                  |  32|   0|   32|          0|
    |mul83_46_reg_2634                  |  32|   0|   32|          0|
    |mul83_47_reg_2644                  |  32|   0|   32|          0|
    |mul83_48_reg_2654                  |  32|   0|   32|          0|
    |mul83_49_reg_2664                  |  32|   0|   32|          0|
    |mul83_50_reg_2674                  |  32|   0|   32|          0|
    |mul83_51_reg_2684                  |  32|   0|   32|          0|
    |mul83_52_reg_2694                  |  32|   0|   32|          0|
    |mul83_53_reg_2704                  |  32|   0|   32|          0|
    |mul83_54_reg_2714                  |  32|   0|   32|          0|
    |mul83_55_reg_2724                  |  32|   0|   32|          0|
    |mul83_56_reg_2734                  |  32|   0|   32|          0|
    |mul83_57_reg_2744                  |  32|   0|   32|          0|
    |mul83_58_reg_2754                  |  32|   0|   32|          0|
    |mul83_59_reg_2764                  |  32|   0|   32|          0|
    |mul83_60_reg_2774                  |  32|   0|   32|          0|
    |mul83_61_reg_2784                  |  32|   0|   32|          0|
    |mul83_62_reg_2794                  |  32|   0|   32|          0|
    |mul83_62_reg_2794_pp0_iter2_reg    |  32|   0|   32|          0|
    |reg_875                            |  32|   0|   32|          0|
    |reg_880                            |  32|   0|   32|          0|
    |reg_884                            |  32|   0|   32|          0|
    |reg_889                            |  32|   0|   32|          0|
    |reg_894                            |  32|   0|   32|          0|
    |reg_899                            |  32|   0|   32|          0|
    |reg_905                            |  32|   0|   32|          0|
    |reg_910                            |  32|   0|   32|          0|
    |reg_915                            |  32|   0|   32|          0|
    |reg_920                            |  32|   0|   32|          0|
    |reg_925                            |  32|   0|   32|          0|
    |reg_930                            |  32|   0|   32|          0|
    |reg_935                            |  32|   0|   32|          0|
    |reg_940                            |  32|   0|   32|          0|
    |reg_945                            |  32|   0|   32|          0|
    |reg_950                            |  32|   0|   32|          0|
    |tmp_10_cast_reg_1620               |   7|   0|   64|         57|
    |tmp_11_cast_reg_1608               |   7|   0|   64|         57|
    |tmp_12_cast_reg_1596               |   7|   0|   64|         57|
    |tmp_13_cast_reg_1584               |   7|   0|   64|         57|
    |tmp_8_cast_reg_1644                |   7|   0|   64|         57|
    |tmp_9_cast_reg_1632                |   7|   0|   64|         57|
    |trunc_ln157_reg_1750               |   2|   0|    2|          0|
    |trunc_ln157_reg_1750               |  64|  32|    2|          0|
    +-----------------------------------+----+----+-----+-----------+
    |Total                              |3990|  32| 4270|        342|
    +-----------------------------------+----+----+-----+-----------+



================================================================
== Interface
================================================================
* Summary: 
+------------------------+-----+-----+------------+--------------------------------------+--------------+
|        RTL Ports       | Dir | Bits|  Protocol  |             Source Object            |    C Type    |
+------------------------+-----+-----+------------+--------------------------------------+--------------+
|ap_clk                  |   in|    1|  ap_ctrl_hs|  pseudo_moe_Pipeline_VITIS_LOOP_150_8|  return value|
|ap_rst                  |   in|    1|  ap_ctrl_hs|  pseudo_moe_Pipeline_VITIS_LOOP_150_8|  return value|
|ap_start                |   in|    1|  ap_ctrl_hs|  pseudo_moe_Pipeline_VITIS_LOOP_150_8|  return value|
|ap_done                 |  out|    1|  ap_ctrl_hs|  pseudo_moe_Pipeline_VITIS_LOOP_150_8|  return value|
|ap_idle                 |  out|    1|  ap_ctrl_hs|  pseudo_moe_Pipeline_VITIS_LOOP_150_8|  return value|
|ap_ready                |  out|    1|  ap_ctrl_hs|  pseudo_moe_Pipeline_VITIS_LOOP_150_8|  return value|
|grp_fu_1707_p_din0      |  out|   32|  ap_ctrl_hs|  pseudo_moe_Pipeline_VITIS_LOOP_150_8|  return value|
|grp_fu_1707_p_din1      |  out|   32|  ap_ctrl_hs|  pseudo_moe_Pipeline_VITIS_LOOP_150_8|  return value|
|grp_fu_1707_p_opcode    |  out|    1|  ap_ctrl_hs|  pseudo_moe_Pipeline_VITIS_LOOP_150_8|  return value|
|grp_fu_1707_p_dout0     |   in|   32|  ap_ctrl_hs|  pseudo_moe_Pipeline_VITIS_LOOP_150_8|  return value|
|grp_fu_1707_p_ce        |  out|    1|  ap_ctrl_hs|  pseudo_moe_Pipeline_VITIS_LOOP_150_8|  return value|
|grp_fu_1711_p_din0      |  out|   32|  ap_ctrl_hs|  pseudo_moe_Pipeline_VITIS_LOOP_150_8|  return value|
|grp_fu_1711_p_din1      |  out|   32|  ap_ctrl_hs|  pseudo_moe_Pipeline_VITIS_LOOP_150_8|  return value|
|grp_fu_1711_p_dout0     |   in|   32|  ap_ctrl_hs|  pseudo_moe_Pipeline_VITIS_LOOP_150_8|  return value|
|grp_fu_1711_p_ce        |  out|    1|  ap_ctrl_hs|  pseudo_moe_Pipeline_VITIS_LOOP_150_8|  return value|
|m_axi_gmem1_AWVALID     |  out|    1|       m_axi|                                 gmem1|       pointer|
|m_axi_gmem1_AWREADY     |   in|    1|       m_axi|                                 gmem1|       pointer|
|m_axi_gmem1_AWADDR      |  out|   64|       m_axi|                                 gmem1|       pointer|
|m_axi_gmem1_AWID        |  out|    1|       m_axi|                                 gmem1|       pointer|
|m_axi_gmem1_AWLEN       |  out|   32|       m_axi|                                 gmem1|       pointer|
|m_axi_gmem1_AWSIZE      |  out|    3|       m_axi|                                 gmem1|       pointer|
|m_axi_gmem1_AWBURST     |  out|    2|       m_axi|                                 gmem1|       pointer|
|m_axi_gmem1_AWLOCK      |  out|    2|       m_axi|                                 gmem1|       pointer|
|m_axi_gmem1_AWCACHE     |  out|    4|       m_axi|                                 gmem1|       pointer|
|m_axi_gmem1_AWPROT      |  out|    3|       m_axi|                                 gmem1|       pointer|
|m_axi_gmem1_AWQOS       |  out|    4|       m_axi|                                 gmem1|       pointer|
|m_axi_gmem1_AWREGION    |  out|    4|       m_axi|                                 gmem1|       pointer|
|m_axi_gmem1_AWUSER      |  out|    1|       m_axi|                                 gmem1|       pointer|
|m_axi_gmem1_WVALID      |  out|    1|       m_axi|                                 gmem1|       pointer|
|m_axi_gmem1_WREADY      |   in|    1|       m_axi|                                 gmem1|       pointer|
|m_axi_gmem1_WDATA       |  out|   32|       m_axi|                                 gmem1|       pointer|
|m_axi_gmem1_WSTRB       |  out|    4|       m_axi|                                 gmem1|       pointer|
|m_axi_gmem1_WLAST       |  out|    1|       m_axi|                                 gmem1|       pointer|
|m_axi_gmem1_WID         |  out|    1|       m_axi|                                 gmem1|       pointer|
|m_axi_gmem1_WUSER       |  out|    1|       m_axi|                                 gmem1|       pointer|
|m_axi_gmem1_ARVALID     |  out|    1|       m_axi|                                 gmem1|       pointer|
|m_axi_gmem1_ARREADY     |   in|    1|       m_axi|                                 gmem1|       pointer|
|m_axi_gmem1_ARADDR      |  out|   64|       m_axi|                                 gmem1|       pointer|
|m_axi_gmem1_ARID        |  out|    1|       m_axi|                                 gmem1|       pointer|
|m_axi_gmem1_ARLEN       |  out|   32|       m_axi|                                 gmem1|       pointer|
|m_axi_gmem1_ARSIZE      |  out|    3|       m_axi|                                 gmem1|       pointer|
|m_axi_gmem1_ARBURST     |  out|    2|       m_axi|                                 gmem1|       pointer|
|m_axi_gmem1_ARLOCK      |  out|    2|       m_axi|                                 gmem1|       pointer|
|m_axi_gmem1_ARCACHE     |  out|    4|       m_axi|                                 gmem1|       pointer|
|m_axi_gmem1_ARPROT      |  out|    3|       m_axi|                                 gmem1|       pointer|
|m_axi_gmem1_ARQOS       |  out|    4|       m_axi|                                 gmem1|       pointer|
|m_axi_gmem1_ARREGION    |  out|    4|       m_axi|                                 gmem1|       pointer|
|m_axi_gmem1_ARUSER      |  out|    1|       m_axi|                                 gmem1|       pointer|
|m_axi_gmem1_RVALID      |   in|    1|       m_axi|                                 gmem1|       pointer|
|m_axi_gmem1_RREADY      |  out|    1|       m_axi|                                 gmem1|       pointer|
|m_axi_gmem1_RDATA       |   in|   32|       m_axi|                                 gmem1|       pointer|
|m_axi_gmem1_RLAST       |   in|    1|       m_axi|                                 gmem1|       pointer|
|m_axi_gmem1_RID         |   in|    1|       m_axi|                                 gmem1|       pointer|
|m_axi_gmem1_RFIFONUM    |   in|    9|       m_axi|                                 gmem1|       pointer|
|m_axi_gmem1_RUSER       |   in|    1|       m_axi|                                 gmem1|       pointer|
|m_axi_gmem1_RRESP       |   in|    2|       m_axi|                                 gmem1|       pointer|
|m_axi_gmem1_BVALID      |   in|    1|       m_axi|                                 gmem1|       pointer|
|m_axi_gmem1_BREADY      |  out|    1|       m_axi|                                 gmem1|       pointer|
|m_axi_gmem1_BRESP       |   in|    2|       m_axi|                                 gmem1|       pointer|
|m_axi_gmem1_BID         |   in|    1|       m_axi|                                 gmem1|       pointer|
|m_axi_gmem1_BUSER       |   in|    1|       m_axi|                                 gmem1|       pointer|
|logits_3_04             |   in|   32|     ap_none|                           logits_3_04|        scalar|
|logits_2_03             |   in|   32|     ap_none|                           logits_2_03|        scalar|
|logits_1_02             |   in|   32|     ap_none|                           logits_1_02|        scalar|
|logits_0_01             |   in|   32|     ap_none|                           logits_0_01|        scalar|
|m_axi_gmem2_AWVALID     |  out|    1|       m_axi|                                 gmem2|       pointer|
|m_axi_gmem2_AWREADY     |   in|    1|       m_axi|                                 gmem2|       pointer|
|m_axi_gmem2_AWADDR      |  out|   64|       m_axi|                                 gmem2|       pointer|
|m_axi_gmem2_AWID        |  out|    1|       m_axi|                                 gmem2|       pointer|
|m_axi_gmem2_AWLEN       |  out|   32|       m_axi|                                 gmem2|       pointer|
|m_axi_gmem2_AWSIZE      |  out|    3|       m_axi|                                 gmem2|       pointer|
|m_axi_gmem2_AWBURST     |  out|    2|       m_axi|                                 gmem2|       pointer|
|m_axi_gmem2_AWLOCK      |  out|    2|       m_axi|                                 gmem2|       pointer|
|m_axi_gmem2_AWCACHE     |  out|    4|       m_axi|                                 gmem2|       pointer|
|m_axi_gmem2_AWPROT      |  out|    3|       m_axi|                                 gmem2|       pointer|
|m_axi_gmem2_AWQOS       |  out|    4|       m_axi|                                 gmem2|       pointer|
|m_axi_gmem2_AWREGION    |  out|    4|       m_axi|                                 gmem2|       pointer|
|m_axi_gmem2_AWUSER      |  out|    1|       m_axi|                                 gmem2|       pointer|
|m_axi_gmem2_WVALID      |  out|    1|       m_axi|                                 gmem2|       pointer|
|m_axi_gmem2_WREADY      |   in|    1|       m_axi|                                 gmem2|       pointer|
|m_axi_gmem2_WDATA       |  out|   32|       m_axi|                                 gmem2|       pointer|
|m_axi_gmem2_WSTRB       |  out|    4|       m_axi|                                 gmem2|       pointer|
|m_axi_gmem2_WLAST       |  out|    1|       m_axi|                                 gmem2|       pointer|
|m_axi_gmem2_WID         |  out|    1|       m_axi|                                 gmem2|       pointer|
|m_axi_gmem2_WUSER       |  out|    1|       m_axi|                                 gmem2|       pointer|
|m_axi_gmem2_ARVALID     |  out|    1|       m_axi|                                 gmem2|       pointer|
|m_axi_gmem2_ARREADY     |   in|    1|       m_axi|                                 gmem2|       pointer|
|m_axi_gmem2_ARADDR      |  out|   64|       m_axi|                                 gmem2|       pointer|
|m_axi_gmem2_ARID        |  out|    1|       m_axi|                                 gmem2|       pointer|
|m_axi_gmem2_ARLEN       |  out|   32|       m_axi|                                 gmem2|       pointer|
|m_axi_gmem2_ARSIZE      |  out|    3|       m_axi|                                 gmem2|       pointer|
|m_axi_gmem2_ARBURST     |  out|    2|       m_axi|                                 gmem2|       pointer|
|m_axi_gmem2_ARLOCK      |  out|    2|       m_axi|                                 gmem2|       pointer|
|m_axi_gmem2_ARCACHE     |  out|    4|       m_axi|                                 gmem2|       pointer|
|m_axi_gmem2_ARPROT      |  out|    3|       m_axi|                                 gmem2|       pointer|
|m_axi_gmem2_ARQOS       |  out|    4|       m_axi|                                 gmem2|       pointer|
|m_axi_gmem2_ARREGION    |  out|    4|       m_axi|                                 gmem2|       pointer|
|m_axi_gmem2_ARUSER      |  out|    1|       m_axi|                                 gmem2|       pointer|
|m_axi_gmem2_RVALID      |   in|    1|       m_axi|                                 gmem2|       pointer|
|m_axi_gmem2_RREADY      |  out|    1|       m_axi|                                 gmem2|       pointer|
|m_axi_gmem2_RDATA       |   in|   32|       m_axi|                                 gmem2|       pointer|
|m_axi_gmem2_RLAST       |   in|    1|       m_axi|                                 gmem2|       pointer|
|m_axi_gmem2_RID         |   in|    1|       m_axi|                                 gmem2|       pointer|
|m_axi_gmem2_RFIFONUM    |   in|    9|       m_axi|                                 gmem2|       pointer|
|m_axi_gmem2_RUSER       |   in|    1|       m_axi|                                 gmem2|       pointer|
|m_axi_gmem2_RRESP       |   in|    2|       m_axi|                                 gmem2|       pointer|
|m_axi_gmem2_BVALID      |   in|    1|       m_axi|                                 gmem2|       pointer|
|m_axi_gmem2_BREADY      |  out|    1|       m_axi|                                 gmem2|       pointer|
|m_axi_gmem2_BRESP       |   in|    2|       m_axi|                                 gmem2|       pointer|
|m_axi_gmem2_BID         |   in|    1|       m_axi|                                 gmem2|       pointer|
|m_axi_gmem2_BUSER       |   in|    1|       m_axi|                                 gmem2|       pointer|
|sext_ln150_1            |   in|   62|     ap_none|                          sext_ln150_1|        scalar|
|input_local_address0    |  out|    7|   ap_memory|                           input_local|         array|
|input_local_ce0         |  out|    1|   ap_memory|                           input_local|         array|
|input_local_q0          |   in|   32|   ap_memory|                           input_local|         array|
|input_local_address1    |  out|    7|   ap_memory|                           input_local|         array|
|input_local_ce1         |  out|    1|   ap_memory|                           input_local|         array|
|input_local_q1          |   in|   32|   ap_memory|                           input_local|         array|
|zext_ln154              |   in|    7|     ap_none|                            zext_ln154|        scalar|
|sext_ln150              |   in|   62|     ap_none|                            sext_ln150|        scalar|
|input_local_1_address0  |  out|    7|   ap_memory|                         input_local_1|         array|
|input_local_1_ce0       |  out|    1|   ap_memory|                         input_local_1|         array|
|input_local_1_q0        |   in|   32|   ap_memory|                         input_local_1|         array|
|input_local_1_address1  |  out|    7|   ap_memory|                         input_local_1|         array|
|input_local_1_ce1       |  out|    1|   ap_memory|                         input_local_1|         array|
|input_local_1_q1        |   in|   32|   ap_memory|                         input_local_1|         array|
|input_local_2_address0  |  out|    7|   ap_memory|                         input_local_2|         array|
|input_local_2_ce0       |  out|    1|   ap_memory|                         input_local_2|         array|
|input_local_2_q0        |   in|   32|   ap_memory|                         input_local_2|         array|
|input_local_2_address1  |  out|    7|   ap_memory|                         input_local_2|         array|
|input_local_2_ce1       |  out|    1|   ap_memory|                         input_local_2|         array|
|input_local_2_q1        |   in|   32|   ap_memory|                         input_local_2|         array|
|input_local_3_address0  |  out|    7|   ap_memory|                         input_local_3|         array|
|input_local_3_ce0       |  out|    1|   ap_memory|                         input_local_3|         array|
|input_local_3_q0        |   in|   32|   ap_memory|                         input_local_3|         array|
|input_local_3_address1  |  out|    7|   ap_memory|                         input_local_3|         array|
|input_local_3_ce1       |  out|    1|   ap_memory|                         input_local_3|         array|
|input_local_3_q1        |   in|   32|   ap_memory|                         input_local_3|         array|
|input_local_4_address0  |  out|    7|   ap_memory|                         input_local_4|         array|
|input_local_4_ce0       |  out|    1|   ap_memory|                         input_local_4|         array|
|input_local_4_q0        |   in|   32|   ap_memory|                         input_local_4|         array|
|input_local_4_address1  |  out|    7|   ap_memory|                         input_local_4|         array|
|input_local_4_ce1       |  out|    1|   ap_memory|                         input_local_4|         array|
|input_local_4_q1        |   in|   32|   ap_memory|                         input_local_4|         array|
|input_local_5_address0  |  out|    7|   ap_memory|                         input_local_5|         array|
|input_local_5_ce0       |  out|    1|   ap_memory|                         input_local_5|         array|
|input_local_5_q0        |   in|   32|   ap_memory|                         input_local_5|         array|
|input_local_5_address1  |  out|    7|   ap_memory|                         input_local_5|         array|
|input_local_5_ce1       |  out|    1|   ap_memory|                         input_local_5|         array|
|input_local_5_q1        |   in|   32|   ap_memory|                         input_local_5|         array|
|input_local_6_address0  |  out|    7|   ap_memory|                         input_local_6|         array|
|input_local_6_ce0       |  out|    1|   ap_memory|                         input_local_6|         array|
|input_local_6_q0        |   in|   32|   ap_memory|                         input_local_6|         array|
|input_local_6_address1  |  out|    7|   ap_memory|                         input_local_6|         array|
|input_local_6_ce1       |  out|    1|   ap_memory|                         input_local_6|         array|
|input_local_6_q1        |   in|   32|   ap_memory|                         input_local_6|         array|
|input_local_7_address0  |  out|    7|   ap_memory|                         input_local_7|         array|
|input_local_7_ce0       |  out|    1|   ap_memory|                         input_local_7|         array|
|input_local_7_q0        |   in|   32|   ap_memory|                         input_local_7|         array|
|input_local_7_address1  |  out|    7|   ap_memory|                         input_local_7|         array|
|input_local_7_ce1       |  out|    1|   ap_memory|                         input_local_7|         array|
|input_local_7_q1        |   in|   32|   ap_memory|                         input_local_7|         array|
|tmp_7                   |   in|    7|     ap_none|                                 tmp_7|        scalar|
|tmp_8                   |   in|    7|     ap_none|                                 tmp_8|        scalar|
|tmp_9                   |   in|    7|     ap_none|                                 tmp_9|        scalar|
|tmp_10                  |   in|    7|     ap_none|                                tmp_10|        scalar|
|tmp_11                  |   in|    7|     ap_none|                                tmp_11|        scalar|
|tmp_12                  |   in|    7|     ap_none|                                tmp_12|        scalar|
|tmp_13                  |   in|    7|     ap_none|                                tmp_13|        scalar|
|logits_3_1_out          |  out|   32|      ap_vld|                        logits_3_1_out|       pointer|
|logits_3_1_out_ap_vld   |  out|    1|      ap_vld|                        logits_3_1_out|       pointer|
|logits_2_1_out          |  out|   32|      ap_vld|                        logits_2_1_out|       pointer|
|logits_2_1_out_ap_vld   |  out|    1|      ap_vld|                        logits_2_1_out|       pointer|
|logits_1_1_out          |  out|   32|      ap_vld|                        logits_1_1_out|       pointer|
|logits_1_1_out_ap_vld   |  out|    1|      ap_vld|                        logits_1_1_out|       pointer|
|logits_0_1_out          |  out|   32|      ap_vld|                        logits_0_1_out|       pointer|
|logits_0_1_out_ap_vld   |  out|    1|      ap_vld|                        logits_0_1_out|       pointer|
|max_logit_out           |  out|   32|      ap_vld|                         max_logit_out|       pointer|
|max_logit_out_ap_vld    |  out|    1|      ap_vld|                         max_logit_out|       pointer|
+------------------------+-----+-----+------------+--------------------------------------+--------------+

============================================================
+ Verbose Summary: Synthesis Manager
============================================================
InlineROM: 1
ExposeGlobal: 0
============================================================
+ Verbose Summary: CDFG Model
============================================================
IsTopModel: 0
ResetActiveHigh: 1
IsCombinational: 2
IsDatapathOnly: 2
HasWiredReturn: 1
HasMFsm: 2
HasVarLatency: 1
IsPipeline: 0
IsRtlPipelined: 0
IsInstanceOverlapped: 0
IsDontTouch: 0
HasImplIP: 0
IsGatedGlobalClock: 0

+ Individual pipeline summary: 
  * Pipeline-0: initiation interval (II) = 64, depth = 135


============================================================
+ Verbose Summary: Schedule
============================================================
* Number of FSM states : 135
* Pipeline : 1
  Pipeline-0 : II = 64, D = 135, States = { 1 2 3 4 5 6 7 8 9 10 11 12 13 14 15 16 17 18 19 20 21 22 23 24 25 26 27 28 29 30 31 32 33 34 35 36 37 38 39 40 41 42 43 44 45 46 47 48 49 50 51 52 53 54 55 56 57 58 59 60 61 62 63 64 65 66 67 68 69 70 71 72 73 74 75 76 77 78 79 80 81 82 83 84 85 86 87 88 89 90 91 92 93 94 95 96 97 98 99 100 101 102 103 104 105 106 107 108 109 110 111 112 113 114 115 116 117 118 119 120 121 122 123 124 125 126 127 128 129 130 131 132 133 134 135 }
* Dataflow Pipeline: 0

* FSM state transitions: 
1 --> 2 
2 --> 3 
3 --> 4 
4 --> 5 
5 --> 6 
6 --> 7 
7 --> 8 
8 --> 9 
9 --> 10 
10 --> 11 
11 --> 12 
12 --> 13 
13 --> 14 
14 --> 15 
15 --> 16 
16 --> 17 
17 --> 18 
18 --> 19 
19 --> 20 
20 --> 21 
21 --> 22 
22 --> 23 
23 --> 24 
24 --> 25 
25 --> 26 
26 --> 27 
27 --> 28 
28 --> 29 
29 --> 30 
30 --> 31 
31 --> 32 
32 --> 33 
33 --> 34 
34 --> 35 
35 --> 36 
36 --> 37 
37 --> 38 
38 --> 39 
39 --> 40 
40 --> 41 
41 --> 42 
42 --> 43 
43 --> 44 
44 --> 45 
45 --> 46 
46 --> 47 
47 --> 48 
48 --> 49 
49 --> 50 
50 --> 51 
51 --> 52 
52 --> 53 
53 --> 54 
54 --> 55 
55 --> 56 
56 --> 57 
57 --> 58 
58 --> 59 
59 --> 60 
60 --> 61 
61 --> 62 
62 --> 63 
63 --> 64 
64 --> 65 
65 --> 66 
66 --> 67 
67 --> 68 
68 --> 69 
69 --> 70 
70 --> 71 
71 --> 72 
72 --> 73 
73 --> 74 
74 --> 75 
75 --> 76 
76 --> 77 
77 --> 78 
78 --> 79 
79 --> 80 
80 --> 81 
81 --> 82 
82 --> 83 
83 --> 84 
84 --> 85 
85 --> 86 
86 --> 87 
87 --> 88 
88 --> 89 
89 --> 90 
90 --> 91 
91 --> 92 
92 --> 93 
93 --> 94 
94 --> 95 
95 --> 96 
96 --> 97 
97 --> 98 
98 --> 99 
99 --> 100 
100 --> 101 
101 --> 102 
102 --> 103 
103 --> 104 
104 --> 105 
105 --> 106 
106 --> 107 
107 --> 108 
108 --> 109 
109 --> 110 
110 --> 111 
111 --> 112 
112 --> 113 
113 --> 114 
114 --> 115 
115 --> 116 
116 --> 117 
117 --> 118 
118 --> 119 
119 --> 120 
120 --> 121 
121 --> 122 
122 --> 123 
123 --> 124 
124 --> 125 
125 --> 126 
126 --> 127 
127 --> 128 
128 --> 129 
129 --> 130 
130 --> 131 
131 --> 132 
132 --> 133 
133 --> 134 
134 --> 135 
135 --> 

* FSM state operations: 

State 1 <SV = 0> <Delay = 1.24>
ST_1 : Operation 138 [1/1] (0.00ns)   --->   "%max_logit = alloca i32 1" [/home/simics/HMoE/HLS_HMoE/pseudo_block/run_7/src/pseudo_moe.cpp:148]   --->   Operation 138 'alloca' 'max_logit' <Predicate = true> <Delay = 0.00>
ST_1 : Operation 139 [1/1] (0.00ns)   --->   "%e = alloca i32 1" [/home/simics/HMoE/HLS_HMoE/pseudo_block/run_7/src/pseudo_moe.cpp:150]   --->   Operation 139 'alloca' 'e' <Predicate = true> <Delay = 0.00>
ST_1 : Operation 140 [1/1] (0.00ns)   --->   "%logits_0_1 = alloca i32 1"   --->   Operation 140 'alloca' 'logits_0_1' <Predicate = true> <Delay = 0.00>
ST_1 : Operation 141 [1/1] (0.00ns)   --->   "%logits_1_1 = alloca i32 1"   --->   Operation 141 'alloca' 'logits_1_1' <Predicate = true> <Delay = 0.00>
ST_1 : Operation 142 [1/1] (0.00ns)   --->   "%logits_2_1 = alloca i32 1"   --->   Operation 142 'alloca' 'logits_2_1' <Predicate = true> <Delay = 0.00>
ST_1 : Operation 143 [1/1] (0.00ns)   --->   "%logits_3_1 = alloca i32 1"   --->   Operation 143 'alloca' 'logits_3_1' <Predicate = true> <Delay = 0.00>
ST_1 : Operation 144 [1/1] (0.00ns)   --->   "%tmp_13_read = read i7 @_ssdm_op_Read.ap_auto.i7, i7 %tmp_13"   --->   Operation 144 'read' 'tmp_13_read' <Predicate = true> <Delay = 0.00>
ST_1 : Operation 145 [1/1] (0.00ns)   --->   "%tmp_12_read = read i7 @_ssdm_op_Read.ap_auto.i7, i7 %tmp_12"   --->   Operation 145 'read' 'tmp_12_read' <Predicate = true> <Delay = 0.00>
ST_1 : Operation 146 [1/1] (0.00ns)   --->   "%tmp_11_read = read i7 @_ssdm_op_Read.ap_auto.i7, i7 %tmp_11"   --->   Operation 146 'read' 'tmp_11_read' <Predicate = true> <Delay = 0.00>
ST_1 : Operation 147 [1/1] (0.00ns)   --->   "%tmp_10_read = read i7 @_ssdm_op_Read.ap_auto.i7, i7 %tmp_10"   --->   Operation 147 'read' 'tmp_10_read' <Predicate = true> <Delay = 0.00>
ST_1 : Operation 148 [1/1] (0.00ns)   --->   "%tmp_9_read = read i7 @_ssdm_op_Read.ap_auto.i7, i7 %tmp_9"   --->   Operation 148 'read' 'tmp_9_read' <Predicate = true> <Delay = 0.00>
ST_1 : Operation 149 [1/1] (0.00ns)   --->   "%tmp_8_read = read i7 @_ssdm_op_Read.ap_auto.i7, i7 %tmp_8"   --->   Operation 149 'read' 'tmp_8_read' <Predicate = true> <Delay = 0.00>
ST_1 : Operation 150 [1/1] (0.00ns)   --->   "%tmp_7_read = read i7 @_ssdm_op_Read.ap_auto.i7, i7 %tmp_7"   --->   Operation 150 'read' 'tmp_7_read' <Predicate = true> <Delay = 0.00>
ST_1 : Operation 151 [1/1] (0.00ns)   --->   "%sext_ln150_read = read i62 @_ssdm_op_Read.ap_auto.i62, i62 %sext_ln150"   --->   Operation 151 'read' 'sext_ln150_read' <Predicate = true> <Delay = 0.00>
ST_1 : Operation 152 [1/1] (0.00ns)   --->   "%zext_ln154_read = read i7 @_ssdm_op_Read.ap_auto.i7, i7 %zext_ln154"   --->   Operation 152 'read' 'zext_ln154_read' <Predicate = true> <Delay = 0.00>
ST_1 : Operation 153 [1/1] (0.00ns)   --->   "%sext_ln150_1_read = read i62 @_ssdm_op_Read.ap_auto.i62, i62 %sext_ln150_1"   --->   Operation 153 'read' 'sext_ln150_1_read' <Predicate = true> <Delay = 0.00>
ST_1 : Operation 154 [1/1] (0.00ns)   --->   "%logits_0_01_read = read i32 @_ssdm_op_Read.ap_auto.float, i32 %logits_0_01"   --->   Operation 154 'read' 'logits_0_01_read' <Predicate = true> <Delay = 0.00>
ST_1 : Operation 155 [1/1] (0.00ns)   --->   "%logits_1_02_read = read i32 @_ssdm_op_Read.ap_auto.float, i32 %logits_1_02"   --->   Operation 155 'read' 'logits_1_02_read' <Predicate = true> <Delay = 0.00>
ST_1 : Operation 156 [1/1] (0.00ns)   --->   "%logits_2_03_read = read i32 @_ssdm_op_Read.ap_auto.float, i32 %logits_2_03"   --->   Operation 156 'read' 'logits_2_03_read' <Predicate = true> <Delay = 0.00>
ST_1 : Operation 157 [1/1] (0.00ns)   --->   "%logits_3_04_read = read i32 @_ssdm_op_Read.ap_auto.float, i32 %logits_3_04"   --->   Operation 157 'read' 'logits_3_04_read' <Predicate = true> <Delay = 0.00>
ST_1 : Operation 158 [1/1] (0.00ns)   --->   "%tmp_13_cast = zext i7 %tmp_13_read"   --->   Operation 158 'zext' 'tmp_13_cast' <Predicate = true> <Delay = 0.00>
ST_1 : Operation 159 [1/1] (0.00ns)   --->   "%tmp_12_cast = zext i7 %tmp_12_read"   --->   Operation 159 'zext' 'tmp_12_cast' <Predicate = true> <Delay = 0.00>
ST_1 : Operation 160 [1/1] (0.00ns)   --->   "%tmp_11_cast = zext i7 %tmp_11_read"   --->   Operation 160 'zext' 'tmp_11_cast' <Predicate = true> <Delay = 0.00>
ST_1 : Operation 161 [1/1] (0.00ns)   --->   "%tmp_10_cast = zext i7 %tmp_10_read"   --->   Operation 161 'zext' 'tmp_10_cast' <Predicate = true> <Delay = 0.00>
ST_1 : Operation 162 [1/1] (0.00ns)   --->   "%tmp_9_cast = zext i7 %tmp_9_read"   --->   Operation 162 'zext' 'tmp_9_cast' <Predicate = true> <Delay = 0.00>
ST_1 : Operation 163 [1/1] (0.00ns)   --->   "%tmp_8_cast = zext i7 %tmp_8_read"   --->   Operation 163 'zext' 'tmp_8_cast' <Predicate = true> <Delay = 0.00>
ST_1 : Operation 164 [1/1] (0.00ns)   --->   "%tmp_7_cast = zext i7 %tmp_7_read"   --->   Operation 164 'zext' 'tmp_7_cast' <Predicate = true> <Delay = 0.00>
ST_1 : Operation 165 [1/1] (0.00ns)   --->   "%sext_ln150_cast = sext i62 %sext_ln150_read"   --->   Operation 165 'sext' 'sext_ln150_cast' <Predicate = true> <Delay = 0.00>
ST_1 : Operation 166 [1/1] (0.00ns)   --->   "%zext_ln154_cast = zext i7 %zext_ln154_read"   --->   Operation 166 'zext' 'zext_ln154_cast' <Predicate = true> <Delay = 0.00>
ST_1 : Operation 167 [1/1] (0.00ns)   --->   "%sext_ln150_1_cast = sext i62 %sext_ln150_1_read"   --->   Operation 167 'sext' 'sext_ln150_1_cast' <Predicate = true> <Delay = 0.00>
ST_1 : Operation 168 [1/1] (0.00ns)   --->   "%specinterface_ln0 = specinterface void @_ssdm_op_SpecInterface, i32 %gmem2, void @empty_8, i32 0, i32 0, void @empty_36, i32 0, i32 0, void @empty_0, void @empty_22, void @empty_36, i32 16, i32 16, i32 16, i32 16, void @empty_36, void @empty_36, i32 4294967295, i32 0"   --->   Operation 168 'specinterface' 'specinterface_ln0' <Predicate = true> <Delay = 0.00>
ST_1 : Operation 169 [1/1] (0.00ns)   --->   "%specinterface_ln0 = specinterface void @_ssdm_op_SpecInterface, i32 %gmem1, void @empty_8, i32 0, i32 0, void @empty_36, i32 0, i32 0, void @empty, void @empty_22, void @empty_36, i32 16, i32 16, i32 16, i32 16, void @empty_36, void @empty_36, i32 4294967295, i32 0"   --->   Operation 169 'specinterface' 'specinterface_ln0' <Predicate = true> <Delay = 0.00>
ST_1 : Operation 170 [1/1] (0.36ns)   --->   "%store_ln0 = store i32 %logits_3_04_read, i32 %logits_3_1"   --->   Operation 170 'store' 'store_ln0' <Predicate = true> <Delay = 0.36>
ST_1 : Operation 171 [1/1] (0.36ns)   --->   "%store_ln0 = store i32 %logits_2_03_read, i32 %logits_2_1"   --->   Operation 171 'store' 'store_ln0' <Predicate = true> <Delay = 0.36>
ST_1 : Operation 172 [1/1] (0.36ns)   --->   "%store_ln0 = store i32 %logits_1_02_read, i32 %logits_1_1"   --->   Operation 172 'store' 'store_ln0' <Predicate = true> <Delay = 0.36>
ST_1 : Operation 173 [1/1] (0.36ns)   --->   "%store_ln0 = store i32 %logits_0_01_read, i32 %logits_0_1"   --->   Operation 173 'store' 'store_ln0' <Predicate = true> <Delay = 0.36>
ST_1 : Operation 174 [1/1] (0.36ns)   --->   "%store_ln150 = store i3 0, i3 %e" [/home/simics/HMoE/HLS_HMoE/pseudo_block/run_7/src/pseudo_moe.cpp:150]   --->   Operation 174 'store' 'store_ln150' <Predicate = true> <Delay = 0.36>
ST_1 : Operation 175 [1/1] (0.36ns)   --->   "%store_ln148 = store i32 -1e+30, i32 %max_logit" [/home/simics/HMoE/HLS_HMoE/pseudo_block/run_7/src/pseudo_moe.cpp:148]   --->   Operation 175 'store' 'store_ln148' <Predicate = true> <Delay = 0.36>
ST_1 : Operation 176 [1/1] (0.00ns)   --->   "%br_ln0 = br void %VITIS_LOOP_153_9"   --->   Operation 176 'br' 'br_ln0' <Predicate = true> <Delay = 0.00>
ST_1 : Operation 177 [1/1] (0.00ns)   --->   "%e_2 = load i3 %e" [/home/simics/HMoE/HLS_HMoE/pseudo_block/run_7/src/pseudo_moe.cpp:157]   --->   Operation 177 'load' 'e_2' <Predicate = true> <Delay = 0.00>
ST_1 : Operation 178 [1/1] (0.00ns)   --->   "%specbitsmap_ln0 = specbitsmap void @_ssdm_op_SpecBitsMap, i32 %gmem2"   --->   Operation 178 'specbitsmap' 'specbitsmap_ln0' <Predicate = true> <Delay = 0.00>
ST_1 : Operation 179 [1/1] (0.00ns)   --->   "%specbitsmap_ln0 = specbitsmap void @_ssdm_op_SpecBitsMap, i32 %gmem1"   --->   Operation 179 'specbitsmap' 'specbitsmap_ln0' <Predicate = true> <Delay = 0.00>
ST_1 : Operation 180 [1/1] (0.52ns)   --->   "%icmp_ln150 = icmp_eq  i3 %e_2, i3 4" [/home/simics/HMoE/HLS_HMoE/pseudo_block/run_7/src/pseudo_moe.cpp:150]   --->   Operation 180 'icmp' 'icmp_ln150' <Predicate = true> <Delay = 0.52> <CoreInst = "Cmp">   --->   Core 9 'Cmp' <Latency = 0> <II = 1> <Delay = 0.64> <FuncUnit> <Opcode : 'icmp'> <InPorts = 2> <OutPorts = 1>
ST_1 : Operation 181 [1/1] (0.52ns)   --->   "%add_ln150 = add i3 %e_2, i3 1" [/home/simics/HMoE/HLS_HMoE/pseudo_block/run_7/src/pseudo_moe.cpp:150]   --->   Operation 181 'add' 'add_ln150' <Predicate = true> <Delay = 0.52> <CoreInst = "Adder">   --->   Core 1 'Adder' <Latency = 0> <II = 1> <Delay = 0.52> <FuncUnit> <Opcode : 'add' 'sub'> <InPorts = 2> <OutPorts = 1>
ST_1 : Operation 182 [1/1] (0.00ns)   --->   "%br_ln150 = br i1 %icmp_ln150, void %VITIS_LOOP_153_9.split, void %for.inc106.preheader.exitStub" [/home/simics/HMoE/HLS_HMoE/pseudo_block/run_7/src/pseudo_moe.cpp:150]   --->   Operation 182 'br' 'br_ln150' <Predicate = true> <Delay = 0.00>
ST_1 : Operation 183 [1/1] (0.00ns)   --->   "%input_local_addr = getelementptr i32 %input_local, i64 0, i64 %zext_ln154_cast" [/home/simics/HMoE/HLS_HMoE/pseudo_block/run_7/src/pseudo_moe.cpp:154]   --->   Operation 183 'getelementptr' 'input_local_addr' <Predicate = (!icmp_ln150)> <Delay = 0.00>
ST_1 : Operation 184 [1/1] (0.00ns)   --->   "%input_local_1_addr = getelementptr i32 %input_local_1, i64 0, i64 %zext_ln154_cast" [/home/simics/HMoE/HLS_HMoE/pseudo_block/run_7/src/pseudo_moe.cpp:154]   --->   Operation 184 'getelementptr' 'input_local_1_addr' <Predicate = (!icmp_ln150)> <Delay = 0.00>
ST_1 : Operation 185 [1/1] (0.00ns)   --->   "%input_local_2_addr = getelementptr i32 %input_local_2, i64 0, i64 %zext_ln154_cast" [/home/simics/HMoE/HLS_HMoE/pseudo_block/run_7/src/pseudo_moe.cpp:154]   --->   Operation 185 'getelementptr' 'input_local_2_addr' <Predicate = (!icmp_ln150)> <Delay = 0.00>
ST_1 : Operation 186 [1/1] (0.00ns)   --->   "%input_local_3_addr = getelementptr i32 %input_local_3, i64 0, i64 %zext_ln154_cast" [/home/simics/HMoE/HLS_HMoE/pseudo_block/run_7/src/pseudo_moe.cpp:154]   --->   Operation 186 'getelementptr' 'input_local_3_addr' <Predicate = (!icmp_ln150)> <Delay = 0.00>
ST_1 : Operation 187 [1/1] (0.00ns)   --->   "%input_local_4_addr = getelementptr i32 %input_local_4, i64 0, i64 %zext_ln154_cast" [/home/simics/HMoE/HLS_HMoE/pseudo_block/run_7/src/pseudo_moe.cpp:154]   --->   Operation 187 'getelementptr' 'input_local_4_addr' <Predicate = (!icmp_ln150)> <Delay = 0.00>
ST_1 : Operation 188 [1/1] (0.00ns)   --->   "%input_local_5_addr = getelementptr i32 %input_local_5, i64 0, i64 %zext_ln154_cast" [/home/simics/HMoE/HLS_HMoE/pseudo_block/run_7/src/pseudo_moe.cpp:154]   --->   Operation 188 'getelementptr' 'input_local_5_addr' <Predicate = (!icmp_ln150)> <Delay = 0.00>
ST_1 : Operation 189 [1/1] (0.00ns)   --->   "%input_local_6_addr = getelementptr i32 %input_local_6, i64 0, i64 %zext_ln154_cast" [/home/simics/HMoE/HLS_HMoE/pseudo_block/run_7/src/pseudo_moe.cpp:154]   --->   Operation 189 'getelementptr' 'input_local_6_addr' <Predicate = (!icmp_ln150)> <Delay = 0.00>
ST_1 : Operation 190 [1/1] (0.00ns)   --->   "%input_local_7_addr = getelementptr i32 %input_local_7, i64 0, i64 %zext_ln154_cast" [/home/simics/HMoE/HLS_HMoE/pseudo_block/run_7/src/pseudo_moe.cpp:154]   --->   Operation 190 'getelementptr' 'input_local_7_addr' <Predicate = (!icmp_ln150)> <Delay = 0.00>
ST_1 : Operation 191 [1/1] (0.00ns)   --->   "%input_local_addr_1 = getelementptr i32 %input_local, i64 0, i64 %tmp_7_cast" [/home/simics/HMoE/HLS_HMoE/pseudo_block/run_7/src/pseudo_moe.cpp:154]   --->   Operation 191 'getelementptr' 'input_local_addr_1' <Predicate = (!icmp_ln150)> <Delay = 0.00>
ST_1 : Operation 192 [1/1] (0.00ns)   --->   "%input_local_1_addr_1 = getelementptr i32 %input_local_1, i64 0, i64 %tmp_7_cast" [/home/simics/HMoE/HLS_HMoE/pseudo_block/run_7/src/pseudo_moe.cpp:154]   --->   Operation 192 'getelementptr' 'input_local_1_addr_1' <Predicate = (!icmp_ln150)> <Delay = 0.00>
ST_1 : Operation 193 [1/1] (0.00ns)   --->   "%input_local_2_addr_1 = getelementptr i32 %input_local_2, i64 0, i64 %tmp_7_cast" [/home/simics/HMoE/HLS_HMoE/pseudo_block/run_7/src/pseudo_moe.cpp:154]   --->   Operation 193 'getelementptr' 'input_local_2_addr_1' <Predicate = (!icmp_ln150)> <Delay = 0.00>
ST_1 : Operation 194 [1/1] (0.00ns)   --->   "%input_local_3_addr_1 = getelementptr i32 %input_local_3, i64 0, i64 %tmp_7_cast" [/home/simics/HMoE/HLS_HMoE/pseudo_block/run_7/src/pseudo_moe.cpp:154]   --->   Operation 194 'getelementptr' 'input_local_3_addr_1' <Predicate = (!icmp_ln150)> <Delay = 0.00>
ST_1 : Operation 195 [1/1] (0.00ns)   --->   "%input_local_4_addr_1 = getelementptr i32 %input_local_4, i64 0, i64 %tmp_7_cast" [/home/simics/HMoE/HLS_HMoE/pseudo_block/run_7/src/pseudo_moe.cpp:154]   --->   Operation 195 'getelementptr' 'input_local_4_addr_1' <Predicate = (!icmp_ln150)> <Delay = 0.00>
ST_1 : Operation 196 [1/1] (0.00ns)   --->   "%input_local_5_addr_1 = getelementptr i32 %input_local_5, i64 0, i64 %tmp_7_cast" [/home/simics/HMoE/HLS_HMoE/pseudo_block/run_7/src/pseudo_moe.cpp:154]   --->   Operation 196 'getelementptr' 'input_local_5_addr_1' <Predicate = (!icmp_ln150)> <Delay = 0.00>
ST_1 : Operation 197 [1/1] (0.00ns)   --->   "%input_local_6_addr_1 = getelementptr i32 %input_local_6, i64 0, i64 %tmp_7_cast" [/home/simics/HMoE/HLS_HMoE/pseudo_block/run_7/src/pseudo_moe.cpp:154]   --->   Operation 197 'getelementptr' 'input_local_6_addr_1' <Predicate = (!icmp_ln150)> <Delay = 0.00>
ST_1 : Operation 198 [1/1] (0.00ns)   --->   "%input_local_7_addr_1 = getelementptr i32 %input_local_7, i64 0, i64 %tmp_7_cast" [/home/simics/HMoE/HLS_HMoE/pseudo_block/run_7/src/pseudo_moe.cpp:154]   --->   Operation 198 'getelementptr' 'input_local_7_addr_1' <Predicate = (!icmp_ln150)> <Delay = 0.00>
ST_1 : Operation 199 [2/2] (1.02ns)   --->   "%input_local_load = load i7 %input_local_addr" [/home/simics/HMoE/HLS_HMoE/pseudo_block/run_7/src/pseudo_moe.cpp:154]   --->   Operation 199 'load' 'input_local_load' <Predicate = (!icmp_ln150)> <Delay = 1.02> <CoreInst = "RAM_1WnR">   --->   Core 84 'RAM_1WnR' <Latency = 1> <II = 1> <Delay = 1.02> <Storage> <Opcode : 'load' 'store'> <Ports = 17> <Width = 32> <Depth = 80> <RAM>
ST_1 : Operation 200 [2/2] (1.02ns)   --->   "%input_local_1_load = load i7 %input_local_1_addr" [/home/simics/HMoE/HLS_HMoE/pseudo_block/run_7/src/pseudo_moe.cpp:154]   --->   Operation 200 'load' 'input_local_1_load' <Predicate = (!icmp_ln150)> <Delay = 1.02> <CoreInst = "RAM_1WnR">   --->   Core 84 'RAM_1WnR' <Latency = 1> <II = 1> <Delay = 1.02> <Storage> <Opcode : 'load' 'store'> <Ports = 17> <Width = 32> <Depth = 80> <RAM>
ST_1 : Operation 201 [2/2] (1.02ns)   --->   "%input_local_2_load = load i7 %input_local_2_addr" [/home/simics/HMoE/HLS_HMoE/pseudo_block/run_7/src/pseudo_moe.cpp:154]   --->   Operation 201 'load' 'input_local_2_load' <Predicate = (!icmp_ln150)> <Delay = 1.02> <CoreInst = "RAM_1WnR">   --->   Core 84 'RAM_1WnR' <Latency = 1> <II = 1> <Delay = 1.02> <Storage> <Opcode : 'load' 'store'> <Ports = 17> <Width = 32> <Depth = 80> <RAM>
ST_1 : Operation 202 [2/2] (1.02ns)   --->   "%input_local_3_load = load i7 %input_local_3_addr" [/home/simics/HMoE/HLS_HMoE/pseudo_block/run_7/src/pseudo_moe.cpp:154]   --->   Operation 202 'load' 'input_local_3_load' <Predicate = (!icmp_ln150)> <Delay = 1.02> <CoreInst = "RAM_1WnR">   --->   Core 84 'RAM_1WnR' <Latency = 1> <II = 1> <Delay = 1.02> <Storage> <Opcode : 'load' 'store'> <Ports = 17> <Width = 32> <Depth = 80> <RAM>
ST_1 : Operation 203 [2/2] (1.02ns)   --->   "%input_local_4_load = load i7 %input_local_4_addr" [/home/simics/HMoE/HLS_HMoE/pseudo_block/run_7/src/pseudo_moe.cpp:154]   --->   Operation 203 'load' 'input_local_4_load' <Predicate = (!icmp_ln150)> <Delay = 1.02> <CoreInst = "RAM_1WnR">   --->   Core 84 'RAM_1WnR' <Latency = 1> <II = 1> <Delay = 1.02> <Storage> <Opcode : 'load' 'store'> <Ports = 17> <Width = 32> <Depth = 80> <RAM>
ST_1 : Operation 204 [2/2] (1.02ns)   --->   "%input_local_5_load = load i7 %input_local_5_addr" [/home/simics/HMoE/HLS_HMoE/pseudo_block/run_7/src/pseudo_moe.cpp:154]   --->   Operation 204 'load' 'input_local_5_load' <Predicate = (!icmp_ln150)> <Delay = 1.02> <CoreInst = "RAM_1WnR">   --->   Core 84 'RAM_1WnR' <Latency = 1> <II = 1> <Delay = 1.02> <Storage> <Opcode : 'load' 'store'> <Ports = 17> <Width = 32> <Depth = 80> <RAM>
ST_1 : Operation 205 [2/2] (1.02ns)   --->   "%input_local_6_load = load i7 %input_local_6_addr" [/home/simics/HMoE/HLS_HMoE/pseudo_block/run_7/src/pseudo_moe.cpp:154]   --->   Operation 205 'load' 'input_local_6_load' <Predicate = (!icmp_ln150)> <Delay = 1.02> <CoreInst = "RAM_1WnR">   --->   Core 84 'RAM_1WnR' <Latency = 1> <II = 1> <Delay = 1.02> <Storage> <Opcode : 'load' 'store'> <Ports = 17> <Width = 32> <Depth = 80> <RAM>
ST_1 : Operation 206 [2/2] (1.02ns)   --->   "%input_local_7_load = load i7 %input_local_7_addr" [/home/simics/HMoE/HLS_HMoE/pseudo_block/run_7/src/pseudo_moe.cpp:154]   --->   Operation 206 'load' 'input_local_7_load' <Predicate = (!icmp_ln150)> <Delay = 1.02> <CoreInst = "RAM_1WnR">   --->   Core 84 'RAM_1WnR' <Latency = 1> <II = 1> <Delay = 1.02> <Storage> <Opcode : 'load' 'store'> <Ports = 17> <Width = 32> <Depth = 80> <RAM>
ST_1 : Operation 207 [2/2] (1.02ns)   --->   "%input_local_load_1 = load i7 %input_local_addr_1" [/home/simics/HMoE/HLS_HMoE/pseudo_block/run_7/src/pseudo_moe.cpp:154]   --->   Operation 207 'load' 'input_local_load_1' <Predicate = (!icmp_ln150)> <Delay = 1.02> <CoreInst = "RAM_1WnR">   --->   Core 84 'RAM_1WnR' <Latency = 1> <II = 1> <Delay = 1.02> <Storage> <Opcode : 'load' 'store'> <Ports = 17> <Width = 32> <Depth = 80> <RAM>
ST_1 : Operation 208 [2/2] (1.02ns)   --->   "%input_local_1_load_1 = load i7 %input_local_1_addr_1" [/home/simics/HMoE/HLS_HMoE/pseudo_block/run_7/src/pseudo_moe.cpp:154]   --->   Operation 208 'load' 'input_local_1_load_1' <Predicate = (!icmp_ln150)> <Delay = 1.02> <CoreInst = "RAM_1WnR">   --->   Core 84 'RAM_1WnR' <Latency = 1> <II = 1> <Delay = 1.02> <Storage> <Opcode : 'load' 'store'> <Ports = 17> <Width = 32> <Depth = 80> <RAM>
ST_1 : Operation 209 [2/2] (1.02ns)   --->   "%input_local_2_load_1 = load i7 %input_local_2_addr_1" [/home/simics/HMoE/HLS_HMoE/pseudo_block/run_7/src/pseudo_moe.cpp:154]   --->   Operation 209 'load' 'input_local_2_load_1' <Predicate = (!icmp_ln150)> <Delay = 1.02> <CoreInst = "RAM_1WnR">   --->   Core 84 'RAM_1WnR' <Latency = 1> <II = 1> <Delay = 1.02> <Storage> <Opcode : 'load' 'store'> <Ports = 17> <Width = 32> <Depth = 80> <RAM>
ST_1 : Operation 210 [2/2] (1.02ns)   --->   "%input_local_3_load_1 = load i7 %input_local_3_addr_1" [/home/simics/HMoE/HLS_HMoE/pseudo_block/run_7/src/pseudo_moe.cpp:154]   --->   Operation 210 'load' 'input_local_3_load_1' <Predicate = (!icmp_ln150)> <Delay = 1.02> <CoreInst = "RAM_1WnR">   --->   Core 84 'RAM_1WnR' <Latency = 1> <II = 1> <Delay = 1.02> <Storage> <Opcode : 'load' 'store'> <Ports = 17> <Width = 32> <Depth = 80> <RAM>
ST_1 : Operation 211 [2/2] (1.02ns)   --->   "%input_local_4_load_1 = load i7 %input_local_4_addr_1" [/home/simics/HMoE/HLS_HMoE/pseudo_block/run_7/src/pseudo_moe.cpp:154]   --->   Operation 211 'load' 'input_local_4_load_1' <Predicate = (!icmp_ln150)> <Delay = 1.02> <CoreInst = "RAM_1WnR">   --->   Core 84 'RAM_1WnR' <Latency = 1> <II = 1> <Delay = 1.02> <Storage> <Opcode : 'load' 'store'> <Ports = 17> <Width = 32> <Depth = 80> <RAM>
ST_1 : Operation 212 [2/2] (1.02ns)   --->   "%input_local_5_load_1 = load i7 %input_local_5_addr_1" [/home/simics/HMoE/HLS_HMoE/pseudo_block/run_7/src/pseudo_moe.cpp:154]   --->   Operation 212 'load' 'input_local_5_load_1' <Predicate = (!icmp_ln150)> <Delay = 1.02> <CoreInst = "RAM_1WnR">   --->   Core 84 'RAM_1WnR' <Latency = 1> <II = 1> <Delay = 1.02> <Storage> <Opcode : 'load' 'store'> <Ports = 17> <Width = 32> <Depth = 80> <RAM>
ST_1 : Operation 213 [2/2] (1.02ns)   --->   "%input_local_6_load_1 = load i7 %input_local_6_addr_1" [/home/simics/HMoE/HLS_HMoE/pseudo_block/run_7/src/pseudo_moe.cpp:154]   --->   Operation 213 'load' 'input_local_6_load_1' <Predicate = (!icmp_ln150)> <Delay = 1.02> <CoreInst = "RAM_1WnR">   --->   Core 84 'RAM_1WnR' <Latency = 1> <II = 1> <Delay = 1.02> <Storage> <Opcode : 'load' 'store'> <Ports = 17> <Width = 32> <Depth = 80> <RAM>
ST_1 : Operation 214 [2/2] (1.02ns)   --->   "%input_local_7_load_1 = load i7 %input_local_7_addr_1" [/home/simics/HMoE/HLS_HMoE/pseudo_block/run_7/src/pseudo_moe.cpp:154]   --->   Operation 214 'load' 'input_local_7_load_1' <Predicate = (!icmp_ln150)> <Delay = 1.02> <CoreInst = "RAM_1WnR">   --->   Core 84 'RAM_1WnR' <Latency = 1> <II = 1> <Delay = 1.02> <Storage> <Opcode : 'load' 'store'> <Ports = 17> <Width = 32> <Depth = 80> <RAM>
ST_1 : Operation 215 [1/1] (0.00ns)   --->   "%trunc_ln157 = trunc i3 %e_2" [/home/simics/HMoE/HLS_HMoE/pseudo_block/run_7/src/pseudo_moe.cpp:157]   --->   Operation 215 'trunc' 'trunc_ln157' <Predicate = (!icmp_ln150)> <Delay = 0.00>
ST_1 : Operation 216 [1/1] (0.66ns)   --->   "%switch_ln157 = switch i2 %trunc_ln157, void %branch3, i2 0, void %VITIS_LOOP_153_9.split.VITIS_LOOP_153_9.split8_crit_edge, i2 1, void %VITIS_LOOP_153_9.split.VITIS_LOOP_153_9.split8_crit_edge28, i2 2, void %branch2" [/home/simics/HMoE/HLS_HMoE/pseudo_block/run_7/src/pseudo_moe.cpp:157]   --->   Operation 216 'switch' 'switch_ln157' <Predicate = (!icmp_ln150)> <Delay = 0.66>
ST_1 : Operation 217 [1/1] (0.36ns)   --->   "%store_ln150 = store i3 %add_ln150, i3 %e" [/home/simics/HMoE/HLS_HMoE/pseudo_block/run_7/src/pseudo_moe.cpp:150]   --->   Operation 217 'store' 'store_ln150' <Predicate = (!icmp_ln150)> <Delay = 0.36>

State 2 <SV = 1> <Delay = 7.30>
ST_2 : Operation 218 [1/1] (0.00ns)   --->   "%gmem2_addr = getelementptr i32 %gmem2, i64 %sext_ln150_1_cast" [/home/simics/HMoE/HLS_HMoE/pseudo_block/run_7/src/pseudo_moe.cpp:150]   --->   Operation 218 'getelementptr' 'gmem2_addr' <Predicate = (!icmp_ln150)> <Delay = 0.00>
ST_2 : Operation 219 [1/1] (0.00ns)   --->   "%gmem1_addr = getelementptr i32 %gmem1, i64 %sext_ln150_cast" [/home/simics/HMoE/HLS_HMoE/pseudo_block/run_7/src/pseudo_moe.cpp:150]   --->   Operation 219 'getelementptr' 'gmem1_addr' <Predicate = (!icmp_ln150)> <Delay = 0.00>
ST_2 : Operation 220 [1/1] (0.00ns)   --->   "%input_local_addr_2 = getelementptr i32 %input_local, i64 0, i64 %tmp_8_cast" [/home/simics/HMoE/HLS_HMoE/pseudo_block/run_7/src/pseudo_moe.cpp:154]   --->   Operation 220 'getelementptr' 'input_local_addr_2' <Predicate = (!icmp_ln150)> <Delay = 0.00>
ST_2 : Operation 221 [1/1] (0.00ns)   --->   "%input_local_1_addr_2 = getelementptr i32 %input_local_1, i64 0, i64 %tmp_8_cast" [/home/simics/HMoE/HLS_HMoE/pseudo_block/run_7/src/pseudo_moe.cpp:154]   --->   Operation 221 'getelementptr' 'input_local_1_addr_2' <Predicate = (!icmp_ln150)> <Delay = 0.00>
ST_2 : Operation 222 [1/1] (0.00ns)   --->   "%input_local_2_addr_2 = getelementptr i32 %input_local_2, i64 0, i64 %tmp_8_cast" [/home/simics/HMoE/HLS_HMoE/pseudo_block/run_7/src/pseudo_moe.cpp:154]   --->   Operation 222 'getelementptr' 'input_local_2_addr_2' <Predicate = (!icmp_ln150)> <Delay = 0.00>
ST_2 : Operation 223 [1/1] (0.00ns)   --->   "%input_local_3_addr_2 = getelementptr i32 %input_local_3, i64 0, i64 %tmp_8_cast" [/home/simics/HMoE/HLS_HMoE/pseudo_block/run_7/src/pseudo_moe.cpp:154]   --->   Operation 223 'getelementptr' 'input_local_3_addr_2' <Predicate = (!icmp_ln150)> <Delay = 0.00>
ST_2 : Operation 224 [1/1] (0.00ns)   --->   "%input_local_4_addr_2 = getelementptr i32 %input_local_4, i64 0, i64 %tmp_8_cast" [/home/simics/HMoE/HLS_HMoE/pseudo_block/run_7/src/pseudo_moe.cpp:154]   --->   Operation 224 'getelementptr' 'input_local_4_addr_2' <Predicate = (!icmp_ln150)> <Delay = 0.00>
ST_2 : Operation 225 [1/1] (0.00ns)   --->   "%input_local_5_addr_2 = getelementptr i32 %input_local_5, i64 0, i64 %tmp_8_cast" [/home/simics/HMoE/HLS_HMoE/pseudo_block/run_7/src/pseudo_moe.cpp:154]   --->   Operation 225 'getelementptr' 'input_local_5_addr_2' <Predicate = (!icmp_ln150)> <Delay = 0.00>
ST_2 : Operation 226 [1/1] (0.00ns)   --->   "%input_local_6_addr_2 = getelementptr i32 %input_local_6, i64 0, i64 %tmp_8_cast" [/home/simics/HMoE/HLS_HMoE/pseudo_block/run_7/src/pseudo_moe.cpp:154]   --->   Operation 226 'getelementptr' 'input_local_6_addr_2' <Predicate = (!icmp_ln150)> <Delay = 0.00>
ST_2 : Operation 227 [1/1] (0.00ns)   --->   "%input_local_7_addr_2 = getelementptr i32 %input_local_7, i64 0, i64 %tmp_8_cast" [/home/simics/HMoE/HLS_HMoE/pseudo_block/run_7/src/pseudo_moe.cpp:154]   --->   Operation 227 'getelementptr' 'input_local_7_addr_2' <Predicate = (!icmp_ln150)> <Delay = 0.00>
ST_2 : Operation 228 [1/1] (0.00ns)   --->   "%input_local_addr_3 = getelementptr i32 %input_local, i64 0, i64 %tmp_9_cast" [/home/simics/HMoE/HLS_HMoE/pseudo_block/run_7/src/pseudo_moe.cpp:154]   --->   Operation 228 'getelementptr' 'input_local_addr_3' <Predicate = (!icmp_ln150)> <Delay = 0.00>
ST_2 : Operation 229 [1/1] (0.00ns)   --->   "%input_local_1_addr_3 = getelementptr i32 %input_local_1, i64 0, i64 %tmp_9_cast" [/home/simics/HMoE/HLS_HMoE/pseudo_block/run_7/src/pseudo_moe.cpp:154]   --->   Operation 229 'getelementptr' 'input_local_1_addr_3' <Predicate = (!icmp_ln150)> <Delay = 0.00>
ST_2 : Operation 230 [1/1] (0.00ns)   --->   "%input_local_2_addr_3 = getelementptr i32 %input_local_2, i64 0, i64 %tmp_9_cast" [/home/simics/HMoE/HLS_HMoE/pseudo_block/run_7/src/pseudo_moe.cpp:154]   --->   Operation 230 'getelementptr' 'input_local_2_addr_3' <Predicate = (!icmp_ln150)> <Delay = 0.00>
ST_2 : Operation 231 [1/1] (0.00ns)   --->   "%input_local_3_addr_3 = getelementptr i32 %input_local_3, i64 0, i64 %tmp_9_cast" [/home/simics/HMoE/HLS_HMoE/pseudo_block/run_7/src/pseudo_moe.cpp:154]   --->   Operation 231 'getelementptr' 'input_local_3_addr_3' <Predicate = (!icmp_ln150)> <Delay = 0.00>
ST_2 : Operation 232 [1/1] (0.00ns)   --->   "%input_local_4_addr_3 = getelementptr i32 %input_local_4, i64 0, i64 %tmp_9_cast" [/home/simics/HMoE/HLS_HMoE/pseudo_block/run_7/src/pseudo_moe.cpp:154]   --->   Operation 232 'getelementptr' 'input_local_4_addr_3' <Predicate = (!icmp_ln150)> <Delay = 0.00>
ST_2 : Operation 233 [1/1] (0.00ns)   --->   "%input_local_5_addr_3 = getelementptr i32 %input_local_5, i64 0, i64 %tmp_9_cast" [/home/simics/HMoE/HLS_HMoE/pseudo_block/run_7/src/pseudo_moe.cpp:154]   --->   Operation 233 'getelementptr' 'input_local_5_addr_3' <Predicate = (!icmp_ln150)> <Delay = 0.00>
ST_2 : Operation 234 [1/1] (0.00ns)   --->   "%input_local_6_addr_3 = getelementptr i32 %input_local_6, i64 0, i64 %tmp_9_cast" [/home/simics/HMoE/HLS_HMoE/pseudo_block/run_7/src/pseudo_moe.cpp:154]   --->   Operation 234 'getelementptr' 'input_local_6_addr_3' <Predicate = (!icmp_ln150)> <Delay = 0.00>
ST_2 : Operation 235 [1/1] (0.00ns)   --->   "%input_local_7_addr_3 = getelementptr i32 %input_local_7, i64 0, i64 %tmp_9_cast" [/home/simics/HMoE/HLS_HMoE/pseudo_block/run_7/src/pseudo_moe.cpp:154]   --->   Operation 235 'getelementptr' 'input_local_7_addr_3' <Predicate = (!icmp_ln150)> <Delay = 0.00>
ST_2 : Operation 236 [1/1] (7.30ns)   --->   "%gmem2_addr_read = read i32 @_ssdm_op_Read.m_axi.p1i32, i64 %gmem2_addr" [/home/simics/HMoE/HLS_HMoE/pseudo_block/run_7/src/pseudo_moe.cpp:151]   --->   Operation 236 'read' 'gmem2_addr_read' <Predicate = (!icmp_ln150)> <Delay = 7.30> <CoreInst = "m_axi">   --->   Core 121 'm_axi' <Latency = 0> <II = 1> <Delay = 1.00> <Adapter> <Opcode : 'read' 'write' 'readreq' 'writereq' 'writeresp'>
ST_2 : Operation 237 [1/2] (1.02ns)   --->   "%input_local_load = load i7 %input_local_addr" [/home/simics/HMoE/HLS_HMoE/pseudo_block/run_7/src/pseudo_moe.cpp:154]   --->   Operation 237 'load' 'input_local_load' <Predicate = (!icmp_ln150)> <Delay = 1.02> <CoreInst = "RAM_1WnR">   --->   Core 84 'RAM_1WnR' <Latency = 1> <II = 1> <Delay = 1.02> <Storage> <Opcode : 'load' 'store'> <Ports = 17> <Width = 32> <Depth = 80> <RAM>
ST_2 : Operation 238 [1/1] (7.30ns)   --->   "%gmem1_addr_read = read i32 @_ssdm_op_Read.m_axi.p1i32, i64 %gmem1_addr" [/home/simics/HMoE/HLS_HMoE/pseudo_block/run_7/src/pseudo_moe.cpp:154]   --->   Operation 238 'read' 'gmem1_addr_read' <Predicate = (!icmp_ln150)> <Delay = 7.30> <CoreInst = "m_axi">   --->   Core 121 'm_axi' <Latency = 0> <II = 1> <Delay = 1.00> <Adapter> <Opcode : 'read' 'write' 'readreq' 'writereq' 'writeresp'>
ST_2 : Operation 239 [1/2] (1.02ns)   --->   "%input_local_1_load = load i7 %input_local_1_addr" [/home/simics/HMoE/HLS_HMoE/pseudo_block/run_7/src/pseudo_moe.cpp:154]   --->   Operation 239 'load' 'input_local_1_load' <Predicate = (!icmp_ln150)> <Delay = 1.02> <CoreInst = "RAM_1WnR">   --->   Core 84 'RAM_1WnR' <Latency = 1> <II = 1> <Delay = 1.02> <Storage> <Opcode : 'load' 'store'> <Ports = 17> <Width = 32> <Depth = 80> <RAM>
ST_2 : Operation 240 [1/2] (1.02ns)   --->   "%input_local_2_load = load i7 %input_local_2_addr" [/home/simics/HMoE/HLS_HMoE/pseudo_block/run_7/src/pseudo_moe.cpp:154]   --->   Operation 240 'load' 'input_local_2_load' <Predicate = (!icmp_ln150)> <Delay = 1.02> <CoreInst = "RAM_1WnR">   --->   Core 84 'RAM_1WnR' <Latency = 1> <II = 1> <Delay = 1.02> <Storage> <Opcode : 'load' 'store'> <Ports = 17> <Width = 32> <Depth = 80> <RAM>
ST_2 : Operation 241 [1/2] (1.02ns)   --->   "%input_local_3_load = load i7 %input_local_3_addr" [/home/simics/HMoE/HLS_HMoE/pseudo_block/run_7/src/pseudo_moe.cpp:154]   --->   Operation 241 'load' 'input_local_3_load' <Predicate = (!icmp_ln150)> <Delay = 1.02> <CoreInst = "RAM_1WnR">   --->   Core 84 'RAM_1WnR' <Latency = 1> <II = 1> <Delay = 1.02> <Storage> <Opcode : 'load' 'store'> <Ports = 17> <Width = 32> <Depth = 80> <RAM>
ST_2 : Operation 242 [1/2] (1.02ns)   --->   "%input_local_4_load = load i7 %input_local_4_addr" [/home/simics/HMoE/HLS_HMoE/pseudo_block/run_7/src/pseudo_moe.cpp:154]   --->   Operation 242 'load' 'input_local_4_load' <Predicate = (!icmp_ln150)> <Delay = 1.02> <CoreInst = "RAM_1WnR">   --->   Core 84 'RAM_1WnR' <Latency = 1> <II = 1> <Delay = 1.02> <Storage> <Opcode : 'load' 'store'> <Ports = 17> <Width = 32> <Depth = 80> <RAM>
ST_2 : Operation 243 [1/2] (1.02ns)   --->   "%input_local_5_load = load i7 %input_local_5_addr" [/home/simics/HMoE/HLS_HMoE/pseudo_block/run_7/src/pseudo_moe.cpp:154]   --->   Operation 243 'load' 'input_local_5_load' <Predicate = (!icmp_ln150)> <Delay = 1.02> <CoreInst = "RAM_1WnR">   --->   Core 84 'RAM_1WnR' <Latency = 1> <II = 1> <Delay = 1.02> <Storage> <Opcode : 'load' 'store'> <Ports = 17> <Width = 32> <Depth = 80> <RAM>
ST_2 : Operation 244 [1/2] (1.02ns)   --->   "%input_local_6_load = load i7 %input_local_6_addr" [/home/simics/HMoE/HLS_HMoE/pseudo_block/run_7/src/pseudo_moe.cpp:154]   --->   Operation 244 'load' 'input_local_6_load' <Predicate = (!icmp_ln150)> <Delay = 1.02> <CoreInst = "RAM_1WnR">   --->   Core 84 'RAM_1WnR' <Latency = 1> <II = 1> <Delay = 1.02> <Storage> <Opcode : 'load' 'store'> <Ports = 17> <Width = 32> <Depth = 80> <RAM>
ST_2 : Operation 245 [1/2] (1.02ns)   --->   "%input_local_7_load = load i7 %input_local_7_addr" [/home/simics/HMoE/HLS_HMoE/pseudo_block/run_7/src/pseudo_moe.cpp:154]   --->   Operation 245 'load' 'input_local_7_load' <Predicate = (!icmp_ln150)> <Delay = 1.02> <CoreInst = "RAM_1WnR">   --->   Core 84 'RAM_1WnR' <Latency = 1> <II = 1> <Delay = 1.02> <Storage> <Opcode : 'load' 'store'> <Ports = 17> <Width = 32> <Depth = 80> <RAM>
ST_2 : Operation 246 [1/2] (1.02ns)   --->   "%input_local_load_1 = load i7 %input_local_addr_1" [/home/simics/HMoE/HLS_HMoE/pseudo_block/run_7/src/pseudo_moe.cpp:154]   --->   Operation 246 'load' 'input_local_load_1' <Predicate = (!icmp_ln150)> <Delay = 1.02> <CoreInst = "RAM_1WnR">   --->   Core 84 'RAM_1WnR' <Latency = 1> <II = 1> <Delay = 1.02> <Storage> <Opcode : 'load' 'store'> <Ports = 17> <Width = 32> <Depth = 80> <RAM>
ST_2 : Operation 247 [1/2] (1.02ns)   --->   "%input_local_1_load_1 = load i7 %input_local_1_addr_1" [/home/simics/HMoE/HLS_HMoE/pseudo_block/run_7/src/pseudo_moe.cpp:154]   --->   Operation 247 'load' 'input_local_1_load_1' <Predicate = (!icmp_ln150)> <Delay = 1.02> <CoreInst = "RAM_1WnR">   --->   Core 84 'RAM_1WnR' <Latency = 1> <II = 1> <Delay = 1.02> <Storage> <Opcode : 'load' 'store'> <Ports = 17> <Width = 32> <Depth = 80> <RAM>
ST_2 : Operation 248 [1/2] (1.02ns)   --->   "%input_local_2_load_1 = load i7 %input_local_2_addr_1" [/home/simics/HMoE/HLS_HMoE/pseudo_block/run_7/src/pseudo_moe.cpp:154]   --->   Operation 248 'load' 'input_local_2_load_1' <Predicate = (!icmp_ln150)> <Delay = 1.02> <CoreInst = "RAM_1WnR">   --->   Core 84 'RAM_1WnR' <Latency = 1> <II = 1> <Delay = 1.02> <Storage> <Opcode : 'load' 'store'> <Ports = 17> <Width = 32> <Depth = 80> <RAM>
ST_2 : Operation 249 [1/2] (1.02ns)   --->   "%input_local_3_load_1 = load i7 %input_local_3_addr_1" [/home/simics/HMoE/HLS_HMoE/pseudo_block/run_7/src/pseudo_moe.cpp:154]   --->   Operation 249 'load' 'input_local_3_load_1' <Predicate = (!icmp_ln150)> <Delay = 1.02> <CoreInst = "RAM_1WnR">   --->   Core 84 'RAM_1WnR' <Latency = 1> <II = 1> <Delay = 1.02> <Storage> <Opcode : 'load' 'store'> <Ports = 17> <Width = 32> <Depth = 80> <RAM>
ST_2 : Operation 250 [1/2] (1.02ns)   --->   "%input_local_4_load_1 = load i7 %input_local_4_addr_1" [/home/simics/HMoE/HLS_HMoE/pseudo_block/run_7/src/pseudo_moe.cpp:154]   --->   Operation 250 'load' 'input_local_4_load_1' <Predicate = (!icmp_ln150)> <Delay = 1.02> <CoreInst = "RAM_1WnR">   --->   Core 84 'RAM_1WnR' <Latency = 1> <II = 1> <Delay = 1.02> <Storage> <Opcode : 'load' 'store'> <Ports = 17> <Width = 32> <Depth = 80> <RAM>
ST_2 : Operation 251 [1/2] (1.02ns)   --->   "%input_local_5_load_1 = load i7 %input_local_5_addr_1" [/home/simics/HMoE/HLS_HMoE/pseudo_block/run_7/src/pseudo_moe.cpp:154]   --->   Operation 251 'load' 'input_local_5_load_1' <Predicate = (!icmp_ln150)> <Delay = 1.02> <CoreInst = "RAM_1WnR">   --->   Core 84 'RAM_1WnR' <Latency = 1> <II = 1> <Delay = 1.02> <Storage> <Opcode : 'load' 'store'> <Ports = 17> <Width = 32> <Depth = 80> <RAM>
ST_2 : Operation 252 [1/2] (1.02ns)   --->   "%input_local_6_load_1 = load i7 %input_local_6_addr_1" [/home/simics/HMoE/HLS_HMoE/pseudo_block/run_7/src/pseudo_moe.cpp:154]   --->   Operation 252 'load' 'input_local_6_load_1' <Predicate = (!icmp_ln150)> <Delay = 1.02> <CoreInst = "RAM_1WnR">   --->   Core 84 'RAM_1WnR' <Latency = 1> <II = 1> <Delay = 1.02> <Storage> <Opcode : 'load' 'store'> <Ports = 17> <Width = 32> <Depth = 80> <RAM>
ST_2 : Operation 253 [1/2] (1.02ns)   --->   "%input_local_7_load_1 = load i7 %input_local_7_addr_1" [/home/simics/HMoE/HLS_HMoE/pseudo_block/run_7/src/pseudo_moe.cpp:154]   --->   Operation 253 'load' 'input_local_7_load_1' <Predicate = (!icmp_ln150)> <Delay = 1.02> <CoreInst = "RAM_1WnR">   --->   Core 84 'RAM_1WnR' <Latency = 1> <II = 1> <Delay = 1.02> <Storage> <Opcode : 'load' 'store'> <Ports = 17> <Width = 32> <Depth = 80> <RAM>
ST_2 : Operation 254 [2/2] (1.02ns)   --->   "%input_local_load_2 = load i7 %input_local_addr_2" [/home/simics/HMoE/HLS_HMoE/pseudo_block/run_7/src/pseudo_moe.cpp:154]   --->   Operation 254 'load' 'input_local_load_2' <Predicate = (!icmp_ln150)> <Delay = 1.02> <CoreInst = "RAM_1WnR">   --->   Core 84 'RAM_1WnR' <Latency = 1> <II = 1> <Delay = 1.02> <Storage> <Opcode : 'load' 'store'> <Ports = 17> <Width = 32> <Depth = 80> <RAM>
ST_2 : Operation 255 [2/2] (1.02ns)   --->   "%input_local_1_load_2 = load i7 %input_local_1_addr_2" [/home/simics/HMoE/HLS_HMoE/pseudo_block/run_7/src/pseudo_moe.cpp:154]   --->   Operation 255 'load' 'input_local_1_load_2' <Predicate = (!icmp_ln150)> <Delay = 1.02> <CoreInst = "RAM_1WnR">   --->   Core 84 'RAM_1WnR' <Latency = 1> <II = 1> <Delay = 1.02> <Storage> <Opcode : 'load' 'store'> <Ports = 17> <Width = 32> <Depth = 80> <RAM>
ST_2 : Operation 256 [2/2] (1.02ns)   --->   "%input_local_2_load_2 = load i7 %input_local_2_addr_2" [/home/simics/HMoE/HLS_HMoE/pseudo_block/run_7/src/pseudo_moe.cpp:154]   --->   Operation 256 'load' 'input_local_2_load_2' <Predicate = (!icmp_ln150)> <Delay = 1.02> <CoreInst = "RAM_1WnR">   --->   Core 84 'RAM_1WnR' <Latency = 1> <II = 1> <Delay = 1.02> <Storage> <Opcode : 'load' 'store'> <Ports = 17> <Width = 32> <Depth = 80> <RAM>
ST_2 : Operation 257 [2/2] (1.02ns)   --->   "%input_local_3_load_2 = load i7 %input_local_3_addr_2" [/home/simics/HMoE/HLS_HMoE/pseudo_block/run_7/src/pseudo_moe.cpp:154]   --->   Operation 257 'load' 'input_local_3_load_2' <Predicate = (!icmp_ln150)> <Delay = 1.02> <CoreInst = "RAM_1WnR">   --->   Core 84 'RAM_1WnR' <Latency = 1> <II = 1> <Delay = 1.02> <Storage> <Opcode : 'load' 'store'> <Ports = 17> <Width = 32> <Depth = 80> <RAM>
ST_2 : Operation 258 [2/2] (1.02ns)   --->   "%input_local_4_load_2 = load i7 %input_local_4_addr_2" [/home/simics/HMoE/HLS_HMoE/pseudo_block/run_7/src/pseudo_moe.cpp:154]   --->   Operation 258 'load' 'input_local_4_load_2' <Predicate = (!icmp_ln150)> <Delay = 1.02> <CoreInst = "RAM_1WnR">   --->   Core 84 'RAM_1WnR' <Latency = 1> <II = 1> <Delay = 1.02> <Storage> <Opcode : 'load' 'store'> <Ports = 17> <Width = 32> <Depth = 80> <RAM>
ST_2 : Operation 259 [2/2] (1.02ns)   --->   "%input_local_5_load_2 = load i7 %input_local_5_addr_2" [/home/simics/HMoE/HLS_HMoE/pseudo_block/run_7/src/pseudo_moe.cpp:154]   --->   Operation 259 'load' 'input_local_5_load_2' <Predicate = (!icmp_ln150)> <Delay = 1.02> <CoreInst = "RAM_1WnR">   --->   Core 84 'RAM_1WnR' <Latency = 1> <II = 1> <Delay = 1.02> <Storage> <Opcode : 'load' 'store'> <Ports = 17> <Width = 32> <Depth = 80> <RAM>
ST_2 : Operation 260 [2/2] (1.02ns)   --->   "%input_local_6_load_2 = load i7 %input_local_6_addr_2" [/home/simics/HMoE/HLS_HMoE/pseudo_block/run_7/src/pseudo_moe.cpp:154]   --->   Operation 260 'load' 'input_local_6_load_2' <Predicate = (!icmp_ln150)> <Delay = 1.02> <CoreInst = "RAM_1WnR">   --->   Core 84 'RAM_1WnR' <Latency = 1> <II = 1> <Delay = 1.02> <Storage> <Opcode : 'load' 'store'> <Ports = 17> <Width = 32> <Depth = 80> <RAM>
ST_2 : Operation 261 [2/2] (1.02ns)   --->   "%input_local_7_load_2 = load i7 %input_local_7_addr_2" [/home/simics/HMoE/HLS_HMoE/pseudo_block/run_7/src/pseudo_moe.cpp:154]   --->   Operation 261 'load' 'input_local_7_load_2' <Predicate = (!icmp_ln150)> <Delay = 1.02> <CoreInst = "RAM_1WnR">   --->   Core 84 'RAM_1WnR' <Latency = 1> <II = 1> <Delay = 1.02> <Storage> <Opcode : 'load' 'store'> <Ports = 17> <Width = 32> <Depth = 80> <RAM>
ST_2 : Operation 262 [2/2] (1.02ns)   --->   "%input_local_load_3 = load i7 %input_local_addr_3" [/home/simics/HMoE/HLS_HMoE/pseudo_block/run_7/src/pseudo_moe.cpp:154]   --->   Operation 262 'load' 'input_local_load_3' <Predicate = (!icmp_ln150)> <Delay = 1.02> <CoreInst = "RAM_1WnR">   --->   Core 84 'RAM_1WnR' <Latency = 1> <II = 1> <Delay = 1.02> <Storage> <Opcode : 'load' 'store'> <Ports = 17> <Width = 32> <Depth = 80> <RAM>
ST_2 : Operation 263 [2/2] (1.02ns)   --->   "%input_local_1_load_3 = load i7 %input_local_1_addr_3" [/home/simics/HMoE/HLS_HMoE/pseudo_block/run_7/src/pseudo_moe.cpp:154]   --->   Operation 263 'load' 'input_local_1_load_3' <Predicate = (!icmp_ln150)> <Delay = 1.02> <CoreInst = "RAM_1WnR">   --->   Core 84 'RAM_1WnR' <Latency = 1> <II = 1> <Delay = 1.02> <Storage> <Opcode : 'load' 'store'> <Ports = 17> <Width = 32> <Depth = 80> <RAM>
ST_2 : Operation 264 [2/2] (1.02ns)   --->   "%input_local_2_load_3 = load i7 %input_local_2_addr_3" [/home/simics/HMoE/HLS_HMoE/pseudo_block/run_7/src/pseudo_moe.cpp:154]   --->   Operation 264 'load' 'input_local_2_load_3' <Predicate = (!icmp_ln150)> <Delay = 1.02> <CoreInst = "RAM_1WnR">   --->   Core 84 'RAM_1WnR' <Latency = 1> <II = 1> <Delay = 1.02> <Storage> <Opcode : 'load' 'store'> <Ports = 17> <Width = 32> <Depth = 80> <RAM>
ST_2 : Operation 265 [2/2] (1.02ns)   --->   "%input_local_3_load_3 = load i7 %input_local_3_addr_3" [/home/simics/HMoE/HLS_HMoE/pseudo_block/run_7/src/pseudo_moe.cpp:154]   --->   Operation 265 'load' 'input_local_3_load_3' <Predicate = (!icmp_ln150)> <Delay = 1.02> <CoreInst = "RAM_1WnR">   --->   Core 84 'RAM_1WnR' <Latency = 1> <II = 1> <Delay = 1.02> <Storage> <Opcode : 'load' 'store'> <Ports = 17> <Width = 32> <Depth = 80> <RAM>
ST_2 : Operation 266 [2/2] (1.02ns)   --->   "%input_local_4_load_3 = load i7 %input_local_4_addr_3" [/home/simics/HMoE/HLS_HMoE/pseudo_block/run_7/src/pseudo_moe.cpp:154]   --->   Operation 266 'load' 'input_local_4_load_3' <Predicate = (!icmp_ln150)> <Delay = 1.02> <CoreInst = "RAM_1WnR">   --->   Core 84 'RAM_1WnR' <Latency = 1> <II = 1> <Delay = 1.02> <Storage> <Opcode : 'load' 'store'> <Ports = 17> <Width = 32> <Depth = 80> <RAM>
ST_2 : Operation 267 [2/2] (1.02ns)   --->   "%input_local_5_load_3 = load i7 %input_local_5_addr_3" [/home/simics/HMoE/HLS_HMoE/pseudo_block/run_7/src/pseudo_moe.cpp:154]   --->   Operation 267 'load' 'input_local_5_load_3' <Predicate = (!icmp_ln150)> <Delay = 1.02> <CoreInst = "RAM_1WnR">   --->   Core 84 'RAM_1WnR' <Latency = 1> <II = 1> <Delay = 1.02> <Storage> <Opcode : 'load' 'store'> <Ports = 17> <Width = 32> <Depth = 80> <RAM>
ST_2 : Operation 268 [2/2] (1.02ns)   --->   "%input_local_6_load_3 = load i7 %input_local_6_addr_3" [/home/simics/HMoE/HLS_HMoE/pseudo_block/run_7/src/pseudo_moe.cpp:154]   --->   Operation 268 'load' 'input_local_6_load_3' <Predicate = (!icmp_ln150)> <Delay = 1.02> <CoreInst = "RAM_1WnR">   --->   Core 84 'RAM_1WnR' <Latency = 1> <II = 1> <Delay = 1.02> <Storage> <Opcode : 'load' 'store'> <Ports = 17> <Width = 32> <Depth = 80> <RAM>
ST_2 : Operation 269 [2/2] (1.02ns)   --->   "%input_local_7_load_3 = load i7 %input_local_7_addr_3" [/home/simics/HMoE/HLS_HMoE/pseudo_block/run_7/src/pseudo_moe.cpp:154]   --->   Operation 269 'load' 'input_local_7_load_3' <Predicate = (!icmp_ln150)> <Delay = 1.02> <CoreInst = "RAM_1WnR">   --->   Core 84 'RAM_1WnR' <Latency = 1> <II = 1> <Delay = 1.02> <Storage> <Opcode : 'load' 'store'> <Ports = 17> <Width = 32> <Depth = 80> <RAM>

State 3 <SV = 2> <Delay = 7.30>
ST_3 : Operation 270 [1/1] (0.00ns)   --->   "%input_local_addr_4 = getelementptr i32 %input_local, i64 0, i64 %tmp_10_cast" [/home/simics/HMoE/HLS_HMoE/pseudo_block/run_7/src/pseudo_moe.cpp:154]   --->   Operation 270 'getelementptr' 'input_local_addr_4' <Predicate = (!icmp_ln150)> <Delay = 0.00>
ST_3 : Operation 271 [1/1] (0.00ns)   --->   "%input_local_1_addr_4 = getelementptr i32 %input_local_1, i64 0, i64 %tmp_10_cast" [/home/simics/HMoE/HLS_HMoE/pseudo_block/run_7/src/pseudo_moe.cpp:154]   --->   Operation 271 'getelementptr' 'input_local_1_addr_4' <Predicate = (!icmp_ln150)> <Delay = 0.00>
ST_3 : Operation 272 [1/1] (0.00ns)   --->   "%input_local_2_addr_4 = getelementptr i32 %input_local_2, i64 0, i64 %tmp_10_cast" [/home/simics/HMoE/HLS_HMoE/pseudo_block/run_7/src/pseudo_moe.cpp:154]   --->   Operation 272 'getelementptr' 'input_local_2_addr_4' <Predicate = (!icmp_ln150)> <Delay = 0.00>
ST_3 : Operation 273 [1/1] (0.00ns)   --->   "%input_local_3_addr_4 = getelementptr i32 %input_local_3, i64 0, i64 %tmp_10_cast" [/home/simics/HMoE/HLS_HMoE/pseudo_block/run_7/src/pseudo_moe.cpp:154]   --->   Operation 273 'getelementptr' 'input_local_3_addr_4' <Predicate = (!icmp_ln150)> <Delay = 0.00>
ST_3 : Operation 274 [1/1] (0.00ns)   --->   "%input_local_4_addr_4 = getelementptr i32 %input_local_4, i64 0, i64 %tmp_10_cast" [/home/simics/HMoE/HLS_HMoE/pseudo_block/run_7/src/pseudo_moe.cpp:154]   --->   Operation 274 'getelementptr' 'input_local_4_addr_4' <Predicate = (!icmp_ln150)> <Delay = 0.00>
ST_3 : Operation 275 [1/1] (0.00ns)   --->   "%input_local_5_addr_4 = getelementptr i32 %input_local_5, i64 0, i64 %tmp_10_cast" [/home/simics/HMoE/HLS_HMoE/pseudo_block/run_7/src/pseudo_moe.cpp:154]   --->   Operation 275 'getelementptr' 'input_local_5_addr_4' <Predicate = (!icmp_ln150)> <Delay = 0.00>
ST_3 : Operation 276 [1/1] (0.00ns)   --->   "%input_local_6_addr_4 = getelementptr i32 %input_local_6, i64 0, i64 %tmp_10_cast" [/home/simics/HMoE/HLS_HMoE/pseudo_block/run_7/src/pseudo_moe.cpp:154]   --->   Operation 276 'getelementptr' 'input_local_6_addr_4' <Predicate = (!icmp_ln150)> <Delay = 0.00>
ST_3 : Operation 277 [1/1] (0.00ns)   --->   "%input_local_7_addr_4 = getelementptr i32 %input_local_7, i64 0, i64 %tmp_10_cast" [/home/simics/HMoE/HLS_HMoE/pseudo_block/run_7/src/pseudo_moe.cpp:154]   --->   Operation 277 'getelementptr' 'input_local_7_addr_4' <Predicate = (!icmp_ln150)> <Delay = 0.00>
ST_3 : Operation 278 [1/1] (0.00ns)   --->   "%input_local_addr_5 = getelementptr i32 %input_local, i64 0, i64 %tmp_11_cast" [/home/simics/HMoE/HLS_HMoE/pseudo_block/run_7/src/pseudo_moe.cpp:154]   --->   Operation 278 'getelementptr' 'input_local_addr_5' <Predicate = (!icmp_ln150)> <Delay = 0.00>
ST_3 : Operation 279 [1/1] (0.00ns)   --->   "%input_local_1_addr_5 = getelementptr i32 %input_local_1, i64 0, i64 %tmp_11_cast" [/home/simics/HMoE/HLS_HMoE/pseudo_block/run_7/src/pseudo_moe.cpp:154]   --->   Operation 279 'getelementptr' 'input_local_1_addr_5' <Predicate = (!icmp_ln150)> <Delay = 0.00>
ST_3 : Operation 280 [1/1] (0.00ns)   --->   "%input_local_2_addr_5 = getelementptr i32 %input_local_2, i64 0, i64 %tmp_11_cast" [/home/simics/HMoE/HLS_HMoE/pseudo_block/run_7/src/pseudo_moe.cpp:154]   --->   Operation 280 'getelementptr' 'input_local_2_addr_5' <Predicate = (!icmp_ln150)> <Delay = 0.00>
ST_3 : Operation 281 [1/1] (0.00ns)   --->   "%input_local_3_addr_5 = getelementptr i32 %input_local_3, i64 0, i64 %tmp_11_cast" [/home/simics/HMoE/HLS_HMoE/pseudo_block/run_7/src/pseudo_moe.cpp:154]   --->   Operation 281 'getelementptr' 'input_local_3_addr_5' <Predicate = (!icmp_ln150)> <Delay = 0.00>
ST_3 : Operation 282 [1/1] (0.00ns)   --->   "%input_local_4_addr_5 = getelementptr i32 %input_local_4, i64 0, i64 %tmp_11_cast" [/home/simics/HMoE/HLS_HMoE/pseudo_block/run_7/src/pseudo_moe.cpp:154]   --->   Operation 282 'getelementptr' 'input_local_4_addr_5' <Predicate = (!icmp_ln150)> <Delay = 0.00>
ST_3 : Operation 283 [1/1] (0.00ns)   --->   "%input_local_5_addr_5 = getelementptr i32 %input_local_5, i64 0, i64 %tmp_11_cast" [/home/simics/HMoE/HLS_HMoE/pseudo_block/run_7/src/pseudo_moe.cpp:154]   --->   Operation 283 'getelementptr' 'input_local_5_addr_5' <Predicate = (!icmp_ln150)> <Delay = 0.00>
ST_3 : Operation 284 [1/1] (0.00ns)   --->   "%input_local_6_addr_5 = getelementptr i32 %input_local_6, i64 0, i64 %tmp_11_cast" [/home/simics/HMoE/HLS_HMoE/pseudo_block/run_7/src/pseudo_moe.cpp:154]   --->   Operation 284 'getelementptr' 'input_local_6_addr_5' <Predicate = (!icmp_ln150)> <Delay = 0.00>
ST_3 : Operation 285 [1/1] (0.00ns)   --->   "%input_local_7_addr_5 = getelementptr i32 %input_local_7, i64 0, i64 %tmp_11_cast" [/home/simics/HMoE/HLS_HMoE/pseudo_block/run_7/src/pseudo_moe.cpp:154]   --->   Operation 285 'getelementptr' 'input_local_7_addr_5' <Predicate = (!icmp_ln150)> <Delay = 0.00>
ST_3 : Operation 286 [1/1] (0.00ns)   --->   "%bitcast_ln154 = bitcast i32 %gmem1_addr_read" [/home/simics/HMoE/HLS_HMoE/pseudo_block/run_7/src/pseudo_moe.cpp:154]   --->   Operation 286 'bitcast' 'bitcast_ln154' <Predicate = (!icmp_ln150)> <Delay = 0.00>
ST_3 : Operation 287 [2/2] (4.20ns)   --->   "%mul = fmul i32 %input_local_load, i32 %bitcast_ln154" [/home/simics/HMoE/HLS_HMoE/pseudo_block/run_7/src/pseudo_moe.cpp:154]   --->   Operation 287 'fmul' 'mul' <Predicate = (!icmp_ln150)> <Delay = 4.20> <CoreInst = "FMul_maxdsp">   --->   Core 30 'FMul_maxdsp' <Latency = 1> <II = 1> <Delay = 3.88> <FuncUnit> <Opcode : 'fmul'> <InPorts = 2> <OutPorts = 1>
ST_3 : Operation 288 [1/1] (7.30ns)   --->   "%gmem1_addr_read_1 = read i32 @_ssdm_op_Read.m_axi.p1i32, i64 %gmem1_addr" [/home/simics/HMoE/HLS_HMoE/pseudo_block/run_7/src/pseudo_moe.cpp:154]   --->   Operation 288 'read' 'gmem1_addr_read_1' <Predicate = (!icmp_ln150)> <Delay = 7.30> <CoreInst = "m_axi">   --->   Core 121 'm_axi' <Latency = 0> <II = 1> <Delay = 1.00> <Adapter> <Opcode : 'read' 'write' 'readreq' 'writereq' 'writeresp'>
ST_3 : Operation 289 [1/2] (1.02ns)   --->   "%input_local_load_2 = load i7 %input_local_addr_2" [/home/simics/HMoE/HLS_HMoE/pseudo_block/run_7/src/pseudo_moe.cpp:154]   --->   Operation 289 'load' 'input_local_load_2' <Predicate = (!icmp_ln150)> <Delay = 1.02> <CoreInst = "RAM_1WnR">   --->   Core 84 'RAM_1WnR' <Latency = 1> <II = 1> <Delay = 1.02> <Storage> <Opcode : 'load' 'store'> <Ports = 17> <Width = 32> <Depth = 80> <RAM>
ST_3 : Operation 290 [1/2] (1.02ns)   --->   "%input_local_1_load_2 = load i7 %input_local_1_addr_2" [/home/simics/HMoE/HLS_HMoE/pseudo_block/run_7/src/pseudo_moe.cpp:154]   --->   Operation 290 'load' 'input_local_1_load_2' <Predicate = (!icmp_ln150)> <Delay = 1.02> <CoreInst = "RAM_1WnR">   --->   Core 84 'RAM_1WnR' <Latency = 1> <II = 1> <Delay = 1.02> <Storage> <Opcode : 'load' 'store'> <Ports = 17> <Width = 32> <Depth = 80> <RAM>
ST_3 : Operation 291 [1/2] (1.02ns)   --->   "%input_local_2_load_2 = load i7 %input_local_2_addr_2" [/home/simics/HMoE/HLS_HMoE/pseudo_block/run_7/src/pseudo_moe.cpp:154]   --->   Operation 291 'load' 'input_local_2_load_2' <Predicate = (!icmp_ln150)> <Delay = 1.02> <CoreInst = "RAM_1WnR">   --->   Core 84 'RAM_1WnR' <Latency = 1> <II = 1> <Delay = 1.02> <Storage> <Opcode : 'load' 'store'> <Ports = 17> <Width = 32> <Depth = 80> <RAM>
ST_3 : Operation 292 [1/2] (1.02ns)   --->   "%input_local_3_load_2 = load i7 %input_local_3_addr_2" [/home/simics/HMoE/HLS_HMoE/pseudo_block/run_7/src/pseudo_moe.cpp:154]   --->   Operation 292 'load' 'input_local_3_load_2' <Predicate = (!icmp_ln150)> <Delay = 1.02> <CoreInst = "RAM_1WnR">   --->   Core 84 'RAM_1WnR' <Latency = 1> <II = 1> <Delay = 1.02> <Storage> <Opcode : 'load' 'store'> <Ports = 17> <Width = 32> <Depth = 80> <RAM>
ST_3 : Operation 293 [1/2] (1.02ns)   --->   "%input_local_4_load_2 = load i7 %input_local_4_addr_2" [/home/simics/HMoE/HLS_HMoE/pseudo_block/run_7/src/pseudo_moe.cpp:154]   --->   Operation 293 'load' 'input_local_4_load_2' <Predicate = (!icmp_ln150)> <Delay = 1.02> <CoreInst = "RAM_1WnR">   --->   Core 84 'RAM_1WnR' <Latency = 1> <II = 1> <Delay = 1.02> <Storage> <Opcode : 'load' 'store'> <Ports = 17> <Width = 32> <Depth = 80> <RAM>
ST_3 : Operation 294 [1/2] (1.02ns)   --->   "%input_local_5_load_2 = load i7 %input_local_5_addr_2" [/home/simics/HMoE/HLS_HMoE/pseudo_block/run_7/src/pseudo_moe.cpp:154]   --->   Operation 294 'load' 'input_local_5_load_2' <Predicate = (!icmp_ln150)> <Delay = 1.02> <CoreInst = "RAM_1WnR">   --->   Core 84 'RAM_1WnR' <Latency = 1> <II = 1> <Delay = 1.02> <Storage> <Opcode : 'load' 'store'> <Ports = 17> <Width = 32> <Depth = 80> <RAM>
ST_3 : Operation 295 [1/2] (1.02ns)   --->   "%input_local_6_load_2 = load i7 %input_local_6_addr_2" [/home/simics/HMoE/HLS_HMoE/pseudo_block/run_7/src/pseudo_moe.cpp:154]   --->   Operation 295 'load' 'input_local_6_load_2' <Predicate = (!icmp_ln150)> <Delay = 1.02> <CoreInst = "RAM_1WnR">   --->   Core 84 'RAM_1WnR' <Latency = 1> <II = 1> <Delay = 1.02> <Storage> <Opcode : 'load' 'store'> <Ports = 17> <Width = 32> <Depth = 80> <RAM>
ST_3 : Operation 296 [1/2] (1.02ns)   --->   "%input_local_7_load_2 = load i7 %input_local_7_addr_2" [/home/simics/HMoE/HLS_HMoE/pseudo_block/run_7/src/pseudo_moe.cpp:154]   --->   Operation 296 'load' 'input_local_7_load_2' <Predicate = (!icmp_ln150)> <Delay = 1.02> <CoreInst = "RAM_1WnR">   --->   Core 84 'RAM_1WnR' <Latency = 1> <II = 1> <Delay = 1.02> <Storage> <Opcode : 'load' 'store'> <Ports = 17> <Width = 32> <Depth = 80> <RAM>
ST_3 : Operation 297 [1/2] (1.02ns)   --->   "%input_local_load_3 = load i7 %input_local_addr_3" [/home/simics/HMoE/HLS_HMoE/pseudo_block/run_7/src/pseudo_moe.cpp:154]   --->   Operation 297 'load' 'input_local_load_3' <Predicate = (!icmp_ln150)> <Delay = 1.02> <CoreInst = "RAM_1WnR">   --->   Core 84 'RAM_1WnR' <Latency = 1> <II = 1> <Delay = 1.02> <Storage> <Opcode : 'load' 'store'> <Ports = 17> <Width = 32> <Depth = 80> <RAM>
ST_3 : Operation 298 [1/2] (1.02ns)   --->   "%input_local_1_load_3 = load i7 %input_local_1_addr_3" [/home/simics/HMoE/HLS_HMoE/pseudo_block/run_7/src/pseudo_moe.cpp:154]   --->   Operation 298 'load' 'input_local_1_load_3' <Predicate = (!icmp_ln150)> <Delay = 1.02> <CoreInst = "RAM_1WnR">   --->   Core 84 'RAM_1WnR' <Latency = 1> <II = 1> <Delay = 1.02> <Storage> <Opcode : 'load' 'store'> <Ports = 17> <Width = 32> <Depth = 80> <RAM>
ST_3 : Operation 299 [1/2] (1.02ns)   --->   "%input_local_2_load_3 = load i7 %input_local_2_addr_3" [/home/simics/HMoE/HLS_HMoE/pseudo_block/run_7/src/pseudo_moe.cpp:154]   --->   Operation 299 'load' 'input_local_2_load_3' <Predicate = (!icmp_ln150)> <Delay = 1.02> <CoreInst = "RAM_1WnR">   --->   Core 84 'RAM_1WnR' <Latency = 1> <II = 1> <Delay = 1.02> <Storage> <Opcode : 'load' 'store'> <Ports = 17> <Width = 32> <Depth = 80> <RAM>
ST_3 : Operation 300 [1/2] (1.02ns)   --->   "%input_local_3_load_3 = load i7 %input_local_3_addr_3" [/home/simics/HMoE/HLS_HMoE/pseudo_block/run_7/src/pseudo_moe.cpp:154]   --->   Operation 300 'load' 'input_local_3_load_3' <Predicate = (!icmp_ln150)> <Delay = 1.02> <CoreInst = "RAM_1WnR">   --->   Core 84 'RAM_1WnR' <Latency = 1> <II = 1> <Delay = 1.02> <Storage> <Opcode : 'load' 'store'> <Ports = 17> <Width = 32> <Depth = 80> <RAM>
ST_3 : Operation 301 [1/2] (1.02ns)   --->   "%input_local_4_load_3 = load i7 %input_local_4_addr_3" [/home/simics/HMoE/HLS_HMoE/pseudo_block/run_7/src/pseudo_moe.cpp:154]   --->   Operation 301 'load' 'input_local_4_load_3' <Predicate = (!icmp_ln150)> <Delay = 1.02> <CoreInst = "RAM_1WnR">   --->   Core 84 'RAM_1WnR' <Latency = 1> <II = 1> <Delay = 1.02> <Storage> <Opcode : 'load' 'store'> <Ports = 17> <Width = 32> <Depth = 80> <RAM>
ST_3 : Operation 302 [1/2] (1.02ns)   --->   "%input_local_5_load_3 = load i7 %input_local_5_addr_3" [/home/simics/HMoE/HLS_HMoE/pseudo_block/run_7/src/pseudo_moe.cpp:154]   --->   Operation 302 'load' 'input_local_5_load_3' <Predicate = (!icmp_ln150)> <Delay = 1.02> <CoreInst = "RAM_1WnR">   --->   Core 84 'RAM_1WnR' <Latency = 1> <II = 1> <Delay = 1.02> <Storage> <Opcode : 'load' 'store'> <Ports = 17> <Width = 32> <Depth = 80> <RAM>
ST_3 : Operation 303 [1/2] (1.02ns)   --->   "%input_local_6_load_3 = load i7 %input_local_6_addr_3" [/home/simics/HMoE/HLS_HMoE/pseudo_block/run_7/src/pseudo_moe.cpp:154]   --->   Operation 303 'load' 'input_local_6_load_3' <Predicate = (!icmp_ln150)> <Delay = 1.02> <CoreInst = "RAM_1WnR">   --->   Core 84 'RAM_1WnR' <Latency = 1> <II = 1> <Delay = 1.02> <Storage> <Opcode : 'load' 'store'> <Ports = 17> <Width = 32> <Depth = 80> <RAM>
ST_3 : Operation 304 [1/2] (1.02ns)   --->   "%input_local_7_load_3 = load i7 %input_local_7_addr_3" [/home/simics/HMoE/HLS_HMoE/pseudo_block/run_7/src/pseudo_moe.cpp:154]   --->   Operation 304 'load' 'input_local_7_load_3' <Predicate = (!icmp_ln150)> <Delay = 1.02> <CoreInst = "RAM_1WnR">   --->   Core 84 'RAM_1WnR' <Latency = 1> <II = 1> <Delay = 1.02> <Storage> <Opcode : 'load' 'store'> <Ports = 17> <Width = 32> <Depth = 80> <RAM>
ST_3 : Operation 305 [2/2] (1.02ns)   --->   "%input_local_load_4 = load i7 %input_local_addr_4" [/home/simics/HMoE/HLS_HMoE/pseudo_block/run_7/src/pseudo_moe.cpp:154]   --->   Operation 305 'load' 'input_local_load_4' <Predicate = (!icmp_ln150)> <Delay = 1.02> <CoreInst = "RAM_1WnR">   --->   Core 84 'RAM_1WnR' <Latency = 1> <II = 1> <Delay = 1.02> <Storage> <Opcode : 'load' 'store'> <Ports = 17> <Width = 32> <Depth = 80> <RAM>
ST_3 : Operation 306 [2/2] (1.02ns)   --->   "%input_local_1_load_4 = load i7 %input_local_1_addr_4" [/home/simics/HMoE/HLS_HMoE/pseudo_block/run_7/src/pseudo_moe.cpp:154]   --->   Operation 306 'load' 'input_local_1_load_4' <Predicate = (!icmp_ln150)> <Delay = 1.02> <CoreInst = "RAM_1WnR">   --->   Core 84 'RAM_1WnR' <Latency = 1> <II = 1> <Delay = 1.02> <Storage> <Opcode : 'load' 'store'> <Ports = 17> <Width = 32> <Depth = 80> <RAM>
ST_3 : Operation 307 [2/2] (1.02ns)   --->   "%input_local_2_load_4 = load i7 %input_local_2_addr_4" [/home/simics/HMoE/HLS_HMoE/pseudo_block/run_7/src/pseudo_moe.cpp:154]   --->   Operation 307 'load' 'input_local_2_load_4' <Predicate = (!icmp_ln150)> <Delay = 1.02> <CoreInst = "RAM_1WnR">   --->   Core 84 'RAM_1WnR' <Latency = 1> <II = 1> <Delay = 1.02> <Storage> <Opcode : 'load' 'store'> <Ports = 17> <Width = 32> <Depth = 80> <RAM>
ST_3 : Operation 308 [2/2] (1.02ns)   --->   "%input_local_3_load_4 = load i7 %input_local_3_addr_4" [/home/simics/HMoE/HLS_HMoE/pseudo_block/run_7/src/pseudo_moe.cpp:154]   --->   Operation 308 'load' 'input_local_3_load_4' <Predicate = (!icmp_ln150)> <Delay = 1.02> <CoreInst = "RAM_1WnR">   --->   Core 84 'RAM_1WnR' <Latency = 1> <II = 1> <Delay = 1.02> <Storage> <Opcode : 'load' 'store'> <Ports = 17> <Width = 32> <Depth = 80> <RAM>
ST_3 : Operation 309 [2/2] (1.02ns)   --->   "%input_local_4_load_4 = load i7 %input_local_4_addr_4" [/home/simics/HMoE/HLS_HMoE/pseudo_block/run_7/src/pseudo_moe.cpp:154]   --->   Operation 309 'load' 'input_local_4_load_4' <Predicate = (!icmp_ln150)> <Delay = 1.02> <CoreInst = "RAM_1WnR">   --->   Core 84 'RAM_1WnR' <Latency = 1> <II = 1> <Delay = 1.02> <Storage> <Opcode : 'load' 'store'> <Ports = 17> <Width = 32> <Depth = 80> <RAM>
ST_3 : Operation 310 [2/2] (1.02ns)   --->   "%input_local_5_load_4 = load i7 %input_local_5_addr_4" [/home/simics/HMoE/HLS_HMoE/pseudo_block/run_7/src/pseudo_moe.cpp:154]   --->   Operation 310 'load' 'input_local_5_load_4' <Predicate = (!icmp_ln150)> <Delay = 1.02> <CoreInst = "RAM_1WnR">   --->   Core 84 'RAM_1WnR' <Latency = 1> <II = 1> <Delay = 1.02> <Storage> <Opcode : 'load' 'store'> <Ports = 17> <Width = 32> <Depth = 80> <RAM>
ST_3 : Operation 311 [2/2] (1.02ns)   --->   "%input_local_6_load_4 = load i7 %input_local_6_addr_4" [/home/simics/HMoE/HLS_HMoE/pseudo_block/run_7/src/pseudo_moe.cpp:154]   --->   Operation 311 'load' 'input_local_6_load_4' <Predicate = (!icmp_ln150)> <Delay = 1.02> <CoreInst = "RAM_1WnR">   --->   Core 84 'RAM_1WnR' <Latency = 1> <II = 1> <Delay = 1.02> <Storage> <Opcode : 'load' 'store'> <Ports = 17> <Width = 32> <Depth = 80> <RAM>
ST_3 : Operation 312 [2/2] (1.02ns)   --->   "%input_local_7_load_4 = load i7 %input_local_7_addr_4" [/home/simics/HMoE/HLS_HMoE/pseudo_block/run_7/src/pseudo_moe.cpp:154]   --->   Operation 312 'load' 'input_local_7_load_4' <Predicate = (!icmp_ln150)> <Delay = 1.02> <CoreInst = "RAM_1WnR">   --->   Core 84 'RAM_1WnR' <Latency = 1> <II = 1> <Delay = 1.02> <Storage> <Opcode : 'load' 'store'> <Ports = 17> <Width = 32> <Depth = 80> <RAM>
ST_3 : Operation 313 [2/2] (1.02ns)   --->   "%input_local_load_5 = load i7 %input_local_addr_5" [/home/simics/HMoE/HLS_HMoE/pseudo_block/run_7/src/pseudo_moe.cpp:154]   --->   Operation 313 'load' 'input_local_load_5' <Predicate = (!icmp_ln150)> <Delay = 1.02> <CoreInst = "RAM_1WnR">   --->   Core 84 'RAM_1WnR' <Latency = 1> <II = 1> <Delay = 1.02> <Storage> <Opcode : 'load' 'store'> <Ports = 17> <Width = 32> <Depth = 80> <RAM>
ST_3 : Operation 314 [2/2] (1.02ns)   --->   "%input_local_1_load_5 = load i7 %input_local_1_addr_5" [/home/simics/HMoE/HLS_HMoE/pseudo_block/run_7/src/pseudo_moe.cpp:154]   --->   Operation 314 'load' 'input_local_1_load_5' <Predicate = (!icmp_ln150)> <Delay = 1.02> <CoreInst = "RAM_1WnR">   --->   Core 84 'RAM_1WnR' <Latency = 1> <II = 1> <Delay = 1.02> <Storage> <Opcode : 'load' 'store'> <Ports = 17> <Width = 32> <Depth = 80> <RAM>
ST_3 : Operation 315 [2/2] (1.02ns)   --->   "%input_local_2_load_5 = load i7 %input_local_2_addr_5" [/home/simics/HMoE/HLS_HMoE/pseudo_block/run_7/src/pseudo_moe.cpp:154]   --->   Operation 315 'load' 'input_local_2_load_5' <Predicate = (!icmp_ln150)> <Delay = 1.02> <CoreInst = "RAM_1WnR">   --->   Core 84 'RAM_1WnR' <Latency = 1> <II = 1> <Delay = 1.02> <Storage> <Opcode : 'load' 'store'> <Ports = 17> <Width = 32> <Depth = 80> <RAM>
ST_3 : Operation 316 [2/2] (1.02ns)   --->   "%input_local_3_load_5 = load i7 %input_local_3_addr_5" [/home/simics/HMoE/HLS_HMoE/pseudo_block/run_7/src/pseudo_moe.cpp:154]   --->   Operation 316 'load' 'input_local_3_load_5' <Predicate = (!icmp_ln150)> <Delay = 1.02> <CoreInst = "RAM_1WnR">   --->   Core 84 'RAM_1WnR' <Latency = 1> <II = 1> <Delay = 1.02> <Storage> <Opcode : 'load' 'store'> <Ports = 17> <Width = 32> <Depth = 80> <RAM>
ST_3 : Operation 317 [2/2] (1.02ns)   --->   "%input_local_4_load_5 = load i7 %input_local_4_addr_5" [/home/simics/HMoE/HLS_HMoE/pseudo_block/run_7/src/pseudo_moe.cpp:154]   --->   Operation 317 'load' 'input_local_4_load_5' <Predicate = (!icmp_ln150)> <Delay = 1.02> <CoreInst = "RAM_1WnR">   --->   Core 84 'RAM_1WnR' <Latency = 1> <II = 1> <Delay = 1.02> <Storage> <Opcode : 'load' 'store'> <Ports = 17> <Width = 32> <Depth = 80> <RAM>
ST_3 : Operation 318 [2/2] (1.02ns)   --->   "%input_local_5_load_5 = load i7 %input_local_5_addr_5" [/home/simics/HMoE/HLS_HMoE/pseudo_block/run_7/src/pseudo_moe.cpp:154]   --->   Operation 318 'load' 'input_local_5_load_5' <Predicate = (!icmp_ln150)> <Delay = 1.02> <CoreInst = "RAM_1WnR">   --->   Core 84 'RAM_1WnR' <Latency = 1> <II = 1> <Delay = 1.02> <Storage> <Opcode : 'load' 'store'> <Ports = 17> <Width = 32> <Depth = 80> <RAM>
ST_3 : Operation 319 [2/2] (1.02ns)   --->   "%input_local_6_load_5 = load i7 %input_local_6_addr_5" [/home/simics/HMoE/HLS_HMoE/pseudo_block/run_7/src/pseudo_moe.cpp:154]   --->   Operation 319 'load' 'input_local_6_load_5' <Predicate = (!icmp_ln150)> <Delay = 1.02> <CoreInst = "RAM_1WnR">   --->   Core 84 'RAM_1WnR' <Latency = 1> <II = 1> <Delay = 1.02> <Storage> <Opcode : 'load' 'store'> <Ports = 17> <Width = 32> <Depth = 80> <RAM>
ST_3 : Operation 320 [2/2] (1.02ns)   --->   "%input_local_7_load_5 = load i7 %input_local_7_addr_5" [/home/simics/HMoE/HLS_HMoE/pseudo_block/run_7/src/pseudo_moe.cpp:154]   --->   Operation 320 'load' 'input_local_7_load_5' <Predicate = (!icmp_ln150)> <Delay = 1.02> <CoreInst = "RAM_1WnR">   --->   Core 84 'RAM_1WnR' <Latency = 1> <II = 1> <Delay = 1.02> <Storage> <Opcode : 'load' 'store'> <Ports = 17> <Width = 32> <Depth = 80> <RAM>

State 4 <SV = 3> <Delay = 7.30>
ST_4 : Operation 321 [1/1] (0.00ns)   --->   "%input_local_addr_6 = getelementptr i32 %input_local, i64 0, i64 %tmp_12_cast" [/home/simics/HMoE/HLS_HMoE/pseudo_block/run_7/src/pseudo_moe.cpp:154]   --->   Operation 321 'getelementptr' 'input_local_addr_6' <Predicate = (!icmp_ln150)> <Delay = 0.00>
ST_4 : Operation 322 [1/1] (0.00ns)   --->   "%input_local_1_addr_6 = getelementptr i32 %input_local_1, i64 0, i64 %tmp_12_cast" [/home/simics/HMoE/HLS_HMoE/pseudo_block/run_7/src/pseudo_moe.cpp:154]   --->   Operation 322 'getelementptr' 'input_local_1_addr_6' <Predicate = (!icmp_ln150)> <Delay = 0.00>
ST_4 : Operation 323 [1/1] (0.00ns)   --->   "%input_local_2_addr_6 = getelementptr i32 %input_local_2, i64 0, i64 %tmp_12_cast" [/home/simics/HMoE/HLS_HMoE/pseudo_block/run_7/src/pseudo_moe.cpp:154]   --->   Operation 323 'getelementptr' 'input_local_2_addr_6' <Predicate = (!icmp_ln150)> <Delay = 0.00>
ST_4 : Operation 324 [1/1] (0.00ns)   --->   "%input_local_3_addr_6 = getelementptr i32 %input_local_3, i64 0, i64 %tmp_12_cast" [/home/simics/HMoE/HLS_HMoE/pseudo_block/run_7/src/pseudo_moe.cpp:154]   --->   Operation 324 'getelementptr' 'input_local_3_addr_6' <Predicate = (!icmp_ln150)> <Delay = 0.00>
ST_4 : Operation 325 [1/1] (0.00ns)   --->   "%input_local_4_addr_6 = getelementptr i32 %input_local_4, i64 0, i64 %tmp_12_cast" [/home/simics/HMoE/HLS_HMoE/pseudo_block/run_7/src/pseudo_moe.cpp:154]   --->   Operation 325 'getelementptr' 'input_local_4_addr_6' <Predicate = (!icmp_ln150)> <Delay = 0.00>
ST_4 : Operation 326 [1/1] (0.00ns)   --->   "%input_local_5_addr_6 = getelementptr i32 %input_local_5, i64 0, i64 %tmp_12_cast" [/home/simics/HMoE/HLS_HMoE/pseudo_block/run_7/src/pseudo_moe.cpp:154]   --->   Operation 326 'getelementptr' 'input_local_5_addr_6' <Predicate = (!icmp_ln150)> <Delay = 0.00>
ST_4 : Operation 327 [1/1] (0.00ns)   --->   "%input_local_6_addr_6 = getelementptr i32 %input_local_6, i64 0, i64 %tmp_12_cast" [/home/simics/HMoE/HLS_HMoE/pseudo_block/run_7/src/pseudo_moe.cpp:154]   --->   Operation 327 'getelementptr' 'input_local_6_addr_6' <Predicate = (!icmp_ln150)> <Delay = 0.00>
ST_4 : Operation 328 [1/1] (0.00ns)   --->   "%input_local_7_addr_6 = getelementptr i32 %input_local_7, i64 0, i64 %tmp_12_cast" [/home/simics/HMoE/HLS_HMoE/pseudo_block/run_7/src/pseudo_moe.cpp:154]   --->   Operation 328 'getelementptr' 'input_local_7_addr_6' <Predicate = (!icmp_ln150)> <Delay = 0.00>
ST_4 : Operation 329 [1/1] (0.00ns)   --->   "%input_local_addr_7 = getelementptr i32 %input_local, i64 0, i64 %tmp_13_cast" [/home/simics/HMoE/HLS_HMoE/pseudo_block/run_7/src/pseudo_moe.cpp:154]   --->   Operation 329 'getelementptr' 'input_local_addr_7' <Predicate = (!icmp_ln150)> <Delay = 0.00>
ST_4 : Operation 330 [1/1] (0.00ns)   --->   "%input_local_1_addr_7 = getelementptr i32 %input_local_1, i64 0, i64 %tmp_13_cast" [/home/simics/HMoE/HLS_HMoE/pseudo_block/run_7/src/pseudo_moe.cpp:154]   --->   Operation 330 'getelementptr' 'input_local_1_addr_7' <Predicate = (!icmp_ln150)> <Delay = 0.00>
ST_4 : Operation 331 [1/1] (0.00ns)   --->   "%input_local_2_addr_7 = getelementptr i32 %input_local_2, i64 0, i64 %tmp_13_cast" [/home/simics/HMoE/HLS_HMoE/pseudo_block/run_7/src/pseudo_moe.cpp:154]   --->   Operation 331 'getelementptr' 'input_local_2_addr_7' <Predicate = (!icmp_ln150)> <Delay = 0.00>
ST_4 : Operation 332 [1/1] (0.00ns)   --->   "%input_local_3_addr_7 = getelementptr i32 %input_local_3, i64 0, i64 %tmp_13_cast" [/home/simics/HMoE/HLS_HMoE/pseudo_block/run_7/src/pseudo_moe.cpp:154]   --->   Operation 332 'getelementptr' 'input_local_3_addr_7' <Predicate = (!icmp_ln150)> <Delay = 0.00>
ST_4 : Operation 333 [1/1] (0.00ns)   --->   "%input_local_4_addr_7 = getelementptr i32 %input_local_4, i64 0, i64 %tmp_13_cast" [/home/simics/HMoE/HLS_HMoE/pseudo_block/run_7/src/pseudo_moe.cpp:154]   --->   Operation 333 'getelementptr' 'input_local_4_addr_7' <Predicate = (!icmp_ln150)> <Delay = 0.00>
ST_4 : Operation 334 [1/1] (0.00ns)   --->   "%input_local_5_addr_7 = getelementptr i32 %input_local_5, i64 0, i64 %tmp_13_cast" [/home/simics/HMoE/HLS_HMoE/pseudo_block/run_7/src/pseudo_moe.cpp:154]   --->   Operation 334 'getelementptr' 'input_local_5_addr_7' <Predicate = (!icmp_ln150)> <Delay = 0.00>
ST_4 : Operation 335 [1/1] (0.00ns)   --->   "%input_local_6_addr_7 = getelementptr i32 %input_local_6, i64 0, i64 %tmp_13_cast" [/home/simics/HMoE/HLS_HMoE/pseudo_block/run_7/src/pseudo_moe.cpp:154]   --->   Operation 335 'getelementptr' 'input_local_6_addr_7' <Predicate = (!icmp_ln150)> <Delay = 0.00>
ST_4 : Operation 336 [1/1] (0.00ns)   --->   "%input_local_7_addr_7 = getelementptr i32 %input_local_7, i64 0, i64 %tmp_13_cast" [/home/simics/HMoE/HLS_HMoE/pseudo_block/run_7/src/pseudo_moe.cpp:154]   --->   Operation 336 'getelementptr' 'input_local_7_addr_7' <Predicate = (!icmp_ln150)> <Delay = 0.00>
ST_4 : Operation 337 [1/2] (3.88ns)   --->   "%mul = fmul i32 %input_local_load, i32 %bitcast_ln154" [/home/simics/HMoE/HLS_HMoE/pseudo_block/run_7/src/pseudo_moe.cpp:154]   --->   Operation 337 'fmul' 'mul' <Predicate = (!icmp_ln150)> <Delay = 3.88> <CoreInst = "FMul_maxdsp">   --->   Core 30 'FMul_maxdsp' <Latency = 1> <II = 1> <Delay = 3.88> <FuncUnit> <Opcode : 'fmul'> <InPorts = 2> <OutPorts = 1>
ST_4 : Operation 338 [1/1] (0.00ns)   --->   "%bitcast_ln154_1 = bitcast i32 %gmem1_addr_read_1" [/home/simics/HMoE/HLS_HMoE/pseudo_block/run_7/src/pseudo_moe.cpp:154]   --->   Operation 338 'bitcast' 'bitcast_ln154_1' <Predicate = (!icmp_ln150)> <Delay = 0.00>
ST_4 : Operation 339 [2/2] (4.20ns)   --->   "%mul83_1 = fmul i32 %input_local_1_load, i32 %bitcast_ln154_1" [/home/simics/HMoE/HLS_HMoE/pseudo_block/run_7/src/pseudo_moe.cpp:154]   --->   Operation 339 'fmul' 'mul83_1' <Predicate = (!icmp_ln150)> <Delay = 4.20> <CoreInst = "FMul_maxdsp">   --->   Core 30 'FMul_maxdsp' <Latency = 1> <II = 1> <Delay = 3.88> <FuncUnit> <Opcode : 'fmul'> <InPorts = 2> <OutPorts = 1>
ST_4 : Operation 340 [1/1] (7.30ns)   --->   "%gmem1_addr_read_2 = read i32 @_ssdm_op_Read.m_axi.p1i32, i64 %gmem1_addr" [/home/simics/HMoE/HLS_HMoE/pseudo_block/run_7/src/pseudo_moe.cpp:154]   --->   Operation 340 'read' 'gmem1_addr_read_2' <Predicate = (!icmp_ln150)> <Delay = 7.30> <CoreInst = "m_axi">   --->   Core 121 'm_axi' <Latency = 0> <II = 1> <Delay = 1.00> <Adapter> <Opcode : 'read' 'write' 'readreq' 'writereq' 'writeresp'>
ST_4 : Operation 341 [1/2] (1.02ns)   --->   "%input_local_load_4 = load i7 %input_local_addr_4" [/home/simics/HMoE/HLS_HMoE/pseudo_block/run_7/src/pseudo_moe.cpp:154]   --->   Operation 341 'load' 'input_local_load_4' <Predicate = (!icmp_ln150)> <Delay = 1.02> <CoreInst = "RAM_1WnR">   --->   Core 84 'RAM_1WnR' <Latency = 1> <II = 1> <Delay = 1.02> <Storage> <Opcode : 'load' 'store'> <Ports = 17> <Width = 32> <Depth = 80> <RAM>
ST_4 : Operation 342 [1/2] (1.02ns)   --->   "%input_local_1_load_4 = load i7 %input_local_1_addr_4" [/home/simics/HMoE/HLS_HMoE/pseudo_block/run_7/src/pseudo_moe.cpp:154]   --->   Operation 342 'load' 'input_local_1_load_4' <Predicate = (!icmp_ln150)> <Delay = 1.02> <CoreInst = "RAM_1WnR">   --->   Core 84 'RAM_1WnR' <Latency = 1> <II = 1> <Delay = 1.02> <Storage> <Opcode : 'load' 'store'> <Ports = 17> <Width = 32> <Depth = 80> <RAM>
ST_4 : Operation 343 [1/2] (1.02ns)   --->   "%input_local_2_load_4 = load i7 %input_local_2_addr_4" [/home/simics/HMoE/HLS_HMoE/pseudo_block/run_7/src/pseudo_moe.cpp:154]   --->   Operation 343 'load' 'input_local_2_load_4' <Predicate = (!icmp_ln150)> <Delay = 1.02> <CoreInst = "RAM_1WnR">   --->   Core 84 'RAM_1WnR' <Latency = 1> <II = 1> <Delay = 1.02> <Storage> <Opcode : 'load' 'store'> <Ports = 17> <Width = 32> <Depth = 80> <RAM>
ST_4 : Operation 344 [1/2] (1.02ns)   --->   "%input_local_3_load_4 = load i7 %input_local_3_addr_4" [/home/simics/HMoE/HLS_HMoE/pseudo_block/run_7/src/pseudo_moe.cpp:154]   --->   Operation 344 'load' 'input_local_3_load_4' <Predicate = (!icmp_ln150)> <Delay = 1.02> <CoreInst = "RAM_1WnR">   --->   Core 84 'RAM_1WnR' <Latency = 1> <II = 1> <Delay = 1.02> <Storage> <Opcode : 'load' 'store'> <Ports = 17> <Width = 32> <Depth = 80> <RAM>
ST_4 : Operation 345 [1/2] (1.02ns)   --->   "%input_local_4_load_4 = load i7 %input_local_4_addr_4" [/home/simics/HMoE/HLS_HMoE/pseudo_block/run_7/src/pseudo_moe.cpp:154]   --->   Operation 345 'load' 'input_local_4_load_4' <Predicate = (!icmp_ln150)> <Delay = 1.02> <CoreInst = "RAM_1WnR">   --->   Core 84 'RAM_1WnR' <Latency = 1> <II = 1> <Delay = 1.02> <Storage> <Opcode : 'load' 'store'> <Ports = 17> <Width = 32> <Depth = 80> <RAM>
ST_4 : Operation 346 [1/2] (1.02ns)   --->   "%input_local_5_load_4 = load i7 %input_local_5_addr_4" [/home/simics/HMoE/HLS_HMoE/pseudo_block/run_7/src/pseudo_moe.cpp:154]   --->   Operation 346 'load' 'input_local_5_load_4' <Predicate = (!icmp_ln150)> <Delay = 1.02> <CoreInst = "RAM_1WnR">   --->   Core 84 'RAM_1WnR' <Latency = 1> <II = 1> <Delay = 1.02> <Storage> <Opcode : 'load' 'store'> <Ports = 17> <Width = 32> <Depth = 80> <RAM>
ST_4 : Operation 347 [1/2] (1.02ns)   --->   "%input_local_6_load_4 = load i7 %input_local_6_addr_4" [/home/simics/HMoE/HLS_HMoE/pseudo_block/run_7/src/pseudo_moe.cpp:154]   --->   Operation 347 'load' 'input_local_6_load_4' <Predicate = (!icmp_ln150)> <Delay = 1.02> <CoreInst = "RAM_1WnR">   --->   Core 84 'RAM_1WnR' <Latency = 1> <II = 1> <Delay = 1.02> <Storage> <Opcode : 'load' 'store'> <Ports = 17> <Width = 32> <Depth = 80> <RAM>
ST_4 : Operation 348 [1/2] (1.02ns)   --->   "%input_local_7_load_4 = load i7 %input_local_7_addr_4" [/home/simics/HMoE/HLS_HMoE/pseudo_block/run_7/src/pseudo_moe.cpp:154]   --->   Operation 348 'load' 'input_local_7_load_4' <Predicate = (!icmp_ln150)> <Delay = 1.02> <CoreInst = "RAM_1WnR">   --->   Core 84 'RAM_1WnR' <Latency = 1> <II = 1> <Delay = 1.02> <Storage> <Opcode : 'load' 'store'> <Ports = 17> <Width = 32> <Depth = 80> <RAM>
ST_4 : Operation 349 [1/2] (1.02ns)   --->   "%input_local_load_5 = load i7 %input_local_addr_5" [/home/simics/HMoE/HLS_HMoE/pseudo_block/run_7/src/pseudo_moe.cpp:154]   --->   Operation 349 'load' 'input_local_load_5' <Predicate = (!icmp_ln150)> <Delay = 1.02> <CoreInst = "RAM_1WnR">   --->   Core 84 'RAM_1WnR' <Latency = 1> <II = 1> <Delay = 1.02> <Storage> <Opcode : 'load' 'store'> <Ports = 17> <Width = 32> <Depth = 80> <RAM>
ST_4 : Operation 350 [1/2] (1.02ns)   --->   "%input_local_1_load_5 = load i7 %input_local_1_addr_5" [/home/simics/HMoE/HLS_HMoE/pseudo_block/run_7/src/pseudo_moe.cpp:154]   --->   Operation 350 'load' 'input_local_1_load_5' <Predicate = (!icmp_ln150)> <Delay = 1.02> <CoreInst = "RAM_1WnR">   --->   Core 84 'RAM_1WnR' <Latency = 1> <II = 1> <Delay = 1.02> <Storage> <Opcode : 'load' 'store'> <Ports = 17> <Width = 32> <Depth = 80> <RAM>
ST_4 : Operation 351 [1/2] (1.02ns)   --->   "%input_local_2_load_5 = load i7 %input_local_2_addr_5" [/home/simics/HMoE/HLS_HMoE/pseudo_block/run_7/src/pseudo_moe.cpp:154]   --->   Operation 351 'load' 'input_local_2_load_5' <Predicate = (!icmp_ln150)> <Delay = 1.02> <CoreInst = "RAM_1WnR">   --->   Core 84 'RAM_1WnR' <Latency = 1> <II = 1> <Delay = 1.02> <Storage> <Opcode : 'load' 'store'> <Ports = 17> <Width = 32> <Depth = 80> <RAM>
ST_4 : Operation 352 [1/2] (1.02ns)   --->   "%input_local_3_load_5 = load i7 %input_local_3_addr_5" [/home/simics/HMoE/HLS_HMoE/pseudo_block/run_7/src/pseudo_moe.cpp:154]   --->   Operation 352 'load' 'input_local_3_load_5' <Predicate = (!icmp_ln150)> <Delay = 1.02> <CoreInst = "RAM_1WnR">   --->   Core 84 'RAM_1WnR' <Latency = 1> <II = 1> <Delay = 1.02> <Storage> <Opcode : 'load' 'store'> <Ports = 17> <Width = 32> <Depth = 80> <RAM>
ST_4 : Operation 353 [1/2] (1.02ns)   --->   "%input_local_4_load_5 = load i7 %input_local_4_addr_5" [/home/simics/HMoE/HLS_HMoE/pseudo_block/run_7/src/pseudo_moe.cpp:154]   --->   Operation 353 'load' 'input_local_4_load_5' <Predicate = (!icmp_ln150)> <Delay = 1.02> <CoreInst = "RAM_1WnR">   --->   Core 84 'RAM_1WnR' <Latency = 1> <II = 1> <Delay = 1.02> <Storage> <Opcode : 'load' 'store'> <Ports = 17> <Width = 32> <Depth = 80> <RAM>
ST_4 : Operation 354 [1/2] (1.02ns)   --->   "%input_local_5_load_5 = load i7 %input_local_5_addr_5" [/home/simics/HMoE/HLS_HMoE/pseudo_block/run_7/src/pseudo_moe.cpp:154]   --->   Operation 354 'load' 'input_local_5_load_5' <Predicate = (!icmp_ln150)> <Delay = 1.02> <CoreInst = "RAM_1WnR">   --->   Core 84 'RAM_1WnR' <Latency = 1> <II = 1> <Delay = 1.02> <Storage> <Opcode : 'load' 'store'> <Ports = 17> <Width = 32> <Depth = 80> <RAM>
ST_4 : Operation 355 [1/2] (1.02ns)   --->   "%input_local_6_load_5 = load i7 %input_local_6_addr_5" [/home/simics/HMoE/HLS_HMoE/pseudo_block/run_7/src/pseudo_moe.cpp:154]   --->   Operation 355 'load' 'input_local_6_load_5' <Predicate = (!icmp_ln150)> <Delay = 1.02> <CoreInst = "RAM_1WnR">   --->   Core 84 'RAM_1WnR' <Latency = 1> <II = 1> <Delay = 1.02> <Storage> <Opcode : 'load' 'store'> <Ports = 17> <Width = 32> <Depth = 80> <RAM>
ST_4 : Operation 356 [1/2] (1.02ns)   --->   "%input_local_7_load_5 = load i7 %input_local_7_addr_5" [/home/simics/HMoE/HLS_HMoE/pseudo_block/run_7/src/pseudo_moe.cpp:154]   --->   Operation 356 'load' 'input_local_7_load_5' <Predicate = (!icmp_ln150)> <Delay = 1.02> <CoreInst = "RAM_1WnR">   --->   Core 84 'RAM_1WnR' <Latency = 1> <II = 1> <Delay = 1.02> <Storage> <Opcode : 'load' 'store'> <Ports = 17> <Width = 32> <Depth = 80> <RAM>
ST_4 : Operation 357 [2/2] (1.02ns)   --->   "%input_local_load_6 = load i7 %input_local_addr_6" [/home/simics/HMoE/HLS_HMoE/pseudo_block/run_7/src/pseudo_moe.cpp:154]   --->   Operation 357 'load' 'input_local_load_6' <Predicate = (!icmp_ln150)> <Delay = 1.02> <CoreInst = "RAM_1WnR">   --->   Core 84 'RAM_1WnR' <Latency = 1> <II = 1> <Delay = 1.02> <Storage> <Opcode : 'load' 'store'> <Ports = 17> <Width = 32> <Depth = 80> <RAM>
ST_4 : Operation 358 [2/2] (1.02ns)   --->   "%input_local_1_load_6 = load i7 %input_local_1_addr_6" [/home/simics/HMoE/HLS_HMoE/pseudo_block/run_7/src/pseudo_moe.cpp:154]   --->   Operation 358 'load' 'input_local_1_load_6' <Predicate = (!icmp_ln150)> <Delay = 1.02> <CoreInst = "RAM_1WnR">   --->   Core 84 'RAM_1WnR' <Latency = 1> <II = 1> <Delay = 1.02> <Storage> <Opcode : 'load' 'store'> <Ports = 17> <Width = 32> <Depth = 80> <RAM>
ST_4 : Operation 359 [2/2] (1.02ns)   --->   "%input_local_2_load_6 = load i7 %input_local_2_addr_6" [/home/simics/HMoE/HLS_HMoE/pseudo_block/run_7/src/pseudo_moe.cpp:154]   --->   Operation 359 'load' 'input_local_2_load_6' <Predicate = (!icmp_ln150)> <Delay = 1.02> <CoreInst = "RAM_1WnR">   --->   Core 84 'RAM_1WnR' <Latency = 1> <II = 1> <Delay = 1.02> <Storage> <Opcode : 'load' 'store'> <Ports = 17> <Width = 32> <Depth = 80> <RAM>
ST_4 : Operation 360 [2/2] (1.02ns)   --->   "%input_local_3_load_6 = load i7 %input_local_3_addr_6" [/home/simics/HMoE/HLS_HMoE/pseudo_block/run_7/src/pseudo_moe.cpp:154]   --->   Operation 360 'load' 'input_local_3_load_6' <Predicate = (!icmp_ln150)> <Delay = 1.02> <CoreInst = "RAM_1WnR">   --->   Core 84 'RAM_1WnR' <Latency = 1> <II = 1> <Delay = 1.02> <Storage> <Opcode : 'load' 'store'> <Ports = 17> <Width = 32> <Depth = 80> <RAM>
ST_4 : Operation 361 [2/2] (1.02ns)   --->   "%input_local_4_load_6 = load i7 %input_local_4_addr_6" [/home/simics/HMoE/HLS_HMoE/pseudo_block/run_7/src/pseudo_moe.cpp:154]   --->   Operation 361 'load' 'input_local_4_load_6' <Predicate = (!icmp_ln150)> <Delay = 1.02> <CoreInst = "RAM_1WnR">   --->   Core 84 'RAM_1WnR' <Latency = 1> <II = 1> <Delay = 1.02> <Storage> <Opcode : 'load' 'store'> <Ports = 17> <Width = 32> <Depth = 80> <RAM>
ST_4 : Operation 362 [2/2] (1.02ns)   --->   "%input_local_5_load_6 = load i7 %input_local_5_addr_6" [/home/simics/HMoE/HLS_HMoE/pseudo_block/run_7/src/pseudo_moe.cpp:154]   --->   Operation 362 'load' 'input_local_5_load_6' <Predicate = (!icmp_ln150)> <Delay = 1.02> <CoreInst = "RAM_1WnR">   --->   Core 84 'RAM_1WnR' <Latency = 1> <II = 1> <Delay = 1.02> <Storage> <Opcode : 'load' 'store'> <Ports = 17> <Width = 32> <Depth = 80> <RAM>
ST_4 : Operation 363 [2/2] (1.02ns)   --->   "%input_local_6_load_6 = load i7 %input_local_6_addr_6" [/home/simics/HMoE/HLS_HMoE/pseudo_block/run_7/src/pseudo_moe.cpp:154]   --->   Operation 363 'load' 'input_local_6_load_6' <Predicate = (!icmp_ln150)> <Delay = 1.02> <CoreInst = "RAM_1WnR">   --->   Core 84 'RAM_1WnR' <Latency = 1> <II = 1> <Delay = 1.02> <Storage> <Opcode : 'load' 'store'> <Ports = 17> <Width = 32> <Depth = 80> <RAM>
ST_4 : Operation 364 [2/2] (1.02ns)   --->   "%input_local_7_load_6 = load i7 %input_local_7_addr_6" [/home/simics/HMoE/HLS_HMoE/pseudo_block/run_7/src/pseudo_moe.cpp:154]   --->   Operation 364 'load' 'input_local_7_load_6' <Predicate = (!icmp_ln150)> <Delay = 1.02> <CoreInst = "RAM_1WnR">   --->   Core 84 'RAM_1WnR' <Latency = 1> <II = 1> <Delay = 1.02> <Storage> <Opcode : 'load' 'store'> <Ports = 17> <Width = 32> <Depth = 80> <RAM>
ST_4 : Operation 365 [2/2] (1.02ns)   --->   "%input_local_load_7 = load i7 %input_local_addr_7" [/home/simics/HMoE/HLS_HMoE/pseudo_block/run_7/src/pseudo_moe.cpp:154]   --->   Operation 365 'load' 'input_local_load_7' <Predicate = (!icmp_ln150)> <Delay = 1.02> <CoreInst = "RAM_1WnR">   --->   Core 84 'RAM_1WnR' <Latency = 1> <II = 1> <Delay = 1.02> <Storage> <Opcode : 'load' 'store'> <Ports = 17> <Width = 32> <Depth = 80> <RAM>
ST_4 : Operation 366 [2/2] (1.02ns)   --->   "%input_local_1_load_7 = load i7 %input_local_1_addr_7" [/home/simics/HMoE/HLS_HMoE/pseudo_block/run_7/src/pseudo_moe.cpp:154]   --->   Operation 366 'load' 'input_local_1_load_7' <Predicate = (!icmp_ln150)> <Delay = 1.02> <CoreInst = "RAM_1WnR">   --->   Core 84 'RAM_1WnR' <Latency = 1> <II = 1> <Delay = 1.02> <Storage> <Opcode : 'load' 'store'> <Ports = 17> <Width = 32> <Depth = 80> <RAM>
ST_4 : Operation 367 [2/2] (1.02ns)   --->   "%input_local_2_load_7 = load i7 %input_local_2_addr_7" [/home/simics/HMoE/HLS_HMoE/pseudo_block/run_7/src/pseudo_moe.cpp:154]   --->   Operation 367 'load' 'input_local_2_load_7' <Predicate = (!icmp_ln150)> <Delay = 1.02> <CoreInst = "RAM_1WnR">   --->   Core 84 'RAM_1WnR' <Latency = 1> <II = 1> <Delay = 1.02> <Storage> <Opcode : 'load' 'store'> <Ports = 17> <Width = 32> <Depth = 80> <RAM>
ST_4 : Operation 368 [2/2] (1.02ns)   --->   "%input_local_3_load_7 = load i7 %input_local_3_addr_7" [/home/simics/HMoE/HLS_HMoE/pseudo_block/run_7/src/pseudo_moe.cpp:154]   --->   Operation 368 'load' 'input_local_3_load_7' <Predicate = (!icmp_ln150)> <Delay = 1.02> <CoreInst = "RAM_1WnR">   --->   Core 84 'RAM_1WnR' <Latency = 1> <II = 1> <Delay = 1.02> <Storage> <Opcode : 'load' 'store'> <Ports = 17> <Width = 32> <Depth = 80> <RAM>
ST_4 : Operation 369 [2/2] (1.02ns)   --->   "%input_local_4_load_7 = load i7 %input_local_4_addr_7" [/home/simics/HMoE/HLS_HMoE/pseudo_block/run_7/src/pseudo_moe.cpp:154]   --->   Operation 369 'load' 'input_local_4_load_7' <Predicate = (!icmp_ln150)> <Delay = 1.02> <CoreInst = "RAM_1WnR">   --->   Core 84 'RAM_1WnR' <Latency = 1> <II = 1> <Delay = 1.02> <Storage> <Opcode : 'load' 'store'> <Ports = 17> <Width = 32> <Depth = 80> <RAM>
ST_4 : Operation 370 [2/2] (1.02ns)   --->   "%input_local_5_load_7 = load i7 %input_local_5_addr_7" [/home/simics/HMoE/HLS_HMoE/pseudo_block/run_7/src/pseudo_moe.cpp:154]   --->   Operation 370 'load' 'input_local_5_load_7' <Predicate = (!icmp_ln150)> <Delay = 1.02> <CoreInst = "RAM_1WnR">   --->   Core 84 'RAM_1WnR' <Latency = 1> <II = 1> <Delay = 1.02> <Storage> <Opcode : 'load' 'store'> <Ports = 17> <Width = 32> <Depth = 80> <RAM>
ST_4 : Operation 371 [2/2] (1.02ns)   --->   "%input_local_6_load_7 = load i7 %input_local_6_addr_7" [/home/simics/HMoE/HLS_HMoE/pseudo_block/run_7/src/pseudo_moe.cpp:154]   --->   Operation 371 'load' 'input_local_6_load_7' <Predicate = (!icmp_ln150)> <Delay = 1.02> <CoreInst = "RAM_1WnR">   --->   Core 84 'RAM_1WnR' <Latency = 1> <II = 1> <Delay = 1.02> <Storage> <Opcode : 'load' 'store'> <Ports = 17> <Width = 32> <Depth = 80> <RAM>
ST_4 : Operation 372 [2/2] (1.02ns)   --->   "%input_local_7_load_7 = load i7 %input_local_7_addr_7" [/home/simics/HMoE/HLS_HMoE/pseudo_block/run_7/src/pseudo_moe.cpp:154]   --->   Operation 372 'load' 'input_local_7_load_7' <Predicate = (!icmp_ln150)> <Delay = 1.02> <CoreInst = "RAM_1WnR">   --->   Core 84 'RAM_1WnR' <Latency = 1> <II = 1> <Delay = 1.02> <Storage> <Opcode : 'load' 'store'> <Ports = 17> <Width = 32> <Depth = 80> <RAM>

State 5 <SV = 4> <Delay = 7.30>
ST_5 : Operation 373 [1/1] (0.00ns)   --->   "%acc = bitcast i32 %gmem2_addr_read" [/home/simics/HMoE/HLS_HMoE/pseudo_block/run_7/src/pseudo_moe.cpp:151]   --->   Operation 373 'bitcast' 'acc' <Predicate = (!icmp_ln150)> <Delay = 0.00>
ST_5 : Operation 374 [2/2] (6.36ns)   --->   "%acc_1 = fadd i32 %acc, i32 %mul" [/home/simics/HMoE/HLS_HMoE/pseudo_block/run_7/src/pseudo_moe.cpp:154]   --->   Operation 374 'fadd' 'acc_1' <Predicate = (!icmp_ln150)> <Delay = 6.36> <CoreInst = "FAddSub_fulldsp">   --->   Core 18 'FAddSub_fulldsp' <Latency = 1> <II = 1> <Delay = 6.04> <FuncUnit> <Opcode : 'fadd' 'fsub'> <InPorts = 2> <OutPorts = 1>
ST_5 : Operation 375 [1/2] (3.88ns)   --->   "%mul83_1 = fmul i32 %input_local_1_load, i32 %bitcast_ln154_1" [/home/simics/HMoE/HLS_HMoE/pseudo_block/run_7/src/pseudo_moe.cpp:154]   --->   Operation 375 'fmul' 'mul83_1' <Predicate = (!icmp_ln150)> <Delay = 3.88> <CoreInst = "FMul_maxdsp">   --->   Core 30 'FMul_maxdsp' <Latency = 1> <II = 1> <Delay = 3.88> <FuncUnit> <Opcode : 'fmul'> <InPorts = 2> <OutPorts = 1>
ST_5 : Operation 376 [1/1] (0.00ns)   --->   "%bitcast_ln154_2 = bitcast i32 %gmem1_addr_read_2" [/home/simics/HMoE/HLS_HMoE/pseudo_block/run_7/src/pseudo_moe.cpp:154]   --->   Operation 376 'bitcast' 'bitcast_ln154_2' <Predicate = (!icmp_ln150)> <Delay = 0.00>
ST_5 : Operation 377 [2/2] (4.20ns)   --->   "%mul83_2 = fmul i32 %input_local_2_load, i32 %bitcast_ln154_2" [/home/simics/HMoE/HLS_HMoE/pseudo_block/run_7/src/pseudo_moe.cpp:154]   --->   Operation 377 'fmul' 'mul83_2' <Predicate = (!icmp_ln150)> <Delay = 4.20> <CoreInst = "FMul_maxdsp">   --->   Core 30 'FMul_maxdsp' <Latency = 1> <II = 1> <Delay = 3.88> <FuncUnit> <Opcode : 'fmul'> <InPorts = 2> <OutPorts = 1>
ST_5 : Operation 378 [1/1] (7.30ns)   --->   "%gmem1_addr_read_3 = read i32 @_ssdm_op_Read.m_axi.p1i32, i64 %gmem1_addr" [/home/simics/HMoE/HLS_HMoE/pseudo_block/run_7/src/pseudo_moe.cpp:154]   --->   Operation 378 'read' 'gmem1_addr_read_3' <Predicate = (!icmp_ln150)> <Delay = 7.30> <CoreInst = "m_axi">   --->   Core 121 'm_axi' <Latency = 0> <II = 1> <Delay = 1.00> <Adapter> <Opcode : 'read' 'write' 'readreq' 'writereq' 'writeresp'>
ST_5 : Operation 379 [1/2] (1.02ns)   --->   "%input_local_load_6 = load i7 %input_local_addr_6" [/home/simics/HMoE/HLS_HMoE/pseudo_block/run_7/src/pseudo_moe.cpp:154]   --->   Operation 379 'load' 'input_local_load_6' <Predicate = (!icmp_ln150)> <Delay = 1.02> <CoreInst = "RAM_1WnR">   --->   Core 84 'RAM_1WnR' <Latency = 1> <II = 1> <Delay = 1.02> <Storage> <Opcode : 'load' 'store'> <Ports = 17> <Width = 32> <Depth = 80> <RAM>
ST_5 : Operation 380 [1/2] (1.02ns)   --->   "%input_local_1_load_6 = load i7 %input_local_1_addr_6" [/home/simics/HMoE/HLS_HMoE/pseudo_block/run_7/src/pseudo_moe.cpp:154]   --->   Operation 380 'load' 'input_local_1_load_6' <Predicate = (!icmp_ln150)> <Delay = 1.02> <CoreInst = "RAM_1WnR">   --->   Core 84 'RAM_1WnR' <Latency = 1> <II = 1> <Delay = 1.02> <Storage> <Opcode : 'load' 'store'> <Ports = 17> <Width = 32> <Depth = 80> <RAM>
ST_5 : Operation 381 [1/2] (1.02ns)   --->   "%input_local_2_load_6 = load i7 %input_local_2_addr_6" [/home/simics/HMoE/HLS_HMoE/pseudo_block/run_7/src/pseudo_moe.cpp:154]   --->   Operation 381 'load' 'input_local_2_load_6' <Predicate = (!icmp_ln150)> <Delay = 1.02> <CoreInst = "RAM_1WnR">   --->   Core 84 'RAM_1WnR' <Latency = 1> <II = 1> <Delay = 1.02> <Storage> <Opcode : 'load' 'store'> <Ports = 17> <Width = 32> <Depth = 80> <RAM>
ST_5 : Operation 382 [1/2] (1.02ns)   --->   "%input_local_3_load_6 = load i7 %input_local_3_addr_6" [/home/simics/HMoE/HLS_HMoE/pseudo_block/run_7/src/pseudo_moe.cpp:154]   --->   Operation 382 'load' 'input_local_3_load_6' <Predicate = (!icmp_ln150)> <Delay = 1.02> <CoreInst = "RAM_1WnR">   --->   Core 84 'RAM_1WnR' <Latency = 1> <II = 1> <Delay = 1.02> <Storage> <Opcode : 'load' 'store'> <Ports = 17> <Width = 32> <Depth = 80> <RAM>
ST_5 : Operation 383 [1/2] (1.02ns)   --->   "%input_local_4_load_6 = load i7 %input_local_4_addr_6" [/home/simics/HMoE/HLS_HMoE/pseudo_block/run_7/src/pseudo_moe.cpp:154]   --->   Operation 383 'load' 'input_local_4_load_6' <Predicate = (!icmp_ln150)> <Delay = 1.02> <CoreInst = "RAM_1WnR">   --->   Core 84 'RAM_1WnR' <Latency = 1> <II = 1> <Delay = 1.02> <Storage> <Opcode : 'load' 'store'> <Ports = 17> <Width = 32> <Depth = 80> <RAM>
ST_5 : Operation 384 [1/2] (1.02ns)   --->   "%input_local_5_load_6 = load i7 %input_local_5_addr_6" [/home/simics/HMoE/HLS_HMoE/pseudo_block/run_7/src/pseudo_moe.cpp:154]   --->   Operation 384 'load' 'input_local_5_load_6' <Predicate = (!icmp_ln150)> <Delay = 1.02> <CoreInst = "RAM_1WnR">   --->   Core 84 'RAM_1WnR' <Latency = 1> <II = 1> <Delay = 1.02> <Storage> <Opcode : 'load' 'store'> <Ports = 17> <Width = 32> <Depth = 80> <RAM>
ST_5 : Operation 385 [1/2] (1.02ns)   --->   "%input_local_6_load_6 = load i7 %input_local_6_addr_6" [/home/simics/HMoE/HLS_HMoE/pseudo_block/run_7/src/pseudo_moe.cpp:154]   --->   Operation 385 'load' 'input_local_6_load_6' <Predicate = (!icmp_ln150)> <Delay = 1.02> <CoreInst = "RAM_1WnR">   --->   Core 84 'RAM_1WnR' <Latency = 1> <II = 1> <Delay = 1.02> <Storage> <Opcode : 'load' 'store'> <Ports = 17> <Width = 32> <Depth = 80> <RAM>
ST_5 : Operation 386 [1/2] (1.02ns)   --->   "%input_local_7_load_6 = load i7 %input_local_7_addr_6" [/home/simics/HMoE/HLS_HMoE/pseudo_block/run_7/src/pseudo_moe.cpp:154]   --->   Operation 386 'load' 'input_local_7_load_6' <Predicate = (!icmp_ln150)> <Delay = 1.02> <CoreInst = "RAM_1WnR">   --->   Core 84 'RAM_1WnR' <Latency = 1> <II = 1> <Delay = 1.02> <Storage> <Opcode : 'load' 'store'> <Ports = 17> <Width = 32> <Depth = 80> <RAM>
ST_5 : Operation 387 [1/2] (1.02ns)   --->   "%input_local_load_7 = load i7 %input_local_addr_7" [/home/simics/HMoE/HLS_HMoE/pseudo_block/run_7/src/pseudo_moe.cpp:154]   --->   Operation 387 'load' 'input_local_load_7' <Predicate = (!icmp_ln150)> <Delay = 1.02> <CoreInst = "RAM_1WnR">   --->   Core 84 'RAM_1WnR' <Latency = 1> <II = 1> <Delay = 1.02> <Storage> <Opcode : 'load' 'store'> <Ports = 17> <Width = 32> <Depth = 80> <RAM>
ST_5 : Operation 388 [1/2] (1.02ns)   --->   "%input_local_1_load_7 = load i7 %input_local_1_addr_7" [/home/simics/HMoE/HLS_HMoE/pseudo_block/run_7/src/pseudo_moe.cpp:154]   --->   Operation 388 'load' 'input_local_1_load_7' <Predicate = (!icmp_ln150)> <Delay = 1.02> <CoreInst = "RAM_1WnR">   --->   Core 84 'RAM_1WnR' <Latency = 1> <II = 1> <Delay = 1.02> <Storage> <Opcode : 'load' 'store'> <Ports = 17> <Width = 32> <Depth = 80> <RAM>
ST_5 : Operation 389 [1/2] (1.02ns)   --->   "%input_local_2_load_7 = load i7 %input_local_2_addr_7" [/home/simics/HMoE/HLS_HMoE/pseudo_block/run_7/src/pseudo_moe.cpp:154]   --->   Operation 389 'load' 'input_local_2_load_7' <Predicate = (!icmp_ln150)> <Delay = 1.02> <CoreInst = "RAM_1WnR">   --->   Core 84 'RAM_1WnR' <Latency = 1> <II = 1> <Delay = 1.02> <Storage> <Opcode : 'load' 'store'> <Ports = 17> <Width = 32> <Depth = 80> <RAM>
ST_5 : Operation 390 [1/2] (1.02ns)   --->   "%input_local_3_load_7 = load i7 %input_local_3_addr_7" [/home/simics/HMoE/HLS_HMoE/pseudo_block/run_7/src/pseudo_moe.cpp:154]   --->   Operation 390 'load' 'input_local_3_load_7' <Predicate = (!icmp_ln150)> <Delay = 1.02> <CoreInst = "RAM_1WnR">   --->   Core 84 'RAM_1WnR' <Latency = 1> <II = 1> <Delay = 1.02> <Storage> <Opcode : 'load' 'store'> <Ports = 17> <Width = 32> <Depth = 80> <RAM>
ST_5 : Operation 391 [1/2] (1.02ns)   --->   "%input_local_4_load_7 = load i7 %input_local_4_addr_7" [/home/simics/HMoE/HLS_HMoE/pseudo_block/run_7/src/pseudo_moe.cpp:154]   --->   Operation 391 'load' 'input_local_4_load_7' <Predicate = (!icmp_ln150)> <Delay = 1.02> <CoreInst = "RAM_1WnR">   --->   Core 84 'RAM_1WnR' <Latency = 1> <II = 1> <Delay = 1.02> <Storage> <Opcode : 'load' 'store'> <Ports = 17> <Width = 32> <Depth = 80> <RAM>
ST_5 : Operation 392 [1/2] (1.02ns)   --->   "%input_local_5_load_7 = load i7 %input_local_5_addr_7" [/home/simics/HMoE/HLS_HMoE/pseudo_block/run_7/src/pseudo_moe.cpp:154]   --->   Operation 392 'load' 'input_local_5_load_7' <Predicate = (!icmp_ln150)> <Delay = 1.02> <CoreInst = "RAM_1WnR">   --->   Core 84 'RAM_1WnR' <Latency = 1> <II = 1> <Delay = 1.02> <Storage> <Opcode : 'load' 'store'> <Ports = 17> <Width = 32> <Depth = 80> <RAM>
ST_5 : Operation 393 [1/2] (1.02ns)   --->   "%input_local_6_load_7 = load i7 %input_local_6_addr_7" [/home/simics/HMoE/HLS_HMoE/pseudo_block/run_7/src/pseudo_moe.cpp:154]   --->   Operation 393 'load' 'input_local_6_load_7' <Predicate = (!icmp_ln150)> <Delay = 1.02> <CoreInst = "RAM_1WnR">   --->   Core 84 'RAM_1WnR' <Latency = 1> <II = 1> <Delay = 1.02> <Storage> <Opcode : 'load' 'store'> <Ports = 17> <Width = 32> <Depth = 80> <RAM>
ST_5 : Operation 394 [1/2] (1.02ns)   --->   "%input_local_7_load_7 = load i7 %input_local_7_addr_7" [/home/simics/HMoE/HLS_HMoE/pseudo_block/run_7/src/pseudo_moe.cpp:154]   --->   Operation 394 'load' 'input_local_7_load_7' <Predicate = (!icmp_ln150)> <Delay = 1.02> <CoreInst = "RAM_1WnR">   --->   Core 84 'RAM_1WnR' <Latency = 1> <II = 1> <Delay = 1.02> <Storage> <Opcode : 'load' 'store'> <Ports = 17> <Width = 32> <Depth = 80> <RAM>

State 6 <SV = 5> <Delay = 7.30>
ST_6 : Operation 395 [1/2] (6.04ns)   --->   "%acc_1 = fadd i32 %acc, i32 %mul" [/home/simics/HMoE/HLS_HMoE/pseudo_block/run_7/src/pseudo_moe.cpp:154]   --->   Operation 395 'fadd' 'acc_1' <Predicate = (!icmp_ln150)> <Delay = 6.04> <CoreInst = "FAddSub_fulldsp">   --->   Core 18 'FAddSub_fulldsp' <Latency = 1> <II = 1> <Delay = 6.04> <FuncUnit> <Opcode : 'fadd' 'fsub'> <InPorts = 2> <OutPorts = 1>
ST_6 : Operation 396 [1/2] (3.88ns)   --->   "%mul83_2 = fmul i32 %input_local_2_load, i32 %bitcast_ln154_2" [/home/simics/HMoE/HLS_HMoE/pseudo_block/run_7/src/pseudo_moe.cpp:154]   --->   Operation 396 'fmul' 'mul83_2' <Predicate = (!icmp_ln150)> <Delay = 3.88> <CoreInst = "FMul_maxdsp">   --->   Core 30 'FMul_maxdsp' <Latency = 1> <II = 1> <Delay = 3.88> <FuncUnit> <Opcode : 'fmul'> <InPorts = 2> <OutPorts = 1>
ST_6 : Operation 397 [1/1] (0.00ns)   --->   "%bitcast_ln154_3 = bitcast i32 %gmem1_addr_read_3" [/home/simics/HMoE/HLS_HMoE/pseudo_block/run_7/src/pseudo_moe.cpp:154]   --->   Operation 397 'bitcast' 'bitcast_ln154_3' <Predicate = (!icmp_ln150)> <Delay = 0.00>
ST_6 : Operation 398 [2/2] (4.20ns)   --->   "%mul83_3 = fmul i32 %input_local_3_load, i32 %bitcast_ln154_3" [/home/simics/HMoE/HLS_HMoE/pseudo_block/run_7/src/pseudo_moe.cpp:154]   --->   Operation 398 'fmul' 'mul83_3' <Predicate = (!icmp_ln150)> <Delay = 4.20> <CoreInst = "FMul_maxdsp">   --->   Core 30 'FMul_maxdsp' <Latency = 1> <II = 1> <Delay = 3.88> <FuncUnit> <Opcode : 'fmul'> <InPorts = 2> <OutPorts = 1>
ST_6 : Operation 399 [1/1] (7.30ns)   --->   "%gmem1_addr_read_4 = read i32 @_ssdm_op_Read.m_axi.p1i32, i64 %gmem1_addr" [/home/simics/HMoE/HLS_HMoE/pseudo_block/run_7/src/pseudo_moe.cpp:154]   --->   Operation 399 'read' 'gmem1_addr_read_4' <Predicate = (!icmp_ln150)> <Delay = 7.30> <CoreInst = "m_axi">   --->   Core 121 'm_axi' <Latency = 0> <II = 1> <Delay = 1.00> <Adapter> <Opcode : 'read' 'write' 'readreq' 'writereq' 'writeresp'>

State 7 <SV = 6> <Delay = 7.30>
ST_7 : Operation 400 [2/2] (6.36ns)   --->   "%acc_2 = fadd i32 %acc_1, i32 %mul83_1" [/home/simics/HMoE/HLS_HMoE/pseudo_block/run_7/src/pseudo_moe.cpp:154]   --->   Operation 400 'fadd' 'acc_2' <Predicate = (!icmp_ln150)> <Delay = 6.36> <CoreInst = "FAddSub_fulldsp">   --->   Core 18 'FAddSub_fulldsp' <Latency = 1> <II = 1> <Delay = 6.04> <FuncUnit> <Opcode : 'fadd' 'fsub'> <InPorts = 2> <OutPorts = 1>
ST_7 : Operation 401 [1/2] (3.88ns)   --->   "%mul83_3 = fmul i32 %input_local_3_load, i32 %bitcast_ln154_3" [/home/simics/HMoE/HLS_HMoE/pseudo_block/run_7/src/pseudo_moe.cpp:154]   --->   Operation 401 'fmul' 'mul83_3' <Predicate = (!icmp_ln150)> <Delay = 3.88> <CoreInst = "FMul_maxdsp">   --->   Core 30 'FMul_maxdsp' <Latency = 1> <II = 1> <Delay = 3.88> <FuncUnit> <Opcode : 'fmul'> <InPorts = 2> <OutPorts = 1>
ST_7 : Operation 402 [1/1] (0.00ns)   --->   "%bitcast_ln154_4 = bitcast i32 %gmem1_addr_read_4" [/home/simics/HMoE/HLS_HMoE/pseudo_block/run_7/src/pseudo_moe.cpp:154]   --->   Operation 402 'bitcast' 'bitcast_ln154_4' <Predicate = (!icmp_ln150)> <Delay = 0.00>
ST_7 : Operation 403 [2/2] (4.20ns)   --->   "%mul83_4 = fmul i32 %input_local_4_load, i32 %bitcast_ln154_4" [/home/simics/HMoE/HLS_HMoE/pseudo_block/run_7/src/pseudo_moe.cpp:154]   --->   Operation 403 'fmul' 'mul83_4' <Predicate = (!icmp_ln150)> <Delay = 4.20> <CoreInst = "FMul_maxdsp">   --->   Core 30 'FMul_maxdsp' <Latency = 1> <II = 1> <Delay = 3.88> <FuncUnit> <Opcode : 'fmul'> <InPorts = 2> <OutPorts = 1>
ST_7 : Operation 404 [1/1] (7.30ns)   --->   "%gmem1_addr_read_5 = read i32 @_ssdm_op_Read.m_axi.p1i32, i64 %gmem1_addr" [/home/simics/HMoE/HLS_HMoE/pseudo_block/run_7/src/pseudo_moe.cpp:154]   --->   Operation 404 'read' 'gmem1_addr_read_5' <Predicate = (!icmp_ln150)> <Delay = 7.30> <CoreInst = "m_axi">   --->   Core 121 'm_axi' <Latency = 0> <II = 1> <Delay = 1.00> <Adapter> <Opcode : 'read' 'write' 'readreq' 'writereq' 'writeresp'>

State 8 <SV = 7> <Delay = 7.30>
ST_8 : Operation 405 [1/2] (6.04ns)   --->   "%acc_2 = fadd i32 %acc_1, i32 %mul83_1" [/home/simics/HMoE/HLS_HMoE/pseudo_block/run_7/src/pseudo_moe.cpp:154]   --->   Operation 405 'fadd' 'acc_2' <Predicate = (!icmp_ln150)> <Delay = 6.04> <CoreInst = "FAddSub_fulldsp">   --->   Core 18 'FAddSub_fulldsp' <Latency = 1> <II = 1> <Delay = 6.04> <FuncUnit> <Opcode : 'fadd' 'fsub'> <InPorts = 2> <OutPorts = 1>
ST_8 : Operation 406 [1/2] (3.88ns)   --->   "%mul83_4 = fmul i32 %input_local_4_load, i32 %bitcast_ln154_4" [/home/simics/HMoE/HLS_HMoE/pseudo_block/run_7/src/pseudo_moe.cpp:154]   --->   Operation 406 'fmul' 'mul83_4' <Predicate = (!icmp_ln150)> <Delay = 3.88> <CoreInst = "FMul_maxdsp">   --->   Core 30 'FMul_maxdsp' <Latency = 1> <II = 1> <Delay = 3.88> <FuncUnit> <Opcode : 'fmul'> <InPorts = 2> <OutPorts = 1>
ST_8 : Operation 407 [1/1] (0.00ns)   --->   "%bitcast_ln154_5 = bitcast i32 %gmem1_addr_read_5" [/home/simics/HMoE/HLS_HMoE/pseudo_block/run_7/src/pseudo_moe.cpp:154]   --->   Operation 407 'bitcast' 'bitcast_ln154_5' <Predicate = (!icmp_ln150)> <Delay = 0.00>
ST_8 : Operation 408 [2/2] (4.20ns)   --->   "%mul83_5 = fmul i32 %input_local_5_load, i32 %bitcast_ln154_5" [/home/simics/HMoE/HLS_HMoE/pseudo_block/run_7/src/pseudo_moe.cpp:154]   --->   Operation 408 'fmul' 'mul83_5' <Predicate = (!icmp_ln150)> <Delay = 4.20> <CoreInst = "FMul_maxdsp">   --->   Core 30 'FMul_maxdsp' <Latency = 1> <II = 1> <Delay = 3.88> <FuncUnit> <Opcode : 'fmul'> <InPorts = 2> <OutPorts = 1>
ST_8 : Operation 409 [1/1] (7.30ns)   --->   "%gmem1_addr_read_6 = read i32 @_ssdm_op_Read.m_axi.p1i32, i64 %gmem1_addr" [/home/simics/HMoE/HLS_HMoE/pseudo_block/run_7/src/pseudo_moe.cpp:154]   --->   Operation 409 'read' 'gmem1_addr_read_6' <Predicate = (!icmp_ln150)> <Delay = 7.30> <CoreInst = "m_axi">   --->   Core 121 'm_axi' <Latency = 0> <II = 1> <Delay = 1.00> <Adapter> <Opcode : 'read' 'write' 'readreq' 'writereq' 'writeresp'>

State 9 <SV = 8> <Delay = 7.30>
ST_9 : Operation 410 [2/2] (6.36ns)   --->   "%acc_3 = fadd i32 %acc_2, i32 %mul83_2" [/home/simics/HMoE/HLS_HMoE/pseudo_block/run_7/src/pseudo_moe.cpp:154]   --->   Operation 410 'fadd' 'acc_3' <Predicate = (!icmp_ln150)> <Delay = 6.36> <CoreInst = "FAddSub_fulldsp">   --->   Core 18 'FAddSub_fulldsp' <Latency = 1> <II = 1> <Delay = 6.04> <FuncUnit> <Opcode : 'fadd' 'fsub'> <InPorts = 2> <OutPorts = 1>
ST_9 : Operation 411 [1/2] (3.88ns)   --->   "%mul83_5 = fmul i32 %input_local_5_load, i32 %bitcast_ln154_5" [/home/simics/HMoE/HLS_HMoE/pseudo_block/run_7/src/pseudo_moe.cpp:154]   --->   Operation 411 'fmul' 'mul83_5' <Predicate = (!icmp_ln150)> <Delay = 3.88> <CoreInst = "FMul_maxdsp">   --->   Core 30 'FMul_maxdsp' <Latency = 1> <II = 1> <Delay = 3.88> <FuncUnit> <Opcode : 'fmul'> <InPorts = 2> <OutPorts = 1>
ST_9 : Operation 412 [1/1] (0.00ns)   --->   "%bitcast_ln154_6 = bitcast i32 %gmem1_addr_read_6" [/home/simics/HMoE/HLS_HMoE/pseudo_block/run_7/src/pseudo_moe.cpp:154]   --->   Operation 412 'bitcast' 'bitcast_ln154_6' <Predicate = (!icmp_ln150)> <Delay = 0.00>
ST_9 : Operation 413 [2/2] (4.20ns)   --->   "%mul83_6 = fmul i32 %input_local_6_load, i32 %bitcast_ln154_6" [/home/simics/HMoE/HLS_HMoE/pseudo_block/run_7/src/pseudo_moe.cpp:154]   --->   Operation 413 'fmul' 'mul83_6' <Predicate = (!icmp_ln150)> <Delay = 4.20> <CoreInst = "FMul_maxdsp">   --->   Core 30 'FMul_maxdsp' <Latency = 1> <II = 1> <Delay = 3.88> <FuncUnit> <Opcode : 'fmul'> <InPorts = 2> <OutPorts = 1>
ST_9 : Operation 414 [1/1] (7.30ns)   --->   "%gmem1_addr_read_7 = read i32 @_ssdm_op_Read.m_axi.p1i32, i64 %gmem1_addr" [/home/simics/HMoE/HLS_HMoE/pseudo_block/run_7/src/pseudo_moe.cpp:154]   --->   Operation 414 'read' 'gmem1_addr_read_7' <Predicate = (!icmp_ln150)> <Delay = 7.30> <CoreInst = "m_axi">   --->   Core 121 'm_axi' <Latency = 0> <II = 1> <Delay = 1.00> <Adapter> <Opcode : 'read' 'write' 'readreq' 'writereq' 'writeresp'>

State 10 <SV = 9> <Delay = 7.30>
ST_10 : Operation 415 [1/2] (6.04ns)   --->   "%acc_3 = fadd i32 %acc_2, i32 %mul83_2" [/home/simics/HMoE/HLS_HMoE/pseudo_block/run_7/src/pseudo_moe.cpp:154]   --->   Operation 415 'fadd' 'acc_3' <Predicate = (!icmp_ln150)> <Delay = 6.04> <CoreInst = "FAddSub_fulldsp">   --->   Core 18 'FAddSub_fulldsp' <Latency = 1> <II = 1> <Delay = 6.04> <FuncUnit> <Opcode : 'fadd' 'fsub'> <InPorts = 2> <OutPorts = 1>
ST_10 : Operation 416 [1/2] (3.88ns)   --->   "%mul83_6 = fmul i32 %input_local_6_load, i32 %bitcast_ln154_6" [/home/simics/HMoE/HLS_HMoE/pseudo_block/run_7/src/pseudo_moe.cpp:154]   --->   Operation 416 'fmul' 'mul83_6' <Predicate = (!icmp_ln150)> <Delay = 3.88> <CoreInst = "FMul_maxdsp">   --->   Core 30 'FMul_maxdsp' <Latency = 1> <II = 1> <Delay = 3.88> <FuncUnit> <Opcode : 'fmul'> <InPorts = 2> <OutPorts = 1>
ST_10 : Operation 417 [1/1] (0.00ns)   --->   "%bitcast_ln154_7 = bitcast i32 %gmem1_addr_read_7" [/home/simics/HMoE/HLS_HMoE/pseudo_block/run_7/src/pseudo_moe.cpp:154]   --->   Operation 417 'bitcast' 'bitcast_ln154_7' <Predicate = (!icmp_ln150)> <Delay = 0.00>
ST_10 : Operation 418 [2/2] (4.20ns)   --->   "%mul83_7 = fmul i32 %input_local_7_load, i32 %bitcast_ln154_7" [/home/simics/HMoE/HLS_HMoE/pseudo_block/run_7/src/pseudo_moe.cpp:154]   --->   Operation 418 'fmul' 'mul83_7' <Predicate = (!icmp_ln150)> <Delay = 4.20> <CoreInst = "FMul_maxdsp">   --->   Core 30 'FMul_maxdsp' <Latency = 1> <II = 1> <Delay = 3.88> <FuncUnit> <Opcode : 'fmul'> <InPorts = 2> <OutPorts = 1>
ST_10 : Operation 419 [1/1] (7.30ns)   --->   "%gmem1_addr_read_8 = read i32 @_ssdm_op_Read.m_axi.p1i32, i64 %gmem1_addr" [/home/simics/HMoE/HLS_HMoE/pseudo_block/run_7/src/pseudo_moe.cpp:154]   --->   Operation 419 'read' 'gmem1_addr_read_8' <Predicate = (!icmp_ln150)> <Delay = 7.30> <CoreInst = "m_axi">   --->   Core 121 'm_axi' <Latency = 0> <II = 1> <Delay = 1.00> <Adapter> <Opcode : 'read' 'write' 'readreq' 'writereq' 'writeresp'>

State 11 <SV = 10> <Delay = 7.30>
ST_11 : Operation 420 [2/2] (6.36ns)   --->   "%acc_4 = fadd i32 %acc_3, i32 %mul83_3" [/home/simics/HMoE/HLS_HMoE/pseudo_block/run_7/src/pseudo_moe.cpp:154]   --->   Operation 420 'fadd' 'acc_4' <Predicate = (!icmp_ln150)> <Delay = 6.36> <CoreInst = "FAddSub_fulldsp">   --->   Core 18 'FAddSub_fulldsp' <Latency = 1> <II = 1> <Delay = 6.04> <FuncUnit> <Opcode : 'fadd' 'fsub'> <InPorts = 2> <OutPorts = 1>
ST_11 : Operation 421 [1/2] (3.88ns)   --->   "%mul83_7 = fmul i32 %input_local_7_load, i32 %bitcast_ln154_7" [/home/simics/HMoE/HLS_HMoE/pseudo_block/run_7/src/pseudo_moe.cpp:154]   --->   Operation 421 'fmul' 'mul83_7' <Predicate = (!icmp_ln150)> <Delay = 3.88> <CoreInst = "FMul_maxdsp">   --->   Core 30 'FMul_maxdsp' <Latency = 1> <II = 1> <Delay = 3.88> <FuncUnit> <Opcode : 'fmul'> <InPorts = 2> <OutPorts = 1>
ST_11 : Operation 422 [1/1] (0.00ns)   --->   "%bitcast_ln154_8 = bitcast i32 %gmem1_addr_read_8" [/home/simics/HMoE/HLS_HMoE/pseudo_block/run_7/src/pseudo_moe.cpp:154]   --->   Operation 422 'bitcast' 'bitcast_ln154_8' <Predicate = (!icmp_ln150)> <Delay = 0.00>
ST_11 : Operation 423 [2/2] (4.20ns)   --->   "%mul83_8 = fmul i32 %input_local_load_1, i32 %bitcast_ln154_8" [/home/simics/HMoE/HLS_HMoE/pseudo_block/run_7/src/pseudo_moe.cpp:154]   --->   Operation 423 'fmul' 'mul83_8' <Predicate = (!icmp_ln150)> <Delay = 4.20> <CoreInst = "FMul_maxdsp">   --->   Core 30 'FMul_maxdsp' <Latency = 1> <II = 1> <Delay = 3.88> <FuncUnit> <Opcode : 'fmul'> <InPorts = 2> <OutPorts = 1>
ST_11 : Operation 424 [1/1] (7.30ns)   --->   "%gmem1_addr_read_9 = read i32 @_ssdm_op_Read.m_axi.p1i32, i64 %gmem1_addr" [/home/simics/HMoE/HLS_HMoE/pseudo_block/run_7/src/pseudo_moe.cpp:154]   --->   Operation 424 'read' 'gmem1_addr_read_9' <Predicate = (!icmp_ln150)> <Delay = 7.30> <CoreInst = "m_axi">   --->   Core 121 'm_axi' <Latency = 0> <II = 1> <Delay = 1.00> <Adapter> <Opcode : 'read' 'write' 'readreq' 'writereq' 'writeresp'>

State 12 <SV = 11> <Delay = 7.30>
ST_12 : Operation 425 [1/2] (6.04ns)   --->   "%acc_4 = fadd i32 %acc_3, i32 %mul83_3" [/home/simics/HMoE/HLS_HMoE/pseudo_block/run_7/src/pseudo_moe.cpp:154]   --->   Operation 425 'fadd' 'acc_4' <Predicate = (!icmp_ln150)> <Delay = 6.04> <CoreInst = "FAddSub_fulldsp">   --->   Core 18 'FAddSub_fulldsp' <Latency = 1> <II = 1> <Delay = 6.04> <FuncUnit> <Opcode : 'fadd' 'fsub'> <InPorts = 2> <OutPorts = 1>
ST_12 : Operation 426 [1/2] (3.88ns)   --->   "%mul83_8 = fmul i32 %input_local_load_1, i32 %bitcast_ln154_8" [/home/simics/HMoE/HLS_HMoE/pseudo_block/run_7/src/pseudo_moe.cpp:154]   --->   Operation 426 'fmul' 'mul83_8' <Predicate = (!icmp_ln150)> <Delay = 3.88> <CoreInst = "FMul_maxdsp">   --->   Core 30 'FMul_maxdsp' <Latency = 1> <II = 1> <Delay = 3.88> <FuncUnit> <Opcode : 'fmul'> <InPorts = 2> <OutPorts = 1>
ST_12 : Operation 427 [1/1] (0.00ns)   --->   "%bitcast_ln154_9 = bitcast i32 %gmem1_addr_read_9" [/home/simics/HMoE/HLS_HMoE/pseudo_block/run_7/src/pseudo_moe.cpp:154]   --->   Operation 427 'bitcast' 'bitcast_ln154_9' <Predicate = (!icmp_ln150)> <Delay = 0.00>
ST_12 : Operation 428 [2/2] (4.20ns)   --->   "%mul83_9 = fmul i32 %input_local_1_load_1, i32 %bitcast_ln154_9" [/home/simics/HMoE/HLS_HMoE/pseudo_block/run_7/src/pseudo_moe.cpp:154]   --->   Operation 428 'fmul' 'mul83_9' <Predicate = (!icmp_ln150)> <Delay = 4.20> <CoreInst = "FMul_maxdsp">   --->   Core 30 'FMul_maxdsp' <Latency = 1> <II = 1> <Delay = 3.88> <FuncUnit> <Opcode : 'fmul'> <InPorts = 2> <OutPorts = 1>
ST_12 : Operation 429 [1/1] (7.30ns)   --->   "%gmem1_addr_read_10 = read i32 @_ssdm_op_Read.m_axi.p1i32, i64 %gmem1_addr" [/home/simics/HMoE/HLS_HMoE/pseudo_block/run_7/src/pseudo_moe.cpp:154]   --->   Operation 429 'read' 'gmem1_addr_read_10' <Predicate = (!icmp_ln150)> <Delay = 7.30> <CoreInst = "m_axi">   --->   Core 121 'm_axi' <Latency = 0> <II = 1> <Delay = 1.00> <Adapter> <Opcode : 'read' 'write' 'readreq' 'writereq' 'writeresp'>

State 13 <SV = 12> <Delay = 7.30>
ST_13 : Operation 430 [2/2] (6.36ns)   --->   "%acc_5 = fadd i32 %acc_4, i32 %mul83_4" [/home/simics/HMoE/HLS_HMoE/pseudo_block/run_7/src/pseudo_moe.cpp:154]   --->   Operation 430 'fadd' 'acc_5' <Predicate = (!icmp_ln150)> <Delay = 6.36> <CoreInst = "FAddSub_fulldsp">   --->   Core 18 'FAddSub_fulldsp' <Latency = 1> <II = 1> <Delay = 6.04> <FuncUnit> <Opcode : 'fadd' 'fsub'> <InPorts = 2> <OutPorts = 1>
ST_13 : Operation 431 [1/2] (3.88ns)   --->   "%mul83_9 = fmul i32 %input_local_1_load_1, i32 %bitcast_ln154_9" [/home/simics/HMoE/HLS_HMoE/pseudo_block/run_7/src/pseudo_moe.cpp:154]   --->   Operation 431 'fmul' 'mul83_9' <Predicate = (!icmp_ln150)> <Delay = 3.88> <CoreInst = "FMul_maxdsp">   --->   Core 30 'FMul_maxdsp' <Latency = 1> <II = 1> <Delay = 3.88> <FuncUnit> <Opcode : 'fmul'> <InPorts = 2> <OutPorts = 1>
ST_13 : Operation 432 [1/1] (0.00ns)   --->   "%bitcast_ln154_10 = bitcast i32 %gmem1_addr_read_10" [/home/simics/HMoE/HLS_HMoE/pseudo_block/run_7/src/pseudo_moe.cpp:154]   --->   Operation 432 'bitcast' 'bitcast_ln154_10' <Predicate = (!icmp_ln150)> <Delay = 0.00>
ST_13 : Operation 433 [2/2] (4.20ns)   --->   "%mul83_s = fmul i32 %input_local_2_load_1, i32 %bitcast_ln154_10" [/home/simics/HMoE/HLS_HMoE/pseudo_block/run_7/src/pseudo_moe.cpp:154]   --->   Operation 433 'fmul' 'mul83_s' <Predicate = (!icmp_ln150)> <Delay = 4.20> <CoreInst = "FMul_maxdsp">   --->   Core 30 'FMul_maxdsp' <Latency = 1> <II = 1> <Delay = 3.88> <FuncUnit> <Opcode : 'fmul'> <InPorts = 2> <OutPorts = 1>
ST_13 : Operation 434 [1/1] (7.30ns)   --->   "%gmem1_addr_read_11 = read i32 @_ssdm_op_Read.m_axi.p1i32, i64 %gmem1_addr" [/home/simics/HMoE/HLS_HMoE/pseudo_block/run_7/src/pseudo_moe.cpp:154]   --->   Operation 434 'read' 'gmem1_addr_read_11' <Predicate = (!icmp_ln150)> <Delay = 7.30> <CoreInst = "m_axi">   --->   Core 121 'm_axi' <Latency = 0> <II = 1> <Delay = 1.00> <Adapter> <Opcode : 'read' 'write' 'readreq' 'writereq' 'writeresp'>

State 14 <SV = 13> <Delay = 7.30>
ST_14 : Operation 435 [1/2] (6.04ns)   --->   "%acc_5 = fadd i32 %acc_4, i32 %mul83_4" [/home/simics/HMoE/HLS_HMoE/pseudo_block/run_7/src/pseudo_moe.cpp:154]   --->   Operation 435 'fadd' 'acc_5' <Predicate = (!icmp_ln150)> <Delay = 6.04> <CoreInst = "FAddSub_fulldsp">   --->   Core 18 'FAddSub_fulldsp' <Latency = 1> <II = 1> <Delay = 6.04> <FuncUnit> <Opcode : 'fadd' 'fsub'> <InPorts = 2> <OutPorts = 1>
ST_14 : Operation 436 [1/2] (3.88ns)   --->   "%mul83_s = fmul i32 %input_local_2_load_1, i32 %bitcast_ln154_10" [/home/simics/HMoE/HLS_HMoE/pseudo_block/run_7/src/pseudo_moe.cpp:154]   --->   Operation 436 'fmul' 'mul83_s' <Predicate = (!icmp_ln150)> <Delay = 3.88> <CoreInst = "FMul_maxdsp">   --->   Core 30 'FMul_maxdsp' <Latency = 1> <II = 1> <Delay = 3.88> <FuncUnit> <Opcode : 'fmul'> <InPorts = 2> <OutPorts = 1>
ST_14 : Operation 437 [1/1] (0.00ns)   --->   "%bitcast_ln154_11 = bitcast i32 %gmem1_addr_read_11" [/home/simics/HMoE/HLS_HMoE/pseudo_block/run_7/src/pseudo_moe.cpp:154]   --->   Operation 437 'bitcast' 'bitcast_ln154_11' <Predicate = (!icmp_ln150)> <Delay = 0.00>
ST_14 : Operation 438 [2/2] (4.20ns)   --->   "%mul83_10 = fmul i32 %input_local_3_load_1, i32 %bitcast_ln154_11" [/home/simics/HMoE/HLS_HMoE/pseudo_block/run_7/src/pseudo_moe.cpp:154]   --->   Operation 438 'fmul' 'mul83_10' <Predicate = (!icmp_ln150)> <Delay = 4.20> <CoreInst = "FMul_maxdsp">   --->   Core 30 'FMul_maxdsp' <Latency = 1> <II = 1> <Delay = 3.88> <FuncUnit> <Opcode : 'fmul'> <InPorts = 2> <OutPorts = 1>
ST_14 : Operation 439 [1/1] (7.30ns)   --->   "%gmem1_addr_read_12 = read i32 @_ssdm_op_Read.m_axi.p1i32, i64 %gmem1_addr" [/home/simics/HMoE/HLS_HMoE/pseudo_block/run_7/src/pseudo_moe.cpp:154]   --->   Operation 439 'read' 'gmem1_addr_read_12' <Predicate = (!icmp_ln150)> <Delay = 7.30> <CoreInst = "m_axi">   --->   Core 121 'm_axi' <Latency = 0> <II = 1> <Delay = 1.00> <Adapter> <Opcode : 'read' 'write' 'readreq' 'writereq' 'writeresp'>

State 15 <SV = 14> <Delay = 7.30>
ST_15 : Operation 440 [2/2] (6.36ns)   --->   "%acc_6 = fadd i32 %acc_5, i32 %mul83_5" [/home/simics/HMoE/HLS_HMoE/pseudo_block/run_7/src/pseudo_moe.cpp:154]   --->   Operation 440 'fadd' 'acc_6' <Predicate = (!icmp_ln150)> <Delay = 6.36> <CoreInst = "FAddSub_fulldsp">   --->   Core 18 'FAddSub_fulldsp' <Latency = 1> <II = 1> <Delay = 6.04> <FuncUnit> <Opcode : 'fadd' 'fsub'> <InPorts = 2> <OutPorts = 1>
ST_15 : Operation 441 [1/2] (3.88ns)   --->   "%mul83_10 = fmul i32 %input_local_3_load_1, i32 %bitcast_ln154_11" [/home/simics/HMoE/HLS_HMoE/pseudo_block/run_7/src/pseudo_moe.cpp:154]   --->   Operation 441 'fmul' 'mul83_10' <Predicate = (!icmp_ln150)> <Delay = 3.88> <CoreInst = "FMul_maxdsp">   --->   Core 30 'FMul_maxdsp' <Latency = 1> <II = 1> <Delay = 3.88> <FuncUnit> <Opcode : 'fmul'> <InPorts = 2> <OutPorts = 1>
ST_15 : Operation 442 [1/1] (0.00ns)   --->   "%bitcast_ln154_12 = bitcast i32 %gmem1_addr_read_12" [/home/simics/HMoE/HLS_HMoE/pseudo_block/run_7/src/pseudo_moe.cpp:154]   --->   Operation 442 'bitcast' 'bitcast_ln154_12' <Predicate = (!icmp_ln150)> <Delay = 0.00>
ST_15 : Operation 443 [2/2] (4.20ns)   --->   "%mul83_11 = fmul i32 %input_local_4_load_1, i32 %bitcast_ln154_12" [/home/simics/HMoE/HLS_HMoE/pseudo_block/run_7/src/pseudo_moe.cpp:154]   --->   Operation 443 'fmul' 'mul83_11' <Predicate = (!icmp_ln150)> <Delay = 4.20> <CoreInst = "FMul_maxdsp">   --->   Core 30 'FMul_maxdsp' <Latency = 1> <II = 1> <Delay = 3.88> <FuncUnit> <Opcode : 'fmul'> <InPorts = 2> <OutPorts = 1>
ST_15 : Operation 444 [1/1] (7.30ns)   --->   "%gmem1_addr_read_13 = read i32 @_ssdm_op_Read.m_axi.p1i32, i64 %gmem1_addr" [/home/simics/HMoE/HLS_HMoE/pseudo_block/run_7/src/pseudo_moe.cpp:154]   --->   Operation 444 'read' 'gmem1_addr_read_13' <Predicate = (!icmp_ln150)> <Delay = 7.30> <CoreInst = "m_axi">   --->   Core 121 'm_axi' <Latency = 0> <II = 1> <Delay = 1.00> <Adapter> <Opcode : 'read' 'write' 'readreq' 'writereq' 'writeresp'>

State 16 <SV = 15> <Delay = 7.30>
ST_16 : Operation 445 [1/2] (6.04ns)   --->   "%acc_6 = fadd i32 %acc_5, i32 %mul83_5" [/home/simics/HMoE/HLS_HMoE/pseudo_block/run_7/src/pseudo_moe.cpp:154]   --->   Operation 445 'fadd' 'acc_6' <Predicate = (!icmp_ln150)> <Delay = 6.04> <CoreInst = "FAddSub_fulldsp">   --->   Core 18 'FAddSub_fulldsp' <Latency = 1> <II = 1> <Delay = 6.04> <FuncUnit> <Opcode : 'fadd' 'fsub'> <InPorts = 2> <OutPorts = 1>
ST_16 : Operation 446 [1/2] (3.88ns)   --->   "%mul83_11 = fmul i32 %input_local_4_load_1, i32 %bitcast_ln154_12" [/home/simics/HMoE/HLS_HMoE/pseudo_block/run_7/src/pseudo_moe.cpp:154]   --->   Operation 446 'fmul' 'mul83_11' <Predicate = (!icmp_ln150)> <Delay = 3.88> <CoreInst = "FMul_maxdsp">   --->   Core 30 'FMul_maxdsp' <Latency = 1> <II = 1> <Delay = 3.88> <FuncUnit> <Opcode : 'fmul'> <InPorts = 2> <OutPorts = 1>
ST_16 : Operation 447 [1/1] (0.00ns)   --->   "%bitcast_ln154_13 = bitcast i32 %gmem1_addr_read_13" [/home/simics/HMoE/HLS_HMoE/pseudo_block/run_7/src/pseudo_moe.cpp:154]   --->   Operation 447 'bitcast' 'bitcast_ln154_13' <Predicate = (!icmp_ln150)> <Delay = 0.00>
ST_16 : Operation 448 [2/2] (4.20ns)   --->   "%mul83_12 = fmul i32 %input_local_5_load_1, i32 %bitcast_ln154_13" [/home/simics/HMoE/HLS_HMoE/pseudo_block/run_7/src/pseudo_moe.cpp:154]   --->   Operation 448 'fmul' 'mul83_12' <Predicate = (!icmp_ln150)> <Delay = 4.20> <CoreInst = "FMul_maxdsp">   --->   Core 30 'FMul_maxdsp' <Latency = 1> <II = 1> <Delay = 3.88> <FuncUnit> <Opcode : 'fmul'> <InPorts = 2> <OutPorts = 1>
ST_16 : Operation 449 [1/1] (7.30ns)   --->   "%gmem1_addr_read_14 = read i32 @_ssdm_op_Read.m_axi.p1i32, i64 %gmem1_addr" [/home/simics/HMoE/HLS_HMoE/pseudo_block/run_7/src/pseudo_moe.cpp:154]   --->   Operation 449 'read' 'gmem1_addr_read_14' <Predicate = (!icmp_ln150)> <Delay = 7.30> <CoreInst = "m_axi">   --->   Core 121 'm_axi' <Latency = 0> <II = 1> <Delay = 1.00> <Adapter> <Opcode : 'read' 'write' 'readreq' 'writereq' 'writeresp'>

State 17 <SV = 16> <Delay = 7.30>
ST_17 : Operation 450 [2/2] (6.36ns)   --->   "%acc_7 = fadd i32 %acc_6, i32 %mul83_6" [/home/simics/HMoE/HLS_HMoE/pseudo_block/run_7/src/pseudo_moe.cpp:154]   --->   Operation 450 'fadd' 'acc_7' <Predicate = (!icmp_ln150)> <Delay = 6.36> <CoreInst = "FAddSub_fulldsp">   --->   Core 18 'FAddSub_fulldsp' <Latency = 1> <II = 1> <Delay = 6.04> <FuncUnit> <Opcode : 'fadd' 'fsub'> <InPorts = 2> <OutPorts = 1>
ST_17 : Operation 451 [1/2] (3.88ns)   --->   "%mul83_12 = fmul i32 %input_local_5_load_1, i32 %bitcast_ln154_13" [/home/simics/HMoE/HLS_HMoE/pseudo_block/run_7/src/pseudo_moe.cpp:154]   --->   Operation 451 'fmul' 'mul83_12' <Predicate = (!icmp_ln150)> <Delay = 3.88> <CoreInst = "FMul_maxdsp">   --->   Core 30 'FMul_maxdsp' <Latency = 1> <II = 1> <Delay = 3.88> <FuncUnit> <Opcode : 'fmul'> <InPorts = 2> <OutPorts = 1>
ST_17 : Operation 452 [1/1] (0.00ns)   --->   "%bitcast_ln154_14 = bitcast i32 %gmem1_addr_read_14" [/home/simics/HMoE/HLS_HMoE/pseudo_block/run_7/src/pseudo_moe.cpp:154]   --->   Operation 452 'bitcast' 'bitcast_ln154_14' <Predicate = (!icmp_ln150)> <Delay = 0.00>
ST_17 : Operation 453 [2/2] (4.20ns)   --->   "%mul83_13 = fmul i32 %input_local_6_load_1, i32 %bitcast_ln154_14" [/home/simics/HMoE/HLS_HMoE/pseudo_block/run_7/src/pseudo_moe.cpp:154]   --->   Operation 453 'fmul' 'mul83_13' <Predicate = (!icmp_ln150)> <Delay = 4.20> <CoreInst = "FMul_maxdsp">   --->   Core 30 'FMul_maxdsp' <Latency = 1> <II = 1> <Delay = 3.88> <FuncUnit> <Opcode : 'fmul'> <InPorts = 2> <OutPorts = 1>
ST_17 : Operation 454 [1/1] (7.30ns)   --->   "%gmem1_addr_read_15 = read i32 @_ssdm_op_Read.m_axi.p1i32, i64 %gmem1_addr" [/home/simics/HMoE/HLS_HMoE/pseudo_block/run_7/src/pseudo_moe.cpp:154]   --->   Operation 454 'read' 'gmem1_addr_read_15' <Predicate = (!icmp_ln150)> <Delay = 7.30> <CoreInst = "m_axi">   --->   Core 121 'm_axi' <Latency = 0> <II = 1> <Delay = 1.00> <Adapter> <Opcode : 'read' 'write' 'readreq' 'writereq' 'writeresp'>

State 18 <SV = 17> <Delay = 7.30>
ST_18 : Operation 455 [1/2] (6.04ns)   --->   "%acc_7 = fadd i32 %acc_6, i32 %mul83_6" [/home/simics/HMoE/HLS_HMoE/pseudo_block/run_7/src/pseudo_moe.cpp:154]   --->   Operation 455 'fadd' 'acc_7' <Predicate = (!icmp_ln150)> <Delay = 6.04> <CoreInst = "FAddSub_fulldsp">   --->   Core 18 'FAddSub_fulldsp' <Latency = 1> <II = 1> <Delay = 6.04> <FuncUnit> <Opcode : 'fadd' 'fsub'> <InPorts = 2> <OutPorts = 1>
ST_18 : Operation 456 [1/2] (3.88ns)   --->   "%mul83_13 = fmul i32 %input_local_6_load_1, i32 %bitcast_ln154_14" [/home/simics/HMoE/HLS_HMoE/pseudo_block/run_7/src/pseudo_moe.cpp:154]   --->   Operation 456 'fmul' 'mul83_13' <Predicate = (!icmp_ln150)> <Delay = 3.88> <CoreInst = "FMul_maxdsp">   --->   Core 30 'FMul_maxdsp' <Latency = 1> <II = 1> <Delay = 3.88> <FuncUnit> <Opcode : 'fmul'> <InPorts = 2> <OutPorts = 1>
ST_18 : Operation 457 [1/1] (0.00ns)   --->   "%bitcast_ln154_15 = bitcast i32 %gmem1_addr_read_15" [/home/simics/HMoE/HLS_HMoE/pseudo_block/run_7/src/pseudo_moe.cpp:154]   --->   Operation 457 'bitcast' 'bitcast_ln154_15' <Predicate = (!icmp_ln150)> <Delay = 0.00>
ST_18 : Operation 458 [2/2] (4.20ns)   --->   "%mul83_14 = fmul i32 %input_local_7_load_1, i32 %bitcast_ln154_15" [/home/simics/HMoE/HLS_HMoE/pseudo_block/run_7/src/pseudo_moe.cpp:154]   --->   Operation 458 'fmul' 'mul83_14' <Predicate = (!icmp_ln150)> <Delay = 4.20> <CoreInst = "FMul_maxdsp">   --->   Core 30 'FMul_maxdsp' <Latency = 1> <II = 1> <Delay = 3.88> <FuncUnit> <Opcode : 'fmul'> <InPorts = 2> <OutPorts = 1>
ST_18 : Operation 459 [1/1] (7.30ns)   --->   "%gmem1_addr_read_16 = read i32 @_ssdm_op_Read.m_axi.p1i32, i64 %gmem1_addr" [/home/simics/HMoE/HLS_HMoE/pseudo_block/run_7/src/pseudo_moe.cpp:154]   --->   Operation 459 'read' 'gmem1_addr_read_16' <Predicate = (!icmp_ln150)> <Delay = 7.30> <CoreInst = "m_axi">   --->   Core 121 'm_axi' <Latency = 0> <II = 1> <Delay = 1.00> <Adapter> <Opcode : 'read' 'write' 'readreq' 'writereq' 'writeresp'>

State 19 <SV = 18> <Delay = 7.30>
ST_19 : Operation 460 [2/2] (6.36ns)   --->   "%acc_8 = fadd i32 %acc_7, i32 %mul83_7" [/home/simics/HMoE/HLS_HMoE/pseudo_block/run_7/src/pseudo_moe.cpp:154]   --->   Operation 460 'fadd' 'acc_8' <Predicate = (!icmp_ln150)> <Delay = 6.36> <CoreInst = "FAddSub_fulldsp">   --->   Core 18 'FAddSub_fulldsp' <Latency = 1> <II = 1> <Delay = 6.04> <FuncUnit> <Opcode : 'fadd' 'fsub'> <InPorts = 2> <OutPorts = 1>
ST_19 : Operation 461 [1/2] (3.88ns)   --->   "%mul83_14 = fmul i32 %input_local_7_load_1, i32 %bitcast_ln154_15" [/home/simics/HMoE/HLS_HMoE/pseudo_block/run_7/src/pseudo_moe.cpp:154]   --->   Operation 461 'fmul' 'mul83_14' <Predicate = (!icmp_ln150)> <Delay = 3.88> <CoreInst = "FMul_maxdsp">   --->   Core 30 'FMul_maxdsp' <Latency = 1> <II = 1> <Delay = 3.88> <FuncUnit> <Opcode : 'fmul'> <InPorts = 2> <OutPorts = 1>
ST_19 : Operation 462 [1/1] (0.00ns)   --->   "%bitcast_ln154_16 = bitcast i32 %gmem1_addr_read_16" [/home/simics/HMoE/HLS_HMoE/pseudo_block/run_7/src/pseudo_moe.cpp:154]   --->   Operation 462 'bitcast' 'bitcast_ln154_16' <Predicate = (!icmp_ln150)> <Delay = 0.00>
ST_19 : Operation 463 [2/2] (4.20ns)   --->   "%mul83_15 = fmul i32 %input_local_load_2, i32 %bitcast_ln154_16" [/home/simics/HMoE/HLS_HMoE/pseudo_block/run_7/src/pseudo_moe.cpp:154]   --->   Operation 463 'fmul' 'mul83_15' <Predicate = (!icmp_ln150)> <Delay = 4.20> <CoreInst = "FMul_maxdsp">   --->   Core 30 'FMul_maxdsp' <Latency = 1> <II = 1> <Delay = 3.88> <FuncUnit> <Opcode : 'fmul'> <InPorts = 2> <OutPorts = 1>
ST_19 : Operation 464 [1/1] (7.30ns)   --->   "%gmem1_addr_read_17 = read i32 @_ssdm_op_Read.m_axi.p1i32, i64 %gmem1_addr" [/home/simics/HMoE/HLS_HMoE/pseudo_block/run_7/src/pseudo_moe.cpp:154]   --->   Operation 464 'read' 'gmem1_addr_read_17' <Predicate = (!icmp_ln150)> <Delay = 7.30> <CoreInst = "m_axi">   --->   Core 121 'm_axi' <Latency = 0> <II = 1> <Delay = 1.00> <Adapter> <Opcode : 'read' 'write' 'readreq' 'writereq' 'writeresp'>

State 20 <SV = 19> <Delay = 7.30>
ST_20 : Operation 465 [1/2] (6.04ns)   --->   "%acc_8 = fadd i32 %acc_7, i32 %mul83_7" [/home/simics/HMoE/HLS_HMoE/pseudo_block/run_7/src/pseudo_moe.cpp:154]   --->   Operation 465 'fadd' 'acc_8' <Predicate = (!icmp_ln150)> <Delay = 6.04> <CoreInst = "FAddSub_fulldsp">   --->   Core 18 'FAddSub_fulldsp' <Latency = 1> <II = 1> <Delay = 6.04> <FuncUnit> <Opcode : 'fadd' 'fsub'> <InPorts = 2> <OutPorts = 1>
ST_20 : Operation 466 [1/2] (3.88ns)   --->   "%mul83_15 = fmul i32 %input_local_load_2, i32 %bitcast_ln154_16" [/home/simics/HMoE/HLS_HMoE/pseudo_block/run_7/src/pseudo_moe.cpp:154]   --->   Operation 466 'fmul' 'mul83_15' <Predicate = (!icmp_ln150)> <Delay = 3.88> <CoreInst = "FMul_maxdsp">   --->   Core 30 'FMul_maxdsp' <Latency = 1> <II = 1> <Delay = 3.88> <FuncUnit> <Opcode : 'fmul'> <InPorts = 2> <OutPorts = 1>
ST_20 : Operation 467 [1/1] (0.00ns)   --->   "%bitcast_ln154_17 = bitcast i32 %gmem1_addr_read_17" [/home/simics/HMoE/HLS_HMoE/pseudo_block/run_7/src/pseudo_moe.cpp:154]   --->   Operation 467 'bitcast' 'bitcast_ln154_17' <Predicate = (!icmp_ln150)> <Delay = 0.00>
ST_20 : Operation 468 [2/2] (4.20ns)   --->   "%mul83_16 = fmul i32 %input_local_1_load_2, i32 %bitcast_ln154_17" [/home/simics/HMoE/HLS_HMoE/pseudo_block/run_7/src/pseudo_moe.cpp:154]   --->   Operation 468 'fmul' 'mul83_16' <Predicate = (!icmp_ln150)> <Delay = 4.20> <CoreInst = "FMul_maxdsp">   --->   Core 30 'FMul_maxdsp' <Latency = 1> <II = 1> <Delay = 3.88> <FuncUnit> <Opcode : 'fmul'> <InPorts = 2> <OutPorts = 1>
ST_20 : Operation 469 [1/1] (7.30ns)   --->   "%gmem1_addr_read_18 = read i32 @_ssdm_op_Read.m_axi.p1i32, i64 %gmem1_addr" [/home/simics/HMoE/HLS_HMoE/pseudo_block/run_7/src/pseudo_moe.cpp:154]   --->   Operation 469 'read' 'gmem1_addr_read_18' <Predicate = (!icmp_ln150)> <Delay = 7.30> <CoreInst = "m_axi">   --->   Core 121 'm_axi' <Latency = 0> <II = 1> <Delay = 1.00> <Adapter> <Opcode : 'read' 'write' 'readreq' 'writereq' 'writeresp'>

State 21 <SV = 20> <Delay = 7.30>
ST_21 : Operation 470 [2/2] (6.36ns)   --->   "%acc_9 = fadd i32 %acc_8, i32 %mul83_8" [/home/simics/HMoE/HLS_HMoE/pseudo_block/run_7/src/pseudo_moe.cpp:154]   --->   Operation 470 'fadd' 'acc_9' <Predicate = (!icmp_ln150)> <Delay = 6.36> <CoreInst = "FAddSub_fulldsp">   --->   Core 18 'FAddSub_fulldsp' <Latency = 1> <II = 1> <Delay = 6.04> <FuncUnit> <Opcode : 'fadd' 'fsub'> <InPorts = 2> <OutPorts = 1>
ST_21 : Operation 471 [1/2] (3.88ns)   --->   "%mul83_16 = fmul i32 %input_local_1_load_2, i32 %bitcast_ln154_17" [/home/simics/HMoE/HLS_HMoE/pseudo_block/run_7/src/pseudo_moe.cpp:154]   --->   Operation 471 'fmul' 'mul83_16' <Predicate = (!icmp_ln150)> <Delay = 3.88> <CoreInst = "FMul_maxdsp">   --->   Core 30 'FMul_maxdsp' <Latency = 1> <II = 1> <Delay = 3.88> <FuncUnit> <Opcode : 'fmul'> <InPorts = 2> <OutPorts = 1>
ST_21 : Operation 472 [1/1] (0.00ns)   --->   "%bitcast_ln154_18 = bitcast i32 %gmem1_addr_read_18" [/home/simics/HMoE/HLS_HMoE/pseudo_block/run_7/src/pseudo_moe.cpp:154]   --->   Operation 472 'bitcast' 'bitcast_ln154_18' <Predicate = (!icmp_ln150)> <Delay = 0.00>
ST_21 : Operation 473 [2/2] (4.20ns)   --->   "%mul83_17 = fmul i32 %input_local_2_load_2, i32 %bitcast_ln154_18" [/home/simics/HMoE/HLS_HMoE/pseudo_block/run_7/src/pseudo_moe.cpp:154]   --->   Operation 473 'fmul' 'mul83_17' <Predicate = (!icmp_ln150)> <Delay = 4.20> <CoreInst = "FMul_maxdsp">   --->   Core 30 'FMul_maxdsp' <Latency = 1> <II = 1> <Delay = 3.88> <FuncUnit> <Opcode : 'fmul'> <InPorts = 2> <OutPorts = 1>
ST_21 : Operation 474 [1/1] (7.30ns)   --->   "%gmem1_addr_read_19 = read i32 @_ssdm_op_Read.m_axi.p1i32, i64 %gmem1_addr" [/home/simics/HMoE/HLS_HMoE/pseudo_block/run_7/src/pseudo_moe.cpp:154]   --->   Operation 474 'read' 'gmem1_addr_read_19' <Predicate = (!icmp_ln150)> <Delay = 7.30> <CoreInst = "m_axi">   --->   Core 121 'm_axi' <Latency = 0> <II = 1> <Delay = 1.00> <Adapter> <Opcode : 'read' 'write' 'readreq' 'writereq' 'writeresp'>

State 22 <SV = 21> <Delay = 7.30>
ST_22 : Operation 475 [1/2] (6.04ns)   --->   "%acc_9 = fadd i32 %acc_8, i32 %mul83_8" [/home/simics/HMoE/HLS_HMoE/pseudo_block/run_7/src/pseudo_moe.cpp:154]   --->   Operation 475 'fadd' 'acc_9' <Predicate = (!icmp_ln150)> <Delay = 6.04> <CoreInst = "FAddSub_fulldsp">   --->   Core 18 'FAddSub_fulldsp' <Latency = 1> <II = 1> <Delay = 6.04> <FuncUnit> <Opcode : 'fadd' 'fsub'> <InPorts = 2> <OutPorts = 1>
ST_22 : Operation 476 [1/2] (3.88ns)   --->   "%mul83_17 = fmul i32 %input_local_2_load_2, i32 %bitcast_ln154_18" [/home/simics/HMoE/HLS_HMoE/pseudo_block/run_7/src/pseudo_moe.cpp:154]   --->   Operation 476 'fmul' 'mul83_17' <Predicate = (!icmp_ln150)> <Delay = 3.88> <CoreInst = "FMul_maxdsp">   --->   Core 30 'FMul_maxdsp' <Latency = 1> <II = 1> <Delay = 3.88> <FuncUnit> <Opcode : 'fmul'> <InPorts = 2> <OutPorts = 1>
ST_22 : Operation 477 [1/1] (0.00ns)   --->   "%bitcast_ln154_19 = bitcast i32 %gmem1_addr_read_19" [/home/simics/HMoE/HLS_HMoE/pseudo_block/run_7/src/pseudo_moe.cpp:154]   --->   Operation 477 'bitcast' 'bitcast_ln154_19' <Predicate = (!icmp_ln150)> <Delay = 0.00>
ST_22 : Operation 478 [2/2] (4.20ns)   --->   "%mul83_18 = fmul i32 %input_local_3_load_2, i32 %bitcast_ln154_19" [/home/simics/HMoE/HLS_HMoE/pseudo_block/run_7/src/pseudo_moe.cpp:154]   --->   Operation 478 'fmul' 'mul83_18' <Predicate = (!icmp_ln150)> <Delay = 4.20> <CoreInst = "FMul_maxdsp">   --->   Core 30 'FMul_maxdsp' <Latency = 1> <II = 1> <Delay = 3.88> <FuncUnit> <Opcode : 'fmul'> <InPorts = 2> <OutPorts = 1>
ST_22 : Operation 479 [1/1] (7.30ns)   --->   "%gmem1_addr_read_20 = read i32 @_ssdm_op_Read.m_axi.p1i32, i64 %gmem1_addr" [/home/simics/HMoE/HLS_HMoE/pseudo_block/run_7/src/pseudo_moe.cpp:154]   --->   Operation 479 'read' 'gmem1_addr_read_20' <Predicate = (!icmp_ln150)> <Delay = 7.30> <CoreInst = "m_axi">   --->   Core 121 'm_axi' <Latency = 0> <II = 1> <Delay = 1.00> <Adapter> <Opcode : 'read' 'write' 'readreq' 'writereq' 'writeresp'>

State 23 <SV = 22> <Delay = 7.30>
ST_23 : Operation 480 [2/2] (6.36ns)   --->   "%acc_10 = fadd i32 %acc_9, i32 %mul83_9" [/home/simics/HMoE/HLS_HMoE/pseudo_block/run_7/src/pseudo_moe.cpp:154]   --->   Operation 480 'fadd' 'acc_10' <Predicate = (!icmp_ln150)> <Delay = 6.36> <CoreInst = "FAddSub_fulldsp">   --->   Core 18 'FAddSub_fulldsp' <Latency = 1> <II = 1> <Delay = 6.04> <FuncUnit> <Opcode : 'fadd' 'fsub'> <InPorts = 2> <OutPorts = 1>
ST_23 : Operation 481 [1/2] (3.88ns)   --->   "%mul83_18 = fmul i32 %input_local_3_load_2, i32 %bitcast_ln154_19" [/home/simics/HMoE/HLS_HMoE/pseudo_block/run_7/src/pseudo_moe.cpp:154]   --->   Operation 481 'fmul' 'mul83_18' <Predicate = (!icmp_ln150)> <Delay = 3.88> <CoreInst = "FMul_maxdsp">   --->   Core 30 'FMul_maxdsp' <Latency = 1> <II = 1> <Delay = 3.88> <FuncUnit> <Opcode : 'fmul'> <InPorts = 2> <OutPorts = 1>
ST_23 : Operation 482 [1/1] (0.00ns)   --->   "%bitcast_ln154_20 = bitcast i32 %gmem1_addr_read_20" [/home/simics/HMoE/HLS_HMoE/pseudo_block/run_7/src/pseudo_moe.cpp:154]   --->   Operation 482 'bitcast' 'bitcast_ln154_20' <Predicate = (!icmp_ln150)> <Delay = 0.00>
ST_23 : Operation 483 [2/2] (4.20ns)   --->   "%mul83_19 = fmul i32 %input_local_4_load_2, i32 %bitcast_ln154_20" [/home/simics/HMoE/HLS_HMoE/pseudo_block/run_7/src/pseudo_moe.cpp:154]   --->   Operation 483 'fmul' 'mul83_19' <Predicate = (!icmp_ln150)> <Delay = 4.20> <CoreInst = "FMul_maxdsp">   --->   Core 30 'FMul_maxdsp' <Latency = 1> <II = 1> <Delay = 3.88> <FuncUnit> <Opcode : 'fmul'> <InPorts = 2> <OutPorts = 1>
ST_23 : Operation 484 [1/1] (7.30ns)   --->   "%gmem1_addr_read_21 = read i32 @_ssdm_op_Read.m_axi.p1i32, i64 %gmem1_addr" [/home/simics/HMoE/HLS_HMoE/pseudo_block/run_7/src/pseudo_moe.cpp:154]   --->   Operation 484 'read' 'gmem1_addr_read_21' <Predicate = (!icmp_ln150)> <Delay = 7.30> <CoreInst = "m_axi">   --->   Core 121 'm_axi' <Latency = 0> <II = 1> <Delay = 1.00> <Adapter> <Opcode : 'read' 'write' 'readreq' 'writereq' 'writeresp'>

State 24 <SV = 23> <Delay = 7.30>
ST_24 : Operation 485 [1/2] (6.04ns)   --->   "%acc_10 = fadd i32 %acc_9, i32 %mul83_9" [/home/simics/HMoE/HLS_HMoE/pseudo_block/run_7/src/pseudo_moe.cpp:154]   --->   Operation 485 'fadd' 'acc_10' <Predicate = (!icmp_ln150)> <Delay = 6.04> <CoreInst = "FAddSub_fulldsp">   --->   Core 18 'FAddSub_fulldsp' <Latency = 1> <II = 1> <Delay = 6.04> <FuncUnit> <Opcode : 'fadd' 'fsub'> <InPorts = 2> <OutPorts = 1>
ST_24 : Operation 486 [1/2] (3.88ns)   --->   "%mul83_19 = fmul i32 %input_local_4_load_2, i32 %bitcast_ln154_20" [/home/simics/HMoE/HLS_HMoE/pseudo_block/run_7/src/pseudo_moe.cpp:154]   --->   Operation 486 'fmul' 'mul83_19' <Predicate = (!icmp_ln150)> <Delay = 3.88> <CoreInst = "FMul_maxdsp">   --->   Core 30 'FMul_maxdsp' <Latency = 1> <II = 1> <Delay = 3.88> <FuncUnit> <Opcode : 'fmul'> <InPorts = 2> <OutPorts = 1>
ST_24 : Operation 487 [1/1] (0.00ns)   --->   "%bitcast_ln154_21 = bitcast i32 %gmem1_addr_read_21" [/home/simics/HMoE/HLS_HMoE/pseudo_block/run_7/src/pseudo_moe.cpp:154]   --->   Operation 487 'bitcast' 'bitcast_ln154_21' <Predicate = (!icmp_ln150)> <Delay = 0.00>
ST_24 : Operation 488 [2/2] (4.20ns)   --->   "%mul83_20 = fmul i32 %input_local_5_load_2, i32 %bitcast_ln154_21" [/home/simics/HMoE/HLS_HMoE/pseudo_block/run_7/src/pseudo_moe.cpp:154]   --->   Operation 488 'fmul' 'mul83_20' <Predicate = (!icmp_ln150)> <Delay = 4.20> <CoreInst = "FMul_maxdsp">   --->   Core 30 'FMul_maxdsp' <Latency = 1> <II = 1> <Delay = 3.88> <FuncUnit> <Opcode : 'fmul'> <InPorts = 2> <OutPorts = 1>
ST_24 : Operation 489 [1/1] (7.30ns)   --->   "%gmem1_addr_read_22 = read i32 @_ssdm_op_Read.m_axi.p1i32, i64 %gmem1_addr" [/home/simics/HMoE/HLS_HMoE/pseudo_block/run_7/src/pseudo_moe.cpp:154]   --->   Operation 489 'read' 'gmem1_addr_read_22' <Predicate = (!icmp_ln150)> <Delay = 7.30> <CoreInst = "m_axi">   --->   Core 121 'm_axi' <Latency = 0> <II = 1> <Delay = 1.00> <Adapter> <Opcode : 'read' 'write' 'readreq' 'writereq' 'writeresp'>

State 25 <SV = 24> <Delay = 7.30>
ST_25 : Operation 490 [2/2] (6.36ns)   --->   "%acc_11 = fadd i32 %acc_10, i32 %mul83_s" [/home/simics/HMoE/HLS_HMoE/pseudo_block/run_7/src/pseudo_moe.cpp:154]   --->   Operation 490 'fadd' 'acc_11' <Predicate = (!icmp_ln150)> <Delay = 6.36> <CoreInst = "FAddSub_fulldsp">   --->   Core 18 'FAddSub_fulldsp' <Latency = 1> <II = 1> <Delay = 6.04> <FuncUnit> <Opcode : 'fadd' 'fsub'> <InPorts = 2> <OutPorts = 1>
ST_25 : Operation 491 [1/2] (3.88ns)   --->   "%mul83_20 = fmul i32 %input_local_5_load_2, i32 %bitcast_ln154_21" [/home/simics/HMoE/HLS_HMoE/pseudo_block/run_7/src/pseudo_moe.cpp:154]   --->   Operation 491 'fmul' 'mul83_20' <Predicate = (!icmp_ln150)> <Delay = 3.88> <CoreInst = "FMul_maxdsp">   --->   Core 30 'FMul_maxdsp' <Latency = 1> <II = 1> <Delay = 3.88> <FuncUnit> <Opcode : 'fmul'> <InPorts = 2> <OutPorts = 1>
ST_25 : Operation 492 [1/1] (0.00ns)   --->   "%bitcast_ln154_22 = bitcast i32 %gmem1_addr_read_22" [/home/simics/HMoE/HLS_HMoE/pseudo_block/run_7/src/pseudo_moe.cpp:154]   --->   Operation 492 'bitcast' 'bitcast_ln154_22' <Predicate = (!icmp_ln150)> <Delay = 0.00>
ST_25 : Operation 493 [2/2] (4.20ns)   --->   "%mul83_21 = fmul i32 %input_local_6_load_2, i32 %bitcast_ln154_22" [/home/simics/HMoE/HLS_HMoE/pseudo_block/run_7/src/pseudo_moe.cpp:154]   --->   Operation 493 'fmul' 'mul83_21' <Predicate = (!icmp_ln150)> <Delay = 4.20> <CoreInst = "FMul_maxdsp">   --->   Core 30 'FMul_maxdsp' <Latency = 1> <II = 1> <Delay = 3.88> <FuncUnit> <Opcode : 'fmul'> <InPorts = 2> <OutPorts = 1>
ST_25 : Operation 494 [1/1] (7.30ns)   --->   "%gmem1_addr_read_23 = read i32 @_ssdm_op_Read.m_axi.p1i32, i64 %gmem1_addr" [/home/simics/HMoE/HLS_HMoE/pseudo_block/run_7/src/pseudo_moe.cpp:154]   --->   Operation 494 'read' 'gmem1_addr_read_23' <Predicate = (!icmp_ln150)> <Delay = 7.30> <CoreInst = "m_axi">   --->   Core 121 'm_axi' <Latency = 0> <II = 1> <Delay = 1.00> <Adapter> <Opcode : 'read' 'write' 'readreq' 'writereq' 'writeresp'>

State 26 <SV = 25> <Delay = 7.30>
ST_26 : Operation 495 [1/2] (6.04ns)   --->   "%acc_11 = fadd i32 %acc_10, i32 %mul83_s" [/home/simics/HMoE/HLS_HMoE/pseudo_block/run_7/src/pseudo_moe.cpp:154]   --->   Operation 495 'fadd' 'acc_11' <Predicate = (!icmp_ln150)> <Delay = 6.04> <CoreInst = "FAddSub_fulldsp">   --->   Core 18 'FAddSub_fulldsp' <Latency = 1> <II = 1> <Delay = 6.04> <FuncUnit> <Opcode : 'fadd' 'fsub'> <InPorts = 2> <OutPorts = 1>
ST_26 : Operation 496 [1/2] (3.88ns)   --->   "%mul83_21 = fmul i32 %input_local_6_load_2, i32 %bitcast_ln154_22" [/home/simics/HMoE/HLS_HMoE/pseudo_block/run_7/src/pseudo_moe.cpp:154]   --->   Operation 496 'fmul' 'mul83_21' <Predicate = (!icmp_ln150)> <Delay = 3.88> <CoreInst = "FMul_maxdsp">   --->   Core 30 'FMul_maxdsp' <Latency = 1> <II = 1> <Delay = 3.88> <FuncUnit> <Opcode : 'fmul'> <InPorts = 2> <OutPorts = 1>
ST_26 : Operation 497 [1/1] (0.00ns)   --->   "%bitcast_ln154_23 = bitcast i32 %gmem1_addr_read_23" [/home/simics/HMoE/HLS_HMoE/pseudo_block/run_7/src/pseudo_moe.cpp:154]   --->   Operation 497 'bitcast' 'bitcast_ln154_23' <Predicate = (!icmp_ln150)> <Delay = 0.00>
ST_26 : Operation 498 [2/2] (4.20ns)   --->   "%mul83_22 = fmul i32 %input_local_7_load_2, i32 %bitcast_ln154_23" [/home/simics/HMoE/HLS_HMoE/pseudo_block/run_7/src/pseudo_moe.cpp:154]   --->   Operation 498 'fmul' 'mul83_22' <Predicate = (!icmp_ln150)> <Delay = 4.20> <CoreInst = "FMul_maxdsp">   --->   Core 30 'FMul_maxdsp' <Latency = 1> <II = 1> <Delay = 3.88> <FuncUnit> <Opcode : 'fmul'> <InPorts = 2> <OutPorts = 1>
ST_26 : Operation 499 [1/1] (7.30ns)   --->   "%gmem1_addr_read_24 = read i32 @_ssdm_op_Read.m_axi.p1i32, i64 %gmem1_addr" [/home/simics/HMoE/HLS_HMoE/pseudo_block/run_7/src/pseudo_moe.cpp:154]   --->   Operation 499 'read' 'gmem1_addr_read_24' <Predicate = (!icmp_ln150)> <Delay = 7.30> <CoreInst = "m_axi">   --->   Core 121 'm_axi' <Latency = 0> <II = 1> <Delay = 1.00> <Adapter> <Opcode : 'read' 'write' 'readreq' 'writereq' 'writeresp'>

State 27 <SV = 26> <Delay = 7.30>
ST_27 : Operation 500 [2/2] (6.36ns)   --->   "%acc_12 = fadd i32 %acc_11, i32 %mul83_10" [/home/simics/HMoE/HLS_HMoE/pseudo_block/run_7/src/pseudo_moe.cpp:154]   --->   Operation 500 'fadd' 'acc_12' <Predicate = (!icmp_ln150)> <Delay = 6.36> <CoreInst = "FAddSub_fulldsp">   --->   Core 18 'FAddSub_fulldsp' <Latency = 1> <II = 1> <Delay = 6.04> <FuncUnit> <Opcode : 'fadd' 'fsub'> <InPorts = 2> <OutPorts = 1>
ST_27 : Operation 501 [1/2] (3.88ns)   --->   "%mul83_22 = fmul i32 %input_local_7_load_2, i32 %bitcast_ln154_23" [/home/simics/HMoE/HLS_HMoE/pseudo_block/run_7/src/pseudo_moe.cpp:154]   --->   Operation 501 'fmul' 'mul83_22' <Predicate = (!icmp_ln150)> <Delay = 3.88> <CoreInst = "FMul_maxdsp">   --->   Core 30 'FMul_maxdsp' <Latency = 1> <II = 1> <Delay = 3.88> <FuncUnit> <Opcode : 'fmul'> <InPorts = 2> <OutPorts = 1>
ST_27 : Operation 502 [1/1] (0.00ns)   --->   "%bitcast_ln154_24 = bitcast i32 %gmem1_addr_read_24" [/home/simics/HMoE/HLS_HMoE/pseudo_block/run_7/src/pseudo_moe.cpp:154]   --->   Operation 502 'bitcast' 'bitcast_ln154_24' <Predicate = (!icmp_ln150)> <Delay = 0.00>
ST_27 : Operation 503 [2/2] (4.20ns)   --->   "%mul83_23 = fmul i32 %input_local_load_3, i32 %bitcast_ln154_24" [/home/simics/HMoE/HLS_HMoE/pseudo_block/run_7/src/pseudo_moe.cpp:154]   --->   Operation 503 'fmul' 'mul83_23' <Predicate = (!icmp_ln150)> <Delay = 4.20> <CoreInst = "FMul_maxdsp">   --->   Core 30 'FMul_maxdsp' <Latency = 1> <II = 1> <Delay = 3.88> <FuncUnit> <Opcode : 'fmul'> <InPorts = 2> <OutPorts = 1>
ST_27 : Operation 504 [1/1] (7.30ns)   --->   "%gmem1_addr_read_25 = read i32 @_ssdm_op_Read.m_axi.p1i32, i64 %gmem1_addr" [/home/simics/HMoE/HLS_HMoE/pseudo_block/run_7/src/pseudo_moe.cpp:154]   --->   Operation 504 'read' 'gmem1_addr_read_25' <Predicate = (!icmp_ln150)> <Delay = 7.30> <CoreInst = "m_axi">   --->   Core 121 'm_axi' <Latency = 0> <II = 1> <Delay = 1.00> <Adapter> <Opcode : 'read' 'write' 'readreq' 'writereq' 'writeresp'>

State 28 <SV = 27> <Delay = 7.30>
ST_28 : Operation 505 [1/2] (6.04ns)   --->   "%acc_12 = fadd i32 %acc_11, i32 %mul83_10" [/home/simics/HMoE/HLS_HMoE/pseudo_block/run_7/src/pseudo_moe.cpp:154]   --->   Operation 505 'fadd' 'acc_12' <Predicate = (!icmp_ln150)> <Delay = 6.04> <CoreInst = "FAddSub_fulldsp">   --->   Core 18 'FAddSub_fulldsp' <Latency = 1> <II = 1> <Delay = 6.04> <FuncUnit> <Opcode : 'fadd' 'fsub'> <InPorts = 2> <OutPorts = 1>
ST_28 : Operation 506 [1/2] (3.88ns)   --->   "%mul83_23 = fmul i32 %input_local_load_3, i32 %bitcast_ln154_24" [/home/simics/HMoE/HLS_HMoE/pseudo_block/run_7/src/pseudo_moe.cpp:154]   --->   Operation 506 'fmul' 'mul83_23' <Predicate = (!icmp_ln150)> <Delay = 3.88> <CoreInst = "FMul_maxdsp">   --->   Core 30 'FMul_maxdsp' <Latency = 1> <II = 1> <Delay = 3.88> <FuncUnit> <Opcode : 'fmul'> <InPorts = 2> <OutPorts = 1>
ST_28 : Operation 507 [1/1] (0.00ns)   --->   "%bitcast_ln154_25 = bitcast i32 %gmem1_addr_read_25" [/home/simics/HMoE/HLS_HMoE/pseudo_block/run_7/src/pseudo_moe.cpp:154]   --->   Operation 507 'bitcast' 'bitcast_ln154_25' <Predicate = (!icmp_ln150)> <Delay = 0.00>
ST_28 : Operation 508 [2/2] (4.20ns)   --->   "%mul83_24 = fmul i32 %input_local_1_load_3, i32 %bitcast_ln154_25" [/home/simics/HMoE/HLS_HMoE/pseudo_block/run_7/src/pseudo_moe.cpp:154]   --->   Operation 508 'fmul' 'mul83_24' <Predicate = (!icmp_ln150)> <Delay = 4.20> <CoreInst = "FMul_maxdsp">   --->   Core 30 'FMul_maxdsp' <Latency = 1> <II = 1> <Delay = 3.88> <FuncUnit> <Opcode : 'fmul'> <InPorts = 2> <OutPorts = 1>
ST_28 : Operation 509 [1/1] (7.30ns)   --->   "%gmem1_addr_read_26 = read i32 @_ssdm_op_Read.m_axi.p1i32, i64 %gmem1_addr" [/home/simics/HMoE/HLS_HMoE/pseudo_block/run_7/src/pseudo_moe.cpp:154]   --->   Operation 509 'read' 'gmem1_addr_read_26' <Predicate = (!icmp_ln150)> <Delay = 7.30> <CoreInst = "m_axi">   --->   Core 121 'm_axi' <Latency = 0> <II = 1> <Delay = 1.00> <Adapter> <Opcode : 'read' 'write' 'readreq' 'writereq' 'writeresp'>

State 29 <SV = 28> <Delay = 7.30>
ST_29 : Operation 510 [2/2] (6.36ns)   --->   "%acc_13 = fadd i32 %acc_12, i32 %mul83_11" [/home/simics/HMoE/HLS_HMoE/pseudo_block/run_7/src/pseudo_moe.cpp:154]   --->   Operation 510 'fadd' 'acc_13' <Predicate = (!icmp_ln150)> <Delay = 6.36> <CoreInst = "FAddSub_fulldsp">   --->   Core 18 'FAddSub_fulldsp' <Latency = 1> <II = 1> <Delay = 6.04> <FuncUnit> <Opcode : 'fadd' 'fsub'> <InPorts = 2> <OutPorts = 1>
ST_29 : Operation 511 [1/2] (3.88ns)   --->   "%mul83_24 = fmul i32 %input_local_1_load_3, i32 %bitcast_ln154_25" [/home/simics/HMoE/HLS_HMoE/pseudo_block/run_7/src/pseudo_moe.cpp:154]   --->   Operation 511 'fmul' 'mul83_24' <Predicate = (!icmp_ln150)> <Delay = 3.88> <CoreInst = "FMul_maxdsp">   --->   Core 30 'FMul_maxdsp' <Latency = 1> <II = 1> <Delay = 3.88> <FuncUnit> <Opcode : 'fmul'> <InPorts = 2> <OutPorts = 1>
ST_29 : Operation 512 [1/1] (0.00ns)   --->   "%bitcast_ln154_26 = bitcast i32 %gmem1_addr_read_26" [/home/simics/HMoE/HLS_HMoE/pseudo_block/run_7/src/pseudo_moe.cpp:154]   --->   Operation 512 'bitcast' 'bitcast_ln154_26' <Predicate = (!icmp_ln150)> <Delay = 0.00>
ST_29 : Operation 513 [2/2] (4.20ns)   --->   "%mul83_25 = fmul i32 %input_local_2_load_3, i32 %bitcast_ln154_26" [/home/simics/HMoE/HLS_HMoE/pseudo_block/run_7/src/pseudo_moe.cpp:154]   --->   Operation 513 'fmul' 'mul83_25' <Predicate = (!icmp_ln150)> <Delay = 4.20> <CoreInst = "FMul_maxdsp">   --->   Core 30 'FMul_maxdsp' <Latency = 1> <II = 1> <Delay = 3.88> <FuncUnit> <Opcode : 'fmul'> <InPorts = 2> <OutPorts = 1>
ST_29 : Operation 514 [1/1] (7.30ns)   --->   "%gmem1_addr_read_27 = read i32 @_ssdm_op_Read.m_axi.p1i32, i64 %gmem1_addr" [/home/simics/HMoE/HLS_HMoE/pseudo_block/run_7/src/pseudo_moe.cpp:154]   --->   Operation 514 'read' 'gmem1_addr_read_27' <Predicate = (!icmp_ln150)> <Delay = 7.30> <CoreInst = "m_axi">   --->   Core 121 'm_axi' <Latency = 0> <II = 1> <Delay = 1.00> <Adapter> <Opcode : 'read' 'write' 'readreq' 'writereq' 'writeresp'>

State 30 <SV = 29> <Delay = 7.30>
ST_30 : Operation 515 [1/2] (6.04ns)   --->   "%acc_13 = fadd i32 %acc_12, i32 %mul83_11" [/home/simics/HMoE/HLS_HMoE/pseudo_block/run_7/src/pseudo_moe.cpp:154]   --->   Operation 515 'fadd' 'acc_13' <Predicate = (!icmp_ln150)> <Delay = 6.04> <CoreInst = "FAddSub_fulldsp">   --->   Core 18 'FAddSub_fulldsp' <Latency = 1> <II = 1> <Delay = 6.04> <FuncUnit> <Opcode : 'fadd' 'fsub'> <InPorts = 2> <OutPorts = 1>
ST_30 : Operation 516 [1/2] (3.88ns)   --->   "%mul83_25 = fmul i32 %input_local_2_load_3, i32 %bitcast_ln154_26" [/home/simics/HMoE/HLS_HMoE/pseudo_block/run_7/src/pseudo_moe.cpp:154]   --->   Operation 516 'fmul' 'mul83_25' <Predicate = (!icmp_ln150)> <Delay = 3.88> <CoreInst = "FMul_maxdsp">   --->   Core 30 'FMul_maxdsp' <Latency = 1> <II = 1> <Delay = 3.88> <FuncUnit> <Opcode : 'fmul'> <InPorts = 2> <OutPorts = 1>
ST_30 : Operation 517 [1/1] (0.00ns)   --->   "%bitcast_ln154_27 = bitcast i32 %gmem1_addr_read_27" [/home/simics/HMoE/HLS_HMoE/pseudo_block/run_7/src/pseudo_moe.cpp:154]   --->   Operation 517 'bitcast' 'bitcast_ln154_27' <Predicate = (!icmp_ln150)> <Delay = 0.00>
ST_30 : Operation 518 [2/2] (4.20ns)   --->   "%mul83_26 = fmul i32 %input_local_3_load_3, i32 %bitcast_ln154_27" [/home/simics/HMoE/HLS_HMoE/pseudo_block/run_7/src/pseudo_moe.cpp:154]   --->   Operation 518 'fmul' 'mul83_26' <Predicate = (!icmp_ln150)> <Delay = 4.20> <CoreInst = "FMul_maxdsp">   --->   Core 30 'FMul_maxdsp' <Latency = 1> <II = 1> <Delay = 3.88> <FuncUnit> <Opcode : 'fmul'> <InPorts = 2> <OutPorts = 1>
ST_30 : Operation 519 [1/1] (7.30ns)   --->   "%gmem1_addr_read_28 = read i32 @_ssdm_op_Read.m_axi.p1i32, i64 %gmem1_addr" [/home/simics/HMoE/HLS_HMoE/pseudo_block/run_7/src/pseudo_moe.cpp:154]   --->   Operation 519 'read' 'gmem1_addr_read_28' <Predicate = (!icmp_ln150)> <Delay = 7.30> <CoreInst = "m_axi">   --->   Core 121 'm_axi' <Latency = 0> <II = 1> <Delay = 1.00> <Adapter> <Opcode : 'read' 'write' 'readreq' 'writereq' 'writeresp'>

State 31 <SV = 30> <Delay = 7.30>
ST_31 : Operation 520 [2/2] (6.36ns)   --->   "%acc_14 = fadd i32 %acc_13, i32 %mul83_12" [/home/simics/HMoE/HLS_HMoE/pseudo_block/run_7/src/pseudo_moe.cpp:154]   --->   Operation 520 'fadd' 'acc_14' <Predicate = (!icmp_ln150)> <Delay = 6.36> <CoreInst = "FAddSub_fulldsp">   --->   Core 18 'FAddSub_fulldsp' <Latency = 1> <II = 1> <Delay = 6.04> <FuncUnit> <Opcode : 'fadd' 'fsub'> <InPorts = 2> <OutPorts = 1>
ST_31 : Operation 521 [1/2] (3.88ns)   --->   "%mul83_26 = fmul i32 %input_local_3_load_3, i32 %bitcast_ln154_27" [/home/simics/HMoE/HLS_HMoE/pseudo_block/run_7/src/pseudo_moe.cpp:154]   --->   Operation 521 'fmul' 'mul83_26' <Predicate = (!icmp_ln150)> <Delay = 3.88> <CoreInst = "FMul_maxdsp">   --->   Core 30 'FMul_maxdsp' <Latency = 1> <II = 1> <Delay = 3.88> <FuncUnit> <Opcode : 'fmul'> <InPorts = 2> <OutPorts = 1>
ST_31 : Operation 522 [1/1] (0.00ns)   --->   "%bitcast_ln154_28 = bitcast i32 %gmem1_addr_read_28" [/home/simics/HMoE/HLS_HMoE/pseudo_block/run_7/src/pseudo_moe.cpp:154]   --->   Operation 522 'bitcast' 'bitcast_ln154_28' <Predicate = (!icmp_ln150)> <Delay = 0.00>
ST_31 : Operation 523 [2/2] (4.20ns)   --->   "%mul83_27 = fmul i32 %input_local_4_load_3, i32 %bitcast_ln154_28" [/home/simics/HMoE/HLS_HMoE/pseudo_block/run_7/src/pseudo_moe.cpp:154]   --->   Operation 523 'fmul' 'mul83_27' <Predicate = (!icmp_ln150)> <Delay = 4.20> <CoreInst = "FMul_maxdsp">   --->   Core 30 'FMul_maxdsp' <Latency = 1> <II = 1> <Delay = 3.88> <FuncUnit> <Opcode : 'fmul'> <InPorts = 2> <OutPorts = 1>
ST_31 : Operation 524 [1/1] (7.30ns)   --->   "%gmem1_addr_read_29 = read i32 @_ssdm_op_Read.m_axi.p1i32, i64 %gmem1_addr" [/home/simics/HMoE/HLS_HMoE/pseudo_block/run_7/src/pseudo_moe.cpp:154]   --->   Operation 524 'read' 'gmem1_addr_read_29' <Predicate = (!icmp_ln150)> <Delay = 7.30> <CoreInst = "m_axi">   --->   Core 121 'm_axi' <Latency = 0> <II = 1> <Delay = 1.00> <Adapter> <Opcode : 'read' 'write' 'readreq' 'writereq' 'writeresp'>

State 32 <SV = 31> <Delay = 7.30>
ST_32 : Operation 525 [1/2] (6.04ns)   --->   "%acc_14 = fadd i32 %acc_13, i32 %mul83_12" [/home/simics/HMoE/HLS_HMoE/pseudo_block/run_7/src/pseudo_moe.cpp:154]   --->   Operation 525 'fadd' 'acc_14' <Predicate = (!icmp_ln150)> <Delay = 6.04> <CoreInst = "FAddSub_fulldsp">   --->   Core 18 'FAddSub_fulldsp' <Latency = 1> <II = 1> <Delay = 6.04> <FuncUnit> <Opcode : 'fadd' 'fsub'> <InPorts = 2> <OutPorts = 1>
ST_32 : Operation 526 [1/2] (3.88ns)   --->   "%mul83_27 = fmul i32 %input_local_4_load_3, i32 %bitcast_ln154_28" [/home/simics/HMoE/HLS_HMoE/pseudo_block/run_7/src/pseudo_moe.cpp:154]   --->   Operation 526 'fmul' 'mul83_27' <Predicate = (!icmp_ln150)> <Delay = 3.88> <CoreInst = "FMul_maxdsp">   --->   Core 30 'FMul_maxdsp' <Latency = 1> <II = 1> <Delay = 3.88> <FuncUnit> <Opcode : 'fmul'> <InPorts = 2> <OutPorts = 1>
ST_32 : Operation 527 [1/1] (0.00ns)   --->   "%bitcast_ln154_29 = bitcast i32 %gmem1_addr_read_29" [/home/simics/HMoE/HLS_HMoE/pseudo_block/run_7/src/pseudo_moe.cpp:154]   --->   Operation 527 'bitcast' 'bitcast_ln154_29' <Predicate = (!icmp_ln150)> <Delay = 0.00>
ST_32 : Operation 528 [2/2] (4.20ns)   --->   "%mul83_28 = fmul i32 %input_local_5_load_3, i32 %bitcast_ln154_29" [/home/simics/HMoE/HLS_HMoE/pseudo_block/run_7/src/pseudo_moe.cpp:154]   --->   Operation 528 'fmul' 'mul83_28' <Predicate = (!icmp_ln150)> <Delay = 4.20> <CoreInst = "FMul_maxdsp">   --->   Core 30 'FMul_maxdsp' <Latency = 1> <II = 1> <Delay = 3.88> <FuncUnit> <Opcode : 'fmul'> <InPorts = 2> <OutPorts = 1>
ST_32 : Operation 529 [1/1] (7.30ns)   --->   "%gmem1_addr_read_30 = read i32 @_ssdm_op_Read.m_axi.p1i32, i64 %gmem1_addr" [/home/simics/HMoE/HLS_HMoE/pseudo_block/run_7/src/pseudo_moe.cpp:154]   --->   Operation 529 'read' 'gmem1_addr_read_30' <Predicate = (!icmp_ln150)> <Delay = 7.30> <CoreInst = "m_axi">   --->   Core 121 'm_axi' <Latency = 0> <II = 1> <Delay = 1.00> <Adapter> <Opcode : 'read' 'write' 'readreq' 'writereq' 'writeresp'>

State 33 <SV = 32> <Delay = 7.30>
ST_33 : Operation 530 [2/2] (6.36ns)   --->   "%acc_15 = fadd i32 %acc_14, i32 %mul83_13" [/home/simics/HMoE/HLS_HMoE/pseudo_block/run_7/src/pseudo_moe.cpp:154]   --->   Operation 530 'fadd' 'acc_15' <Predicate = (!icmp_ln150)> <Delay = 6.36> <CoreInst = "FAddSub_fulldsp">   --->   Core 18 'FAddSub_fulldsp' <Latency = 1> <II = 1> <Delay = 6.04> <FuncUnit> <Opcode : 'fadd' 'fsub'> <InPorts = 2> <OutPorts = 1>
ST_33 : Operation 531 [1/2] (3.88ns)   --->   "%mul83_28 = fmul i32 %input_local_5_load_3, i32 %bitcast_ln154_29" [/home/simics/HMoE/HLS_HMoE/pseudo_block/run_7/src/pseudo_moe.cpp:154]   --->   Operation 531 'fmul' 'mul83_28' <Predicate = (!icmp_ln150)> <Delay = 3.88> <CoreInst = "FMul_maxdsp">   --->   Core 30 'FMul_maxdsp' <Latency = 1> <II = 1> <Delay = 3.88> <FuncUnit> <Opcode : 'fmul'> <InPorts = 2> <OutPorts = 1>
ST_33 : Operation 532 [1/1] (0.00ns)   --->   "%bitcast_ln154_30 = bitcast i32 %gmem1_addr_read_30" [/home/simics/HMoE/HLS_HMoE/pseudo_block/run_7/src/pseudo_moe.cpp:154]   --->   Operation 532 'bitcast' 'bitcast_ln154_30' <Predicate = (!icmp_ln150)> <Delay = 0.00>
ST_33 : Operation 533 [2/2] (4.20ns)   --->   "%mul83_29 = fmul i32 %input_local_6_load_3, i32 %bitcast_ln154_30" [/home/simics/HMoE/HLS_HMoE/pseudo_block/run_7/src/pseudo_moe.cpp:154]   --->   Operation 533 'fmul' 'mul83_29' <Predicate = (!icmp_ln150)> <Delay = 4.20> <CoreInst = "FMul_maxdsp">   --->   Core 30 'FMul_maxdsp' <Latency = 1> <II = 1> <Delay = 3.88> <FuncUnit> <Opcode : 'fmul'> <InPorts = 2> <OutPorts = 1>
ST_33 : Operation 534 [1/1] (7.30ns)   --->   "%gmem1_addr_read_31 = read i32 @_ssdm_op_Read.m_axi.p1i32, i64 %gmem1_addr" [/home/simics/HMoE/HLS_HMoE/pseudo_block/run_7/src/pseudo_moe.cpp:154]   --->   Operation 534 'read' 'gmem1_addr_read_31' <Predicate = (!icmp_ln150)> <Delay = 7.30> <CoreInst = "m_axi">   --->   Core 121 'm_axi' <Latency = 0> <II = 1> <Delay = 1.00> <Adapter> <Opcode : 'read' 'write' 'readreq' 'writereq' 'writeresp'>

State 34 <SV = 33> <Delay = 7.30>
ST_34 : Operation 535 [1/2] (6.04ns)   --->   "%acc_15 = fadd i32 %acc_14, i32 %mul83_13" [/home/simics/HMoE/HLS_HMoE/pseudo_block/run_7/src/pseudo_moe.cpp:154]   --->   Operation 535 'fadd' 'acc_15' <Predicate = (!icmp_ln150)> <Delay = 6.04> <CoreInst = "FAddSub_fulldsp">   --->   Core 18 'FAddSub_fulldsp' <Latency = 1> <II = 1> <Delay = 6.04> <FuncUnit> <Opcode : 'fadd' 'fsub'> <InPorts = 2> <OutPorts = 1>
ST_34 : Operation 536 [1/2] (3.88ns)   --->   "%mul83_29 = fmul i32 %input_local_6_load_3, i32 %bitcast_ln154_30" [/home/simics/HMoE/HLS_HMoE/pseudo_block/run_7/src/pseudo_moe.cpp:154]   --->   Operation 536 'fmul' 'mul83_29' <Predicate = (!icmp_ln150)> <Delay = 3.88> <CoreInst = "FMul_maxdsp">   --->   Core 30 'FMul_maxdsp' <Latency = 1> <II = 1> <Delay = 3.88> <FuncUnit> <Opcode : 'fmul'> <InPorts = 2> <OutPorts = 1>
ST_34 : Operation 537 [1/1] (0.00ns)   --->   "%bitcast_ln154_31 = bitcast i32 %gmem1_addr_read_31" [/home/simics/HMoE/HLS_HMoE/pseudo_block/run_7/src/pseudo_moe.cpp:154]   --->   Operation 537 'bitcast' 'bitcast_ln154_31' <Predicate = (!icmp_ln150)> <Delay = 0.00>
ST_34 : Operation 538 [2/2] (4.20ns)   --->   "%mul83_30 = fmul i32 %input_local_7_load_3, i32 %bitcast_ln154_31" [/home/simics/HMoE/HLS_HMoE/pseudo_block/run_7/src/pseudo_moe.cpp:154]   --->   Operation 538 'fmul' 'mul83_30' <Predicate = (!icmp_ln150)> <Delay = 4.20> <CoreInst = "FMul_maxdsp">   --->   Core 30 'FMul_maxdsp' <Latency = 1> <II = 1> <Delay = 3.88> <FuncUnit> <Opcode : 'fmul'> <InPorts = 2> <OutPorts = 1>
ST_34 : Operation 539 [1/1] (7.30ns)   --->   "%gmem1_addr_read_32 = read i32 @_ssdm_op_Read.m_axi.p1i32, i64 %gmem1_addr" [/home/simics/HMoE/HLS_HMoE/pseudo_block/run_7/src/pseudo_moe.cpp:154]   --->   Operation 539 'read' 'gmem1_addr_read_32' <Predicate = (!icmp_ln150)> <Delay = 7.30> <CoreInst = "m_axi">   --->   Core 121 'm_axi' <Latency = 0> <II = 1> <Delay = 1.00> <Adapter> <Opcode : 'read' 'write' 'readreq' 'writereq' 'writeresp'>

State 35 <SV = 34> <Delay = 7.30>
ST_35 : Operation 540 [2/2] (6.36ns)   --->   "%acc_16 = fadd i32 %acc_15, i32 %mul83_14" [/home/simics/HMoE/HLS_HMoE/pseudo_block/run_7/src/pseudo_moe.cpp:154]   --->   Operation 540 'fadd' 'acc_16' <Predicate = (!icmp_ln150)> <Delay = 6.36> <CoreInst = "FAddSub_fulldsp">   --->   Core 18 'FAddSub_fulldsp' <Latency = 1> <II = 1> <Delay = 6.04> <FuncUnit> <Opcode : 'fadd' 'fsub'> <InPorts = 2> <OutPorts = 1>
ST_35 : Operation 541 [1/2] (3.88ns)   --->   "%mul83_30 = fmul i32 %input_local_7_load_3, i32 %bitcast_ln154_31" [/home/simics/HMoE/HLS_HMoE/pseudo_block/run_7/src/pseudo_moe.cpp:154]   --->   Operation 541 'fmul' 'mul83_30' <Predicate = (!icmp_ln150)> <Delay = 3.88> <CoreInst = "FMul_maxdsp">   --->   Core 30 'FMul_maxdsp' <Latency = 1> <II = 1> <Delay = 3.88> <FuncUnit> <Opcode : 'fmul'> <InPorts = 2> <OutPorts = 1>
ST_35 : Operation 542 [1/1] (0.00ns)   --->   "%bitcast_ln154_32 = bitcast i32 %gmem1_addr_read_32" [/home/simics/HMoE/HLS_HMoE/pseudo_block/run_7/src/pseudo_moe.cpp:154]   --->   Operation 542 'bitcast' 'bitcast_ln154_32' <Predicate = (!icmp_ln150)> <Delay = 0.00>
ST_35 : Operation 543 [2/2] (4.20ns)   --->   "%mul83_31 = fmul i32 %input_local_load_4, i32 %bitcast_ln154_32" [/home/simics/HMoE/HLS_HMoE/pseudo_block/run_7/src/pseudo_moe.cpp:154]   --->   Operation 543 'fmul' 'mul83_31' <Predicate = (!icmp_ln150)> <Delay = 4.20> <CoreInst = "FMul_maxdsp">   --->   Core 30 'FMul_maxdsp' <Latency = 1> <II = 1> <Delay = 3.88> <FuncUnit> <Opcode : 'fmul'> <InPorts = 2> <OutPorts = 1>
ST_35 : Operation 544 [1/1] (7.30ns)   --->   "%gmem1_addr_read_33 = read i32 @_ssdm_op_Read.m_axi.p1i32, i64 %gmem1_addr" [/home/simics/HMoE/HLS_HMoE/pseudo_block/run_7/src/pseudo_moe.cpp:154]   --->   Operation 544 'read' 'gmem1_addr_read_33' <Predicate = (!icmp_ln150)> <Delay = 7.30> <CoreInst = "m_axi">   --->   Core 121 'm_axi' <Latency = 0> <II = 1> <Delay = 1.00> <Adapter> <Opcode : 'read' 'write' 'readreq' 'writereq' 'writeresp'>

State 36 <SV = 35> <Delay = 7.30>
ST_36 : Operation 545 [1/2] (6.04ns)   --->   "%acc_16 = fadd i32 %acc_15, i32 %mul83_14" [/home/simics/HMoE/HLS_HMoE/pseudo_block/run_7/src/pseudo_moe.cpp:154]   --->   Operation 545 'fadd' 'acc_16' <Predicate = (!icmp_ln150)> <Delay = 6.04> <CoreInst = "FAddSub_fulldsp">   --->   Core 18 'FAddSub_fulldsp' <Latency = 1> <II = 1> <Delay = 6.04> <FuncUnit> <Opcode : 'fadd' 'fsub'> <InPorts = 2> <OutPorts = 1>
ST_36 : Operation 546 [1/2] (3.88ns)   --->   "%mul83_31 = fmul i32 %input_local_load_4, i32 %bitcast_ln154_32" [/home/simics/HMoE/HLS_HMoE/pseudo_block/run_7/src/pseudo_moe.cpp:154]   --->   Operation 546 'fmul' 'mul83_31' <Predicate = (!icmp_ln150)> <Delay = 3.88> <CoreInst = "FMul_maxdsp">   --->   Core 30 'FMul_maxdsp' <Latency = 1> <II = 1> <Delay = 3.88> <FuncUnit> <Opcode : 'fmul'> <InPorts = 2> <OutPorts = 1>
ST_36 : Operation 547 [1/1] (0.00ns)   --->   "%bitcast_ln154_33 = bitcast i32 %gmem1_addr_read_33" [/home/simics/HMoE/HLS_HMoE/pseudo_block/run_7/src/pseudo_moe.cpp:154]   --->   Operation 547 'bitcast' 'bitcast_ln154_33' <Predicate = (!icmp_ln150)> <Delay = 0.00>
ST_36 : Operation 548 [2/2] (4.20ns)   --->   "%mul83_32 = fmul i32 %input_local_1_load_4, i32 %bitcast_ln154_33" [/home/simics/HMoE/HLS_HMoE/pseudo_block/run_7/src/pseudo_moe.cpp:154]   --->   Operation 548 'fmul' 'mul83_32' <Predicate = (!icmp_ln150)> <Delay = 4.20> <CoreInst = "FMul_maxdsp">   --->   Core 30 'FMul_maxdsp' <Latency = 1> <II = 1> <Delay = 3.88> <FuncUnit> <Opcode : 'fmul'> <InPorts = 2> <OutPorts = 1>
ST_36 : Operation 549 [1/1] (7.30ns)   --->   "%gmem1_addr_read_34 = read i32 @_ssdm_op_Read.m_axi.p1i32, i64 %gmem1_addr" [/home/simics/HMoE/HLS_HMoE/pseudo_block/run_7/src/pseudo_moe.cpp:154]   --->   Operation 549 'read' 'gmem1_addr_read_34' <Predicate = (!icmp_ln150)> <Delay = 7.30> <CoreInst = "m_axi">   --->   Core 121 'm_axi' <Latency = 0> <II = 1> <Delay = 1.00> <Adapter> <Opcode : 'read' 'write' 'readreq' 'writereq' 'writeresp'>

State 37 <SV = 36> <Delay = 7.30>
ST_37 : Operation 550 [2/2] (6.36ns)   --->   "%acc_17 = fadd i32 %acc_16, i32 %mul83_15" [/home/simics/HMoE/HLS_HMoE/pseudo_block/run_7/src/pseudo_moe.cpp:154]   --->   Operation 550 'fadd' 'acc_17' <Predicate = (!icmp_ln150)> <Delay = 6.36> <CoreInst = "FAddSub_fulldsp">   --->   Core 18 'FAddSub_fulldsp' <Latency = 1> <II = 1> <Delay = 6.04> <FuncUnit> <Opcode : 'fadd' 'fsub'> <InPorts = 2> <OutPorts = 1>
ST_37 : Operation 551 [1/2] (3.88ns)   --->   "%mul83_32 = fmul i32 %input_local_1_load_4, i32 %bitcast_ln154_33" [/home/simics/HMoE/HLS_HMoE/pseudo_block/run_7/src/pseudo_moe.cpp:154]   --->   Operation 551 'fmul' 'mul83_32' <Predicate = (!icmp_ln150)> <Delay = 3.88> <CoreInst = "FMul_maxdsp">   --->   Core 30 'FMul_maxdsp' <Latency = 1> <II = 1> <Delay = 3.88> <FuncUnit> <Opcode : 'fmul'> <InPorts = 2> <OutPorts = 1>
ST_37 : Operation 552 [1/1] (0.00ns)   --->   "%bitcast_ln154_34 = bitcast i32 %gmem1_addr_read_34" [/home/simics/HMoE/HLS_HMoE/pseudo_block/run_7/src/pseudo_moe.cpp:154]   --->   Operation 552 'bitcast' 'bitcast_ln154_34' <Predicate = (!icmp_ln150)> <Delay = 0.00>
ST_37 : Operation 553 [2/2] (4.20ns)   --->   "%mul83_33 = fmul i32 %input_local_2_load_4, i32 %bitcast_ln154_34" [/home/simics/HMoE/HLS_HMoE/pseudo_block/run_7/src/pseudo_moe.cpp:154]   --->   Operation 553 'fmul' 'mul83_33' <Predicate = (!icmp_ln150)> <Delay = 4.20> <CoreInst = "FMul_maxdsp">   --->   Core 30 'FMul_maxdsp' <Latency = 1> <II = 1> <Delay = 3.88> <FuncUnit> <Opcode : 'fmul'> <InPorts = 2> <OutPorts = 1>
ST_37 : Operation 554 [1/1] (7.30ns)   --->   "%gmem1_addr_read_35 = read i32 @_ssdm_op_Read.m_axi.p1i32, i64 %gmem1_addr" [/home/simics/HMoE/HLS_HMoE/pseudo_block/run_7/src/pseudo_moe.cpp:154]   --->   Operation 554 'read' 'gmem1_addr_read_35' <Predicate = (!icmp_ln150)> <Delay = 7.30> <CoreInst = "m_axi">   --->   Core 121 'm_axi' <Latency = 0> <II = 1> <Delay = 1.00> <Adapter> <Opcode : 'read' 'write' 'readreq' 'writereq' 'writeresp'>

State 38 <SV = 37> <Delay = 7.30>
ST_38 : Operation 555 [1/2] (6.04ns)   --->   "%acc_17 = fadd i32 %acc_16, i32 %mul83_15" [/home/simics/HMoE/HLS_HMoE/pseudo_block/run_7/src/pseudo_moe.cpp:154]   --->   Operation 555 'fadd' 'acc_17' <Predicate = (!icmp_ln150)> <Delay = 6.04> <CoreInst = "FAddSub_fulldsp">   --->   Core 18 'FAddSub_fulldsp' <Latency = 1> <II = 1> <Delay = 6.04> <FuncUnit> <Opcode : 'fadd' 'fsub'> <InPorts = 2> <OutPorts = 1>
ST_38 : Operation 556 [1/2] (3.88ns)   --->   "%mul83_33 = fmul i32 %input_local_2_load_4, i32 %bitcast_ln154_34" [/home/simics/HMoE/HLS_HMoE/pseudo_block/run_7/src/pseudo_moe.cpp:154]   --->   Operation 556 'fmul' 'mul83_33' <Predicate = (!icmp_ln150)> <Delay = 3.88> <CoreInst = "FMul_maxdsp">   --->   Core 30 'FMul_maxdsp' <Latency = 1> <II = 1> <Delay = 3.88> <FuncUnit> <Opcode : 'fmul'> <InPorts = 2> <OutPorts = 1>
ST_38 : Operation 557 [1/1] (0.00ns)   --->   "%bitcast_ln154_35 = bitcast i32 %gmem1_addr_read_35" [/home/simics/HMoE/HLS_HMoE/pseudo_block/run_7/src/pseudo_moe.cpp:154]   --->   Operation 557 'bitcast' 'bitcast_ln154_35' <Predicate = (!icmp_ln150)> <Delay = 0.00>
ST_38 : Operation 558 [2/2] (4.20ns)   --->   "%mul83_34 = fmul i32 %input_local_3_load_4, i32 %bitcast_ln154_35" [/home/simics/HMoE/HLS_HMoE/pseudo_block/run_7/src/pseudo_moe.cpp:154]   --->   Operation 558 'fmul' 'mul83_34' <Predicate = (!icmp_ln150)> <Delay = 4.20> <CoreInst = "FMul_maxdsp">   --->   Core 30 'FMul_maxdsp' <Latency = 1> <II = 1> <Delay = 3.88> <FuncUnit> <Opcode : 'fmul'> <InPorts = 2> <OutPorts = 1>
ST_38 : Operation 559 [1/1] (7.30ns)   --->   "%gmem1_addr_read_36 = read i32 @_ssdm_op_Read.m_axi.p1i32, i64 %gmem1_addr" [/home/simics/HMoE/HLS_HMoE/pseudo_block/run_7/src/pseudo_moe.cpp:154]   --->   Operation 559 'read' 'gmem1_addr_read_36' <Predicate = (!icmp_ln150)> <Delay = 7.30> <CoreInst = "m_axi">   --->   Core 121 'm_axi' <Latency = 0> <II = 1> <Delay = 1.00> <Adapter> <Opcode : 'read' 'write' 'readreq' 'writereq' 'writeresp'>

State 39 <SV = 38> <Delay = 7.30>
ST_39 : Operation 560 [2/2] (6.36ns)   --->   "%acc_18 = fadd i32 %acc_17, i32 %mul83_16" [/home/simics/HMoE/HLS_HMoE/pseudo_block/run_7/src/pseudo_moe.cpp:154]   --->   Operation 560 'fadd' 'acc_18' <Predicate = (!icmp_ln150)> <Delay = 6.36> <CoreInst = "FAddSub_fulldsp">   --->   Core 18 'FAddSub_fulldsp' <Latency = 1> <II = 1> <Delay = 6.04> <FuncUnit> <Opcode : 'fadd' 'fsub'> <InPorts = 2> <OutPorts = 1>
ST_39 : Operation 561 [1/2] (3.88ns)   --->   "%mul83_34 = fmul i32 %input_local_3_load_4, i32 %bitcast_ln154_35" [/home/simics/HMoE/HLS_HMoE/pseudo_block/run_7/src/pseudo_moe.cpp:154]   --->   Operation 561 'fmul' 'mul83_34' <Predicate = (!icmp_ln150)> <Delay = 3.88> <CoreInst = "FMul_maxdsp">   --->   Core 30 'FMul_maxdsp' <Latency = 1> <II = 1> <Delay = 3.88> <FuncUnit> <Opcode : 'fmul'> <InPorts = 2> <OutPorts = 1>
ST_39 : Operation 562 [1/1] (0.00ns)   --->   "%bitcast_ln154_36 = bitcast i32 %gmem1_addr_read_36" [/home/simics/HMoE/HLS_HMoE/pseudo_block/run_7/src/pseudo_moe.cpp:154]   --->   Operation 562 'bitcast' 'bitcast_ln154_36' <Predicate = (!icmp_ln150)> <Delay = 0.00>
ST_39 : Operation 563 [2/2] (4.20ns)   --->   "%mul83_35 = fmul i32 %input_local_4_load_4, i32 %bitcast_ln154_36" [/home/simics/HMoE/HLS_HMoE/pseudo_block/run_7/src/pseudo_moe.cpp:154]   --->   Operation 563 'fmul' 'mul83_35' <Predicate = (!icmp_ln150)> <Delay = 4.20> <CoreInst = "FMul_maxdsp">   --->   Core 30 'FMul_maxdsp' <Latency = 1> <II = 1> <Delay = 3.88> <FuncUnit> <Opcode : 'fmul'> <InPorts = 2> <OutPorts = 1>
ST_39 : Operation 564 [1/1] (7.30ns)   --->   "%gmem1_addr_read_37 = read i32 @_ssdm_op_Read.m_axi.p1i32, i64 %gmem1_addr" [/home/simics/HMoE/HLS_HMoE/pseudo_block/run_7/src/pseudo_moe.cpp:154]   --->   Operation 564 'read' 'gmem1_addr_read_37' <Predicate = (!icmp_ln150)> <Delay = 7.30> <CoreInst = "m_axi">   --->   Core 121 'm_axi' <Latency = 0> <II = 1> <Delay = 1.00> <Adapter> <Opcode : 'read' 'write' 'readreq' 'writereq' 'writeresp'>

State 40 <SV = 39> <Delay = 7.30>
ST_40 : Operation 565 [1/2] (6.04ns)   --->   "%acc_18 = fadd i32 %acc_17, i32 %mul83_16" [/home/simics/HMoE/HLS_HMoE/pseudo_block/run_7/src/pseudo_moe.cpp:154]   --->   Operation 565 'fadd' 'acc_18' <Predicate = (!icmp_ln150)> <Delay = 6.04> <CoreInst = "FAddSub_fulldsp">   --->   Core 18 'FAddSub_fulldsp' <Latency = 1> <II = 1> <Delay = 6.04> <FuncUnit> <Opcode : 'fadd' 'fsub'> <InPorts = 2> <OutPorts = 1>
ST_40 : Operation 566 [1/2] (3.88ns)   --->   "%mul83_35 = fmul i32 %input_local_4_load_4, i32 %bitcast_ln154_36" [/home/simics/HMoE/HLS_HMoE/pseudo_block/run_7/src/pseudo_moe.cpp:154]   --->   Operation 566 'fmul' 'mul83_35' <Predicate = (!icmp_ln150)> <Delay = 3.88> <CoreInst = "FMul_maxdsp">   --->   Core 30 'FMul_maxdsp' <Latency = 1> <II = 1> <Delay = 3.88> <FuncUnit> <Opcode : 'fmul'> <InPorts = 2> <OutPorts = 1>
ST_40 : Operation 567 [1/1] (0.00ns)   --->   "%bitcast_ln154_37 = bitcast i32 %gmem1_addr_read_37" [/home/simics/HMoE/HLS_HMoE/pseudo_block/run_7/src/pseudo_moe.cpp:154]   --->   Operation 567 'bitcast' 'bitcast_ln154_37' <Predicate = (!icmp_ln150)> <Delay = 0.00>
ST_40 : Operation 568 [2/2] (4.20ns)   --->   "%mul83_36 = fmul i32 %input_local_5_load_4, i32 %bitcast_ln154_37" [/home/simics/HMoE/HLS_HMoE/pseudo_block/run_7/src/pseudo_moe.cpp:154]   --->   Operation 568 'fmul' 'mul83_36' <Predicate = (!icmp_ln150)> <Delay = 4.20> <CoreInst = "FMul_maxdsp">   --->   Core 30 'FMul_maxdsp' <Latency = 1> <II = 1> <Delay = 3.88> <FuncUnit> <Opcode : 'fmul'> <InPorts = 2> <OutPorts = 1>
ST_40 : Operation 569 [1/1] (7.30ns)   --->   "%gmem1_addr_read_38 = read i32 @_ssdm_op_Read.m_axi.p1i32, i64 %gmem1_addr" [/home/simics/HMoE/HLS_HMoE/pseudo_block/run_7/src/pseudo_moe.cpp:154]   --->   Operation 569 'read' 'gmem1_addr_read_38' <Predicate = (!icmp_ln150)> <Delay = 7.30> <CoreInst = "m_axi">   --->   Core 121 'm_axi' <Latency = 0> <II = 1> <Delay = 1.00> <Adapter> <Opcode : 'read' 'write' 'readreq' 'writereq' 'writeresp'>

State 41 <SV = 40> <Delay = 7.30>
ST_41 : Operation 570 [2/2] (6.36ns)   --->   "%acc_19 = fadd i32 %acc_18, i32 %mul83_17" [/home/simics/HMoE/HLS_HMoE/pseudo_block/run_7/src/pseudo_moe.cpp:154]   --->   Operation 570 'fadd' 'acc_19' <Predicate = (!icmp_ln150)> <Delay = 6.36> <CoreInst = "FAddSub_fulldsp">   --->   Core 18 'FAddSub_fulldsp' <Latency = 1> <II = 1> <Delay = 6.04> <FuncUnit> <Opcode : 'fadd' 'fsub'> <InPorts = 2> <OutPorts = 1>
ST_41 : Operation 571 [1/2] (3.88ns)   --->   "%mul83_36 = fmul i32 %input_local_5_load_4, i32 %bitcast_ln154_37" [/home/simics/HMoE/HLS_HMoE/pseudo_block/run_7/src/pseudo_moe.cpp:154]   --->   Operation 571 'fmul' 'mul83_36' <Predicate = (!icmp_ln150)> <Delay = 3.88> <CoreInst = "FMul_maxdsp">   --->   Core 30 'FMul_maxdsp' <Latency = 1> <II = 1> <Delay = 3.88> <FuncUnit> <Opcode : 'fmul'> <InPorts = 2> <OutPorts = 1>
ST_41 : Operation 572 [1/1] (0.00ns)   --->   "%bitcast_ln154_38 = bitcast i32 %gmem1_addr_read_38" [/home/simics/HMoE/HLS_HMoE/pseudo_block/run_7/src/pseudo_moe.cpp:154]   --->   Operation 572 'bitcast' 'bitcast_ln154_38' <Predicate = (!icmp_ln150)> <Delay = 0.00>
ST_41 : Operation 573 [2/2] (4.20ns)   --->   "%mul83_37 = fmul i32 %input_local_6_load_4, i32 %bitcast_ln154_38" [/home/simics/HMoE/HLS_HMoE/pseudo_block/run_7/src/pseudo_moe.cpp:154]   --->   Operation 573 'fmul' 'mul83_37' <Predicate = (!icmp_ln150)> <Delay = 4.20> <CoreInst = "FMul_maxdsp">   --->   Core 30 'FMul_maxdsp' <Latency = 1> <II = 1> <Delay = 3.88> <FuncUnit> <Opcode : 'fmul'> <InPorts = 2> <OutPorts = 1>
ST_41 : Operation 574 [1/1] (7.30ns)   --->   "%gmem1_addr_read_39 = read i32 @_ssdm_op_Read.m_axi.p1i32, i64 %gmem1_addr" [/home/simics/HMoE/HLS_HMoE/pseudo_block/run_7/src/pseudo_moe.cpp:154]   --->   Operation 574 'read' 'gmem1_addr_read_39' <Predicate = (!icmp_ln150)> <Delay = 7.30> <CoreInst = "m_axi">   --->   Core 121 'm_axi' <Latency = 0> <II = 1> <Delay = 1.00> <Adapter> <Opcode : 'read' 'write' 'readreq' 'writereq' 'writeresp'>

State 42 <SV = 41> <Delay = 7.30>
ST_42 : Operation 575 [1/2] (6.04ns)   --->   "%acc_19 = fadd i32 %acc_18, i32 %mul83_17" [/home/simics/HMoE/HLS_HMoE/pseudo_block/run_7/src/pseudo_moe.cpp:154]   --->   Operation 575 'fadd' 'acc_19' <Predicate = (!icmp_ln150)> <Delay = 6.04> <CoreInst = "FAddSub_fulldsp">   --->   Core 18 'FAddSub_fulldsp' <Latency = 1> <II = 1> <Delay = 6.04> <FuncUnit> <Opcode : 'fadd' 'fsub'> <InPorts = 2> <OutPorts = 1>
ST_42 : Operation 576 [1/2] (3.88ns)   --->   "%mul83_37 = fmul i32 %input_local_6_load_4, i32 %bitcast_ln154_38" [/home/simics/HMoE/HLS_HMoE/pseudo_block/run_7/src/pseudo_moe.cpp:154]   --->   Operation 576 'fmul' 'mul83_37' <Predicate = (!icmp_ln150)> <Delay = 3.88> <CoreInst = "FMul_maxdsp">   --->   Core 30 'FMul_maxdsp' <Latency = 1> <II = 1> <Delay = 3.88> <FuncUnit> <Opcode : 'fmul'> <InPorts = 2> <OutPorts = 1>
ST_42 : Operation 577 [1/1] (0.00ns)   --->   "%bitcast_ln154_39 = bitcast i32 %gmem1_addr_read_39" [/home/simics/HMoE/HLS_HMoE/pseudo_block/run_7/src/pseudo_moe.cpp:154]   --->   Operation 577 'bitcast' 'bitcast_ln154_39' <Predicate = (!icmp_ln150)> <Delay = 0.00>
ST_42 : Operation 578 [2/2] (4.20ns)   --->   "%mul83_38 = fmul i32 %input_local_7_load_4, i32 %bitcast_ln154_39" [/home/simics/HMoE/HLS_HMoE/pseudo_block/run_7/src/pseudo_moe.cpp:154]   --->   Operation 578 'fmul' 'mul83_38' <Predicate = (!icmp_ln150)> <Delay = 4.20> <CoreInst = "FMul_maxdsp">   --->   Core 30 'FMul_maxdsp' <Latency = 1> <II = 1> <Delay = 3.88> <FuncUnit> <Opcode : 'fmul'> <InPorts = 2> <OutPorts = 1>
ST_42 : Operation 579 [1/1] (7.30ns)   --->   "%gmem1_addr_read_40 = read i32 @_ssdm_op_Read.m_axi.p1i32, i64 %gmem1_addr" [/home/simics/HMoE/HLS_HMoE/pseudo_block/run_7/src/pseudo_moe.cpp:154]   --->   Operation 579 'read' 'gmem1_addr_read_40' <Predicate = (!icmp_ln150)> <Delay = 7.30> <CoreInst = "m_axi">   --->   Core 121 'm_axi' <Latency = 0> <II = 1> <Delay = 1.00> <Adapter> <Opcode : 'read' 'write' 'readreq' 'writereq' 'writeresp'>

State 43 <SV = 42> <Delay = 7.30>
ST_43 : Operation 580 [2/2] (6.36ns)   --->   "%acc_20 = fadd i32 %acc_19, i32 %mul83_18" [/home/simics/HMoE/HLS_HMoE/pseudo_block/run_7/src/pseudo_moe.cpp:154]   --->   Operation 580 'fadd' 'acc_20' <Predicate = (!icmp_ln150)> <Delay = 6.36> <CoreInst = "FAddSub_fulldsp">   --->   Core 18 'FAddSub_fulldsp' <Latency = 1> <II = 1> <Delay = 6.04> <FuncUnit> <Opcode : 'fadd' 'fsub'> <InPorts = 2> <OutPorts = 1>
ST_43 : Operation 581 [1/2] (3.88ns)   --->   "%mul83_38 = fmul i32 %input_local_7_load_4, i32 %bitcast_ln154_39" [/home/simics/HMoE/HLS_HMoE/pseudo_block/run_7/src/pseudo_moe.cpp:154]   --->   Operation 581 'fmul' 'mul83_38' <Predicate = (!icmp_ln150)> <Delay = 3.88> <CoreInst = "FMul_maxdsp">   --->   Core 30 'FMul_maxdsp' <Latency = 1> <II = 1> <Delay = 3.88> <FuncUnit> <Opcode : 'fmul'> <InPorts = 2> <OutPorts = 1>
ST_43 : Operation 582 [1/1] (0.00ns)   --->   "%bitcast_ln154_40 = bitcast i32 %gmem1_addr_read_40" [/home/simics/HMoE/HLS_HMoE/pseudo_block/run_7/src/pseudo_moe.cpp:154]   --->   Operation 582 'bitcast' 'bitcast_ln154_40' <Predicate = (!icmp_ln150)> <Delay = 0.00>
ST_43 : Operation 583 [2/2] (4.20ns)   --->   "%mul83_39 = fmul i32 %input_local_load_5, i32 %bitcast_ln154_40" [/home/simics/HMoE/HLS_HMoE/pseudo_block/run_7/src/pseudo_moe.cpp:154]   --->   Operation 583 'fmul' 'mul83_39' <Predicate = (!icmp_ln150)> <Delay = 4.20> <CoreInst = "FMul_maxdsp">   --->   Core 30 'FMul_maxdsp' <Latency = 1> <II = 1> <Delay = 3.88> <FuncUnit> <Opcode : 'fmul'> <InPorts = 2> <OutPorts = 1>
ST_43 : Operation 584 [1/1] (7.30ns)   --->   "%gmem1_addr_read_41 = read i32 @_ssdm_op_Read.m_axi.p1i32, i64 %gmem1_addr" [/home/simics/HMoE/HLS_HMoE/pseudo_block/run_7/src/pseudo_moe.cpp:154]   --->   Operation 584 'read' 'gmem1_addr_read_41' <Predicate = (!icmp_ln150)> <Delay = 7.30> <CoreInst = "m_axi">   --->   Core 121 'm_axi' <Latency = 0> <II = 1> <Delay = 1.00> <Adapter> <Opcode : 'read' 'write' 'readreq' 'writereq' 'writeresp'>

State 44 <SV = 43> <Delay = 7.30>
ST_44 : Operation 585 [1/2] (6.04ns)   --->   "%acc_20 = fadd i32 %acc_19, i32 %mul83_18" [/home/simics/HMoE/HLS_HMoE/pseudo_block/run_7/src/pseudo_moe.cpp:154]   --->   Operation 585 'fadd' 'acc_20' <Predicate = (!icmp_ln150)> <Delay = 6.04> <CoreInst = "FAddSub_fulldsp">   --->   Core 18 'FAddSub_fulldsp' <Latency = 1> <II = 1> <Delay = 6.04> <FuncUnit> <Opcode : 'fadd' 'fsub'> <InPorts = 2> <OutPorts = 1>
ST_44 : Operation 586 [1/2] (3.88ns)   --->   "%mul83_39 = fmul i32 %input_local_load_5, i32 %bitcast_ln154_40" [/home/simics/HMoE/HLS_HMoE/pseudo_block/run_7/src/pseudo_moe.cpp:154]   --->   Operation 586 'fmul' 'mul83_39' <Predicate = (!icmp_ln150)> <Delay = 3.88> <CoreInst = "FMul_maxdsp">   --->   Core 30 'FMul_maxdsp' <Latency = 1> <II = 1> <Delay = 3.88> <FuncUnit> <Opcode : 'fmul'> <InPorts = 2> <OutPorts = 1>
ST_44 : Operation 587 [1/1] (0.00ns)   --->   "%bitcast_ln154_41 = bitcast i32 %gmem1_addr_read_41" [/home/simics/HMoE/HLS_HMoE/pseudo_block/run_7/src/pseudo_moe.cpp:154]   --->   Operation 587 'bitcast' 'bitcast_ln154_41' <Predicate = (!icmp_ln150)> <Delay = 0.00>
ST_44 : Operation 588 [2/2] (4.20ns)   --->   "%mul83_40 = fmul i32 %input_local_1_load_5, i32 %bitcast_ln154_41" [/home/simics/HMoE/HLS_HMoE/pseudo_block/run_7/src/pseudo_moe.cpp:154]   --->   Operation 588 'fmul' 'mul83_40' <Predicate = (!icmp_ln150)> <Delay = 4.20> <CoreInst = "FMul_maxdsp">   --->   Core 30 'FMul_maxdsp' <Latency = 1> <II = 1> <Delay = 3.88> <FuncUnit> <Opcode : 'fmul'> <InPorts = 2> <OutPorts = 1>
ST_44 : Operation 589 [1/1] (7.30ns)   --->   "%gmem1_addr_read_42 = read i32 @_ssdm_op_Read.m_axi.p1i32, i64 %gmem1_addr" [/home/simics/HMoE/HLS_HMoE/pseudo_block/run_7/src/pseudo_moe.cpp:154]   --->   Operation 589 'read' 'gmem1_addr_read_42' <Predicate = (!icmp_ln150)> <Delay = 7.30> <CoreInst = "m_axi">   --->   Core 121 'm_axi' <Latency = 0> <II = 1> <Delay = 1.00> <Adapter> <Opcode : 'read' 'write' 'readreq' 'writereq' 'writeresp'>

State 45 <SV = 44> <Delay = 7.30>
ST_45 : Operation 590 [2/2] (6.36ns)   --->   "%acc_21 = fadd i32 %acc_20, i32 %mul83_19" [/home/simics/HMoE/HLS_HMoE/pseudo_block/run_7/src/pseudo_moe.cpp:154]   --->   Operation 590 'fadd' 'acc_21' <Predicate = (!icmp_ln150)> <Delay = 6.36> <CoreInst = "FAddSub_fulldsp">   --->   Core 18 'FAddSub_fulldsp' <Latency = 1> <II = 1> <Delay = 6.04> <FuncUnit> <Opcode : 'fadd' 'fsub'> <InPorts = 2> <OutPorts = 1>
ST_45 : Operation 591 [1/2] (3.88ns)   --->   "%mul83_40 = fmul i32 %input_local_1_load_5, i32 %bitcast_ln154_41" [/home/simics/HMoE/HLS_HMoE/pseudo_block/run_7/src/pseudo_moe.cpp:154]   --->   Operation 591 'fmul' 'mul83_40' <Predicate = (!icmp_ln150)> <Delay = 3.88> <CoreInst = "FMul_maxdsp">   --->   Core 30 'FMul_maxdsp' <Latency = 1> <II = 1> <Delay = 3.88> <FuncUnit> <Opcode : 'fmul'> <InPorts = 2> <OutPorts = 1>
ST_45 : Operation 592 [1/1] (0.00ns)   --->   "%bitcast_ln154_42 = bitcast i32 %gmem1_addr_read_42" [/home/simics/HMoE/HLS_HMoE/pseudo_block/run_7/src/pseudo_moe.cpp:154]   --->   Operation 592 'bitcast' 'bitcast_ln154_42' <Predicate = (!icmp_ln150)> <Delay = 0.00>
ST_45 : Operation 593 [2/2] (4.20ns)   --->   "%mul83_41 = fmul i32 %input_local_2_load_5, i32 %bitcast_ln154_42" [/home/simics/HMoE/HLS_HMoE/pseudo_block/run_7/src/pseudo_moe.cpp:154]   --->   Operation 593 'fmul' 'mul83_41' <Predicate = (!icmp_ln150)> <Delay = 4.20> <CoreInst = "FMul_maxdsp">   --->   Core 30 'FMul_maxdsp' <Latency = 1> <II = 1> <Delay = 3.88> <FuncUnit> <Opcode : 'fmul'> <InPorts = 2> <OutPorts = 1>
ST_45 : Operation 594 [1/1] (7.30ns)   --->   "%gmem1_addr_read_43 = read i32 @_ssdm_op_Read.m_axi.p1i32, i64 %gmem1_addr" [/home/simics/HMoE/HLS_HMoE/pseudo_block/run_7/src/pseudo_moe.cpp:154]   --->   Operation 594 'read' 'gmem1_addr_read_43' <Predicate = (!icmp_ln150)> <Delay = 7.30> <CoreInst = "m_axi">   --->   Core 121 'm_axi' <Latency = 0> <II = 1> <Delay = 1.00> <Adapter> <Opcode : 'read' 'write' 'readreq' 'writereq' 'writeresp'>

State 46 <SV = 45> <Delay = 7.30>
ST_46 : Operation 595 [1/2] (6.04ns)   --->   "%acc_21 = fadd i32 %acc_20, i32 %mul83_19" [/home/simics/HMoE/HLS_HMoE/pseudo_block/run_7/src/pseudo_moe.cpp:154]   --->   Operation 595 'fadd' 'acc_21' <Predicate = (!icmp_ln150)> <Delay = 6.04> <CoreInst = "FAddSub_fulldsp">   --->   Core 18 'FAddSub_fulldsp' <Latency = 1> <II = 1> <Delay = 6.04> <FuncUnit> <Opcode : 'fadd' 'fsub'> <InPorts = 2> <OutPorts = 1>
ST_46 : Operation 596 [1/2] (3.88ns)   --->   "%mul83_41 = fmul i32 %input_local_2_load_5, i32 %bitcast_ln154_42" [/home/simics/HMoE/HLS_HMoE/pseudo_block/run_7/src/pseudo_moe.cpp:154]   --->   Operation 596 'fmul' 'mul83_41' <Predicate = (!icmp_ln150)> <Delay = 3.88> <CoreInst = "FMul_maxdsp">   --->   Core 30 'FMul_maxdsp' <Latency = 1> <II = 1> <Delay = 3.88> <FuncUnit> <Opcode : 'fmul'> <InPorts = 2> <OutPorts = 1>
ST_46 : Operation 597 [1/1] (0.00ns)   --->   "%bitcast_ln154_43 = bitcast i32 %gmem1_addr_read_43" [/home/simics/HMoE/HLS_HMoE/pseudo_block/run_7/src/pseudo_moe.cpp:154]   --->   Operation 597 'bitcast' 'bitcast_ln154_43' <Predicate = (!icmp_ln150)> <Delay = 0.00>
ST_46 : Operation 598 [2/2] (4.20ns)   --->   "%mul83_42 = fmul i32 %input_local_3_load_5, i32 %bitcast_ln154_43" [/home/simics/HMoE/HLS_HMoE/pseudo_block/run_7/src/pseudo_moe.cpp:154]   --->   Operation 598 'fmul' 'mul83_42' <Predicate = (!icmp_ln150)> <Delay = 4.20> <CoreInst = "FMul_maxdsp">   --->   Core 30 'FMul_maxdsp' <Latency = 1> <II = 1> <Delay = 3.88> <FuncUnit> <Opcode : 'fmul'> <InPorts = 2> <OutPorts = 1>
ST_46 : Operation 599 [1/1] (7.30ns)   --->   "%gmem1_addr_read_44 = read i32 @_ssdm_op_Read.m_axi.p1i32, i64 %gmem1_addr" [/home/simics/HMoE/HLS_HMoE/pseudo_block/run_7/src/pseudo_moe.cpp:154]   --->   Operation 599 'read' 'gmem1_addr_read_44' <Predicate = (!icmp_ln150)> <Delay = 7.30> <CoreInst = "m_axi">   --->   Core 121 'm_axi' <Latency = 0> <II = 1> <Delay = 1.00> <Adapter> <Opcode : 'read' 'write' 'readreq' 'writereq' 'writeresp'>

State 47 <SV = 46> <Delay = 7.30>
ST_47 : Operation 600 [2/2] (6.36ns)   --->   "%acc_22 = fadd i32 %acc_21, i32 %mul83_20" [/home/simics/HMoE/HLS_HMoE/pseudo_block/run_7/src/pseudo_moe.cpp:154]   --->   Operation 600 'fadd' 'acc_22' <Predicate = (!icmp_ln150)> <Delay = 6.36> <CoreInst = "FAddSub_fulldsp">   --->   Core 18 'FAddSub_fulldsp' <Latency = 1> <II = 1> <Delay = 6.04> <FuncUnit> <Opcode : 'fadd' 'fsub'> <InPorts = 2> <OutPorts = 1>
ST_47 : Operation 601 [1/2] (3.88ns)   --->   "%mul83_42 = fmul i32 %input_local_3_load_5, i32 %bitcast_ln154_43" [/home/simics/HMoE/HLS_HMoE/pseudo_block/run_7/src/pseudo_moe.cpp:154]   --->   Operation 601 'fmul' 'mul83_42' <Predicate = (!icmp_ln150)> <Delay = 3.88> <CoreInst = "FMul_maxdsp">   --->   Core 30 'FMul_maxdsp' <Latency = 1> <II = 1> <Delay = 3.88> <FuncUnit> <Opcode : 'fmul'> <InPorts = 2> <OutPorts = 1>
ST_47 : Operation 602 [1/1] (0.00ns)   --->   "%bitcast_ln154_44 = bitcast i32 %gmem1_addr_read_44" [/home/simics/HMoE/HLS_HMoE/pseudo_block/run_7/src/pseudo_moe.cpp:154]   --->   Operation 602 'bitcast' 'bitcast_ln154_44' <Predicate = (!icmp_ln150)> <Delay = 0.00>
ST_47 : Operation 603 [2/2] (4.20ns)   --->   "%mul83_43 = fmul i32 %input_local_4_load_5, i32 %bitcast_ln154_44" [/home/simics/HMoE/HLS_HMoE/pseudo_block/run_7/src/pseudo_moe.cpp:154]   --->   Operation 603 'fmul' 'mul83_43' <Predicate = (!icmp_ln150)> <Delay = 4.20> <CoreInst = "FMul_maxdsp">   --->   Core 30 'FMul_maxdsp' <Latency = 1> <II = 1> <Delay = 3.88> <FuncUnit> <Opcode : 'fmul'> <InPorts = 2> <OutPorts = 1>
ST_47 : Operation 604 [1/1] (7.30ns)   --->   "%gmem1_addr_read_45 = read i32 @_ssdm_op_Read.m_axi.p1i32, i64 %gmem1_addr" [/home/simics/HMoE/HLS_HMoE/pseudo_block/run_7/src/pseudo_moe.cpp:154]   --->   Operation 604 'read' 'gmem1_addr_read_45' <Predicate = (!icmp_ln150)> <Delay = 7.30> <CoreInst = "m_axi">   --->   Core 121 'm_axi' <Latency = 0> <II = 1> <Delay = 1.00> <Adapter> <Opcode : 'read' 'write' 'readreq' 'writereq' 'writeresp'>

State 48 <SV = 47> <Delay = 7.30>
ST_48 : Operation 605 [1/2] (6.04ns)   --->   "%acc_22 = fadd i32 %acc_21, i32 %mul83_20" [/home/simics/HMoE/HLS_HMoE/pseudo_block/run_7/src/pseudo_moe.cpp:154]   --->   Operation 605 'fadd' 'acc_22' <Predicate = (!icmp_ln150)> <Delay = 6.04> <CoreInst = "FAddSub_fulldsp">   --->   Core 18 'FAddSub_fulldsp' <Latency = 1> <II = 1> <Delay = 6.04> <FuncUnit> <Opcode : 'fadd' 'fsub'> <InPorts = 2> <OutPorts = 1>
ST_48 : Operation 606 [1/2] (3.88ns)   --->   "%mul83_43 = fmul i32 %input_local_4_load_5, i32 %bitcast_ln154_44" [/home/simics/HMoE/HLS_HMoE/pseudo_block/run_7/src/pseudo_moe.cpp:154]   --->   Operation 606 'fmul' 'mul83_43' <Predicate = (!icmp_ln150)> <Delay = 3.88> <CoreInst = "FMul_maxdsp">   --->   Core 30 'FMul_maxdsp' <Latency = 1> <II = 1> <Delay = 3.88> <FuncUnit> <Opcode : 'fmul'> <InPorts = 2> <OutPorts = 1>
ST_48 : Operation 607 [1/1] (0.00ns)   --->   "%bitcast_ln154_45 = bitcast i32 %gmem1_addr_read_45" [/home/simics/HMoE/HLS_HMoE/pseudo_block/run_7/src/pseudo_moe.cpp:154]   --->   Operation 607 'bitcast' 'bitcast_ln154_45' <Predicate = (!icmp_ln150)> <Delay = 0.00>
ST_48 : Operation 608 [2/2] (4.20ns)   --->   "%mul83_44 = fmul i32 %input_local_5_load_5, i32 %bitcast_ln154_45" [/home/simics/HMoE/HLS_HMoE/pseudo_block/run_7/src/pseudo_moe.cpp:154]   --->   Operation 608 'fmul' 'mul83_44' <Predicate = (!icmp_ln150)> <Delay = 4.20> <CoreInst = "FMul_maxdsp">   --->   Core 30 'FMul_maxdsp' <Latency = 1> <II = 1> <Delay = 3.88> <FuncUnit> <Opcode : 'fmul'> <InPorts = 2> <OutPorts = 1>
ST_48 : Operation 609 [1/1] (7.30ns)   --->   "%gmem1_addr_read_46 = read i32 @_ssdm_op_Read.m_axi.p1i32, i64 %gmem1_addr" [/home/simics/HMoE/HLS_HMoE/pseudo_block/run_7/src/pseudo_moe.cpp:154]   --->   Operation 609 'read' 'gmem1_addr_read_46' <Predicate = (!icmp_ln150)> <Delay = 7.30> <CoreInst = "m_axi">   --->   Core 121 'm_axi' <Latency = 0> <II = 1> <Delay = 1.00> <Adapter> <Opcode : 'read' 'write' 'readreq' 'writereq' 'writeresp'>

State 49 <SV = 48> <Delay = 7.30>
ST_49 : Operation 610 [2/2] (6.36ns)   --->   "%acc_23 = fadd i32 %acc_22, i32 %mul83_21" [/home/simics/HMoE/HLS_HMoE/pseudo_block/run_7/src/pseudo_moe.cpp:154]   --->   Operation 610 'fadd' 'acc_23' <Predicate = (!icmp_ln150)> <Delay = 6.36> <CoreInst = "FAddSub_fulldsp">   --->   Core 18 'FAddSub_fulldsp' <Latency = 1> <II = 1> <Delay = 6.04> <FuncUnit> <Opcode : 'fadd' 'fsub'> <InPorts = 2> <OutPorts = 1>
ST_49 : Operation 611 [1/2] (3.88ns)   --->   "%mul83_44 = fmul i32 %input_local_5_load_5, i32 %bitcast_ln154_45" [/home/simics/HMoE/HLS_HMoE/pseudo_block/run_7/src/pseudo_moe.cpp:154]   --->   Operation 611 'fmul' 'mul83_44' <Predicate = (!icmp_ln150)> <Delay = 3.88> <CoreInst = "FMul_maxdsp">   --->   Core 30 'FMul_maxdsp' <Latency = 1> <II = 1> <Delay = 3.88> <FuncUnit> <Opcode : 'fmul'> <InPorts = 2> <OutPorts = 1>
ST_49 : Operation 612 [1/1] (0.00ns)   --->   "%bitcast_ln154_46 = bitcast i32 %gmem1_addr_read_46" [/home/simics/HMoE/HLS_HMoE/pseudo_block/run_7/src/pseudo_moe.cpp:154]   --->   Operation 612 'bitcast' 'bitcast_ln154_46' <Predicate = (!icmp_ln150)> <Delay = 0.00>
ST_49 : Operation 613 [2/2] (4.20ns)   --->   "%mul83_45 = fmul i32 %input_local_6_load_5, i32 %bitcast_ln154_46" [/home/simics/HMoE/HLS_HMoE/pseudo_block/run_7/src/pseudo_moe.cpp:154]   --->   Operation 613 'fmul' 'mul83_45' <Predicate = (!icmp_ln150)> <Delay = 4.20> <CoreInst = "FMul_maxdsp">   --->   Core 30 'FMul_maxdsp' <Latency = 1> <II = 1> <Delay = 3.88> <FuncUnit> <Opcode : 'fmul'> <InPorts = 2> <OutPorts = 1>
ST_49 : Operation 614 [1/1] (7.30ns)   --->   "%gmem1_addr_read_47 = read i32 @_ssdm_op_Read.m_axi.p1i32, i64 %gmem1_addr" [/home/simics/HMoE/HLS_HMoE/pseudo_block/run_7/src/pseudo_moe.cpp:154]   --->   Operation 614 'read' 'gmem1_addr_read_47' <Predicate = (!icmp_ln150)> <Delay = 7.30> <CoreInst = "m_axi">   --->   Core 121 'm_axi' <Latency = 0> <II = 1> <Delay = 1.00> <Adapter> <Opcode : 'read' 'write' 'readreq' 'writereq' 'writeresp'>

State 50 <SV = 49> <Delay = 7.30>
ST_50 : Operation 615 [1/2] (6.04ns)   --->   "%acc_23 = fadd i32 %acc_22, i32 %mul83_21" [/home/simics/HMoE/HLS_HMoE/pseudo_block/run_7/src/pseudo_moe.cpp:154]   --->   Operation 615 'fadd' 'acc_23' <Predicate = (!icmp_ln150)> <Delay = 6.04> <CoreInst = "FAddSub_fulldsp">   --->   Core 18 'FAddSub_fulldsp' <Latency = 1> <II = 1> <Delay = 6.04> <FuncUnit> <Opcode : 'fadd' 'fsub'> <InPorts = 2> <OutPorts = 1>
ST_50 : Operation 616 [1/2] (3.88ns)   --->   "%mul83_45 = fmul i32 %input_local_6_load_5, i32 %bitcast_ln154_46" [/home/simics/HMoE/HLS_HMoE/pseudo_block/run_7/src/pseudo_moe.cpp:154]   --->   Operation 616 'fmul' 'mul83_45' <Predicate = (!icmp_ln150)> <Delay = 3.88> <CoreInst = "FMul_maxdsp">   --->   Core 30 'FMul_maxdsp' <Latency = 1> <II = 1> <Delay = 3.88> <FuncUnit> <Opcode : 'fmul'> <InPorts = 2> <OutPorts = 1>
ST_50 : Operation 617 [1/1] (0.00ns)   --->   "%bitcast_ln154_47 = bitcast i32 %gmem1_addr_read_47" [/home/simics/HMoE/HLS_HMoE/pseudo_block/run_7/src/pseudo_moe.cpp:154]   --->   Operation 617 'bitcast' 'bitcast_ln154_47' <Predicate = (!icmp_ln150)> <Delay = 0.00>
ST_50 : Operation 618 [2/2] (4.20ns)   --->   "%mul83_46 = fmul i32 %input_local_7_load_5, i32 %bitcast_ln154_47" [/home/simics/HMoE/HLS_HMoE/pseudo_block/run_7/src/pseudo_moe.cpp:154]   --->   Operation 618 'fmul' 'mul83_46' <Predicate = (!icmp_ln150)> <Delay = 4.20> <CoreInst = "FMul_maxdsp">   --->   Core 30 'FMul_maxdsp' <Latency = 1> <II = 1> <Delay = 3.88> <FuncUnit> <Opcode : 'fmul'> <InPorts = 2> <OutPorts = 1>
ST_50 : Operation 619 [1/1] (7.30ns)   --->   "%gmem1_addr_read_48 = read i32 @_ssdm_op_Read.m_axi.p1i32, i64 %gmem1_addr" [/home/simics/HMoE/HLS_HMoE/pseudo_block/run_7/src/pseudo_moe.cpp:154]   --->   Operation 619 'read' 'gmem1_addr_read_48' <Predicate = (!icmp_ln150)> <Delay = 7.30> <CoreInst = "m_axi">   --->   Core 121 'm_axi' <Latency = 0> <II = 1> <Delay = 1.00> <Adapter> <Opcode : 'read' 'write' 'readreq' 'writereq' 'writeresp'>

State 51 <SV = 50> <Delay = 7.30>
ST_51 : Operation 620 [2/2] (6.36ns)   --->   "%acc_24 = fadd i32 %acc_23, i32 %mul83_22" [/home/simics/HMoE/HLS_HMoE/pseudo_block/run_7/src/pseudo_moe.cpp:154]   --->   Operation 620 'fadd' 'acc_24' <Predicate = (!icmp_ln150)> <Delay = 6.36> <CoreInst = "FAddSub_fulldsp">   --->   Core 18 'FAddSub_fulldsp' <Latency = 1> <II = 1> <Delay = 6.04> <FuncUnit> <Opcode : 'fadd' 'fsub'> <InPorts = 2> <OutPorts = 1>
ST_51 : Operation 621 [1/2] (3.88ns)   --->   "%mul83_46 = fmul i32 %input_local_7_load_5, i32 %bitcast_ln154_47" [/home/simics/HMoE/HLS_HMoE/pseudo_block/run_7/src/pseudo_moe.cpp:154]   --->   Operation 621 'fmul' 'mul83_46' <Predicate = (!icmp_ln150)> <Delay = 3.88> <CoreInst = "FMul_maxdsp">   --->   Core 30 'FMul_maxdsp' <Latency = 1> <II = 1> <Delay = 3.88> <FuncUnit> <Opcode : 'fmul'> <InPorts = 2> <OutPorts = 1>
ST_51 : Operation 622 [1/1] (0.00ns)   --->   "%bitcast_ln154_48 = bitcast i32 %gmem1_addr_read_48" [/home/simics/HMoE/HLS_HMoE/pseudo_block/run_7/src/pseudo_moe.cpp:154]   --->   Operation 622 'bitcast' 'bitcast_ln154_48' <Predicate = (!icmp_ln150)> <Delay = 0.00>
ST_51 : Operation 623 [2/2] (4.20ns)   --->   "%mul83_47 = fmul i32 %input_local_load_6, i32 %bitcast_ln154_48" [/home/simics/HMoE/HLS_HMoE/pseudo_block/run_7/src/pseudo_moe.cpp:154]   --->   Operation 623 'fmul' 'mul83_47' <Predicate = (!icmp_ln150)> <Delay = 4.20> <CoreInst = "FMul_maxdsp">   --->   Core 30 'FMul_maxdsp' <Latency = 1> <II = 1> <Delay = 3.88> <FuncUnit> <Opcode : 'fmul'> <InPorts = 2> <OutPorts = 1>
ST_51 : Operation 624 [1/1] (7.30ns)   --->   "%gmem1_addr_read_49 = read i32 @_ssdm_op_Read.m_axi.p1i32, i64 %gmem1_addr" [/home/simics/HMoE/HLS_HMoE/pseudo_block/run_7/src/pseudo_moe.cpp:154]   --->   Operation 624 'read' 'gmem1_addr_read_49' <Predicate = (!icmp_ln150)> <Delay = 7.30> <CoreInst = "m_axi">   --->   Core 121 'm_axi' <Latency = 0> <II = 1> <Delay = 1.00> <Adapter> <Opcode : 'read' 'write' 'readreq' 'writereq' 'writeresp'>

State 52 <SV = 51> <Delay = 7.30>
ST_52 : Operation 625 [1/2] (6.04ns)   --->   "%acc_24 = fadd i32 %acc_23, i32 %mul83_22" [/home/simics/HMoE/HLS_HMoE/pseudo_block/run_7/src/pseudo_moe.cpp:154]   --->   Operation 625 'fadd' 'acc_24' <Predicate = (!icmp_ln150)> <Delay = 6.04> <CoreInst = "FAddSub_fulldsp">   --->   Core 18 'FAddSub_fulldsp' <Latency = 1> <II = 1> <Delay = 6.04> <FuncUnit> <Opcode : 'fadd' 'fsub'> <InPorts = 2> <OutPorts = 1>
ST_52 : Operation 626 [1/2] (3.88ns)   --->   "%mul83_47 = fmul i32 %input_local_load_6, i32 %bitcast_ln154_48" [/home/simics/HMoE/HLS_HMoE/pseudo_block/run_7/src/pseudo_moe.cpp:154]   --->   Operation 626 'fmul' 'mul83_47' <Predicate = (!icmp_ln150)> <Delay = 3.88> <CoreInst = "FMul_maxdsp">   --->   Core 30 'FMul_maxdsp' <Latency = 1> <II = 1> <Delay = 3.88> <FuncUnit> <Opcode : 'fmul'> <InPorts = 2> <OutPorts = 1>
ST_52 : Operation 627 [1/1] (0.00ns)   --->   "%bitcast_ln154_49 = bitcast i32 %gmem1_addr_read_49" [/home/simics/HMoE/HLS_HMoE/pseudo_block/run_7/src/pseudo_moe.cpp:154]   --->   Operation 627 'bitcast' 'bitcast_ln154_49' <Predicate = (!icmp_ln150)> <Delay = 0.00>
ST_52 : Operation 628 [2/2] (4.20ns)   --->   "%mul83_48 = fmul i32 %input_local_1_load_6, i32 %bitcast_ln154_49" [/home/simics/HMoE/HLS_HMoE/pseudo_block/run_7/src/pseudo_moe.cpp:154]   --->   Operation 628 'fmul' 'mul83_48' <Predicate = (!icmp_ln150)> <Delay = 4.20> <CoreInst = "FMul_maxdsp">   --->   Core 30 'FMul_maxdsp' <Latency = 1> <II = 1> <Delay = 3.88> <FuncUnit> <Opcode : 'fmul'> <InPorts = 2> <OutPorts = 1>
ST_52 : Operation 629 [1/1] (7.30ns)   --->   "%gmem1_addr_read_50 = read i32 @_ssdm_op_Read.m_axi.p1i32, i64 %gmem1_addr" [/home/simics/HMoE/HLS_HMoE/pseudo_block/run_7/src/pseudo_moe.cpp:154]   --->   Operation 629 'read' 'gmem1_addr_read_50' <Predicate = (!icmp_ln150)> <Delay = 7.30> <CoreInst = "m_axi">   --->   Core 121 'm_axi' <Latency = 0> <II = 1> <Delay = 1.00> <Adapter> <Opcode : 'read' 'write' 'readreq' 'writereq' 'writeresp'>

State 53 <SV = 52> <Delay = 7.30>
ST_53 : Operation 630 [2/2] (6.36ns)   --->   "%acc_25 = fadd i32 %acc_24, i32 %mul83_23" [/home/simics/HMoE/HLS_HMoE/pseudo_block/run_7/src/pseudo_moe.cpp:154]   --->   Operation 630 'fadd' 'acc_25' <Predicate = (!icmp_ln150)> <Delay = 6.36> <CoreInst = "FAddSub_fulldsp">   --->   Core 18 'FAddSub_fulldsp' <Latency = 1> <II = 1> <Delay = 6.04> <FuncUnit> <Opcode : 'fadd' 'fsub'> <InPorts = 2> <OutPorts = 1>
ST_53 : Operation 631 [1/2] (3.88ns)   --->   "%mul83_48 = fmul i32 %input_local_1_load_6, i32 %bitcast_ln154_49" [/home/simics/HMoE/HLS_HMoE/pseudo_block/run_7/src/pseudo_moe.cpp:154]   --->   Operation 631 'fmul' 'mul83_48' <Predicate = (!icmp_ln150)> <Delay = 3.88> <CoreInst = "FMul_maxdsp">   --->   Core 30 'FMul_maxdsp' <Latency = 1> <II = 1> <Delay = 3.88> <FuncUnit> <Opcode : 'fmul'> <InPorts = 2> <OutPorts = 1>
ST_53 : Operation 632 [1/1] (0.00ns)   --->   "%bitcast_ln154_50 = bitcast i32 %gmem1_addr_read_50" [/home/simics/HMoE/HLS_HMoE/pseudo_block/run_7/src/pseudo_moe.cpp:154]   --->   Operation 632 'bitcast' 'bitcast_ln154_50' <Predicate = (!icmp_ln150)> <Delay = 0.00>
ST_53 : Operation 633 [2/2] (4.20ns)   --->   "%mul83_49 = fmul i32 %input_local_2_load_6, i32 %bitcast_ln154_50" [/home/simics/HMoE/HLS_HMoE/pseudo_block/run_7/src/pseudo_moe.cpp:154]   --->   Operation 633 'fmul' 'mul83_49' <Predicate = (!icmp_ln150)> <Delay = 4.20> <CoreInst = "FMul_maxdsp">   --->   Core 30 'FMul_maxdsp' <Latency = 1> <II = 1> <Delay = 3.88> <FuncUnit> <Opcode : 'fmul'> <InPorts = 2> <OutPorts = 1>
ST_53 : Operation 634 [1/1] (7.30ns)   --->   "%gmem1_addr_read_51 = read i32 @_ssdm_op_Read.m_axi.p1i32, i64 %gmem1_addr" [/home/simics/HMoE/HLS_HMoE/pseudo_block/run_7/src/pseudo_moe.cpp:154]   --->   Operation 634 'read' 'gmem1_addr_read_51' <Predicate = (!icmp_ln150)> <Delay = 7.30> <CoreInst = "m_axi">   --->   Core 121 'm_axi' <Latency = 0> <II = 1> <Delay = 1.00> <Adapter> <Opcode : 'read' 'write' 'readreq' 'writereq' 'writeresp'>

State 54 <SV = 53> <Delay = 7.30>
ST_54 : Operation 635 [1/2] (6.04ns)   --->   "%acc_25 = fadd i32 %acc_24, i32 %mul83_23" [/home/simics/HMoE/HLS_HMoE/pseudo_block/run_7/src/pseudo_moe.cpp:154]   --->   Operation 635 'fadd' 'acc_25' <Predicate = (!icmp_ln150)> <Delay = 6.04> <CoreInst = "FAddSub_fulldsp">   --->   Core 18 'FAddSub_fulldsp' <Latency = 1> <II = 1> <Delay = 6.04> <FuncUnit> <Opcode : 'fadd' 'fsub'> <InPorts = 2> <OutPorts = 1>
ST_54 : Operation 636 [1/2] (3.88ns)   --->   "%mul83_49 = fmul i32 %input_local_2_load_6, i32 %bitcast_ln154_50" [/home/simics/HMoE/HLS_HMoE/pseudo_block/run_7/src/pseudo_moe.cpp:154]   --->   Operation 636 'fmul' 'mul83_49' <Predicate = (!icmp_ln150)> <Delay = 3.88> <CoreInst = "FMul_maxdsp">   --->   Core 30 'FMul_maxdsp' <Latency = 1> <II = 1> <Delay = 3.88> <FuncUnit> <Opcode : 'fmul'> <InPorts = 2> <OutPorts = 1>
ST_54 : Operation 637 [1/1] (0.00ns)   --->   "%bitcast_ln154_51 = bitcast i32 %gmem1_addr_read_51" [/home/simics/HMoE/HLS_HMoE/pseudo_block/run_7/src/pseudo_moe.cpp:154]   --->   Operation 637 'bitcast' 'bitcast_ln154_51' <Predicate = (!icmp_ln150)> <Delay = 0.00>
ST_54 : Operation 638 [2/2] (4.20ns)   --->   "%mul83_50 = fmul i32 %input_local_3_load_6, i32 %bitcast_ln154_51" [/home/simics/HMoE/HLS_HMoE/pseudo_block/run_7/src/pseudo_moe.cpp:154]   --->   Operation 638 'fmul' 'mul83_50' <Predicate = (!icmp_ln150)> <Delay = 4.20> <CoreInst = "FMul_maxdsp">   --->   Core 30 'FMul_maxdsp' <Latency = 1> <II = 1> <Delay = 3.88> <FuncUnit> <Opcode : 'fmul'> <InPorts = 2> <OutPorts = 1>
ST_54 : Operation 639 [1/1] (7.30ns)   --->   "%gmem1_addr_read_52 = read i32 @_ssdm_op_Read.m_axi.p1i32, i64 %gmem1_addr" [/home/simics/HMoE/HLS_HMoE/pseudo_block/run_7/src/pseudo_moe.cpp:154]   --->   Operation 639 'read' 'gmem1_addr_read_52' <Predicate = (!icmp_ln150)> <Delay = 7.30> <CoreInst = "m_axi">   --->   Core 121 'm_axi' <Latency = 0> <II = 1> <Delay = 1.00> <Adapter> <Opcode : 'read' 'write' 'readreq' 'writereq' 'writeresp'>

State 55 <SV = 54> <Delay = 7.30>
ST_55 : Operation 640 [2/2] (6.36ns)   --->   "%acc_26 = fadd i32 %acc_25, i32 %mul83_24" [/home/simics/HMoE/HLS_HMoE/pseudo_block/run_7/src/pseudo_moe.cpp:154]   --->   Operation 640 'fadd' 'acc_26' <Predicate = (!icmp_ln150)> <Delay = 6.36> <CoreInst = "FAddSub_fulldsp">   --->   Core 18 'FAddSub_fulldsp' <Latency = 1> <II = 1> <Delay = 6.04> <FuncUnit> <Opcode : 'fadd' 'fsub'> <InPorts = 2> <OutPorts = 1>
ST_55 : Operation 641 [1/2] (3.88ns)   --->   "%mul83_50 = fmul i32 %input_local_3_load_6, i32 %bitcast_ln154_51" [/home/simics/HMoE/HLS_HMoE/pseudo_block/run_7/src/pseudo_moe.cpp:154]   --->   Operation 641 'fmul' 'mul83_50' <Predicate = (!icmp_ln150)> <Delay = 3.88> <CoreInst = "FMul_maxdsp">   --->   Core 30 'FMul_maxdsp' <Latency = 1> <II = 1> <Delay = 3.88> <FuncUnit> <Opcode : 'fmul'> <InPorts = 2> <OutPorts = 1>
ST_55 : Operation 642 [1/1] (0.00ns)   --->   "%bitcast_ln154_52 = bitcast i32 %gmem1_addr_read_52" [/home/simics/HMoE/HLS_HMoE/pseudo_block/run_7/src/pseudo_moe.cpp:154]   --->   Operation 642 'bitcast' 'bitcast_ln154_52' <Predicate = (!icmp_ln150)> <Delay = 0.00>
ST_55 : Operation 643 [2/2] (4.20ns)   --->   "%mul83_51 = fmul i32 %input_local_4_load_6, i32 %bitcast_ln154_52" [/home/simics/HMoE/HLS_HMoE/pseudo_block/run_7/src/pseudo_moe.cpp:154]   --->   Operation 643 'fmul' 'mul83_51' <Predicate = (!icmp_ln150)> <Delay = 4.20> <CoreInst = "FMul_maxdsp">   --->   Core 30 'FMul_maxdsp' <Latency = 1> <II = 1> <Delay = 3.88> <FuncUnit> <Opcode : 'fmul'> <InPorts = 2> <OutPorts = 1>
ST_55 : Operation 644 [1/1] (7.30ns)   --->   "%gmem1_addr_read_53 = read i32 @_ssdm_op_Read.m_axi.p1i32, i64 %gmem1_addr" [/home/simics/HMoE/HLS_HMoE/pseudo_block/run_7/src/pseudo_moe.cpp:154]   --->   Operation 644 'read' 'gmem1_addr_read_53' <Predicate = (!icmp_ln150)> <Delay = 7.30> <CoreInst = "m_axi">   --->   Core 121 'm_axi' <Latency = 0> <II = 1> <Delay = 1.00> <Adapter> <Opcode : 'read' 'write' 'readreq' 'writereq' 'writeresp'>

State 56 <SV = 55> <Delay = 7.30>
ST_56 : Operation 645 [1/2] (6.04ns)   --->   "%acc_26 = fadd i32 %acc_25, i32 %mul83_24" [/home/simics/HMoE/HLS_HMoE/pseudo_block/run_7/src/pseudo_moe.cpp:154]   --->   Operation 645 'fadd' 'acc_26' <Predicate = (!icmp_ln150)> <Delay = 6.04> <CoreInst = "FAddSub_fulldsp">   --->   Core 18 'FAddSub_fulldsp' <Latency = 1> <II = 1> <Delay = 6.04> <FuncUnit> <Opcode : 'fadd' 'fsub'> <InPorts = 2> <OutPorts = 1>
ST_56 : Operation 646 [1/2] (3.88ns)   --->   "%mul83_51 = fmul i32 %input_local_4_load_6, i32 %bitcast_ln154_52" [/home/simics/HMoE/HLS_HMoE/pseudo_block/run_7/src/pseudo_moe.cpp:154]   --->   Operation 646 'fmul' 'mul83_51' <Predicate = (!icmp_ln150)> <Delay = 3.88> <CoreInst = "FMul_maxdsp">   --->   Core 30 'FMul_maxdsp' <Latency = 1> <II = 1> <Delay = 3.88> <FuncUnit> <Opcode : 'fmul'> <InPorts = 2> <OutPorts = 1>
ST_56 : Operation 647 [1/1] (0.00ns)   --->   "%bitcast_ln154_53 = bitcast i32 %gmem1_addr_read_53" [/home/simics/HMoE/HLS_HMoE/pseudo_block/run_7/src/pseudo_moe.cpp:154]   --->   Operation 647 'bitcast' 'bitcast_ln154_53' <Predicate = (!icmp_ln150)> <Delay = 0.00>
ST_56 : Operation 648 [2/2] (4.20ns)   --->   "%mul83_52 = fmul i32 %input_local_5_load_6, i32 %bitcast_ln154_53" [/home/simics/HMoE/HLS_HMoE/pseudo_block/run_7/src/pseudo_moe.cpp:154]   --->   Operation 648 'fmul' 'mul83_52' <Predicate = (!icmp_ln150)> <Delay = 4.20> <CoreInst = "FMul_maxdsp">   --->   Core 30 'FMul_maxdsp' <Latency = 1> <II = 1> <Delay = 3.88> <FuncUnit> <Opcode : 'fmul'> <InPorts = 2> <OutPorts = 1>
ST_56 : Operation 649 [1/1] (7.30ns)   --->   "%gmem1_addr_read_54 = read i32 @_ssdm_op_Read.m_axi.p1i32, i64 %gmem1_addr" [/home/simics/HMoE/HLS_HMoE/pseudo_block/run_7/src/pseudo_moe.cpp:154]   --->   Operation 649 'read' 'gmem1_addr_read_54' <Predicate = (!icmp_ln150)> <Delay = 7.30> <CoreInst = "m_axi">   --->   Core 121 'm_axi' <Latency = 0> <II = 1> <Delay = 1.00> <Adapter> <Opcode : 'read' 'write' 'readreq' 'writereq' 'writeresp'>

State 57 <SV = 56> <Delay = 7.30>
ST_57 : Operation 650 [2/2] (6.36ns)   --->   "%acc_27 = fadd i32 %acc_26, i32 %mul83_25" [/home/simics/HMoE/HLS_HMoE/pseudo_block/run_7/src/pseudo_moe.cpp:154]   --->   Operation 650 'fadd' 'acc_27' <Predicate = (!icmp_ln150)> <Delay = 6.36> <CoreInst = "FAddSub_fulldsp">   --->   Core 18 'FAddSub_fulldsp' <Latency = 1> <II = 1> <Delay = 6.04> <FuncUnit> <Opcode : 'fadd' 'fsub'> <InPorts = 2> <OutPorts = 1>
ST_57 : Operation 651 [1/2] (3.88ns)   --->   "%mul83_52 = fmul i32 %input_local_5_load_6, i32 %bitcast_ln154_53" [/home/simics/HMoE/HLS_HMoE/pseudo_block/run_7/src/pseudo_moe.cpp:154]   --->   Operation 651 'fmul' 'mul83_52' <Predicate = (!icmp_ln150)> <Delay = 3.88> <CoreInst = "FMul_maxdsp">   --->   Core 30 'FMul_maxdsp' <Latency = 1> <II = 1> <Delay = 3.88> <FuncUnit> <Opcode : 'fmul'> <InPorts = 2> <OutPorts = 1>
ST_57 : Operation 652 [1/1] (0.00ns)   --->   "%bitcast_ln154_54 = bitcast i32 %gmem1_addr_read_54" [/home/simics/HMoE/HLS_HMoE/pseudo_block/run_7/src/pseudo_moe.cpp:154]   --->   Operation 652 'bitcast' 'bitcast_ln154_54' <Predicate = (!icmp_ln150)> <Delay = 0.00>
ST_57 : Operation 653 [2/2] (4.20ns)   --->   "%mul83_53 = fmul i32 %input_local_6_load_6, i32 %bitcast_ln154_54" [/home/simics/HMoE/HLS_HMoE/pseudo_block/run_7/src/pseudo_moe.cpp:154]   --->   Operation 653 'fmul' 'mul83_53' <Predicate = (!icmp_ln150)> <Delay = 4.20> <CoreInst = "FMul_maxdsp">   --->   Core 30 'FMul_maxdsp' <Latency = 1> <II = 1> <Delay = 3.88> <FuncUnit> <Opcode : 'fmul'> <InPorts = 2> <OutPorts = 1>
ST_57 : Operation 654 [1/1] (7.30ns)   --->   "%gmem1_addr_read_55 = read i32 @_ssdm_op_Read.m_axi.p1i32, i64 %gmem1_addr" [/home/simics/HMoE/HLS_HMoE/pseudo_block/run_7/src/pseudo_moe.cpp:154]   --->   Operation 654 'read' 'gmem1_addr_read_55' <Predicate = (!icmp_ln150)> <Delay = 7.30> <CoreInst = "m_axi">   --->   Core 121 'm_axi' <Latency = 0> <II = 1> <Delay = 1.00> <Adapter> <Opcode : 'read' 'write' 'readreq' 'writereq' 'writeresp'>

State 58 <SV = 57> <Delay = 7.30>
ST_58 : Operation 655 [1/2] (6.04ns)   --->   "%acc_27 = fadd i32 %acc_26, i32 %mul83_25" [/home/simics/HMoE/HLS_HMoE/pseudo_block/run_7/src/pseudo_moe.cpp:154]   --->   Operation 655 'fadd' 'acc_27' <Predicate = (!icmp_ln150)> <Delay = 6.04> <CoreInst = "FAddSub_fulldsp">   --->   Core 18 'FAddSub_fulldsp' <Latency = 1> <II = 1> <Delay = 6.04> <FuncUnit> <Opcode : 'fadd' 'fsub'> <InPorts = 2> <OutPorts = 1>
ST_58 : Operation 656 [1/2] (3.88ns)   --->   "%mul83_53 = fmul i32 %input_local_6_load_6, i32 %bitcast_ln154_54" [/home/simics/HMoE/HLS_HMoE/pseudo_block/run_7/src/pseudo_moe.cpp:154]   --->   Operation 656 'fmul' 'mul83_53' <Predicate = (!icmp_ln150)> <Delay = 3.88> <CoreInst = "FMul_maxdsp">   --->   Core 30 'FMul_maxdsp' <Latency = 1> <II = 1> <Delay = 3.88> <FuncUnit> <Opcode : 'fmul'> <InPorts = 2> <OutPorts = 1>
ST_58 : Operation 657 [1/1] (0.00ns)   --->   "%bitcast_ln154_55 = bitcast i32 %gmem1_addr_read_55" [/home/simics/HMoE/HLS_HMoE/pseudo_block/run_7/src/pseudo_moe.cpp:154]   --->   Operation 657 'bitcast' 'bitcast_ln154_55' <Predicate = (!icmp_ln150)> <Delay = 0.00>
ST_58 : Operation 658 [2/2] (4.20ns)   --->   "%mul83_54 = fmul i32 %input_local_7_load_6, i32 %bitcast_ln154_55" [/home/simics/HMoE/HLS_HMoE/pseudo_block/run_7/src/pseudo_moe.cpp:154]   --->   Operation 658 'fmul' 'mul83_54' <Predicate = (!icmp_ln150)> <Delay = 4.20> <CoreInst = "FMul_maxdsp">   --->   Core 30 'FMul_maxdsp' <Latency = 1> <II = 1> <Delay = 3.88> <FuncUnit> <Opcode : 'fmul'> <InPorts = 2> <OutPorts = 1>
ST_58 : Operation 659 [1/1] (7.30ns)   --->   "%gmem1_addr_read_56 = read i32 @_ssdm_op_Read.m_axi.p1i32, i64 %gmem1_addr" [/home/simics/HMoE/HLS_HMoE/pseudo_block/run_7/src/pseudo_moe.cpp:154]   --->   Operation 659 'read' 'gmem1_addr_read_56' <Predicate = (!icmp_ln150)> <Delay = 7.30> <CoreInst = "m_axi">   --->   Core 121 'm_axi' <Latency = 0> <II = 1> <Delay = 1.00> <Adapter> <Opcode : 'read' 'write' 'readreq' 'writereq' 'writeresp'>

State 59 <SV = 58> <Delay = 7.30>
ST_59 : Operation 660 [2/2] (6.36ns)   --->   "%acc_28 = fadd i32 %acc_27, i32 %mul83_26" [/home/simics/HMoE/HLS_HMoE/pseudo_block/run_7/src/pseudo_moe.cpp:154]   --->   Operation 660 'fadd' 'acc_28' <Predicate = (!icmp_ln150)> <Delay = 6.36> <CoreInst = "FAddSub_fulldsp">   --->   Core 18 'FAddSub_fulldsp' <Latency = 1> <II = 1> <Delay = 6.04> <FuncUnit> <Opcode : 'fadd' 'fsub'> <InPorts = 2> <OutPorts = 1>
ST_59 : Operation 661 [1/2] (3.88ns)   --->   "%mul83_54 = fmul i32 %input_local_7_load_6, i32 %bitcast_ln154_55" [/home/simics/HMoE/HLS_HMoE/pseudo_block/run_7/src/pseudo_moe.cpp:154]   --->   Operation 661 'fmul' 'mul83_54' <Predicate = (!icmp_ln150)> <Delay = 3.88> <CoreInst = "FMul_maxdsp">   --->   Core 30 'FMul_maxdsp' <Latency = 1> <II = 1> <Delay = 3.88> <FuncUnit> <Opcode : 'fmul'> <InPorts = 2> <OutPorts = 1>
ST_59 : Operation 662 [1/1] (0.00ns)   --->   "%bitcast_ln154_56 = bitcast i32 %gmem1_addr_read_56" [/home/simics/HMoE/HLS_HMoE/pseudo_block/run_7/src/pseudo_moe.cpp:154]   --->   Operation 662 'bitcast' 'bitcast_ln154_56' <Predicate = (!icmp_ln150)> <Delay = 0.00>
ST_59 : Operation 663 [2/2] (4.20ns)   --->   "%mul83_55 = fmul i32 %input_local_load_7, i32 %bitcast_ln154_56" [/home/simics/HMoE/HLS_HMoE/pseudo_block/run_7/src/pseudo_moe.cpp:154]   --->   Operation 663 'fmul' 'mul83_55' <Predicate = (!icmp_ln150)> <Delay = 4.20> <CoreInst = "FMul_maxdsp">   --->   Core 30 'FMul_maxdsp' <Latency = 1> <II = 1> <Delay = 3.88> <FuncUnit> <Opcode : 'fmul'> <InPorts = 2> <OutPorts = 1>
ST_59 : Operation 664 [1/1] (7.30ns)   --->   "%gmem1_addr_read_57 = read i32 @_ssdm_op_Read.m_axi.p1i32, i64 %gmem1_addr" [/home/simics/HMoE/HLS_HMoE/pseudo_block/run_7/src/pseudo_moe.cpp:154]   --->   Operation 664 'read' 'gmem1_addr_read_57' <Predicate = (!icmp_ln150)> <Delay = 7.30> <CoreInst = "m_axi">   --->   Core 121 'm_axi' <Latency = 0> <II = 1> <Delay = 1.00> <Adapter> <Opcode : 'read' 'write' 'readreq' 'writereq' 'writeresp'>

State 60 <SV = 59> <Delay = 7.30>
ST_60 : Operation 665 [1/2] (6.04ns)   --->   "%acc_28 = fadd i32 %acc_27, i32 %mul83_26" [/home/simics/HMoE/HLS_HMoE/pseudo_block/run_7/src/pseudo_moe.cpp:154]   --->   Operation 665 'fadd' 'acc_28' <Predicate = (!icmp_ln150)> <Delay = 6.04> <CoreInst = "FAddSub_fulldsp">   --->   Core 18 'FAddSub_fulldsp' <Latency = 1> <II = 1> <Delay = 6.04> <FuncUnit> <Opcode : 'fadd' 'fsub'> <InPorts = 2> <OutPorts = 1>
ST_60 : Operation 666 [1/2] (3.88ns)   --->   "%mul83_55 = fmul i32 %input_local_load_7, i32 %bitcast_ln154_56" [/home/simics/HMoE/HLS_HMoE/pseudo_block/run_7/src/pseudo_moe.cpp:154]   --->   Operation 666 'fmul' 'mul83_55' <Predicate = (!icmp_ln150)> <Delay = 3.88> <CoreInst = "FMul_maxdsp">   --->   Core 30 'FMul_maxdsp' <Latency = 1> <II = 1> <Delay = 3.88> <FuncUnit> <Opcode : 'fmul'> <InPorts = 2> <OutPorts = 1>
ST_60 : Operation 667 [1/1] (0.00ns)   --->   "%bitcast_ln154_57 = bitcast i32 %gmem1_addr_read_57" [/home/simics/HMoE/HLS_HMoE/pseudo_block/run_7/src/pseudo_moe.cpp:154]   --->   Operation 667 'bitcast' 'bitcast_ln154_57' <Predicate = (!icmp_ln150)> <Delay = 0.00>
ST_60 : Operation 668 [2/2] (4.20ns)   --->   "%mul83_56 = fmul i32 %input_local_1_load_7, i32 %bitcast_ln154_57" [/home/simics/HMoE/HLS_HMoE/pseudo_block/run_7/src/pseudo_moe.cpp:154]   --->   Operation 668 'fmul' 'mul83_56' <Predicate = (!icmp_ln150)> <Delay = 4.20> <CoreInst = "FMul_maxdsp">   --->   Core 30 'FMul_maxdsp' <Latency = 1> <II = 1> <Delay = 3.88> <FuncUnit> <Opcode : 'fmul'> <InPorts = 2> <OutPorts = 1>
ST_60 : Operation 669 [1/1] (7.30ns)   --->   "%gmem1_addr_read_58 = read i32 @_ssdm_op_Read.m_axi.p1i32, i64 %gmem1_addr" [/home/simics/HMoE/HLS_HMoE/pseudo_block/run_7/src/pseudo_moe.cpp:154]   --->   Operation 669 'read' 'gmem1_addr_read_58' <Predicate = (!icmp_ln150)> <Delay = 7.30> <CoreInst = "m_axi">   --->   Core 121 'm_axi' <Latency = 0> <II = 1> <Delay = 1.00> <Adapter> <Opcode : 'read' 'write' 'readreq' 'writereq' 'writeresp'>

State 61 <SV = 60> <Delay = 7.30>
ST_61 : Operation 670 [2/2] (6.36ns)   --->   "%acc_29 = fadd i32 %acc_28, i32 %mul83_27" [/home/simics/HMoE/HLS_HMoE/pseudo_block/run_7/src/pseudo_moe.cpp:154]   --->   Operation 670 'fadd' 'acc_29' <Predicate = (!icmp_ln150)> <Delay = 6.36> <CoreInst = "FAddSub_fulldsp">   --->   Core 18 'FAddSub_fulldsp' <Latency = 1> <II = 1> <Delay = 6.04> <FuncUnit> <Opcode : 'fadd' 'fsub'> <InPorts = 2> <OutPorts = 1>
ST_61 : Operation 671 [1/2] (3.88ns)   --->   "%mul83_56 = fmul i32 %input_local_1_load_7, i32 %bitcast_ln154_57" [/home/simics/HMoE/HLS_HMoE/pseudo_block/run_7/src/pseudo_moe.cpp:154]   --->   Operation 671 'fmul' 'mul83_56' <Predicate = (!icmp_ln150)> <Delay = 3.88> <CoreInst = "FMul_maxdsp">   --->   Core 30 'FMul_maxdsp' <Latency = 1> <II = 1> <Delay = 3.88> <FuncUnit> <Opcode : 'fmul'> <InPorts = 2> <OutPorts = 1>
ST_61 : Operation 672 [1/1] (0.00ns)   --->   "%bitcast_ln154_58 = bitcast i32 %gmem1_addr_read_58" [/home/simics/HMoE/HLS_HMoE/pseudo_block/run_7/src/pseudo_moe.cpp:154]   --->   Operation 672 'bitcast' 'bitcast_ln154_58' <Predicate = (!icmp_ln150)> <Delay = 0.00>
ST_61 : Operation 673 [2/2] (4.20ns)   --->   "%mul83_57 = fmul i32 %input_local_2_load_7, i32 %bitcast_ln154_58" [/home/simics/HMoE/HLS_HMoE/pseudo_block/run_7/src/pseudo_moe.cpp:154]   --->   Operation 673 'fmul' 'mul83_57' <Predicate = (!icmp_ln150)> <Delay = 4.20> <CoreInst = "FMul_maxdsp">   --->   Core 30 'FMul_maxdsp' <Latency = 1> <II = 1> <Delay = 3.88> <FuncUnit> <Opcode : 'fmul'> <InPorts = 2> <OutPorts = 1>
ST_61 : Operation 674 [1/1] (7.30ns)   --->   "%gmem1_addr_read_59 = read i32 @_ssdm_op_Read.m_axi.p1i32, i64 %gmem1_addr" [/home/simics/HMoE/HLS_HMoE/pseudo_block/run_7/src/pseudo_moe.cpp:154]   --->   Operation 674 'read' 'gmem1_addr_read_59' <Predicate = (!icmp_ln150)> <Delay = 7.30> <CoreInst = "m_axi">   --->   Core 121 'm_axi' <Latency = 0> <II = 1> <Delay = 1.00> <Adapter> <Opcode : 'read' 'write' 'readreq' 'writereq' 'writeresp'>

State 62 <SV = 61> <Delay = 7.30>
ST_62 : Operation 675 [1/2] (6.04ns)   --->   "%acc_29 = fadd i32 %acc_28, i32 %mul83_27" [/home/simics/HMoE/HLS_HMoE/pseudo_block/run_7/src/pseudo_moe.cpp:154]   --->   Operation 675 'fadd' 'acc_29' <Predicate = (!icmp_ln150)> <Delay = 6.04> <CoreInst = "FAddSub_fulldsp">   --->   Core 18 'FAddSub_fulldsp' <Latency = 1> <II = 1> <Delay = 6.04> <FuncUnit> <Opcode : 'fadd' 'fsub'> <InPorts = 2> <OutPorts = 1>
ST_62 : Operation 676 [1/2] (3.88ns)   --->   "%mul83_57 = fmul i32 %input_local_2_load_7, i32 %bitcast_ln154_58" [/home/simics/HMoE/HLS_HMoE/pseudo_block/run_7/src/pseudo_moe.cpp:154]   --->   Operation 676 'fmul' 'mul83_57' <Predicate = (!icmp_ln150)> <Delay = 3.88> <CoreInst = "FMul_maxdsp">   --->   Core 30 'FMul_maxdsp' <Latency = 1> <II = 1> <Delay = 3.88> <FuncUnit> <Opcode : 'fmul'> <InPorts = 2> <OutPorts = 1>
ST_62 : Operation 677 [1/1] (0.00ns)   --->   "%bitcast_ln154_59 = bitcast i32 %gmem1_addr_read_59" [/home/simics/HMoE/HLS_HMoE/pseudo_block/run_7/src/pseudo_moe.cpp:154]   --->   Operation 677 'bitcast' 'bitcast_ln154_59' <Predicate = (!icmp_ln150)> <Delay = 0.00>
ST_62 : Operation 678 [2/2] (4.20ns)   --->   "%mul83_58 = fmul i32 %input_local_3_load_7, i32 %bitcast_ln154_59" [/home/simics/HMoE/HLS_HMoE/pseudo_block/run_7/src/pseudo_moe.cpp:154]   --->   Operation 678 'fmul' 'mul83_58' <Predicate = (!icmp_ln150)> <Delay = 4.20> <CoreInst = "FMul_maxdsp">   --->   Core 30 'FMul_maxdsp' <Latency = 1> <II = 1> <Delay = 3.88> <FuncUnit> <Opcode : 'fmul'> <InPorts = 2> <OutPorts = 1>
ST_62 : Operation 679 [1/1] (7.30ns)   --->   "%gmem1_addr_read_60 = read i32 @_ssdm_op_Read.m_axi.p1i32, i64 %gmem1_addr" [/home/simics/HMoE/HLS_HMoE/pseudo_block/run_7/src/pseudo_moe.cpp:154]   --->   Operation 679 'read' 'gmem1_addr_read_60' <Predicate = (!icmp_ln150)> <Delay = 7.30> <CoreInst = "m_axi">   --->   Core 121 'm_axi' <Latency = 0> <II = 1> <Delay = 1.00> <Adapter> <Opcode : 'read' 'write' 'readreq' 'writereq' 'writeresp'>

State 63 <SV = 62> <Delay = 7.30>
ST_63 : Operation 680 [2/2] (6.36ns)   --->   "%acc_30 = fadd i32 %acc_29, i32 %mul83_28" [/home/simics/HMoE/HLS_HMoE/pseudo_block/run_7/src/pseudo_moe.cpp:154]   --->   Operation 680 'fadd' 'acc_30' <Predicate = (!icmp_ln150)> <Delay = 6.36> <CoreInst = "FAddSub_fulldsp">   --->   Core 18 'FAddSub_fulldsp' <Latency = 1> <II = 1> <Delay = 6.04> <FuncUnit> <Opcode : 'fadd' 'fsub'> <InPorts = 2> <OutPorts = 1>
ST_63 : Operation 681 [1/2] (3.88ns)   --->   "%mul83_58 = fmul i32 %input_local_3_load_7, i32 %bitcast_ln154_59" [/home/simics/HMoE/HLS_HMoE/pseudo_block/run_7/src/pseudo_moe.cpp:154]   --->   Operation 681 'fmul' 'mul83_58' <Predicate = (!icmp_ln150)> <Delay = 3.88> <CoreInst = "FMul_maxdsp">   --->   Core 30 'FMul_maxdsp' <Latency = 1> <II = 1> <Delay = 3.88> <FuncUnit> <Opcode : 'fmul'> <InPorts = 2> <OutPorts = 1>
ST_63 : Operation 682 [1/1] (0.00ns)   --->   "%bitcast_ln154_60 = bitcast i32 %gmem1_addr_read_60" [/home/simics/HMoE/HLS_HMoE/pseudo_block/run_7/src/pseudo_moe.cpp:154]   --->   Operation 682 'bitcast' 'bitcast_ln154_60' <Predicate = (!icmp_ln150)> <Delay = 0.00>
ST_63 : Operation 683 [2/2] (4.20ns)   --->   "%mul83_59 = fmul i32 %input_local_4_load_7, i32 %bitcast_ln154_60" [/home/simics/HMoE/HLS_HMoE/pseudo_block/run_7/src/pseudo_moe.cpp:154]   --->   Operation 683 'fmul' 'mul83_59' <Predicate = (!icmp_ln150)> <Delay = 4.20> <CoreInst = "FMul_maxdsp">   --->   Core 30 'FMul_maxdsp' <Latency = 1> <II = 1> <Delay = 3.88> <FuncUnit> <Opcode : 'fmul'> <InPorts = 2> <OutPorts = 1>
ST_63 : Operation 684 [1/1] (7.30ns)   --->   "%gmem1_addr_read_61 = read i32 @_ssdm_op_Read.m_axi.p1i32, i64 %gmem1_addr" [/home/simics/HMoE/HLS_HMoE/pseudo_block/run_7/src/pseudo_moe.cpp:154]   --->   Operation 684 'read' 'gmem1_addr_read_61' <Predicate = (!icmp_ln150)> <Delay = 7.30> <CoreInst = "m_axi">   --->   Core 121 'm_axi' <Latency = 0> <II = 1> <Delay = 1.00> <Adapter> <Opcode : 'read' 'write' 'readreq' 'writereq' 'writeresp'>

State 64 <SV = 63> <Delay = 7.30>
ST_64 : Operation 685 [1/2] (6.04ns)   --->   "%acc_30 = fadd i32 %acc_29, i32 %mul83_28" [/home/simics/HMoE/HLS_HMoE/pseudo_block/run_7/src/pseudo_moe.cpp:154]   --->   Operation 685 'fadd' 'acc_30' <Predicate = (!icmp_ln150)> <Delay = 6.04> <CoreInst = "FAddSub_fulldsp">   --->   Core 18 'FAddSub_fulldsp' <Latency = 1> <II = 1> <Delay = 6.04> <FuncUnit> <Opcode : 'fadd' 'fsub'> <InPorts = 2> <OutPorts = 1>
ST_64 : Operation 686 [1/2] (3.88ns)   --->   "%mul83_59 = fmul i32 %input_local_4_load_7, i32 %bitcast_ln154_60" [/home/simics/HMoE/HLS_HMoE/pseudo_block/run_7/src/pseudo_moe.cpp:154]   --->   Operation 686 'fmul' 'mul83_59' <Predicate = (!icmp_ln150)> <Delay = 3.88> <CoreInst = "FMul_maxdsp">   --->   Core 30 'FMul_maxdsp' <Latency = 1> <II = 1> <Delay = 3.88> <FuncUnit> <Opcode : 'fmul'> <InPorts = 2> <OutPorts = 1>
ST_64 : Operation 687 [1/1] (0.00ns)   --->   "%bitcast_ln154_61 = bitcast i32 %gmem1_addr_read_61" [/home/simics/HMoE/HLS_HMoE/pseudo_block/run_7/src/pseudo_moe.cpp:154]   --->   Operation 687 'bitcast' 'bitcast_ln154_61' <Predicate = (!icmp_ln150)> <Delay = 0.00>
ST_64 : Operation 688 [2/2] (4.20ns)   --->   "%mul83_60 = fmul i32 %input_local_5_load_7, i32 %bitcast_ln154_61" [/home/simics/HMoE/HLS_HMoE/pseudo_block/run_7/src/pseudo_moe.cpp:154]   --->   Operation 688 'fmul' 'mul83_60' <Predicate = (!icmp_ln150)> <Delay = 4.20> <CoreInst = "FMul_maxdsp">   --->   Core 30 'FMul_maxdsp' <Latency = 1> <II = 1> <Delay = 3.88> <FuncUnit> <Opcode : 'fmul'> <InPorts = 2> <OutPorts = 1>
ST_64 : Operation 689 [1/1] (7.30ns)   --->   "%gmem1_addr_read_62 = read i32 @_ssdm_op_Read.m_axi.p1i32, i64 %gmem1_addr" [/home/simics/HMoE/HLS_HMoE/pseudo_block/run_7/src/pseudo_moe.cpp:154]   --->   Operation 689 'read' 'gmem1_addr_read_62' <Predicate = (!icmp_ln150)> <Delay = 7.30> <CoreInst = "m_axi">   --->   Core 121 'm_axi' <Latency = 0> <II = 1> <Delay = 1.00> <Adapter> <Opcode : 'read' 'write' 'readreq' 'writereq' 'writeresp'>

State 65 <SV = 64> <Delay = 7.30>
ST_65 : Operation 690 [2/2] (6.36ns)   --->   "%acc_31 = fadd i32 %acc_30, i32 %mul83_29" [/home/simics/HMoE/HLS_HMoE/pseudo_block/run_7/src/pseudo_moe.cpp:154]   --->   Operation 690 'fadd' 'acc_31' <Predicate = true> <Delay = 6.36> <CoreInst = "FAddSub_fulldsp">   --->   Core 18 'FAddSub_fulldsp' <Latency = 1> <II = 1> <Delay = 6.04> <FuncUnit> <Opcode : 'fadd' 'fsub'> <InPorts = 2> <OutPorts = 1>
ST_65 : Operation 691 [1/2] (3.88ns)   --->   "%mul83_60 = fmul i32 %input_local_5_load_7, i32 %bitcast_ln154_61" [/home/simics/HMoE/HLS_HMoE/pseudo_block/run_7/src/pseudo_moe.cpp:154]   --->   Operation 691 'fmul' 'mul83_60' <Predicate = true> <Delay = 3.88> <CoreInst = "FMul_maxdsp">   --->   Core 30 'FMul_maxdsp' <Latency = 1> <II = 1> <Delay = 3.88> <FuncUnit> <Opcode : 'fmul'> <InPorts = 2> <OutPorts = 1>
ST_65 : Operation 692 [1/1] (0.00ns)   --->   "%bitcast_ln154_62 = bitcast i32 %gmem1_addr_read_62" [/home/simics/HMoE/HLS_HMoE/pseudo_block/run_7/src/pseudo_moe.cpp:154]   --->   Operation 692 'bitcast' 'bitcast_ln154_62' <Predicate = true> <Delay = 0.00>
ST_65 : Operation 693 [2/2] (4.20ns)   --->   "%mul83_61 = fmul i32 %input_local_6_load_7, i32 %bitcast_ln154_62" [/home/simics/HMoE/HLS_HMoE/pseudo_block/run_7/src/pseudo_moe.cpp:154]   --->   Operation 693 'fmul' 'mul83_61' <Predicate = true> <Delay = 4.20> <CoreInst = "FMul_maxdsp">   --->   Core 30 'FMul_maxdsp' <Latency = 1> <II = 1> <Delay = 3.88> <FuncUnit> <Opcode : 'fmul'> <InPorts = 2> <OutPorts = 1>
ST_65 : Operation 694 [1/1] (7.30ns)   --->   "%gmem1_addr_read_63 = read i32 @_ssdm_op_Read.m_axi.p1i32, i64 %gmem1_addr" [/home/simics/HMoE/HLS_HMoE/pseudo_block/run_7/src/pseudo_moe.cpp:154]   --->   Operation 694 'read' 'gmem1_addr_read_63' <Predicate = true> <Delay = 7.30> <CoreInst = "m_axi">   --->   Core 121 'm_axi' <Latency = 0> <II = 1> <Delay = 1.00> <Adapter> <Opcode : 'read' 'write' 'readreq' 'writereq' 'writeresp'>

State 66 <SV = 65> <Delay = 6.04>
ST_66 : Operation 695 [1/2] (6.04ns)   --->   "%acc_31 = fadd i32 %acc_30, i32 %mul83_29" [/home/simics/HMoE/HLS_HMoE/pseudo_block/run_7/src/pseudo_moe.cpp:154]   --->   Operation 695 'fadd' 'acc_31' <Predicate = true> <Delay = 6.04> <CoreInst = "FAddSub_fulldsp">   --->   Core 18 'FAddSub_fulldsp' <Latency = 1> <II = 1> <Delay = 6.04> <FuncUnit> <Opcode : 'fadd' 'fsub'> <InPorts = 2> <OutPorts = 1>
ST_66 : Operation 696 [1/2] (3.88ns)   --->   "%mul83_61 = fmul i32 %input_local_6_load_7, i32 %bitcast_ln154_62" [/home/simics/HMoE/HLS_HMoE/pseudo_block/run_7/src/pseudo_moe.cpp:154]   --->   Operation 696 'fmul' 'mul83_61' <Predicate = true> <Delay = 3.88> <CoreInst = "FMul_maxdsp">   --->   Core 30 'FMul_maxdsp' <Latency = 1> <II = 1> <Delay = 3.88> <FuncUnit> <Opcode : 'fmul'> <InPorts = 2> <OutPorts = 1>
ST_66 : Operation 697 [1/1] (0.00ns)   --->   "%bitcast_ln154_63 = bitcast i32 %gmem1_addr_read_63" [/home/simics/HMoE/HLS_HMoE/pseudo_block/run_7/src/pseudo_moe.cpp:154]   --->   Operation 697 'bitcast' 'bitcast_ln154_63' <Predicate = true> <Delay = 0.00>
ST_66 : Operation 698 [2/2] (4.20ns)   --->   "%mul83_62 = fmul i32 %input_local_7_load_7, i32 %bitcast_ln154_63" [/home/simics/HMoE/HLS_HMoE/pseudo_block/run_7/src/pseudo_moe.cpp:154]   --->   Operation 698 'fmul' 'mul83_62' <Predicate = true> <Delay = 4.20> <CoreInst = "FMul_maxdsp">   --->   Core 30 'FMul_maxdsp' <Latency = 1> <II = 1> <Delay = 3.88> <FuncUnit> <Opcode : 'fmul'> <InPorts = 2> <OutPorts = 1>

State 67 <SV = 66> <Delay = 6.36>
ST_67 : Operation 699 [2/2] (6.36ns)   --->   "%acc_32 = fadd i32 %acc_31, i32 %mul83_30" [/home/simics/HMoE/HLS_HMoE/pseudo_block/run_7/src/pseudo_moe.cpp:154]   --->   Operation 699 'fadd' 'acc_32' <Predicate = true> <Delay = 6.36> <CoreInst = "FAddSub_fulldsp">   --->   Core 18 'FAddSub_fulldsp' <Latency = 1> <II = 1> <Delay = 6.04> <FuncUnit> <Opcode : 'fadd' 'fsub'> <InPorts = 2> <OutPorts = 1>
ST_67 : Operation 700 [1/2] (3.88ns)   --->   "%mul83_62 = fmul i32 %input_local_7_load_7, i32 %bitcast_ln154_63" [/home/simics/HMoE/HLS_HMoE/pseudo_block/run_7/src/pseudo_moe.cpp:154]   --->   Operation 700 'fmul' 'mul83_62' <Predicate = true> <Delay = 3.88> <CoreInst = "FMul_maxdsp">   --->   Core 30 'FMul_maxdsp' <Latency = 1> <II = 1> <Delay = 3.88> <FuncUnit> <Opcode : 'fmul'> <InPorts = 2> <OutPorts = 1>

State 68 <SV = 67> <Delay = 6.04>
ST_68 : Operation 701 [1/2] (6.04ns)   --->   "%acc_32 = fadd i32 %acc_31, i32 %mul83_30" [/home/simics/HMoE/HLS_HMoE/pseudo_block/run_7/src/pseudo_moe.cpp:154]   --->   Operation 701 'fadd' 'acc_32' <Predicate = true> <Delay = 6.04> <CoreInst = "FAddSub_fulldsp">   --->   Core 18 'FAddSub_fulldsp' <Latency = 1> <II = 1> <Delay = 6.04> <FuncUnit> <Opcode : 'fadd' 'fsub'> <InPorts = 2> <OutPorts = 1>

State 69 <SV = 68> <Delay = 0.00>

State 70 <SV = 69> <Delay = 6.36>
ST_70 : Operation 702 [2/2] (6.36ns)   --->   "%acc_33 = fadd i32 %acc_32, i32 %mul83_31" [/home/simics/HMoE/HLS_HMoE/pseudo_block/run_7/src/pseudo_moe.cpp:154]   --->   Operation 702 'fadd' 'acc_33' <Predicate = true> <Delay = 6.36> <CoreInst = "FAddSub_fulldsp">   --->   Core 18 'FAddSub_fulldsp' <Latency = 1> <II = 1> <Delay = 6.04> <FuncUnit> <Opcode : 'fadd' 'fsub'> <InPorts = 2> <OutPorts = 1>

State 71 <SV = 70> <Delay = 6.04>
ST_71 : Operation 703 [1/2] (6.04ns)   --->   "%acc_33 = fadd i32 %acc_32, i32 %mul83_31" [/home/simics/HMoE/HLS_HMoE/pseudo_block/run_7/src/pseudo_moe.cpp:154]   --->   Operation 703 'fadd' 'acc_33' <Predicate = true> <Delay = 6.04> <CoreInst = "FAddSub_fulldsp">   --->   Core 18 'FAddSub_fulldsp' <Latency = 1> <II = 1> <Delay = 6.04> <FuncUnit> <Opcode : 'fadd' 'fsub'> <InPorts = 2> <OutPorts = 1>
ST_71 : Operation 796 [1/1] (0.00ns)   --->   "%max_logit_load = load i32 %max_logit"   --->   Operation 796 'load' 'max_logit_load' <Predicate = (icmp_ln150)> <Delay = 0.00>
ST_71 : Operation 797 [1/1] (0.00ns)   --->   "%logits_0_1_load = load i32 %logits_0_1"   --->   Operation 797 'load' 'logits_0_1_load' <Predicate = (icmp_ln150)> <Delay = 0.00>
ST_71 : Operation 798 [1/1] (0.00ns)   --->   "%logits_1_1_load = load i32 %logits_1_1"   --->   Operation 798 'load' 'logits_1_1_load' <Predicate = (icmp_ln150)> <Delay = 0.00>
ST_71 : Operation 799 [1/1] (0.00ns)   --->   "%logits_2_1_load = load i32 %logits_2_1"   --->   Operation 799 'load' 'logits_2_1_load' <Predicate = (icmp_ln150)> <Delay = 0.00>
ST_71 : Operation 800 [1/1] (0.00ns)   --->   "%logits_3_1_load = load i32 %logits_3_1"   --->   Operation 800 'load' 'logits_3_1_load' <Predicate = (icmp_ln150)> <Delay = 0.00>
ST_71 : Operation 801 [1/1] (0.00ns)   --->   "%write_ln0 = write void @_ssdm_op_Write.ap_auto.floatP0A, i32 %logits_3_1_out, i32 %logits_3_1_load"   --->   Operation 801 'write' 'write_ln0' <Predicate = (icmp_ln150)> <Delay = 0.00>
ST_71 : Operation 802 [1/1] (0.00ns)   --->   "%write_ln0 = write void @_ssdm_op_Write.ap_auto.floatP0A, i32 %logits_2_1_out, i32 %logits_2_1_load"   --->   Operation 802 'write' 'write_ln0' <Predicate = (icmp_ln150)> <Delay = 0.00>
ST_71 : Operation 803 [1/1] (0.00ns)   --->   "%write_ln0 = write void @_ssdm_op_Write.ap_auto.floatP0A, i32 %logits_1_1_out, i32 %logits_1_1_load"   --->   Operation 803 'write' 'write_ln0' <Predicate = (icmp_ln150)> <Delay = 0.00>
ST_71 : Operation 804 [1/1] (0.00ns)   --->   "%write_ln0 = write void @_ssdm_op_Write.ap_auto.floatP0A, i32 %logits_0_1_out, i32 %logits_0_1_load"   --->   Operation 804 'write' 'write_ln0' <Predicate = (icmp_ln150)> <Delay = 0.00>
ST_71 : Operation 805 [1/1] (0.00ns)   --->   "%write_ln0 = write void @_ssdm_op_Write.ap_auto.floatP0A, i32 %max_logit_out, i32 %max_logit_load"   --->   Operation 805 'write' 'write_ln0' <Predicate = (icmp_ln150)> <Delay = 0.00>
ST_71 : Operation 806 [1/1] (0.00ns)   --->   "%ret_ln0 = ret"   --->   Operation 806 'ret' 'ret_ln0' <Predicate = (icmp_ln150)> <Delay = 0.00>

State 72 <SV = 71> <Delay = 6.36>
ST_72 : Operation 704 [2/2] (6.36ns)   --->   "%acc_34 = fadd i32 %acc_33, i32 %mul83_32" [/home/simics/HMoE/HLS_HMoE/pseudo_block/run_7/src/pseudo_moe.cpp:154]   --->   Operation 704 'fadd' 'acc_34' <Predicate = true> <Delay = 6.36> <CoreInst = "FAddSub_fulldsp">   --->   Core 18 'FAddSub_fulldsp' <Latency = 1> <II = 1> <Delay = 6.04> <FuncUnit> <Opcode : 'fadd' 'fsub'> <InPorts = 2> <OutPorts = 1>

State 73 <SV = 72> <Delay = 6.04>
ST_73 : Operation 705 [1/2] (6.04ns)   --->   "%acc_34 = fadd i32 %acc_33, i32 %mul83_32" [/home/simics/HMoE/HLS_HMoE/pseudo_block/run_7/src/pseudo_moe.cpp:154]   --->   Operation 705 'fadd' 'acc_34' <Predicate = true> <Delay = 6.04> <CoreInst = "FAddSub_fulldsp">   --->   Core 18 'FAddSub_fulldsp' <Latency = 1> <II = 1> <Delay = 6.04> <FuncUnit> <Opcode : 'fadd' 'fsub'> <InPorts = 2> <OutPorts = 1>

State 74 <SV = 73> <Delay = 6.36>
ST_74 : Operation 706 [2/2] (6.36ns)   --->   "%acc_35 = fadd i32 %acc_34, i32 %mul83_33" [/home/simics/HMoE/HLS_HMoE/pseudo_block/run_7/src/pseudo_moe.cpp:154]   --->   Operation 706 'fadd' 'acc_35' <Predicate = true> <Delay = 6.36> <CoreInst = "FAddSub_fulldsp">   --->   Core 18 'FAddSub_fulldsp' <Latency = 1> <II = 1> <Delay = 6.04> <FuncUnit> <Opcode : 'fadd' 'fsub'> <InPorts = 2> <OutPorts = 1>

State 75 <SV = 74> <Delay = 6.04>
ST_75 : Operation 707 [1/2] (6.04ns)   --->   "%acc_35 = fadd i32 %acc_34, i32 %mul83_33" [/home/simics/HMoE/HLS_HMoE/pseudo_block/run_7/src/pseudo_moe.cpp:154]   --->   Operation 707 'fadd' 'acc_35' <Predicate = true> <Delay = 6.04> <CoreInst = "FAddSub_fulldsp">   --->   Core 18 'FAddSub_fulldsp' <Latency = 1> <II = 1> <Delay = 6.04> <FuncUnit> <Opcode : 'fadd' 'fsub'> <InPorts = 2> <OutPorts = 1>

State 76 <SV = 75> <Delay = 6.36>
ST_76 : Operation 708 [2/2] (6.36ns)   --->   "%acc_36 = fadd i32 %acc_35, i32 %mul83_34" [/home/simics/HMoE/HLS_HMoE/pseudo_block/run_7/src/pseudo_moe.cpp:154]   --->   Operation 708 'fadd' 'acc_36' <Predicate = true> <Delay = 6.36> <CoreInst = "FAddSub_fulldsp">   --->   Core 18 'FAddSub_fulldsp' <Latency = 1> <II = 1> <Delay = 6.04> <FuncUnit> <Opcode : 'fadd' 'fsub'> <InPorts = 2> <OutPorts = 1>

State 77 <SV = 76> <Delay = 6.04>
ST_77 : Operation 709 [1/2] (6.04ns)   --->   "%acc_36 = fadd i32 %acc_35, i32 %mul83_34" [/home/simics/HMoE/HLS_HMoE/pseudo_block/run_7/src/pseudo_moe.cpp:154]   --->   Operation 709 'fadd' 'acc_36' <Predicate = true> <Delay = 6.04> <CoreInst = "FAddSub_fulldsp">   --->   Core 18 'FAddSub_fulldsp' <Latency = 1> <II = 1> <Delay = 6.04> <FuncUnit> <Opcode : 'fadd' 'fsub'> <InPorts = 2> <OutPorts = 1>

State 78 <SV = 77> <Delay = 6.36>
ST_78 : Operation 710 [2/2] (6.36ns)   --->   "%acc_37 = fadd i32 %acc_36, i32 %mul83_35" [/home/simics/HMoE/HLS_HMoE/pseudo_block/run_7/src/pseudo_moe.cpp:154]   --->   Operation 710 'fadd' 'acc_37' <Predicate = true> <Delay = 6.36> <CoreInst = "FAddSub_fulldsp">   --->   Core 18 'FAddSub_fulldsp' <Latency = 1> <II = 1> <Delay = 6.04> <FuncUnit> <Opcode : 'fadd' 'fsub'> <InPorts = 2> <OutPorts = 1>

State 79 <SV = 78> <Delay = 6.04>
ST_79 : Operation 711 [1/2] (6.04ns)   --->   "%acc_37 = fadd i32 %acc_36, i32 %mul83_35" [/home/simics/HMoE/HLS_HMoE/pseudo_block/run_7/src/pseudo_moe.cpp:154]   --->   Operation 711 'fadd' 'acc_37' <Predicate = true> <Delay = 6.04> <CoreInst = "FAddSub_fulldsp">   --->   Core 18 'FAddSub_fulldsp' <Latency = 1> <II = 1> <Delay = 6.04> <FuncUnit> <Opcode : 'fadd' 'fsub'> <InPorts = 2> <OutPorts = 1>

State 80 <SV = 79> <Delay = 6.36>
ST_80 : Operation 712 [2/2] (6.36ns)   --->   "%acc_38 = fadd i32 %acc_37, i32 %mul83_36" [/home/simics/HMoE/HLS_HMoE/pseudo_block/run_7/src/pseudo_moe.cpp:154]   --->   Operation 712 'fadd' 'acc_38' <Predicate = true> <Delay = 6.36> <CoreInst = "FAddSub_fulldsp">   --->   Core 18 'FAddSub_fulldsp' <Latency = 1> <II = 1> <Delay = 6.04> <FuncUnit> <Opcode : 'fadd' 'fsub'> <InPorts = 2> <OutPorts = 1>

State 81 <SV = 80> <Delay = 6.04>
ST_81 : Operation 713 [1/2] (6.04ns)   --->   "%acc_38 = fadd i32 %acc_37, i32 %mul83_36" [/home/simics/HMoE/HLS_HMoE/pseudo_block/run_7/src/pseudo_moe.cpp:154]   --->   Operation 713 'fadd' 'acc_38' <Predicate = true> <Delay = 6.04> <CoreInst = "FAddSub_fulldsp">   --->   Core 18 'FAddSub_fulldsp' <Latency = 1> <II = 1> <Delay = 6.04> <FuncUnit> <Opcode : 'fadd' 'fsub'> <InPorts = 2> <OutPorts = 1>

State 82 <SV = 81> <Delay = 6.36>
ST_82 : Operation 714 [2/2] (6.36ns)   --->   "%acc_39 = fadd i32 %acc_38, i32 %mul83_37" [/home/simics/HMoE/HLS_HMoE/pseudo_block/run_7/src/pseudo_moe.cpp:154]   --->   Operation 714 'fadd' 'acc_39' <Predicate = true> <Delay = 6.36> <CoreInst = "FAddSub_fulldsp">   --->   Core 18 'FAddSub_fulldsp' <Latency = 1> <II = 1> <Delay = 6.04> <FuncUnit> <Opcode : 'fadd' 'fsub'> <InPorts = 2> <OutPorts = 1>

State 83 <SV = 82> <Delay = 6.04>
ST_83 : Operation 715 [1/2] (6.04ns)   --->   "%acc_39 = fadd i32 %acc_38, i32 %mul83_37" [/home/simics/HMoE/HLS_HMoE/pseudo_block/run_7/src/pseudo_moe.cpp:154]   --->   Operation 715 'fadd' 'acc_39' <Predicate = true> <Delay = 6.04> <CoreInst = "FAddSub_fulldsp">   --->   Core 18 'FAddSub_fulldsp' <Latency = 1> <II = 1> <Delay = 6.04> <FuncUnit> <Opcode : 'fadd' 'fsub'> <InPorts = 2> <OutPorts = 1>

State 84 <SV = 83> <Delay = 6.36>
ST_84 : Operation 716 [2/2] (6.36ns)   --->   "%acc_40 = fadd i32 %acc_39, i32 %mul83_38" [/home/simics/HMoE/HLS_HMoE/pseudo_block/run_7/src/pseudo_moe.cpp:154]   --->   Operation 716 'fadd' 'acc_40' <Predicate = true> <Delay = 6.36> <CoreInst = "FAddSub_fulldsp">   --->   Core 18 'FAddSub_fulldsp' <Latency = 1> <II = 1> <Delay = 6.04> <FuncUnit> <Opcode : 'fadd' 'fsub'> <InPorts = 2> <OutPorts = 1>

State 85 <SV = 84> <Delay = 6.04>
ST_85 : Operation 717 [1/2] (6.04ns)   --->   "%acc_40 = fadd i32 %acc_39, i32 %mul83_38" [/home/simics/HMoE/HLS_HMoE/pseudo_block/run_7/src/pseudo_moe.cpp:154]   --->   Operation 717 'fadd' 'acc_40' <Predicate = true> <Delay = 6.04> <CoreInst = "FAddSub_fulldsp">   --->   Core 18 'FAddSub_fulldsp' <Latency = 1> <II = 1> <Delay = 6.04> <FuncUnit> <Opcode : 'fadd' 'fsub'> <InPorts = 2> <OutPorts = 1>

State 86 <SV = 85> <Delay = 6.36>
ST_86 : Operation 718 [2/2] (6.36ns)   --->   "%acc_41 = fadd i32 %acc_40, i32 %mul83_39" [/home/simics/HMoE/HLS_HMoE/pseudo_block/run_7/src/pseudo_moe.cpp:154]   --->   Operation 718 'fadd' 'acc_41' <Predicate = true> <Delay = 6.36> <CoreInst = "FAddSub_fulldsp">   --->   Core 18 'FAddSub_fulldsp' <Latency = 1> <II = 1> <Delay = 6.04> <FuncUnit> <Opcode : 'fadd' 'fsub'> <InPorts = 2> <OutPorts = 1>

State 87 <SV = 86> <Delay = 6.04>
ST_87 : Operation 719 [1/2] (6.04ns)   --->   "%acc_41 = fadd i32 %acc_40, i32 %mul83_39" [/home/simics/HMoE/HLS_HMoE/pseudo_block/run_7/src/pseudo_moe.cpp:154]   --->   Operation 719 'fadd' 'acc_41' <Predicate = true> <Delay = 6.04> <CoreInst = "FAddSub_fulldsp">   --->   Core 18 'FAddSub_fulldsp' <Latency = 1> <II = 1> <Delay = 6.04> <FuncUnit> <Opcode : 'fadd' 'fsub'> <InPorts = 2> <OutPorts = 1>

State 88 <SV = 87> <Delay = 6.36>
ST_88 : Operation 720 [2/2] (6.36ns)   --->   "%acc_42 = fadd i32 %acc_41, i32 %mul83_40" [/home/simics/HMoE/HLS_HMoE/pseudo_block/run_7/src/pseudo_moe.cpp:154]   --->   Operation 720 'fadd' 'acc_42' <Predicate = true> <Delay = 6.36> <CoreInst = "FAddSub_fulldsp">   --->   Core 18 'FAddSub_fulldsp' <Latency = 1> <II = 1> <Delay = 6.04> <FuncUnit> <Opcode : 'fadd' 'fsub'> <InPorts = 2> <OutPorts = 1>

State 89 <SV = 88> <Delay = 6.04>
ST_89 : Operation 721 [1/2] (6.04ns)   --->   "%acc_42 = fadd i32 %acc_41, i32 %mul83_40" [/home/simics/HMoE/HLS_HMoE/pseudo_block/run_7/src/pseudo_moe.cpp:154]   --->   Operation 721 'fadd' 'acc_42' <Predicate = true> <Delay = 6.04> <CoreInst = "FAddSub_fulldsp">   --->   Core 18 'FAddSub_fulldsp' <Latency = 1> <II = 1> <Delay = 6.04> <FuncUnit> <Opcode : 'fadd' 'fsub'> <InPorts = 2> <OutPorts = 1>

State 90 <SV = 89> <Delay = 6.36>
ST_90 : Operation 722 [2/2] (6.36ns)   --->   "%acc_43 = fadd i32 %acc_42, i32 %mul83_41" [/home/simics/HMoE/HLS_HMoE/pseudo_block/run_7/src/pseudo_moe.cpp:154]   --->   Operation 722 'fadd' 'acc_43' <Predicate = true> <Delay = 6.36> <CoreInst = "FAddSub_fulldsp">   --->   Core 18 'FAddSub_fulldsp' <Latency = 1> <II = 1> <Delay = 6.04> <FuncUnit> <Opcode : 'fadd' 'fsub'> <InPorts = 2> <OutPorts = 1>

State 91 <SV = 90> <Delay = 6.04>
ST_91 : Operation 723 [1/2] (6.04ns)   --->   "%acc_43 = fadd i32 %acc_42, i32 %mul83_41" [/home/simics/HMoE/HLS_HMoE/pseudo_block/run_7/src/pseudo_moe.cpp:154]   --->   Operation 723 'fadd' 'acc_43' <Predicate = true> <Delay = 6.04> <CoreInst = "FAddSub_fulldsp">   --->   Core 18 'FAddSub_fulldsp' <Latency = 1> <II = 1> <Delay = 6.04> <FuncUnit> <Opcode : 'fadd' 'fsub'> <InPorts = 2> <OutPorts = 1>

State 92 <SV = 91> <Delay = 6.36>
ST_92 : Operation 724 [2/2] (6.36ns)   --->   "%acc_44 = fadd i32 %acc_43, i32 %mul83_42" [/home/simics/HMoE/HLS_HMoE/pseudo_block/run_7/src/pseudo_moe.cpp:154]   --->   Operation 724 'fadd' 'acc_44' <Predicate = true> <Delay = 6.36> <CoreInst = "FAddSub_fulldsp">   --->   Core 18 'FAddSub_fulldsp' <Latency = 1> <II = 1> <Delay = 6.04> <FuncUnit> <Opcode : 'fadd' 'fsub'> <InPorts = 2> <OutPorts = 1>

State 93 <SV = 92> <Delay = 6.04>
ST_93 : Operation 725 [1/2] (6.04ns)   --->   "%acc_44 = fadd i32 %acc_43, i32 %mul83_42" [/home/simics/HMoE/HLS_HMoE/pseudo_block/run_7/src/pseudo_moe.cpp:154]   --->   Operation 725 'fadd' 'acc_44' <Predicate = true> <Delay = 6.04> <CoreInst = "FAddSub_fulldsp">   --->   Core 18 'FAddSub_fulldsp' <Latency = 1> <II = 1> <Delay = 6.04> <FuncUnit> <Opcode : 'fadd' 'fsub'> <InPorts = 2> <OutPorts = 1>

State 94 <SV = 93> <Delay = 6.36>
ST_94 : Operation 726 [2/2] (6.36ns)   --->   "%acc_45 = fadd i32 %acc_44, i32 %mul83_43" [/home/simics/HMoE/HLS_HMoE/pseudo_block/run_7/src/pseudo_moe.cpp:154]   --->   Operation 726 'fadd' 'acc_45' <Predicate = true> <Delay = 6.36> <CoreInst = "FAddSub_fulldsp">   --->   Core 18 'FAddSub_fulldsp' <Latency = 1> <II = 1> <Delay = 6.04> <FuncUnit> <Opcode : 'fadd' 'fsub'> <InPorts = 2> <OutPorts = 1>

State 95 <SV = 94> <Delay = 6.04>
ST_95 : Operation 727 [1/2] (6.04ns)   --->   "%acc_45 = fadd i32 %acc_44, i32 %mul83_43" [/home/simics/HMoE/HLS_HMoE/pseudo_block/run_7/src/pseudo_moe.cpp:154]   --->   Operation 727 'fadd' 'acc_45' <Predicate = true> <Delay = 6.04> <CoreInst = "FAddSub_fulldsp">   --->   Core 18 'FAddSub_fulldsp' <Latency = 1> <II = 1> <Delay = 6.04> <FuncUnit> <Opcode : 'fadd' 'fsub'> <InPorts = 2> <OutPorts = 1>

State 96 <SV = 95> <Delay = 6.36>
ST_96 : Operation 728 [2/2] (6.36ns)   --->   "%acc_46 = fadd i32 %acc_45, i32 %mul83_44" [/home/simics/HMoE/HLS_HMoE/pseudo_block/run_7/src/pseudo_moe.cpp:154]   --->   Operation 728 'fadd' 'acc_46' <Predicate = true> <Delay = 6.36> <CoreInst = "FAddSub_fulldsp">   --->   Core 18 'FAddSub_fulldsp' <Latency = 1> <II = 1> <Delay = 6.04> <FuncUnit> <Opcode : 'fadd' 'fsub'> <InPorts = 2> <OutPorts = 1>

State 97 <SV = 96> <Delay = 6.04>
ST_97 : Operation 729 [1/2] (6.04ns)   --->   "%acc_46 = fadd i32 %acc_45, i32 %mul83_44" [/home/simics/HMoE/HLS_HMoE/pseudo_block/run_7/src/pseudo_moe.cpp:154]   --->   Operation 729 'fadd' 'acc_46' <Predicate = true> <Delay = 6.04> <CoreInst = "FAddSub_fulldsp">   --->   Core 18 'FAddSub_fulldsp' <Latency = 1> <II = 1> <Delay = 6.04> <FuncUnit> <Opcode : 'fadd' 'fsub'> <InPorts = 2> <OutPorts = 1>

State 98 <SV = 97> <Delay = 6.36>
ST_98 : Operation 730 [2/2] (6.36ns)   --->   "%acc_47 = fadd i32 %acc_46, i32 %mul83_45" [/home/simics/HMoE/HLS_HMoE/pseudo_block/run_7/src/pseudo_moe.cpp:154]   --->   Operation 730 'fadd' 'acc_47' <Predicate = true> <Delay = 6.36> <CoreInst = "FAddSub_fulldsp">   --->   Core 18 'FAddSub_fulldsp' <Latency = 1> <II = 1> <Delay = 6.04> <FuncUnit> <Opcode : 'fadd' 'fsub'> <InPorts = 2> <OutPorts = 1>

State 99 <SV = 98> <Delay = 6.04>
ST_99 : Operation 731 [1/2] (6.04ns)   --->   "%acc_47 = fadd i32 %acc_46, i32 %mul83_45" [/home/simics/HMoE/HLS_HMoE/pseudo_block/run_7/src/pseudo_moe.cpp:154]   --->   Operation 731 'fadd' 'acc_47' <Predicate = true> <Delay = 6.04> <CoreInst = "FAddSub_fulldsp">   --->   Core 18 'FAddSub_fulldsp' <Latency = 1> <II = 1> <Delay = 6.04> <FuncUnit> <Opcode : 'fadd' 'fsub'> <InPorts = 2> <OutPorts = 1>

State 100 <SV = 99> <Delay = 6.36>
ST_100 : Operation 732 [2/2] (6.36ns)   --->   "%acc_48 = fadd i32 %acc_47, i32 %mul83_46" [/home/simics/HMoE/HLS_HMoE/pseudo_block/run_7/src/pseudo_moe.cpp:154]   --->   Operation 732 'fadd' 'acc_48' <Predicate = true> <Delay = 6.36> <CoreInst = "FAddSub_fulldsp">   --->   Core 18 'FAddSub_fulldsp' <Latency = 1> <II = 1> <Delay = 6.04> <FuncUnit> <Opcode : 'fadd' 'fsub'> <InPorts = 2> <OutPorts = 1>

State 101 <SV = 100> <Delay = 6.04>
ST_101 : Operation 733 [1/2] (6.04ns)   --->   "%acc_48 = fadd i32 %acc_47, i32 %mul83_46" [/home/simics/HMoE/HLS_HMoE/pseudo_block/run_7/src/pseudo_moe.cpp:154]   --->   Operation 733 'fadd' 'acc_48' <Predicate = true> <Delay = 6.04> <CoreInst = "FAddSub_fulldsp">   --->   Core 18 'FAddSub_fulldsp' <Latency = 1> <II = 1> <Delay = 6.04> <FuncUnit> <Opcode : 'fadd' 'fsub'> <InPorts = 2> <OutPorts = 1>

State 102 <SV = 101> <Delay = 6.36>
ST_102 : Operation 734 [2/2] (6.36ns)   --->   "%acc_49 = fadd i32 %acc_48, i32 %mul83_47" [/home/simics/HMoE/HLS_HMoE/pseudo_block/run_7/src/pseudo_moe.cpp:154]   --->   Operation 734 'fadd' 'acc_49' <Predicate = true> <Delay = 6.36> <CoreInst = "FAddSub_fulldsp">   --->   Core 18 'FAddSub_fulldsp' <Latency = 1> <II = 1> <Delay = 6.04> <FuncUnit> <Opcode : 'fadd' 'fsub'> <InPorts = 2> <OutPorts = 1>

State 103 <SV = 102> <Delay = 6.04>
ST_103 : Operation 735 [1/2] (6.04ns)   --->   "%acc_49 = fadd i32 %acc_48, i32 %mul83_47" [/home/simics/HMoE/HLS_HMoE/pseudo_block/run_7/src/pseudo_moe.cpp:154]   --->   Operation 735 'fadd' 'acc_49' <Predicate = true> <Delay = 6.04> <CoreInst = "FAddSub_fulldsp">   --->   Core 18 'FAddSub_fulldsp' <Latency = 1> <II = 1> <Delay = 6.04> <FuncUnit> <Opcode : 'fadd' 'fsub'> <InPorts = 2> <OutPorts = 1>

State 104 <SV = 103> <Delay = 6.36>
ST_104 : Operation 736 [2/2] (6.36ns)   --->   "%acc_50 = fadd i32 %acc_49, i32 %mul83_48" [/home/simics/HMoE/HLS_HMoE/pseudo_block/run_7/src/pseudo_moe.cpp:154]   --->   Operation 736 'fadd' 'acc_50' <Predicate = true> <Delay = 6.36> <CoreInst = "FAddSub_fulldsp">   --->   Core 18 'FAddSub_fulldsp' <Latency = 1> <II = 1> <Delay = 6.04> <FuncUnit> <Opcode : 'fadd' 'fsub'> <InPorts = 2> <OutPorts = 1>

State 105 <SV = 104> <Delay = 6.04>
ST_105 : Operation 737 [1/2] (6.04ns)   --->   "%acc_50 = fadd i32 %acc_49, i32 %mul83_48" [/home/simics/HMoE/HLS_HMoE/pseudo_block/run_7/src/pseudo_moe.cpp:154]   --->   Operation 737 'fadd' 'acc_50' <Predicate = true> <Delay = 6.04> <CoreInst = "FAddSub_fulldsp">   --->   Core 18 'FAddSub_fulldsp' <Latency = 1> <II = 1> <Delay = 6.04> <FuncUnit> <Opcode : 'fadd' 'fsub'> <InPorts = 2> <OutPorts = 1>

State 106 <SV = 105> <Delay = 6.36>
ST_106 : Operation 738 [2/2] (6.36ns)   --->   "%acc_51 = fadd i32 %acc_50, i32 %mul83_49" [/home/simics/HMoE/HLS_HMoE/pseudo_block/run_7/src/pseudo_moe.cpp:154]   --->   Operation 738 'fadd' 'acc_51' <Predicate = true> <Delay = 6.36> <CoreInst = "FAddSub_fulldsp">   --->   Core 18 'FAddSub_fulldsp' <Latency = 1> <II = 1> <Delay = 6.04> <FuncUnit> <Opcode : 'fadd' 'fsub'> <InPorts = 2> <OutPorts = 1>

State 107 <SV = 106> <Delay = 6.04>
ST_107 : Operation 739 [1/2] (6.04ns)   --->   "%acc_51 = fadd i32 %acc_50, i32 %mul83_49" [/home/simics/HMoE/HLS_HMoE/pseudo_block/run_7/src/pseudo_moe.cpp:154]   --->   Operation 739 'fadd' 'acc_51' <Predicate = true> <Delay = 6.04> <CoreInst = "FAddSub_fulldsp">   --->   Core 18 'FAddSub_fulldsp' <Latency = 1> <II = 1> <Delay = 6.04> <FuncUnit> <Opcode : 'fadd' 'fsub'> <InPorts = 2> <OutPorts = 1>

State 108 <SV = 107> <Delay = 6.36>
ST_108 : Operation 740 [2/2] (6.36ns)   --->   "%acc_52 = fadd i32 %acc_51, i32 %mul83_50" [/home/simics/HMoE/HLS_HMoE/pseudo_block/run_7/src/pseudo_moe.cpp:154]   --->   Operation 740 'fadd' 'acc_52' <Predicate = true> <Delay = 6.36> <CoreInst = "FAddSub_fulldsp">   --->   Core 18 'FAddSub_fulldsp' <Latency = 1> <II = 1> <Delay = 6.04> <FuncUnit> <Opcode : 'fadd' 'fsub'> <InPorts = 2> <OutPorts = 1>

State 109 <SV = 108> <Delay = 6.04>
ST_109 : Operation 741 [1/2] (6.04ns)   --->   "%acc_52 = fadd i32 %acc_51, i32 %mul83_50" [/home/simics/HMoE/HLS_HMoE/pseudo_block/run_7/src/pseudo_moe.cpp:154]   --->   Operation 741 'fadd' 'acc_52' <Predicate = true> <Delay = 6.04> <CoreInst = "FAddSub_fulldsp">   --->   Core 18 'FAddSub_fulldsp' <Latency = 1> <II = 1> <Delay = 6.04> <FuncUnit> <Opcode : 'fadd' 'fsub'> <InPorts = 2> <OutPorts = 1>

State 110 <SV = 109> <Delay = 6.36>
ST_110 : Operation 742 [2/2] (6.36ns)   --->   "%acc_53 = fadd i32 %acc_52, i32 %mul83_51" [/home/simics/HMoE/HLS_HMoE/pseudo_block/run_7/src/pseudo_moe.cpp:154]   --->   Operation 742 'fadd' 'acc_53' <Predicate = true> <Delay = 6.36> <CoreInst = "FAddSub_fulldsp">   --->   Core 18 'FAddSub_fulldsp' <Latency = 1> <II = 1> <Delay = 6.04> <FuncUnit> <Opcode : 'fadd' 'fsub'> <InPorts = 2> <OutPorts = 1>

State 111 <SV = 110> <Delay = 6.04>
ST_111 : Operation 743 [1/2] (6.04ns)   --->   "%acc_53 = fadd i32 %acc_52, i32 %mul83_51" [/home/simics/HMoE/HLS_HMoE/pseudo_block/run_7/src/pseudo_moe.cpp:154]   --->   Operation 743 'fadd' 'acc_53' <Predicate = true> <Delay = 6.04> <CoreInst = "FAddSub_fulldsp">   --->   Core 18 'FAddSub_fulldsp' <Latency = 1> <II = 1> <Delay = 6.04> <FuncUnit> <Opcode : 'fadd' 'fsub'> <InPorts = 2> <OutPorts = 1>

State 112 <SV = 111> <Delay = 6.36>
ST_112 : Operation 744 [2/2] (6.36ns)   --->   "%acc_54 = fadd i32 %acc_53, i32 %mul83_52" [/home/simics/HMoE/HLS_HMoE/pseudo_block/run_7/src/pseudo_moe.cpp:154]   --->   Operation 744 'fadd' 'acc_54' <Predicate = true> <Delay = 6.36> <CoreInst = "FAddSub_fulldsp">   --->   Core 18 'FAddSub_fulldsp' <Latency = 1> <II = 1> <Delay = 6.04> <FuncUnit> <Opcode : 'fadd' 'fsub'> <InPorts = 2> <OutPorts = 1>

State 113 <SV = 112> <Delay = 6.04>
ST_113 : Operation 745 [1/2] (6.04ns)   --->   "%acc_54 = fadd i32 %acc_53, i32 %mul83_52" [/home/simics/HMoE/HLS_HMoE/pseudo_block/run_7/src/pseudo_moe.cpp:154]   --->   Operation 745 'fadd' 'acc_54' <Predicate = true> <Delay = 6.04> <CoreInst = "FAddSub_fulldsp">   --->   Core 18 'FAddSub_fulldsp' <Latency = 1> <II = 1> <Delay = 6.04> <FuncUnit> <Opcode : 'fadd' 'fsub'> <InPorts = 2> <OutPorts = 1>

State 114 <SV = 113> <Delay = 6.36>
ST_114 : Operation 746 [2/2] (6.36ns)   --->   "%acc_55 = fadd i32 %acc_54, i32 %mul83_53" [/home/simics/HMoE/HLS_HMoE/pseudo_block/run_7/src/pseudo_moe.cpp:154]   --->   Operation 746 'fadd' 'acc_55' <Predicate = true> <Delay = 6.36> <CoreInst = "FAddSub_fulldsp">   --->   Core 18 'FAddSub_fulldsp' <Latency = 1> <II = 1> <Delay = 6.04> <FuncUnit> <Opcode : 'fadd' 'fsub'> <InPorts = 2> <OutPorts = 1>

State 115 <SV = 114> <Delay = 6.04>
ST_115 : Operation 747 [1/2] (6.04ns)   --->   "%acc_55 = fadd i32 %acc_54, i32 %mul83_53" [/home/simics/HMoE/HLS_HMoE/pseudo_block/run_7/src/pseudo_moe.cpp:154]   --->   Operation 747 'fadd' 'acc_55' <Predicate = true> <Delay = 6.04> <CoreInst = "FAddSub_fulldsp">   --->   Core 18 'FAddSub_fulldsp' <Latency = 1> <II = 1> <Delay = 6.04> <FuncUnit> <Opcode : 'fadd' 'fsub'> <InPorts = 2> <OutPorts = 1>

State 116 <SV = 115> <Delay = 6.36>
ST_116 : Operation 748 [2/2] (6.36ns)   --->   "%acc_56 = fadd i32 %acc_55, i32 %mul83_54" [/home/simics/HMoE/HLS_HMoE/pseudo_block/run_7/src/pseudo_moe.cpp:154]   --->   Operation 748 'fadd' 'acc_56' <Predicate = true> <Delay = 6.36> <CoreInst = "FAddSub_fulldsp">   --->   Core 18 'FAddSub_fulldsp' <Latency = 1> <II = 1> <Delay = 6.04> <FuncUnit> <Opcode : 'fadd' 'fsub'> <InPorts = 2> <OutPorts = 1>

State 117 <SV = 116> <Delay = 6.04>
ST_117 : Operation 749 [1/2] (6.04ns)   --->   "%acc_56 = fadd i32 %acc_55, i32 %mul83_54" [/home/simics/HMoE/HLS_HMoE/pseudo_block/run_7/src/pseudo_moe.cpp:154]   --->   Operation 749 'fadd' 'acc_56' <Predicate = true> <Delay = 6.04> <CoreInst = "FAddSub_fulldsp">   --->   Core 18 'FAddSub_fulldsp' <Latency = 1> <II = 1> <Delay = 6.04> <FuncUnit> <Opcode : 'fadd' 'fsub'> <InPorts = 2> <OutPorts = 1>

State 118 <SV = 117> <Delay = 6.36>
ST_118 : Operation 750 [2/2] (6.36ns)   --->   "%acc_57 = fadd i32 %acc_56, i32 %mul83_55" [/home/simics/HMoE/HLS_HMoE/pseudo_block/run_7/src/pseudo_moe.cpp:154]   --->   Operation 750 'fadd' 'acc_57' <Predicate = true> <Delay = 6.36> <CoreInst = "FAddSub_fulldsp">   --->   Core 18 'FAddSub_fulldsp' <Latency = 1> <II = 1> <Delay = 6.04> <FuncUnit> <Opcode : 'fadd' 'fsub'> <InPorts = 2> <OutPorts = 1>

State 119 <SV = 118> <Delay = 6.04>
ST_119 : Operation 751 [1/2] (6.04ns)   --->   "%acc_57 = fadd i32 %acc_56, i32 %mul83_55" [/home/simics/HMoE/HLS_HMoE/pseudo_block/run_7/src/pseudo_moe.cpp:154]   --->   Operation 751 'fadd' 'acc_57' <Predicate = true> <Delay = 6.04> <CoreInst = "FAddSub_fulldsp">   --->   Core 18 'FAddSub_fulldsp' <Latency = 1> <II = 1> <Delay = 6.04> <FuncUnit> <Opcode : 'fadd' 'fsub'> <InPorts = 2> <OutPorts = 1>

State 120 <SV = 119> <Delay = 6.36>
ST_120 : Operation 752 [2/2] (6.36ns)   --->   "%acc_58 = fadd i32 %acc_57, i32 %mul83_56" [/home/simics/HMoE/HLS_HMoE/pseudo_block/run_7/src/pseudo_moe.cpp:154]   --->   Operation 752 'fadd' 'acc_58' <Predicate = true> <Delay = 6.36> <CoreInst = "FAddSub_fulldsp">   --->   Core 18 'FAddSub_fulldsp' <Latency = 1> <II = 1> <Delay = 6.04> <FuncUnit> <Opcode : 'fadd' 'fsub'> <InPorts = 2> <OutPorts = 1>

State 121 <SV = 120> <Delay = 6.04>
ST_121 : Operation 753 [1/2] (6.04ns)   --->   "%acc_58 = fadd i32 %acc_57, i32 %mul83_56" [/home/simics/HMoE/HLS_HMoE/pseudo_block/run_7/src/pseudo_moe.cpp:154]   --->   Operation 753 'fadd' 'acc_58' <Predicate = true> <Delay = 6.04> <CoreInst = "FAddSub_fulldsp">   --->   Core 18 'FAddSub_fulldsp' <Latency = 1> <II = 1> <Delay = 6.04> <FuncUnit> <Opcode : 'fadd' 'fsub'> <InPorts = 2> <OutPorts = 1>

State 122 <SV = 121> <Delay = 6.36>
ST_122 : Operation 754 [2/2] (6.36ns)   --->   "%acc_59 = fadd i32 %acc_58, i32 %mul83_57" [/home/simics/HMoE/HLS_HMoE/pseudo_block/run_7/src/pseudo_moe.cpp:154]   --->   Operation 754 'fadd' 'acc_59' <Predicate = true> <Delay = 6.36> <CoreInst = "FAddSub_fulldsp">   --->   Core 18 'FAddSub_fulldsp' <Latency = 1> <II = 1> <Delay = 6.04> <FuncUnit> <Opcode : 'fadd' 'fsub'> <InPorts = 2> <OutPorts = 1>

State 123 <SV = 122> <Delay = 6.04>
ST_123 : Operation 755 [1/2] (6.04ns)   --->   "%acc_59 = fadd i32 %acc_58, i32 %mul83_57" [/home/simics/HMoE/HLS_HMoE/pseudo_block/run_7/src/pseudo_moe.cpp:154]   --->   Operation 755 'fadd' 'acc_59' <Predicate = true> <Delay = 6.04> <CoreInst = "FAddSub_fulldsp">   --->   Core 18 'FAddSub_fulldsp' <Latency = 1> <II = 1> <Delay = 6.04> <FuncUnit> <Opcode : 'fadd' 'fsub'> <InPorts = 2> <OutPorts = 1>

State 124 <SV = 123> <Delay = 6.36>
ST_124 : Operation 756 [2/2] (6.36ns)   --->   "%acc_60 = fadd i32 %acc_59, i32 %mul83_58" [/home/simics/HMoE/HLS_HMoE/pseudo_block/run_7/src/pseudo_moe.cpp:154]   --->   Operation 756 'fadd' 'acc_60' <Predicate = true> <Delay = 6.36> <CoreInst = "FAddSub_fulldsp">   --->   Core 18 'FAddSub_fulldsp' <Latency = 1> <II = 1> <Delay = 6.04> <FuncUnit> <Opcode : 'fadd' 'fsub'> <InPorts = 2> <OutPorts = 1>

State 125 <SV = 124> <Delay = 6.04>
ST_125 : Operation 757 [1/2] (6.04ns)   --->   "%acc_60 = fadd i32 %acc_59, i32 %mul83_58" [/home/simics/HMoE/HLS_HMoE/pseudo_block/run_7/src/pseudo_moe.cpp:154]   --->   Operation 757 'fadd' 'acc_60' <Predicate = true> <Delay = 6.04> <CoreInst = "FAddSub_fulldsp">   --->   Core 18 'FAddSub_fulldsp' <Latency = 1> <II = 1> <Delay = 6.04> <FuncUnit> <Opcode : 'fadd' 'fsub'> <InPorts = 2> <OutPorts = 1>

State 126 <SV = 125> <Delay = 6.36>
ST_126 : Operation 758 [2/2] (6.36ns)   --->   "%acc_61 = fadd i32 %acc_60, i32 %mul83_59" [/home/simics/HMoE/HLS_HMoE/pseudo_block/run_7/src/pseudo_moe.cpp:154]   --->   Operation 758 'fadd' 'acc_61' <Predicate = true> <Delay = 6.36> <CoreInst = "FAddSub_fulldsp">   --->   Core 18 'FAddSub_fulldsp' <Latency = 1> <II = 1> <Delay = 6.04> <FuncUnit> <Opcode : 'fadd' 'fsub'> <InPorts = 2> <OutPorts = 1>

State 127 <SV = 126> <Delay = 6.04>
ST_127 : Operation 759 [1/2] (6.04ns)   --->   "%acc_61 = fadd i32 %acc_60, i32 %mul83_59" [/home/simics/HMoE/HLS_HMoE/pseudo_block/run_7/src/pseudo_moe.cpp:154]   --->   Operation 759 'fadd' 'acc_61' <Predicate = true> <Delay = 6.04> <CoreInst = "FAddSub_fulldsp">   --->   Core 18 'FAddSub_fulldsp' <Latency = 1> <II = 1> <Delay = 6.04> <FuncUnit> <Opcode : 'fadd' 'fsub'> <InPorts = 2> <OutPorts = 1>

State 128 <SV = 127> <Delay = 6.36>
ST_128 : Operation 760 [2/2] (6.36ns)   --->   "%acc_62 = fadd i32 %acc_61, i32 %mul83_60" [/home/simics/HMoE/HLS_HMoE/pseudo_block/run_7/src/pseudo_moe.cpp:154]   --->   Operation 760 'fadd' 'acc_62' <Predicate = true> <Delay = 6.36> <CoreInst = "FAddSub_fulldsp">   --->   Core 18 'FAddSub_fulldsp' <Latency = 1> <II = 1> <Delay = 6.04> <FuncUnit> <Opcode : 'fadd' 'fsub'> <InPorts = 2> <OutPorts = 1>

State 129 <SV = 128> <Delay = 6.04>
ST_129 : Operation 761 [1/2] (6.04ns)   --->   "%acc_62 = fadd i32 %acc_61, i32 %mul83_60" [/home/simics/HMoE/HLS_HMoE/pseudo_block/run_7/src/pseudo_moe.cpp:154]   --->   Operation 761 'fadd' 'acc_62' <Predicate = true> <Delay = 6.04> <CoreInst = "FAddSub_fulldsp">   --->   Core 18 'FAddSub_fulldsp' <Latency = 1> <II = 1> <Delay = 6.04> <FuncUnit> <Opcode : 'fadd' 'fsub'> <InPorts = 2> <OutPorts = 1>

State 130 <SV = 129> <Delay = 6.36>
ST_130 : Operation 762 [2/2] (6.36ns)   --->   "%acc_63 = fadd i32 %acc_62, i32 %mul83_61" [/home/simics/HMoE/HLS_HMoE/pseudo_block/run_7/src/pseudo_moe.cpp:154]   --->   Operation 762 'fadd' 'acc_63' <Predicate = true> <Delay = 6.36> <CoreInst = "FAddSub_fulldsp">   --->   Core 18 'FAddSub_fulldsp' <Latency = 1> <II = 1> <Delay = 6.04> <FuncUnit> <Opcode : 'fadd' 'fsub'> <InPorts = 2> <OutPorts = 1>

State 131 <SV = 130> <Delay = 6.04>
ST_131 : Operation 763 [1/2] (6.04ns)   --->   "%acc_63 = fadd i32 %acc_62, i32 %mul83_61" [/home/simics/HMoE/HLS_HMoE/pseudo_block/run_7/src/pseudo_moe.cpp:154]   --->   Operation 763 'fadd' 'acc_63' <Predicate = true> <Delay = 6.04> <CoreInst = "FAddSub_fulldsp">   --->   Core 18 'FAddSub_fulldsp' <Latency = 1> <II = 1> <Delay = 6.04> <FuncUnit> <Opcode : 'fadd' 'fsub'> <InPorts = 2> <OutPorts = 1>

State 132 <SV = 131> <Delay = 6.36>
ST_132 : Operation 764 [2/2] (6.36ns)   --->   "%logits_1 = fadd i32 %acc_63, i32 %mul83_62" [/home/simics/HMoE/HLS_HMoE/pseudo_block/run_7/src/pseudo_moe.cpp:154]   --->   Operation 764 'fadd' 'logits_1' <Predicate = true> <Delay = 6.36> <CoreInst = "FAddSub_fulldsp">   --->   Core 18 'FAddSub_fulldsp' <Latency = 1> <II = 1> <Delay = 6.04> <FuncUnit> <Opcode : 'fadd' 'fsub'> <InPorts = 2> <OutPorts = 1>

State 133 <SV = 132> <Delay = 6.40>
ST_133 : Operation 765 [1/1] (0.00ns)   --->   "%specpipeline_ln148 = specpipeline void @_ssdm_op_SpecPipeline, i32 4294967295, i32 0, i32 0, i32 0, void @empty_36" [/home/simics/HMoE/HLS_HMoE/pseudo_block/run_7/src/pseudo_moe.cpp:148]   --->   Operation 765 'specpipeline' 'specpipeline_ln148' <Predicate = true> <Delay = 0.00>
ST_133 : Operation 766 [1/1] (0.00ns)   --->   "%speclooptripcount_ln148 = speclooptripcount void @_ssdm_op_SpecLoopTripCount, i64 4, i64 4, i64 4" [/home/simics/HMoE/HLS_HMoE/pseudo_block/run_7/src/pseudo_moe.cpp:148]   --->   Operation 766 'speclooptripcount' 'speclooptripcount_ln148' <Predicate = true> <Delay = 0.00>
ST_133 : Operation 767 [1/1] (0.00ns)   --->   "%specloopname_ln150 = specloopname void @_ssdm_op_SpecLoopName, void @empty_32" [/home/simics/HMoE/HLS_HMoE/pseudo_block/run_7/src/pseudo_moe.cpp:150]   --->   Operation 767 'specloopname' 'specloopname_ln150' <Predicate = true> <Delay = 0.00>
ST_133 : Operation 768 [1/2] (6.04ns)   --->   "%logits_1 = fadd i32 %acc_63, i32 %mul83_62" [/home/simics/HMoE/HLS_HMoE/pseudo_block/run_7/src/pseudo_moe.cpp:154]   --->   Operation 768 'fadd' 'logits_1' <Predicate = true> <Delay = 6.04> <CoreInst = "FAddSub_fulldsp">   --->   Core 18 'FAddSub_fulldsp' <Latency = 1> <II = 1> <Delay = 6.04> <FuncUnit> <Opcode : 'fadd' 'fsub'> <InPorts = 2> <OutPorts = 1>
ST_133 : Operation 769 [1/1] (0.36ns)   --->   "%store_ln154 = store i32 %logits_1, i32 %logits_2_1" [/home/simics/HMoE/HLS_HMoE/pseudo_block/run_7/src/pseudo_moe.cpp:154]   --->   Operation 769 'store' 'store_ln154' <Predicate = (trunc_ln157 == 2)> <Delay = 0.36>
ST_133 : Operation 770 [1/1] (0.00ns)   --->   "%br_ln157 = br void %VITIS_LOOP_153_9.split8" [/home/simics/HMoE/HLS_HMoE/pseudo_block/run_7/src/pseudo_moe.cpp:157]   --->   Operation 770 'br' 'br_ln157' <Predicate = (trunc_ln157 == 2)> <Delay = 0.00>
ST_133 : Operation 771 [1/1] (0.36ns)   --->   "%store_ln154 = store i32 %logits_1, i32 %logits_1_1" [/home/simics/HMoE/HLS_HMoE/pseudo_block/run_7/src/pseudo_moe.cpp:154]   --->   Operation 771 'store' 'store_ln154' <Predicate = (trunc_ln157 == 1)> <Delay = 0.36>
ST_133 : Operation 772 [1/1] (0.00ns)   --->   "%br_ln157 = br void %VITIS_LOOP_153_9.split8" [/home/simics/HMoE/HLS_HMoE/pseudo_block/run_7/src/pseudo_moe.cpp:157]   --->   Operation 772 'br' 'br_ln157' <Predicate = (trunc_ln157 == 1)> <Delay = 0.00>
ST_133 : Operation 773 [1/1] (0.36ns)   --->   "%store_ln154 = store i32 %logits_1, i32 %logits_0_1" [/home/simics/HMoE/HLS_HMoE/pseudo_block/run_7/src/pseudo_moe.cpp:154]   --->   Operation 773 'store' 'store_ln154' <Predicate = (trunc_ln157 == 0)> <Delay = 0.36>
ST_133 : Operation 774 [1/1] (0.00ns)   --->   "%br_ln157 = br void %VITIS_LOOP_153_9.split8" [/home/simics/HMoE/HLS_HMoE/pseudo_block/run_7/src/pseudo_moe.cpp:157]   --->   Operation 774 'br' 'br_ln157' <Predicate = (trunc_ln157 == 0)> <Delay = 0.00>
ST_133 : Operation 775 [1/1] (0.36ns)   --->   "%store_ln154 = store i32 %logits_1, i32 %logits_3_1" [/home/simics/HMoE/HLS_HMoE/pseudo_block/run_7/src/pseudo_moe.cpp:154]   --->   Operation 775 'store' 'store_ln154' <Predicate = (trunc_ln157 == 3)> <Delay = 0.36>
ST_133 : Operation 776 [1/1] (0.00ns)   --->   "%br_ln157 = br void %VITIS_LOOP_153_9.split8" [/home/simics/HMoE/HLS_HMoE/pseudo_block/run_7/src/pseudo_moe.cpp:157]   --->   Operation 776 'br' 'br_ln157' <Predicate = (trunc_ln157 == 3)> <Delay = 0.00>

State 134 <SV = 133> <Delay = 7.14>
ST_134 : Operation 777 [1/1] (0.00ns)   --->   "%max_logit_load_1 = load i32 %max_logit" [/home/simics/HMoE/HLS_HMoE/pseudo_block/run_7/src/pseudo_moe.cpp:159]   --->   Operation 777 'load' 'max_logit_load_1' <Predicate = true> <Delay = 0.00>
ST_134 : Operation 778 [1/1] (0.00ns)   --->   "%bitcast_ln159 = bitcast i32 %logits_1" [/home/simics/HMoE/HLS_HMoE/pseudo_block/run_7/src/pseudo_moe.cpp:159]   --->   Operation 778 'bitcast' 'bitcast_ln159' <Predicate = true> <Delay = 0.00>
ST_134 : Operation 779 [1/1] (0.00ns)   --->   "%tmp_1 = partselect i8 @_ssdm_op_PartSelect.i8.i32.i32.i32, i32 %bitcast_ln159, i32 23, i32 30" [/home/simics/HMoE/HLS_HMoE/pseudo_block/run_7/src/pseudo_moe.cpp:159]   --->   Operation 779 'partselect' 'tmp_1' <Predicate = true> <Delay = 0.00>
ST_134 : Operation 780 [1/1] (0.00ns)   --->   "%trunc_ln159 = trunc i32 %bitcast_ln159" [/home/simics/HMoE/HLS_HMoE/pseudo_block/run_7/src/pseudo_moe.cpp:159]   --->   Operation 780 'trunc' 'trunc_ln159' <Predicate = true> <Delay = 0.00>
ST_134 : Operation 781 [1/1] (0.00ns)   --->   "%bitcast_ln159_1 = bitcast i32 %max_logit_load_1" [/home/simics/HMoE/HLS_HMoE/pseudo_block/run_7/src/pseudo_moe.cpp:159]   --->   Operation 781 'bitcast' 'bitcast_ln159_1' <Predicate = true> <Delay = 0.00>
ST_134 : Operation 782 [1/1] (0.00ns)   --->   "%tmp_2 = partselect i8 @_ssdm_op_PartSelect.i8.i32.i32.i32, i32 %bitcast_ln159_1, i32 23, i32 30" [/home/simics/HMoE/HLS_HMoE/pseudo_block/run_7/src/pseudo_moe.cpp:159]   --->   Operation 782 'partselect' 'tmp_2' <Predicate = true> <Delay = 0.00>
ST_134 : Operation 783 [1/1] (0.00ns)   --->   "%trunc_ln159_1 = trunc i32 %bitcast_ln159_1" [/home/simics/HMoE/HLS_HMoE/pseudo_block/run_7/src/pseudo_moe.cpp:159]   --->   Operation 783 'trunc' 'trunc_ln159_1' <Predicate = true> <Delay = 0.00>
ST_134 : Operation 784 [1/1] (0.65ns)   --->   "%icmp_ln159 = icmp_ne  i8 %tmp_1, i8 255" [/home/simics/HMoE/HLS_HMoE/pseudo_block/run_7/src/pseudo_moe.cpp:159]   --->   Operation 784 'icmp' 'icmp_ln159' <Predicate = true> <Delay = 0.65> <CoreInst = "Cmp">   --->   Core 9 'Cmp' <Latency = 0> <II = 1> <Delay = 0.65> <FuncUnit> <Opcode : 'icmp'> <InPorts = 2> <OutPorts = 1>
ST_134 : Operation 785 [1/1] (0.75ns)   --->   "%icmp_ln159_1 = icmp_eq  i23 %trunc_ln159, i23 0" [/home/simics/HMoE/HLS_HMoE/pseudo_block/run_7/src/pseudo_moe.cpp:159]   --->   Operation 785 'icmp' 'icmp_ln159_1' <Predicate = true> <Delay = 0.75> <CoreInst = "Cmp">   --->   Core 9 'Cmp' <Latency = 0> <II = 1> <Delay = 0.75> <FuncUnit> <Opcode : 'icmp'> <InPorts = 2> <OutPorts = 1>
ST_134 : Operation 786 [1/1] (0.00ns) (grouped into LUT with out node and_ln159_1)   --->   "%or_ln159 = or i1 %icmp_ln159_1, i1 %icmp_ln159" [/home/simics/HMoE/HLS_HMoE/pseudo_block/run_7/src/pseudo_moe.cpp:159]   --->   Operation 786 'or' 'or_ln159' <Predicate = true> <Delay = 0.00> <CoreInst = "LogicGate">   --->   Core 74 'LogicGate' <Latency = 0> <II = 1> <Delay = 0.11> <FuncUnit> <Opcode : 'and' 'or' 'xor'> <InPorts = 2> <OutPorts = 1>
ST_134 : Operation 787 [1/1] (0.65ns)   --->   "%icmp_ln159_2 = icmp_ne  i8 %tmp_2, i8 255" [/home/simics/HMoE/HLS_HMoE/pseudo_block/run_7/src/pseudo_moe.cpp:159]   --->   Operation 787 'icmp' 'icmp_ln159_2' <Predicate = true> <Delay = 0.65> <CoreInst = "Cmp">   --->   Core 9 'Cmp' <Latency = 0> <II = 1> <Delay = 0.65> <FuncUnit> <Opcode : 'icmp'> <InPorts = 2> <OutPorts = 1>
ST_134 : Operation 788 [1/1] (0.75ns)   --->   "%icmp_ln159_3 = icmp_eq  i23 %trunc_ln159_1, i23 0" [/home/simics/HMoE/HLS_HMoE/pseudo_block/run_7/src/pseudo_moe.cpp:159]   --->   Operation 788 'icmp' 'icmp_ln159_3' <Predicate = true> <Delay = 0.75> <CoreInst = "Cmp">   --->   Core 9 'Cmp' <Latency = 0> <II = 1> <Delay = 0.75> <FuncUnit> <Opcode : 'icmp'> <InPorts = 2> <OutPorts = 1>
ST_134 : Operation 789 [1/1] (0.00ns) (grouped into LUT with out node and_ln159_1)   --->   "%or_ln159_1 = or i1 %icmp_ln159_3, i1 %icmp_ln159_2" [/home/simics/HMoE/HLS_HMoE/pseudo_block/run_7/src/pseudo_moe.cpp:159]   --->   Operation 789 'or' 'or_ln159_1' <Predicate = true> <Delay = 0.00> <CoreInst = "LogicGate">   --->   Core 74 'LogicGate' <Latency = 0> <II = 1> <Delay = 0.11> <FuncUnit> <Opcode : 'and' 'or' 'xor'> <InPorts = 2> <OutPorts = 1>
ST_134 : Operation 790 [1/1] (6.81ns)   --->   "%tmp_3 = fcmp_ogt  i32 %logits_1, i32 %max_logit_load_1" [/home/simics/HMoE/HLS_HMoE/pseudo_block/run_7/src/pseudo_moe.cpp:159]   --->   Operation 790 'fcmp' 'tmp_3' <Predicate = true> <Delay = 6.81> <CoreInst = "FCompare">   --->   Core 19 'FCompare' <Latency = 0> <II = 1> <Delay = 6.81> <FuncUnit> <Opcode : 'fcmp'> <InPorts = 2> <OutPorts = 1>
ST_134 : Operation 791 [1/1] (0.00ns) (grouped into LUT with out node and_ln159_1)   --->   "%and_ln159 = and i1 %tmp_3, i1 %or_ln159" [/home/simics/HMoE/HLS_HMoE/pseudo_block/run_7/src/pseudo_moe.cpp:159]   --->   Operation 791 'and' 'and_ln159' <Predicate = true> <Delay = 0.00> <CoreInst = "LogicGate">   --->   Core 74 'LogicGate' <Latency = 0> <II = 1> <Delay = 0.11> <FuncUnit> <Opcode : 'and' 'or' 'xor'> <InPorts = 2> <OutPorts = 1>
ST_134 : Operation 792 [1/1] (0.11ns) (out node of the LUT)   --->   "%and_ln159_1 = and i1 %and_ln159, i1 %or_ln159_1" [/home/simics/HMoE/HLS_HMoE/pseudo_block/run_7/src/pseudo_moe.cpp:159]   --->   Operation 792 'and' 'and_ln159_1' <Predicate = true> <Delay = 0.11> <CoreInst = "LogicGate">   --->   Core 74 'LogicGate' <Latency = 0> <II = 1> <Delay = 0.11> <FuncUnit> <Opcode : 'and' 'or' 'xor'> <InPorts = 2> <OutPorts = 1>
ST_134 : Operation 793 [1/1] (0.21ns) (out node of the LUT)   --->   "%max_logit_1 = select i1 %and_ln159_1, i32 %logits_1, i32 %max_logit_load_1" [/home/simics/HMoE/HLS_HMoE/pseudo_block/run_7/src/pseudo_moe.cpp:159]   --->   Operation 793 'select' 'max_logit_1' <Predicate = true> <Delay = 0.21> <CoreInst = "Sel">   --->   Core 73 'Sel' <Latency = 0> <II = 1> <Delay = 0.21> <FuncUnit> <Opcode : 'select'> <InPorts = 3> <OutPorts = 1>

State 135 <SV = 134> <Delay = 0.36>
ST_135 : Operation 794 [1/1] (0.36ns)   --->   "%store_ln148 = store i32 %max_logit_1, i32 %max_logit" [/home/simics/HMoE/HLS_HMoE/pseudo_block/run_7/src/pseudo_moe.cpp:148]   --->   Operation 794 'store' 'store_ln148' <Predicate = true> <Delay = 0.36>
ST_135 : Operation 795 [1/1] (0.00ns)   --->   "%br_ln150 = br void %VITIS_LOOP_153_9" [/home/simics/HMoE/HLS_HMoE/pseudo_block/run_7/src/pseudo_moe.cpp:150]   --->   Operation 795 'br' 'br_ln150' <Predicate = true> <Delay = 0.00>


============================================================
+ Verbose Summary: Binding
============================================================
STG Binding: 
---------------- STG Properties BEGIN ----------------
- Is combinational: 0
- Is one-state seq: 0
- Is datapath-only: 0
- Is pipelined: 0
- Is top level: 0
Port [ Return ] is wired: 1; IO mode=ap_ctrl_hs:ce=0
Port [ logits_3_04]:  wired=1; compound=0; hidden=0; nouse=0; global=0; static=0; extern=0; dir=0; type=0; pingpong=0; private_global=0; IO mode=ap_none:ce=0
Port [ logits_2_03]:  wired=1; compound=0; hidden=0; nouse=0; global=0; static=0; extern=0; dir=0; type=0; pingpong=0; private_global=0; IO mode=ap_none:ce=0
Port [ logits_1_02]:  wired=1; compound=0; hidden=0; nouse=0; global=0; static=0; extern=0; dir=0; type=0; pingpong=0; private_global=0; IO mode=ap_none:ce=0
Port [ logits_0_01]:  wired=1; compound=0; hidden=0; nouse=0; global=0; static=0; extern=0; dir=0; type=0; pingpong=0; private_global=0; IO mode=ap_none:ce=0
Port [ gmem2]:  wired=1; compound=1; hidden=0; nouse=0; global=0; static=0; extern=0; dir=0; type=4; pingpong=0; private_global=0; IO mode=m_axi:ce=0
Port [ gmem1]:  wired=1; compound=1; hidden=0; nouse=0; global=0; static=0; extern=0; dir=0; type=4; pingpong=0; private_global=0; IO mode=m_axi:ce=0
Port [ sext_ln150_1]:  wired=1; compound=0; hidden=0; nouse=0; global=0; static=0; extern=0; dir=0; type=0; pingpong=0; private_global=0; IO mode=ap_none:ce=0
Port [ input_local]:  wired=1; compound=1; hidden=0; nouse=0; global=0; static=0; extern=0; dir=0; type=1; pingpong=0; private_global=0; MemPort=[11333333333333333]; IO mode=ap_memory:ce=0
Port [ zext_ln154]:  wired=1; compound=0; hidden=0; nouse=0; global=0; static=0; extern=0; dir=0; type=0; pingpong=0; private_global=0; IO mode=ap_none:ce=0
Port [ sext_ln150]:  wired=1; compound=0; hidden=0; nouse=0; global=0; static=0; extern=0; dir=0; type=0; pingpong=0; private_global=0; IO mode=ap_none:ce=0
Port [ input_local_1]:  wired=1; compound=1; hidden=0; nouse=0; global=0; static=0; extern=0; dir=0; type=1; pingpong=0; private_global=0; MemPort=[11333333333333333]; IO mode=ap_memory:ce=0
Port [ input_local_2]:  wired=1; compound=1; hidden=0; nouse=0; global=0; static=0; extern=0; dir=0; type=1; pingpong=0; private_global=0; MemPort=[11333333333333333]; IO mode=ap_memory:ce=0
Port [ input_local_3]:  wired=1; compound=1; hidden=0; nouse=0; global=0; static=0; extern=0; dir=0; type=1; pingpong=0; private_global=0; MemPort=[11333333333333333]; IO mode=ap_memory:ce=0
Port [ input_local_4]:  wired=1; compound=1; hidden=0; nouse=0; global=0; static=0; extern=0; dir=0; type=1; pingpong=0; private_global=0; MemPort=[11333333333333333]; IO mode=ap_memory:ce=0
Port [ input_local_5]:  wired=1; compound=1; hidden=0; nouse=0; global=0; static=0; extern=0; dir=0; type=1; pingpong=0; private_global=0; MemPort=[11333333333333333]; IO mode=ap_memory:ce=0
Port [ input_local_6]:  wired=1; compound=1; hidden=0; nouse=0; global=0; static=0; extern=0; dir=0; type=1; pingpong=0; private_global=0; MemPort=[11333333333333333]; IO mode=ap_memory:ce=0
Port [ input_local_7]:  wired=1; compound=1; hidden=0; nouse=0; global=0; static=0; extern=0; dir=0; type=1; pingpong=0; private_global=0; MemPort=[11333333333333333]; IO mode=ap_memory:ce=0
Port [ tmp_7]:  wired=1; compound=0; hidden=0; nouse=0; global=0; static=0; extern=0; dir=0; type=0; pingpong=0; private_global=0; IO mode=ap_none:ce=0
Port [ tmp_8]:  wired=1; compound=0; hidden=0; nouse=0; global=0; static=0; extern=0; dir=0; type=0; pingpong=0; private_global=0; IO mode=ap_none:ce=0
Port [ tmp_9]:  wired=1; compound=0; hidden=0; nouse=0; global=0; static=0; extern=0; dir=0; type=0; pingpong=0; private_global=0; IO mode=ap_none:ce=0
Port [ tmp_10]:  wired=1; compound=0; hidden=0; nouse=0; global=0; static=0; extern=0; dir=0; type=0; pingpong=0; private_global=0; IO mode=ap_none:ce=0
Port [ tmp_11]:  wired=1; compound=0; hidden=0; nouse=0; global=0; static=0; extern=0; dir=0; type=0; pingpong=0; private_global=0; IO mode=ap_none:ce=0
Port [ tmp_12]:  wired=1; compound=0; hidden=0; nouse=0; global=0; static=0; extern=0; dir=0; type=0; pingpong=0; private_global=0; IO mode=ap_none:ce=0
Port [ tmp_13]:  wired=1; compound=0; hidden=0; nouse=0; global=0; static=0; extern=0; dir=0; type=0; pingpong=0; private_global=0; IO mode=ap_none:ce=0
Port [ logits_3_1_out]:  wired=1; compound=0; hidden=0; nouse=0; global=0; static=0; extern=0; dir=1; type=0; pingpong=0; private_global=0; IO mode=ap_vld:ce=0
Port [ logits_2_1_out]:  wired=1; compound=0; hidden=0; nouse=0; global=0; static=0; extern=0; dir=1; type=0; pingpong=0; private_global=0; IO mode=ap_vld:ce=0
Port [ logits_1_1_out]:  wired=1; compound=0; hidden=0; nouse=0; global=0; static=0; extern=0; dir=1; type=0; pingpong=0; private_global=0; IO mode=ap_vld:ce=0
Port [ logits_0_1_out]:  wired=1; compound=0; hidden=0; nouse=0; global=0; static=0; extern=0; dir=1; type=0; pingpong=0; private_global=0; IO mode=ap_vld:ce=0
Port [ max_logit_out]:  wired=1; compound=0; hidden=0; nouse=0; global=0; static=0; extern=0; dir=1; type=0; pingpong=0; private_global=0; IO mode=ap_vld:ce=0
---------------- STG Properties END ------------------

---------------- Datapath Model BEGIN ----------------

<LifeTime>
<method=bitvector/>
max_logit               (alloca           ) [ 0111111111111111111111111111111111111111111111111111111111111111111111111111111111111111111111111111111111111111111111111111111111111111]
e                       (alloca           ) [ 0100000000000000000000000000000000000000000000000000000000000000000000000000000000000000000000000000000000000000000000000000000000000000]
logits_0_1              (alloca           ) [ 0111111111111111111111111111111111111111111111111111111111111111111111111111111111111111111111111111111111111111111111111111111111111100]
logits_1_1              (alloca           ) [ 0111111111111111111111111111111111111111111111111111111111111111111111111111111111111111111111111111111111111111111111111111111111111100]
logits_2_1              (alloca           ) [ 0111111111111111111111111111111111111111111111111111111111111111111111111111111111111111111111111111111111111111111111111111111111111100]
logits_3_1              (alloca           ) [ 0111111111111111111111111111111111111111111111111111111111111111111111111111111111111111111111111111111111111111111111111111111111111100]
tmp_13_read             (read             ) [ 0000000000000000000000000000000000000000000000000000000000000000000000000000000000000000000000000000000000000000000000000000000000000000]
tmp_12_read             (read             ) [ 0000000000000000000000000000000000000000000000000000000000000000000000000000000000000000000000000000000000000000000000000000000000000000]
tmp_11_read             (read             ) [ 0000000000000000000000000000000000000000000000000000000000000000000000000000000000000000000000000000000000000000000000000000000000000000]
tmp_10_read             (read             ) [ 0000000000000000000000000000000000000000000000000000000000000000000000000000000000000000000000000000000000000000000000000000000000000000]
tmp_9_read              (read             ) [ 0000000000000000000000000000000000000000000000000000000000000000000000000000000000000000000000000000000000000000000000000000000000000000]
tmp_8_read              (read             ) [ 0000000000000000000000000000000000000000000000000000000000000000000000000000000000000000000000000000000000000000000000000000000000000000]
tmp_7_read              (read             ) [ 0000000000000000000000000000000000000000000000000000000000000000000000000000000000000000000000000000000000000000000000000000000000000000]
sext_ln150_read         (read             ) [ 0000000000000000000000000000000000000000000000000000000000000000000000000000000000000000000000000000000000000000000000000000000000000000]
zext_ln154_read         (read             ) [ 0000000000000000000000000000000000000000000000000000000000000000000000000000000000000000000000000000000000000000000000000000000000000000]
sext_ln150_1_read       (read             ) [ 0000000000000000000000000000000000000000000000000000000000000000000000000000000000000000000000000000000000000000000000000000000000000000]
logits_0_01_read        (read             ) [ 0000000000000000000000000000000000000000000000000000000000000000000000000000000000000000000000000000000000000000000000000000000000000000]
logits_1_02_read        (read             ) [ 0000000000000000000000000000000000000000000000000000000000000000000000000000000000000000000000000000000000000000000000000000000000000000]
logits_2_03_read        (read             ) [ 0000000000000000000000000000000000000000000000000000000000000000000000000000000000000000000000000000000000000000000000000000000000000000]
logits_3_04_read        (read             ) [ 0000000000000000000000000000000000000000000000000000000000000000000000000000000000000000000000000000000000000000000000000000000000000000]
tmp_13_cast             (zext             ) [ 0011100000000000000000000000000000000000000000000000000000000000000000000000000000000000000000000000000000000000000000000000000000000000]
tmp_12_cast             (zext             ) [ 0011100000000000000000000000000000000000000000000000000000000000000000000000000000000000000000000000000000000000000000000000000000000000]
tmp_11_cast             (zext             ) [ 0011000000000000000000000000000000000000000000000000000000000000000000000000000000000000000000000000000000000000000000000000000000000000]
tmp_10_cast             (zext             ) [ 0011000000000000000000000000000000000000000000000000000000000000000000000000000000000000000000000000000000000000000000000000000000000000]
tmp_9_cast              (zext             ) [ 0010000000000000000000000000000000000000000000000000000000000000000000000000000000000000000000000000000000000000000000000000000000000000]
tmp_8_cast              (zext             ) [ 0010000000000000000000000000000000000000000000000000000000000000000000000000000000000000000000000000000000000000000000000000000000000000]
tmp_7_cast              (zext             ) [ 0000000000000000000000000000000000000000000000000000000000000000000000000000000000000000000000000000000000000000000000000000000000000000]
sext_ln150_cast         (sext             ) [ 0010000000000000000000000000000000000000000000000000000000000000000000000000000000000000000000000000000000000000000000000000000000000000]
zext_ln154_cast         (zext             ) [ 0000000000000000000000000000000000000000000000000000000000000000000000000000000000000000000000000000000000000000000000000000000000000000]
sext_ln150_1_cast       (sext             ) [ 0010000000000000000000000000000000000000000000000000000000000000000000000000000000000000000000000000000000000000000000000000000000000000]
specinterface_ln0       (specinterface    ) [ 0000000000000000000000000000000000000000000000000000000000000000000000000000000000000000000000000000000000000000000000000000000000000000]
specinterface_ln0       (specinterface    ) [ 0000000000000000000000000000000000000000000000000000000000000000000000000000000000000000000000000000000000000000000000000000000000000000]
store_ln0               (store            ) [ 0000000000000000000000000000000000000000000000000000000000000000000000000000000000000000000000000000000000000000000000000000000000000000]
store_ln0               (store            ) [ 0000000000000000000000000000000000000000000000000000000000000000000000000000000000000000000000000000000000000000000000000000000000000000]
store_ln0               (store            ) [ 0000000000000000000000000000000000000000000000000000000000000000000000000000000000000000000000000000000000000000000000000000000000000000]
store_ln0               (store            ) [ 0000000000000000000000000000000000000000000000000000000000000000000000000000000000000000000000000000000000000000000000000000000000000000]
store_ln150             (store            ) [ 0000000000000000000000000000000000000000000000000000000000000000000000000000000000000000000000000000000000000000000000000000000000000000]
store_ln148             (store            ) [ 0000000000000000000000000000000000000000000000000000000000000000000000000000000000000000000000000000000000000000000000000000000000000000]
br_ln0                  (br               ) [ 0000000000000000000000000000000000000000000000000000000000000000000000000000000000000000000000000000000000000000000000000000000000000000]
e_2                     (load             ) [ 0000000000000000000000000000000000000000000000000000000000000000000000000000000000000000000000000000000000000000000000000000000000000000]
specbitsmap_ln0         (specbitsmap      ) [ 0000000000000000000000000000000000000000000000000000000000000000000000000000000000000000000000000000000000000000000000000000000000000000]
specbitsmap_ln0         (specbitsmap      ) [ 0000000000000000000000000000000000000000000000000000000000000000000000000000000000000000000000000000000000000000000000000000000000000000]
icmp_ln150              (icmp             ) [ 0111111111111111111111111111111111111111111111111111111111111111111111110000000000000000000000000000000000000000000000000000000000000000]
add_ln150               (add              ) [ 0000000000000000000000000000000000000000000000000000000000000000000000000000000000000000000000000000000000000000000000000000000000000000]
br_ln150                (br               ) [ 0000000000000000000000000000000000000000000000000000000000000000000000000000000000000000000000000000000000000000000000000000000000000000]
input_local_addr        (getelementptr    ) [ 0010000000000000000000000000000000000000000000000000000000000000000000000000000000000000000000000000000000000000000000000000000000000000]
input_local_1_addr      (getelementptr    ) [ 0010000000000000000000000000000000000000000000000000000000000000000000000000000000000000000000000000000000000000000000000000000000000000]
input_local_2_addr      (getelementptr    ) [ 0010000000000000000000000000000000000000000000000000000000000000000000000000000000000000000000000000000000000000000000000000000000000000]
input_local_3_addr      (getelementptr    ) [ 0010000000000000000000000000000000000000000000000000000000000000000000000000000000000000000000000000000000000000000000000000000000000000]
input_local_4_addr      (getelementptr    ) [ 0010000000000000000000000000000000000000000000000000000000000000000000000000000000000000000000000000000000000000000000000000000000000000]
input_local_5_addr      (getelementptr    ) [ 0010000000000000000000000000000000000000000000000000000000000000000000000000000000000000000000000000000000000000000000000000000000000000]
input_local_6_addr      (getelementptr    ) [ 0010000000000000000000000000000000000000000000000000000000000000000000000000000000000000000000000000000000000000000000000000000000000000]
input_local_7_addr      (getelementptr    ) [ 0010000000000000000000000000000000000000000000000000000000000000000000000000000000000000000000000000000000000000000000000000000000000000]
input_local_addr_1      (getelementptr    ) [ 0010000000000000000000000000000000000000000000000000000000000000000000000000000000000000000000000000000000000000000000000000000000000000]
input_local_1_addr_1    (getelementptr    ) [ 0010000000000000000000000000000000000000000000000000000000000000000000000000000000000000000000000000000000000000000000000000000000000000]
input_local_2_addr_1    (getelementptr    ) [ 0010000000000000000000000000000000000000000000000000000000000000000000000000000000000000000000000000000000000000000000000000000000000000]
input_local_3_addr_1    (getelementptr    ) [ 0010000000000000000000000000000000000000000000000000000000000000000000000000000000000000000000000000000000000000000000000000000000000000]
input_local_4_addr_1    (getelementptr    ) [ 0010000000000000000000000000000000000000000000000000000000000000000000000000000000000000000000000000000000000000000000000000000000000000]
input_local_5_addr_1    (getelementptr    ) [ 0010000000000000000000000000000000000000000000000000000000000000000000000000000000000000000000000000000000000000000000000000000000000000]
input_local_6_addr_1    (getelementptr    ) [ 0010000000000000000000000000000000000000000000000000000000000000000000000000000000000000000000000000000000000000000000000000000000000000]
input_local_7_addr_1    (getelementptr    ) [ 0010000000000000000000000000000000000000000000000000000000000000000000000000000000000000000000000000000000000000000000000000000000000000]
trunc_ln157             (trunc            ) [ 0111111111111111111111111111111111111111111111111111111111111111111111111111111111111111111111111111111111111111111111111111111111111100]
switch_ln157            (switch           ) [ 0000000000000000000000000000000000000000000000000000000000000000000000000000000000000000000000000000000000000000000000000000000000000000]
store_ln150             (store            ) [ 0000000000000000000000000000000000000000000000000000000000000000000000000000000000000000000000000000000000000000000000000000000000000000]
gmem2_addr              (getelementptr    ) [ 0000000000000000000000000000000000000000000000000000000000000000000000000000000000000000000000000000000000000000000000000000000000000000]
gmem1_addr              (getelementptr    ) [ 0101111111111111111111111111111111111111111111111111111111111111110000000000000000000000000000000000000000000000000000000000000000000000]
input_local_addr_2      (getelementptr    ) [ 0001000000000000000000000000000000000000000000000000000000000000000000000000000000000000000000000000000000000000000000000000000000000000]
input_local_1_addr_2    (getelementptr    ) [ 0001000000000000000000000000000000000000000000000000000000000000000000000000000000000000000000000000000000000000000000000000000000000000]
input_local_2_addr_2    (getelementptr    ) [ 0001000000000000000000000000000000000000000000000000000000000000000000000000000000000000000000000000000000000000000000000000000000000000]
input_local_3_addr_2    (getelementptr    ) [ 0001000000000000000000000000000000000000000000000000000000000000000000000000000000000000000000000000000000000000000000000000000000000000]
input_local_4_addr_2    (getelementptr    ) [ 0001000000000000000000000000000000000000000000000000000000000000000000000000000000000000000000000000000000000000000000000000000000000000]
input_local_5_addr_2    (getelementptr    ) [ 0001000000000000000000000000000000000000000000000000000000000000000000000000000000000000000000000000000000000000000000000000000000000000]
input_local_6_addr_2    (getelementptr    ) [ 0001000000000000000000000000000000000000000000000000000000000000000000000000000000000000000000000000000000000000000000000000000000000000]
input_local_7_addr_2    (getelementptr    ) [ 0001000000000000000000000000000000000000000000000000000000000000000000000000000000000000000000000000000000000000000000000000000000000000]
input_local_addr_3      (getelementptr    ) [ 0001000000000000000000000000000000000000000000000000000000000000000000000000000000000000000000000000000000000000000000000000000000000000]
input_local_1_addr_3    (getelementptr    ) [ 0001000000000000000000000000000000000000000000000000000000000000000000000000000000000000000000000000000000000000000000000000000000000000]
input_local_2_addr_3    (getelementptr    ) [ 0001000000000000000000000000000000000000000000000000000000000000000000000000000000000000000000000000000000000000000000000000000000000000]
input_local_3_addr_3    (getelementptr    ) [ 0001000000000000000000000000000000000000000000000000000000000000000000000000000000000000000000000000000000000000000000000000000000000000]
input_local_4_addr_3    (getelementptr    ) [ 0001000000000000000000000000000000000000000000000000000000000000000000000000000000000000000000000000000000000000000000000000000000000000]
input_local_5_addr_3    (getelementptr    ) [ 0001000000000000000000000000000000000000000000000000000000000000000000000000000000000000000000000000000000000000000000000000000000000000]
input_local_6_addr_3    (getelementptr    ) [ 0001000000000000000000000000000000000000000000000000000000000000000000000000000000000000000000000000000000000000000000000000000000000000]
input_local_7_addr_3    (getelementptr    ) [ 0001000000000000000000000000000000000000000000000000000000000000000000000000000000000000000000000000000000000000000000000000000000000000]
gmem2_addr_read         (read             ) [ 0001110000000000000000000000000000000000000000000000000000000000000000000000000000000000000000000000000000000000000000000000000000000000]
input_local_load        (load             ) [ 0001100000000000000000000000000000000000000000000000000000000000000000000000000000000000000000000000000000000000000000000000000000000000]
gmem1_addr_read         (read             ) [ 0001000000000000000000000000000000000000000000000000000000000000000000000000000000000000000000000000000000000000000000000000000000000000]
input_local_1_load      (load             ) [ 0001110000000000000000000000000000000000000000000000000000000000000000000000000000000000000000000000000000000000000000000000000000000000]
input_local_2_load      (load             ) [ 0001111000000000000000000000000000000000000000000000000000000000000000000000000000000000000000000000000000000000000000000000000000000000]
input_local_3_load      (load             ) [ 0001111100000000000000000000000000000000000000000000000000000000000000000000000000000000000000000000000000000000000000000000000000000000]
input_local_4_load      (load             ) [ 0001111110000000000000000000000000000000000000000000000000000000000000000000000000000000000000000000000000000000000000000000000000000000]
input_local_5_load      (load             ) [ 0001111111000000000000000000000000000000000000000000000000000000000000000000000000000000000000000000000000000000000000000000000000000000]
input_local_6_load      (load             ) [ 0001111111100000000000000000000000000000000000000000000000000000000000000000000000000000000000000000000000000000000000000000000000000000]
input_local_7_load      (load             ) [ 0001111111110000000000000000000000000000000000000000000000000000000000000000000000000000000000000000000000000000000000000000000000000000]
input_local_load_1      (load             ) [ 0001111111111000000000000000000000000000000000000000000000000000000000000000000000000000000000000000000000000000000000000000000000000000]
input_local_1_load_1    (load             ) [ 0001111111111100000000000000000000000000000000000000000000000000000000000000000000000000000000000000000000000000000000000000000000000000]
input_local_2_load_1    (load             ) [ 0001111111111110000000000000000000000000000000000000000000000000000000000000000000000000000000000000000000000000000000000000000000000000]
input_local_3_load_1    (load             ) [ 0001111111111111000000000000000000000000000000000000000000000000000000000000000000000000000000000000000000000000000000000000000000000000]
input_local_4_load_1    (load             ) [ 0001111111111111100000000000000000000000000000000000000000000000000000000000000000000000000000000000000000000000000000000000000000000000]
input_local_5_load_1    (load             ) [ 0001111111111111110000000000000000000000000000000000000000000000000000000000000000000000000000000000000000000000000000000000000000000000]
input_local_6_load_1    (load             ) [ 0001111111111111111000000000000000000000000000000000000000000000000000000000000000000000000000000000000000000000000000000000000000000000]
input_local_7_load_1    (load             ) [ 0001111111111111111100000000000000000000000000000000000000000000000000000000000000000000000000000000000000000000000000000000000000000000]
input_local_addr_4      (getelementptr    ) [ 0000100000000000000000000000000000000000000000000000000000000000000000000000000000000000000000000000000000000000000000000000000000000000]
input_local_1_addr_4    (getelementptr    ) [ 0000100000000000000000000000000000000000000000000000000000000000000000000000000000000000000000000000000000000000000000000000000000000000]
input_local_2_addr_4    (getelementptr    ) [ 0000100000000000000000000000000000000000000000000000000000000000000000000000000000000000000000000000000000000000000000000000000000000000]
input_local_3_addr_4    (getelementptr    ) [ 0000100000000000000000000000000000000000000000000000000000000000000000000000000000000000000000000000000000000000000000000000000000000000]
input_local_4_addr_4    (getelementptr    ) [ 0000100000000000000000000000000000000000000000000000000000000000000000000000000000000000000000000000000000000000000000000000000000000000]
input_local_5_addr_4    (getelementptr    ) [ 0000100000000000000000000000000000000000000000000000000000000000000000000000000000000000000000000000000000000000000000000000000000000000]
input_local_6_addr_4    (getelementptr    ) [ 0000100000000000000000000000000000000000000000000000000000000000000000000000000000000000000000000000000000000000000000000000000000000000]
input_local_7_addr_4    (getelementptr    ) [ 0000100000000000000000000000000000000000000000000000000000000000000000000000000000000000000000000000000000000000000000000000000000000000]
input_local_addr_5      (getelementptr    ) [ 0000100000000000000000000000000000000000000000000000000000000000000000000000000000000000000000000000000000000000000000000000000000000000]
input_local_1_addr_5    (getelementptr    ) [ 0000100000000000000000000000000000000000000000000000000000000000000000000000000000000000000000000000000000000000000000000000000000000000]
input_local_2_addr_5    (getelementptr    ) [ 0000100000000000000000000000000000000000000000000000000000000000000000000000000000000000000000000000000000000000000000000000000000000000]
input_local_3_addr_5    (getelementptr    ) [ 0000100000000000000000000000000000000000000000000000000000000000000000000000000000000000000000000000000000000000000000000000000000000000]
input_local_4_addr_5    (getelementptr    ) [ 0000100000000000000000000000000000000000000000000000000000000000000000000000000000000000000000000000000000000000000000000000000000000000]
input_local_5_addr_5    (getelementptr    ) [ 0000100000000000000000000000000000000000000000000000000000000000000000000000000000000000000000000000000000000000000000000000000000000000]
input_local_6_addr_5    (getelementptr    ) [ 0000100000000000000000000000000000000000000000000000000000000000000000000000000000000000000000000000000000000000000000000000000000000000]
input_local_7_addr_5    (getelementptr    ) [ 0000100000000000000000000000000000000000000000000000000000000000000000000000000000000000000000000000000000000000000000000000000000000000]
bitcast_ln154           (bitcast          ) [ 0000100000000000000000000000000000000000000000000000000000000000000000000000000000000000000000000000000000000000000000000000000000000000]
gmem1_addr_read_1       (read             ) [ 0000100000000000000000000000000000000000000000000000000000000000000000000000000000000000000000000000000000000000000000000000000000000000]
input_local_load_2      (load             ) [ 0000111111111111111110000000000000000000000000000000000000000000000000000000000000000000000000000000000000000000000000000000000000000000]
input_local_1_load_2    (load             ) [ 0000111111111111111111000000000000000000000000000000000000000000000000000000000000000000000000000000000000000000000000000000000000000000]
input_local_2_load_2    (load             ) [ 0000111111111111111111100000000000000000000000000000000000000000000000000000000000000000000000000000000000000000000000000000000000000000]
input_local_3_load_2    (load             ) [ 0000111111111111111111110000000000000000000000000000000000000000000000000000000000000000000000000000000000000000000000000000000000000000]
input_local_4_load_2    (load             ) [ 0000111111111111111111111000000000000000000000000000000000000000000000000000000000000000000000000000000000000000000000000000000000000000]
input_local_5_load_2    (load             ) [ 0000111111111111111111111100000000000000000000000000000000000000000000000000000000000000000000000000000000000000000000000000000000000000]
input_local_6_load_2    (load             ) [ 0000111111111111111111111110000000000000000000000000000000000000000000000000000000000000000000000000000000000000000000000000000000000000]
input_local_7_load_2    (load             ) [ 0000111111111111111111111111000000000000000000000000000000000000000000000000000000000000000000000000000000000000000000000000000000000000]
input_local_load_3      (load             ) [ 0000111111111111111111111111100000000000000000000000000000000000000000000000000000000000000000000000000000000000000000000000000000000000]
input_local_1_load_3    (load             ) [ 0000111111111111111111111111110000000000000000000000000000000000000000000000000000000000000000000000000000000000000000000000000000000000]
input_local_2_load_3    (load             ) [ 0000111111111111111111111111111000000000000000000000000000000000000000000000000000000000000000000000000000000000000000000000000000000000]
input_local_3_load_3    (load             ) [ 0000111111111111111111111111111100000000000000000000000000000000000000000000000000000000000000000000000000000000000000000000000000000000]
input_local_4_load_3    (load             ) [ 0000111111111111111111111111111110000000000000000000000000000000000000000000000000000000000000000000000000000000000000000000000000000000]
input_local_5_load_3    (load             ) [ 0000111111111111111111111111111111000000000000000000000000000000000000000000000000000000000000000000000000000000000000000000000000000000]
input_local_6_load_3    (load             ) [ 0000111111111111111111111111111111100000000000000000000000000000000000000000000000000000000000000000000000000000000000000000000000000000]
input_local_7_load_3    (load             ) [ 0000111111111111111111111111111111110000000000000000000000000000000000000000000000000000000000000000000000000000000000000000000000000000]
input_local_addr_6      (getelementptr    ) [ 0000010000000000000000000000000000000000000000000000000000000000000000000000000000000000000000000000000000000000000000000000000000000000]
input_local_1_addr_6    (getelementptr    ) [ 0000010000000000000000000000000000000000000000000000000000000000000000000000000000000000000000000000000000000000000000000000000000000000]
input_local_2_addr_6    (getelementptr    ) [ 0000010000000000000000000000000000000000000000000000000000000000000000000000000000000000000000000000000000000000000000000000000000000000]
input_local_3_addr_6    (getelementptr    ) [ 0000010000000000000000000000000000000000000000000000000000000000000000000000000000000000000000000000000000000000000000000000000000000000]
input_local_4_addr_6    (getelementptr    ) [ 0000010000000000000000000000000000000000000000000000000000000000000000000000000000000000000000000000000000000000000000000000000000000000]
input_local_5_addr_6    (getelementptr    ) [ 0000010000000000000000000000000000000000000000000000000000000000000000000000000000000000000000000000000000000000000000000000000000000000]
input_local_6_addr_6    (getelementptr    ) [ 0000010000000000000000000000000000000000000000000000000000000000000000000000000000000000000000000000000000000000000000000000000000000000]
input_local_7_addr_6    (getelementptr    ) [ 0000010000000000000000000000000000000000000000000000000000000000000000000000000000000000000000000000000000000000000000000000000000000000]
input_local_addr_7      (getelementptr    ) [ 0000010000000000000000000000000000000000000000000000000000000000000000000000000000000000000000000000000000000000000000000000000000000000]
input_local_1_addr_7    (getelementptr    ) [ 0000010000000000000000000000000000000000000000000000000000000000000000000000000000000000000000000000000000000000000000000000000000000000]
input_local_2_addr_7    (getelementptr    ) [ 0000010000000000000000000000000000000000000000000000000000000000000000000000000000000000000000000000000000000000000000000000000000000000]
input_local_3_addr_7    (getelementptr    ) [ 0000010000000000000000000000000000000000000000000000000000000000000000000000000000000000000000000000000000000000000000000000000000000000]
input_local_4_addr_7    (getelementptr    ) [ 0000010000000000000000000000000000000000000000000000000000000000000000000000000000000000000000000000000000000000000000000000000000000000]
input_local_5_addr_7    (getelementptr    ) [ 0000010000000000000000000000000000000000000000000000000000000000000000000000000000000000000000000000000000000000000000000000000000000000]
input_local_6_addr_7    (getelementptr    ) [ 0000010000000000000000000000000000000000000000000000000000000000000000000000000000000000000000000000000000000000000000000000000000000000]
input_local_7_addr_7    (getelementptr    ) [ 0000010000000000000000000000000000000000000000000000000000000000000000000000000000000000000000000000000000000000000000000000000000000000]
mul                     (fmul             ) [ 0000011000000000000000000000000000000000000000000000000000000000000000000000000000000000000000000000000000000000000000000000000000000000]
bitcast_ln154_1         (bitcast          ) [ 0000010000000000000000000000000000000000000000000000000000000000000000000000000000000000000000000000000000000000000000000000000000000000]
gmem1_addr_read_2       (read             ) [ 0000010000000000000000000000000000000000000000000000000000000000000000000000000000000000000000000000000000000000000000000000000000000000]
input_local_load_4      (load             ) [ 0000011111111111111111111111111111111000000000000000000000000000000000000000000000000000000000000000000000000000000000000000000000000000]
input_local_1_load_4    (load             ) [ 0000011111111111111111111111111111111100000000000000000000000000000000000000000000000000000000000000000000000000000000000000000000000000]
input_local_2_load_4    (load             ) [ 0000011111111111111111111111111111111110000000000000000000000000000000000000000000000000000000000000000000000000000000000000000000000000]
input_local_3_load_4    (load             ) [ 0000011111111111111111111111111111111111000000000000000000000000000000000000000000000000000000000000000000000000000000000000000000000000]
input_local_4_load_4    (load             ) [ 0000011111111111111111111111111111111111100000000000000000000000000000000000000000000000000000000000000000000000000000000000000000000000]
input_local_5_load_4    (load             ) [ 0000011111111111111111111111111111111111110000000000000000000000000000000000000000000000000000000000000000000000000000000000000000000000]
input_local_6_load_4    (load             ) [ 0000011111111111111111111111111111111111111000000000000000000000000000000000000000000000000000000000000000000000000000000000000000000000]
input_local_7_load_4    (load             ) [ 0000011111111111111111111111111111111111111100000000000000000000000000000000000000000000000000000000000000000000000000000000000000000000]
input_local_load_5      (load             ) [ 0000011111111111111111111111111111111111111110000000000000000000000000000000000000000000000000000000000000000000000000000000000000000000]
input_local_1_load_5    (load             ) [ 0000011111111111111111111111111111111111111111000000000000000000000000000000000000000000000000000000000000000000000000000000000000000000]
input_local_2_load_5    (load             ) [ 0000011111111111111111111111111111111111111111100000000000000000000000000000000000000000000000000000000000000000000000000000000000000000]
input_local_3_load_5    (load             ) [ 0000011111111111111111111111111111111111111111110000000000000000000000000000000000000000000000000000000000000000000000000000000000000000]
input_local_4_load_5    (load             ) [ 0000011111111111111111111111111111111111111111111000000000000000000000000000000000000000000000000000000000000000000000000000000000000000]
input_local_5_load_5    (load             ) [ 0000011111111111111111111111111111111111111111111100000000000000000000000000000000000000000000000000000000000000000000000000000000000000]
input_local_6_load_5    (load             ) [ 0000011111111111111111111111111111111111111111111110000000000000000000000000000000000000000000000000000000000000000000000000000000000000]
input_local_7_load_5    (load             ) [ 0000011111111111111111111111111111111111111111111111000000000000000000000000000000000000000000000000000000000000000000000000000000000000]
acc                     (bitcast          ) [ 0000001000000000000000000000000000000000000000000000000000000000000000000000000000000000000000000000000000000000000000000000000000000000]
mul83_1                 (fmul             ) [ 0000001110000000000000000000000000000000000000000000000000000000000000000000000000000000000000000000000000000000000000000000000000000000]
bitcast_ln154_2         (bitcast          ) [ 0000001000000000000000000000000000000000000000000000000000000000000000000000000000000000000000000000000000000000000000000000000000000000]
gmem1_addr_read_3       (read             ) [ 0000001000000000000000000000000000000000000000000000000000000000000000000000000000000000000000000000000000000000000000000000000000000000]
input_local_load_6      (load             ) [ 0000001111111111111111111111111111111111111111111111100000000000000000000000000000000000000000000000000000000000000000000000000000000000]
input_local_1_load_6    (load             ) [ 0000001111111111111111111111111111111111111111111111110000000000000000000000000000000000000000000000000000000000000000000000000000000000]
input_local_2_load_6    (load             ) [ 0000001111111111111111111111111111111111111111111111111000000000000000000000000000000000000000000000000000000000000000000000000000000000]
input_local_3_load_6    (load             ) [ 0000001111111111111111111111111111111111111111111111111100000000000000000000000000000000000000000000000000000000000000000000000000000000]
input_local_4_load_6    (load             ) [ 0000001111111111111111111111111111111111111111111111111110000000000000000000000000000000000000000000000000000000000000000000000000000000]
input_local_5_load_6    (load             ) [ 0000001111111111111111111111111111111111111111111111111111000000000000000000000000000000000000000000000000000000000000000000000000000000]
input_local_6_load_6    (load             ) [ 0000001111111111111111111111111111111111111111111111111111100000000000000000000000000000000000000000000000000000000000000000000000000000]
input_local_7_load_6    (load             ) [ 0000001111111111111111111111111111111111111111111111111111110000000000000000000000000000000000000000000000000000000000000000000000000000]
input_local_load_7      (load             ) [ 0000001111111111111111111111111111111111111111111111111111111000000000000000000000000000000000000000000000000000000000000000000000000000]
input_local_1_load_7    (load             ) [ 0000001111111111111111111111111111111111111111111111111111111100000000000000000000000000000000000000000000000000000000000000000000000000]
input_local_2_load_7    (load             ) [ 0000001111111111111111111111111111111111111111111111111111111110000000000000000000000000000000000000000000000000000000000000000000000000]
input_local_3_load_7    (load             ) [ 0000001111111111111111111111111111111111111111111111111111111111000000000000000000000000000000000000000000000000000000000000000000000000]
input_local_4_load_7    (load             ) [ 0000001111111111111111111111111111111111111111111111111111111111100000000000000000000000000000000000000000000000000000000000000000000000]
input_local_5_load_7    (load             ) [ 0100001111111111111111111111111111111111111111111111111111111111110000000000000000000000000000000000000000000000000000000000000000000000]
input_local_6_load_7    (load             ) [ 0110001111111111111111111111111111111111111111111111111111111111111000000000000000000000000000000000000000000000000000000000000000000000]
input_local_7_load_7    (load             ) [ 0111001111111111111111111111111111111111111111111111111111111111111100000000000000000000000000000000000000000000000000000000000000000000]
acc_1                   (fadd             ) [ 0000000110000000000000000000000000000000000000000000000000000000000000000000000000000000000000000000000000000000000000000000000000000000]
mul83_2                 (fmul             ) [ 0000000111100000000000000000000000000000000000000000000000000000000000000000000000000000000000000000000000000000000000000000000000000000]
bitcast_ln154_3         (bitcast          ) [ 0000000100000000000000000000000000000000000000000000000000000000000000000000000000000000000000000000000000000000000000000000000000000000]
gmem1_addr_read_4       (read             ) [ 0000000100000000000000000000000000000000000000000000000000000000000000000000000000000000000000000000000000000000000000000000000000000000]
mul83_3                 (fmul             ) [ 0000000011111000000000000000000000000000000000000000000000000000000000000000000000000000000000000000000000000000000000000000000000000000]
bitcast_ln154_4         (bitcast          ) [ 0000000010000000000000000000000000000000000000000000000000000000000000000000000000000000000000000000000000000000000000000000000000000000]
gmem1_addr_read_5       (read             ) [ 0000000010000000000000000000000000000000000000000000000000000000000000000000000000000000000000000000000000000000000000000000000000000000]
acc_2                   (fadd             ) [ 0000000001100000000000000000000000000000000000000000000000000000000000000000000000000000000000000000000000000000000000000000000000000000]
mul83_4                 (fmul             ) [ 0000000001111110000000000000000000000000000000000000000000000000000000000000000000000000000000000000000000000000000000000000000000000000]
bitcast_ln154_5         (bitcast          ) [ 0000000001000000000000000000000000000000000000000000000000000000000000000000000000000000000000000000000000000000000000000000000000000000]
gmem1_addr_read_6       (read             ) [ 0000000001000000000000000000000000000000000000000000000000000000000000000000000000000000000000000000000000000000000000000000000000000000]
mul83_5                 (fmul             ) [ 0000000000111111100000000000000000000000000000000000000000000000000000000000000000000000000000000000000000000000000000000000000000000000]
bitcast_ln154_6         (bitcast          ) [ 0000000000100000000000000000000000000000000000000000000000000000000000000000000000000000000000000000000000000000000000000000000000000000]
gmem1_addr_read_7       (read             ) [ 0000000000100000000000000000000000000000000000000000000000000000000000000000000000000000000000000000000000000000000000000000000000000000]
acc_3                   (fadd             ) [ 0000000000011000000000000000000000000000000000000000000000000000000000000000000000000000000000000000000000000000000000000000000000000000]
mul83_6                 (fmul             ) [ 0000000000011111111000000000000000000000000000000000000000000000000000000000000000000000000000000000000000000000000000000000000000000000]
bitcast_ln154_7         (bitcast          ) [ 0000000000010000000000000000000000000000000000000000000000000000000000000000000000000000000000000000000000000000000000000000000000000000]
gmem1_addr_read_8       (read             ) [ 0000000000010000000000000000000000000000000000000000000000000000000000000000000000000000000000000000000000000000000000000000000000000000]
mul83_7                 (fmul             ) [ 0000000000001111111110000000000000000000000000000000000000000000000000000000000000000000000000000000000000000000000000000000000000000000]
bitcast_ln154_8         (bitcast          ) [ 0000000000001000000000000000000000000000000000000000000000000000000000000000000000000000000000000000000000000000000000000000000000000000]
gmem1_addr_read_9       (read             ) [ 0000000000001000000000000000000000000000000000000000000000000000000000000000000000000000000000000000000000000000000000000000000000000000]
acc_4                   (fadd             ) [ 0000000000000110000000000000000000000000000000000000000000000000000000000000000000000000000000000000000000000000000000000000000000000000]
mul83_8                 (fmul             ) [ 0000000000000111111111100000000000000000000000000000000000000000000000000000000000000000000000000000000000000000000000000000000000000000]
bitcast_ln154_9         (bitcast          ) [ 0000000000000100000000000000000000000000000000000000000000000000000000000000000000000000000000000000000000000000000000000000000000000000]
gmem1_addr_read_10      (read             ) [ 0000000000000100000000000000000000000000000000000000000000000000000000000000000000000000000000000000000000000000000000000000000000000000]
mul83_9                 (fmul             ) [ 0000000000000011111111111000000000000000000000000000000000000000000000000000000000000000000000000000000000000000000000000000000000000000]
bitcast_ln154_10        (bitcast          ) [ 0000000000000010000000000000000000000000000000000000000000000000000000000000000000000000000000000000000000000000000000000000000000000000]
gmem1_addr_read_11      (read             ) [ 0000000000000010000000000000000000000000000000000000000000000000000000000000000000000000000000000000000000000000000000000000000000000000]
acc_5                   (fadd             ) [ 0000000000000001100000000000000000000000000000000000000000000000000000000000000000000000000000000000000000000000000000000000000000000000]
mul83_s                 (fmul             ) [ 0000000000000001111111111110000000000000000000000000000000000000000000000000000000000000000000000000000000000000000000000000000000000000]
bitcast_ln154_11        (bitcast          ) [ 0000000000000001000000000000000000000000000000000000000000000000000000000000000000000000000000000000000000000000000000000000000000000000]
gmem1_addr_read_12      (read             ) [ 0000000000000001000000000000000000000000000000000000000000000000000000000000000000000000000000000000000000000000000000000000000000000000]
mul83_10                (fmul             ) [ 0000000000000000111111111111100000000000000000000000000000000000000000000000000000000000000000000000000000000000000000000000000000000000]
bitcast_ln154_12        (bitcast          ) [ 0000000000000000100000000000000000000000000000000000000000000000000000000000000000000000000000000000000000000000000000000000000000000000]
gmem1_addr_read_13      (read             ) [ 0000000000000000100000000000000000000000000000000000000000000000000000000000000000000000000000000000000000000000000000000000000000000000]
acc_6                   (fadd             ) [ 0000000000000000011000000000000000000000000000000000000000000000000000000000000000000000000000000000000000000000000000000000000000000000]
mul83_11                (fmul             ) [ 0000000000000000011111111111111000000000000000000000000000000000000000000000000000000000000000000000000000000000000000000000000000000000]
bitcast_ln154_13        (bitcast          ) [ 0000000000000000010000000000000000000000000000000000000000000000000000000000000000000000000000000000000000000000000000000000000000000000]
gmem1_addr_read_14      (read             ) [ 0000000000000000010000000000000000000000000000000000000000000000000000000000000000000000000000000000000000000000000000000000000000000000]
mul83_12                (fmul             ) [ 0000000000000000001111111111111110000000000000000000000000000000000000000000000000000000000000000000000000000000000000000000000000000000]
bitcast_ln154_14        (bitcast          ) [ 0000000000000000001000000000000000000000000000000000000000000000000000000000000000000000000000000000000000000000000000000000000000000000]
gmem1_addr_read_15      (read             ) [ 0000000000000000001000000000000000000000000000000000000000000000000000000000000000000000000000000000000000000000000000000000000000000000]
acc_7                   (fadd             ) [ 0000000000000000000110000000000000000000000000000000000000000000000000000000000000000000000000000000000000000000000000000000000000000000]
mul83_13                (fmul             ) [ 0000000000000000000111111111111111100000000000000000000000000000000000000000000000000000000000000000000000000000000000000000000000000000]
bitcast_ln154_15        (bitcast          ) [ 0000000000000000000100000000000000000000000000000000000000000000000000000000000000000000000000000000000000000000000000000000000000000000]
gmem1_addr_read_16      (read             ) [ 0000000000000000000100000000000000000000000000000000000000000000000000000000000000000000000000000000000000000000000000000000000000000000]
mul83_14                (fmul             ) [ 0000000000000000000011111111111111111000000000000000000000000000000000000000000000000000000000000000000000000000000000000000000000000000]
bitcast_ln154_16        (bitcast          ) [ 0000000000000000000010000000000000000000000000000000000000000000000000000000000000000000000000000000000000000000000000000000000000000000]
gmem1_addr_read_17      (read             ) [ 0000000000000000000010000000000000000000000000000000000000000000000000000000000000000000000000000000000000000000000000000000000000000000]
acc_8                   (fadd             ) [ 0000000000000000000001100000000000000000000000000000000000000000000000000000000000000000000000000000000000000000000000000000000000000000]
mul83_15                (fmul             ) [ 0000000000000000000001111111111111111110000000000000000000000000000000000000000000000000000000000000000000000000000000000000000000000000]
bitcast_ln154_17        (bitcast          ) [ 0000000000000000000001000000000000000000000000000000000000000000000000000000000000000000000000000000000000000000000000000000000000000000]
gmem1_addr_read_18      (read             ) [ 0000000000000000000001000000000000000000000000000000000000000000000000000000000000000000000000000000000000000000000000000000000000000000]
mul83_16                (fmul             ) [ 0000000000000000000000111111111111111111100000000000000000000000000000000000000000000000000000000000000000000000000000000000000000000000]
bitcast_ln154_18        (bitcast          ) [ 0000000000000000000000100000000000000000000000000000000000000000000000000000000000000000000000000000000000000000000000000000000000000000]
gmem1_addr_read_19      (read             ) [ 0000000000000000000000100000000000000000000000000000000000000000000000000000000000000000000000000000000000000000000000000000000000000000]
acc_9                   (fadd             ) [ 0000000000000000000000011000000000000000000000000000000000000000000000000000000000000000000000000000000000000000000000000000000000000000]
mul83_17                (fmul             ) [ 0000000000000000000000011111111111111111111000000000000000000000000000000000000000000000000000000000000000000000000000000000000000000000]
bitcast_ln154_19        (bitcast          ) [ 0000000000000000000000010000000000000000000000000000000000000000000000000000000000000000000000000000000000000000000000000000000000000000]
gmem1_addr_read_20      (read             ) [ 0000000000000000000000010000000000000000000000000000000000000000000000000000000000000000000000000000000000000000000000000000000000000000]
mul83_18                (fmul             ) [ 0000000000000000000000001111111111111111111110000000000000000000000000000000000000000000000000000000000000000000000000000000000000000000]
bitcast_ln154_20        (bitcast          ) [ 0000000000000000000000001000000000000000000000000000000000000000000000000000000000000000000000000000000000000000000000000000000000000000]
gmem1_addr_read_21      (read             ) [ 0000000000000000000000001000000000000000000000000000000000000000000000000000000000000000000000000000000000000000000000000000000000000000]
acc_10                  (fadd             ) [ 0000000000000000000000000110000000000000000000000000000000000000000000000000000000000000000000000000000000000000000000000000000000000000]
mul83_19                (fmul             ) [ 0000000000000000000000000111111111111111111111100000000000000000000000000000000000000000000000000000000000000000000000000000000000000000]
bitcast_ln154_21        (bitcast          ) [ 0000000000000000000000000100000000000000000000000000000000000000000000000000000000000000000000000000000000000000000000000000000000000000]
gmem1_addr_read_22      (read             ) [ 0000000000000000000000000100000000000000000000000000000000000000000000000000000000000000000000000000000000000000000000000000000000000000]
mul83_20                (fmul             ) [ 0000000000000000000000000011111111111111111111111000000000000000000000000000000000000000000000000000000000000000000000000000000000000000]
bitcast_ln154_22        (bitcast          ) [ 0000000000000000000000000010000000000000000000000000000000000000000000000000000000000000000000000000000000000000000000000000000000000000]
gmem1_addr_read_23      (read             ) [ 0000000000000000000000000010000000000000000000000000000000000000000000000000000000000000000000000000000000000000000000000000000000000000]
acc_11                  (fadd             ) [ 0000000000000000000000000001100000000000000000000000000000000000000000000000000000000000000000000000000000000000000000000000000000000000]
mul83_21                (fmul             ) [ 0000000000000000000000000001111111111111111111111110000000000000000000000000000000000000000000000000000000000000000000000000000000000000]
bitcast_ln154_23        (bitcast          ) [ 0000000000000000000000000001000000000000000000000000000000000000000000000000000000000000000000000000000000000000000000000000000000000000]
gmem1_addr_read_24      (read             ) [ 0000000000000000000000000001000000000000000000000000000000000000000000000000000000000000000000000000000000000000000000000000000000000000]
mul83_22                (fmul             ) [ 0000000000000000000000000000111111111111111111111111100000000000000000000000000000000000000000000000000000000000000000000000000000000000]
bitcast_ln154_24        (bitcast          ) [ 0000000000000000000000000000100000000000000000000000000000000000000000000000000000000000000000000000000000000000000000000000000000000000]
gmem1_addr_read_25      (read             ) [ 0000000000000000000000000000100000000000000000000000000000000000000000000000000000000000000000000000000000000000000000000000000000000000]
acc_12                  (fadd             ) [ 0000000000000000000000000000011000000000000000000000000000000000000000000000000000000000000000000000000000000000000000000000000000000000]
mul83_23                (fmul             ) [ 0000000000000000000000000000011111111111111111111111111000000000000000000000000000000000000000000000000000000000000000000000000000000000]
bitcast_ln154_25        (bitcast          ) [ 0000000000000000000000000000010000000000000000000000000000000000000000000000000000000000000000000000000000000000000000000000000000000000]
gmem1_addr_read_26      (read             ) [ 0000000000000000000000000000010000000000000000000000000000000000000000000000000000000000000000000000000000000000000000000000000000000000]
mul83_24                (fmul             ) [ 0000000000000000000000000000001111111111111111111111111110000000000000000000000000000000000000000000000000000000000000000000000000000000]
bitcast_ln154_26        (bitcast          ) [ 0000000000000000000000000000001000000000000000000000000000000000000000000000000000000000000000000000000000000000000000000000000000000000]
gmem1_addr_read_27      (read             ) [ 0000000000000000000000000000001000000000000000000000000000000000000000000000000000000000000000000000000000000000000000000000000000000000]
acc_13                  (fadd             ) [ 0000000000000000000000000000000110000000000000000000000000000000000000000000000000000000000000000000000000000000000000000000000000000000]
mul83_25                (fmul             ) [ 0000000000000000000000000000000111111111111111111111111111100000000000000000000000000000000000000000000000000000000000000000000000000000]
bitcast_ln154_27        (bitcast          ) [ 0000000000000000000000000000000100000000000000000000000000000000000000000000000000000000000000000000000000000000000000000000000000000000]
gmem1_addr_read_28      (read             ) [ 0000000000000000000000000000000100000000000000000000000000000000000000000000000000000000000000000000000000000000000000000000000000000000]
mul83_26                (fmul             ) [ 0000000000000000000000000000000011111111111111111111111111111000000000000000000000000000000000000000000000000000000000000000000000000000]
bitcast_ln154_28        (bitcast          ) [ 0000000000000000000000000000000010000000000000000000000000000000000000000000000000000000000000000000000000000000000000000000000000000000]
gmem1_addr_read_29      (read             ) [ 0000000000000000000000000000000010000000000000000000000000000000000000000000000000000000000000000000000000000000000000000000000000000000]
acc_14                  (fadd             ) [ 0000000000000000000000000000000001100000000000000000000000000000000000000000000000000000000000000000000000000000000000000000000000000000]
mul83_27                (fmul             ) [ 0000000000000000000000000000000001111111111111111111111111111110000000000000000000000000000000000000000000000000000000000000000000000000]
bitcast_ln154_29        (bitcast          ) [ 0000000000000000000000000000000001000000000000000000000000000000000000000000000000000000000000000000000000000000000000000000000000000000]
gmem1_addr_read_30      (read             ) [ 0000000000000000000000000000000001000000000000000000000000000000000000000000000000000000000000000000000000000000000000000000000000000000]
mul83_28                (fmul             ) [ 0000000000000000000000000000000000111111111111111111111111111111100000000000000000000000000000000000000000000000000000000000000000000000]
bitcast_ln154_30        (bitcast          ) [ 0000000000000000000000000000000000100000000000000000000000000000000000000000000000000000000000000000000000000000000000000000000000000000]
gmem1_addr_read_31      (read             ) [ 0000000000000000000000000000000000100000000000000000000000000000000000000000000000000000000000000000000000000000000000000000000000000000]
acc_15                  (fadd             ) [ 0000000000000000000000000000000000011000000000000000000000000000000000000000000000000000000000000000000000000000000000000000000000000000]
mul83_29                (fmul             ) [ 0110000000000000000000000000000000011111111111111111111111111111111000000000000000000000000000000000000000000000000000000000000000000000]
bitcast_ln154_31        (bitcast          ) [ 0000000000000000000000000000000000010000000000000000000000000000000000000000000000000000000000000000000000000000000000000000000000000000]
gmem1_addr_read_32      (read             ) [ 0000000000000000000000000000000000010000000000000000000000000000000000000000000000000000000000000000000000000000000000000000000000000000]
mul83_30                (fmul             ) [ 0111100000000000000000000000000000001111111111111111111111111111111110000000000000000000000000000000000000000000000000000000000000000000]
bitcast_ln154_32        (bitcast          ) [ 0000000000000000000000000000000000001000000000000000000000000000000000000000000000000000000000000000000000000000000000000000000000000000]
gmem1_addr_read_33      (read             ) [ 0000000000000000000000000000000000001000000000000000000000000000000000000000000000000000000000000000000000000000000000000000000000000000]
acc_16                  (fadd             ) [ 0000000000000000000000000000000000000110000000000000000000000000000000000000000000000000000000000000000000000000000000000000000000000000]
mul83_31                (fmul             ) [ 0111111100000000000000000000000000000111111111111111111111111111111111110000000000000000000000000000000000000000000000000000000000000000]
bitcast_ln154_33        (bitcast          ) [ 0000000000000000000000000000000000000100000000000000000000000000000000000000000000000000000000000000000000000000000000000000000000000000]
gmem1_addr_read_34      (read             ) [ 0000000000000000000000000000000000000100000000000000000000000000000000000000000000000000000000000000000000000000000000000000000000000000]
mul83_32                (fmul             ) [ 0111111111000000000000000000000000000011111111111111111111111111111111111100000000000000000000000000000000000000000000000000000000000000]
bitcast_ln154_34        (bitcast          ) [ 0000000000000000000000000000000000000010000000000000000000000000000000000000000000000000000000000000000000000000000000000000000000000000]
gmem1_addr_read_35      (read             ) [ 0000000000000000000000000000000000000010000000000000000000000000000000000000000000000000000000000000000000000000000000000000000000000000]
acc_17                  (fadd             ) [ 0000000000000000000000000000000000000001100000000000000000000000000000000000000000000000000000000000000000000000000000000000000000000000]
mul83_33                (fmul             ) [ 0111111111110000000000000000000000000001111111111111111111111111111111111111000000000000000000000000000000000000000000000000000000000000]
bitcast_ln154_35        (bitcast          ) [ 0000000000000000000000000000000000000001000000000000000000000000000000000000000000000000000000000000000000000000000000000000000000000000]
gmem1_addr_read_36      (read             ) [ 0000000000000000000000000000000000000001000000000000000000000000000000000000000000000000000000000000000000000000000000000000000000000000]
mul83_34                (fmul             ) [ 0111111111111100000000000000000000000000111111111111111111111111111111111111110000000000000000000000000000000000000000000000000000000000]
bitcast_ln154_36        (bitcast          ) [ 0000000000000000000000000000000000000000100000000000000000000000000000000000000000000000000000000000000000000000000000000000000000000000]
gmem1_addr_read_37      (read             ) [ 0000000000000000000000000000000000000000100000000000000000000000000000000000000000000000000000000000000000000000000000000000000000000000]
acc_18                  (fadd             ) [ 0000000000000000000000000000000000000000011000000000000000000000000000000000000000000000000000000000000000000000000000000000000000000000]
mul83_35                (fmul             ) [ 0111111111111111000000000000000000000000011111111111111111111111111111111111111100000000000000000000000000000000000000000000000000000000]
bitcast_ln154_37        (bitcast          ) [ 0000000000000000000000000000000000000000010000000000000000000000000000000000000000000000000000000000000000000000000000000000000000000000]
gmem1_addr_read_38      (read             ) [ 0000000000000000000000000000000000000000010000000000000000000000000000000000000000000000000000000000000000000000000000000000000000000000]
mul83_36                (fmul             ) [ 0111111111111111110000000000000000000000001111111111111111111111111111111111111111000000000000000000000000000000000000000000000000000000]
bitcast_ln154_38        (bitcast          ) [ 0000000000000000000000000000000000000000001000000000000000000000000000000000000000000000000000000000000000000000000000000000000000000000]
gmem1_addr_read_39      (read             ) [ 0000000000000000000000000000000000000000001000000000000000000000000000000000000000000000000000000000000000000000000000000000000000000000]
acc_19                  (fadd             ) [ 0000000000000000000000000000000000000000000110000000000000000000000000000000000000000000000000000000000000000000000000000000000000000000]
mul83_37                (fmul             ) [ 0111111111111111111100000000000000000000000111111111111111111111111111111111111111110000000000000000000000000000000000000000000000000000]
bitcast_ln154_39        (bitcast          ) [ 0000000000000000000000000000000000000000000100000000000000000000000000000000000000000000000000000000000000000000000000000000000000000000]
gmem1_addr_read_40      (read             ) [ 0000000000000000000000000000000000000000000100000000000000000000000000000000000000000000000000000000000000000000000000000000000000000000]
mul83_38                (fmul             ) [ 0111111111111111111111000000000000000000000011111111111111111111111111111111111111111100000000000000000000000000000000000000000000000000]
bitcast_ln154_40        (bitcast          ) [ 0000000000000000000000000000000000000000000010000000000000000000000000000000000000000000000000000000000000000000000000000000000000000000]
gmem1_addr_read_41      (read             ) [ 0000000000000000000000000000000000000000000010000000000000000000000000000000000000000000000000000000000000000000000000000000000000000000]
acc_20                  (fadd             ) [ 0000000000000000000000000000000000000000000001100000000000000000000000000000000000000000000000000000000000000000000000000000000000000000]
mul83_39                (fmul             ) [ 0111111111111111111111110000000000000000000001111111111111111111111111111111111111111111000000000000000000000000000000000000000000000000]
bitcast_ln154_41        (bitcast          ) [ 0000000000000000000000000000000000000000000001000000000000000000000000000000000000000000000000000000000000000000000000000000000000000000]
gmem1_addr_read_42      (read             ) [ 0000000000000000000000000000000000000000000001000000000000000000000000000000000000000000000000000000000000000000000000000000000000000000]
mul83_40                (fmul             ) [ 0111111111111111111111111100000000000000000000111111111111111111111111111111111111111111110000000000000000000000000000000000000000000000]
bitcast_ln154_42        (bitcast          ) [ 0000000000000000000000000000000000000000000000100000000000000000000000000000000000000000000000000000000000000000000000000000000000000000]
gmem1_addr_read_43      (read             ) [ 0000000000000000000000000000000000000000000000100000000000000000000000000000000000000000000000000000000000000000000000000000000000000000]
acc_21                  (fadd             ) [ 0000000000000000000000000000000000000000000000011000000000000000000000000000000000000000000000000000000000000000000000000000000000000000]
mul83_41                (fmul             ) [ 0111111111111111111111111111000000000000000000011111111111111111111111111111111111111111111100000000000000000000000000000000000000000000]
bitcast_ln154_43        (bitcast          ) [ 0000000000000000000000000000000000000000000000010000000000000000000000000000000000000000000000000000000000000000000000000000000000000000]
gmem1_addr_read_44      (read             ) [ 0000000000000000000000000000000000000000000000010000000000000000000000000000000000000000000000000000000000000000000000000000000000000000]
mul83_42                (fmul             ) [ 0111111111111111111111111111110000000000000000001111111111111111111111111111111111111111111111000000000000000000000000000000000000000000]
bitcast_ln154_44        (bitcast          ) [ 0000000000000000000000000000000000000000000000001000000000000000000000000000000000000000000000000000000000000000000000000000000000000000]
gmem1_addr_read_45      (read             ) [ 0000000000000000000000000000000000000000000000001000000000000000000000000000000000000000000000000000000000000000000000000000000000000000]
acc_22                  (fadd             ) [ 0000000000000000000000000000000000000000000000000110000000000000000000000000000000000000000000000000000000000000000000000000000000000000]
mul83_43                (fmul             ) [ 0111111111111111111111111111111100000000000000000111111111111111111111111111111111111111111111110000000000000000000000000000000000000000]
bitcast_ln154_45        (bitcast          ) [ 0000000000000000000000000000000000000000000000000100000000000000000000000000000000000000000000000000000000000000000000000000000000000000]
gmem1_addr_read_46      (read             ) [ 0000000000000000000000000000000000000000000000000100000000000000000000000000000000000000000000000000000000000000000000000000000000000000]
mul83_44                (fmul             ) [ 0111111111111111111111111111111111000000000000000011111111111111111111111111111111111111111111111100000000000000000000000000000000000000]
bitcast_ln154_46        (bitcast          ) [ 0000000000000000000000000000000000000000000000000010000000000000000000000000000000000000000000000000000000000000000000000000000000000000]
gmem1_addr_read_47      (read             ) [ 0000000000000000000000000000000000000000000000000010000000000000000000000000000000000000000000000000000000000000000000000000000000000000]
acc_23                  (fadd             ) [ 0000000000000000000000000000000000000000000000000001100000000000000000000000000000000000000000000000000000000000000000000000000000000000]
mul83_45                (fmul             ) [ 0111111111111111111111111111111111110000000000000001111111111111111111111111111111111111111111111111000000000000000000000000000000000000]
bitcast_ln154_47        (bitcast          ) [ 0000000000000000000000000000000000000000000000000001000000000000000000000000000000000000000000000000000000000000000000000000000000000000]
gmem1_addr_read_48      (read             ) [ 0000000000000000000000000000000000000000000000000001000000000000000000000000000000000000000000000000000000000000000000000000000000000000]
mul83_46                (fmul             ) [ 0111111111111111111111111111111111111100000000000000111111111111111111111111111111111111111111111111110000000000000000000000000000000000]
bitcast_ln154_48        (bitcast          ) [ 0000000000000000000000000000000000000000000000000000100000000000000000000000000000000000000000000000000000000000000000000000000000000000]
gmem1_addr_read_49      (read             ) [ 0000000000000000000000000000000000000000000000000000100000000000000000000000000000000000000000000000000000000000000000000000000000000000]
acc_24                  (fadd             ) [ 0000000000000000000000000000000000000000000000000000011000000000000000000000000000000000000000000000000000000000000000000000000000000000]
mul83_47                (fmul             ) [ 0111111111111111111111111111111111111111000000000000011111111111111111111111111111111111111111111111111100000000000000000000000000000000]
bitcast_ln154_49        (bitcast          ) [ 0000000000000000000000000000000000000000000000000000010000000000000000000000000000000000000000000000000000000000000000000000000000000000]
gmem1_addr_read_50      (read             ) [ 0000000000000000000000000000000000000000000000000000010000000000000000000000000000000000000000000000000000000000000000000000000000000000]
mul83_48                (fmul             ) [ 0111111111111111111111111111111111111111110000000000001111111111111111111111111111111111111111111111111111000000000000000000000000000000]
bitcast_ln154_50        (bitcast          ) [ 0000000000000000000000000000000000000000000000000000001000000000000000000000000000000000000000000000000000000000000000000000000000000000]
gmem1_addr_read_51      (read             ) [ 0000000000000000000000000000000000000000000000000000001000000000000000000000000000000000000000000000000000000000000000000000000000000000]
acc_25                  (fadd             ) [ 0000000000000000000000000000000000000000000000000000000110000000000000000000000000000000000000000000000000000000000000000000000000000000]
mul83_49                (fmul             ) [ 0111111111111111111111111111111111111111111100000000000111111111111111111111111111111111111111111111111111110000000000000000000000000000]
bitcast_ln154_51        (bitcast          ) [ 0000000000000000000000000000000000000000000000000000000100000000000000000000000000000000000000000000000000000000000000000000000000000000]
gmem1_addr_read_52      (read             ) [ 0000000000000000000000000000000000000000000000000000000100000000000000000000000000000000000000000000000000000000000000000000000000000000]
mul83_50                (fmul             ) [ 0111111111111111111111111111111111111111111111000000000011111111111111111111111111111111111111111111111111111100000000000000000000000000]
bitcast_ln154_52        (bitcast          ) [ 0000000000000000000000000000000000000000000000000000000010000000000000000000000000000000000000000000000000000000000000000000000000000000]
gmem1_addr_read_53      (read             ) [ 0000000000000000000000000000000000000000000000000000000010000000000000000000000000000000000000000000000000000000000000000000000000000000]
acc_26                  (fadd             ) [ 0000000000000000000000000000000000000000000000000000000001100000000000000000000000000000000000000000000000000000000000000000000000000000]
mul83_51                (fmul             ) [ 0111111111111111111111111111111111111111111111110000000001111111111111111111111111111111111111111111111111111111000000000000000000000000]
bitcast_ln154_53        (bitcast          ) [ 0000000000000000000000000000000000000000000000000000000001000000000000000000000000000000000000000000000000000000000000000000000000000000]
gmem1_addr_read_54      (read             ) [ 0000000000000000000000000000000000000000000000000000000001000000000000000000000000000000000000000000000000000000000000000000000000000000]
mul83_52                (fmul             ) [ 0111111111111111111111111111111111111111111111111100000000111111111111111111111111111111111111111111111111111111110000000000000000000000]
bitcast_ln154_54        (bitcast          ) [ 0000000000000000000000000000000000000000000000000000000000100000000000000000000000000000000000000000000000000000000000000000000000000000]
gmem1_addr_read_55      (read             ) [ 0000000000000000000000000000000000000000000000000000000000100000000000000000000000000000000000000000000000000000000000000000000000000000]
acc_27                  (fadd             ) [ 0000000000000000000000000000000000000000000000000000000000011000000000000000000000000000000000000000000000000000000000000000000000000000]
mul83_53                (fmul             ) [ 0111111111111111111111111111111111111111111111111111000000011111111111111111111111111111111111111111111111111111111100000000000000000000]
bitcast_ln154_55        (bitcast          ) [ 0000000000000000000000000000000000000000000000000000000000010000000000000000000000000000000000000000000000000000000000000000000000000000]
gmem1_addr_read_56      (read             ) [ 0000000000000000000000000000000000000000000000000000000000010000000000000000000000000000000000000000000000000000000000000000000000000000]
mul83_54                (fmul             ) [ 0111111111111111111111111111111111111111111111111111110000001111111111111111111111111111111111111111111111111111111111000000000000000000]
bitcast_ln154_56        (bitcast          ) [ 0000000000000000000000000000000000000000000000000000000000001000000000000000000000000000000000000000000000000000000000000000000000000000]
gmem1_addr_read_57      (read             ) [ 0000000000000000000000000000000000000000000000000000000000001000000000000000000000000000000000000000000000000000000000000000000000000000]
acc_28                  (fadd             ) [ 0000000000000000000000000000000000000000000000000000000000000110000000000000000000000000000000000000000000000000000000000000000000000000]
mul83_55                (fmul             ) [ 0111111111111111111111111111111111111111111111111111111100000111111111111111111111111111111111111111111111111111111111110000000000000000]
bitcast_ln154_57        (bitcast          ) [ 0000000000000000000000000000000000000000000000000000000000000100000000000000000000000000000000000000000000000000000000000000000000000000]
gmem1_addr_read_58      (read             ) [ 0000000000000000000000000000000000000000000000000000000000000100000000000000000000000000000000000000000000000000000000000000000000000000]
mul83_56                (fmul             ) [ 0111111111111111111111111111111111111111111111111111111111000011111111111111111111111111111111111111111111111111111111111100000000000000]
bitcast_ln154_58        (bitcast          ) [ 0000000000000000000000000000000000000000000000000000000000000010000000000000000000000000000000000000000000000000000000000000000000000000]
gmem1_addr_read_59      (read             ) [ 0000000000000000000000000000000000000000000000000000000000000010000000000000000000000000000000000000000000000000000000000000000000000000]
acc_29                  (fadd             ) [ 0000000000000000000000000000000000000000000000000000000000000001100000000000000000000000000000000000000000000000000000000000000000000000]
mul83_57                (fmul             ) [ 0111111111111111111111111111111111111111111111111111111111110001111111111111111111111111111111111111111111111111111111111111000000000000]
bitcast_ln154_59        (bitcast          ) [ 0000000000000000000000000000000000000000000000000000000000000001000000000000000000000000000000000000000000000000000000000000000000000000]
gmem1_addr_read_60      (read             ) [ 0000000000000000000000000000000000000000000000000000000000000001000000000000000000000000000000000000000000000000000000000000000000000000]
mul83_58                (fmul             ) [ 0111111111111111111111111111111111111111111111111111111111111100111111111111111111111111111111111111111111111111111111111111110000000000]
bitcast_ln154_60        (bitcast          ) [ 0000000000000000000000000000000000000000000000000000000000000000100000000000000000000000000000000000000000000000000000000000000000000000]
gmem1_addr_read_61      (read             ) [ 0000000000000000000000000000000000000000000000000000000000000000100000000000000000000000000000000000000000000000000000000000000000000000]
acc_30                  (fadd             ) [ 0110000000000000000000000000000000000000000000000000000000000000011000000000000000000000000000000000000000000000000000000000000000000000]
mul83_59                (fmul             ) [ 0111111111111111111111111111111111111111111111111111111111111111011111111111111111111111111111111111111111111111111111111111111100000000]
bitcast_ln154_61        (bitcast          ) [ 0100000000000000000000000000000000000000000000000000000000000000010000000000000000000000000000000000000000000000000000000000000000000000]
gmem1_addr_read_62      (read             ) [ 0100000000000000000000000000000000000000000000000000000000000000010000000000000000000000000000000000000000000000000000000000000000000000]
mul83_60                (fmul             ) [ 0111111111111111111111111111111111111111111111111111111111111111101111111111111111111111111111111111111111111111111111111111111111000000]
bitcast_ln154_62        (bitcast          ) [ 0010000000000000000000000000000000000000000000000000000000000000001000000000000000000000000000000000000000000000000000000000000000000000]
gmem1_addr_read_63      (read             ) [ 0010000000000000000000000000000000000000000000000000000000000000001000000000000000000000000000000000000000000000000000000000000000000000]
acc_31                  (fadd             ) [ 0001100000000000000000000000000000000000000000000000000000000000000110000000000000000000000000000000000000000000000000000000000000000000]
mul83_61                (fmul             ) [ 0111111111111111111111111111111111111111111111111111111111111111100111111111111111111111111111111111111111111111111111111111111111110000]
bitcast_ln154_63        (bitcast          ) [ 0001000000000000000000000000000000000000000000000000000000000000000100000000000000000000000000000000000000000000000000000000000000000000]
mul83_62                (fmul             ) [ 0111111111111111111111111111111111111111111111111111111111111111100011111111111111111111111111111111111111111111111111111111111111111100]
acc_32                  (fadd             ) [ 0000011100000000000000000000000000000000000000000000000000000000000001110000000000000000000000000000000000000000000000000000000000000000]
acc_33                  (fadd             ) [ 0000000011000000000000000000000000000000000000000000000000000000000000001100000000000000000000000000000000000000000000000000000000000000]
acc_34                  (fadd             ) [ 0000000000110000000000000000000000000000000000000000000000000000000000000011000000000000000000000000000000000000000000000000000000000000]
acc_35                  (fadd             ) [ 0000000000001100000000000000000000000000000000000000000000000000000000000000110000000000000000000000000000000000000000000000000000000000]
acc_36                  (fadd             ) [ 0000000000000011000000000000000000000000000000000000000000000000000000000000001100000000000000000000000000000000000000000000000000000000]
acc_37                  (fadd             ) [ 0000000000000000110000000000000000000000000000000000000000000000000000000000000011000000000000000000000000000000000000000000000000000000]
acc_38                  (fadd             ) [ 0000000000000000001100000000000000000000000000000000000000000000000000000000000000110000000000000000000000000000000000000000000000000000]
acc_39                  (fadd             ) [ 0000000000000000000011000000000000000000000000000000000000000000000000000000000000001100000000000000000000000000000000000000000000000000]
acc_40                  (fadd             ) [ 0000000000000000000000110000000000000000000000000000000000000000000000000000000000000011000000000000000000000000000000000000000000000000]
acc_41                  (fadd             ) [ 0000000000000000000000001100000000000000000000000000000000000000000000000000000000000000110000000000000000000000000000000000000000000000]
acc_42                  (fadd             ) [ 0000000000000000000000000011000000000000000000000000000000000000000000000000000000000000001100000000000000000000000000000000000000000000]
acc_43                  (fadd             ) [ 0000000000000000000000000000110000000000000000000000000000000000000000000000000000000000000011000000000000000000000000000000000000000000]
acc_44                  (fadd             ) [ 0000000000000000000000000000001100000000000000000000000000000000000000000000000000000000000000110000000000000000000000000000000000000000]
acc_45                  (fadd             ) [ 0000000000000000000000000000000011000000000000000000000000000000000000000000000000000000000000001100000000000000000000000000000000000000]
acc_46                  (fadd             ) [ 0000000000000000000000000000000000110000000000000000000000000000000000000000000000000000000000000011000000000000000000000000000000000000]
acc_47                  (fadd             ) [ 0000000000000000000000000000000000001100000000000000000000000000000000000000000000000000000000000000110000000000000000000000000000000000]
acc_48                  (fadd             ) [ 0000000000000000000000000000000000000011000000000000000000000000000000000000000000000000000000000000001100000000000000000000000000000000]
acc_49                  (fadd             ) [ 0000000000000000000000000000000000000000110000000000000000000000000000000000000000000000000000000000000011000000000000000000000000000000]
acc_50                  (fadd             ) [ 0000000000000000000000000000000000000000001100000000000000000000000000000000000000000000000000000000000000110000000000000000000000000000]
acc_51                  (fadd             ) [ 0000000000000000000000000000000000000000000011000000000000000000000000000000000000000000000000000000000000001100000000000000000000000000]
acc_52                  (fadd             ) [ 0000000000000000000000000000000000000000000000110000000000000000000000000000000000000000000000000000000000000011000000000000000000000000]
acc_53                  (fadd             ) [ 0000000000000000000000000000000000000000000000001100000000000000000000000000000000000000000000000000000000000000110000000000000000000000]
acc_54                  (fadd             ) [ 0000000000000000000000000000000000000000000000000011000000000000000000000000000000000000000000000000000000000000001100000000000000000000]
acc_55                  (fadd             ) [ 0000000000000000000000000000000000000000000000000000110000000000000000000000000000000000000000000000000000000000000011000000000000000000]
acc_56                  (fadd             ) [ 0000000000000000000000000000000000000000000000000000001100000000000000000000000000000000000000000000000000000000000000110000000000000000]
acc_57                  (fadd             ) [ 0000000000000000000000000000000000000000000000000000000011000000000000000000000000000000000000000000000000000000000000001100000000000000]
acc_58                  (fadd             ) [ 0000000000000000000000000000000000000000000000000000000000110000000000000000000000000000000000000000000000000000000000000011000000000000]
acc_59                  (fadd             ) [ 0000000000000000000000000000000000000000000000000000000000001100000000000000000000000000000000000000000000000000000000000000110000000000]
acc_60                  (fadd             ) [ 0000000000000000000000000000000000000000000000000000000000000011000000000000000000000000000000000000000000000000000000000000001100000000]
acc_61                  (fadd             ) [ 0100000000000000000000000000000000000000000000000000000000000000100000000000000000000000000000000000000000000000000000000000000011000000]
acc_62                  (fadd             ) [ 0011000000000000000000000000000000000000000000000000000000000000000000000000000000000000000000000000000000000000000000000000000000110000]
acc_63                  (fadd             ) [ 0000110000000000000000000000000000000000000000000000000000000000000000000000000000000000000000000000000000000000000000000000000000001100]
specpipeline_ln148      (specpipeline     ) [ 0000000000000000000000000000000000000000000000000000000000000000000000000000000000000000000000000000000000000000000000000000000000000000]
speclooptripcount_ln148 (speclooptripcount) [ 0000000000000000000000000000000000000000000000000000000000000000000000000000000000000000000000000000000000000000000000000000000000000000]
specloopname_ln150      (specloopname     ) [ 0000000000000000000000000000000000000000000000000000000000000000000000000000000000000000000000000000000000000000000000000000000000000000]
logits_1                (fadd             ) [ 0000001000000000000000000000000000000000000000000000000000000000000000000000000000000000000000000000000000000000000000000000000000000010]
store_ln154             (store            ) [ 0000000000000000000000000000000000000000000000000000000000000000000000000000000000000000000000000000000000000000000000000000000000000000]
br_ln157                (br               ) [ 0000000000000000000000000000000000000000000000000000000000000000000000000000000000000000000000000000000000000000000000000000000000000000]
store_ln154             (store            ) [ 0000000000000000000000000000000000000000000000000000000000000000000000000000000000000000000000000000000000000000000000000000000000000000]
br_ln157                (br               ) [ 0000000000000000000000000000000000000000000000000000000000000000000000000000000000000000000000000000000000000000000000000000000000000000]
store_ln154             (store            ) [ 0000000000000000000000000000000000000000000000000000000000000000000000000000000000000000000000000000000000000000000000000000000000000000]
br_ln157                (br               ) [ 0000000000000000000000000000000000000000000000000000000000000000000000000000000000000000000000000000000000000000000000000000000000000000]
store_ln154             (store            ) [ 0000000000000000000000000000000000000000000000000000000000000000000000000000000000000000000000000000000000000000000000000000000000000000]
br_ln157                (br               ) [ 0000000000000000000000000000000000000000000000000000000000000000000000000000000000000000000000000000000000000000000000000000000000000000]
max_logit_load_1        (load             ) [ 0000000000000000000000000000000000000000000000000000000000000000000000000000000000000000000000000000000000000000000000000000000000000000]
bitcast_ln159           (bitcast          ) [ 0000000000000000000000000000000000000000000000000000000000000000000000000000000000000000000000000000000000000000000000000000000000000000]
tmp_1                   (partselect       ) [ 0000000000000000000000000000000000000000000000000000000000000000000000000000000000000000000000000000000000000000000000000000000000000000]
trunc_ln159             (trunc            ) [ 0000000000000000000000000000000000000000000000000000000000000000000000000000000000000000000000000000000000000000000000000000000000000000]
bitcast_ln159_1         (bitcast          ) [ 0000000000000000000000000000000000000000000000000000000000000000000000000000000000000000000000000000000000000000000000000000000000000000]
tmp_2                   (partselect       ) [ 0000000000000000000000000000000000000000000000000000000000000000000000000000000000000000000000000000000000000000000000000000000000000000]
trunc_ln159_1           (trunc            ) [ 0000000000000000000000000000000000000000000000000000000000000000000000000000000000000000000000000000000000000000000000000000000000000000]
icmp_ln159              (icmp             ) [ 0000000000000000000000000000000000000000000000000000000000000000000000000000000000000000000000000000000000000000000000000000000000000000]
icmp_ln159_1            (icmp             ) [ 0000000000000000000000000000000000000000000000000000000000000000000000000000000000000000000000000000000000000000000000000000000000000000]
or_ln159                (or               ) [ 0000000000000000000000000000000000000000000000000000000000000000000000000000000000000000000000000000000000000000000000000000000000000000]
icmp_ln159_2            (icmp             ) [ 0000000000000000000000000000000000000000000000000000000000000000000000000000000000000000000000000000000000000000000000000000000000000000]
icmp_ln159_3            (icmp             ) [ 0000000000000000000000000000000000000000000000000000000000000000000000000000000000000000000000000000000000000000000000000000000000000000]
or_ln159_1              (or               ) [ 0000000000000000000000000000000000000000000000000000000000000000000000000000000000000000000000000000000000000000000000000000000000000000]
tmp_3                   (fcmp             ) [ 0000000000000000000000000000000000000000000000000000000000000000000000000000000000000000000000000000000000000000000000000000000000000000]
and_ln159               (and              ) [ 0000000000000000000000000000000000000000000000000000000000000000000000000000000000000000000000000000000000000000000000000000000000000000]
and_ln159_1             (and              ) [ 0000000000000000000000000000000000000000000000000000000000000000000000000000000000000000000000000000000000000000000000000000000000000000]
max_logit_1             (select           ) [ 0000000100000000000000000000000000000000000000000000000000000000000000000000000000000000000000000000000000000000000000000000000000000001]
store_ln148             (store            ) [ 0000000000000000000000000000000000000000000000000000000000000000000000000000000000000000000000000000000000000000000000000000000000000000]
br_ln150                (br               ) [ 0000000000000000000000000000000000000000000000000000000000000000000000000000000000000000000000000000000000000000000000000000000000000000]
max_logit_load          (load             ) [ 0000000000000000000000000000000000000000000000000000000000000000000000000000000000000000000000000000000000000000000000000000000000000000]
logits_0_1_load         (load             ) [ 0000000000000000000000000000000000000000000000000000000000000000000000000000000000000000000000000000000000000000000000000000000000000000]
logits_1_1_load         (load             ) [ 0000000000000000000000000000000000000000000000000000000000000000000000000000000000000000000000000000000000000000000000000000000000000000]
logits_2_1_load         (load             ) [ 0000000000000000000000000000000000000000000000000000000000000000000000000000000000000000000000000000000000000000000000000000000000000000]
logits_3_1_load         (load             ) [ 0000000000000000000000000000000000000000000000000000000000000000000000000000000000000000000000000000000000000000000000000000000000000000]
write_ln0               (write            ) [ 0000000000000000000000000000000000000000000000000000000000000000000000000000000000000000000000000000000000000000000000000000000000000000]
write_ln0               (write            ) [ 0000000000000000000000000000000000000000000000000000000000000000000000000000000000000000000000000000000000000000000000000000000000000000]
write_ln0               (write            ) [ 0000000000000000000000000000000000000000000000000000000000000000000000000000000000000000000000000000000000000000000000000000000000000000]
write_ln0               (write            ) [ 0000000000000000000000000000000000000000000000000000000000000000000000000000000000000000000000000000000000000000000000000000000000000000]
write_ln0               (write            ) [ 0000000000000000000000000000000000000000000000000000000000000000000000000000000000000000000000000000000000000000000000000000000000000000]
ret_ln0                 (ret              ) [ 0000000000000000000000000000000000000000000000000000000000000000000000000000000000000000000000000000000000000000000000000000000000000000]
</LifeTime>

<model>

<comp_list>
<comp id="0" class="1000" name="logits_3_04">
<pin_list>
<pin id="1" dir="1" index="0" bw="1" slack="0"/>
</pin_list>
<bind>
<StgValue><ssdm name="logits_3_04"/></StgValue>
</bind>
</comp>

<comp id="2" class="1000" name="logits_2_03">
<pin_list>
<pin id="3" dir="1" index="0" bw="1" slack="0"/>
</pin_list>
<bind>
<StgValue><ssdm name="logits_2_03"/></StgValue>
</bind>
</comp>

<comp id="4" class="1000" name="logits_1_02">
<pin_list>
<pin id="5" dir="1" index="0" bw="1" slack="0"/>
</pin_list>
<bind>
<StgValue><ssdm name="logits_1_02"/></StgValue>
</bind>
</comp>

<comp id="6" class="1000" name="logits_0_01">
<pin_list>
<pin id="7" dir="1" index="0" bw="1" slack="0"/>
</pin_list>
<bind>
<StgValue><ssdm name="logits_0_01"/></StgValue>
</bind>
</comp>

<comp id="8" class="1000" name="gmem2">
<pin_list>
<pin id="9" dir="1" index="0" bw="1" slack="0"/>
</pin_list>
<bind>
<StgValue><ssdm name="gmem2"/></StgValue>
</bind>
</comp>

<comp id="10" class="1000" name="gmem1">
<pin_list>
<pin id="11" dir="1" index="0" bw="1" slack="0"/>
</pin_list>
<bind>
<StgValue><ssdm name="gmem1"/></StgValue>
</bind>
</comp>

<comp id="12" class="1000" name="sext_ln150_1">
<pin_list>
<pin id="13" dir="1" index="0" bw="1" slack="0"/>
</pin_list>
<bind>
<StgValue><ssdm name="sext_ln150_1"/></StgValue>
</bind>
</comp>

<comp id="14" class="1000" name="input_local">
<pin_list>
<pin id="15" dir="1" index="0" bw="1" slack="0"/>
</pin_list>
<bind>
<StgValue><ssdm name="input_local"/><MemPortTyVec>1 1 3 3 3 3 3 3 3 3 3 3 3 3 3 3 3 </MemPortTyVec>
</StgValue>
</bind>
</comp>

<comp id="16" class="1000" name="zext_ln154">
<pin_list>
<pin id="17" dir="1" index="0" bw="1" slack="0"/>
</pin_list>
<bind>
<StgValue><ssdm name="zext_ln154"/></StgValue>
</bind>
</comp>

<comp id="18" class="1000" name="sext_ln150">
<pin_list>
<pin id="19" dir="1" index="0" bw="1" slack="0"/>
</pin_list>
<bind>
<StgValue><ssdm name="sext_ln150"/></StgValue>
</bind>
</comp>

<comp id="20" class="1000" name="input_local_1">
<pin_list>
<pin id="21" dir="1" index="0" bw="1" slack="0"/>
</pin_list>
<bind>
<StgValue><ssdm name="input_local_1"/><MemPortTyVec>1 1 3 3 3 3 3 3 3 3 3 3 3 3 3 3 3 </MemPortTyVec>
</StgValue>
</bind>
</comp>

<comp id="22" class="1000" name="input_local_2">
<pin_list>
<pin id="23" dir="1" index="0" bw="1" slack="0"/>
</pin_list>
<bind>
<StgValue><ssdm name="input_local_2"/><MemPortTyVec>1 1 3 3 3 3 3 3 3 3 3 3 3 3 3 3 3 </MemPortTyVec>
</StgValue>
</bind>
</comp>

<comp id="24" class="1000" name="input_local_3">
<pin_list>
<pin id="25" dir="1" index="0" bw="1" slack="0"/>
</pin_list>
<bind>
<StgValue><ssdm name="input_local_3"/><MemPortTyVec>1 1 3 3 3 3 3 3 3 3 3 3 3 3 3 3 3 </MemPortTyVec>
</StgValue>
</bind>
</comp>

<comp id="26" class="1000" name="input_local_4">
<pin_list>
<pin id="27" dir="1" index="0" bw="1" slack="0"/>
</pin_list>
<bind>
<StgValue><ssdm name="input_local_4"/><MemPortTyVec>1 1 3 3 3 3 3 3 3 3 3 3 3 3 3 3 3 </MemPortTyVec>
</StgValue>
</bind>
</comp>

<comp id="28" class="1000" name="input_local_5">
<pin_list>
<pin id="29" dir="1" index="0" bw="1" slack="0"/>
</pin_list>
<bind>
<StgValue><ssdm name="input_local_5"/><MemPortTyVec>1 1 3 3 3 3 3 3 3 3 3 3 3 3 3 3 3 </MemPortTyVec>
</StgValue>
</bind>
</comp>

<comp id="30" class="1000" name="input_local_6">
<pin_list>
<pin id="31" dir="1" index="0" bw="1" slack="0"/>
</pin_list>
<bind>
<StgValue><ssdm name="input_local_6"/><MemPortTyVec>1 1 3 3 3 3 3 3 3 3 3 3 3 3 3 3 3 </MemPortTyVec>
</StgValue>
</bind>
</comp>

<comp id="32" class="1000" name="input_local_7">
<pin_list>
<pin id="33" dir="1" index="0" bw="1" slack="0"/>
</pin_list>
<bind>
<StgValue><ssdm name="input_local_7"/><MemPortTyVec>1 1 3 3 3 3 3 3 3 3 3 3 3 3 3 3 3 </MemPortTyVec>
</StgValue>
</bind>
</comp>

<comp id="34" class="1000" name="tmp_7">
<pin_list>
<pin id="35" dir="1" index="0" bw="1" slack="0"/>
</pin_list>
<bind>
<StgValue><ssdm name="tmp_7"/></StgValue>
</bind>
</comp>

<comp id="36" class="1000" name="tmp_8">
<pin_list>
<pin id="37" dir="1" index="0" bw="1" slack="0"/>
</pin_list>
<bind>
<StgValue><ssdm name="tmp_8"/></StgValue>
</bind>
</comp>

<comp id="38" class="1000" name="tmp_9">
<pin_list>
<pin id="39" dir="1" index="0" bw="1" slack="0"/>
</pin_list>
<bind>
<StgValue><ssdm name="tmp_9"/></StgValue>
</bind>
</comp>

<comp id="40" class="1000" name="tmp_10">
<pin_list>
<pin id="41" dir="1" index="0" bw="1" slack="0"/>
</pin_list>
<bind>
<StgValue><ssdm name="tmp_10"/></StgValue>
</bind>
</comp>

<comp id="42" class="1000" name="tmp_11">
<pin_list>
<pin id="43" dir="1" index="0" bw="1" slack="0"/>
</pin_list>
<bind>
<StgValue><ssdm name="tmp_11"/></StgValue>
</bind>
</comp>

<comp id="44" class="1000" name="tmp_12">
<pin_list>
<pin id="45" dir="1" index="0" bw="1" slack="0"/>
</pin_list>
<bind>
<StgValue><ssdm name="tmp_12"/></StgValue>
</bind>
</comp>

<comp id="46" class="1000" name="tmp_13">
<pin_list>
<pin id="47" dir="1" index="0" bw="1" slack="0"/>
</pin_list>
<bind>
<StgValue><ssdm name="tmp_13"/></StgValue>
</bind>
</comp>

<comp id="48" class="1000" name="logits_3_1_out">
<pin_list>
<pin id="49" dir="1" index="0" bw="1" slack="0"/>
</pin_list>
<bind>
<StgValue><ssdm name="logits_3_1_out"/></StgValue>
</bind>
</comp>

<comp id="50" class="1000" name="logits_2_1_out">
<pin_list>
<pin id="51" dir="1" index="0" bw="1" slack="0"/>
</pin_list>
<bind>
<StgValue><ssdm name="logits_2_1_out"/></StgValue>
</bind>
</comp>

<comp id="52" class="1000" name="logits_1_1_out">
<pin_list>
<pin id="53" dir="1" index="0" bw="1" slack="0"/>
</pin_list>
<bind>
<StgValue><ssdm name="logits_1_1_out"/></StgValue>
</bind>
</comp>

<comp id="54" class="1000" name="logits_0_1_out">
<pin_list>
<pin id="55" dir="1" index="0" bw="1" slack="0"/>
</pin_list>
<bind>
<StgValue><ssdm name="logits_0_1_out"/></StgValue>
</bind>
</comp>

<comp id="56" class="1000" name="max_logit_out">
<pin_list>
<pin id="57" dir="1" index="0" bw="1" slack="0"/>
</pin_list>
<bind>
<StgValue><ssdm name="max_logit_out"/></StgValue>
</bind>
</comp>

<comp id="58" class="1001" name="const_58">
<pin_list>
<pin id="59" dir="1" index="0" bw="1" slack="0"/>
</pin_list>
<bind>
<StgValue><ssdm name=""/></StgValue>
</bind>
</comp>

<comp id="60" class="1001" name="const_60">
<pin_list>
<pin id="61" dir="1" index="0" bw="1" slack="0"/>
</pin_list>
<bind>
<StgValue><ssdm name="_ssdm_op_Read.ap_auto.i7"/></StgValue>
</bind>
</comp>

<comp id="62" class="1001" name="const_62">
<pin_list>
<pin id="63" dir="1" index="0" bw="1" slack="0"/>
</pin_list>
<bind>
<StgValue><ssdm name="_ssdm_op_Read.ap_auto.i62"/></StgValue>
</bind>
</comp>

<comp id="64" class="1001" name="const_64">
<pin_list>
<pin id="65" dir="1" index="0" bw="1" slack="0"/>
</pin_list>
<bind>
<StgValue><ssdm name="_ssdm_op_Read.ap_auto.float"/></StgValue>
</bind>
</comp>

<comp id="66" class="1001" name="const_66">
<pin_list>
<pin id="67" dir="1" index="0" bw="1" slack="2147483647"/>
</pin_list>
<bind>
<StgValue><ssdm name="_ssdm_op_SpecInterface"/></StgValue>
</bind>
</comp>

<comp id="68" class="1001" name="const_68">
<pin_list>
<pin id="69" dir="1" index="0" bw="1" slack="2147483647"/>
</pin_list>
<bind>
<StgValue><ssdm name="empty_8"/></StgValue>
</bind>
</comp>

<comp id="70" class="1001" name="const_70">
<pin_list>
<pin id="71" dir="1" index="0" bw="1" slack="2147483647"/>
</pin_list>
<bind>
<StgValue><ssdm name=""/></StgValue>
</bind>
</comp>

<comp id="72" class="1001" name="const_72">
<pin_list>
<pin id="73" dir="1" index="0" bw="1" slack="2147483647"/>
</pin_list>
<bind>
<StgValue><ssdm name="empty_36"/></StgValue>
</bind>
</comp>

<comp id="74" class="1001" name="const_74">
<pin_list>
<pin id="75" dir="1" index="0" bw="1" slack="2147483647"/>
</pin_list>
<bind>
<StgValue><ssdm name="empty_0"/></StgValue>
</bind>
</comp>

<comp id="76" class="1001" name="const_76">
<pin_list>
<pin id="77" dir="1" index="0" bw="1" slack="2147483647"/>
</pin_list>
<bind>
<StgValue><ssdm name="empty_22"/></StgValue>
</bind>
</comp>

<comp id="78" class="1001" name="const_78">
<pin_list>
<pin id="79" dir="1" index="0" bw="1" slack="2147483647"/>
</pin_list>
<bind>
<StgValue><ssdm name=""/></StgValue>
</bind>
</comp>

<comp id="80" class="1001" name="const_80">
<pin_list>
<pin id="81" dir="1" index="0" bw="1" slack="2147483647"/>
</pin_list>
<bind>
<StgValue><ssdm name=""/></StgValue>
</bind>
</comp>

<comp id="82" class="1001" name="const_82">
<pin_list>
<pin id="83" dir="1" index="0" bw="1" slack="2147483647"/>
</pin_list>
<bind>
<StgValue><ssdm name="empty"/></StgValue>
</bind>
</comp>

<comp id="84" class="1001" name="const_84">
<pin_list>
<pin id="85" dir="1" index="0" bw="1" slack="0"/>
</pin_list>
<bind>
<StgValue><ssdm name=""/></StgValue>
</bind>
</comp>

<comp id="86" class="1001" name="const_86">
<pin_list>
<pin id="87" dir="1" index="0" bw="1" slack="0"/>
</pin_list>
<bind>
<StgValue><ssdm name=""/></StgValue>
</bind>
</comp>

<comp id="88" class="1001" name="const_88">
<pin_list>
<pin id="89" dir="1" index="0" bw="1" slack="2147483647"/>
</pin_list>
<bind>
<StgValue><ssdm name="_ssdm_op_SpecBitsMap"/></StgValue>
</bind>
</comp>

<comp id="90" class="1001" name="const_90">
<pin_list>
<pin id="91" dir="1" index="0" bw="1" slack="0"/>
</pin_list>
<bind>
<StgValue><ssdm name=""/></StgValue>
</bind>
</comp>

<comp id="92" class="1001" name="const_92">
<pin_list>
<pin id="93" dir="1" index="0" bw="1" slack="0"/>
</pin_list>
<bind>
<StgValue><ssdm name=""/></StgValue>
</bind>
</comp>

<comp id="94" class="1001" name="const_94">
<pin_list>
<pin id="95" dir="1" index="0" bw="1" slack="0"/>
</pin_list>
<bind>
<StgValue><ssdm name=""/></StgValue>
</bind>
</comp>

<comp id="96" class="1001" name="const_96">
<pin_list>
<pin id="97" dir="1" index="0" bw="1" slack="2147483647"/>
</pin_list>
<bind>
<StgValue><ssdm name=""/></StgValue>
</bind>
</comp>

<comp id="98" class="1001" name="const_98">
<pin_list>
<pin id="99" dir="1" index="0" bw="1" slack="2147483647"/>
</pin_list>
<bind>
<StgValue><ssdm name=""/></StgValue>
</bind>
</comp>

<comp id="100" class="1001" name="const_100">
<pin_list>
<pin id="101" dir="1" index="0" bw="1" slack="2147483647"/>
</pin_list>
<bind>
<StgValue><ssdm name=""/></StgValue>
</bind>
</comp>

<comp id="102" class="1001" name="const_102">
<pin_list>
<pin id="103" dir="1" index="0" bw="1" slack="0"/>
</pin_list>
<bind>
<StgValue><ssdm name="_ssdm_op_Read.m_axi.p1i32"/></StgValue>
</bind>
</comp>

<comp id="104" class="1001" name="const_104">
<pin_list>
<pin id="105" dir="1" index="0" bw="1" slack="2147483647"/>
</pin_list>
<bind>
<StgValue><ssdm name="_ssdm_op_SpecPipeline"/></StgValue>
</bind>
</comp>

<comp id="106" class="1001" name="const_106">
<pin_list>
<pin id="107" dir="1" index="0" bw="1" slack="2147483647"/>
</pin_list>
<bind>
<StgValue><ssdm name="_ssdm_op_SpecLoopTripCount"/></StgValue>
</bind>
</comp>

<comp id="108" class="1001" name="const_108">
<pin_list>
<pin id="109" dir="1" index="0" bw="1" slack="2147483647"/>
</pin_list>
<bind>
<StgValue><ssdm name=""/></StgValue>
</bind>
</comp>

<comp id="110" class="1001" name="const_110">
<pin_list>
<pin id="111" dir="1" index="0" bw="1" slack="2147483647"/>
</pin_list>
<bind>
<StgValue><ssdm name="_ssdm_op_SpecLoopName"/></StgValue>
</bind>
</comp>

<comp id="112" class="1001" name="const_112">
<pin_list>
<pin id="113" dir="1" index="0" bw="1" slack="2147483647"/>
</pin_list>
<bind>
<StgValue><ssdm name="empty_32"/></StgValue>
</bind>
</comp>

<comp id="114" class="1001" name="const_114">
<pin_list>
<pin id="115" dir="1" index="0" bw="1" slack="0"/>
</pin_list>
<bind>
<StgValue><ssdm name="_ssdm_op_PartSelect.i8.i32.i32.i32"/></StgValue>
</bind>
</comp>

<comp id="116" class="1001" name="const_116">
<pin_list>
<pin id="117" dir="1" index="0" bw="1" slack="0"/>
</pin_list>
<bind>
<StgValue><ssdm name=""/></StgValue>
</bind>
</comp>

<comp id="118" class="1001" name="const_118">
<pin_list>
<pin id="119" dir="1" index="0" bw="1" slack="0"/>
</pin_list>
<bind>
<StgValue><ssdm name=""/></StgValue>
</bind>
</comp>

<comp id="120" class="1001" name="const_120">
<pin_list>
<pin id="121" dir="1" index="0" bw="1" slack="0"/>
</pin_list>
<bind>
<StgValue><ssdm name=""/></StgValue>
</bind>
</comp>

<comp id="122" class="1001" name="const_122">
<pin_list>
<pin id="123" dir="1" index="0" bw="1" slack="0"/>
</pin_list>
<bind>
<StgValue><ssdm name=""/></StgValue>
</bind>
</comp>

<comp id="124" class="1001" name="const_124">
<pin_list>
<pin id="125" dir="1" index="0" bw="1" slack="0"/>
</pin_list>
<bind>
<StgValue><ssdm name="_ssdm_op_Write.ap_auto.floatP0A"/></StgValue>
</bind>
</comp>

<comp id="126" class="1004" name="max_logit_fu_126">
<pin_list>
<pin id="127" dir="0" index="0" bw="1" slack="0"/>
<pin id="128" dir="1" index="1" bw="32" slack="0"/>
</pin_list>
<bind>
<opcode="alloca(26) " fcode="alloca"/>
<opset="max_logit/1 "/>
</bind>
</comp>

<comp id="130" class="1004" name="e_fu_130">
<pin_list>
<pin id="131" dir="0" index="0" bw="1" slack="0"/>
<pin id="132" dir="1" index="1" bw="3" slack="0"/>
</pin_list>
<bind>
<opcode="alloca(26) " fcode="alloca"/>
<opset="e/1 "/>
</bind>
</comp>

<comp id="134" class="1004" name="logits_0_1_fu_134">
<pin_list>
<pin id="135" dir="0" index="0" bw="1" slack="0"/>
<pin id="136" dir="1" index="1" bw="32" slack="0"/>
</pin_list>
<bind>
<opcode="alloca(26) " fcode="alloca"/>
<opset="logits_0_1/1 "/>
</bind>
</comp>

<comp id="138" class="1004" name="logits_1_1_fu_138">
<pin_list>
<pin id="139" dir="0" index="0" bw="1" slack="0"/>
<pin id="140" dir="1" index="1" bw="32" slack="0"/>
</pin_list>
<bind>
<opcode="alloca(26) " fcode="alloca"/>
<opset="logits_1_1/1 "/>
</bind>
</comp>

<comp id="142" class="1004" name="logits_2_1_fu_142">
<pin_list>
<pin id="143" dir="0" index="0" bw="1" slack="0"/>
<pin id="144" dir="1" index="1" bw="32" slack="0"/>
</pin_list>
<bind>
<opcode="alloca(26) " fcode="alloca"/>
<opset="logits_2_1/1 "/>
</bind>
</comp>

<comp id="146" class="1004" name="logits_3_1_fu_146">
<pin_list>
<pin id="147" dir="0" index="0" bw="1" slack="0"/>
<pin id="148" dir="1" index="1" bw="32" slack="0"/>
</pin_list>
<bind>
<opcode="alloca(26) " fcode="alloca"/>
<opset="logits_3_1/1 "/>
</bind>
</comp>

<comp id="150" class="1004" name="tmp_13_read_read_fu_150">
<pin_list>
<pin id="151" dir="0" index="0" bw="7" slack="0"/>
<pin id="152" dir="0" index="1" bw="7" slack="0"/>
<pin id="153" dir="1" index="2" bw="7" slack="0"/>
</pin_list>
<bind>
<opcode="read(1150) " fcode="read"/>
<opset="tmp_13_read/1 "/>
</bind>
</comp>

<comp id="156" class="1004" name="tmp_12_read_read_fu_156">
<pin_list>
<pin id="157" dir="0" index="0" bw="7" slack="0"/>
<pin id="158" dir="0" index="1" bw="7" slack="0"/>
<pin id="159" dir="1" index="2" bw="7" slack="0"/>
</pin_list>
<bind>
<opcode="read(1150) " fcode="read"/>
<opset="tmp_12_read/1 "/>
</bind>
</comp>

<comp id="162" class="1004" name="tmp_11_read_read_fu_162">
<pin_list>
<pin id="163" dir="0" index="0" bw="7" slack="0"/>
<pin id="164" dir="0" index="1" bw="7" slack="0"/>
<pin id="165" dir="1" index="2" bw="7" slack="0"/>
</pin_list>
<bind>
<opcode="read(1150) " fcode="read"/>
<opset="tmp_11_read/1 "/>
</bind>
</comp>

<comp id="168" class="1004" name="tmp_10_read_read_fu_168">
<pin_list>
<pin id="169" dir="0" index="0" bw="7" slack="0"/>
<pin id="170" dir="0" index="1" bw="7" slack="0"/>
<pin id="171" dir="1" index="2" bw="7" slack="0"/>
</pin_list>
<bind>
<opcode="read(1150) " fcode="read"/>
<opset="tmp_10_read/1 "/>
</bind>
</comp>

<comp id="174" class="1004" name="tmp_9_read_read_fu_174">
<pin_list>
<pin id="175" dir="0" index="0" bw="7" slack="0"/>
<pin id="176" dir="0" index="1" bw="7" slack="0"/>
<pin id="177" dir="1" index="2" bw="7" slack="0"/>
</pin_list>
<bind>
<opcode="read(1150) " fcode="read"/>
<opset="tmp_9_read/1 "/>
</bind>
</comp>

<comp id="180" class="1004" name="tmp_8_read_read_fu_180">
<pin_list>
<pin id="181" dir="0" index="0" bw="7" slack="0"/>
<pin id="182" dir="0" index="1" bw="7" slack="0"/>
<pin id="183" dir="1" index="2" bw="7" slack="0"/>
</pin_list>
<bind>
<opcode="read(1150) " fcode="read"/>
<opset="tmp_8_read/1 "/>
</bind>
</comp>

<comp id="186" class="1004" name="tmp_7_read_read_fu_186">
<pin_list>
<pin id="187" dir="0" index="0" bw="7" slack="0"/>
<pin id="188" dir="0" index="1" bw="7" slack="0"/>
<pin id="189" dir="1" index="2" bw="7" slack="0"/>
</pin_list>
<bind>
<opcode="read(1150) " fcode="read"/>
<opset="tmp_7_read/1 "/>
</bind>
</comp>

<comp id="192" class="1004" name="sext_ln150_read_read_fu_192">
<pin_list>
<pin id="193" dir="0" index="0" bw="62" slack="0"/>
<pin id="194" dir="0" index="1" bw="62" slack="0"/>
<pin id="195" dir="1" index="2" bw="62" slack="0"/>
</pin_list>
<bind>
<opcode="read(1150) " fcode="read"/>
<opset="sext_ln150_read/1 "/>
</bind>
</comp>

<comp id="198" class="1004" name="zext_ln154_read_read_fu_198">
<pin_list>
<pin id="199" dir="0" index="0" bw="7" slack="0"/>
<pin id="200" dir="0" index="1" bw="7" slack="0"/>
<pin id="201" dir="1" index="2" bw="7" slack="0"/>
</pin_list>
<bind>
<opcode="read(1150) " fcode="read"/>
<opset="zext_ln154_read/1 "/>
</bind>
</comp>

<comp id="204" class="1004" name="sext_ln150_1_read_read_fu_204">
<pin_list>
<pin id="205" dir="0" index="0" bw="62" slack="0"/>
<pin id="206" dir="0" index="1" bw="62" slack="0"/>
<pin id="207" dir="1" index="2" bw="62" slack="0"/>
</pin_list>
<bind>
<opcode="read(1150) " fcode="read"/>
<opset="sext_ln150_1_read/1 "/>
</bind>
</comp>

<comp id="210" class="1004" name="logits_0_01_read_read_fu_210">
<pin_list>
<pin id="211" dir="0" index="0" bw="32" slack="0"/>
<pin id="212" dir="0" index="1" bw="32" slack="0"/>
<pin id="213" dir="1" index="2" bw="32" slack="0"/>
</pin_list>
<bind>
<opcode="read(1150) " fcode="read"/>
<opset="logits_0_01_read/1 "/>
</bind>
</comp>

<comp id="216" class="1004" name="logits_1_02_read_read_fu_216">
<pin_list>
<pin id="217" dir="0" index="0" bw="32" slack="0"/>
<pin id="218" dir="0" index="1" bw="32" slack="0"/>
<pin id="219" dir="1" index="2" bw="32" slack="0"/>
</pin_list>
<bind>
<opcode="read(1150) " fcode="read"/>
<opset="logits_1_02_read/1 "/>
</bind>
</comp>

<comp id="222" class="1004" name="logits_2_03_read_read_fu_222">
<pin_list>
<pin id="223" dir="0" index="0" bw="32" slack="0"/>
<pin id="224" dir="0" index="1" bw="32" slack="0"/>
<pin id="225" dir="1" index="2" bw="32" slack="0"/>
</pin_list>
<bind>
<opcode="read(1150) " fcode="read"/>
<opset="logits_2_03_read/1 "/>
</bind>
</comp>

<comp id="228" class="1004" name="logits_3_04_read_read_fu_228">
<pin_list>
<pin id="229" dir="0" index="0" bw="32" slack="0"/>
<pin id="230" dir="0" index="1" bw="32" slack="0"/>
<pin id="231" dir="1" index="2" bw="32" slack="0"/>
</pin_list>
<bind>
<opcode="read(1150) " fcode="read"/>
<opset="logits_3_04_read/1 "/>
</bind>
</comp>

<comp id="234" class="1004" name="gmem2_addr_read_read_fu_234">
<pin_list>
<pin id="235" dir="0" index="0" bw="32" slack="0"/>
<pin id="236" dir="0" index="1" bw="32" slack="0"/>
<pin id="237" dir="1" index="2" bw="32" slack="3"/>
</pin_list>
<bind>
<opcode="read(1150) " fcode="read"/>
<opset="gmem2_addr_read/2 "/>
</bind>
</comp>

<comp id="239" class="1004" name="grp_read_fu_239">
<pin_list>
<pin id="240" dir="0" index="0" bw="32" slack="0"/>
<pin id="241" dir="0" index="1" bw="32" slack="0"/>
<pin id="242" dir="1" index="2" bw="32" slack="1"/>
</pin_list>
<bind>
<opcode="read(1150) " fcode="read"/>
<opset="gmem1_addr_read/2 gmem1_addr_read_1/3 gmem1_addr_read_2/4 gmem1_addr_read_3/5 gmem1_addr_read_4/6 gmem1_addr_read_5/7 gmem1_addr_read_6/8 gmem1_addr_read_7/9 gmem1_addr_read_8/10 gmem1_addr_read_9/11 gmem1_addr_read_10/12 gmem1_addr_read_11/13 gmem1_addr_read_12/14 gmem1_addr_read_13/15 gmem1_addr_read_14/16 gmem1_addr_read_15/17 gmem1_addr_read_16/18 gmem1_addr_read_17/19 gmem1_addr_read_18/20 gmem1_addr_read_19/21 gmem1_addr_read_20/22 gmem1_addr_read_21/23 gmem1_addr_read_22/24 gmem1_addr_read_23/25 gmem1_addr_read_24/26 gmem1_addr_read_25/27 gmem1_addr_read_26/28 gmem1_addr_read_27/29 gmem1_addr_read_28/30 gmem1_addr_read_29/31 gmem1_addr_read_30/32 gmem1_addr_read_31/33 gmem1_addr_read_32/34 gmem1_addr_read_33/35 gmem1_addr_read_34/36 gmem1_addr_read_35/37 gmem1_addr_read_36/38 gmem1_addr_read_37/39 gmem1_addr_read_38/40 gmem1_addr_read_39/41 gmem1_addr_read_40/42 gmem1_addr_read_41/43 gmem1_addr_read_42/44 gmem1_addr_read_43/45 gmem1_addr_read_44/46 gmem1_addr_read_45/47 gmem1_addr_read_46/48 gmem1_addr_read_47/49 gmem1_addr_read_48/50 gmem1_addr_read_49/51 gmem1_addr_read_50/52 gmem1_addr_read_51/53 gmem1_addr_read_52/54 gmem1_addr_read_53/55 gmem1_addr_read_54/56 gmem1_addr_read_55/57 gmem1_addr_read_56/58 gmem1_addr_read_57/59 gmem1_addr_read_58/60 gmem1_addr_read_59/61 gmem1_addr_read_60/62 gmem1_addr_read_61/63 gmem1_addr_read_62/64 gmem1_addr_read_63/65 "/>
</bind>
</comp>

<comp id="244" class="1004" name="write_ln0_write_fu_244">
<pin_list>
<pin id="245" dir="0" index="0" bw="0" slack="0"/>
<pin id="246" dir="0" index="1" bw="32" slack="0"/>
<pin id="247" dir="0" index="2" bw="32" slack="0"/>
<pin id="248" dir="1" index="3" bw="0" slack="2147483647"/>
</pin_list>
<bind>
<opcode="write(1151) " fcode="write"/>
<opset="write_ln0/71 "/>
</bind>
</comp>

<comp id="251" class="1004" name="write_ln0_write_fu_251">
<pin_list>
<pin id="252" dir="0" index="0" bw="0" slack="0"/>
<pin id="253" dir="0" index="1" bw="32" slack="0"/>
<pin id="254" dir="0" index="2" bw="32" slack="0"/>
<pin id="255" dir="1" index="3" bw="0" slack="2147483647"/>
</pin_list>
<bind>
<opcode="write(1151) " fcode="write"/>
<opset="write_ln0/71 "/>
</bind>
</comp>

<comp id="258" class="1004" name="write_ln0_write_fu_258">
<pin_list>
<pin id="259" dir="0" index="0" bw="0" slack="0"/>
<pin id="260" dir="0" index="1" bw="32" slack="0"/>
<pin id="261" dir="0" index="2" bw="32" slack="0"/>
<pin id="262" dir="1" index="3" bw="0" slack="2147483647"/>
</pin_list>
<bind>
<opcode="write(1151) " fcode="write"/>
<opset="write_ln0/71 "/>
</bind>
</comp>

<comp id="265" class="1004" name="write_ln0_write_fu_265">
<pin_list>
<pin id="266" dir="0" index="0" bw="0" slack="0"/>
<pin id="267" dir="0" index="1" bw="32" slack="0"/>
<pin id="268" dir="0" index="2" bw="32" slack="0"/>
<pin id="269" dir="1" index="3" bw="0" slack="2147483647"/>
</pin_list>
<bind>
<opcode="write(1151) " fcode="write"/>
<opset="write_ln0/71 "/>
</bind>
</comp>

<comp id="272" class="1004" name="write_ln0_write_fu_272">
<pin_list>
<pin id="273" dir="0" index="0" bw="0" slack="0"/>
<pin id="274" dir="0" index="1" bw="32" slack="0"/>
<pin id="275" dir="0" index="2" bw="32" slack="0"/>
<pin id="276" dir="1" index="3" bw="0" slack="2147483647"/>
</pin_list>
<bind>
<opcode="write(1151) " fcode="write"/>
<opset="write_ln0/71 "/>
</bind>
</comp>

<comp id="279" class="1004" name="input_local_addr_gep_fu_279">
<pin_list>
<pin id="280" dir="0" index="0" bw="32" slack="0"/>
<pin id="281" dir="0" index="1" bw="1" slack="0"/>
<pin id="282" dir="0" index="2" bw="7" slack="0"/>
<pin id="283" dir="1" index="3" bw="7" slack="0"/>
</pin_list>
<bind>
<opcode="getelementptr(29) " fcode="getelementptr"/>
<opset="input_local_addr/1 "/>
</bind>
</comp>

<comp id="286" class="1004" name="input_local_1_addr_gep_fu_286">
<pin_list>
<pin id="287" dir="0" index="0" bw="32" slack="0"/>
<pin id="288" dir="0" index="1" bw="1" slack="0"/>
<pin id="289" dir="0" index="2" bw="7" slack="0"/>
<pin id="290" dir="1" index="3" bw="7" slack="0"/>
</pin_list>
<bind>
<opcode="getelementptr(29) " fcode="getelementptr"/>
<opset="input_local_1_addr/1 "/>
</bind>
</comp>

<comp id="293" class="1004" name="input_local_2_addr_gep_fu_293">
<pin_list>
<pin id="294" dir="0" index="0" bw="32" slack="0"/>
<pin id="295" dir="0" index="1" bw="1" slack="0"/>
<pin id="296" dir="0" index="2" bw="7" slack="0"/>
<pin id="297" dir="1" index="3" bw="7" slack="0"/>
</pin_list>
<bind>
<opcode="getelementptr(29) " fcode="getelementptr"/>
<opset="input_local_2_addr/1 "/>
</bind>
</comp>

<comp id="300" class="1004" name="input_local_3_addr_gep_fu_300">
<pin_list>
<pin id="301" dir="0" index="0" bw="32" slack="0"/>
<pin id="302" dir="0" index="1" bw="1" slack="0"/>
<pin id="303" dir="0" index="2" bw="7" slack="0"/>
<pin id="304" dir="1" index="3" bw="7" slack="0"/>
</pin_list>
<bind>
<opcode="getelementptr(29) " fcode="getelementptr"/>
<opset="input_local_3_addr/1 "/>
</bind>
</comp>

<comp id="307" class="1004" name="input_local_4_addr_gep_fu_307">
<pin_list>
<pin id="308" dir="0" index="0" bw="32" slack="0"/>
<pin id="309" dir="0" index="1" bw="1" slack="0"/>
<pin id="310" dir="0" index="2" bw="7" slack="0"/>
<pin id="311" dir="1" index="3" bw="7" slack="0"/>
</pin_list>
<bind>
<opcode="getelementptr(29) " fcode="getelementptr"/>
<opset="input_local_4_addr/1 "/>
</bind>
</comp>

<comp id="314" class="1004" name="input_local_5_addr_gep_fu_314">
<pin_list>
<pin id="315" dir="0" index="0" bw="32" slack="0"/>
<pin id="316" dir="0" index="1" bw="1" slack="0"/>
<pin id="317" dir="0" index="2" bw="7" slack="0"/>
<pin id="318" dir="1" index="3" bw="7" slack="0"/>
</pin_list>
<bind>
<opcode="getelementptr(29) " fcode="getelementptr"/>
<opset="input_local_5_addr/1 "/>
</bind>
</comp>

<comp id="321" class="1004" name="input_local_6_addr_gep_fu_321">
<pin_list>
<pin id="322" dir="0" index="0" bw="32" slack="0"/>
<pin id="323" dir="0" index="1" bw="1" slack="0"/>
<pin id="324" dir="0" index="2" bw="7" slack="0"/>
<pin id="325" dir="1" index="3" bw="7" slack="0"/>
</pin_list>
<bind>
<opcode="getelementptr(29) " fcode="getelementptr"/>
<opset="input_local_6_addr/1 "/>
</bind>
</comp>

<comp id="328" class="1004" name="input_local_7_addr_gep_fu_328">
<pin_list>
<pin id="329" dir="0" index="0" bw="32" slack="0"/>
<pin id="330" dir="0" index="1" bw="1" slack="0"/>
<pin id="331" dir="0" index="2" bw="7" slack="0"/>
<pin id="332" dir="1" index="3" bw="7" slack="0"/>
</pin_list>
<bind>
<opcode="getelementptr(29) " fcode="getelementptr"/>
<opset="input_local_7_addr/1 "/>
</bind>
</comp>

<comp id="335" class="1004" name="input_local_addr_1_gep_fu_335">
<pin_list>
<pin id="336" dir="0" index="0" bw="32" slack="0"/>
<pin id="337" dir="0" index="1" bw="1" slack="0"/>
<pin id="338" dir="0" index="2" bw="7" slack="0"/>
<pin id="339" dir="1" index="3" bw="7" slack="0"/>
</pin_list>
<bind>
<opcode="getelementptr(29) " fcode="getelementptr"/>
<opset="input_local_addr_1/1 "/>
</bind>
</comp>

<comp id="342" class="1004" name="input_local_1_addr_1_gep_fu_342">
<pin_list>
<pin id="343" dir="0" index="0" bw="32" slack="0"/>
<pin id="344" dir="0" index="1" bw="1" slack="0"/>
<pin id="345" dir="0" index="2" bw="7" slack="0"/>
<pin id="346" dir="1" index="3" bw="7" slack="0"/>
</pin_list>
<bind>
<opcode="getelementptr(29) " fcode="getelementptr"/>
<opset="input_local_1_addr_1/1 "/>
</bind>
</comp>

<comp id="349" class="1004" name="input_local_2_addr_1_gep_fu_349">
<pin_list>
<pin id="350" dir="0" index="0" bw="32" slack="0"/>
<pin id="351" dir="0" index="1" bw="1" slack="0"/>
<pin id="352" dir="0" index="2" bw="7" slack="0"/>
<pin id="353" dir="1" index="3" bw="7" slack="0"/>
</pin_list>
<bind>
<opcode="getelementptr(29) " fcode="getelementptr"/>
<opset="input_local_2_addr_1/1 "/>
</bind>
</comp>

<comp id="356" class="1004" name="input_local_3_addr_1_gep_fu_356">
<pin_list>
<pin id="357" dir="0" index="0" bw="32" slack="0"/>
<pin id="358" dir="0" index="1" bw="1" slack="0"/>
<pin id="359" dir="0" index="2" bw="7" slack="0"/>
<pin id="360" dir="1" index="3" bw="7" slack="0"/>
</pin_list>
<bind>
<opcode="getelementptr(29) " fcode="getelementptr"/>
<opset="input_local_3_addr_1/1 "/>
</bind>
</comp>

<comp id="363" class="1004" name="input_local_4_addr_1_gep_fu_363">
<pin_list>
<pin id="364" dir="0" index="0" bw="32" slack="0"/>
<pin id="365" dir="0" index="1" bw="1" slack="0"/>
<pin id="366" dir="0" index="2" bw="7" slack="0"/>
<pin id="367" dir="1" index="3" bw="7" slack="0"/>
</pin_list>
<bind>
<opcode="getelementptr(29) " fcode="getelementptr"/>
<opset="input_local_4_addr_1/1 "/>
</bind>
</comp>

<comp id="370" class="1004" name="input_local_5_addr_1_gep_fu_370">
<pin_list>
<pin id="371" dir="0" index="0" bw="32" slack="0"/>
<pin id="372" dir="0" index="1" bw="1" slack="0"/>
<pin id="373" dir="0" index="2" bw="7" slack="0"/>
<pin id="374" dir="1" index="3" bw="7" slack="0"/>
</pin_list>
<bind>
<opcode="getelementptr(29) " fcode="getelementptr"/>
<opset="input_local_5_addr_1/1 "/>
</bind>
</comp>

<comp id="377" class="1004" name="input_local_6_addr_1_gep_fu_377">
<pin_list>
<pin id="378" dir="0" index="0" bw="32" slack="0"/>
<pin id="379" dir="0" index="1" bw="1" slack="0"/>
<pin id="380" dir="0" index="2" bw="7" slack="0"/>
<pin id="381" dir="1" index="3" bw="7" slack="0"/>
</pin_list>
<bind>
<opcode="getelementptr(29) " fcode="getelementptr"/>
<opset="input_local_6_addr_1/1 "/>
</bind>
</comp>

<comp id="384" class="1004" name="input_local_7_addr_1_gep_fu_384">
<pin_list>
<pin id="385" dir="0" index="0" bw="32" slack="0"/>
<pin id="386" dir="0" index="1" bw="1" slack="0"/>
<pin id="387" dir="0" index="2" bw="7" slack="0"/>
<pin id="388" dir="1" index="3" bw="7" slack="0"/>
</pin_list>
<bind>
<opcode="getelementptr(29) " fcode="getelementptr"/>
<opset="input_local_7_addr_1/1 "/>
</bind>
</comp>

<comp id="391" class="1004" name="grp_access_fu_391">
<pin_list>
<pin id="392" dir="0" index="0" bw="7" slack="0"/>
<pin id="393" dir="0" index="1" bw="32" slack="2147483647"/>
<pin id="394" dir="0" index="2" bw="0" slack="0"/>
<pin id="396" dir="0" index="4" bw="7" slack="2147483647"/>
<pin id="397" dir="0" index="5" bw="32" slack="2147483647"/>
<pin id="398" dir="0" index="6" bw="0" slack="2147483647"/>
<pin id="395" dir="1" index="3" bw="32" slack="9"/>
<pin id="399" dir="1" index="7" bw="32" slack="1"/>
</pin_list>
<bind>
<opcode="load(27) " fcode="load"/>
<opset="input_local_load/1 input_local_load_1/1 input_local_load_2/2 input_local_load_3/2 input_local_load_4/3 input_local_load_5/3 input_local_load_6/4 input_local_load_7/4 "/>
</bind>
</comp>

<comp id="401" class="1004" name="grp_access_fu_401">
<pin_list>
<pin id="402" dir="0" index="0" bw="7" slack="0"/>
<pin id="403" dir="0" index="1" bw="32" slack="2147483647"/>
<pin id="404" dir="0" index="2" bw="0" slack="0"/>
<pin id="406" dir="0" index="4" bw="7" slack="2147483647"/>
<pin id="407" dir="0" index="5" bw="32" slack="2147483647"/>
<pin id="408" dir="0" index="6" bw="0" slack="2147483647"/>
<pin id="405" dir="1" index="3" bw="32" slack="10"/>
<pin id="409" dir="1" index="7" bw="32" slack="2"/>
</pin_list>
<bind>
<opcode="load(27) " fcode="load"/>
<opset="input_local_1_load/1 input_local_1_load_1/1 input_local_1_load_2/2 input_local_1_load_3/2 input_local_1_load_4/3 input_local_1_load_5/3 input_local_1_load_6/4 input_local_1_load_7/4 "/>
</bind>
</comp>

<comp id="411" class="1004" name="grp_access_fu_411">
<pin_list>
<pin id="412" dir="0" index="0" bw="7" slack="0"/>
<pin id="413" dir="0" index="1" bw="32" slack="2147483647"/>
<pin id="414" dir="0" index="2" bw="0" slack="0"/>
<pin id="416" dir="0" index="4" bw="7" slack="2147483647"/>
<pin id="417" dir="0" index="5" bw="32" slack="2147483647"/>
<pin id="418" dir="0" index="6" bw="0" slack="2147483647"/>
<pin id="415" dir="1" index="3" bw="32" slack="11"/>
<pin id="419" dir="1" index="7" bw="32" slack="3"/>
</pin_list>
<bind>
<opcode="load(27) " fcode="load"/>
<opset="input_local_2_load/1 input_local_2_load_1/1 input_local_2_load_2/2 input_local_2_load_3/2 input_local_2_load_4/3 input_local_2_load_5/3 input_local_2_load_6/4 input_local_2_load_7/4 "/>
</bind>
</comp>

<comp id="421" class="1004" name="grp_access_fu_421">
<pin_list>
<pin id="422" dir="0" index="0" bw="7" slack="0"/>
<pin id="423" dir="0" index="1" bw="32" slack="2147483647"/>
<pin id="424" dir="0" index="2" bw="0" slack="0"/>
<pin id="426" dir="0" index="4" bw="7" slack="2147483647"/>
<pin id="427" dir="0" index="5" bw="32" slack="2147483647"/>
<pin id="428" dir="0" index="6" bw="0" slack="2147483647"/>
<pin id="425" dir="1" index="3" bw="32" slack="12"/>
<pin id="429" dir="1" index="7" bw="32" slack="4"/>
</pin_list>
<bind>
<opcode="load(27) " fcode="load"/>
<opset="input_local_3_load/1 input_local_3_load_1/1 input_local_3_load_2/2 input_local_3_load_3/2 input_local_3_load_4/3 input_local_3_load_5/3 input_local_3_load_6/4 input_local_3_load_7/4 "/>
</bind>
</comp>

<comp id="431" class="1004" name="grp_access_fu_431">
<pin_list>
<pin id="432" dir="0" index="0" bw="7" slack="0"/>
<pin id="433" dir="0" index="1" bw="32" slack="2147483647"/>
<pin id="434" dir="0" index="2" bw="0" slack="0"/>
<pin id="436" dir="0" index="4" bw="7" slack="2147483647"/>
<pin id="437" dir="0" index="5" bw="32" slack="2147483647"/>
<pin id="438" dir="0" index="6" bw="0" slack="2147483647"/>
<pin id="435" dir="1" index="3" bw="32" slack="13"/>
<pin id="439" dir="1" index="7" bw="32" slack="5"/>
</pin_list>
<bind>
<opcode="load(27) " fcode="load"/>
<opset="input_local_4_load/1 input_local_4_load_1/1 input_local_4_load_2/2 input_local_4_load_3/2 input_local_4_load_4/3 input_local_4_load_5/3 input_local_4_load_6/4 input_local_4_load_7/4 "/>
</bind>
</comp>

<comp id="441" class="1004" name="grp_access_fu_441">
<pin_list>
<pin id="442" dir="0" index="0" bw="7" slack="0"/>
<pin id="443" dir="0" index="1" bw="32" slack="2147483647"/>
<pin id="444" dir="0" index="2" bw="0" slack="0"/>
<pin id="446" dir="0" index="4" bw="7" slack="2147483647"/>
<pin id="447" dir="0" index="5" bw="32" slack="2147483647"/>
<pin id="448" dir="0" index="6" bw="0" slack="2147483647"/>
<pin id="445" dir="1" index="3" bw="32" slack="14"/>
<pin id="449" dir="1" index="7" bw="32" slack="6"/>
</pin_list>
<bind>
<opcode="load(27) " fcode="load"/>
<opset="input_local_5_load/1 input_local_5_load_1/1 input_local_5_load_2/2 input_local_5_load_3/2 input_local_5_load_4/3 input_local_5_load_5/3 input_local_5_load_6/4 input_local_5_load_7/4 "/>
</bind>
</comp>

<comp id="451" class="1004" name="grp_access_fu_451">
<pin_list>
<pin id="452" dir="0" index="0" bw="7" slack="0"/>
<pin id="453" dir="0" index="1" bw="32" slack="2147483647"/>
<pin id="454" dir="0" index="2" bw="0" slack="0"/>
<pin id="456" dir="0" index="4" bw="7" slack="2147483647"/>
<pin id="457" dir="0" index="5" bw="32" slack="2147483647"/>
<pin id="458" dir="0" index="6" bw="0" slack="2147483647"/>
<pin id="455" dir="1" index="3" bw="32" slack="15"/>
<pin id="459" dir="1" index="7" bw="32" slack="7"/>
</pin_list>
<bind>
<opcode="load(27) " fcode="load"/>
<opset="input_local_6_load/1 input_local_6_load_1/1 input_local_6_load_2/2 input_local_6_load_3/2 input_local_6_load_4/3 input_local_6_load_5/3 input_local_6_load_6/4 input_local_6_load_7/4 "/>
</bind>
</comp>

<comp id="461" class="1004" name="grp_access_fu_461">
<pin_list>
<pin id="462" dir="0" index="0" bw="7" slack="0"/>
<pin id="463" dir="0" index="1" bw="32" slack="2147483647"/>
<pin id="464" dir="0" index="2" bw="0" slack="0"/>
<pin id="466" dir="0" index="4" bw="7" slack="2147483647"/>
<pin id="467" dir="0" index="5" bw="32" slack="2147483647"/>
<pin id="468" dir="0" index="6" bw="0" slack="2147483647"/>
<pin id="465" dir="1" index="3" bw="32" slack="16"/>
<pin id="469" dir="1" index="7" bw="32" slack="8"/>
</pin_list>
<bind>
<opcode="load(27) " fcode="load"/>
<opset="input_local_7_load/1 input_local_7_load_1/1 input_local_7_load_2/2 input_local_7_load_3/2 input_local_7_load_4/3 input_local_7_load_5/3 input_local_7_load_6/4 input_local_7_load_7/4 "/>
</bind>
</comp>

<comp id="479" class="1004" name="input_local_addr_2_gep_fu_479">
<pin_list>
<pin id="480" dir="0" index="0" bw="32" slack="0"/>
<pin id="481" dir="0" index="1" bw="1" slack="0"/>
<pin id="482" dir="0" index="2" bw="7" slack="1"/>
<pin id="483" dir="1" index="3" bw="7" slack="0"/>
</pin_list>
<bind>
<opcode="getelementptr(29) " fcode="getelementptr"/>
<opset="input_local_addr_2/2 "/>
</bind>
</comp>

<comp id="486" class="1004" name="input_local_1_addr_2_gep_fu_486">
<pin_list>
<pin id="487" dir="0" index="0" bw="32" slack="0"/>
<pin id="488" dir="0" index="1" bw="1" slack="0"/>
<pin id="489" dir="0" index="2" bw="7" slack="1"/>
<pin id="490" dir="1" index="3" bw="7" slack="0"/>
</pin_list>
<bind>
<opcode="getelementptr(29) " fcode="getelementptr"/>
<opset="input_local_1_addr_2/2 "/>
</bind>
</comp>

<comp id="493" class="1004" name="input_local_2_addr_2_gep_fu_493">
<pin_list>
<pin id="494" dir="0" index="0" bw="32" slack="0"/>
<pin id="495" dir="0" index="1" bw="1" slack="0"/>
<pin id="496" dir="0" index="2" bw="7" slack="1"/>
<pin id="497" dir="1" index="3" bw="7" slack="0"/>
</pin_list>
<bind>
<opcode="getelementptr(29) " fcode="getelementptr"/>
<opset="input_local_2_addr_2/2 "/>
</bind>
</comp>

<comp id="500" class="1004" name="input_local_3_addr_2_gep_fu_500">
<pin_list>
<pin id="501" dir="0" index="0" bw="32" slack="0"/>
<pin id="502" dir="0" index="1" bw="1" slack="0"/>
<pin id="503" dir="0" index="2" bw="7" slack="1"/>
<pin id="504" dir="1" index="3" bw="7" slack="0"/>
</pin_list>
<bind>
<opcode="getelementptr(29) " fcode="getelementptr"/>
<opset="input_local_3_addr_2/2 "/>
</bind>
</comp>

<comp id="507" class="1004" name="input_local_4_addr_2_gep_fu_507">
<pin_list>
<pin id="508" dir="0" index="0" bw="32" slack="0"/>
<pin id="509" dir="0" index="1" bw="1" slack="0"/>
<pin id="510" dir="0" index="2" bw="7" slack="1"/>
<pin id="511" dir="1" index="3" bw="7" slack="0"/>
</pin_list>
<bind>
<opcode="getelementptr(29) " fcode="getelementptr"/>
<opset="input_local_4_addr_2/2 "/>
</bind>
</comp>

<comp id="514" class="1004" name="input_local_5_addr_2_gep_fu_514">
<pin_list>
<pin id="515" dir="0" index="0" bw="32" slack="0"/>
<pin id="516" dir="0" index="1" bw="1" slack="0"/>
<pin id="517" dir="0" index="2" bw="7" slack="1"/>
<pin id="518" dir="1" index="3" bw="7" slack="0"/>
</pin_list>
<bind>
<opcode="getelementptr(29) " fcode="getelementptr"/>
<opset="input_local_5_addr_2/2 "/>
</bind>
</comp>

<comp id="521" class="1004" name="input_local_6_addr_2_gep_fu_521">
<pin_list>
<pin id="522" dir="0" index="0" bw="32" slack="0"/>
<pin id="523" dir="0" index="1" bw="1" slack="0"/>
<pin id="524" dir="0" index="2" bw="7" slack="1"/>
<pin id="525" dir="1" index="3" bw="7" slack="0"/>
</pin_list>
<bind>
<opcode="getelementptr(29) " fcode="getelementptr"/>
<opset="input_local_6_addr_2/2 "/>
</bind>
</comp>

<comp id="528" class="1004" name="input_local_7_addr_2_gep_fu_528">
<pin_list>
<pin id="529" dir="0" index="0" bw="32" slack="0"/>
<pin id="530" dir="0" index="1" bw="1" slack="0"/>
<pin id="531" dir="0" index="2" bw="7" slack="1"/>
<pin id="532" dir="1" index="3" bw="7" slack="0"/>
</pin_list>
<bind>
<opcode="getelementptr(29) " fcode="getelementptr"/>
<opset="input_local_7_addr_2/2 "/>
</bind>
</comp>

<comp id="535" class="1004" name="input_local_addr_3_gep_fu_535">
<pin_list>
<pin id="536" dir="0" index="0" bw="32" slack="0"/>
<pin id="537" dir="0" index="1" bw="1" slack="0"/>
<pin id="538" dir="0" index="2" bw="7" slack="1"/>
<pin id="539" dir="1" index="3" bw="7" slack="0"/>
</pin_list>
<bind>
<opcode="getelementptr(29) " fcode="getelementptr"/>
<opset="input_local_addr_3/2 "/>
</bind>
</comp>

<comp id="542" class="1004" name="input_local_1_addr_3_gep_fu_542">
<pin_list>
<pin id="543" dir="0" index="0" bw="32" slack="0"/>
<pin id="544" dir="0" index="1" bw="1" slack="0"/>
<pin id="545" dir="0" index="2" bw="7" slack="1"/>
<pin id="546" dir="1" index="3" bw="7" slack="0"/>
</pin_list>
<bind>
<opcode="getelementptr(29) " fcode="getelementptr"/>
<opset="input_local_1_addr_3/2 "/>
</bind>
</comp>

<comp id="549" class="1004" name="input_local_2_addr_3_gep_fu_549">
<pin_list>
<pin id="550" dir="0" index="0" bw="32" slack="0"/>
<pin id="551" dir="0" index="1" bw="1" slack="0"/>
<pin id="552" dir="0" index="2" bw="7" slack="1"/>
<pin id="553" dir="1" index="3" bw="7" slack="0"/>
</pin_list>
<bind>
<opcode="getelementptr(29) " fcode="getelementptr"/>
<opset="input_local_2_addr_3/2 "/>
</bind>
</comp>

<comp id="556" class="1004" name="input_local_3_addr_3_gep_fu_556">
<pin_list>
<pin id="557" dir="0" index="0" bw="32" slack="0"/>
<pin id="558" dir="0" index="1" bw="1" slack="0"/>
<pin id="559" dir="0" index="2" bw="7" slack="1"/>
<pin id="560" dir="1" index="3" bw="7" slack="0"/>
</pin_list>
<bind>
<opcode="getelementptr(29) " fcode="getelementptr"/>
<opset="input_local_3_addr_3/2 "/>
</bind>
</comp>

<comp id="563" class="1004" name="input_local_4_addr_3_gep_fu_563">
<pin_list>
<pin id="564" dir="0" index="0" bw="32" slack="0"/>
<pin id="565" dir="0" index="1" bw="1" slack="0"/>
<pin id="566" dir="0" index="2" bw="7" slack="1"/>
<pin id="567" dir="1" index="3" bw="7" slack="0"/>
</pin_list>
<bind>
<opcode="getelementptr(29) " fcode="getelementptr"/>
<opset="input_local_4_addr_3/2 "/>
</bind>
</comp>

<comp id="570" class="1004" name="input_local_5_addr_3_gep_fu_570">
<pin_list>
<pin id="571" dir="0" index="0" bw="32" slack="0"/>
<pin id="572" dir="0" index="1" bw="1" slack="0"/>
<pin id="573" dir="0" index="2" bw="7" slack="1"/>
<pin id="574" dir="1" index="3" bw="7" slack="0"/>
</pin_list>
<bind>
<opcode="getelementptr(29) " fcode="getelementptr"/>
<opset="input_local_5_addr_3/2 "/>
</bind>
</comp>

<comp id="577" class="1004" name="input_local_6_addr_3_gep_fu_577">
<pin_list>
<pin id="578" dir="0" index="0" bw="32" slack="0"/>
<pin id="579" dir="0" index="1" bw="1" slack="0"/>
<pin id="580" dir="0" index="2" bw="7" slack="1"/>
<pin id="581" dir="1" index="3" bw="7" slack="0"/>
</pin_list>
<bind>
<opcode="getelementptr(29) " fcode="getelementptr"/>
<opset="input_local_6_addr_3/2 "/>
</bind>
</comp>

<comp id="584" class="1004" name="input_local_7_addr_3_gep_fu_584">
<pin_list>
<pin id="585" dir="0" index="0" bw="32" slack="0"/>
<pin id="586" dir="0" index="1" bw="1" slack="0"/>
<pin id="587" dir="0" index="2" bw="7" slack="1"/>
<pin id="588" dir="1" index="3" bw="7" slack="0"/>
</pin_list>
<bind>
<opcode="getelementptr(29) " fcode="getelementptr"/>
<opset="input_local_7_addr_3/2 "/>
</bind>
</comp>

<comp id="607" class="1004" name="input_local_addr_4_gep_fu_607">
<pin_list>
<pin id="608" dir="0" index="0" bw="32" slack="0"/>
<pin id="609" dir="0" index="1" bw="1" slack="0"/>
<pin id="610" dir="0" index="2" bw="7" slack="2"/>
<pin id="611" dir="1" index="3" bw="7" slack="0"/>
</pin_list>
<bind>
<opcode="getelementptr(29) " fcode="getelementptr"/>
<opset="input_local_addr_4/3 "/>
</bind>
</comp>

<comp id="614" class="1004" name="input_local_1_addr_4_gep_fu_614">
<pin_list>
<pin id="615" dir="0" index="0" bw="32" slack="0"/>
<pin id="616" dir="0" index="1" bw="1" slack="0"/>
<pin id="617" dir="0" index="2" bw="7" slack="2"/>
<pin id="618" dir="1" index="3" bw="7" slack="0"/>
</pin_list>
<bind>
<opcode="getelementptr(29) " fcode="getelementptr"/>
<opset="input_local_1_addr_4/3 "/>
</bind>
</comp>

<comp id="621" class="1004" name="input_local_2_addr_4_gep_fu_621">
<pin_list>
<pin id="622" dir="0" index="0" bw="32" slack="0"/>
<pin id="623" dir="0" index="1" bw="1" slack="0"/>
<pin id="624" dir="0" index="2" bw="7" slack="2"/>
<pin id="625" dir="1" index="3" bw="7" slack="0"/>
</pin_list>
<bind>
<opcode="getelementptr(29) " fcode="getelementptr"/>
<opset="input_local_2_addr_4/3 "/>
</bind>
</comp>

<comp id="628" class="1004" name="input_local_3_addr_4_gep_fu_628">
<pin_list>
<pin id="629" dir="0" index="0" bw="32" slack="0"/>
<pin id="630" dir="0" index="1" bw="1" slack="0"/>
<pin id="631" dir="0" index="2" bw="7" slack="2"/>
<pin id="632" dir="1" index="3" bw="7" slack="0"/>
</pin_list>
<bind>
<opcode="getelementptr(29) " fcode="getelementptr"/>
<opset="input_local_3_addr_4/3 "/>
</bind>
</comp>

<comp id="635" class="1004" name="input_local_4_addr_4_gep_fu_635">
<pin_list>
<pin id="636" dir="0" index="0" bw="32" slack="0"/>
<pin id="637" dir="0" index="1" bw="1" slack="0"/>
<pin id="638" dir="0" index="2" bw="7" slack="2"/>
<pin id="639" dir="1" index="3" bw="7" slack="0"/>
</pin_list>
<bind>
<opcode="getelementptr(29) " fcode="getelementptr"/>
<opset="input_local_4_addr_4/3 "/>
</bind>
</comp>

<comp id="642" class="1004" name="input_local_5_addr_4_gep_fu_642">
<pin_list>
<pin id="643" dir="0" index="0" bw="32" slack="0"/>
<pin id="644" dir="0" index="1" bw="1" slack="0"/>
<pin id="645" dir="0" index="2" bw="7" slack="2"/>
<pin id="646" dir="1" index="3" bw="7" slack="0"/>
</pin_list>
<bind>
<opcode="getelementptr(29) " fcode="getelementptr"/>
<opset="input_local_5_addr_4/3 "/>
</bind>
</comp>

<comp id="649" class="1004" name="input_local_6_addr_4_gep_fu_649">
<pin_list>
<pin id="650" dir="0" index="0" bw="32" slack="0"/>
<pin id="651" dir="0" index="1" bw="1" slack="0"/>
<pin id="652" dir="0" index="2" bw="7" slack="2"/>
<pin id="653" dir="1" index="3" bw="7" slack="0"/>
</pin_list>
<bind>
<opcode="getelementptr(29) " fcode="getelementptr"/>
<opset="input_local_6_addr_4/3 "/>
</bind>
</comp>

<comp id="656" class="1004" name="input_local_7_addr_4_gep_fu_656">
<pin_list>
<pin id="657" dir="0" index="0" bw="32" slack="0"/>
<pin id="658" dir="0" index="1" bw="1" slack="0"/>
<pin id="659" dir="0" index="2" bw="7" slack="2"/>
<pin id="660" dir="1" index="3" bw="7" slack="0"/>
</pin_list>
<bind>
<opcode="getelementptr(29) " fcode="getelementptr"/>
<opset="input_local_7_addr_4/3 "/>
</bind>
</comp>

<comp id="663" class="1004" name="input_local_addr_5_gep_fu_663">
<pin_list>
<pin id="664" dir="0" index="0" bw="32" slack="0"/>
<pin id="665" dir="0" index="1" bw="1" slack="0"/>
<pin id="666" dir="0" index="2" bw="7" slack="2"/>
<pin id="667" dir="1" index="3" bw="7" slack="0"/>
</pin_list>
<bind>
<opcode="getelementptr(29) " fcode="getelementptr"/>
<opset="input_local_addr_5/3 "/>
</bind>
</comp>

<comp id="670" class="1004" name="input_local_1_addr_5_gep_fu_670">
<pin_list>
<pin id="671" dir="0" index="0" bw="32" slack="0"/>
<pin id="672" dir="0" index="1" bw="1" slack="0"/>
<pin id="673" dir="0" index="2" bw="7" slack="2"/>
<pin id="674" dir="1" index="3" bw="7" slack="0"/>
</pin_list>
<bind>
<opcode="getelementptr(29) " fcode="getelementptr"/>
<opset="input_local_1_addr_5/3 "/>
</bind>
</comp>

<comp id="677" class="1004" name="input_local_2_addr_5_gep_fu_677">
<pin_list>
<pin id="678" dir="0" index="0" bw="32" slack="0"/>
<pin id="679" dir="0" index="1" bw="1" slack="0"/>
<pin id="680" dir="0" index="2" bw="7" slack="2"/>
<pin id="681" dir="1" index="3" bw="7" slack="0"/>
</pin_list>
<bind>
<opcode="getelementptr(29) " fcode="getelementptr"/>
<opset="input_local_2_addr_5/3 "/>
</bind>
</comp>

<comp id="684" class="1004" name="input_local_3_addr_5_gep_fu_684">
<pin_list>
<pin id="685" dir="0" index="0" bw="32" slack="0"/>
<pin id="686" dir="0" index="1" bw="1" slack="0"/>
<pin id="687" dir="0" index="2" bw="7" slack="2"/>
<pin id="688" dir="1" index="3" bw="7" slack="0"/>
</pin_list>
<bind>
<opcode="getelementptr(29) " fcode="getelementptr"/>
<opset="input_local_3_addr_5/3 "/>
</bind>
</comp>

<comp id="691" class="1004" name="input_local_4_addr_5_gep_fu_691">
<pin_list>
<pin id="692" dir="0" index="0" bw="32" slack="0"/>
<pin id="693" dir="0" index="1" bw="1" slack="0"/>
<pin id="694" dir="0" index="2" bw="7" slack="2"/>
<pin id="695" dir="1" index="3" bw="7" slack="0"/>
</pin_list>
<bind>
<opcode="getelementptr(29) " fcode="getelementptr"/>
<opset="input_local_4_addr_5/3 "/>
</bind>
</comp>

<comp id="698" class="1004" name="input_local_5_addr_5_gep_fu_698">
<pin_list>
<pin id="699" dir="0" index="0" bw="32" slack="0"/>
<pin id="700" dir="0" index="1" bw="1" slack="0"/>
<pin id="701" dir="0" index="2" bw="7" slack="2"/>
<pin id="702" dir="1" index="3" bw="7" slack="0"/>
</pin_list>
<bind>
<opcode="getelementptr(29) " fcode="getelementptr"/>
<opset="input_local_5_addr_5/3 "/>
</bind>
</comp>

<comp id="705" class="1004" name="input_local_6_addr_5_gep_fu_705">
<pin_list>
<pin id="706" dir="0" index="0" bw="32" slack="0"/>
<pin id="707" dir="0" index="1" bw="1" slack="0"/>
<pin id="708" dir="0" index="2" bw="7" slack="2"/>
<pin id="709" dir="1" index="3" bw="7" slack="0"/>
</pin_list>
<bind>
<opcode="getelementptr(29) " fcode="getelementptr"/>
<opset="input_local_6_addr_5/3 "/>
</bind>
</comp>

<comp id="712" class="1004" name="input_local_7_addr_5_gep_fu_712">
<pin_list>
<pin id="713" dir="0" index="0" bw="32" slack="0"/>
<pin id="714" dir="0" index="1" bw="1" slack="0"/>
<pin id="715" dir="0" index="2" bw="7" slack="2"/>
<pin id="716" dir="1" index="3" bw="7" slack="0"/>
</pin_list>
<bind>
<opcode="getelementptr(29) " fcode="getelementptr"/>
<opset="input_local_7_addr_5/3 "/>
</bind>
</comp>

<comp id="735" class="1004" name="input_local_addr_6_gep_fu_735">
<pin_list>
<pin id="736" dir="0" index="0" bw="32" slack="0"/>
<pin id="737" dir="0" index="1" bw="1" slack="0"/>
<pin id="738" dir="0" index="2" bw="7" slack="3"/>
<pin id="739" dir="1" index="3" bw="7" slack="0"/>
</pin_list>
<bind>
<opcode="getelementptr(29) " fcode="getelementptr"/>
<opset="input_local_addr_6/4 "/>
</bind>
</comp>

<comp id="742" class="1004" name="input_local_1_addr_6_gep_fu_742">
<pin_list>
<pin id="743" dir="0" index="0" bw="32" slack="0"/>
<pin id="744" dir="0" index="1" bw="1" slack="0"/>
<pin id="745" dir="0" index="2" bw="7" slack="3"/>
<pin id="746" dir="1" index="3" bw="7" slack="0"/>
</pin_list>
<bind>
<opcode="getelementptr(29) " fcode="getelementptr"/>
<opset="input_local_1_addr_6/4 "/>
</bind>
</comp>

<comp id="749" class="1004" name="input_local_2_addr_6_gep_fu_749">
<pin_list>
<pin id="750" dir="0" index="0" bw="32" slack="0"/>
<pin id="751" dir="0" index="1" bw="1" slack="0"/>
<pin id="752" dir="0" index="2" bw="7" slack="3"/>
<pin id="753" dir="1" index="3" bw="7" slack="0"/>
</pin_list>
<bind>
<opcode="getelementptr(29) " fcode="getelementptr"/>
<opset="input_local_2_addr_6/4 "/>
</bind>
</comp>

<comp id="756" class="1004" name="input_local_3_addr_6_gep_fu_756">
<pin_list>
<pin id="757" dir="0" index="0" bw="32" slack="0"/>
<pin id="758" dir="0" index="1" bw="1" slack="0"/>
<pin id="759" dir="0" index="2" bw="7" slack="3"/>
<pin id="760" dir="1" index="3" bw="7" slack="0"/>
</pin_list>
<bind>
<opcode="getelementptr(29) " fcode="getelementptr"/>
<opset="input_local_3_addr_6/4 "/>
</bind>
</comp>

<comp id="763" class="1004" name="input_local_4_addr_6_gep_fu_763">
<pin_list>
<pin id="764" dir="0" index="0" bw="32" slack="0"/>
<pin id="765" dir="0" index="1" bw="1" slack="0"/>
<pin id="766" dir="0" index="2" bw="7" slack="3"/>
<pin id="767" dir="1" index="3" bw="7" slack="0"/>
</pin_list>
<bind>
<opcode="getelementptr(29) " fcode="getelementptr"/>
<opset="input_local_4_addr_6/4 "/>
</bind>
</comp>

<comp id="770" class="1004" name="input_local_5_addr_6_gep_fu_770">
<pin_list>
<pin id="771" dir="0" index="0" bw="32" slack="0"/>
<pin id="772" dir="0" index="1" bw="1" slack="0"/>
<pin id="773" dir="0" index="2" bw="7" slack="3"/>
<pin id="774" dir="1" index="3" bw="7" slack="0"/>
</pin_list>
<bind>
<opcode="getelementptr(29) " fcode="getelementptr"/>
<opset="input_local_5_addr_6/4 "/>
</bind>
</comp>

<comp id="777" class="1004" name="input_local_6_addr_6_gep_fu_777">
<pin_list>
<pin id="778" dir="0" index="0" bw="32" slack="0"/>
<pin id="779" dir="0" index="1" bw="1" slack="0"/>
<pin id="780" dir="0" index="2" bw="7" slack="3"/>
<pin id="781" dir="1" index="3" bw="7" slack="0"/>
</pin_list>
<bind>
<opcode="getelementptr(29) " fcode="getelementptr"/>
<opset="input_local_6_addr_6/4 "/>
</bind>
</comp>

<comp id="784" class="1004" name="input_local_7_addr_6_gep_fu_784">
<pin_list>
<pin id="785" dir="0" index="0" bw="32" slack="0"/>
<pin id="786" dir="0" index="1" bw="1" slack="0"/>
<pin id="787" dir="0" index="2" bw="7" slack="3"/>
<pin id="788" dir="1" index="3" bw="7" slack="0"/>
</pin_list>
<bind>
<opcode="getelementptr(29) " fcode="getelementptr"/>
<opset="input_local_7_addr_6/4 "/>
</bind>
</comp>

<comp id="791" class="1004" name="input_local_addr_7_gep_fu_791">
<pin_list>
<pin id="792" dir="0" index="0" bw="32" slack="0"/>
<pin id="793" dir="0" index="1" bw="1" slack="0"/>
<pin id="794" dir="0" index="2" bw="7" slack="3"/>
<pin id="795" dir="1" index="3" bw="7" slack="0"/>
</pin_list>
<bind>
<opcode="getelementptr(29) " fcode="getelementptr"/>
<opset="input_local_addr_7/4 "/>
</bind>
</comp>

<comp id="798" class="1004" name="input_local_1_addr_7_gep_fu_798">
<pin_list>
<pin id="799" dir="0" index="0" bw="32" slack="0"/>
<pin id="800" dir="0" index="1" bw="1" slack="0"/>
<pin id="801" dir="0" index="2" bw="7" slack="3"/>
<pin id="802" dir="1" index="3" bw="7" slack="0"/>
</pin_list>
<bind>
<opcode="getelementptr(29) " fcode="getelementptr"/>
<opset="input_local_1_addr_7/4 "/>
</bind>
</comp>

<comp id="805" class="1004" name="input_local_2_addr_7_gep_fu_805">
<pin_list>
<pin id="806" dir="0" index="0" bw="32" slack="0"/>
<pin id="807" dir="0" index="1" bw="1" slack="0"/>
<pin id="808" dir="0" index="2" bw="7" slack="3"/>
<pin id="809" dir="1" index="3" bw="7" slack="0"/>
</pin_list>
<bind>
<opcode="getelementptr(29) " fcode="getelementptr"/>
<opset="input_local_2_addr_7/4 "/>
</bind>
</comp>

<comp id="812" class="1004" name="input_local_3_addr_7_gep_fu_812">
<pin_list>
<pin id="813" dir="0" index="0" bw="32" slack="0"/>
<pin id="814" dir="0" index="1" bw="1" slack="0"/>
<pin id="815" dir="0" index="2" bw="7" slack="3"/>
<pin id="816" dir="1" index="3" bw="7" slack="0"/>
</pin_list>
<bind>
<opcode="getelementptr(29) " fcode="getelementptr"/>
<opset="input_local_3_addr_7/4 "/>
</bind>
</comp>

<comp id="819" class="1004" name="input_local_4_addr_7_gep_fu_819">
<pin_list>
<pin id="820" dir="0" index="0" bw="32" slack="0"/>
<pin id="821" dir="0" index="1" bw="1" slack="0"/>
<pin id="822" dir="0" index="2" bw="7" slack="3"/>
<pin id="823" dir="1" index="3" bw="7" slack="0"/>
</pin_list>
<bind>
<opcode="getelementptr(29) " fcode="getelementptr"/>
<opset="input_local_4_addr_7/4 "/>
</bind>
</comp>

<comp id="826" class="1004" name="input_local_5_addr_7_gep_fu_826">
<pin_list>
<pin id="827" dir="0" index="0" bw="32" slack="0"/>
<pin id="828" dir="0" index="1" bw="1" slack="0"/>
<pin id="829" dir="0" index="2" bw="7" slack="3"/>
<pin id="830" dir="1" index="3" bw="7" slack="0"/>
</pin_list>
<bind>
<opcode="getelementptr(29) " fcode="getelementptr"/>
<opset="input_local_5_addr_7/4 "/>
</bind>
</comp>

<comp id="833" class="1004" name="input_local_6_addr_7_gep_fu_833">
<pin_list>
<pin id="834" dir="0" index="0" bw="32" slack="0"/>
<pin id="835" dir="0" index="1" bw="1" slack="0"/>
<pin id="836" dir="0" index="2" bw="7" slack="3"/>
<pin id="837" dir="1" index="3" bw="7" slack="0"/>
</pin_list>
<bind>
<opcode="getelementptr(29) " fcode="getelementptr"/>
<opset="input_local_6_addr_7/4 "/>
</bind>
</comp>

<comp id="840" class="1004" name="input_local_7_addr_7_gep_fu_840">
<pin_list>
<pin id="841" dir="0" index="0" bw="32" slack="0"/>
<pin id="842" dir="0" index="1" bw="1" slack="0"/>
<pin id="843" dir="0" index="2" bw="7" slack="3"/>
<pin id="844" dir="1" index="3" bw="7" slack="0"/>
</pin_list>
<bind>
<opcode="getelementptr(29) " fcode="getelementptr"/>
<opset="input_local_7_addr_7/4 "/>
</bind>
</comp>

<comp id="863" class="1004" name="grp_fu_863">
<pin_list>
<pin id="864" dir="0" index="0" bw="32" slack="0"/>
<pin id="865" dir="0" index="1" bw="32" slack="1"/>
<pin id="866" dir="1" index="2" bw="32" slack="0"/>
</pin_list>
<bind>
<opcode="fadd(9) " fcode="fadd"/>
<opset="acc_1/5 acc_2/7 acc_3/9 acc_4/11 acc_5/13 acc_6/15 acc_7/17 acc_8/19 acc_9/21 acc_10/23 acc_11/25 acc_12/27 acc_13/29 acc_14/31 acc_15/33 acc_16/35 acc_17/37 acc_18/39 acc_19/41 acc_20/43 acc_21/45 acc_22/47 acc_23/49 acc_24/51 acc_25/53 acc_26/55 acc_27/57 acc_28/59 acc_29/61 acc_30/63 acc_31/65 acc_32/67 acc_33/70 acc_34/72 acc_35/74 acc_36/76 acc_37/78 acc_38/80 acc_39/82 acc_40/84 acc_41/86 acc_42/88 acc_43/90 acc_44/92 acc_45/94 acc_46/96 acc_47/98 acc_48/100 acc_49/102 acc_50/104 acc_51/106 acc_52/108 acc_53/110 acc_54/112 acc_55/114 acc_56/116 acc_57/118 acc_58/120 acc_59/122 acc_60/124 acc_61/126 acc_62/128 acc_63/130 logits_1/132 "/>
</bind>
</comp>

<comp id="867" class="1004" name="grp_fu_867">
<pin_list>
<pin id="868" dir="0" index="0" bw="32" slack="1"/>
<pin id="869" dir="0" index="1" bw="32" slack="0"/>
<pin id="870" dir="1" index="2" bw="32" slack="1"/>
</pin_list>
<bind>
<opcode="fmul(13) " fcode="fmul"/>
<opset="mul/3 mul83_1/4 mul83_2/5 mul83_3/6 mul83_4/7 mul83_5/8 mul83_6/9 mul83_7/10 mul83_8/11 mul83_9/12 mul83_s/13 mul83_10/14 mul83_11/15 mul83_12/16 mul83_13/17 mul83_14/18 mul83_15/19 mul83_16/20 mul83_17/21 mul83_18/22 mul83_19/23 mul83_20/24 mul83_21/25 mul83_22/26 mul83_23/27 mul83_24/28 mul83_25/29 mul83_26/30 mul83_27/31 mul83_28/32 mul83_29/33 mul83_30/34 mul83_31/35 mul83_32/36 mul83_33/37 mul83_34/38 mul83_35/39 mul83_36/40 mul83_37/41 mul83_38/42 mul83_39/43 mul83_40/44 mul83_41/45 mul83_42/46 mul83_43/47 mul83_44/48 mul83_45/49 mul83_46/50 mul83_47/51 mul83_48/52 mul83_49/53 mul83_50/54 mul83_51/55 mul83_52/56 mul83_53/57 mul83_54/58 mul83_55/59 mul83_56/60 mul83_57/61 mul83_58/62 mul83_59/63 mul83_60/64 mul83_61/65 mul83_62/66 "/>
</bind>
</comp>

<comp id="871" class="1004" name="tmp_3_fu_871">
<pin_list>
<pin id="872" dir="0" index="0" bw="32" slack="1"/>
<pin id="873" dir="0" index="1" bw="32" slack="0"/>
<pin id="874" dir="1" index="2" bw="1" slack="0"/>
</pin_list>
<bind>
<opcode="fcmp(46) " fcode="fcmp"/>
<opset="tmp_3/134 "/>
</bind>
</comp>

<comp id="875" class="1005" name="reg_875">
<pin_list>
<pin id="876" dir="0" index="0" bw="32" slack="1"/>
<pin id="877" dir="1" index="1" bw="32" slack="1"/>
</pin_list>
<bind>
<opset="input_local_load input_local_load_4 "/>
</bind>
</comp>

<comp id="880" class="1005" name="reg_880">
<pin_list>
<pin id="881" dir="0" index="0" bw="32" slack="1"/>
<pin id="882" dir="1" index="1" bw="32" slack="1"/>
</pin_list>
<bind>
<opset="gmem1_addr_read gmem1_addr_read_1 gmem1_addr_read_2 gmem1_addr_read_3 gmem1_addr_read_4 gmem1_addr_read_5 gmem1_addr_read_6 gmem1_addr_read_7 gmem1_addr_read_8 gmem1_addr_read_9 gmem1_addr_read_10 gmem1_addr_read_11 gmem1_addr_read_12 gmem1_addr_read_13 gmem1_addr_read_14 gmem1_addr_read_15 gmem1_addr_read_16 gmem1_addr_read_17 gmem1_addr_read_18 gmem1_addr_read_19 gmem1_addr_read_20 gmem1_addr_read_21 gmem1_addr_read_22 gmem1_addr_read_23 gmem1_addr_read_24 gmem1_addr_read_25 gmem1_addr_read_26 gmem1_addr_read_27 gmem1_addr_read_28 gmem1_addr_read_29 gmem1_addr_read_30 gmem1_addr_read_31 gmem1_addr_read_32 gmem1_addr_read_33 gmem1_addr_read_34 gmem1_addr_read_35 gmem1_addr_read_36 gmem1_addr_read_37 gmem1_addr_read_38 gmem1_addr_read_39 gmem1_addr_read_40 gmem1_addr_read_41 gmem1_addr_read_42 gmem1_addr_read_43 gmem1_addr_read_44 gmem1_addr_read_45 gmem1_addr_read_46 gmem1_addr_read_47 gmem1_addr_read_48 gmem1_addr_read_49 gmem1_addr_read_50 gmem1_addr_read_51 gmem1_addr_read_52 gmem1_addr_read_53 gmem1_addr_read_54 gmem1_addr_read_55 gmem1_addr_read_56 gmem1_addr_read_57 gmem1_addr_read_58 gmem1_addr_read_59 gmem1_addr_read_60 gmem1_addr_read_61 gmem1_addr_read_62 gmem1_addr_read_63 "/>
</bind>
</comp>

<comp id="884" class="1005" name="reg_884">
<pin_list>
<pin id="885" dir="0" index="0" bw="32" slack="2"/>
<pin id="886" dir="1" index="1" bw="32" slack="2"/>
</pin_list>
<bind>
<opset="input_local_1_load input_local_1_load_6 "/>
</bind>
</comp>

<comp id="889" class="1005" name="reg_889">
<pin_list>
<pin id="890" dir="0" index="0" bw="32" slack="1"/>
<pin id="891" dir="1" index="1" bw="32" slack="1"/>
</pin_list>
<bind>
<opset="mul mul83_2 mul83_6 mul83_13 mul83_29 "/>
</bind>
</comp>

<comp id="894" class="1005" name="reg_894">
<pin_list>
<pin id="895" dir="0" index="0" bw="32" slack="2"/>
<pin id="896" dir="1" index="1" bw="32" slack="2"/>
</pin_list>
<bind>
<opset="mul83_1 mul83_4 mul83_s mul83_21 "/>
</bind>
</comp>

<comp id="899" class="1005" name="reg_899">
<pin_list>
<pin id="900" dir="0" index="0" bw="32" slack="1"/>
<pin id="901" dir="1" index="1" bw="32" slack="1"/>
</pin_list>
<bind>
<opset="acc_1 acc_2 acc_3 acc_4 acc_5 acc_6 acc_7 acc_8 acc_9 acc_10 acc_11 acc_12 acc_13 acc_14 acc_15 acc_16 acc_17 acc_18 acc_19 acc_20 acc_21 acc_22 acc_23 acc_24 acc_25 acc_26 acc_27 acc_28 acc_29 acc_30 acc_31 logits_1 "/>
</bind>
</comp>

<comp id="905" class="1005" name="reg_905">
<pin_list>
<pin id="906" dir="0" index="0" bw="32" slack="4"/>
<pin id="907" dir="1" index="1" bw="32" slack="4"/>
</pin_list>
<bind>
<opset="mul83_3 mul83_8 mul83_17 "/>
</bind>
</comp>

<comp id="910" class="1005" name="reg_910">
<pin_list>
<pin id="911" dir="0" index="0" bw="32" slack="6"/>
<pin id="912" dir="1" index="1" bw="32" slack="6"/>
</pin_list>
<bind>
<opset="mul83_5 mul83_11 mul83_25 "/>
</bind>
</comp>

<comp id="915" class="1005" name="reg_915">
<pin_list>
<pin id="916" dir="0" index="0" bw="32" slack="8"/>
<pin id="917" dir="1" index="1" bw="32" slack="8"/>
</pin_list>
<bind>
<opset="mul83_7 mul83_15 mul83_33 "/>
</bind>
</comp>

<comp id="920" class="1005" name="reg_920">
<pin_list>
<pin id="921" dir="0" index="0" bw="32" slack="10"/>
<pin id="922" dir="1" index="1" bw="32" slack="10"/>
</pin_list>
<bind>
<opset="mul83_9 mul83_19 "/>
</bind>
</comp>

<comp id="925" class="1005" name="reg_925">
<pin_list>
<pin id="926" dir="0" index="0" bw="32" slack="12"/>
<pin id="927" dir="1" index="1" bw="32" slack="12"/>
</pin_list>
<bind>
<opset="mul83_10 mul83_23 "/>
</bind>
</comp>

<comp id="930" class="1005" name="reg_930">
<pin_list>
<pin id="931" dir="0" index="0" bw="32" slack="14"/>
<pin id="932" dir="1" index="1" bw="32" slack="14"/>
</pin_list>
<bind>
<opset="mul83_12 mul83_27 "/>
</bind>
</comp>

<comp id="935" class="1005" name="reg_935">
<pin_list>
<pin id="936" dir="0" index="0" bw="32" slack="16"/>
<pin id="937" dir="1" index="1" bw="32" slack="16"/>
</pin_list>
<bind>
<opset="mul83_14 mul83_31 "/>
</bind>
</comp>

<comp id="940" class="1005" name="reg_940">
<pin_list>
<pin id="941" dir="0" index="0" bw="32" slack="18"/>
<pin id="942" dir="1" index="1" bw="32" slack="18"/>
</pin_list>
<bind>
<opset="mul83_16 mul83_35 "/>
</bind>
</comp>

<comp id="945" class="1005" name="reg_945">
<pin_list>
<pin id="946" dir="0" index="0" bw="32" slack="20"/>
<pin id="947" dir="1" index="1" bw="32" slack="20"/>
</pin_list>
<bind>
<opset="mul83_18 mul83_39 "/>
</bind>
</comp>

<comp id="950" class="1005" name="reg_950">
<pin_list>
<pin id="951" dir="0" index="0" bw="32" slack="1"/>
<pin id="952" dir="1" index="1" bw="32" slack="1"/>
</pin_list>
<bind>
<opset="acc_32 acc_33 acc_34 acc_35 acc_36 acc_37 acc_38 acc_39 acc_40 acc_41 acc_42 acc_43 acc_44 acc_45 acc_46 acc_47 acc_48 acc_49 acc_50 acc_51 acc_52 acc_53 acc_54 acc_55 acc_56 acc_57 acc_58 acc_59 acc_60 acc_61 acc_62 "/>
</bind>
</comp>

<comp id="955" class="1004" name="tmp_13_cast_fu_955">
<pin_list>
<pin id="956" dir="0" index="0" bw="7" slack="0"/>
<pin id="957" dir="1" index="1" bw="64" slack="3"/>
</pin_list>
<bind>
<opcode="zext(34) " fcode="zext"/>
<opset="tmp_13_cast/1 "/>
</bind>
</comp>

<comp id="959" class="1004" name="tmp_12_cast_fu_959">
<pin_list>
<pin id="960" dir="0" index="0" bw="7" slack="0"/>
<pin id="961" dir="1" index="1" bw="64" slack="3"/>
</pin_list>
<bind>
<opcode="zext(34) " fcode="zext"/>
<opset="tmp_12_cast/1 "/>
</bind>
</comp>

<comp id="963" class="1004" name="tmp_11_cast_fu_963">
<pin_list>
<pin id="964" dir="0" index="0" bw="7" slack="0"/>
<pin id="965" dir="1" index="1" bw="64" slack="2"/>
</pin_list>
<bind>
<opcode="zext(34) " fcode="zext"/>
<opset="tmp_11_cast/1 "/>
</bind>
</comp>

<comp id="967" class="1004" name="tmp_10_cast_fu_967">
<pin_list>
<pin id="968" dir="0" index="0" bw="7" slack="0"/>
<pin id="969" dir="1" index="1" bw="64" slack="2"/>
</pin_list>
<bind>
<opcode="zext(34) " fcode="zext"/>
<opset="tmp_10_cast/1 "/>
</bind>
</comp>

<comp id="971" class="1004" name="tmp_9_cast_fu_971">
<pin_list>
<pin id="972" dir="0" index="0" bw="7" slack="0"/>
<pin id="973" dir="1" index="1" bw="64" slack="1"/>
</pin_list>
<bind>
<opcode="zext(34) " fcode="zext"/>
<opset="tmp_9_cast/1 "/>
</bind>
</comp>

<comp id="975" class="1004" name="tmp_8_cast_fu_975">
<pin_list>
<pin id="976" dir="0" index="0" bw="7" slack="0"/>
<pin id="977" dir="1" index="1" bw="64" slack="1"/>
</pin_list>
<bind>
<opcode="zext(34) " fcode="zext"/>
<opset="tmp_8_cast/1 "/>
</bind>
</comp>

<comp id="979" class="1004" name="tmp_7_cast_fu_979">
<pin_list>
<pin id="980" dir="0" index="0" bw="7" slack="0"/>
<pin id="981" dir="1" index="1" bw="64" slack="0"/>
</pin_list>
<bind>
<opcode="zext(34) " fcode="zext"/>
<opset="tmp_7_cast/1 "/>
</bind>
</comp>

<comp id="991" class="1004" name="sext_ln150_cast_fu_991">
<pin_list>
<pin id="992" dir="0" index="0" bw="62" slack="0"/>
<pin id="993" dir="1" index="1" bw="64" slack="1"/>
</pin_list>
<bind>
<opcode="sext(35) " fcode="sext"/>
<opset="sext_ln150_cast/1 "/>
</bind>
</comp>

<comp id="995" class="1004" name="zext_ln154_cast_fu_995">
<pin_list>
<pin id="996" dir="0" index="0" bw="7" slack="0"/>
<pin id="997" dir="1" index="1" bw="64" slack="0"/>
</pin_list>
<bind>
<opcode="zext(34) " fcode="zext"/>
<opset="zext_ln154_cast/1 "/>
</bind>
</comp>

<comp id="1007" class="1004" name="sext_ln150_1_cast_fu_1007">
<pin_list>
<pin id="1008" dir="0" index="0" bw="62" slack="0"/>
<pin id="1009" dir="1" index="1" bw="64" slack="1"/>
</pin_list>
<bind>
<opcode="sext(35) " fcode="sext"/>
<opset="sext_ln150_1_cast/1 "/>
</bind>
</comp>

<comp id="1011" class="1004" name="store_ln0_store_fu_1011">
<pin_list>
<pin id="1012" dir="0" index="0" bw="32" slack="0"/>
<pin id="1013" dir="0" index="1" bw="32" slack="0"/>
<pin id="1014" dir="1" index="2" bw="0" slack="2147483647"/>
</pin_list>
<bind>
<opcode="store(28) " fcode="store"/>
<opset="store_ln0/1 "/>
</bind>
</comp>

<comp id="1016" class="1004" name="store_ln0_store_fu_1016">
<pin_list>
<pin id="1017" dir="0" index="0" bw="32" slack="0"/>
<pin id="1018" dir="0" index="1" bw="32" slack="0"/>
<pin id="1019" dir="1" index="2" bw="0" slack="2147483647"/>
</pin_list>
<bind>
<opcode="store(28) " fcode="store"/>
<opset="store_ln0/1 "/>
</bind>
</comp>

<comp id="1021" class="1004" name="store_ln0_store_fu_1021">
<pin_list>
<pin id="1022" dir="0" index="0" bw="32" slack="0"/>
<pin id="1023" dir="0" index="1" bw="32" slack="0"/>
<pin id="1024" dir="1" index="2" bw="0" slack="2147483647"/>
</pin_list>
<bind>
<opcode="store(28) " fcode="store"/>
<opset="store_ln0/1 "/>
</bind>
</comp>

<comp id="1026" class="1004" name="store_ln0_store_fu_1026">
<pin_list>
<pin id="1027" dir="0" index="0" bw="32" slack="0"/>
<pin id="1028" dir="0" index="1" bw="32" slack="0"/>
<pin id="1029" dir="1" index="2" bw="0" slack="2147483647"/>
</pin_list>
<bind>
<opcode="store(28) " fcode="store"/>
<opset="store_ln0/1 "/>
</bind>
</comp>

<comp id="1031" class="1004" name="store_ln150_store_fu_1031">
<pin_list>
<pin id="1032" dir="0" index="0" bw="1" slack="0"/>
<pin id="1033" dir="0" index="1" bw="3" slack="0"/>
<pin id="1034" dir="1" index="2" bw="0" slack="2147483647"/>
</pin_list>
<bind>
<opcode="store(28) " fcode="store"/>
<opset="store_ln150/1 "/>
</bind>
</comp>

<comp id="1036" class="1004" name="store_ln148_store_fu_1036">
<pin_list>
<pin id="1037" dir="0" index="0" bw="32" slack="0"/>
<pin id="1038" dir="0" index="1" bw="32" slack="0"/>
<pin id="1039" dir="1" index="2" bw="0" slack="2147483647"/>
</pin_list>
<bind>
<opcode="store(28) " fcode="store"/>
<opset="store_ln148/1 "/>
</bind>
</comp>

<comp id="1041" class="1004" name="e_2_load_fu_1041">
<pin_list>
<pin id="1042" dir="0" index="0" bw="3" slack="0"/>
<pin id="1043" dir="1" index="1" bw="3" slack="0"/>
</pin_list>
<bind>
<opcode="load(27) " fcode="load"/>
<opset="e_2/1 "/>
</bind>
</comp>

<comp id="1044" class="1004" name="icmp_ln150_fu_1044">
<pin_list>
<pin id="1045" dir="0" index="0" bw="3" slack="0"/>
<pin id="1046" dir="0" index="1" bw="3" slack="0"/>
<pin id="1047" dir="1" index="2" bw="1" slack="1"/>
</pin_list>
<bind>
<opcode="icmp(45) " fcode="icmp"/>
<opset="icmp_ln150/1 "/>
</bind>
</comp>

<comp id="1050" class="1004" name="add_ln150_fu_1050">
<pin_list>
<pin id="1051" dir="0" index="0" bw="3" slack="0"/>
<pin id="1052" dir="0" index="1" bw="1" slack="0"/>
<pin id="1053" dir="1" index="2" bw="3" slack="0"/>
</pin_list>
<bind>
<opcode="add(8) " fcode="add"/>
<opset="add_ln150/1 "/>
</bind>
</comp>

<comp id="1056" class="1004" name="trunc_ln157_fu_1056">
<pin_list>
<pin id="1057" dir="0" index="0" bw="3" slack="0"/>
<pin id="1058" dir="1" index="1" bw="2" slack="132"/>
</pin_list>
<bind>
<opcode="trunc(33) " fcode="trunc"/>
<opset="trunc_ln157/1 "/>
</bind>
</comp>

<comp id="1060" class="1004" name="store_ln150_store_fu_1060">
<pin_list>
<pin id="1061" dir="0" index="0" bw="3" slack="0"/>
<pin id="1062" dir="0" index="1" bw="3" slack="0"/>
<pin id="1063" dir="1" index="2" bw="0" slack="2147483647"/>
</pin_list>
<bind>
<opcode="store(28) " fcode="store"/>
<opset="store_ln150/1 "/>
</bind>
</comp>

<comp id="1065" class="1004" name="gmem2_addr_fu_1065">
<pin_list>
<pin id="1066" dir="0" index="0" bw="64" slack="0"/>
<pin id="1067" dir="0" index="1" bw="64" slack="1"/>
<pin id="1068" dir="1" index="2" bw="64" slack="0"/>
</pin_list>
<bind>
<opcode="getelementptr(29) " fcode="getelementptr"/>
<opset="gmem2_addr/2 "/>
</bind>
</comp>

<comp id="1071" class="1004" name="gmem1_addr_fu_1071">
<pin_list>
<pin id="1072" dir="0" index="0" bw="64" slack="0"/>
<pin id="1073" dir="0" index="1" bw="64" slack="1"/>
<pin id="1074" dir="1" index="2" bw="64" slack="0"/>
</pin_list>
<bind>
<opcode="getelementptr(29) " fcode="getelementptr"/>
<opset="gmem1_addr/2 "/>
</bind>
</comp>

<comp id="1077" class="1004" name="bitcast_ln154_fu_1077">
<pin_list>
<pin id="1078" dir="0" index="0" bw="32" slack="1"/>
<pin id="1079" dir="1" index="1" bw="32" slack="0"/>
</pin_list>
<bind>
<opcode="bitcast(44) " fcode="bitcast"/>
<opset="bitcast_ln154/3 "/>
</bind>
</comp>

<comp id="1082" class="1004" name="bitcast_ln154_1_fu_1082">
<pin_list>
<pin id="1083" dir="0" index="0" bw="32" slack="1"/>
<pin id="1084" dir="1" index="1" bw="32" slack="0"/>
</pin_list>
<bind>
<opcode="bitcast(44) " fcode="bitcast"/>
<opset="bitcast_ln154_1/4 "/>
</bind>
</comp>

<comp id="1087" class="1004" name="acc_fu_1087">
<pin_list>
<pin id="1088" dir="0" index="0" bw="32" slack="3"/>
<pin id="1089" dir="1" index="1" bw="32" slack="0"/>
</pin_list>
<bind>
<opcode="bitcast(44) " fcode="bitcast"/>
<opset="acc/5 "/>
</bind>
</comp>

<comp id="1091" class="1004" name="bitcast_ln154_2_fu_1091">
<pin_list>
<pin id="1092" dir="0" index="0" bw="32" slack="1"/>
<pin id="1093" dir="1" index="1" bw="32" slack="0"/>
</pin_list>
<bind>
<opcode="bitcast(44) " fcode="bitcast"/>
<opset="bitcast_ln154_2/5 "/>
</bind>
</comp>

<comp id="1096" class="1004" name="bitcast_ln154_3_fu_1096">
<pin_list>
<pin id="1097" dir="0" index="0" bw="32" slack="1"/>
<pin id="1098" dir="1" index="1" bw="32" slack="0"/>
</pin_list>
<bind>
<opcode="bitcast(44) " fcode="bitcast"/>
<opset="bitcast_ln154_3/6 "/>
</bind>
</comp>

<comp id="1101" class="1004" name="bitcast_ln154_4_fu_1101">
<pin_list>
<pin id="1102" dir="0" index="0" bw="32" slack="1"/>
<pin id="1103" dir="1" index="1" bw="32" slack="0"/>
</pin_list>
<bind>
<opcode="bitcast(44) " fcode="bitcast"/>
<opset="bitcast_ln154_4/7 "/>
</bind>
</comp>

<comp id="1106" class="1004" name="bitcast_ln154_5_fu_1106">
<pin_list>
<pin id="1107" dir="0" index="0" bw="32" slack="1"/>
<pin id="1108" dir="1" index="1" bw="32" slack="0"/>
</pin_list>
<bind>
<opcode="bitcast(44) " fcode="bitcast"/>
<opset="bitcast_ln154_5/8 "/>
</bind>
</comp>

<comp id="1111" class="1004" name="bitcast_ln154_6_fu_1111">
<pin_list>
<pin id="1112" dir="0" index="0" bw="32" slack="1"/>
<pin id="1113" dir="1" index="1" bw="32" slack="0"/>
</pin_list>
<bind>
<opcode="bitcast(44) " fcode="bitcast"/>
<opset="bitcast_ln154_6/9 "/>
</bind>
</comp>

<comp id="1116" class="1004" name="bitcast_ln154_7_fu_1116">
<pin_list>
<pin id="1117" dir="0" index="0" bw="32" slack="1"/>
<pin id="1118" dir="1" index="1" bw="32" slack="0"/>
</pin_list>
<bind>
<opcode="bitcast(44) " fcode="bitcast"/>
<opset="bitcast_ln154_7/10 "/>
</bind>
</comp>

<comp id="1121" class="1004" name="bitcast_ln154_8_fu_1121">
<pin_list>
<pin id="1122" dir="0" index="0" bw="32" slack="1"/>
<pin id="1123" dir="1" index="1" bw="32" slack="0"/>
</pin_list>
<bind>
<opcode="bitcast(44) " fcode="bitcast"/>
<opset="bitcast_ln154_8/11 "/>
</bind>
</comp>

<comp id="1126" class="1004" name="bitcast_ln154_9_fu_1126">
<pin_list>
<pin id="1127" dir="0" index="0" bw="32" slack="1"/>
<pin id="1128" dir="1" index="1" bw="32" slack="0"/>
</pin_list>
<bind>
<opcode="bitcast(44) " fcode="bitcast"/>
<opset="bitcast_ln154_9/12 "/>
</bind>
</comp>

<comp id="1131" class="1004" name="bitcast_ln154_10_fu_1131">
<pin_list>
<pin id="1132" dir="0" index="0" bw="32" slack="1"/>
<pin id="1133" dir="1" index="1" bw="32" slack="0"/>
</pin_list>
<bind>
<opcode="bitcast(44) " fcode="bitcast"/>
<opset="bitcast_ln154_10/13 "/>
</bind>
</comp>

<comp id="1136" class="1004" name="bitcast_ln154_11_fu_1136">
<pin_list>
<pin id="1137" dir="0" index="0" bw="32" slack="1"/>
<pin id="1138" dir="1" index="1" bw="32" slack="0"/>
</pin_list>
<bind>
<opcode="bitcast(44) " fcode="bitcast"/>
<opset="bitcast_ln154_11/14 "/>
</bind>
</comp>

<comp id="1141" class="1004" name="bitcast_ln154_12_fu_1141">
<pin_list>
<pin id="1142" dir="0" index="0" bw="32" slack="1"/>
<pin id="1143" dir="1" index="1" bw="32" slack="0"/>
</pin_list>
<bind>
<opcode="bitcast(44) " fcode="bitcast"/>
<opset="bitcast_ln154_12/15 "/>
</bind>
</comp>

<comp id="1146" class="1004" name="bitcast_ln154_13_fu_1146">
<pin_list>
<pin id="1147" dir="0" index="0" bw="32" slack="1"/>
<pin id="1148" dir="1" index="1" bw="32" slack="0"/>
</pin_list>
<bind>
<opcode="bitcast(44) " fcode="bitcast"/>
<opset="bitcast_ln154_13/16 "/>
</bind>
</comp>

<comp id="1151" class="1004" name="bitcast_ln154_14_fu_1151">
<pin_list>
<pin id="1152" dir="0" index="0" bw="32" slack="1"/>
<pin id="1153" dir="1" index="1" bw="32" slack="0"/>
</pin_list>
<bind>
<opcode="bitcast(44) " fcode="bitcast"/>
<opset="bitcast_ln154_14/17 "/>
</bind>
</comp>

<comp id="1156" class="1004" name="bitcast_ln154_15_fu_1156">
<pin_list>
<pin id="1157" dir="0" index="0" bw="32" slack="1"/>
<pin id="1158" dir="1" index="1" bw="32" slack="0"/>
</pin_list>
<bind>
<opcode="bitcast(44) " fcode="bitcast"/>
<opset="bitcast_ln154_15/18 "/>
</bind>
</comp>

<comp id="1161" class="1004" name="bitcast_ln154_16_fu_1161">
<pin_list>
<pin id="1162" dir="0" index="0" bw="32" slack="1"/>
<pin id="1163" dir="1" index="1" bw="32" slack="0"/>
</pin_list>
<bind>
<opcode="bitcast(44) " fcode="bitcast"/>
<opset="bitcast_ln154_16/19 "/>
</bind>
</comp>

<comp id="1166" class="1004" name="bitcast_ln154_17_fu_1166">
<pin_list>
<pin id="1167" dir="0" index="0" bw="32" slack="1"/>
<pin id="1168" dir="1" index="1" bw="32" slack="0"/>
</pin_list>
<bind>
<opcode="bitcast(44) " fcode="bitcast"/>
<opset="bitcast_ln154_17/20 "/>
</bind>
</comp>

<comp id="1171" class="1004" name="bitcast_ln154_18_fu_1171">
<pin_list>
<pin id="1172" dir="0" index="0" bw="32" slack="1"/>
<pin id="1173" dir="1" index="1" bw="32" slack="0"/>
</pin_list>
<bind>
<opcode="bitcast(44) " fcode="bitcast"/>
<opset="bitcast_ln154_18/21 "/>
</bind>
</comp>

<comp id="1176" class="1004" name="bitcast_ln154_19_fu_1176">
<pin_list>
<pin id="1177" dir="0" index="0" bw="32" slack="1"/>
<pin id="1178" dir="1" index="1" bw="32" slack="0"/>
</pin_list>
<bind>
<opcode="bitcast(44) " fcode="bitcast"/>
<opset="bitcast_ln154_19/22 "/>
</bind>
</comp>

<comp id="1181" class="1004" name="bitcast_ln154_20_fu_1181">
<pin_list>
<pin id="1182" dir="0" index="0" bw="32" slack="1"/>
<pin id="1183" dir="1" index="1" bw="32" slack="0"/>
</pin_list>
<bind>
<opcode="bitcast(44) " fcode="bitcast"/>
<opset="bitcast_ln154_20/23 "/>
</bind>
</comp>

<comp id="1186" class="1004" name="bitcast_ln154_21_fu_1186">
<pin_list>
<pin id="1187" dir="0" index="0" bw="32" slack="1"/>
<pin id="1188" dir="1" index="1" bw="32" slack="0"/>
</pin_list>
<bind>
<opcode="bitcast(44) " fcode="bitcast"/>
<opset="bitcast_ln154_21/24 "/>
</bind>
</comp>

<comp id="1191" class="1004" name="bitcast_ln154_22_fu_1191">
<pin_list>
<pin id="1192" dir="0" index="0" bw="32" slack="1"/>
<pin id="1193" dir="1" index="1" bw="32" slack="0"/>
</pin_list>
<bind>
<opcode="bitcast(44) " fcode="bitcast"/>
<opset="bitcast_ln154_22/25 "/>
</bind>
</comp>

<comp id="1196" class="1004" name="bitcast_ln154_23_fu_1196">
<pin_list>
<pin id="1197" dir="0" index="0" bw="32" slack="1"/>
<pin id="1198" dir="1" index="1" bw="32" slack="0"/>
</pin_list>
<bind>
<opcode="bitcast(44) " fcode="bitcast"/>
<opset="bitcast_ln154_23/26 "/>
</bind>
</comp>

<comp id="1201" class="1004" name="bitcast_ln154_24_fu_1201">
<pin_list>
<pin id="1202" dir="0" index="0" bw="32" slack="1"/>
<pin id="1203" dir="1" index="1" bw="32" slack="0"/>
</pin_list>
<bind>
<opcode="bitcast(44) " fcode="bitcast"/>
<opset="bitcast_ln154_24/27 "/>
</bind>
</comp>

<comp id="1206" class="1004" name="bitcast_ln154_25_fu_1206">
<pin_list>
<pin id="1207" dir="0" index="0" bw="32" slack="1"/>
<pin id="1208" dir="1" index="1" bw="32" slack="0"/>
</pin_list>
<bind>
<opcode="bitcast(44) " fcode="bitcast"/>
<opset="bitcast_ln154_25/28 "/>
</bind>
</comp>

<comp id="1211" class="1004" name="bitcast_ln154_26_fu_1211">
<pin_list>
<pin id="1212" dir="0" index="0" bw="32" slack="1"/>
<pin id="1213" dir="1" index="1" bw="32" slack="0"/>
</pin_list>
<bind>
<opcode="bitcast(44) " fcode="bitcast"/>
<opset="bitcast_ln154_26/29 "/>
</bind>
</comp>

<comp id="1216" class="1004" name="bitcast_ln154_27_fu_1216">
<pin_list>
<pin id="1217" dir="0" index="0" bw="32" slack="1"/>
<pin id="1218" dir="1" index="1" bw="32" slack="0"/>
</pin_list>
<bind>
<opcode="bitcast(44) " fcode="bitcast"/>
<opset="bitcast_ln154_27/30 "/>
</bind>
</comp>

<comp id="1221" class="1004" name="bitcast_ln154_28_fu_1221">
<pin_list>
<pin id="1222" dir="0" index="0" bw="32" slack="1"/>
<pin id="1223" dir="1" index="1" bw="32" slack="0"/>
</pin_list>
<bind>
<opcode="bitcast(44) " fcode="bitcast"/>
<opset="bitcast_ln154_28/31 "/>
</bind>
</comp>

<comp id="1226" class="1004" name="bitcast_ln154_29_fu_1226">
<pin_list>
<pin id="1227" dir="0" index="0" bw="32" slack="1"/>
<pin id="1228" dir="1" index="1" bw="32" slack="0"/>
</pin_list>
<bind>
<opcode="bitcast(44) " fcode="bitcast"/>
<opset="bitcast_ln154_29/32 "/>
</bind>
</comp>

<comp id="1231" class="1004" name="bitcast_ln154_30_fu_1231">
<pin_list>
<pin id="1232" dir="0" index="0" bw="32" slack="1"/>
<pin id="1233" dir="1" index="1" bw="32" slack="0"/>
</pin_list>
<bind>
<opcode="bitcast(44) " fcode="bitcast"/>
<opset="bitcast_ln154_30/33 "/>
</bind>
</comp>

<comp id="1236" class="1004" name="bitcast_ln154_31_fu_1236">
<pin_list>
<pin id="1237" dir="0" index="0" bw="32" slack="1"/>
<pin id="1238" dir="1" index="1" bw="32" slack="0"/>
</pin_list>
<bind>
<opcode="bitcast(44) " fcode="bitcast"/>
<opset="bitcast_ln154_31/34 "/>
</bind>
</comp>

<comp id="1241" class="1004" name="bitcast_ln154_32_fu_1241">
<pin_list>
<pin id="1242" dir="0" index="0" bw="32" slack="1"/>
<pin id="1243" dir="1" index="1" bw="32" slack="0"/>
</pin_list>
<bind>
<opcode="bitcast(44) " fcode="bitcast"/>
<opset="bitcast_ln154_32/35 "/>
</bind>
</comp>

<comp id="1246" class="1004" name="bitcast_ln154_33_fu_1246">
<pin_list>
<pin id="1247" dir="0" index="0" bw="32" slack="1"/>
<pin id="1248" dir="1" index="1" bw="32" slack="0"/>
</pin_list>
<bind>
<opcode="bitcast(44) " fcode="bitcast"/>
<opset="bitcast_ln154_33/36 "/>
</bind>
</comp>

<comp id="1251" class="1004" name="bitcast_ln154_34_fu_1251">
<pin_list>
<pin id="1252" dir="0" index="0" bw="32" slack="1"/>
<pin id="1253" dir="1" index="1" bw="32" slack="0"/>
</pin_list>
<bind>
<opcode="bitcast(44) " fcode="bitcast"/>
<opset="bitcast_ln154_34/37 "/>
</bind>
</comp>

<comp id="1256" class="1004" name="bitcast_ln154_35_fu_1256">
<pin_list>
<pin id="1257" dir="0" index="0" bw="32" slack="1"/>
<pin id="1258" dir="1" index="1" bw="32" slack="0"/>
</pin_list>
<bind>
<opcode="bitcast(44) " fcode="bitcast"/>
<opset="bitcast_ln154_35/38 "/>
</bind>
</comp>

<comp id="1261" class="1004" name="bitcast_ln154_36_fu_1261">
<pin_list>
<pin id="1262" dir="0" index="0" bw="32" slack="1"/>
<pin id="1263" dir="1" index="1" bw="32" slack="0"/>
</pin_list>
<bind>
<opcode="bitcast(44) " fcode="bitcast"/>
<opset="bitcast_ln154_36/39 "/>
</bind>
</comp>

<comp id="1266" class="1004" name="bitcast_ln154_37_fu_1266">
<pin_list>
<pin id="1267" dir="0" index="0" bw="32" slack="1"/>
<pin id="1268" dir="1" index="1" bw="32" slack="0"/>
</pin_list>
<bind>
<opcode="bitcast(44) " fcode="bitcast"/>
<opset="bitcast_ln154_37/40 "/>
</bind>
</comp>

<comp id="1271" class="1004" name="bitcast_ln154_38_fu_1271">
<pin_list>
<pin id="1272" dir="0" index="0" bw="32" slack="1"/>
<pin id="1273" dir="1" index="1" bw="32" slack="0"/>
</pin_list>
<bind>
<opcode="bitcast(44) " fcode="bitcast"/>
<opset="bitcast_ln154_38/41 "/>
</bind>
</comp>

<comp id="1276" class="1004" name="bitcast_ln154_39_fu_1276">
<pin_list>
<pin id="1277" dir="0" index="0" bw="32" slack="1"/>
<pin id="1278" dir="1" index="1" bw="32" slack="0"/>
</pin_list>
<bind>
<opcode="bitcast(44) " fcode="bitcast"/>
<opset="bitcast_ln154_39/42 "/>
</bind>
</comp>

<comp id="1281" class="1004" name="bitcast_ln154_40_fu_1281">
<pin_list>
<pin id="1282" dir="0" index="0" bw="32" slack="1"/>
<pin id="1283" dir="1" index="1" bw="32" slack="0"/>
</pin_list>
<bind>
<opcode="bitcast(44) " fcode="bitcast"/>
<opset="bitcast_ln154_40/43 "/>
</bind>
</comp>

<comp id="1286" class="1004" name="bitcast_ln154_41_fu_1286">
<pin_list>
<pin id="1287" dir="0" index="0" bw="32" slack="1"/>
<pin id="1288" dir="1" index="1" bw="32" slack="0"/>
</pin_list>
<bind>
<opcode="bitcast(44) " fcode="bitcast"/>
<opset="bitcast_ln154_41/44 "/>
</bind>
</comp>

<comp id="1291" class="1004" name="bitcast_ln154_42_fu_1291">
<pin_list>
<pin id="1292" dir="0" index="0" bw="32" slack="1"/>
<pin id="1293" dir="1" index="1" bw="32" slack="0"/>
</pin_list>
<bind>
<opcode="bitcast(44) " fcode="bitcast"/>
<opset="bitcast_ln154_42/45 "/>
</bind>
</comp>

<comp id="1296" class="1004" name="bitcast_ln154_43_fu_1296">
<pin_list>
<pin id="1297" dir="0" index="0" bw="32" slack="1"/>
<pin id="1298" dir="1" index="1" bw="32" slack="0"/>
</pin_list>
<bind>
<opcode="bitcast(44) " fcode="bitcast"/>
<opset="bitcast_ln154_43/46 "/>
</bind>
</comp>

<comp id="1301" class="1004" name="bitcast_ln154_44_fu_1301">
<pin_list>
<pin id="1302" dir="0" index="0" bw="32" slack="1"/>
<pin id="1303" dir="1" index="1" bw="32" slack="0"/>
</pin_list>
<bind>
<opcode="bitcast(44) " fcode="bitcast"/>
<opset="bitcast_ln154_44/47 "/>
</bind>
</comp>

<comp id="1306" class="1004" name="bitcast_ln154_45_fu_1306">
<pin_list>
<pin id="1307" dir="0" index="0" bw="32" slack="1"/>
<pin id="1308" dir="1" index="1" bw="32" slack="0"/>
</pin_list>
<bind>
<opcode="bitcast(44) " fcode="bitcast"/>
<opset="bitcast_ln154_45/48 "/>
</bind>
</comp>

<comp id="1311" class="1004" name="bitcast_ln154_46_fu_1311">
<pin_list>
<pin id="1312" dir="0" index="0" bw="32" slack="1"/>
<pin id="1313" dir="1" index="1" bw="32" slack="0"/>
</pin_list>
<bind>
<opcode="bitcast(44) " fcode="bitcast"/>
<opset="bitcast_ln154_46/49 "/>
</bind>
</comp>

<comp id="1316" class="1004" name="bitcast_ln154_47_fu_1316">
<pin_list>
<pin id="1317" dir="0" index="0" bw="32" slack="1"/>
<pin id="1318" dir="1" index="1" bw="32" slack="0"/>
</pin_list>
<bind>
<opcode="bitcast(44) " fcode="bitcast"/>
<opset="bitcast_ln154_47/50 "/>
</bind>
</comp>

<comp id="1321" class="1004" name="bitcast_ln154_48_fu_1321">
<pin_list>
<pin id="1322" dir="0" index="0" bw="32" slack="1"/>
<pin id="1323" dir="1" index="1" bw="32" slack="0"/>
</pin_list>
<bind>
<opcode="bitcast(44) " fcode="bitcast"/>
<opset="bitcast_ln154_48/51 "/>
</bind>
</comp>

<comp id="1326" class="1004" name="bitcast_ln154_49_fu_1326">
<pin_list>
<pin id="1327" dir="0" index="0" bw="32" slack="1"/>
<pin id="1328" dir="1" index="1" bw="32" slack="0"/>
</pin_list>
<bind>
<opcode="bitcast(44) " fcode="bitcast"/>
<opset="bitcast_ln154_49/52 "/>
</bind>
</comp>

<comp id="1331" class="1004" name="bitcast_ln154_50_fu_1331">
<pin_list>
<pin id="1332" dir="0" index="0" bw="32" slack="1"/>
<pin id="1333" dir="1" index="1" bw="32" slack="0"/>
</pin_list>
<bind>
<opcode="bitcast(44) " fcode="bitcast"/>
<opset="bitcast_ln154_50/53 "/>
</bind>
</comp>

<comp id="1336" class="1004" name="bitcast_ln154_51_fu_1336">
<pin_list>
<pin id="1337" dir="0" index="0" bw="32" slack="1"/>
<pin id="1338" dir="1" index="1" bw="32" slack="0"/>
</pin_list>
<bind>
<opcode="bitcast(44) " fcode="bitcast"/>
<opset="bitcast_ln154_51/54 "/>
</bind>
</comp>

<comp id="1341" class="1004" name="bitcast_ln154_52_fu_1341">
<pin_list>
<pin id="1342" dir="0" index="0" bw="32" slack="1"/>
<pin id="1343" dir="1" index="1" bw="32" slack="0"/>
</pin_list>
<bind>
<opcode="bitcast(44) " fcode="bitcast"/>
<opset="bitcast_ln154_52/55 "/>
</bind>
</comp>

<comp id="1346" class="1004" name="bitcast_ln154_53_fu_1346">
<pin_list>
<pin id="1347" dir="0" index="0" bw="32" slack="1"/>
<pin id="1348" dir="1" index="1" bw="32" slack="0"/>
</pin_list>
<bind>
<opcode="bitcast(44) " fcode="bitcast"/>
<opset="bitcast_ln154_53/56 "/>
</bind>
</comp>

<comp id="1351" class="1004" name="bitcast_ln154_54_fu_1351">
<pin_list>
<pin id="1352" dir="0" index="0" bw="32" slack="1"/>
<pin id="1353" dir="1" index="1" bw="32" slack="0"/>
</pin_list>
<bind>
<opcode="bitcast(44) " fcode="bitcast"/>
<opset="bitcast_ln154_54/57 "/>
</bind>
</comp>

<comp id="1356" class="1004" name="bitcast_ln154_55_fu_1356">
<pin_list>
<pin id="1357" dir="0" index="0" bw="32" slack="1"/>
<pin id="1358" dir="1" index="1" bw="32" slack="0"/>
</pin_list>
<bind>
<opcode="bitcast(44) " fcode="bitcast"/>
<opset="bitcast_ln154_55/58 "/>
</bind>
</comp>

<comp id="1361" class="1004" name="bitcast_ln154_56_fu_1361">
<pin_list>
<pin id="1362" dir="0" index="0" bw="32" slack="1"/>
<pin id="1363" dir="1" index="1" bw="32" slack="0"/>
</pin_list>
<bind>
<opcode="bitcast(44) " fcode="bitcast"/>
<opset="bitcast_ln154_56/59 "/>
</bind>
</comp>

<comp id="1366" class="1004" name="bitcast_ln154_57_fu_1366">
<pin_list>
<pin id="1367" dir="0" index="0" bw="32" slack="1"/>
<pin id="1368" dir="1" index="1" bw="32" slack="0"/>
</pin_list>
<bind>
<opcode="bitcast(44) " fcode="bitcast"/>
<opset="bitcast_ln154_57/60 "/>
</bind>
</comp>

<comp id="1371" class="1004" name="bitcast_ln154_58_fu_1371">
<pin_list>
<pin id="1372" dir="0" index="0" bw="32" slack="1"/>
<pin id="1373" dir="1" index="1" bw="32" slack="0"/>
</pin_list>
<bind>
<opcode="bitcast(44) " fcode="bitcast"/>
<opset="bitcast_ln154_58/61 "/>
</bind>
</comp>

<comp id="1376" class="1004" name="bitcast_ln154_59_fu_1376">
<pin_list>
<pin id="1377" dir="0" index="0" bw="32" slack="1"/>
<pin id="1378" dir="1" index="1" bw="32" slack="0"/>
</pin_list>
<bind>
<opcode="bitcast(44) " fcode="bitcast"/>
<opset="bitcast_ln154_59/62 "/>
</bind>
</comp>

<comp id="1381" class="1004" name="bitcast_ln154_60_fu_1381">
<pin_list>
<pin id="1382" dir="0" index="0" bw="32" slack="1"/>
<pin id="1383" dir="1" index="1" bw="32" slack="0"/>
</pin_list>
<bind>
<opcode="bitcast(44) " fcode="bitcast"/>
<opset="bitcast_ln154_60/63 "/>
</bind>
</comp>

<comp id="1386" class="1004" name="bitcast_ln154_61_fu_1386">
<pin_list>
<pin id="1387" dir="0" index="0" bw="32" slack="1"/>
<pin id="1388" dir="1" index="1" bw="32" slack="0"/>
</pin_list>
<bind>
<opcode="bitcast(44) " fcode="bitcast"/>
<opset="bitcast_ln154_61/64 "/>
</bind>
</comp>

<comp id="1391" class="1004" name="bitcast_ln154_62_fu_1391">
<pin_list>
<pin id="1392" dir="0" index="0" bw="32" slack="1"/>
<pin id="1393" dir="1" index="1" bw="32" slack="0"/>
</pin_list>
<bind>
<opcode="bitcast(44) " fcode="bitcast"/>
<opset="bitcast_ln154_62/65 "/>
</bind>
</comp>

<comp id="1396" class="1004" name="bitcast_ln154_63_fu_1396">
<pin_list>
<pin id="1397" dir="0" index="0" bw="32" slack="1"/>
<pin id="1398" dir="1" index="1" bw="32" slack="0"/>
</pin_list>
<bind>
<opcode="bitcast(44) " fcode="bitcast"/>
<opset="bitcast_ln154_63/66 "/>
</bind>
</comp>

<comp id="1401" class="1004" name="store_ln154_store_fu_1401">
<pin_list>
<pin id="1402" dir="0" index="0" bw="32" slack="0"/>
<pin id="1403" dir="0" index="1" bw="32" slack="132"/>
<pin id="1404" dir="1" index="2" bw="0" slack="2147483647"/>
</pin_list>
<bind>
<opcode="store(28) " fcode="store"/>
<opset="store_ln154/133 "/>
</bind>
</comp>

<comp id="1406" class="1004" name="store_ln154_store_fu_1406">
<pin_list>
<pin id="1407" dir="0" index="0" bw="32" slack="0"/>
<pin id="1408" dir="0" index="1" bw="32" slack="132"/>
<pin id="1409" dir="1" index="2" bw="0" slack="2147483647"/>
</pin_list>
<bind>
<opcode="store(28) " fcode="store"/>
<opset="store_ln154/133 "/>
</bind>
</comp>

<comp id="1411" class="1004" name="store_ln154_store_fu_1411">
<pin_list>
<pin id="1412" dir="0" index="0" bw="32" slack="0"/>
<pin id="1413" dir="0" index="1" bw="32" slack="132"/>
<pin id="1414" dir="1" index="2" bw="0" slack="2147483647"/>
</pin_list>
<bind>
<opcode="store(28) " fcode="store"/>
<opset="store_ln154/133 "/>
</bind>
</comp>

<comp id="1416" class="1004" name="store_ln154_store_fu_1416">
<pin_list>
<pin id="1417" dir="0" index="0" bw="32" slack="0"/>
<pin id="1418" dir="0" index="1" bw="32" slack="132"/>
<pin id="1419" dir="1" index="2" bw="0" slack="2147483647"/>
</pin_list>
<bind>
<opcode="store(28) " fcode="store"/>
<opset="store_ln154/133 "/>
</bind>
</comp>

<comp id="1421" class="1004" name="max_logit_load_1_load_fu_1421">
<pin_list>
<pin id="1422" dir="0" index="0" bw="32" slack="133"/>
<pin id="1423" dir="1" index="1" bw="32" slack="0"/>
</pin_list>
<bind>
<opcode="load(27) " fcode="load"/>
<opset="max_logit_load_1/134 "/>
</bind>
</comp>

<comp id="1425" class="1004" name="bitcast_ln159_fu_1425">
<pin_list>
<pin id="1426" dir="0" index="0" bw="32" slack="1"/>
<pin id="1427" dir="1" index="1" bw="32" slack="0"/>
</pin_list>
<bind>
<opcode="bitcast(44) " fcode="bitcast"/>
<opset="bitcast_ln159/134 "/>
</bind>
</comp>

<comp id="1429" class="1004" name="tmp_1_fu_1429">
<pin_list>
<pin id="1430" dir="0" index="0" bw="8" slack="0"/>
<pin id="1431" dir="0" index="1" bw="32" slack="0"/>
<pin id="1432" dir="0" index="2" bw="6" slack="0"/>
<pin id="1433" dir="0" index="3" bw="6" slack="0"/>
<pin id="1434" dir="1" index="4" bw="8" slack="0"/>
</pin_list>
<bind>
<opcode="partselect(1002) " fcode="partselect"/>
<opset="tmp_1/134 "/>
</bind>
</comp>

<comp id="1439" class="1004" name="trunc_ln159_fu_1439">
<pin_list>
<pin id="1440" dir="0" index="0" bw="32" slack="0"/>
<pin id="1441" dir="1" index="1" bw="23" slack="0"/>
</pin_list>
<bind>
<opcode="trunc(33) " fcode="trunc"/>
<opset="trunc_ln159/134 "/>
</bind>
</comp>

<comp id="1443" class="1004" name="bitcast_ln159_1_fu_1443">
<pin_list>
<pin id="1444" dir="0" index="0" bw="32" slack="0"/>
<pin id="1445" dir="1" index="1" bw="32" slack="0"/>
</pin_list>
<bind>
<opcode="bitcast(44) " fcode="bitcast"/>
<opset="bitcast_ln159_1/134 "/>
</bind>
</comp>

<comp id="1447" class="1004" name="tmp_2_fu_1447">
<pin_list>
<pin id="1448" dir="0" index="0" bw="8" slack="0"/>
<pin id="1449" dir="0" index="1" bw="32" slack="0"/>
<pin id="1450" dir="0" index="2" bw="6" slack="0"/>
<pin id="1451" dir="0" index="3" bw="6" slack="0"/>
<pin id="1452" dir="1" index="4" bw="8" slack="0"/>
</pin_list>
<bind>
<opcode="partselect(1002) " fcode="partselect"/>
<opset="tmp_2/134 "/>
</bind>
</comp>

<comp id="1457" class="1004" name="trunc_ln159_1_fu_1457">
<pin_list>
<pin id="1458" dir="0" index="0" bw="32" slack="0"/>
<pin id="1459" dir="1" index="1" bw="23" slack="0"/>
</pin_list>
<bind>
<opcode="trunc(33) " fcode="trunc"/>
<opset="trunc_ln159_1/134 "/>
</bind>
</comp>

<comp id="1461" class="1004" name="icmp_ln159_fu_1461">
<pin_list>
<pin id="1462" dir="0" index="0" bw="8" slack="0"/>
<pin id="1463" dir="0" index="1" bw="8" slack="0"/>
<pin id="1464" dir="1" index="2" bw="1" slack="0"/>
</pin_list>
<bind>
<opcode="icmp(45) " fcode="icmp"/>
<opset="icmp_ln159/134 "/>
</bind>
</comp>

<comp id="1467" class="1004" name="icmp_ln159_1_fu_1467">
<pin_list>
<pin id="1468" dir="0" index="0" bw="23" slack="0"/>
<pin id="1469" dir="0" index="1" bw="23" slack="0"/>
<pin id="1470" dir="1" index="2" bw="1" slack="0"/>
</pin_list>
<bind>
<opcode="icmp(45) " fcode="icmp"/>
<opset="icmp_ln159_1/134 "/>
</bind>
</comp>

<comp id="1473" class="1004" name="or_ln159_fu_1473">
<pin_list>
<pin id="1474" dir="0" index="0" bw="1" slack="0"/>
<pin id="1475" dir="0" index="1" bw="1" slack="0"/>
<pin id="1476" dir="1" index="2" bw="1" slack="0"/>
</pin_list>
<bind>
<opcode="or(24) " fcode="or"/>
<opset="or_ln159/134 "/>
</bind>
</comp>

<comp id="1479" class="1004" name="icmp_ln159_2_fu_1479">
<pin_list>
<pin id="1480" dir="0" index="0" bw="8" slack="0"/>
<pin id="1481" dir="0" index="1" bw="8" slack="0"/>
<pin id="1482" dir="1" index="2" bw="1" slack="0"/>
</pin_list>
<bind>
<opcode="icmp(45) " fcode="icmp"/>
<opset="icmp_ln159_2/134 "/>
</bind>
</comp>

<comp id="1485" class="1004" name="icmp_ln159_3_fu_1485">
<pin_list>
<pin id="1486" dir="0" index="0" bw="23" slack="0"/>
<pin id="1487" dir="0" index="1" bw="23" slack="0"/>
<pin id="1488" dir="1" index="2" bw="1" slack="0"/>
</pin_list>
<bind>
<opcode="icmp(45) " fcode="icmp"/>
<opset="icmp_ln159_3/134 "/>
</bind>
</comp>

<comp id="1491" class="1004" name="or_ln159_1_fu_1491">
<pin_list>
<pin id="1492" dir="0" index="0" bw="1" slack="0"/>
<pin id="1493" dir="0" index="1" bw="1" slack="0"/>
<pin id="1494" dir="1" index="2" bw="1" slack="0"/>
</pin_list>
<bind>
<opcode="or(24) " fcode="or"/>
<opset="or_ln159_1/134 "/>
</bind>
</comp>

<comp id="1497" class="1004" name="and_ln159_fu_1497">
<pin_list>
<pin id="1498" dir="0" index="0" bw="1" slack="0"/>
<pin id="1499" dir="0" index="1" bw="1" slack="0"/>
<pin id="1500" dir="1" index="2" bw="1" slack="0"/>
</pin_list>
<bind>
<opcode="and(23) " fcode="and"/>
<opset="and_ln159/134 "/>
</bind>
</comp>

<comp id="1503" class="1004" name="and_ln159_1_fu_1503">
<pin_list>
<pin id="1504" dir="0" index="0" bw="1" slack="0"/>
<pin id="1505" dir="0" index="1" bw="1" slack="0"/>
<pin id="1506" dir="1" index="2" bw="1" slack="0"/>
</pin_list>
<bind>
<opcode="and(23) " fcode="and"/>
<opset="and_ln159_1/134 "/>
</bind>
</comp>

<comp id="1509" class="1004" name="max_logit_1_fu_1509">
<pin_list>
<pin id="1510" dir="0" index="0" bw="1" slack="0"/>
<pin id="1511" dir="0" index="1" bw="32" slack="1"/>
<pin id="1512" dir="0" index="2" bw="32" slack="0"/>
<pin id="1513" dir="1" index="3" bw="32" slack="1"/>
</pin_list>
<bind>
<opcode="select(49) " fcode="select"/>
<opset="max_logit_1/134 "/>
</bind>
</comp>

<comp id="1517" class="1004" name="store_ln148_store_fu_1517">
<pin_list>
<pin id="1518" dir="0" index="0" bw="32" slack="1"/>
<pin id="1519" dir="0" index="1" bw="32" slack="134"/>
<pin id="1520" dir="1" index="2" bw="0" slack="2147483647"/>
</pin_list>
<bind>
<opcode="store(28) " fcode="store"/>
<opset="store_ln148/135 "/>
</bind>
</comp>

<comp id="1521" class="1004" name="max_logit_load_load_fu_1521">
<pin_list>
<pin id="1522" dir="0" index="0" bw="32" slack="70"/>
<pin id="1523" dir="1" index="1" bw="32" slack="0"/>
</pin_list>
<bind>
<opcode="load(27) " fcode="load"/>
<opset="max_logit_load/71 "/>
</bind>
</comp>

<comp id="1525" class="1004" name="logits_0_1_load_load_fu_1525">
<pin_list>
<pin id="1526" dir="0" index="0" bw="32" slack="70"/>
<pin id="1527" dir="1" index="1" bw="32" slack="0"/>
</pin_list>
<bind>
<opcode="load(27) " fcode="load"/>
<opset="logits_0_1_load/71 "/>
</bind>
</comp>

<comp id="1529" class="1004" name="logits_1_1_load_load_fu_1529">
<pin_list>
<pin id="1530" dir="0" index="0" bw="32" slack="70"/>
<pin id="1531" dir="1" index="1" bw="32" slack="0"/>
</pin_list>
<bind>
<opcode="load(27) " fcode="load"/>
<opset="logits_1_1_load/71 "/>
</bind>
</comp>

<comp id="1533" class="1004" name="logits_2_1_load_load_fu_1533">
<pin_list>
<pin id="1534" dir="0" index="0" bw="32" slack="70"/>
<pin id="1535" dir="1" index="1" bw="32" slack="0"/>
</pin_list>
<bind>
<opcode="load(27) " fcode="load"/>
<opset="logits_2_1_load/71 "/>
</bind>
</comp>

<comp id="1537" class="1004" name="logits_3_1_load_load_fu_1537">
<pin_list>
<pin id="1538" dir="0" index="0" bw="32" slack="70"/>
<pin id="1539" dir="1" index="1" bw="32" slack="0"/>
</pin_list>
<bind>
<opcode="load(27) " fcode="load"/>
<opset="logits_3_1_load/71 "/>
</bind>
</comp>

<comp id="1541" class="1005" name="max_logit_reg_1541">
<pin_list>
<pin id="1542" dir="0" index="0" bw="32" slack="0"/>
<pin id="1543" dir="1" index="1" bw="32" slack="0"/>
</pin_list>
<bind>
<opset="max_logit "/>
</bind>
</comp>

<comp id="1549" class="1005" name="e_reg_1549">
<pin_list>
<pin id="1550" dir="0" index="0" bw="3" slack="0"/>
<pin id="1551" dir="1" index="1" bw="3" slack="0"/>
</pin_list>
<bind>
<opset="e "/>
</bind>
</comp>

<comp id="1556" class="1005" name="logits_0_1_reg_1556">
<pin_list>
<pin id="1557" dir="0" index="0" bw="32" slack="0"/>
<pin id="1558" dir="1" index="1" bw="32" slack="0"/>
</pin_list>
<bind>
<opset="logits_0_1 "/>
</bind>
</comp>

<comp id="1563" class="1005" name="logits_1_1_reg_1563">
<pin_list>
<pin id="1564" dir="0" index="0" bw="32" slack="0"/>
<pin id="1565" dir="1" index="1" bw="32" slack="0"/>
</pin_list>
<bind>
<opset="logits_1_1 "/>
</bind>
</comp>

<comp id="1570" class="1005" name="logits_2_1_reg_1570">
<pin_list>
<pin id="1571" dir="0" index="0" bw="32" slack="0"/>
<pin id="1572" dir="1" index="1" bw="32" slack="0"/>
</pin_list>
<bind>
<opset="logits_2_1 "/>
</bind>
</comp>

<comp id="1577" class="1005" name="logits_3_1_reg_1577">
<pin_list>
<pin id="1578" dir="0" index="0" bw="32" slack="0"/>
<pin id="1579" dir="1" index="1" bw="32" slack="0"/>
</pin_list>
<bind>
<opset="logits_3_1 "/>
</bind>
</comp>

<comp id="1584" class="1005" name="tmp_13_cast_reg_1584">
<pin_list>
<pin id="1585" dir="0" index="0" bw="64" slack="3"/>
<pin id="1586" dir="1" index="1" bw="64" slack="3"/>
</pin_list>
<bind>
<opset="tmp_13_cast "/>
</bind>
</comp>

<comp id="1596" class="1005" name="tmp_12_cast_reg_1596">
<pin_list>
<pin id="1597" dir="0" index="0" bw="64" slack="3"/>
<pin id="1598" dir="1" index="1" bw="64" slack="3"/>
</pin_list>
<bind>
<opset="tmp_12_cast "/>
</bind>
</comp>

<comp id="1608" class="1005" name="tmp_11_cast_reg_1608">
<pin_list>
<pin id="1609" dir="0" index="0" bw="64" slack="2"/>
<pin id="1610" dir="1" index="1" bw="64" slack="2"/>
</pin_list>
<bind>
<opset="tmp_11_cast "/>
</bind>
</comp>

<comp id="1620" class="1005" name="tmp_10_cast_reg_1620">
<pin_list>
<pin id="1621" dir="0" index="0" bw="64" slack="2"/>
<pin id="1622" dir="1" index="1" bw="64" slack="2"/>
</pin_list>
<bind>
<opset="tmp_10_cast "/>
</bind>
</comp>

<comp id="1632" class="1005" name="tmp_9_cast_reg_1632">
<pin_list>
<pin id="1633" dir="0" index="0" bw="64" slack="1"/>
<pin id="1634" dir="1" index="1" bw="64" slack="1"/>
</pin_list>
<bind>
<opset="tmp_9_cast "/>
</bind>
</comp>

<comp id="1644" class="1005" name="tmp_8_cast_reg_1644">
<pin_list>
<pin id="1645" dir="0" index="0" bw="64" slack="1"/>
<pin id="1646" dir="1" index="1" bw="64" slack="1"/>
</pin_list>
<bind>
<opset="tmp_8_cast "/>
</bind>
</comp>

<comp id="1656" class="1005" name="sext_ln150_cast_reg_1656">
<pin_list>
<pin id="1657" dir="0" index="0" bw="64" slack="1"/>
<pin id="1658" dir="1" index="1" bw="64" slack="1"/>
</pin_list>
<bind>
<opset="sext_ln150_cast "/>
</bind>
</comp>

<comp id="1661" class="1005" name="sext_ln150_1_cast_reg_1661">
<pin_list>
<pin id="1662" dir="0" index="0" bw="64" slack="1"/>
<pin id="1663" dir="1" index="1" bw="64" slack="1"/>
</pin_list>
<bind>
<opset="sext_ln150_1_cast "/>
</bind>
</comp>

<comp id="1666" class="1005" name="icmp_ln150_reg_1666">
<pin_list>
<pin id="1667" dir="0" index="0" bw="1" slack="1"/>
<pin id="1668" dir="1" index="1" bw="1" slack="2147483647"/>
</pin_list>
<bind>
<opset="icmp_ln150 "/>
</bind>
</comp>

<comp id="1670" class="1005" name="input_local_addr_reg_1670">
<pin_list>
<pin id="1671" dir="0" index="0" bw="7" slack="1"/>
<pin id="1672" dir="1" index="1" bw="7" slack="1"/>
</pin_list>
<bind>
<opset="input_local_addr "/>
</bind>
</comp>

<comp id="1675" class="1005" name="input_local_1_addr_reg_1675">
<pin_list>
<pin id="1676" dir="0" index="0" bw="7" slack="1"/>
<pin id="1677" dir="1" index="1" bw="7" slack="1"/>
</pin_list>
<bind>
<opset="input_local_1_addr "/>
</bind>
</comp>

<comp id="1680" class="1005" name="input_local_2_addr_reg_1680">
<pin_list>
<pin id="1681" dir="0" index="0" bw="7" slack="1"/>
<pin id="1682" dir="1" index="1" bw="7" slack="1"/>
</pin_list>
<bind>
<opset="input_local_2_addr "/>
</bind>
</comp>

<comp id="1685" class="1005" name="input_local_3_addr_reg_1685">
<pin_list>
<pin id="1686" dir="0" index="0" bw="7" slack="1"/>
<pin id="1687" dir="1" index="1" bw="7" slack="1"/>
</pin_list>
<bind>
<opset="input_local_3_addr "/>
</bind>
</comp>

<comp id="1690" class="1005" name="input_local_4_addr_reg_1690">
<pin_list>
<pin id="1691" dir="0" index="0" bw="7" slack="1"/>
<pin id="1692" dir="1" index="1" bw="7" slack="1"/>
</pin_list>
<bind>
<opset="input_local_4_addr "/>
</bind>
</comp>

<comp id="1695" class="1005" name="input_local_5_addr_reg_1695">
<pin_list>
<pin id="1696" dir="0" index="0" bw="7" slack="1"/>
<pin id="1697" dir="1" index="1" bw="7" slack="1"/>
</pin_list>
<bind>
<opset="input_local_5_addr "/>
</bind>
</comp>

<comp id="1700" class="1005" name="input_local_6_addr_reg_1700">
<pin_list>
<pin id="1701" dir="0" index="0" bw="7" slack="1"/>
<pin id="1702" dir="1" index="1" bw="7" slack="1"/>
</pin_list>
<bind>
<opset="input_local_6_addr "/>
</bind>
</comp>

<comp id="1705" class="1005" name="input_local_7_addr_reg_1705">
<pin_list>
<pin id="1706" dir="0" index="0" bw="7" slack="1"/>
<pin id="1707" dir="1" index="1" bw="7" slack="1"/>
</pin_list>
<bind>
<opset="input_local_7_addr "/>
</bind>
</comp>

<comp id="1710" class="1005" name="input_local_addr_1_reg_1710">
<pin_list>
<pin id="1711" dir="0" index="0" bw="7" slack="1"/>
<pin id="1712" dir="1" index="1" bw="7" slack="1"/>
</pin_list>
<bind>
<opset="input_local_addr_1 "/>
</bind>
</comp>

<comp id="1715" class="1005" name="input_local_1_addr_1_reg_1715">
<pin_list>
<pin id="1716" dir="0" index="0" bw="7" slack="1"/>
<pin id="1717" dir="1" index="1" bw="7" slack="1"/>
</pin_list>
<bind>
<opset="input_local_1_addr_1 "/>
</bind>
</comp>

<comp id="1720" class="1005" name="input_local_2_addr_1_reg_1720">
<pin_list>
<pin id="1721" dir="0" index="0" bw="7" slack="1"/>
<pin id="1722" dir="1" index="1" bw="7" slack="1"/>
</pin_list>
<bind>
<opset="input_local_2_addr_1 "/>
</bind>
</comp>

<comp id="1725" class="1005" name="input_local_3_addr_1_reg_1725">
<pin_list>
<pin id="1726" dir="0" index="0" bw="7" slack="1"/>
<pin id="1727" dir="1" index="1" bw="7" slack="1"/>
</pin_list>
<bind>
<opset="input_local_3_addr_1 "/>
</bind>
</comp>

<comp id="1730" class="1005" name="input_local_4_addr_1_reg_1730">
<pin_list>
<pin id="1731" dir="0" index="0" bw="7" slack="1"/>
<pin id="1732" dir="1" index="1" bw="7" slack="1"/>
</pin_list>
<bind>
<opset="input_local_4_addr_1 "/>
</bind>
</comp>

<comp id="1735" class="1005" name="input_local_5_addr_1_reg_1735">
<pin_list>
<pin id="1736" dir="0" index="0" bw="7" slack="1"/>
<pin id="1737" dir="1" index="1" bw="7" slack="1"/>
</pin_list>
<bind>
<opset="input_local_5_addr_1 "/>
</bind>
</comp>

<comp id="1740" class="1005" name="input_local_6_addr_1_reg_1740">
<pin_list>
<pin id="1741" dir="0" index="0" bw="7" slack="1"/>
<pin id="1742" dir="1" index="1" bw="7" slack="1"/>
</pin_list>
<bind>
<opset="input_local_6_addr_1 "/>
</bind>
</comp>

<comp id="1745" class="1005" name="input_local_7_addr_1_reg_1745">
<pin_list>
<pin id="1746" dir="0" index="0" bw="7" slack="1"/>
<pin id="1747" dir="1" index="1" bw="7" slack="1"/>
</pin_list>
<bind>
<opset="input_local_7_addr_1 "/>
</bind>
</comp>

<comp id="1750" class="1005" name="trunc_ln157_reg_1750">
<pin_list>
<pin id="1751" dir="0" index="0" bw="2" slack="132"/>
<pin id="1752" dir="1" index="1" bw="2" slack="2147483647"/>
</pin_list>
<bind>
<opset="trunc_ln157 "/>
</bind>
</comp>

<comp id="1754" class="1005" name="gmem1_addr_reg_1754">
<pin_list>
<pin id="1755" dir="0" index="0" bw="32" slack="1"/>
<pin id="1756" dir="1" index="1" bw="32" slack="1"/>
</pin_list>
<bind>
<opset="gmem1_addr "/>
</bind>
</comp>

<comp id="1759" class="1005" name="input_local_addr_2_reg_1759">
<pin_list>
<pin id="1760" dir="0" index="0" bw="7" slack="1"/>
<pin id="1761" dir="1" index="1" bw="7" slack="1"/>
</pin_list>
<bind>
<opset="input_local_addr_2 "/>
</bind>
</comp>

<comp id="1764" class="1005" name="input_local_1_addr_2_reg_1764">
<pin_list>
<pin id="1765" dir="0" index="0" bw="7" slack="1"/>
<pin id="1766" dir="1" index="1" bw="7" slack="1"/>
</pin_list>
<bind>
<opset="input_local_1_addr_2 "/>
</bind>
</comp>

<comp id="1769" class="1005" name="input_local_2_addr_2_reg_1769">
<pin_list>
<pin id="1770" dir="0" index="0" bw="7" slack="1"/>
<pin id="1771" dir="1" index="1" bw="7" slack="1"/>
</pin_list>
<bind>
<opset="input_local_2_addr_2 "/>
</bind>
</comp>

<comp id="1774" class="1005" name="input_local_3_addr_2_reg_1774">
<pin_list>
<pin id="1775" dir="0" index="0" bw="7" slack="1"/>
<pin id="1776" dir="1" index="1" bw="7" slack="1"/>
</pin_list>
<bind>
<opset="input_local_3_addr_2 "/>
</bind>
</comp>

<comp id="1779" class="1005" name="input_local_4_addr_2_reg_1779">
<pin_list>
<pin id="1780" dir="0" index="0" bw="7" slack="1"/>
<pin id="1781" dir="1" index="1" bw="7" slack="1"/>
</pin_list>
<bind>
<opset="input_local_4_addr_2 "/>
</bind>
</comp>

<comp id="1784" class="1005" name="input_local_5_addr_2_reg_1784">
<pin_list>
<pin id="1785" dir="0" index="0" bw="7" slack="1"/>
<pin id="1786" dir="1" index="1" bw="7" slack="1"/>
</pin_list>
<bind>
<opset="input_local_5_addr_2 "/>
</bind>
</comp>

<comp id="1789" class="1005" name="input_local_6_addr_2_reg_1789">
<pin_list>
<pin id="1790" dir="0" index="0" bw="7" slack="1"/>
<pin id="1791" dir="1" index="1" bw="7" slack="1"/>
</pin_list>
<bind>
<opset="input_local_6_addr_2 "/>
</bind>
</comp>

<comp id="1794" class="1005" name="input_local_7_addr_2_reg_1794">
<pin_list>
<pin id="1795" dir="0" index="0" bw="7" slack="1"/>
<pin id="1796" dir="1" index="1" bw="7" slack="1"/>
</pin_list>
<bind>
<opset="input_local_7_addr_2 "/>
</bind>
</comp>

<comp id="1799" class="1005" name="input_local_addr_3_reg_1799">
<pin_list>
<pin id="1800" dir="0" index="0" bw="7" slack="1"/>
<pin id="1801" dir="1" index="1" bw="7" slack="1"/>
</pin_list>
<bind>
<opset="input_local_addr_3 "/>
</bind>
</comp>

<comp id="1804" class="1005" name="input_local_1_addr_3_reg_1804">
<pin_list>
<pin id="1805" dir="0" index="0" bw="7" slack="1"/>
<pin id="1806" dir="1" index="1" bw="7" slack="1"/>
</pin_list>
<bind>
<opset="input_local_1_addr_3 "/>
</bind>
</comp>

<comp id="1809" class="1005" name="input_local_2_addr_3_reg_1809">
<pin_list>
<pin id="1810" dir="0" index="0" bw="7" slack="1"/>
<pin id="1811" dir="1" index="1" bw="7" slack="1"/>
</pin_list>
<bind>
<opset="input_local_2_addr_3 "/>
</bind>
</comp>

<comp id="1814" class="1005" name="input_local_3_addr_3_reg_1814">
<pin_list>
<pin id="1815" dir="0" index="0" bw="7" slack="1"/>
<pin id="1816" dir="1" index="1" bw="7" slack="1"/>
</pin_list>
<bind>
<opset="input_local_3_addr_3 "/>
</bind>
</comp>

<comp id="1819" class="1005" name="input_local_4_addr_3_reg_1819">
<pin_list>
<pin id="1820" dir="0" index="0" bw="7" slack="1"/>
<pin id="1821" dir="1" index="1" bw="7" slack="1"/>
</pin_list>
<bind>
<opset="input_local_4_addr_3 "/>
</bind>
</comp>

<comp id="1824" class="1005" name="input_local_5_addr_3_reg_1824">
<pin_list>
<pin id="1825" dir="0" index="0" bw="7" slack="1"/>
<pin id="1826" dir="1" index="1" bw="7" slack="1"/>
</pin_list>
<bind>
<opset="input_local_5_addr_3 "/>
</bind>
</comp>

<comp id="1829" class="1005" name="input_local_6_addr_3_reg_1829">
<pin_list>
<pin id="1830" dir="0" index="0" bw="7" slack="1"/>
<pin id="1831" dir="1" index="1" bw="7" slack="1"/>
</pin_list>
<bind>
<opset="input_local_6_addr_3 "/>
</bind>
</comp>

<comp id="1834" class="1005" name="input_local_7_addr_3_reg_1834">
<pin_list>
<pin id="1835" dir="0" index="0" bw="7" slack="1"/>
<pin id="1836" dir="1" index="1" bw="7" slack="1"/>
</pin_list>
<bind>
<opset="input_local_7_addr_3 "/>
</bind>
</comp>

<comp id="1839" class="1005" name="gmem2_addr_read_reg_1839">
<pin_list>
<pin id="1840" dir="0" index="0" bw="32" slack="3"/>
<pin id="1841" dir="1" index="1" bw="32" slack="3"/>
</pin_list>
<bind>
<opset="gmem2_addr_read "/>
</bind>
</comp>

<comp id="1844" class="1005" name="input_local_2_load_reg_1844">
<pin_list>
<pin id="1845" dir="0" index="0" bw="32" slack="3"/>
<pin id="1846" dir="1" index="1" bw="32" slack="3"/>
</pin_list>
<bind>
<opset="input_local_2_load "/>
</bind>
</comp>

<comp id="1849" class="1005" name="input_local_3_load_reg_1849">
<pin_list>
<pin id="1850" dir="0" index="0" bw="32" slack="4"/>
<pin id="1851" dir="1" index="1" bw="32" slack="4"/>
</pin_list>
<bind>
<opset="input_local_3_load "/>
</bind>
</comp>

<comp id="1854" class="1005" name="input_local_4_load_reg_1854">
<pin_list>
<pin id="1855" dir="0" index="0" bw="32" slack="5"/>
<pin id="1856" dir="1" index="1" bw="32" slack="5"/>
</pin_list>
<bind>
<opset="input_local_4_load "/>
</bind>
</comp>

<comp id="1859" class="1005" name="input_local_5_load_reg_1859">
<pin_list>
<pin id="1860" dir="0" index="0" bw="32" slack="6"/>
<pin id="1861" dir="1" index="1" bw="32" slack="6"/>
</pin_list>
<bind>
<opset="input_local_5_load "/>
</bind>
</comp>

<comp id="1864" class="1005" name="input_local_6_load_reg_1864">
<pin_list>
<pin id="1865" dir="0" index="0" bw="32" slack="7"/>
<pin id="1866" dir="1" index="1" bw="32" slack="7"/>
</pin_list>
<bind>
<opset="input_local_6_load "/>
</bind>
</comp>

<comp id="1869" class="1005" name="input_local_7_load_reg_1869">
<pin_list>
<pin id="1870" dir="0" index="0" bw="32" slack="8"/>
<pin id="1871" dir="1" index="1" bw="32" slack="8"/>
</pin_list>
<bind>
<opset="input_local_7_load "/>
</bind>
</comp>

<comp id="1874" class="1005" name="input_local_load_1_reg_1874">
<pin_list>
<pin id="1875" dir="0" index="0" bw="32" slack="9"/>
<pin id="1876" dir="1" index="1" bw="32" slack="9"/>
</pin_list>
<bind>
<opset="input_local_load_1 "/>
</bind>
</comp>

<comp id="1879" class="1005" name="input_local_1_load_1_reg_1879">
<pin_list>
<pin id="1880" dir="0" index="0" bw="32" slack="10"/>
<pin id="1881" dir="1" index="1" bw="32" slack="10"/>
</pin_list>
<bind>
<opset="input_local_1_load_1 "/>
</bind>
</comp>

<comp id="1884" class="1005" name="input_local_2_load_1_reg_1884">
<pin_list>
<pin id="1885" dir="0" index="0" bw="32" slack="11"/>
<pin id="1886" dir="1" index="1" bw="32" slack="11"/>
</pin_list>
<bind>
<opset="input_local_2_load_1 "/>
</bind>
</comp>

<comp id="1889" class="1005" name="input_local_3_load_1_reg_1889">
<pin_list>
<pin id="1890" dir="0" index="0" bw="32" slack="12"/>
<pin id="1891" dir="1" index="1" bw="32" slack="12"/>
</pin_list>
<bind>
<opset="input_local_3_load_1 "/>
</bind>
</comp>

<comp id="1894" class="1005" name="input_local_4_load_1_reg_1894">
<pin_list>
<pin id="1895" dir="0" index="0" bw="32" slack="13"/>
<pin id="1896" dir="1" index="1" bw="32" slack="13"/>
</pin_list>
<bind>
<opset="input_local_4_load_1 "/>
</bind>
</comp>

<comp id="1899" class="1005" name="input_local_5_load_1_reg_1899">
<pin_list>
<pin id="1900" dir="0" index="0" bw="32" slack="14"/>
<pin id="1901" dir="1" index="1" bw="32" slack="14"/>
</pin_list>
<bind>
<opset="input_local_5_load_1 "/>
</bind>
</comp>

<comp id="1904" class="1005" name="input_local_6_load_1_reg_1904">
<pin_list>
<pin id="1905" dir="0" index="0" bw="32" slack="15"/>
<pin id="1906" dir="1" index="1" bw="32" slack="15"/>
</pin_list>
<bind>
<opset="input_local_6_load_1 "/>
</bind>
</comp>

<comp id="1909" class="1005" name="input_local_7_load_1_reg_1909">
<pin_list>
<pin id="1910" dir="0" index="0" bw="32" slack="16"/>
<pin id="1911" dir="1" index="1" bw="32" slack="16"/>
</pin_list>
<bind>
<opset="input_local_7_load_1 "/>
</bind>
</comp>

<comp id="1914" class="1005" name="input_local_addr_4_reg_1914">
<pin_list>
<pin id="1915" dir="0" index="0" bw="7" slack="1"/>
<pin id="1916" dir="1" index="1" bw="7" slack="1"/>
</pin_list>
<bind>
<opset="input_local_addr_4 "/>
</bind>
</comp>

<comp id="1919" class="1005" name="input_local_1_addr_4_reg_1919">
<pin_list>
<pin id="1920" dir="0" index="0" bw="7" slack="1"/>
<pin id="1921" dir="1" index="1" bw="7" slack="1"/>
</pin_list>
<bind>
<opset="input_local_1_addr_4 "/>
</bind>
</comp>

<comp id="1924" class="1005" name="input_local_2_addr_4_reg_1924">
<pin_list>
<pin id="1925" dir="0" index="0" bw="7" slack="1"/>
<pin id="1926" dir="1" index="1" bw="7" slack="1"/>
</pin_list>
<bind>
<opset="input_local_2_addr_4 "/>
</bind>
</comp>

<comp id="1929" class="1005" name="input_local_3_addr_4_reg_1929">
<pin_list>
<pin id="1930" dir="0" index="0" bw="7" slack="1"/>
<pin id="1931" dir="1" index="1" bw="7" slack="1"/>
</pin_list>
<bind>
<opset="input_local_3_addr_4 "/>
</bind>
</comp>

<comp id="1934" class="1005" name="input_local_4_addr_4_reg_1934">
<pin_list>
<pin id="1935" dir="0" index="0" bw="7" slack="1"/>
<pin id="1936" dir="1" index="1" bw="7" slack="1"/>
</pin_list>
<bind>
<opset="input_local_4_addr_4 "/>
</bind>
</comp>

<comp id="1939" class="1005" name="input_local_5_addr_4_reg_1939">
<pin_list>
<pin id="1940" dir="0" index="0" bw="7" slack="1"/>
<pin id="1941" dir="1" index="1" bw="7" slack="1"/>
</pin_list>
<bind>
<opset="input_local_5_addr_4 "/>
</bind>
</comp>

<comp id="1944" class="1005" name="input_local_6_addr_4_reg_1944">
<pin_list>
<pin id="1945" dir="0" index="0" bw="7" slack="1"/>
<pin id="1946" dir="1" index="1" bw="7" slack="1"/>
</pin_list>
<bind>
<opset="input_local_6_addr_4 "/>
</bind>
</comp>

<comp id="1949" class="1005" name="input_local_7_addr_4_reg_1949">
<pin_list>
<pin id="1950" dir="0" index="0" bw="7" slack="1"/>
<pin id="1951" dir="1" index="1" bw="7" slack="1"/>
</pin_list>
<bind>
<opset="input_local_7_addr_4 "/>
</bind>
</comp>

<comp id="1954" class="1005" name="input_local_addr_5_reg_1954">
<pin_list>
<pin id="1955" dir="0" index="0" bw="7" slack="1"/>
<pin id="1956" dir="1" index="1" bw="7" slack="1"/>
</pin_list>
<bind>
<opset="input_local_addr_5 "/>
</bind>
</comp>

<comp id="1959" class="1005" name="input_local_1_addr_5_reg_1959">
<pin_list>
<pin id="1960" dir="0" index="0" bw="7" slack="1"/>
<pin id="1961" dir="1" index="1" bw="7" slack="1"/>
</pin_list>
<bind>
<opset="input_local_1_addr_5 "/>
</bind>
</comp>

<comp id="1964" class="1005" name="input_local_2_addr_5_reg_1964">
<pin_list>
<pin id="1965" dir="0" index="0" bw="7" slack="1"/>
<pin id="1966" dir="1" index="1" bw="7" slack="1"/>
</pin_list>
<bind>
<opset="input_local_2_addr_5 "/>
</bind>
</comp>

<comp id="1969" class="1005" name="input_local_3_addr_5_reg_1969">
<pin_list>
<pin id="1970" dir="0" index="0" bw="7" slack="1"/>
<pin id="1971" dir="1" index="1" bw="7" slack="1"/>
</pin_list>
<bind>
<opset="input_local_3_addr_5 "/>
</bind>
</comp>

<comp id="1974" class="1005" name="input_local_4_addr_5_reg_1974">
<pin_list>
<pin id="1975" dir="0" index="0" bw="7" slack="1"/>
<pin id="1976" dir="1" index="1" bw="7" slack="1"/>
</pin_list>
<bind>
<opset="input_local_4_addr_5 "/>
</bind>
</comp>

<comp id="1979" class="1005" name="input_local_5_addr_5_reg_1979">
<pin_list>
<pin id="1980" dir="0" index="0" bw="7" slack="1"/>
<pin id="1981" dir="1" index="1" bw="7" slack="1"/>
</pin_list>
<bind>
<opset="input_local_5_addr_5 "/>
</bind>
</comp>

<comp id="1984" class="1005" name="input_local_6_addr_5_reg_1984">
<pin_list>
<pin id="1985" dir="0" index="0" bw="7" slack="1"/>
<pin id="1986" dir="1" index="1" bw="7" slack="1"/>
</pin_list>
<bind>
<opset="input_local_6_addr_5 "/>
</bind>
</comp>

<comp id="1989" class="1005" name="input_local_7_addr_5_reg_1989">
<pin_list>
<pin id="1990" dir="0" index="0" bw="7" slack="1"/>
<pin id="1991" dir="1" index="1" bw="7" slack="1"/>
</pin_list>
<bind>
<opset="input_local_7_addr_5 "/>
</bind>
</comp>

<comp id="1994" class="1005" name="bitcast_ln154_reg_1994">
<pin_list>
<pin id="1995" dir="0" index="0" bw="32" slack="1"/>
<pin id="1996" dir="1" index="1" bw="32" slack="1"/>
</pin_list>
<bind>
<opset="bitcast_ln154 "/>
</bind>
</comp>

<comp id="1999" class="1005" name="input_local_load_2_reg_1999">
<pin_list>
<pin id="2000" dir="0" index="0" bw="32" slack="16"/>
<pin id="2001" dir="1" index="1" bw="32" slack="16"/>
</pin_list>
<bind>
<opset="input_local_load_2 "/>
</bind>
</comp>

<comp id="2004" class="1005" name="input_local_1_load_2_reg_2004">
<pin_list>
<pin id="2005" dir="0" index="0" bw="32" slack="17"/>
<pin id="2006" dir="1" index="1" bw="32" slack="17"/>
</pin_list>
<bind>
<opset="input_local_1_load_2 "/>
</bind>
</comp>

<comp id="2009" class="1005" name="input_local_2_load_2_reg_2009">
<pin_list>
<pin id="2010" dir="0" index="0" bw="32" slack="18"/>
<pin id="2011" dir="1" index="1" bw="32" slack="18"/>
</pin_list>
<bind>
<opset="input_local_2_load_2 "/>
</bind>
</comp>

<comp id="2014" class="1005" name="input_local_3_load_2_reg_2014">
<pin_list>
<pin id="2015" dir="0" index="0" bw="32" slack="19"/>
<pin id="2016" dir="1" index="1" bw="32" slack="19"/>
</pin_list>
<bind>
<opset="input_local_3_load_2 "/>
</bind>
</comp>

<comp id="2019" class="1005" name="input_local_4_load_2_reg_2019">
<pin_list>
<pin id="2020" dir="0" index="0" bw="32" slack="20"/>
<pin id="2021" dir="1" index="1" bw="32" slack="20"/>
</pin_list>
<bind>
<opset="input_local_4_load_2 "/>
</bind>
</comp>

<comp id="2024" class="1005" name="input_local_5_load_2_reg_2024">
<pin_list>
<pin id="2025" dir="0" index="0" bw="32" slack="21"/>
<pin id="2026" dir="1" index="1" bw="32" slack="21"/>
</pin_list>
<bind>
<opset="input_local_5_load_2 "/>
</bind>
</comp>

<comp id="2029" class="1005" name="input_local_6_load_2_reg_2029">
<pin_list>
<pin id="2030" dir="0" index="0" bw="32" slack="22"/>
<pin id="2031" dir="1" index="1" bw="32" slack="22"/>
</pin_list>
<bind>
<opset="input_local_6_load_2 "/>
</bind>
</comp>

<comp id="2034" class="1005" name="input_local_7_load_2_reg_2034">
<pin_list>
<pin id="2035" dir="0" index="0" bw="32" slack="23"/>
<pin id="2036" dir="1" index="1" bw="32" slack="23"/>
</pin_list>
<bind>
<opset="input_local_7_load_2 "/>
</bind>
</comp>

<comp id="2039" class="1005" name="input_local_load_3_reg_2039">
<pin_list>
<pin id="2040" dir="0" index="0" bw="32" slack="24"/>
<pin id="2041" dir="1" index="1" bw="32" slack="24"/>
</pin_list>
<bind>
<opset="input_local_load_3 "/>
</bind>
</comp>

<comp id="2044" class="1005" name="input_local_1_load_3_reg_2044">
<pin_list>
<pin id="2045" dir="0" index="0" bw="32" slack="25"/>
<pin id="2046" dir="1" index="1" bw="32" slack="25"/>
</pin_list>
<bind>
<opset="input_local_1_load_3 "/>
</bind>
</comp>

<comp id="2049" class="1005" name="input_local_2_load_3_reg_2049">
<pin_list>
<pin id="2050" dir="0" index="0" bw="32" slack="26"/>
<pin id="2051" dir="1" index="1" bw="32" slack="26"/>
</pin_list>
<bind>
<opset="input_local_2_load_3 "/>
</bind>
</comp>

<comp id="2054" class="1005" name="input_local_3_load_3_reg_2054">
<pin_list>
<pin id="2055" dir="0" index="0" bw="32" slack="27"/>
<pin id="2056" dir="1" index="1" bw="32" slack="27"/>
</pin_list>
<bind>
<opset="input_local_3_load_3 "/>
</bind>
</comp>

<comp id="2059" class="1005" name="input_local_4_load_3_reg_2059">
<pin_list>
<pin id="2060" dir="0" index="0" bw="32" slack="28"/>
<pin id="2061" dir="1" index="1" bw="32" slack="28"/>
</pin_list>
<bind>
<opset="input_local_4_load_3 "/>
</bind>
</comp>

<comp id="2064" class="1005" name="input_local_5_load_3_reg_2064">
<pin_list>
<pin id="2065" dir="0" index="0" bw="32" slack="29"/>
<pin id="2066" dir="1" index="1" bw="32" slack="29"/>
</pin_list>
<bind>
<opset="input_local_5_load_3 "/>
</bind>
</comp>

<comp id="2069" class="1005" name="input_local_6_load_3_reg_2069">
<pin_list>
<pin id="2070" dir="0" index="0" bw="32" slack="30"/>
<pin id="2071" dir="1" index="1" bw="32" slack="30"/>
</pin_list>
<bind>
<opset="input_local_6_load_3 "/>
</bind>
</comp>

<comp id="2074" class="1005" name="input_local_7_load_3_reg_2074">
<pin_list>
<pin id="2075" dir="0" index="0" bw="32" slack="31"/>
<pin id="2076" dir="1" index="1" bw="32" slack="31"/>
</pin_list>
<bind>
<opset="input_local_7_load_3 "/>
</bind>
</comp>

<comp id="2079" class="1005" name="input_local_addr_6_reg_2079">
<pin_list>
<pin id="2080" dir="0" index="0" bw="7" slack="1"/>
<pin id="2081" dir="1" index="1" bw="7" slack="1"/>
</pin_list>
<bind>
<opset="input_local_addr_6 "/>
</bind>
</comp>

<comp id="2084" class="1005" name="input_local_1_addr_6_reg_2084">
<pin_list>
<pin id="2085" dir="0" index="0" bw="7" slack="1"/>
<pin id="2086" dir="1" index="1" bw="7" slack="1"/>
</pin_list>
<bind>
<opset="input_local_1_addr_6 "/>
</bind>
</comp>

<comp id="2089" class="1005" name="input_local_2_addr_6_reg_2089">
<pin_list>
<pin id="2090" dir="0" index="0" bw="7" slack="1"/>
<pin id="2091" dir="1" index="1" bw="7" slack="1"/>
</pin_list>
<bind>
<opset="input_local_2_addr_6 "/>
</bind>
</comp>

<comp id="2094" class="1005" name="input_local_3_addr_6_reg_2094">
<pin_list>
<pin id="2095" dir="0" index="0" bw="7" slack="1"/>
<pin id="2096" dir="1" index="1" bw="7" slack="1"/>
</pin_list>
<bind>
<opset="input_local_3_addr_6 "/>
</bind>
</comp>

<comp id="2099" class="1005" name="input_local_4_addr_6_reg_2099">
<pin_list>
<pin id="2100" dir="0" index="0" bw="7" slack="1"/>
<pin id="2101" dir="1" index="1" bw="7" slack="1"/>
</pin_list>
<bind>
<opset="input_local_4_addr_6 "/>
</bind>
</comp>

<comp id="2104" class="1005" name="input_local_5_addr_6_reg_2104">
<pin_list>
<pin id="2105" dir="0" index="0" bw="7" slack="1"/>
<pin id="2106" dir="1" index="1" bw="7" slack="1"/>
</pin_list>
<bind>
<opset="input_local_5_addr_6 "/>
</bind>
</comp>

<comp id="2109" class="1005" name="input_local_6_addr_6_reg_2109">
<pin_list>
<pin id="2110" dir="0" index="0" bw="7" slack="1"/>
<pin id="2111" dir="1" index="1" bw="7" slack="1"/>
</pin_list>
<bind>
<opset="input_local_6_addr_6 "/>
</bind>
</comp>

<comp id="2114" class="1005" name="input_local_7_addr_6_reg_2114">
<pin_list>
<pin id="2115" dir="0" index="0" bw="7" slack="1"/>
<pin id="2116" dir="1" index="1" bw="7" slack="1"/>
</pin_list>
<bind>
<opset="input_local_7_addr_6 "/>
</bind>
</comp>

<comp id="2119" class="1005" name="input_local_addr_7_reg_2119">
<pin_list>
<pin id="2120" dir="0" index="0" bw="7" slack="1"/>
<pin id="2121" dir="1" index="1" bw="7" slack="1"/>
</pin_list>
<bind>
<opset="input_local_addr_7 "/>
</bind>
</comp>

<comp id="2124" class="1005" name="input_local_1_addr_7_reg_2124">
<pin_list>
<pin id="2125" dir="0" index="0" bw="7" slack="1"/>
<pin id="2126" dir="1" index="1" bw="7" slack="1"/>
</pin_list>
<bind>
<opset="input_local_1_addr_7 "/>
</bind>
</comp>

<comp id="2129" class="1005" name="input_local_2_addr_7_reg_2129">
<pin_list>
<pin id="2130" dir="0" index="0" bw="7" slack="1"/>
<pin id="2131" dir="1" index="1" bw="7" slack="1"/>
</pin_list>
<bind>
<opset="input_local_2_addr_7 "/>
</bind>
</comp>

<comp id="2134" class="1005" name="input_local_3_addr_7_reg_2134">
<pin_list>
<pin id="2135" dir="0" index="0" bw="7" slack="1"/>
<pin id="2136" dir="1" index="1" bw="7" slack="1"/>
</pin_list>
<bind>
<opset="input_local_3_addr_7 "/>
</bind>
</comp>

<comp id="2139" class="1005" name="input_local_4_addr_7_reg_2139">
<pin_list>
<pin id="2140" dir="0" index="0" bw="7" slack="1"/>
<pin id="2141" dir="1" index="1" bw="7" slack="1"/>
</pin_list>
<bind>
<opset="input_local_4_addr_7 "/>
</bind>
</comp>

<comp id="2144" class="1005" name="input_local_5_addr_7_reg_2144">
<pin_list>
<pin id="2145" dir="0" index="0" bw="7" slack="1"/>
<pin id="2146" dir="1" index="1" bw="7" slack="1"/>
</pin_list>
<bind>
<opset="input_local_5_addr_7 "/>
</bind>
</comp>

<comp id="2149" class="1005" name="input_local_6_addr_7_reg_2149">
<pin_list>
<pin id="2150" dir="0" index="0" bw="7" slack="1"/>
<pin id="2151" dir="1" index="1" bw="7" slack="1"/>
</pin_list>
<bind>
<opset="input_local_6_addr_7 "/>
</bind>
</comp>

<comp id="2154" class="1005" name="input_local_7_addr_7_reg_2154">
<pin_list>
<pin id="2155" dir="0" index="0" bw="7" slack="1"/>
<pin id="2156" dir="1" index="1" bw="7" slack="1"/>
</pin_list>
<bind>
<opset="input_local_7_addr_7 "/>
</bind>
</comp>

<comp id="2159" class="1005" name="bitcast_ln154_1_reg_2159">
<pin_list>
<pin id="2160" dir="0" index="0" bw="32" slack="1"/>
<pin id="2161" dir="1" index="1" bw="32" slack="1"/>
</pin_list>
<bind>
<opset="bitcast_ln154_1 "/>
</bind>
</comp>

<comp id="2164" class="1005" name="input_local_1_load_4_reg_2164">
<pin_list>
<pin id="2165" dir="0" index="0" bw="32" slack="32"/>
<pin id="2166" dir="1" index="1" bw="32" slack="32"/>
</pin_list>
<bind>
<opset="input_local_1_load_4 "/>
</bind>
</comp>

<comp id="2169" class="1005" name="input_local_2_load_4_reg_2169">
<pin_list>
<pin id="2170" dir="0" index="0" bw="32" slack="33"/>
<pin id="2171" dir="1" index="1" bw="32" slack="33"/>
</pin_list>
<bind>
<opset="input_local_2_load_4 "/>
</bind>
</comp>

<comp id="2174" class="1005" name="input_local_3_load_4_reg_2174">
<pin_list>
<pin id="2175" dir="0" index="0" bw="32" slack="34"/>
<pin id="2176" dir="1" index="1" bw="32" slack="34"/>
</pin_list>
<bind>
<opset="input_local_3_load_4 "/>
</bind>
</comp>

<comp id="2179" class="1005" name="input_local_4_load_4_reg_2179">
<pin_list>
<pin id="2180" dir="0" index="0" bw="32" slack="35"/>
<pin id="2181" dir="1" index="1" bw="32" slack="35"/>
</pin_list>
<bind>
<opset="input_local_4_load_4 "/>
</bind>
</comp>

<comp id="2184" class="1005" name="input_local_5_load_4_reg_2184">
<pin_list>
<pin id="2185" dir="0" index="0" bw="32" slack="36"/>
<pin id="2186" dir="1" index="1" bw="32" slack="36"/>
</pin_list>
<bind>
<opset="input_local_5_load_4 "/>
</bind>
</comp>

<comp id="2189" class="1005" name="input_local_6_load_4_reg_2189">
<pin_list>
<pin id="2190" dir="0" index="0" bw="32" slack="37"/>
<pin id="2191" dir="1" index="1" bw="32" slack="37"/>
</pin_list>
<bind>
<opset="input_local_6_load_4 "/>
</bind>
</comp>

<comp id="2194" class="1005" name="input_local_7_load_4_reg_2194">
<pin_list>
<pin id="2195" dir="0" index="0" bw="32" slack="38"/>
<pin id="2196" dir="1" index="1" bw="32" slack="38"/>
</pin_list>
<bind>
<opset="input_local_7_load_4 "/>
</bind>
</comp>

<comp id="2199" class="1005" name="input_local_load_5_reg_2199">
<pin_list>
<pin id="2200" dir="0" index="0" bw="32" slack="39"/>
<pin id="2201" dir="1" index="1" bw="32" slack="39"/>
</pin_list>
<bind>
<opset="input_local_load_5 "/>
</bind>
</comp>

<comp id="2204" class="1005" name="input_local_1_load_5_reg_2204">
<pin_list>
<pin id="2205" dir="0" index="0" bw="32" slack="40"/>
<pin id="2206" dir="1" index="1" bw="32" slack="40"/>
</pin_list>
<bind>
<opset="input_local_1_load_5 "/>
</bind>
</comp>

<comp id="2209" class="1005" name="input_local_2_load_5_reg_2209">
<pin_list>
<pin id="2210" dir="0" index="0" bw="32" slack="41"/>
<pin id="2211" dir="1" index="1" bw="32" slack="41"/>
</pin_list>
<bind>
<opset="input_local_2_load_5 "/>
</bind>
</comp>

<comp id="2214" class="1005" name="input_local_3_load_5_reg_2214">
<pin_list>
<pin id="2215" dir="0" index="0" bw="32" slack="42"/>
<pin id="2216" dir="1" index="1" bw="32" slack="42"/>
</pin_list>
<bind>
<opset="input_local_3_load_5 "/>
</bind>
</comp>

<comp id="2219" class="1005" name="input_local_4_load_5_reg_2219">
<pin_list>
<pin id="2220" dir="0" index="0" bw="32" slack="43"/>
<pin id="2221" dir="1" index="1" bw="32" slack="43"/>
</pin_list>
<bind>
<opset="input_local_4_load_5 "/>
</bind>
</comp>

<comp id="2224" class="1005" name="input_local_5_load_5_reg_2224">
<pin_list>
<pin id="2225" dir="0" index="0" bw="32" slack="44"/>
<pin id="2226" dir="1" index="1" bw="32" slack="44"/>
</pin_list>
<bind>
<opset="input_local_5_load_5 "/>
</bind>
</comp>

<comp id="2229" class="1005" name="input_local_6_load_5_reg_2229">
<pin_list>
<pin id="2230" dir="0" index="0" bw="32" slack="45"/>
<pin id="2231" dir="1" index="1" bw="32" slack="45"/>
</pin_list>
<bind>
<opset="input_local_6_load_5 "/>
</bind>
</comp>

<comp id="2234" class="1005" name="input_local_7_load_5_reg_2234">
<pin_list>
<pin id="2235" dir="0" index="0" bw="32" slack="46"/>
<pin id="2236" dir="1" index="1" bw="32" slack="46"/>
</pin_list>
<bind>
<opset="input_local_7_load_5 "/>
</bind>
</comp>

<comp id="2239" class="1005" name="acc_reg_2239">
<pin_list>
<pin id="2240" dir="0" index="0" bw="32" slack="1"/>
<pin id="2241" dir="1" index="1" bw="32" slack="1"/>
</pin_list>
<bind>
<opset="acc "/>
</bind>
</comp>

<comp id="2244" class="1005" name="bitcast_ln154_2_reg_2244">
<pin_list>
<pin id="2245" dir="0" index="0" bw="32" slack="1"/>
<pin id="2246" dir="1" index="1" bw="32" slack="1"/>
</pin_list>
<bind>
<opset="bitcast_ln154_2 "/>
</bind>
</comp>

<comp id="2249" class="1005" name="input_local_load_6_reg_2249">
<pin_list>
<pin id="2250" dir="0" index="0" bw="32" slack="46"/>
<pin id="2251" dir="1" index="1" bw="32" slack="46"/>
</pin_list>
<bind>
<opset="input_local_load_6 "/>
</bind>
</comp>

<comp id="2254" class="1005" name="input_local_2_load_6_reg_2254">
<pin_list>
<pin id="2255" dir="0" index="0" bw="32" slack="48"/>
<pin id="2256" dir="1" index="1" bw="32" slack="48"/>
</pin_list>
<bind>
<opset="input_local_2_load_6 "/>
</bind>
</comp>

<comp id="2259" class="1005" name="input_local_3_load_6_reg_2259">
<pin_list>
<pin id="2260" dir="0" index="0" bw="32" slack="49"/>
<pin id="2261" dir="1" index="1" bw="32" slack="49"/>
</pin_list>
<bind>
<opset="input_local_3_load_6 "/>
</bind>
</comp>

<comp id="2264" class="1005" name="input_local_4_load_6_reg_2264">
<pin_list>
<pin id="2265" dir="0" index="0" bw="32" slack="50"/>
<pin id="2266" dir="1" index="1" bw="32" slack="50"/>
</pin_list>
<bind>
<opset="input_local_4_load_6 "/>
</bind>
</comp>

<comp id="2269" class="1005" name="input_local_5_load_6_reg_2269">
<pin_list>
<pin id="2270" dir="0" index="0" bw="32" slack="51"/>
<pin id="2271" dir="1" index="1" bw="32" slack="51"/>
</pin_list>
<bind>
<opset="input_local_5_load_6 "/>
</bind>
</comp>

<comp id="2274" class="1005" name="input_local_6_load_6_reg_2274">
<pin_list>
<pin id="2275" dir="0" index="0" bw="32" slack="52"/>
<pin id="2276" dir="1" index="1" bw="32" slack="52"/>
</pin_list>
<bind>
<opset="input_local_6_load_6 "/>
</bind>
</comp>

<comp id="2279" class="1005" name="input_local_7_load_6_reg_2279">
<pin_list>
<pin id="2280" dir="0" index="0" bw="32" slack="53"/>
<pin id="2281" dir="1" index="1" bw="32" slack="53"/>
</pin_list>
<bind>
<opset="input_local_7_load_6 "/>
</bind>
</comp>

<comp id="2284" class="1005" name="input_local_load_7_reg_2284">
<pin_list>
<pin id="2285" dir="0" index="0" bw="32" slack="54"/>
<pin id="2286" dir="1" index="1" bw="32" slack="54"/>
</pin_list>
<bind>
<opset="input_local_load_7 "/>
</bind>
</comp>

<comp id="2289" class="1005" name="input_local_1_load_7_reg_2289">
<pin_list>
<pin id="2290" dir="0" index="0" bw="32" slack="55"/>
<pin id="2291" dir="1" index="1" bw="32" slack="55"/>
</pin_list>
<bind>
<opset="input_local_1_load_7 "/>
</bind>
</comp>

<comp id="2294" class="1005" name="input_local_2_load_7_reg_2294">
<pin_list>
<pin id="2295" dir="0" index="0" bw="32" slack="56"/>
<pin id="2296" dir="1" index="1" bw="32" slack="56"/>
</pin_list>
<bind>
<opset="input_local_2_load_7 "/>
</bind>
</comp>

<comp id="2299" class="1005" name="input_local_3_load_7_reg_2299">
<pin_list>
<pin id="2300" dir="0" index="0" bw="32" slack="57"/>
<pin id="2301" dir="1" index="1" bw="32" slack="57"/>
</pin_list>
<bind>
<opset="input_local_3_load_7 "/>
</bind>
</comp>

<comp id="2304" class="1005" name="input_local_4_load_7_reg_2304">
<pin_list>
<pin id="2305" dir="0" index="0" bw="32" slack="58"/>
<pin id="2306" dir="1" index="1" bw="32" slack="58"/>
</pin_list>
<bind>
<opset="input_local_4_load_7 "/>
</bind>
</comp>

<comp id="2309" class="1005" name="input_local_5_load_7_reg_2309">
<pin_list>
<pin id="2310" dir="0" index="0" bw="32" slack="59"/>
<pin id="2311" dir="1" index="1" bw="32" slack="59"/>
</pin_list>
<bind>
<opset="input_local_5_load_7 "/>
</bind>
</comp>

<comp id="2314" class="1005" name="input_local_6_load_7_reg_2314">
<pin_list>
<pin id="2315" dir="0" index="0" bw="32" slack="60"/>
<pin id="2316" dir="1" index="1" bw="32" slack="60"/>
</pin_list>
<bind>
<opset="input_local_6_load_7 "/>
</bind>
</comp>

<comp id="2319" class="1005" name="input_local_7_load_7_reg_2319">
<pin_list>
<pin id="2320" dir="0" index="0" bw="32" slack="61"/>
<pin id="2321" dir="1" index="1" bw="32" slack="61"/>
</pin_list>
<bind>
<opset="input_local_7_load_7 "/>
</bind>
</comp>

<comp id="2324" class="1005" name="bitcast_ln154_3_reg_2324">
<pin_list>
<pin id="2325" dir="0" index="0" bw="32" slack="1"/>
<pin id="2326" dir="1" index="1" bw="32" slack="1"/>
</pin_list>
<bind>
<opset="bitcast_ln154_3 "/>
</bind>
</comp>

<comp id="2329" class="1005" name="bitcast_ln154_4_reg_2329">
<pin_list>
<pin id="2330" dir="0" index="0" bw="32" slack="1"/>
<pin id="2331" dir="1" index="1" bw="32" slack="1"/>
</pin_list>
<bind>
<opset="bitcast_ln154_4 "/>
</bind>
</comp>

<comp id="2334" class="1005" name="bitcast_ln154_5_reg_2334">
<pin_list>
<pin id="2335" dir="0" index="0" bw="32" slack="1"/>
<pin id="2336" dir="1" index="1" bw="32" slack="1"/>
</pin_list>
<bind>
<opset="bitcast_ln154_5 "/>
</bind>
</comp>

<comp id="2339" class="1005" name="bitcast_ln154_6_reg_2339">
<pin_list>
<pin id="2340" dir="0" index="0" bw="32" slack="1"/>
<pin id="2341" dir="1" index="1" bw="32" slack="1"/>
</pin_list>
<bind>
<opset="bitcast_ln154_6 "/>
</bind>
</comp>

<comp id="2344" class="1005" name="bitcast_ln154_7_reg_2344">
<pin_list>
<pin id="2345" dir="0" index="0" bw="32" slack="1"/>
<pin id="2346" dir="1" index="1" bw="32" slack="1"/>
</pin_list>
<bind>
<opset="bitcast_ln154_7 "/>
</bind>
</comp>

<comp id="2349" class="1005" name="bitcast_ln154_8_reg_2349">
<pin_list>
<pin id="2350" dir="0" index="0" bw="32" slack="1"/>
<pin id="2351" dir="1" index="1" bw="32" slack="1"/>
</pin_list>
<bind>
<opset="bitcast_ln154_8 "/>
</bind>
</comp>

<comp id="2354" class="1005" name="bitcast_ln154_9_reg_2354">
<pin_list>
<pin id="2355" dir="0" index="0" bw="32" slack="1"/>
<pin id="2356" dir="1" index="1" bw="32" slack="1"/>
</pin_list>
<bind>
<opset="bitcast_ln154_9 "/>
</bind>
</comp>

<comp id="2359" class="1005" name="bitcast_ln154_10_reg_2359">
<pin_list>
<pin id="2360" dir="0" index="0" bw="32" slack="1"/>
<pin id="2361" dir="1" index="1" bw="32" slack="1"/>
</pin_list>
<bind>
<opset="bitcast_ln154_10 "/>
</bind>
</comp>

<comp id="2364" class="1005" name="bitcast_ln154_11_reg_2364">
<pin_list>
<pin id="2365" dir="0" index="0" bw="32" slack="1"/>
<pin id="2366" dir="1" index="1" bw="32" slack="1"/>
</pin_list>
<bind>
<opset="bitcast_ln154_11 "/>
</bind>
</comp>

<comp id="2369" class="1005" name="bitcast_ln154_12_reg_2369">
<pin_list>
<pin id="2370" dir="0" index="0" bw="32" slack="1"/>
<pin id="2371" dir="1" index="1" bw="32" slack="1"/>
</pin_list>
<bind>
<opset="bitcast_ln154_12 "/>
</bind>
</comp>

<comp id="2374" class="1005" name="bitcast_ln154_13_reg_2374">
<pin_list>
<pin id="2375" dir="0" index="0" bw="32" slack="1"/>
<pin id="2376" dir="1" index="1" bw="32" slack="1"/>
</pin_list>
<bind>
<opset="bitcast_ln154_13 "/>
</bind>
</comp>

<comp id="2379" class="1005" name="bitcast_ln154_14_reg_2379">
<pin_list>
<pin id="2380" dir="0" index="0" bw="32" slack="1"/>
<pin id="2381" dir="1" index="1" bw="32" slack="1"/>
</pin_list>
<bind>
<opset="bitcast_ln154_14 "/>
</bind>
</comp>

<comp id="2384" class="1005" name="bitcast_ln154_15_reg_2384">
<pin_list>
<pin id="2385" dir="0" index="0" bw="32" slack="1"/>
<pin id="2386" dir="1" index="1" bw="32" slack="1"/>
</pin_list>
<bind>
<opset="bitcast_ln154_15 "/>
</bind>
</comp>

<comp id="2389" class="1005" name="bitcast_ln154_16_reg_2389">
<pin_list>
<pin id="2390" dir="0" index="0" bw="32" slack="1"/>
<pin id="2391" dir="1" index="1" bw="32" slack="1"/>
</pin_list>
<bind>
<opset="bitcast_ln154_16 "/>
</bind>
</comp>

<comp id="2394" class="1005" name="bitcast_ln154_17_reg_2394">
<pin_list>
<pin id="2395" dir="0" index="0" bw="32" slack="1"/>
<pin id="2396" dir="1" index="1" bw="32" slack="1"/>
</pin_list>
<bind>
<opset="bitcast_ln154_17 "/>
</bind>
</comp>

<comp id="2399" class="1005" name="bitcast_ln154_18_reg_2399">
<pin_list>
<pin id="2400" dir="0" index="0" bw="32" slack="1"/>
<pin id="2401" dir="1" index="1" bw="32" slack="1"/>
</pin_list>
<bind>
<opset="bitcast_ln154_18 "/>
</bind>
</comp>

<comp id="2404" class="1005" name="bitcast_ln154_19_reg_2404">
<pin_list>
<pin id="2405" dir="0" index="0" bw="32" slack="1"/>
<pin id="2406" dir="1" index="1" bw="32" slack="1"/>
</pin_list>
<bind>
<opset="bitcast_ln154_19 "/>
</bind>
</comp>

<comp id="2409" class="1005" name="bitcast_ln154_20_reg_2409">
<pin_list>
<pin id="2410" dir="0" index="0" bw="32" slack="1"/>
<pin id="2411" dir="1" index="1" bw="32" slack="1"/>
</pin_list>
<bind>
<opset="bitcast_ln154_20 "/>
</bind>
</comp>

<comp id="2414" class="1005" name="bitcast_ln154_21_reg_2414">
<pin_list>
<pin id="2415" dir="0" index="0" bw="32" slack="1"/>
<pin id="2416" dir="1" index="1" bw="32" slack="1"/>
</pin_list>
<bind>
<opset="bitcast_ln154_21 "/>
</bind>
</comp>

<comp id="2419" class="1005" name="mul83_20_reg_2419">
<pin_list>
<pin id="2420" dir="0" index="0" bw="32" slack="22"/>
<pin id="2421" dir="1" index="1" bw="32" slack="22"/>
</pin_list>
<bind>
<opset="mul83_20 "/>
</bind>
</comp>

<comp id="2424" class="1005" name="bitcast_ln154_22_reg_2424">
<pin_list>
<pin id="2425" dir="0" index="0" bw="32" slack="1"/>
<pin id="2426" dir="1" index="1" bw="32" slack="1"/>
</pin_list>
<bind>
<opset="bitcast_ln154_22 "/>
</bind>
</comp>

<comp id="2429" class="1005" name="bitcast_ln154_23_reg_2429">
<pin_list>
<pin id="2430" dir="0" index="0" bw="32" slack="1"/>
<pin id="2431" dir="1" index="1" bw="32" slack="1"/>
</pin_list>
<bind>
<opset="bitcast_ln154_23 "/>
</bind>
</comp>

<comp id="2434" class="1005" name="mul83_22_reg_2434">
<pin_list>
<pin id="2435" dir="0" index="0" bw="32" slack="24"/>
<pin id="2436" dir="1" index="1" bw="32" slack="24"/>
</pin_list>
<bind>
<opset="mul83_22 "/>
</bind>
</comp>

<comp id="2439" class="1005" name="bitcast_ln154_24_reg_2439">
<pin_list>
<pin id="2440" dir="0" index="0" bw="32" slack="1"/>
<pin id="2441" dir="1" index="1" bw="32" slack="1"/>
</pin_list>
<bind>
<opset="bitcast_ln154_24 "/>
</bind>
</comp>

<comp id="2444" class="1005" name="bitcast_ln154_25_reg_2444">
<pin_list>
<pin id="2445" dir="0" index="0" bw="32" slack="1"/>
<pin id="2446" dir="1" index="1" bw="32" slack="1"/>
</pin_list>
<bind>
<opset="bitcast_ln154_25 "/>
</bind>
</comp>

<comp id="2449" class="1005" name="mul83_24_reg_2449">
<pin_list>
<pin id="2450" dir="0" index="0" bw="32" slack="26"/>
<pin id="2451" dir="1" index="1" bw="32" slack="26"/>
</pin_list>
<bind>
<opset="mul83_24 "/>
</bind>
</comp>

<comp id="2454" class="1005" name="bitcast_ln154_26_reg_2454">
<pin_list>
<pin id="2455" dir="0" index="0" bw="32" slack="1"/>
<pin id="2456" dir="1" index="1" bw="32" slack="1"/>
</pin_list>
<bind>
<opset="bitcast_ln154_26 "/>
</bind>
</comp>

<comp id="2459" class="1005" name="bitcast_ln154_27_reg_2459">
<pin_list>
<pin id="2460" dir="0" index="0" bw="32" slack="1"/>
<pin id="2461" dir="1" index="1" bw="32" slack="1"/>
</pin_list>
<bind>
<opset="bitcast_ln154_27 "/>
</bind>
</comp>

<comp id="2464" class="1005" name="mul83_26_reg_2464">
<pin_list>
<pin id="2465" dir="0" index="0" bw="32" slack="28"/>
<pin id="2466" dir="1" index="1" bw="32" slack="28"/>
</pin_list>
<bind>
<opset="mul83_26 "/>
</bind>
</comp>

<comp id="2469" class="1005" name="bitcast_ln154_28_reg_2469">
<pin_list>
<pin id="2470" dir="0" index="0" bw="32" slack="1"/>
<pin id="2471" dir="1" index="1" bw="32" slack="1"/>
</pin_list>
<bind>
<opset="bitcast_ln154_28 "/>
</bind>
</comp>

<comp id="2474" class="1005" name="bitcast_ln154_29_reg_2474">
<pin_list>
<pin id="2475" dir="0" index="0" bw="32" slack="1"/>
<pin id="2476" dir="1" index="1" bw="32" slack="1"/>
</pin_list>
<bind>
<opset="bitcast_ln154_29 "/>
</bind>
</comp>

<comp id="2479" class="1005" name="mul83_28_reg_2479">
<pin_list>
<pin id="2480" dir="0" index="0" bw="32" slack="30"/>
<pin id="2481" dir="1" index="1" bw="32" slack="30"/>
</pin_list>
<bind>
<opset="mul83_28 "/>
</bind>
</comp>

<comp id="2484" class="1005" name="bitcast_ln154_30_reg_2484">
<pin_list>
<pin id="2485" dir="0" index="0" bw="32" slack="1"/>
<pin id="2486" dir="1" index="1" bw="32" slack="1"/>
</pin_list>
<bind>
<opset="bitcast_ln154_30 "/>
</bind>
</comp>

<comp id="2489" class="1005" name="bitcast_ln154_31_reg_2489">
<pin_list>
<pin id="2490" dir="0" index="0" bw="32" slack="1"/>
<pin id="2491" dir="1" index="1" bw="32" slack="1"/>
</pin_list>
<bind>
<opset="bitcast_ln154_31 "/>
</bind>
</comp>

<comp id="2494" class="1005" name="mul83_30_reg_2494">
<pin_list>
<pin id="2495" dir="0" index="0" bw="32" slack="32"/>
<pin id="2496" dir="1" index="1" bw="32" slack="32"/>
</pin_list>
<bind>
<opset="mul83_30 "/>
</bind>
</comp>

<comp id="2499" class="1005" name="bitcast_ln154_32_reg_2499">
<pin_list>
<pin id="2500" dir="0" index="0" bw="32" slack="1"/>
<pin id="2501" dir="1" index="1" bw="32" slack="1"/>
</pin_list>
<bind>
<opset="bitcast_ln154_32 "/>
</bind>
</comp>

<comp id="2504" class="1005" name="bitcast_ln154_33_reg_2504">
<pin_list>
<pin id="2505" dir="0" index="0" bw="32" slack="1"/>
<pin id="2506" dir="1" index="1" bw="32" slack="1"/>
</pin_list>
<bind>
<opset="bitcast_ln154_33 "/>
</bind>
</comp>

<comp id="2509" class="1005" name="mul83_32_reg_2509">
<pin_list>
<pin id="2510" dir="0" index="0" bw="32" slack="35"/>
<pin id="2511" dir="1" index="1" bw="32" slack="35"/>
</pin_list>
<bind>
<opset="mul83_32 "/>
</bind>
</comp>

<comp id="2514" class="1005" name="bitcast_ln154_34_reg_2514">
<pin_list>
<pin id="2515" dir="0" index="0" bw="32" slack="1"/>
<pin id="2516" dir="1" index="1" bw="32" slack="1"/>
</pin_list>
<bind>
<opset="bitcast_ln154_34 "/>
</bind>
</comp>

<comp id="2519" class="1005" name="bitcast_ln154_35_reg_2519">
<pin_list>
<pin id="2520" dir="0" index="0" bw="32" slack="1"/>
<pin id="2521" dir="1" index="1" bw="32" slack="1"/>
</pin_list>
<bind>
<opset="bitcast_ln154_35 "/>
</bind>
</comp>

<comp id="2524" class="1005" name="mul83_34_reg_2524">
<pin_list>
<pin id="2525" dir="0" index="0" bw="32" slack="37"/>
<pin id="2526" dir="1" index="1" bw="32" slack="37"/>
</pin_list>
<bind>
<opset="mul83_34 "/>
</bind>
</comp>

<comp id="2529" class="1005" name="bitcast_ln154_36_reg_2529">
<pin_list>
<pin id="2530" dir="0" index="0" bw="32" slack="1"/>
<pin id="2531" dir="1" index="1" bw="32" slack="1"/>
</pin_list>
<bind>
<opset="bitcast_ln154_36 "/>
</bind>
</comp>

<comp id="2534" class="1005" name="bitcast_ln154_37_reg_2534">
<pin_list>
<pin id="2535" dir="0" index="0" bw="32" slack="1"/>
<pin id="2536" dir="1" index="1" bw="32" slack="1"/>
</pin_list>
<bind>
<opset="bitcast_ln154_37 "/>
</bind>
</comp>

<comp id="2539" class="1005" name="mul83_36_reg_2539">
<pin_list>
<pin id="2540" dir="0" index="0" bw="32" slack="39"/>
<pin id="2541" dir="1" index="1" bw="32" slack="39"/>
</pin_list>
<bind>
<opset="mul83_36 "/>
</bind>
</comp>

<comp id="2544" class="1005" name="bitcast_ln154_38_reg_2544">
<pin_list>
<pin id="2545" dir="0" index="0" bw="32" slack="1"/>
<pin id="2546" dir="1" index="1" bw="32" slack="1"/>
</pin_list>
<bind>
<opset="bitcast_ln154_38 "/>
</bind>
</comp>

<comp id="2549" class="1005" name="mul83_37_reg_2549">
<pin_list>
<pin id="2550" dir="0" index="0" bw="32" slack="40"/>
<pin id="2551" dir="1" index="1" bw="32" slack="40"/>
</pin_list>
<bind>
<opset="mul83_37 "/>
</bind>
</comp>

<comp id="2554" class="1005" name="bitcast_ln154_39_reg_2554">
<pin_list>
<pin id="2555" dir="0" index="0" bw="32" slack="1"/>
<pin id="2556" dir="1" index="1" bw="32" slack="1"/>
</pin_list>
<bind>
<opset="bitcast_ln154_39 "/>
</bind>
</comp>

<comp id="2559" class="1005" name="mul83_38_reg_2559">
<pin_list>
<pin id="2560" dir="0" index="0" bw="32" slack="41"/>
<pin id="2561" dir="1" index="1" bw="32" slack="41"/>
</pin_list>
<bind>
<opset="mul83_38 "/>
</bind>
</comp>

<comp id="2564" class="1005" name="bitcast_ln154_40_reg_2564">
<pin_list>
<pin id="2565" dir="0" index="0" bw="32" slack="1"/>
<pin id="2566" dir="1" index="1" bw="32" slack="1"/>
</pin_list>
<bind>
<opset="bitcast_ln154_40 "/>
</bind>
</comp>

<comp id="2569" class="1005" name="bitcast_ln154_41_reg_2569">
<pin_list>
<pin id="2570" dir="0" index="0" bw="32" slack="1"/>
<pin id="2571" dir="1" index="1" bw="32" slack="1"/>
</pin_list>
<bind>
<opset="bitcast_ln154_41 "/>
</bind>
</comp>

<comp id="2574" class="1005" name="mul83_40_reg_2574">
<pin_list>
<pin id="2575" dir="0" index="0" bw="32" slack="43"/>
<pin id="2576" dir="1" index="1" bw="32" slack="43"/>
</pin_list>
<bind>
<opset="mul83_40 "/>
</bind>
</comp>

<comp id="2579" class="1005" name="bitcast_ln154_42_reg_2579">
<pin_list>
<pin id="2580" dir="0" index="0" bw="32" slack="1"/>
<pin id="2581" dir="1" index="1" bw="32" slack="1"/>
</pin_list>
<bind>
<opset="bitcast_ln154_42 "/>
</bind>
</comp>

<comp id="2584" class="1005" name="mul83_41_reg_2584">
<pin_list>
<pin id="2585" dir="0" index="0" bw="32" slack="44"/>
<pin id="2586" dir="1" index="1" bw="32" slack="44"/>
</pin_list>
<bind>
<opset="mul83_41 "/>
</bind>
</comp>

<comp id="2589" class="1005" name="bitcast_ln154_43_reg_2589">
<pin_list>
<pin id="2590" dir="0" index="0" bw="32" slack="1"/>
<pin id="2591" dir="1" index="1" bw="32" slack="1"/>
</pin_list>
<bind>
<opset="bitcast_ln154_43 "/>
</bind>
</comp>

<comp id="2594" class="1005" name="mul83_42_reg_2594">
<pin_list>
<pin id="2595" dir="0" index="0" bw="32" slack="45"/>
<pin id="2596" dir="1" index="1" bw="32" slack="45"/>
</pin_list>
<bind>
<opset="mul83_42 "/>
</bind>
</comp>

<comp id="2599" class="1005" name="bitcast_ln154_44_reg_2599">
<pin_list>
<pin id="2600" dir="0" index="0" bw="32" slack="1"/>
<pin id="2601" dir="1" index="1" bw="32" slack="1"/>
</pin_list>
<bind>
<opset="bitcast_ln154_44 "/>
</bind>
</comp>

<comp id="2604" class="1005" name="mul83_43_reg_2604">
<pin_list>
<pin id="2605" dir="0" index="0" bw="32" slack="46"/>
<pin id="2606" dir="1" index="1" bw="32" slack="46"/>
</pin_list>
<bind>
<opset="mul83_43 "/>
</bind>
</comp>

<comp id="2609" class="1005" name="bitcast_ln154_45_reg_2609">
<pin_list>
<pin id="2610" dir="0" index="0" bw="32" slack="1"/>
<pin id="2611" dir="1" index="1" bw="32" slack="1"/>
</pin_list>
<bind>
<opset="bitcast_ln154_45 "/>
</bind>
</comp>

<comp id="2614" class="1005" name="mul83_44_reg_2614">
<pin_list>
<pin id="2615" dir="0" index="0" bw="32" slack="47"/>
<pin id="2616" dir="1" index="1" bw="32" slack="47"/>
</pin_list>
<bind>
<opset="mul83_44 "/>
</bind>
</comp>

<comp id="2619" class="1005" name="bitcast_ln154_46_reg_2619">
<pin_list>
<pin id="2620" dir="0" index="0" bw="32" slack="1"/>
<pin id="2621" dir="1" index="1" bw="32" slack="1"/>
</pin_list>
<bind>
<opset="bitcast_ln154_46 "/>
</bind>
</comp>

<comp id="2624" class="1005" name="mul83_45_reg_2624">
<pin_list>
<pin id="2625" dir="0" index="0" bw="32" slack="48"/>
<pin id="2626" dir="1" index="1" bw="32" slack="48"/>
</pin_list>
<bind>
<opset="mul83_45 "/>
</bind>
</comp>

<comp id="2629" class="1005" name="bitcast_ln154_47_reg_2629">
<pin_list>
<pin id="2630" dir="0" index="0" bw="32" slack="1"/>
<pin id="2631" dir="1" index="1" bw="32" slack="1"/>
</pin_list>
<bind>
<opset="bitcast_ln154_47 "/>
</bind>
</comp>

<comp id="2634" class="1005" name="mul83_46_reg_2634">
<pin_list>
<pin id="2635" dir="0" index="0" bw="32" slack="49"/>
<pin id="2636" dir="1" index="1" bw="32" slack="49"/>
</pin_list>
<bind>
<opset="mul83_46 "/>
</bind>
</comp>

<comp id="2639" class="1005" name="bitcast_ln154_48_reg_2639">
<pin_list>
<pin id="2640" dir="0" index="0" bw="32" slack="1"/>
<pin id="2641" dir="1" index="1" bw="32" slack="1"/>
</pin_list>
<bind>
<opset="bitcast_ln154_48 "/>
</bind>
</comp>

<comp id="2644" class="1005" name="mul83_47_reg_2644">
<pin_list>
<pin id="2645" dir="0" index="0" bw="32" slack="50"/>
<pin id="2646" dir="1" index="1" bw="32" slack="50"/>
</pin_list>
<bind>
<opset="mul83_47 "/>
</bind>
</comp>

<comp id="2649" class="1005" name="bitcast_ln154_49_reg_2649">
<pin_list>
<pin id="2650" dir="0" index="0" bw="32" slack="1"/>
<pin id="2651" dir="1" index="1" bw="32" slack="1"/>
</pin_list>
<bind>
<opset="bitcast_ln154_49 "/>
</bind>
</comp>

<comp id="2654" class="1005" name="mul83_48_reg_2654">
<pin_list>
<pin id="2655" dir="0" index="0" bw="32" slack="51"/>
<pin id="2656" dir="1" index="1" bw="32" slack="51"/>
</pin_list>
<bind>
<opset="mul83_48 "/>
</bind>
</comp>

<comp id="2659" class="1005" name="bitcast_ln154_50_reg_2659">
<pin_list>
<pin id="2660" dir="0" index="0" bw="32" slack="1"/>
<pin id="2661" dir="1" index="1" bw="32" slack="1"/>
</pin_list>
<bind>
<opset="bitcast_ln154_50 "/>
</bind>
</comp>

<comp id="2664" class="1005" name="mul83_49_reg_2664">
<pin_list>
<pin id="2665" dir="0" index="0" bw="32" slack="52"/>
<pin id="2666" dir="1" index="1" bw="32" slack="52"/>
</pin_list>
<bind>
<opset="mul83_49 "/>
</bind>
</comp>

<comp id="2669" class="1005" name="bitcast_ln154_51_reg_2669">
<pin_list>
<pin id="2670" dir="0" index="0" bw="32" slack="1"/>
<pin id="2671" dir="1" index="1" bw="32" slack="1"/>
</pin_list>
<bind>
<opset="bitcast_ln154_51 "/>
</bind>
</comp>

<comp id="2674" class="1005" name="mul83_50_reg_2674">
<pin_list>
<pin id="2675" dir="0" index="0" bw="32" slack="53"/>
<pin id="2676" dir="1" index="1" bw="32" slack="53"/>
</pin_list>
<bind>
<opset="mul83_50 "/>
</bind>
</comp>

<comp id="2679" class="1005" name="bitcast_ln154_52_reg_2679">
<pin_list>
<pin id="2680" dir="0" index="0" bw="32" slack="1"/>
<pin id="2681" dir="1" index="1" bw="32" slack="1"/>
</pin_list>
<bind>
<opset="bitcast_ln154_52 "/>
</bind>
</comp>

<comp id="2684" class="1005" name="mul83_51_reg_2684">
<pin_list>
<pin id="2685" dir="0" index="0" bw="32" slack="54"/>
<pin id="2686" dir="1" index="1" bw="32" slack="54"/>
</pin_list>
<bind>
<opset="mul83_51 "/>
</bind>
</comp>

<comp id="2689" class="1005" name="bitcast_ln154_53_reg_2689">
<pin_list>
<pin id="2690" dir="0" index="0" bw="32" slack="1"/>
<pin id="2691" dir="1" index="1" bw="32" slack="1"/>
</pin_list>
<bind>
<opset="bitcast_ln154_53 "/>
</bind>
</comp>

<comp id="2694" class="1005" name="mul83_52_reg_2694">
<pin_list>
<pin id="2695" dir="0" index="0" bw="32" slack="55"/>
<pin id="2696" dir="1" index="1" bw="32" slack="55"/>
</pin_list>
<bind>
<opset="mul83_52 "/>
</bind>
</comp>

<comp id="2699" class="1005" name="bitcast_ln154_54_reg_2699">
<pin_list>
<pin id="2700" dir="0" index="0" bw="32" slack="1"/>
<pin id="2701" dir="1" index="1" bw="32" slack="1"/>
</pin_list>
<bind>
<opset="bitcast_ln154_54 "/>
</bind>
</comp>

<comp id="2704" class="1005" name="mul83_53_reg_2704">
<pin_list>
<pin id="2705" dir="0" index="0" bw="32" slack="56"/>
<pin id="2706" dir="1" index="1" bw="32" slack="56"/>
</pin_list>
<bind>
<opset="mul83_53 "/>
</bind>
</comp>

<comp id="2709" class="1005" name="bitcast_ln154_55_reg_2709">
<pin_list>
<pin id="2710" dir="0" index="0" bw="32" slack="1"/>
<pin id="2711" dir="1" index="1" bw="32" slack="1"/>
</pin_list>
<bind>
<opset="bitcast_ln154_55 "/>
</bind>
</comp>

<comp id="2714" class="1005" name="mul83_54_reg_2714">
<pin_list>
<pin id="2715" dir="0" index="0" bw="32" slack="57"/>
<pin id="2716" dir="1" index="1" bw="32" slack="57"/>
</pin_list>
<bind>
<opset="mul83_54 "/>
</bind>
</comp>

<comp id="2719" class="1005" name="bitcast_ln154_56_reg_2719">
<pin_list>
<pin id="2720" dir="0" index="0" bw="32" slack="1"/>
<pin id="2721" dir="1" index="1" bw="32" slack="1"/>
</pin_list>
<bind>
<opset="bitcast_ln154_56 "/>
</bind>
</comp>

<comp id="2724" class="1005" name="mul83_55_reg_2724">
<pin_list>
<pin id="2725" dir="0" index="0" bw="32" slack="58"/>
<pin id="2726" dir="1" index="1" bw="32" slack="58"/>
</pin_list>
<bind>
<opset="mul83_55 "/>
</bind>
</comp>

<comp id="2729" class="1005" name="bitcast_ln154_57_reg_2729">
<pin_list>
<pin id="2730" dir="0" index="0" bw="32" slack="1"/>
<pin id="2731" dir="1" index="1" bw="32" slack="1"/>
</pin_list>
<bind>
<opset="bitcast_ln154_57 "/>
</bind>
</comp>

<comp id="2734" class="1005" name="mul83_56_reg_2734">
<pin_list>
<pin id="2735" dir="0" index="0" bw="32" slack="59"/>
<pin id="2736" dir="1" index="1" bw="32" slack="59"/>
</pin_list>
<bind>
<opset="mul83_56 "/>
</bind>
</comp>

<comp id="2739" class="1005" name="bitcast_ln154_58_reg_2739">
<pin_list>
<pin id="2740" dir="0" index="0" bw="32" slack="1"/>
<pin id="2741" dir="1" index="1" bw="32" slack="1"/>
</pin_list>
<bind>
<opset="bitcast_ln154_58 "/>
</bind>
</comp>

<comp id="2744" class="1005" name="mul83_57_reg_2744">
<pin_list>
<pin id="2745" dir="0" index="0" bw="32" slack="60"/>
<pin id="2746" dir="1" index="1" bw="32" slack="60"/>
</pin_list>
<bind>
<opset="mul83_57 "/>
</bind>
</comp>

<comp id="2749" class="1005" name="bitcast_ln154_59_reg_2749">
<pin_list>
<pin id="2750" dir="0" index="0" bw="32" slack="1"/>
<pin id="2751" dir="1" index="1" bw="32" slack="1"/>
</pin_list>
<bind>
<opset="bitcast_ln154_59 "/>
</bind>
</comp>

<comp id="2754" class="1005" name="mul83_58_reg_2754">
<pin_list>
<pin id="2755" dir="0" index="0" bw="32" slack="61"/>
<pin id="2756" dir="1" index="1" bw="32" slack="61"/>
</pin_list>
<bind>
<opset="mul83_58 "/>
</bind>
</comp>

<comp id="2759" class="1005" name="bitcast_ln154_60_reg_2759">
<pin_list>
<pin id="2760" dir="0" index="0" bw="32" slack="1"/>
<pin id="2761" dir="1" index="1" bw="32" slack="1"/>
</pin_list>
<bind>
<opset="bitcast_ln154_60 "/>
</bind>
</comp>

<comp id="2764" class="1005" name="mul83_59_reg_2764">
<pin_list>
<pin id="2765" dir="0" index="0" bw="32" slack="62"/>
<pin id="2766" dir="1" index="1" bw="32" slack="62"/>
</pin_list>
<bind>
<opset="mul83_59 "/>
</bind>
</comp>

<comp id="2769" class="1005" name="bitcast_ln154_61_reg_2769">
<pin_list>
<pin id="2770" dir="0" index="0" bw="32" slack="1"/>
<pin id="2771" dir="1" index="1" bw="32" slack="1"/>
</pin_list>
<bind>
<opset="bitcast_ln154_61 "/>
</bind>
</comp>

<comp id="2774" class="1005" name="mul83_60_reg_2774">
<pin_list>
<pin id="2775" dir="0" index="0" bw="32" slack="63"/>
<pin id="2776" dir="1" index="1" bw="32" slack="63"/>
</pin_list>
<bind>
<opset="mul83_60 "/>
</bind>
</comp>

<comp id="2779" class="1005" name="bitcast_ln154_62_reg_2779">
<pin_list>
<pin id="2780" dir="0" index="0" bw="32" slack="1"/>
<pin id="2781" dir="1" index="1" bw="32" slack="1"/>
</pin_list>
<bind>
<opset="bitcast_ln154_62 "/>
</bind>
</comp>

<comp id="2784" class="1005" name="mul83_61_reg_2784">
<pin_list>
<pin id="2785" dir="0" index="0" bw="32" slack="64"/>
<pin id="2786" dir="1" index="1" bw="32" slack="64"/>
</pin_list>
<bind>
<opset="mul83_61 "/>
</bind>
</comp>

<comp id="2789" class="1005" name="bitcast_ln154_63_reg_2789">
<pin_list>
<pin id="2790" dir="0" index="0" bw="32" slack="1"/>
<pin id="2791" dir="1" index="1" bw="32" slack="1"/>
</pin_list>
<bind>
<opset="bitcast_ln154_63 "/>
</bind>
</comp>

<comp id="2794" class="1005" name="mul83_62_reg_2794">
<pin_list>
<pin id="2795" dir="0" index="0" bw="32" slack="65"/>
<pin id="2796" dir="1" index="1" bw="32" slack="65"/>
</pin_list>
<bind>
<opset="mul83_62 "/>
</bind>
</comp>

<comp id="2799" class="1005" name="acc_63_reg_2799">
<pin_list>
<pin id="2800" dir="0" index="0" bw="32" slack="1"/>
<pin id="2801" dir="1" index="1" bw="32" slack="1"/>
</pin_list>
<bind>
<opset="acc_63 "/>
</bind>
</comp>

<comp id="2804" class="1005" name="max_logit_1_reg_2804">
<pin_list>
<pin id="2805" dir="0" index="0" bw="32" slack="1"/>
<pin id="2806" dir="1" index="1" bw="32" slack="1"/>
</pin_list>
<bind>
<opset="max_logit_1 "/>
</bind>
</comp>

</comp_list>

<net_list>
<net id="129"><net_src comp="58" pin="0"/><net_sink comp="126" pin=0"/></net>

<net id="133"><net_src comp="58" pin="0"/><net_sink comp="130" pin=0"/></net>

<net id="137"><net_src comp="58" pin="0"/><net_sink comp="134" pin=0"/></net>

<net id="141"><net_src comp="58" pin="0"/><net_sink comp="138" pin=0"/></net>

<net id="145"><net_src comp="58" pin="0"/><net_sink comp="142" pin=0"/></net>

<net id="149"><net_src comp="58" pin="0"/><net_sink comp="146" pin=0"/></net>

<net id="154"><net_src comp="60" pin="0"/><net_sink comp="150" pin=0"/></net>

<net id="155"><net_src comp="46" pin="0"/><net_sink comp="150" pin=1"/></net>

<net id="160"><net_src comp="60" pin="0"/><net_sink comp="156" pin=0"/></net>

<net id="161"><net_src comp="44" pin="0"/><net_sink comp="156" pin=1"/></net>

<net id="166"><net_src comp="60" pin="0"/><net_sink comp="162" pin=0"/></net>

<net id="167"><net_src comp="42" pin="0"/><net_sink comp="162" pin=1"/></net>

<net id="172"><net_src comp="60" pin="0"/><net_sink comp="168" pin=0"/></net>

<net id="173"><net_src comp="40" pin="0"/><net_sink comp="168" pin=1"/></net>

<net id="178"><net_src comp="60" pin="0"/><net_sink comp="174" pin=0"/></net>

<net id="179"><net_src comp="38" pin="0"/><net_sink comp="174" pin=1"/></net>

<net id="184"><net_src comp="60" pin="0"/><net_sink comp="180" pin=0"/></net>

<net id="185"><net_src comp="36" pin="0"/><net_sink comp="180" pin=1"/></net>

<net id="190"><net_src comp="60" pin="0"/><net_sink comp="186" pin=0"/></net>

<net id="191"><net_src comp="34" pin="0"/><net_sink comp="186" pin=1"/></net>

<net id="196"><net_src comp="62" pin="0"/><net_sink comp="192" pin=0"/></net>

<net id="197"><net_src comp="18" pin="0"/><net_sink comp="192" pin=1"/></net>

<net id="202"><net_src comp="60" pin="0"/><net_sink comp="198" pin=0"/></net>

<net id="203"><net_src comp="16" pin="0"/><net_sink comp="198" pin=1"/></net>

<net id="208"><net_src comp="62" pin="0"/><net_sink comp="204" pin=0"/></net>

<net id="209"><net_src comp="12" pin="0"/><net_sink comp="204" pin=1"/></net>

<net id="214"><net_src comp="64" pin="0"/><net_sink comp="210" pin=0"/></net>

<net id="215"><net_src comp="6" pin="0"/><net_sink comp="210" pin=1"/></net>

<net id="220"><net_src comp="64" pin="0"/><net_sink comp="216" pin=0"/></net>

<net id="221"><net_src comp="4" pin="0"/><net_sink comp="216" pin=1"/></net>

<net id="226"><net_src comp="64" pin="0"/><net_sink comp="222" pin=0"/></net>

<net id="227"><net_src comp="2" pin="0"/><net_sink comp="222" pin=1"/></net>

<net id="232"><net_src comp="64" pin="0"/><net_sink comp="228" pin=0"/></net>

<net id="233"><net_src comp="0" pin="0"/><net_sink comp="228" pin=1"/></net>

<net id="238"><net_src comp="102" pin="0"/><net_sink comp="234" pin=0"/></net>

<net id="243"><net_src comp="102" pin="0"/><net_sink comp="239" pin=0"/></net>

<net id="249"><net_src comp="124" pin="0"/><net_sink comp="244" pin=0"/></net>

<net id="250"><net_src comp="48" pin="0"/><net_sink comp="244" pin=1"/></net>

<net id="256"><net_src comp="124" pin="0"/><net_sink comp="251" pin=0"/></net>

<net id="257"><net_src comp="50" pin="0"/><net_sink comp="251" pin=1"/></net>

<net id="263"><net_src comp="124" pin="0"/><net_sink comp="258" pin=0"/></net>

<net id="264"><net_src comp="52" pin="0"/><net_sink comp="258" pin=1"/></net>

<net id="270"><net_src comp="124" pin="0"/><net_sink comp="265" pin=0"/></net>

<net id="271"><net_src comp="54" pin="0"/><net_sink comp="265" pin=1"/></net>

<net id="277"><net_src comp="124" pin="0"/><net_sink comp="272" pin=0"/></net>

<net id="278"><net_src comp="56" pin="0"/><net_sink comp="272" pin=1"/></net>

<net id="284"><net_src comp="14" pin="0"/><net_sink comp="279" pin=0"/></net>

<net id="285"><net_src comp="94" pin="0"/><net_sink comp="279" pin=1"/></net>

<net id="291"><net_src comp="20" pin="0"/><net_sink comp="286" pin=0"/></net>

<net id="292"><net_src comp="94" pin="0"/><net_sink comp="286" pin=1"/></net>

<net id="298"><net_src comp="22" pin="0"/><net_sink comp="293" pin=0"/></net>

<net id="299"><net_src comp="94" pin="0"/><net_sink comp="293" pin=1"/></net>

<net id="305"><net_src comp="24" pin="0"/><net_sink comp="300" pin=0"/></net>

<net id="306"><net_src comp="94" pin="0"/><net_sink comp="300" pin=1"/></net>

<net id="312"><net_src comp="26" pin="0"/><net_sink comp="307" pin=0"/></net>

<net id="313"><net_src comp="94" pin="0"/><net_sink comp="307" pin=1"/></net>

<net id="319"><net_src comp="28" pin="0"/><net_sink comp="314" pin=0"/></net>

<net id="320"><net_src comp="94" pin="0"/><net_sink comp="314" pin=1"/></net>

<net id="326"><net_src comp="30" pin="0"/><net_sink comp="321" pin=0"/></net>

<net id="327"><net_src comp="94" pin="0"/><net_sink comp="321" pin=1"/></net>

<net id="333"><net_src comp="32" pin="0"/><net_sink comp="328" pin=0"/></net>

<net id="334"><net_src comp="94" pin="0"/><net_sink comp="328" pin=1"/></net>

<net id="340"><net_src comp="14" pin="0"/><net_sink comp="335" pin=0"/></net>

<net id="341"><net_src comp="94" pin="0"/><net_sink comp="335" pin=1"/></net>

<net id="347"><net_src comp="20" pin="0"/><net_sink comp="342" pin=0"/></net>

<net id="348"><net_src comp="94" pin="0"/><net_sink comp="342" pin=1"/></net>

<net id="354"><net_src comp="22" pin="0"/><net_sink comp="349" pin=0"/></net>

<net id="355"><net_src comp="94" pin="0"/><net_sink comp="349" pin=1"/></net>

<net id="361"><net_src comp="24" pin="0"/><net_sink comp="356" pin=0"/></net>

<net id="362"><net_src comp="94" pin="0"/><net_sink comp="356" pin=1"/></net>

<net id="368"><net_src comp="26" pin="0"/><net_sink comp="363" pin=0"/></net>

<net id="369"><net_src comp="94" pin="0"/><net_sink comp="363" pin=1"/></net>

<net id="375"><net_src comp="28" pin="0"/><net_sink comp="370" pin=0"/></net>

<net id="376"><net_src comp="94" pin="0"/><net_sink comp="370" pin=1"/></net>

<net id="382"><net_src comp="30" pin="0"/><net_sink comp="377" pin=0"/></net>

<net id="383"><net_src comp="94" pin="0"/><net_sink comp="377" pin=1"/></net>

<net id="389"><net_src comp="32" pin="0"/><net_sink comp="384" pin=0"/></net>

<net id="390"><net_src comp="94" pin="0"/><net_sink comp="384" pin=1"/></net>

<net id="400"><net_src comp="279" pin="3"/><net_sink comp="391" pin=2"/></net>

<net id="410"><net_src comp="286" pin="3"/><net_sink comp="401" pin=2"/></net>

<net id="420"><net_src comp="293" pin="3"/><net_sink comp="411" pin=2"/></net>

<net id="430"><net_src comp="300" pin="3"/><net_sink comp="421" pin=2"/></net>

<net id="440"><net_src comp="307" pin="3"/><net_sink comp="431" pin=2"/></net>

<net id="450"><net_src comp="314" pin="3"/><net_sink comp="441" pin=2"/></net>

<net id="460"><net_src comp="321" pin="3"/><net_sink comp="451" pin=2"/></net>

<net id="470"><net_src comp="328" pin="3"/><net_sink comp="461" pin=2"/></net>

<net id="471"><net_src comp="335" pin="3"/><net_sink comp="391" pin=0"/></net>

<net id="472"><net_src comp="342" pin="3"/><net_sink comp="401" pin=0"/></net>

<net id="473"><net_src comp="349" pin="3"/><net_sink comp="411" pin=0"/></net>

<net id="474"><net_src comp="356" pin="3"/><net_sink comp="421" pin=0"/></net>

<net id="475"><net_src comp="363" pin="3"/><net_sink comp="431" pin=0"/></net>

<net id="476"><net_src comp="370" pin="3"/><net_sink comp="441" pin=0"/></net>

<net id="477"><net_src comp="377" pin="3"/><net_sink comp="451" pin=0"/></net>

<net id="478"><net_src comp="384" pin="3"/><net_sink comp="461" pin=0"/></net>

<net id="484"><net_src comp="14" pin="0"/><net_sink comp="479" pin=0"/></net>

<net id="485"><net_src comp="94" pin="0"/><net_sink comp="479" pin=1"/></net>

<net id="491"><net_src comp="20" pin="0"/><net_sink comp="486" pin=0"/></net>

<net id="492"><net_src comp="94" pin="0"/><net_sink comp="486" pin=1"/></net>

<net id="498"><net_src comp="22" pin="0"/><net_sink comp="493" pin=0"/></net>

<net id="499"><net_src comp="94" pin="0"/><net_sink comp="493" pin=1"/></net>

<net id="505"><net_src comp="24" pin="0"/><net_sink comp="500" pin=0"/></net>

<net id="506"><net_src comp="94" pin="0"/><net_sink comp="500" pin=1"/></net>

<net id="512"><net_src comp="26" pin="0"/><net_sink comp="507" pin=0"/></net>

<net id="513"><net_src comp="94" pin="0"/><net_sink comp="507" pin=1"/></net>

<net id="519"><net_src comp="28" pin="0"/><net_sink comp="514" pin=0"/></net>

<net id="520"><net_src comp="94" pin="0"/><net_sink comp="514" pin=1"/></net>

<net id="526"><net_src comp="30" pin="0"/><net_sink comp="521" pin=0"/></net>

<net id="527"><net_src comp="94" pin="0"/><net_sink comp="521" pin=1"/></net>

<net id="533"><net_src comp="32" pin="0"/><net_sink comp="528" pin=0"/></net>

<net id="534"><net_src comp="94" pin="0"/><net_sink comp="528" pin=1"/></net>

<net id="540"><net_src comp="14" pin="0"/><net_sink comp="535" pin=0"/></net>

<net id="541"><net_src comp="94" pin="0"/><net_sink comp="535" pin=1"/></net>

<net id="547"><net_src comp="20" pin="0"/><net_sink comp="542" pin=0"/></net>

<net id="548"><net_src comp="94" pin="0"/><net_sink comp="542" pin=1"/></net>

<net id="554"><net_src comp="22" pin="0"/><net_sink comp="549" pin=0"/></net>

<net id="555"><net_src comp="94" pin="0"/><net_sink comp="549" pin=1"/></net>

<net id="561"><net_src comp="24" pin="0"/><net_sink comp="556" pin=0"/></net>

<net id="562"><net_src comp="94" pin="0"/><net_sink comp="556" pin=1"/></net>

<net id="568"><net_src comp="26" pin="0"/><net_sink comp="563" pin=0"/></net>

<net id="569"><net_src comp="94" pin="0"/><net_sink comp="563" pin=1"/></net>

<net id="575"><net_src comp="28" pin="0"/><net_sink comp="570" pin=0"/></net>

<net id="576"><net_src comp="94" pin="0"/><net_sink comp="570" pin=1"/></net>

<net id="582"><net_src comp="30" pin="0"/><net_sink comp="577" pin=0"/></net>

<net id="583"><net_src comp="94" pin="0"/><net_sink comp="577" pin=1"/></net>

<net id="589"><net_src comp="32" pin="0"/><net_sink comp="584" pin=0"/></net>

<net id="590"><net_src comp="94" pin="0"/><net_sink comp="584" pin=1"/></net>

<net id="591"><net_src comp="479" pin="3"/><net_sink comp="391" pin=2"/></net>

<net id="592"><net_src comp="486" pin="3"/><net_sink comp="401" pin=2"/></net>

<net id="593"><net_src comp="493" pin="3"/><net_sink comp="411" pin=2"/></net>

<net id="594"><net_src comp="500" pin="3"/><net_sink comp="421" pin=2"/></net>

<net id="595"><net_src comp="507" pin="3"/><net_sink comp="431" pin=2"/></net>

<net id="596"><net_src comp="514" pin="3"/><net_sink comp="441" pin=2"/></net>

<net id="597"><net_src comp="521" pin="3"/><net_sink comp="451" pin=2"/></net>

<net id="598"><net_src comp="528" pin="3"/><net_sink comp="461" pin=2"/></net>

<net id="599"><net_src comp="535" pin="3"/><net_sink comp="391" pin=0"/></net>

<net id="600"><net_src comp="542" pin="3"/><net_sink comp="401" pin=0"/></net>

<net id="601"><net_src comp="549" pin="3"/><net_sink comp="411" pin=0"/></net>

<net id="602"><net_src comp="556" pin="3"/><net_sink comp="421" pin=0"/></net>

<net id="603"><net_src comp="563" pin="3"/><net_sink comp="431" pin=0"/></net>

<net id="604"><net_src comp="570" pin="3"/><net_sink comp="441" pin=0"/></net>

<net id="605"><net_src comp="577" pin="3"/><net_sink comp="451" pin=0"/></net>

<net id="606"><net_src comp="584" pin="3"/><net_sink comp="461" pin=0"/></net>

<net id="612"><net_src comp="14" pin="0"/><net_sink comp="607" pin=0"/></net>

<net id="613"><net_src comp="94" pin="0"/><net_sink comp="607" pin=1"/></net>

<net id="619"><net_src comp="20" pin="0"/><net_sink comp="614" pin=0"/></net>

<net id="620"><net_src comp="94" pin="0"/><net_sink comp="614" pin=1"/></net>

<net id="626"><net_src comp="22" pin="0"/><net_sink comp="621" pin=0"/></net>

<net id="627"><net_src comp="94" pin="0"/><net_sink comp="621" pin=1"/></net>

<net id="633"><net_src comp="24" pin="0"/><net_sink comp="628" pin=0"/></net>

<net id="634"><net_src comp="94" pin="0"/><net_sink comp="628" pin=1"/></net>

<net id="640"><net_src comp="26" pin="0"/><net_sink comp="635" pin=0"/></net>

<net id="641"><net_src comp="94" pin="0"/><net_sink comp="635" pin=1"/></net>

<net id="647"><net_src comp="28" pin="0"/><net_sink comp="642" pin=0"/></net>

<net id="648"><net_src comp="94" pin="0"/><net_sink comp="642" pin=1"/></net>

<net id="654"><net_src comp="30" pin="0"/><net_sink comp="649" pin=0"/></net>

<net id="655"><net_src comp="94" pin="0"/><net_sink comp="649" pin=1"/></net>

<net id="661"><net_src comp="32" pin="0"/><net_sink comp="656" pin=0"/></net>

<net id="662"><net_src comp="94" pin="0"/><net_sink comp="656" pin=1"/></net>

<net id="668"><net_src comp="14" pin="0"/><net_sink comp="663" pin=0"/></net>

<net id="669"><net_src comp="94" pin="0"/><net_sink comp="663" pin=1"/></net>

<net id="675"><net_src comp="20" pin="0"/><net_sink comp="670" pin=0"/></net>

<net id="676"><net_src comp="94" pin="0"/><net_sink comp="670" pin=1"/></net>

<net id="682"><net_src comp="22" pin="0"/><net_sink comp="677" pin=0"/></net>

<net id="683"><net_src comp="94" pin="0"/><net_sink comp="677" pin=1"/></net>

<net id="689"><net_src comp="24" pin="0"/><net_sink comp="684" pin=0"/></net>

<net id="690"><net_src comp="94" pin="0"/><net_sink comp="684" pin=1"/></net>

<net id="696"><net_src comp="26" pin="0"/><net_sink comp="691" pin=0"/></net>

<net id="697"><net_src comp="94" pin="0"/><net_sink comp="691" pin=1"/></net>

<net id="703"><net_src comp="28" pin="0"/><net_sink comp="698" pin=0"/></net>

<net id="704"><net_src comp="94" pin="0"/><net_sink comp="698" pin=1"/></net>

<net id="710"><net_src comp="30" pin="0"/><net_sink comp="705" pin=0"/></net>

<net id="711"><net_src comp="94" pin="0"/><net_sink comp="705" pin=1"/></net>

<net id="717"><net_src comp="32" pin="0"/><net_sink comp="712" pin=0"/></net>

<net id="718"><net_src comp="94" pin="0"/><net_sink comp="712" pin=1"/></net>

<net id="719"><net_src comp="607" pin="3"/><net_sink comp="391" pin=2"/></net>

<net id="720"><net_src comp="614" pin="3"/><net_sink comp="401" pin=2"/></net>

<net id="721"><net_src comp="621" pin="3"/><net_sink comp="411" pin=2"/></net>

<net id="722"><net_src comp="628" pin="3"/><net_sink comp="421" pin=2"/></net>

<net id="723"><net_src comp="635" pin="3"/><net_sink comp="431" pin=2"/></net>

<net id="724"><net_src comp="642" pin="3"/><net_sink comp="441" pin=2"/></net>

<net id="725"><net_src comp="649" pin="3"/><net_sink comp="451" pin=2"/></net>

<net id="726"><net_src comp="656" pin="3"/><net_sink comp="461" pin=2"/></net>

<net id="727"><net_src comp="663" pin="3"/><net_sink comp="391" pin=0"/></net>

<net id="728"><net_src comp="670" pin="3"/><net_sink comp="401" pin=0"/></net>

<net id="729"><net_src comp="677" pin="3"/><net_sink comp="411" pin=0"/></net>

<net id="730"><net_src comp="684" pin="3"/><net_sink comp="421" pin=0"/></net>

<net id="731"><net_src comp="691" pin="3"/><net_sink comp="431" pin=0"/></net>

<net id="732"><net_src comp="698" pin="3"/><net_sink comp="441" pin=0"/></net>

<net id="733"><net_src comp="705" pin="3"/><net_sink comp="451" pin=0"/></net>

<net id="734"><net_src comp="712" pin="3"/><net_sink comp="461" pin=0"/></net>

<net id="740"><net_src comp="14" pin="0"/><net_sink comp="735" pin=0"/></net>

<net id="741"><net_src comp="94" pin="0"/><net_sink comp="735" pin=1"/></net>

<net id="747"><net_src comp="20" pin="0"/><net_sink comp="742" pin=0"/></net>

<net id="748"><net_src comp="94" pin="0"/><net_sink comp="742" pin=1"/></net>

<net id="754"><net_src comp="22" pin="0"/><net_sink comp="749" pin=0"/></net>

<net id="755"><net_src comp="94" pin="0"/><net_sink comp="749" pin=1"/></net>

<net id="761"><net_src comp="24" pin="0"/><net_sink comp="756" pin=0"/></net>

<net id="762"><net_src comp="94" pin="0"/><net_sink comp="756" pin=1"/></net>

<net id="768"><net_src comp="26" pin="0"/><net_sink comp="763" pin=0"/></net>

<net id="769"><net_src comp="94" pin="0"/><net_sink comp="763" pin=1"/></net>

<net id="775"><net_src comp="28" pin="0"/><net_sink comp="770" pin=0"/></net>

<net id="776"><net_src comp="94" pin="0"/><net_sink comp="770" pin=1"/></net>

<net id="782"><net_src comp="30" pin="0"/><net_sink comp="777" pin=0"/></net>

<net id="783"><net_src comp="94" pin="0"/><net_sink comp="777" pin=1"/></net>

<net id="789"><net_src comp="32" pin="0"/><net_sink comp="784" pin=0"/></net>

<net id="790"><net_src comp="94" pin="0"/><net_sink comp="784" pin=1"/></net>

<net id="796"><net_src comp="14" pin="0"/><net_sink comp="791" pin=0"/></net>

<net id="797"><net_src comp="94" pin="0"/><net_sink comp="791" pin=1"/></net>

<net id="803"><net_src comp="20" pin="0"/><net_sink comp="798" pin=0"/></net>

<net id="804"><net_src comp="94" pin="0"/><net_sink comp="798" pin=1"/></net>

<net id="810"><net_src comp="22" pin="0"/><net_sink comp="805" pin=0"/></net>

<net id="811"><net_src comp="94" pin="0"/><net_sink comp="805" pin=1"/></net>

<net id="817"><net_src comp="24" pin="0"/><net_sink comp="812" pin=0"/></net>

<net id="818"><net_src comp="94" pin="0"/><net_sink comp="812" pin=1"/></net>

<net id="824"><net_src comp="26" pin="0"/><net_sink comp="819" pin=0"/></net>

<net id="825"><net_src comp="94" pin="0"/><net_sink comp="819" pin=1"/></net>

<net id="831"><net_src comp="28" pin="0"/><net_sink comp="826" pin=0"/></net>

<net id="832"><net_src comp="94" pin="0"/><net_sink comp="826" pin=1"/></net>

<net id="838"><net_src comp="30" pin="0"/><net_sink comp="833" pin=0"/></net>

<net id="839"><net_src comp="94" pin="0"/><net_sink comp="833" pin=1"/></net>

<net id="845"><net_src comp="32" pin="0"/><net_sink comp="840" pin=0"/></net>

<net id="846"><net_src comp="94" pin="0"/><net_sink comp="840" pin=1"/></net>

<net id="847"><net_src comp="735" pin="3"/><net_sink comp="391" pin=2"/></net>

<net id="848"><net_src comp="742" pin="3"/><net_sink comp="401" pin=2"/></net>

<net id="849"><net_src comp="749" pin="3"/><net_sink comp="411" pin=2"/></net>

<net id="850"><net_src comp="756" pin="3"/><net_sink comp="421" pin=2"/></net>

<net id="851"><net_src comp="763" pin="3"/><net_sink comp="431" pin=2"/></net>

<net id="852"><net_src comp="770" pin="3"/><net_sink comp="441" pin=2"/></net>

<net id="853"><net_src comp="777" pin="3"/><net_sink comp="451" pin=2"/></net>

<net id="854"><net_src comp="784" pin="3"/><net_sink comp="461" pin=2"/></net>

<net id="855"><net_src comp="791" pin="3"/><net_sink comp="391" pin=0"/></net>

<net id="856"><net_src comp="798" pin="3"/><net_sink comp="401" pin=0"/></net>

<net id="857"><net_src comp="805" pin="3"/><net_sink comp="411" pin=0"/></net>

<net id="858"><net_src comp="812" pin="3"/><net_sink comp="421" pin=0"/></net>

<net id="859"><net_src comp="819" pin="3"/><net_sink comp="431" pin=0"/></net>

<net id="860"><net_src comp="826" pin="3"/><net_sink comp="441" pin=0"/></net>

<net id="861"><net_src comp="833" pin="3"/><net_sink comp="451" pin=0"/></net>

<net id="862"><net_src comp="840" pin="3"/><net_sink comp="461" pin=0"/></net>

<net id="878"><net_src comp="391" pin="7"/><net_sink comp="875" pin=0"/></net>

<net id="879"><net_src comp="875" pin="1"/><net_sink comp="867" pin=0"/></net>

<net id="883"><net_src comp="239" pin="2"/><net_sink comp="880" pin=0"/></net>

<net id="887"><net_src comp="401" pin="7"/><net_sink comp="884" pin=0"/></net>

<net id="888"><net_src comp="884" pin="1"/><net_sink comp="867" pin=0"/></net>

<net id="892"><net_src comp="867" pin="2"/><net_sink comp="889" pin=0"/></net>

<net id="893"><net_src comp="889" pin="1"/><net_sink comp="863" pin=1"/></net>

<net id="897"><net_src comp="867" pin="2"/><net_sink comp="894" pin=0"/></net>

<net id="898"><net_src comp="894" pin="1"/><net_sink comp="863" pin=1"/></net>

<net id="902"><net_src comp="863" pin="2"/><net_sink comp="899" pin=0"/></net>

<net id="903"><net_src comp="899" pin="1"/><net_sink comp="863" pin=0"/></net>

<net id="904"><net_src comp="899" pin="1"/><net_sink comp="871" pin=0"/></net>

<net id="908"><net_src comp="867" pin="2"/><net_sink comp="905" pin=0"/></net>

<net id="909"><net_src comp="905" pin="1"/><net_sink comp="863" pin=1"/></net>

<net id="913"><net_src comp="867" pin="2"/><net_sink comp="910" pin=0"/></net>

<net id="914"><net_src comp="910" pin="1"/><net_sink comp="863" pin=1"/></net>

<net id="918"><net_src comp="867" pin="2"/><net_sink comp="915" pin=0"/></net>

<net id="919"><net_src comp="915" pin="1"/><net_sink comp="863" pin=1"/></net>

<net id="923"><net_src comp="867" pin="2"/><net_sink comp="920" pin=0"/></net>

<net id="924"><net_src comp="920" pin="1"/><net_sink comp="863" pin=1"/></net>

<net id="928"><net_src comp="867" pin="2"/><net_sink comp="925" pin=0"/></net>

<net id="929"><net_src comp="925" pin="1"/><net_sink comp="863" pin=1"/></net>

<net id="933"><net_src comp="867" pin="2"/><net_sink comp="930" pin=0"/></net>

<net id="934"><net_src comp="930" pin="1"/><net_sink comp="863" pin=1"/></net>

<net id="938"><net_src comp="867" pin="2"/><net_sink comp="935" pin=0"/></net>

<net id="939"><net_src comp="935" pin="1"/><net_sink comp="863" pin=1"/></net>

<net id="943"><net_src comp="867" pin="2"/><net_sink comp="940" pin=0"/></net>

<net id="944"><net_src comp="940" pin="1"/><net_sink comp="863" pin=1"/></net>

<net id="948"><net_src comp="867" pin="2"/><net_sink comp="945" pin=0"/></net>

<net id="949"><net_src comp="945" pin="1"/><net_sink comp="863" pin=1"/></net>

<net id="953"><net_src comp="863" pin="2"/><net_sink comp="950" pin=0"/></net>

<net id="954"><net_src comp="950" pin="1"/><net_sink comp="863" pin=0"/></net>

<net id="958"><net_src comp="150" pin="2"/><net_sink comp="955" pin=0"/></net>

<net id="962"><net_src comp="156" pin="2"/><net_sink comp="959" pin=0"/></net>

<net id="966"><net_src comp="162" pin="2"/><net_sink comp="963" pin=0"/></net>

<net id="970"><net_src comp="168" pin="2"/><net_sink comp="967" pin=0"/></net>

<net id="974"><net_src comp="174" pin="2"/><net_sink comp="971" pin=0"/></net>

<net id="978"><net_src comp="180" pin="2"/><net_sink comp="975" pin=0"/></net>

<net id="982"><net_src comp="186" pin="2"/><net_sink comp="979" pin=0"/></net>

<net id="983"><net_src comp="979" pin="1"/><net_sink comp="335" pin=2"/></net>

<net id="984"><net_src comp="979" pin="1"/><net_sink comp="342" pin=2"/></net>

<net id="985"><net_src comp="979" pin="1"/><net_sink comp="349" pin=2"/></net>

<net id="986"><net_src comp="979" pin="1"/><net_sink comp="356" pin=2"/></net>

<net id="987"><net_src comp="979" pin="1"/><net_sink comp="363" pin=2"/></net>

<net id="988"><net_src comp="979" pin="1"/><net_sink comp="370" pin=2"/></net>

<net id="989"><net_src comp="979" pin="1"/><net_sink comp="377" pin=2"/></net>

<net id="990"><net_src comp="979" pin="1"/><net_sink comp="384" pin=2"/></net>

<net id="994"><net_src comp="192" pin="2"/><net_sink comp="991" pin=0"/></net>

<net id="998"><net_src comp="198" pin="2"/><net_sink comp="995" pin=0"/></net>

<net id="999"><net_src comp="995" pin="1"/><net_sink comp="279" pin=2"/></net>

<net id="1000"><net_src comp="995" pin="1"/><net_sink comp="286" pin=2"/></net>

<net id="1001"><net_src comp="995" pin="1"/><net_sink comp="293" pin=2"/></net>

<net id="1002"><net_src comp="995" pin="1"/><net_sink comp="300" pin=2"/></net>

<net id="1003"><net_src comp="995" pin="1"/><net_sink comp="307" pin=2"/></net>

<net id="1004"><net_src comp="995" pin="1"/><net_sink comp="314" pin=2"/></net>

<net id="1005"><net_src comp="995" pin="1"/><net_sink comp="321" pin=2"/></net>

<net id="1006"><net_src comp="995" pin="1"/><net_sink comp="328" pin=2"/></net>

<net id="1010"><net_src comp="204" pin="2"/><net_sink comp="1007" pin=0"/></net>

<net id="1015"><net_src comp="228" pin="2"/><net_sink comp="1011" pin=0"/></net>

<net id="1020"><net_src comp="222" pin="2"/><net_sink comp="1016" pin=0"/></net>

<net id="1025"><net_src comp="216" pin="2"/><net_sink comp="1021" pin=0"/></net>

<net id="1030"><net_src comp="210" pin="2"/><net_sink comp="1026" pin=0"/></net>

<net id="1035"><net_src comp="84" pin="0"/><net_sink comp="1031" pin=0"/></net>

<net id="1040"><net_src comp="86" pin="0"/><net_sink comp="1036" pin=0"/></net>

<net id="1048"><net_src comp="1041" pin="1"/><net_sink comp="1044" pin=0"/></net>

<net id="1049"><net_src comp="90" pin="0"/><net_sink comp="1044" pin=1"/></net>

<net id="1054"><net_src comp="1041" pin="1"/><net_sink comp="1050" pin=0"/></net>

<net id="1055"><net_src comp="92" pin="0"/><net_sink comp="1050" pin=1"/></net>

<net id="1059"><net_src comp="1041" pin="1"/><net_sink comp="1056" pin=0"/></net>

<net id="1064"><net_src comp="1050" pin="2"/><net_sink comp="1060" pin=0"/></net>

<net id="1069"><net_src comp="8" pin="0"/><net_sink comp="1065" pin=0"/></net>

<net id="1070"><net_src comp="1065" pin="2"/><net_sink comp="234" pin=1"/></net>

<net id="1075"><net_src comp="10" pin="0"/><net_sink comp="1071" pin=0"/></net>

<net id="1076"><net_src comp="1071" pin="2"/><net_sink comp="239" pin=1"/></net>

<net id="1080"><net_src comp="880" pin="1"/><net_sink comp="1077" pin=0"/></net>

<net id="1081"><net_src comp="1077" pin="1"/><net_sink comp="867" pin=1"/></net>

<net id="1085"><net_src comp="880" pin="1"/><net_sink comp="1082" pin=0"/></net>

<net id="1086"><net_src comp="1082" pin="1"/><net_sink comp="867" pin=1"/></net>

<net id="1090"><net_src comp="1087" pin="1"/><net_sink comp="863" pin=0"/></net>

<net id="1094"><net_src comp="880" pin="1"/><net_sink comp="1091" pin=0"/></net>

<net id="1095"><net_src comp="1091" pin="1"/><net_sink comp="867" pin=1"/></net>

<net id="1099"><net_src comp="880" pin="1"/><net_sink comp="1096" pin=0"/></net>

<net id="1100"><net_src comp="1096" pin="1"/><net_sink comp="867" pin=1"/></net>

<net id="1104"><net_src comp="880" pin="1"/><net_sink comp="1101" pin=0"/></net>

<net id="1105"><net_src comp="1101" pin="1"/><net_sink comp="867" pin=1"/></net>

<net id="1109"><net_src comp="880" pin="1"/><net_sink comp="1106" pin=0"/></net>

<net id="1110"><net_src comp="1106" pin="1"/><net_sink comp="867" pin=1"/></net>

<net id="1114"><net_src comp="880" pin="1"/><net_sink comp="1111" pin=0"/></net>

<net id="1115"><net_src comp="1111" pin="1"/><net_sink comp="867" pin=1"/></net>

<net id="1119"><net_src comp="880" pin="1"/><net_sink comp="1116" pin=0"/></net>

<net id="1120"><net_src comp="1116" pin="1"/><net_sink comp="867" pin=1"/></net>

<net id="1124"><net_src comp="880" pin="1"/><net_sink comp="1121" pin=0"/></net>

<net id="1125"><net_src comp="1121" pin="1"/><net_sink comp="867" pin=1"/></net>

<net id="1129"><net_src comp="880" pin="1"/><net_sink comp="1126" pin=0"/></net>

<net id="1130"><net_src comp="1126" pin="1"/><net_sink comp="867" pin=1"/></net>

<net id="1134"><net_src comp="880" pin="1"/><net_sink comp="1131" pin=0"/></net>

<net id="1135"><net_src comp="1131" pin="1"/><net_sink comp="867" pin=1"/></net>

<net id="1139"><net_src comp="880" pin="1"/><net_sink comp="1136" pin=0"/></net>

<net id="1140"><net_src comp="1136" pin="1"/><net_sink comp="867" pin=1"/></net>

<net id="1144"><net_src comp="880" pin="1"/><net_sink comp="1141" pin=0"/></net>

<net id="1145"><net_src comp="1141" pin="1"/><net_sink comp="867" pin=1"/></net>

<net id="1149"><net_src comp="880" pin="1"/><net_sink comp="1146" pin=0"/></net>

<net id="1150"><net_src comp="1146" pin="1"/><net_sink comp="867" pin=1"/></net>

<net id="1154"><net_src comp="880" pin="1"/><net_sink comp="1151" pin=0"/></net>

<net id="1155"><net_src comp="1151" pin="1"/><net_sink comp="867" pin=1"/></net>

<net id="1159"><net_src comp="880" pin="1"/><net_sink comp="1156" pin=0"/></net>

<net id="1160"><net_src comp="1156" pin="1"/><net_sink comp="867" pin=1"/></net>

<net id="1164"><net_src comp="880" pin="1"/><net_sink comp="1161" pin=0"/></net>

<net id="1165"><net_src comp="1161" pin="1"/><net_sink comp="867" pin=1"/></net>

<net id="1169"><net_src comp="880" pin="1"/><net_sink comp="1166" pin=0"/></net>

<net id="1170"><net_src comp="1166" pin="1"/><net_sink comp="867" pin=1"/></net>

<net id="1174"><net_src comp="880" pin="1"/><net_sink comp="1171" pin=0"/></net>

<net id="1175"><net_src comp="1171" pin="1"/><net_sink comp="867" pin=1"/></net>

<net id="1179"><net_src comp="880" pin="1"/><net_sink comp="1176" pin=0"/></net>

<net id="1180"><net_src comp="1176" pin="1"/><net_sink comp="867" pin=1"/></net>

<net id="1184"><net_src comp="880" pin="1"/><net_sink comp="1181" pin=0"/></net>

<net id="1185"><net_src comp="1181" pin="1"/><net_sink comp="867" pin=1"/></net>

<net id="1189"><net_src comp="880" pin="1"/><net_sink comp="1186" pin=0"/></net>

<net id="1190"><net_src comp="1186" pin="1"/><net_sink comp="867" pin=1"/></net>

<net id="1194"><net_src comp="880" pin="1"/><net_sink comp="1191" pin=0"/></net>

<net id="1195"><net_src comp="1191" pin="1"/><net_sink comp="867" pin=1"/></net>

<net id="1199"><net_src comp="880" pin="1"/><net_sink comp="1196" pin=0"/></net>

<net id="1200"><net_src comp="1196" pin="1"/><net_sink comp="867" pin=1"/></net>

<net id="1204"><net_src comp="880" pin="1"/><net_sink comp="1201" pin=0"/></net>

<net id="1205"><net_src comp="1201" pin="1"/><net_sink comp="867" pin=1"/></net>

<net id="1209"><net_src comp="880" pin="1"/><net_sink comp="1206" pin=0"/></net>

<net id="1210"><net_src comp="1206" pin="1"/><net_sink comp="867" pin=1"/></net>

<net id="1214"><net_src comp="880" pin="1"/><net_sink comp="1211" pin=0"/></net>

<net id="1215"><net_src comp="1211" pin="1"/><net_sink comp="867" pin=1"/></net>

<net id="1219"><net_src comp="880" pin="1"/><net_sink comp="1216" pin=0"/></net>

<net id="1220"><net_src comp="1216" pin="1"/><net_sink comp="867" pin=1"/></net>

<net id="1224"><net_src comp="880" pin="1"/><net_sink comp="1221" pin=0"/></net>

<net id="1225"><net_src comp="1221" pin="1"/><net_sink comp="867" pin=1"/></net>

<net id="1229"><net_src comp="880" pin="1"/><net_sink comp="1226" pin=0"/></net>

<net id="1230"><net_src comp="1226" pin="1"/><net_sink comp="867" pin=1"/></net>

<net id="1234"><net_src comp="880" pin="1"/><net_sink comp="1231" pin=0"/></net>

<net id="1235"><net_src comp="1231" pin="1"/><net_sink comp="867" pin=1"/></net>

<net id="1239"><net_src comp="880" pin="1"/><net_sink comp="1236" pin=0"/></net>

<net id="1240"><net_src comp="1236" pin="1"/><net_sink comp="867" pin=1"/></net>

<net id="1244"><net_src comp="880" pin="1"/><net_sink comp="1241" pin=0"/></net>

<net id="1245"><net_src comp="1241" pin="1"/><net_sink comp="867" pin=1"/></net>

<net id="1249"><net_src comp="880" pin="1"/><net_sink comp="1246" pin=0"/></net>

<net id="1250"><net_src comp="1246" pin="1"/><net_sink comp="867" pin=1"/></net>

<net id="1254"><net_src comp="880" pin="1"/><net_sink comp="1251" pin=0"/></net>

<net id="1255"><net_src comp="1251" pin="1"/><net_sink comp="867" pin=1"/></net>

<net id="1259"><net_src comp="880" pin="1"/><net_sink comp="1256" pin=0"/></net>

<net id="1260"><net_src comp="1256" pin="1"/><net_sink comp="867" pin=1"/></net>

<net id="1264"><net_src comp="880" pin="1"/><net_sink comp="1261" pin=0"/></net>

<net id="1265"><net_src comp="1261" pin="1"/><net_sink comp="867" pin=1"/></net>

<net id="1269"><net_src comp="880" pin="1"/><net_sink comp="1266" pin=0"/></net>

<net id="1270"><net_src comp="1266" pin="1"/><net_sink comp="867" pin=1"/></net>

<net id="1274"><net_src comp="880" pin="1"/><net_sink comp="1271" pin=0"/></net>

<net id="1275"><net_src comp="1271" pin="1"/><net_sink comp="867" pin=1"/></net>

<net id="1279"><net_src comp="880" pin="1"/><net_sink comp="1276" pin=0"/></net>

<net id="1280"><net_src comp="1276" pin="1"/><net_sink comp="867" pin=1"/></net>

<net id="1284"><net_src comp="880" pin="1"/><net_sink comp="1281" pin=0"/></net>

<net id="1285"><net_src comp="1281" pin="1"/><net_sink comp="867" pin=1"/></net>

<net id="1289"><net_src comp="880" pin="1"/><net_sink comp="1286" pin=0"/></net>

<net id="1290"><net_src comp="1286" pin="1"/><net_sink comp="867" pin=1"/></net>

<net id="1294"><net_src comp="880" pin="1"/><net_sink comp="1291" pin=0"/></net>

<net id="1295"><net_src comp="1291" pin="1"/><net_sink comp="867" pin=1"/></net>

<net id="1299"><net_src comp="880" pin="1"/><net_sink comp="1296" pin=0"/></net>

<net id="1300"><net_src comp="1296" pin="1"/><net_sink comp="867" pin=1"/></net>

<net id="1304"><net_src comp="880" pin="1"/><net_sink comp="1301" pin=0"/></net>

<net id="1305"><net_src comp="1301" pin="1"/><net_sink comp="867" pin=1"/></net>

<net id="1309"><net_src comp="880" pin="1"/><net_sink comp="1306" pin=0"/></net>

<net id="1310"><net_src comp="1306" pin="1"/><net_sink comp="867" pin=1"/></net>

<net id="1314"><net_src comp="880" pin="1"/><net_sink comp="1311" pin=0"/></net>

<net id="1315"><net_src comp="1311" pin="1"/><net_sink comp="867" pin=1"/></net>

<net id="1319"><net_src comp="880" pin="1"/><net_sink comp="1316" pin=0"/></net>

<net id="1320"><net_src comp="1316" pin="1"/><net_sink comp="867" pin=1"/></net>

<net id="1324"><net_src comp="880" pin="1"/><net_sink comp="1321" pin=0"/></net>

<net id="1325"><net_src comp="1321" pin="1"/><net_sink comp="867" pin=1"/></net>

<net id="1329"><net_src comp="880" pin="1"/><net_sink comp="1326" pin=0"/></net>

<net id="1330"><net_src comp="1326" pin="1"/><net_sink comp="867" pin=1"/></net>

<net id="1334"><net_src comp="880" pin="1"/><net_sink comp="1331" pin=0"/></net>

<net id="1335"><net_src comp="1331" pin="1"/><net_sink comp="867" pin=1"/></net>

<net id="1339"><net_src comp="880" pin="1"/><net_sink comp="1336" pin=0"/></net>

<net id="1340"><net_src comp="1336" pin="1"/><net_sink comp="867" pin=1"/></net>

<net id="1344"><net_src comp="880" pin="1"/><net_sink comp="1341" pin=0"/></net>

<net id="1345"><net_src comp="1341" pin="1"/><net_sink comp="867" pin=1"/></net>

<net id="1349"><net_src comp="880" pin="1"/><net_sink comp="1346" pin=0"/></net>

<net id="1350"><net_src comp="1346" pin="1"/><net_sink comp="867" pin=1"/></net>

<net id="1354"><net_src comp="880" pin="1"/><net_sink comp="1351" pin=0"/></net>

<net id="1355"><net_src comp="1351" pin="1"/><net_sink comp="867" pin=1"/></net>

<net id="1359"><net_src comp="880" pin="1"/><net_sink comp="1356" pin=0"/></net>

<net id="1360"><net_src comp="1356" pin="1"/><net_sink comp="867" pin=1"/></net>

<net id="1364"><net_src comp="880" pin="1"/><net_sink comp="1361" pin=0"/></net>

<net id="1365"><net_src comp="1361" pin="1"/><net_sink comp="867" pin=1"/></net>

<net id="1369"><net_src comp="880" pin="1"/><net_sink comp="1366" pin=0"/></net>

<net id="1370"><net_src comp="1366" pin="1"/><net_sink comp="867" pin=1"/></net>

<net id="1374"><net_src comp="880" pin="1"/><net_sink comp="1371" pin=0"/></net>

<net id="1375"><net_src comp="1371" pin="1"/><net_sink comp="867" pin=1"/></net>

<net id="1379"><net_src comp="880" pin="1"/><net_sink comp="1376" pin=0"/></net>

<net id="1380"><net_src comp="1376" pin="1"/><net_sink comp="867" pin=1"/></net>

<net id="1384"><net_src comp="880" pin="1"/><net_sink comp="1381" pin=0"/></net>

<net id="1385"><net_src comp="1381" pin="1"/><net_sink comp="867" pin=1"/></net>

<net id="1389"><net_src comp="880" pin="1"/><net_sink comp="1386" pin=0"/></net>

<net id="1390"><net_src comp="1386" pin="1"/><net_sink comp="867" pin=1"/></net>

<net id="1394"><net_src comp="880" pin="1"/><net_sink comp="1391" pin=0"/></net>

<net id="1395"><net_src comp="1391" pin="1"/><net_sink comp="867" pin=1"/></net>

<net id="1399"><net_src comp="880" pin="1"/><net_sink comp="1396" pin=0"/></net>

<net id="1400"><net_src comp="1396" pin="1"/><net_sink comp="867" pin=1"/></net>

<net id="1405"><net_src comp="863" pin="2"/><net_sink comp="1401" pin=0"/></net>

<net id="1410"><net_src comp="863" pin="2"/><net_sink comp="1406" pin=0"/></net>

<net id="1415"><net_src comp="863" pin="2"/><net_sink comp="1411" pin=0"/></net>

<net id="1420"><net_src comp="863" pin="2"/><net_sink comp="1416" pin=0"/></net>

<net id="1424"><net_src comp="1421" pin="1"/><net_sink comp="871" pin=1"/></net>

<net id="1428"><net_src comp="899" pin="1"/><net_sink comp="1425" pin=0"/></net>

<net id="1435"><net_src comp="114" pin="0"/><net_sink comp="1429" pin=0"/></net>

<net id="1436"><net_src comp="1425" pin="1"/><net_sink comp="1429" pin=1"/></net>

<net id="1437"><net_src comp="116" pin="0"/><net_sink comp="1429" pin=2"/></net>

<net id="1438"><net_src comp="118" pin="0"/><net_sink comp="1429" pin=3"/></net>

<net id="1442"><net_src comp="1425" pin="1"/><net_sink comp="1439" pin=0"/></net>

<net id="1446"><net_src comp="1421" pin="1"/><net_sink comp="1443" pin=0"/></net>

<net id="1453"><net_src comp="114" pin="0"/><net_sink comp="1447" pin=0"/></net>

<net id="1454"><net_src comp="1443" pin="1"/><net_sink comp="1447" pin=1"/></net>

<net id="1455"><net_src comp="116" pin="0"/><net_sink comp="1447" pin=2"/></net>

<net id="1456"><net_src comp="118" pin="0"/><net_sink comp="1447" pin=3"/></net>

<net id="1460"><net_src comp="1443" pin="1"/><net_sink comp="1457" pin=0"/></net>

<net id="1465"><net_src comp="1429" pin="4"/><net_sink comp="1461" pin=0"/></net>

<net id="1466"><net_src comp="120" pin="0"/><net_sink comp="1461" pin=1"/></net>

<net id="1471"><net_src comp="1439" pin="1"/><net_sink comp="1467" pin=0"/></net>

<net id="1472"><net_src comp="122" pin="0"/><net_sink comp="1467" pin=1"/></net>

<net id="1477"><net_src comp="1467" pin="2"/><net_sink comp="1473" pin=0"/></net>

<net id="1478"><net_src comp="1461" pin="2"/><net_sink comp="1473" pin=1"/></net>

<net id="1483"><net_src comp="1447" pin="4"/><net_sink comp="1479" pin=0"/></net>

<net id="1484"><net_src comp="120" pin="0"/><net_sink comp="1479" pin=1"/></net>

<net id="1489"><net_src comp="1457" pin="1"/><net_sink comp="1485" pin=0"/></net>

<net id="1490"><net_src comp="122" pin="0"/><net_sink comp="1485" pin=1"/></net>

<net id="1495"><net_src comp="1485" pin="2"/><net_sink comp="1491" pin=0"/></net>

<net id="1496"><net_src comp="1479" pin="2"/><net_sink comp="1491" pin=1"/></net>

<net id="1501"><net_src comp="871" pin="2"/><net_sink comp="1497" pin=0"/></net>

<net id="1502"><net_src comp="1473" pin="2"/><net_sink comp="1497" pin=1"/></net>

<net id="1507"><net_src comp="1497" pin="2"/><net_sink comp="1503" pin=0"/></net>

<net id="1508"><net_src comp="1491" pin="2"/><net_sink comp="1503" pin=1"/></net>

<net id="1514"><net_src comp="1503" pin="2"/><net_sink comp="1509" pin=0"/></net>

<net id="1515"><net_src comp="899" pin="1"/><net_sink comp="1509" pin=1"/></net>

<net id="1516"><net_src comp="1421" pin="1"/><net_sink comp="1509" pin=2"/></net>

<net id="1524"><net_src comp="1521" pin="1"/><net_sink comp="272" pin=2"/></net>

<net id="1528"><net_src comp="1525" pin="1"/><net_sink comp="265" pin=2"/></net>

<net id="1532"><net_src comp="1529" pin="1"/><net_sink comp="258" pin=2"/></net>

<net id="1536"><net_src comp="1533" pin="1"/><net_sink comp="251" pin=2"/></net>

<net id="1540"><net_src comp="1537" pin="1"/><net_sink comp="244" pin=2"/></net>

<net id="1544"><net_src comp="126" pin="1"/><net_sink comp="1541" pin=0"/></net>

<net id="1545"><net_src comp="1541" pin="1"/><net_sink comp="1036" pin=1"/></net>

<net id="1546"><net_src comp="1541" pin="1"/><net_sink comp="1421" pin=0"/></net>

<net id="1547"><net_src comp="1541" pin="1"/><net_sink comp="1517" pin=1"/></net>

<net id="1548"><net_src comp="1541" pin="1"/><net_sink comp="1521" pin=0"/></net>

<net id="1552"><net_src comp="130" pin="1"/><net_sink comp="1549" pin=0"/></net>

<net id="1553"><net_src comp="1549" pin="1"/><net_sink comp="1031" pin=1"/></net>

<net id="1554"><net_src comp="1549" pin="1"/><net_sink comp="1041" pin=0"/></net>

<net id="1555"><net_src comp="1549" pin="1"/><net_sink comp="1060" pin=1"/></net>

<net id="1559"><net_src comp="134" pin="1"/><net_sink comp="1556" pin=0"/></net>

<net id="1560"><net_src comp="1556" pin="1"/><net_sink comp="1026" pin=1"/></net>

<net id="1561"><net_src comp="1556" pin="1"/><net_sink comp="1411" pin=1"/></net>

<net id="1562"><net_src comp="1556" pin="1"/><net_sink comp="1525" pin=0"/></net>

<net id="1566"><net_src comp="138" pin="1"/><net_sink comp="1563" pin=0"/></net>

<net id="1567"><net_src comp="1563" pin="1"/><net_sink comp="1021" pin=1"/></net>

<net id="1568"><net_src comp="1563" pin="1"/><net_sink comp="1406" pin=1"/></net>

<net id="1569"><net_src comp="1563" pin="1"/><net_sink comp="1529" pin=0"/></net>

<net id="1573"><net_src comp="142" pin="1"/><net_sink comp="1570" pin=0"/></net>

<net id="1574"><net_src comp="1570" pin="1"/><net_sink comp="1016" pin=1"/></net>

<net id="1575"><net_src comp="1570" pin="1"/><net_sink comp="1401" pin=1"/></net>

<net id="1576"><net_src comp="1570" pin="1"/><net_sink comp="1533" pin=0"/></net>

<net id="1580"><net_src comp="146" pin="1"/><net_sink comp="1577" pin=0"/></net>

<net id="1581"><net_src comp="1577" pin="1"/><net_sink comp="1011" pin=1"/></net>

<net id="1582"><net_src comp="1577" pin="1"/><net_sink comp="1416" pin=1"/></net>

<net id="1583"><net_src comp="1577" pin="1"/><net_sink comp="1537" pin=0"/></net>

<net id="1587"><net_src comp="955" pin="1"/><net_sink comp="1584" pin=0"/></net>

<net id="1588"><net_src comp="1584" pin="1"/><net_sink comp="791" pin=2"/></net>

<net id="1589"><net_src comp="1584" pin="1"/><net_sink comp="798" pin=2"/></net>

<net id="1590"><net_src comp="1584" pin="1"/><net_sink comp="805" pin=2"/></net>

<net id="1591"><net_src comp="1584" pin="1"/><net_sink comp="812" pin=2"/></net>

<net id="1592"><net_src comp="1584" pin="1"/><net_sink comp="819" pin=2"/></net>

<net id="1593"><net_src comp="1584" pin="1"/><net_sink comp="826" pin=2"/></net>

<net id="1594"><net_src comp="1584" pin="1"/><net_sink comp="833" pin=2"/></net>

<net id="1595"><net_src comp="1584" pin="1"/><net_sink comp="840" pin=2"/></net>

<net id="1599"><net_src comp="959" pin="1"/><net_sink comp="1596" pin=0"/></net>

<net id="1600"><net_src comp="1596" pin="1"/><net_sink comp="735" pin=2"/></net>

<net id="1601"><net_src comp="1596" pin="1"/><net_sink comp="742" pin=2"/></net>

<net id="1602"><net_src comp="1596" pin="1"/><net_sink comp="749" pin=2"/></net>

<net id="1603"><net_src comp="1596" pin="1"/><net_sink comp="756" pin=2"/></net>

<net id="1604"><net_src comp="1596" pin="1"/><net_sink comp="763" pin=2"/></net>

<net id="1605"><net_src comp="1596" pin="1"/><net_sink comp="770" pin=2"/></net>

<net id="1606"><net_src comp="1596" pin="1"/><net_sink comp="777" pin=2"/></net>

<net id="1607"><net_src comp="1596" pin="1"/><net_sink comp="784" pin=2"/></net>

<net id="1611"><net_src comp="963" pin="1"/><net_sink comp="1608" pin=0"/></net>

<net id="1612"><net_src comp="1608" pin="1"/><net_sink comp="663" pin=2"/></net>

<net id="1613"><net_src comp="1608" pin="1"/><net_sink comp="670" pin=2"/></net>

<net id="1614"><net_src comp="1608" pin="1"/><net_sink comp="677" pin=2"/></net>

<net id="1615"><net_src comp="1608" pin="1"/><net_sink comp="684" pin=2"/></net>

<net id="1616"><net_src comp="1608" pin="1"/><net_sink comp="691" pin=2"/></net>

<net id="1617"><net_src comp="1608" pin="1"/><net_sink comp="698" pin=2"/></net>

<net id="1618"><net_src comp="1608" pin="1"/><net_sink comp="705" pin=2"/></net>

<net id="1619"><net_src comp="1608" pin="1"/><net_sink comp="712" pin=2"/></net>

<net id="1623"><net_src comp="967" pin="1"/><net_sink comp="1620" pin=0"/></net>

<net id="1624"><net_src comp="1620" pin="1"/><net_sink comp="607" pin=2"/></net>

<net id="1625"><net_src comp="1620" pin="1"/><net_sink comp="614" pin=2"/></net>

<net id="1626"><net_src comp="1620" pin="1"/><net_sink comp="621" pin=2"/></net>

<net id="1627"><net_src comp="1620" pin="1"/><net_sink comp="628" pin=2"/></net>

<net id="1628"><net_src comp="1620" pin="1"/><net_sink comp="635" pin=2"/></net>

<net id="1629"><net_src comp="1620" pin="1"/><net_sink comp="642" pin=2"/></net>

<net id="1630"><net_src comp="1620" pin="1"/><net_sink comp="649" pin=2"/></net>

<net id="1631"><net_src comp="1620" pin="1"/><net_sink comp="656" pin=2"/></net>

<net id="1635"><net_src comp="971" pin="1"/><net_sink comp="1632" pin=0"/></net>

<net id="1636"><net_src comp="1632" pin="1"/><net_sink comp="535" pin=2"/></net>

<net id="1637"><net_src comp="1632" pin="1"/><net_sink comp="542" pin=2"/></net>

<net id="1638"><net_src comp="1632" pin="1"/><net_sink comp="549" pin=2"/></net>

<net id="1639"><net_src comp="1632" pin="1"/><net_sink comp="556" pin=2"/></net>

<net id="1640"><net_src comp="1632" pin="1"/><net_sink comp="563" pin=2"/></net>

<net id="1641"><net_src comp="1632" pin="1"/><net_sink comp="570" pin=2"/></net>

<net id="1642"><net_src comp="1632" pin="1"/><net_sink comp="577" pin=2"/></net>

<net id="1643"><net_src comp="1632" pin="1"/><net_sink comp="584" pin=2"/></net>

<net id="1647"><net_src comp="975" pin="1"/><net_sink comp="1644" pin=0"/></net>

<net id="1648"><net_src comp="1644" pin="1"/><net_sink comp="479" pin=2"/></net>

<net id="1649"><net_src comp="1644" pin="1"/><net_sink comp="486" pin=2"/></net>

<net id="1650"><net_src comp="1644" pin="1"/><net_sink comp="493" pin=2"/></net>

<net id="1651"><net_src comp="1644" pin="1"/><net_sink comp="500" pin=2"/></net>

<net id="1652"><net_src comp="1644" pin="1"/><net_sink comp="507" pin=2"/></net>

<net id="1653"><net_src comp="1644" pin="1"/><net_sink comp="514" pin=2"/></net>

<net id="1654"><net_src comp="1644" pin="1"/><net_sink comp="521" pin=2"/></net>

<net id="1655"><net_src comp="1644" pin="1"/><net_sink comp="528" pin=2"/></net>

<net id="1659"><net_src comp="991" pin="1"/><net_sink comp="1656" pin=0"/></net>

<net id="1660"><net_src comp="1656" pin="1"/><net_sink comp="1071" pin=1"/></net>

<net id="1664"><net_src comp="1007" pin="1"/><net_sink comp="1661" pin=0"/></net>

<net id="1665"><net_src comp="1661" pin="1"/><net_sink comp="1065" pin=1"/></net>

<net id="1669"><net_src comp="1044" pin="2"/><net_sink comp="1666" pin=0"/></net>

<net id="1673"><net_src comp="279" pin="3"/><net_sink comp="1670" pin=0"/></net>

<net id="1674"><net_src comp="1670" pin="1"/><net_sink comp="391" pin=2"/></net>

<net id="1678"><net_src comp="286" pin="3"/><net_sink comp="1675" pin=0"/></net>

<net id="1679"><net_src comp="1675" pin="1"/><net_sink comp="401" pin=2"/></net>

<net id="1683"><net_src comp="293" pin="3"/><net_sink comp="1680" pin=0"/></net>

<net id="1684"><net_src comp="1680" pin="1"/><net_sink comp="411" pin=2"/></net>

<net id="1688"><net_src comp="300" pin="3"/><net_sink comp="1685" pin=0"/></net>

<net id="1689"><net_src comp="1685" pin="1"/><net_sink comp="421" pin=2"/></net>

<net id="1693"><net_src comp="307" pin="3"/><net_sink comp="1690" pin=0"/></net>

<net id="1694"><net_src comp="1690" pin="1"/><net_sink comp="431" pin=2"/></net>

<net id="1698"><net_src comp="314" pin="3"/><net_sink comp="1695" pin=0"/></net>

<net id="1699"><net_src comp="1695" pin="1"/><net_sink comp="441" pin=2"/></net>

<net id="1703"><net_src comp="321" pin="3"/><net_sink comp="1700" pin=0"/></net>

<net id="1704"><net_src comp="1700" pin="1"/><net_sink comp="451" pin=2"/></net>

<net id="1708"><net_src comp="328" pin="3"/><net_sink comp="1705" pin=0"/></net>

<net id="1709"><net_src comp="1705" pin="1"/><net_sink comp="461" pin=2"/></net>

<net id="1713"><net_src comp="335" pin="3"/><net_sink comp="1710" pin=0"/></net>

<net id="1714"><net_src comp="1710" pin="1"/><net_sink comp="391" pin=0"/></net>

<net id="1718"><net_src comp="342" pin="3"/><net_sink comp="1715" pin=0"/></net>

<net id="1719"><net_src comp="1715" pin="1"/><net_sink comp="401" pin=0"/></net>

<net id="1723"><net_src comp="349" pin="3"/><net_sink comp="1720" pin=0"/></net>

<net id="1724"><net_src comp="1720" pin="1"/><net_sink comp="411" pin=0"/></net>

<net id="1728"><net_src comp="356" pin="3"/><net_sink comp="1725" pin=0"/></net>

<net id="1729"><net_src comp="1725" pin="1"/><net_sink comp="421" pin=0"/></net>

<net id="1733"><net_src comp="363" pin="3"/><net_sink comp="1730" pin=0"/></net>

<net id="1734"><net_src comp="1730" pin="1"/><net_sink comp="431" pin=0"/></net>

<net id="1738"><net_src comp="370" pin="3"/><net_sink comp="1735" pin=0"/></net>

<net id="1739"><net_src comp="1735" pin="1"/><net_sink comp="441" pin=0"/></net>

<net id="1743"><net_src comp="377" pin="3"/><net_sink comp="1740" pin=0"/></net>

<net id="1744"><net_src comp="1740" pin="1"/><net_sink comp="451" pin=0"/></net>

<net id="1748"><net_src comp="384" pin="3"/><net_sink comp="1745" pin=0"/></net>

<net id="1749"><net_src comp="1745" pin="1"/><net_sink comp="461" pin=0"/></net>

<net id="1753"><net_src comp="1056" pin="1"/><net_sink comp="1750" pin=0"/></net>

<net id="1757"><net_src comp="1071" pin="2"/><net_sink comp="1754" pin=0"/></net>

<net id="1758"><net_src comp="1754" pin="1"/><net_sink comp="239" pin=1"/></net>

<net id="1762"><net_src comp="479" pin="3"/><net_sink comp="1759" pin=0"/></net>

<net id="1763"><net_src comp="1759" pin="1"/><net_sink comp="391" pin=2"/></net>

<net id="1767"><net_src comp="486" pin="3"/><net_sink comp="1764" pin=0"/></net>

<net id="1768"><net_src comp="1764" pin="1"/><net_sink comp="401" pin=2"/></net>

<net id="1772"><net_src comp="493" pin="3"/><net_sink comp="1769" pin=0"/></net>

<net id="1773"><net_src comp="1769" pin="1"/><net_sink comp="411" pin=2"/></net>

<net id="1777"><net_src comp="500" pin="3"/><net_sink comp="1774" pin=0"/></net>

<net id="1778"><net_src comp="1774" pin="1"/><net_sink comp="421" pin=2"/></net>

<net id="1782"><net_src comp="507" pin="3"/><net_sink comp="1779" pin=0"/></net>

<net id="1783"><net_src comp="1779" pin="1"/><net_sink comp="431" pin=2"/></net>

<net id="1787"><net_src comp="514" pin="3"/><net_sink comp="1784" pin=0"/></net>

<net id="1788"><net_src comp="1784" pin="1"/><net_sink comp="441" pin=2"/></net>

<net id="1792"><net_src comp="521" pin="3"/><net_sink comp="1789" pin=0"/></net>

<net id="1793"><net_src comp="1789" pin="1"/><net_sink comp="451" pin=2"/></net>

<net id="1797"><net_src comp="528" pin="3"/><net_sink comp="1794" pin=0"/></net>

<net id="1798"><net_src comp="1794" pin="1"/><net_sink comp="461" pin=2"/></net>

<net id="1802"><net_src comp="535" pin="3"/><net_sink comp="1799" pin=0"/></net>

<net id="1803"><net_src comp="1799" pin="1"/><net_sink comp="391" pin=0"/></net>

<net id="1807"><net_src comp="542" pin="3"/><net_sink comp="1804" pin=0"/></net>

<net id="1808"><net_src comp="1804" pin="1"/><net_sink comp="401" pin=0"/></net>

<net id="1812"><net_src comp="549" pin="3"/><net_sink comp="1809" pin=0"/></net>

<net id="1813"><net_src comp="1809" pin="1"/><net_sink comp="411" pin=0"/></net>

<net id="1817"><net_src comp="556" pin="3"/><net_sink comp="1814" pin=0"/></net>

<net id="1818"><net_src comp="1814" pin="1"/><net_sink comp="421" pin=0"/></net>

<net id="1822"><net_src comp="563" pin="3"/><net_sink comp="1819" pin=0"/></net>

<net id="1823"><net_src comp="1819" pin="1"/><net_sink comp="431" pin=0"/></net>

<net id="1827"><net_src comp="570" pin="3"/><net_sink comp="1824" pin=0"/></net>

<net id="1828"><net_src comp="1824" pin="1"/><net_sink comp="441" pin=0"/></net>

<net id="1832"><net_src comp="577" pin="3"/><net_sink comp="1829" pin=0"/></net>

<net id="1833"><net_src comp="1829" pin="1"/><net_sink comp="451" pin=0"/></net>

<net id="1837"><net_src comp="584" pin="3"/><net_sink comp="1834" pin=0"/></net>

<net id="1838"><net_src comp="1834" pin="1"/><net_sink comp="461" pin=0"/></net>

<net id="1842"><net_src comp="234" pin="2"/><net_sink comp="1839" pin=0"/></net>

<net id="1843"><net_src comp="1839" pin="1"/><net_sink comp="1087" pin=0"/></net>

<net id="1847"><net_src comp="411" pin="7"/><net_sink comp="1844" pin=0"/></net>

<net id="1848"><net_src comp="1844" pin="1"/><net_sink comp="867" pin=0"/></net>

<net id="1852"><net_src comp="421" pin="7"/><net_sink comp="1849" pin=0"/></net>

<net id="1853"><net_src comp="1849" pin="1"/><net_sink comp="867" pin=0"/></net>

<net id="1857"><net_src comp="431" pin="7"/><net_sink comp="1854" pin=0"/></net>

<net id="1858"><net_src comp="1854" pin="1"/><net_sink comp="867" pin=0"/></net>

<net id="1862"><net_src comp="441" pin="7"/><net_sink comp="1859" pin=0"/></net>

<net id="1863"><net_src comp="1859" pin="1"/><net_sink comp="867" pin=0"/></net>

<net id="1867"><net_src comp="451" pin="7"/><net_sink comp="1864" pin=0"/></net>

<net id="1868"><net_src comp="1864" pin="1"/><net_sink comp="867" pin=0"/></net>

<net id="1872"><net_src comp="461" pin="7"/><net_sink comp="1869" pin=0"/></net>

<net id="1873"><net_src comp="1869" pin="1"/><net_sink comp="867" pin=0"/></net>

<net id="1877"><net_src comp="391" pin="3"/><net_sink comp="1874" pin=0"/></net>

<net id="1878"><net_src comp="1874" pin="1"/><net_sink comp="867" pin=0"/></net>

<net id="1882"><net_src comp="401" pin="3"/><net_sink comp="1879" pin=0"/></net>

<net id="1883"><net_src comp="1879" pin="1"/><net_sink comp="867" pin=0"/></net>

<net id="1887"><net_src comp="411" pin="3"/><net_sink comp="1884" pin=0"/></net>

<net id="1888"><net_src comp="1884" pin="1"/><net_sink comp="867" pin=0"/></net>

<net id="1892"><net_src comp="421" pin="3"/><net_sink comp="1889" pin=0"/></net>

<net id="1893"><net_src comp="1889" pin="1"/><net_sink comp="867" pin=0"/></net>

<net id="1897"><net_src comp="431" pin="3"/><net_sink comp="1894" pin=0"/></net>

<net id="1898"><net_src comp="1894" pin="1"/><net_sink comp="867" pin=0"/></net>

<net id="1902"><net_src comp="441" pin="3"/><net_sink comp="1899" pin=0"/></net>

<net id="1903"><net_src comp="1899" pin="1"/><net_sink comp="867" pin=0"/></net>

<net id="1907"><net_src comp="451" pin="3"/><net_sink comp="1904" pin=0"/></net>

<net id="1908"><net_src comp="1904" pin="1"/><net_sink comp="867" pin=0"/></net>

<net id="1912"><net_src comp="461" pin="3"/><net_sink comp="1909" pin=0"/></net>

<net id="1913"><net_src comp="1909" pin="1"/><net_sink comp="867" pin=0"/></net>

<net id="1917"><net_src comp="607" pin="3"/><net_sink comp="1914" pin=0"/></net>

<net id="1918"><net_src comp="1914" pin="1"/><net_sink comp="391" pin=2"/></net>

<net id="1922"><net_src comp="614" pin="3"/><net_sink comp="1919" pin=0"/></net>

<net id="1923"><net_src comp="1919" pin="1"/><net_sink comp="401" pin=2"/></net>

<net id="1927"><net_src comp="621" pin="3"/><net_sink comp="1924" pin=0"/></net>

<net id="1928"><net_src comp="1924" pin="1"/><net_sink comp="411" pin=2"/></net>

<net id="1932"><net_src comp="628" pin="3"/><net_sink comp="1929" pin=0"/></net>

<net id="1933"><net_src comp="1929" pin="1"/><net_sink comp="421" pin=2"/></net>

<net id="1937"><net_src comp="635" pin="3"/><net_sink comp="1934" pin=0"/></net>

<net id="1938"><net_src comp="1934" pin="1"/><net_sink comp="431" pin=2"/></net>

<net id="1942"><net_src comp="642" pin="3"/><net_sink comp="1939" pin=0"/></net>

<net id="1943"><net_src comp="1939" pin="1"/><net_sink comp="441" pin=2"/></net>

<net id="1947"><net_src comp="649" pin="3"/><net_sink comp="1944" pin=0"/></net>

<net id="1948"><net_src comp="1944" pin="1"/><net_sink comp="451" pin=2"/></net>

<net id="1952"><net_src comp="656" pin="3"/><net_sink comp="1949" pin=0"/></net>

<net id="1953"><net_src comp="1949" pin="1"/><net_sink comp="461" pin=2"/></net>

<net id="1957"><net_src comp="663" pin="3"/><net_sink comp="1954" pin=0"/></net>

<net id="1958"><net_src comp="1954" pin="1"/><net_sink comp="391" pin=0"/></net>

<net id="1962"><net_src comp="670" pin="3"/><net_sink comp="1959" pin=0"/></net>

<net id="1963"><net_src comp="1959" pin="1"/><net_sink comp="401" pin=0"/></net>

<net id="1967"><net_src comp="677" pin="3"/><net_sink comp="1964" pin=0"/></net>

<net id="1968"><net_src comp="1964" pin="1"/><net_sink comp="411" pin=0"/></net>

<net id="1972"><net_src comp="684" pin="3"/><net_sink comp="1969" pin=0"/></net>

<net id="1973"><net_src comp="1969" pin="1"/><net_sink comp="421" pin=0"/></net>

<net id="1977"><net_src comp="691" pin="3"/><net_sink comp="1974" pin=0"/></net>

<net id="1978"><net_src comp="1974" pin="1"/><net_sink comp="431" pin=0"/></net>

<net id="1982"><net_src comp="698" pin="3"/><net_sink comp="1979" pin=0"/></net>

<net id="1983"><net_src comp="1979" pin="1"/><net_sink comp="441" pin=0"/></net>

<net id="1987"><net_src comp="705" pin="3"/><net_sink comp="1984" pin=0"/></net>

<net id="1988"><net_src comp="1984" pin="1"/><net_sink comp="451" pin=0"/></net>

<net id="1992"><net_src comp="712" pin="3"/><net_sink comp="1989" pin=0"/></net>

<net id="1993"><net_src comp="1989" pin="1"/><net_sink comp="461" pin=0"/></net>

<net id="1997"><net_src comp="1077" pin="1"/><net_sink comp="1994" pin=0"/></net>

<net id="1998"><net_src comp="1994" pin="1"/><net_sink comp="867" pin=1"/></net>

<net id="2002"><net_src comp="391" pin="7"/><net_sink comp="1999" pin=0"/></net>

<net id="2003"><net_src comp="1999" pin="1"/><net_sink comp="867" pin=0"/></net>

<net id="2007"><net_src comp="401" pin="7"/><net_sink comp="2004" pin=0"/></net>

<net id="2008"><net_src comp="2004" pin="1"/><net_sink comp="867" pin=0"/></net>

<net id="2012"><net_src comp="411" pin="7"/><net_sink comp="2009" pin=0"/></net>

<net id="2013"><net_src comp="2009" pin="1"/><net_sink comp="867" pin=0"/></net>

<net id="2017"><net_src comp="421" pin="7"/><net_sink comp="2014" pin=0"/></net>

<net id="2018"><net_src comp="2014" pin="1"/><net_sink comp="867" pin=0"/></net>

<net id="2022"><net_src comp="431" pin="7"/><net_sink comp="2019" pin=0"/></net>

<net id="2023"><net_src comp="2019" pin="1"/><net_sink comp="867" pin=0"/></net>

<net id="2027"><net_src comp="441" pin="7"/><net_sink comp="2024" pin=0"/></net>

<net id="2028"><net_src comp="2024" pin="1"/><net_sink comp="867" pin=0"/></net>

<net id="2032"><net_src comp="451" pin="7"/><net_sink comp="2029" pin=0"/></net>

<net id="2033"><net_src comp="2029" pin="1"/><net_sink comp="867" pin=0"/></net>

<net id="2037"><net_src comp="461" pin="7"/><net_sink comp="2034" pin=0"/></net>

<net id="2038"><net_src comp="2034" pin="1"/><net_sink comp="867" pin=0"/></net>

<net id="2042"><net_src comp="391" pin="3"/><net_sink comp="2039" pin=0"/></net>

<net id="2043"><net_src comp="2039" pin="1"/><net_sink comp="867" pin=0"/></net>

<net id="2047"><net_src comp="401" pin="3"/><net_sink comp="2044" pin=0"/></net>

<net id="2048"><net_src comp="2044" pin="1"/><net_sink comp="867" pin=0"/></net>

<net id="2052"><net_src comp="411" pin="3"/><net_sink comp="2049" pin=0"/></net>

<net id="2053"><net_src comp="2049" pin="1"/><net_sink comp="867" pin=0"/></net>

<net id="2057"><net_src comp="421" pin="3"/><net_sink comp="2054" pin=0"/></net>

<net id="2058"><net_src comp="2054" pin="1"/><net_sink comp="867" pin=0"/></net>

<net id="2062"><net_src comp="431" pin="3"/><net_sink comp="2059" pin=0"/></net>

<net id="2063"><net_src comp="2059" pin="1"/><net_sink comp="867" pin=0"/></net>

<net id="2067"><net_src comp="441" pin="3"/><net_sink comp="2064" pin=0"/></net>

<net id="2068"><net_src comp="2064" pin="1"/><net_sink comp="867" pin=0"/></net>

<net id="2072"><net_src comp="451" pin="3"/><net_sink comp="2069" pin=0"/></net>

<net id="2073"><net_src comp="2069" pin="1"/><net_sink comp="867" pin=0"/></net>

<net id="2077"><net_src comp="461" pin="3"/><net_sink comp="2074" pin=0"/></net>

<net id="2078"><net_src comp="2074" pin="1"/><net_sink comp="867" pin=0"/></net>

<net id="2082"><net_src comp="735" pin="3"/><net_sink comp="2079" pin=0"/></net>

<net id="2083"><net_src comp="2079" pin="1"/><net_sink comp="391" pin=2"/></net>

<net id="2087"><net_src comp="742" pin="3"/><net_sink comp="2084" pin=0"/></net>

<net id="2088"><net_src comp="2084" pin="1"/><net_sink comp="401" pin=2"/></net>

<net id="2092"><net_src comp="749" pin="3"/><net_sink comp="2089" pin=0"/></net>

<net id="2093"><net_src comp="2089" pin="1"/><net_sink comp="411" pin=2"/></net>

<net id="2097"><net_src comp="756" pin="3"/><net_sink comp="2094" pin=0"/></net>

<net id="2098"><net_src comp="2094" pin="1"/><net_sink comp="421" pin=2"/></net>

<net id="2102"><net_src comp="763" pin="3"/><net_sink comp="2099" pin=0"/></net>

<net id="2103"><net_src comp="2099" pin="1"/><net_sink comp="431" pin=2"/></net>

<net id="2107"><net_src comp="770" pin="3"/><net_sink comp="2104" pin=0"/></net>

<net id="2108"><net_src comp="2104" pin="1"/><net_sink comp="441" pin=2"/></net>

<net id="2112"><net_src comp="777" pin="3"/><net_sink comp="2109" pin=0"/></net>

<net id="2113"><net_src comp="2109" pin="1"/><net_sink comp="451" pin=2"/></net>

<net id="2117"><net_src comp="784" pin="3"/><net_sink comp="2114" pin=0"/></net>

<net id="2118"><net_src comp="2114" pin="1"/><net_sink comp="461" pin=2"/></net>

<net id="2122"><net_src comp="791" pin="3"/><net_sink comp="2119" pin=0"/></net>

<net id="2123"><net_src comp="2119" pin="1"/><net_sink comp="391" pin=0"/></net>

<net id="2127"><net_src comp="798" pin="3"/><net_sink comp="2124" pin=0"/></net>

<net id="2128"><net_src comp="2124" pin="1"/><net_sink comp="401" pin=0"/></net>

<net id="2132"><net_src comp="805" pin="3"/><net_sink comp="2129" pin=0"/></net>

<net id="2133"><net_src comp="2129" pin="1"/><net_sink comp="411" pin=0"/></net>

<net id="2137"><net_src comp="812" pin="3"/><net_sink comp="2134" pin=0"/></net>

<net id="2138"><net_src comp="2134" pin="1"/><net_sink comp="421" pin=0"/></net>

<net id="2142"><net_src comp="819" pin="3"/><net_sink comp="2139" pin=0"/></net>

<net id="2143"><net_src comp="2139" pin="1"/><net_sink comp="431" pin=0"/></net>

<net id="2147"><net_src comp="826" pin="3"/><net_sink comp="2144" pin=0"/></net>

<net id="2148"><net_src comp="2144" pin="1"/><net_sink comp="441" pin=0"/></net>

<net id="2152"><net_src comp="833" pin="3"/><net_sink comp="2149" pin=0"/></net>

<net id="2153"><net_src comp="2149" pin="1"/><net_sink comp="451" pin=0"/></net>

<net id="2157"><net_src comp="840" pin="3"/><net_sink comp="2154" pin=0"/></net>

<net id="2158"><net_src comp="2154" pin="1"/><net_sink comp="461" pin=0"/></net>

<net id="2162"><net_src comp="1082" pin="1"/><net_sink comp="2159" pin=0"/></net>

<net id="2163"><net_src comp="2159" pin="1"/><net_sink comp="867" pin=1"/></net>

<net id="2167"><net_src comp="401" pin="7"/><net_sink comp="2164" pin=0"/></net>

<net id="2168"><net_src comp="2164" pin="1"/><net_sink comp="867" pin=0"/></net>

<net id="2172"><net_src comp="411" pin="7"/><net_sink comp="2169" pin=0"/></net>

<net id="2173"><net_src comp="2169" pin="1"/><net_sink comp="867" pin=0"/></net>

<net id="2177"><net_src comp="421" pin="7"/><net_sink comp="2174" pin=0"/></net>

<net id="2178"><net_src comp="2174" pin="1"/><net_sink comp="867" pin=0"/></net>

<net id="2182"><net_src comp="431" pin="7"/><net_sink comp="2179" pin=0"/></net>

<net id="2183"><net_src comp="2179" pin="1"/><net_sink comp="867" pin=0"/></net>

<net id="2187"><net_src comp="441" pin="7"/><net_sink comp="2184" pin=0"/></net>

<net id="2188"><net_src comp="2184" pin="1"/><net_sink comp="867" pin=0"/></net>

<net id="2192"><net_src comp="451" pin="7"/><net_sink comp="2189" pin=0"/></net>

<net id="2193"><net_src comp="2189" pin="1"/><net_sink comp="867" pin=0"/></net>

<net id="2197"><net_src comp="461" pin="7"/><net_sink comp="2194" pin=0"/></net>

<net id="2198"><net_src comp="2194" pin="1"/><net_sink comp="867" pin=0"/></net>

<net id="2202"><net_src comp="391" pin="3"/><net_sink comp="2199" pin=0"/></net>

<net id="2203"><net_src comp="2199" pin="1"/><net_sink comp="867" pin=0"/></net>

<net id="2207"><net_src comp="401" pin="3"/><net_sink comp="2204" pin=0"/></net>

<net id="2208"><net_src comp="2204" pin="1"/><net_sink comp="867" pin=0"/></net>

<net id="2212"><net_src comp="411" pin="3"/><net_sink comp="2209" pin=0"/></net>

<net id="2213"><net_src comp="2209" pin="1"/><net_sink comp="867" pin=0"/></net>

<net id="2217"><net_src comp="421" pin="3"/><net_sink comp="2214" pin=0"/></net>

<net id="2218"><net_src comp="2214" pin="1"/><net_sink comp="867" pin=0"/></net>

<net id="2222"><net_src comp="431" pin="3"/><net_sink comp="2219" pin=0"/></net>

<net id="2223"><net_src comp="2219" pin="1"/><net_sink comp="867" pin=0"/></net>

<net id="2227"><net_src comp="441" pin="3"/><net_sink comp="2224" pin=0"/></net>

<net id="2228"><net_src comp="2224" pin="1"/><net_sink comp="867" pin=0"/></net>

<net id="2232"><net_src comp="451" pin="3"/><net_sink comp="2229" pin=0"/></net>

<net id="2233"><net_src comp="2229" pin="1"/><net_sink comp="867" pin=0"/></net>

<net id="2237"><net_src comp="461" pin="3"/><net_sink comp="2234" pin=0"/></net>

<net id="2238"><net_src comp="2234" pin="1"/><net_sink comp="867" pin=0"/></net>

<net id="2242"><net_src comp="1087" pin="1"/><net_sink comp="2239" pin=0"/></net>

<net id="2243"><net_src comp="2239" pin="1"/><net_sink comp="863" pin=0"/></net>

<net id="2247"><net_src comp="1091" pin="1"/><net_sink comp="2244" pin=0"/></net>

<net id="2248"><net_src comp="2244" pin="1"/><net_sink comp="867" pin=1"/></net>

<net id="2252"><net_src comp="391" pin="7"/><net_sink comp="2249" pin=0"/></net>

<net id="2253"><net_src comp="2249" pin="1"/><net_sink comp="867" pin=0"/></net>

<net id="2257"><net_src comp="411" pin="7"/><net_sink comp="2254" pin=0"/></net>

<net id="2258"><net_src comp="2254" pin="1"/><net_sink comp="867" pin=0"/></net>

<net id="2262"><net_src comp="421" pin="7"/><net_sink comp="2259" pin=0"/></net>

<net id="2263"><net_src comp="2259" pin="1"/><net_sink comp="867" pin=0"/></net>

<net id="2267"><net_src comp="431" pin="7"/><net_sink comp="2264" pin=0"/></net>

<net id="2268"><net_src comp="2264" pin="1"/><net_sink comp="867" pin=0"/></net>

<net id="2272"><net_src comp="441" pin="7"/><net_sink comp="2269" pin=0"/></net>

<net id="2273"><net_src comp="2269" pin="1"/><net_sink comp="867" pin=0"/></net>

<net id="2277"><net_src comp="451" pin="7"/><net_sink comp="2274" pin=0"/></net>

<net id="2278"><net_src comp="2274" pin="1"/><net_sink comp="867" pin=0"/></net>

<net id="2282"><net_src comp="461" pin="7"/><net_sink comp="2279" pin=0"/></net>

<net id="2283"><net_src comp="2279" pin="1"/><net_sink comp="867" pin=0"/></net>

<net id="2287"><net_src comp="391" pin="3"/><net_sink comp="2284" pin=0"/></net>

<net id="2288"><net_src comp="2284" pin="1"/><net_sink comp="867" pin=0"/></net>

<net id="2292"><net_src comp="401" pin="3"/><net_sink comp="2289" pin=0"/></net>

<net id="2293"><net_src comp="2289" pin="1"/><net_sink comp="867" pin=0"/></net>

<net id="2297"><net_src comp="411" pin="3"/><net_sink comp="2294" pin=0"/></net>

<net id="2298"><net_src comp="2294" pin="1"/><net_sink comp="867" pin=0"/></net>

<net id="2302"><net_src comp="421" pin="3"/><net_sink comp="2299" pin=0"/></net>

<net id="2303"><net_src comp="2299" pin="1"/><net_sink comp="867" pin=0"/></net>

<net id="2307"><net_src comp="431" pin="3"/><net_sink comp="2304" pin=0"/></net>

<net id="2308"><net_src comp="2304" pin="1"/><net_sink comp="867" pin=0"/></net>

<net id="2312"><net_src comp="441" pin="3"/><net_sink comp="2309" pin=0"/></net>

<net id="2313"><net_src comp="2309" pin="1"/><net_sink comp="867" pin=0"/></net>

<net id="2317"><net_src comp="451" pin="3"/><net_sink comp="2314" pin=0"/></net>

<net id="2318"><net_src comp="2314" pin="1"/><net_sink comp="867" pin=0"/></net>

<net id="2322"><net_src comp="461" pin="3"/><net_sink comp="2319" pin=0"/></net>

<net id="2323"><net_src comp="2319" pin="1"/><net_sink comp="867" pin=0"/></net>

<net id="2327"><net_src comp="1096" pin="1"/><net_sink comp="2324" pin=0"/></net>

<net id="2328"><net_src comp="2324" pin="1"/><net_sink comp="867" pin=1"/></net>

<net id="2332"><net_src comp="1101" pin="1"/><net_sink comp="2329" pin=0"/></net>

<net id="2333"><net_src comp="2329" pin="1"/><net_sink comp="867" pin=1"/></net>

<net id="2337"><net_src comp="1106" pin="1"/><net_sink comp="2334" pin=0"/></net>

<net id="2338"><net_src comp="2334" pin="1"/><net_sink comp="867" pin=1"/></net>

<net id="2342"><net_src comp="1111" pin="1"/><net_sink comp="2339" pin=0"/></net>

<net id="2343"><net_src comp="2339" pin="1"/><net_sink comp="867" pin=1"/></net>

<net id="2347"><net_src comp="1116" pin="1"/><net_sink comp="2344" pin=0"/></net>

<net id="2348"><net_src comp="2344" pin="1"/><net_sink comp="867" pin=1"/></net>

<net id="2352"><net_src comp="1121" pin="1"/><net_sink comp="2349" pin=0"/></net>

<net id="2353"><net_src comp="2349" pin="1"/><net_sink comp="867" pin=1"/></net>

<net id="2357"><net_src comp="1126" pin="1"/><net_sink comp="2354" pin=0"/></net>

<net id="2358"><net_src comp="2354" pin="1"/><net_sink comp="867" pin=1"/></net>

<net id="2362"><net_src comp="1131" pin="1"/><net_sink comp="2359" pin=0"/></net>

<net id="2363"><net_src comp="2359" pin="1"/><net_sink comp="867" pin=1"/></net>

<net id="2367"><net_src comp="1136" pin="1"/><net_sink comp="2364" pin=0"/></net>

<net id="2368"><net_src comp="2364" pin="1"/><net_sink comp="867" pin=1"/></net>

<net id="2372"><net_src comp="1141" pin="1"/><net_sink comp="2369" pin=0"/></net>

<net id="2373"><net_src comp="2369" pin="1"/><net_sink comp="867" pin=1"/></net>

<net id="2377"><net_src comp="1146" pin="1"/><net_sink comp="2374" pin=0"/></net>

<net id="2378"><net_src comp="2374" pin="1"/><net_sink comp="867" pin=1"/></net>

<net id="2382"><net_src comp="1151" pin="1"/><net_sink comp="2379" pin=0"/></net>

<net id="2383"><net_src comp="2379" pin="1"/><net_sink comp="867" pin=1"/></net>

<net id="2387"><net_src comp="1156" pin="1"/><net_sink comp="2384" pin=0"/></net>

<net id="2388"><net_src comp="2384" pin="1"/><net_sink comp="867" pin=1"/></net>

<net id="2392"><net_src comp="1161" pin="1"/><net_sink comp="2389" pin=0"/></net>

<net id="2393"><net_src comp="2389" pin="1"/><net_sink comp="867" pin=1"/></net>

<net id="2397"><net_src comp="1166" pin="1"/><net_sink comp="2394" pin=0"/></net>

<net id="2398"><net_src comp="2394" pin="1"/><net_sink comp="867" pin=1"/></net>

<net id="2402"><net_src comp="1171" pin="1"/><net_sink comp="2399" pin=0"/></net>

<net id="2403"><net_src comp="2399" pin="1"/><net_sink comp="867" pin=1"/></net>

<net id="2407"><net_src comp="1176" pin="1"/><net_sink comp="2404" pin=0"/></net>

<net id="2408"><net_src comp="2404" pin="1"/><net_sink comp="867" pin=1"/></net>

<net id="2412"><net_src comp="1181" pin="1"/><net_sink comp="2409" pin=0"/></net>

<net id="2413"><net_src comp="2409" pin="1"/><net_sink comp="867" pin=1"/></net>

<net id="2417"><net_src comp="1186" pin="1"/><net_sink comp="2414" pin=0"/></net>

<net id="2418"><net_src comp="2414" pin="1"/><net_sink comp="867" pin=1"/></net>

<net id="2422"><net_src comp="867" pin="2"/><net_sink comp="2419" pin=0"/></net>

<net id="2423"><net_src comp="2419" pin="1"/><net_sink comp="863" pin=1"/></net>

<net id="2427"><net_src comp="1191" pin="1"/><net_sink comp="2424" pin=0"/></net>

<net id="2428"><net_src comp="2424" pin="1"/><net_sink comp="867" pin=1"/></net>

<net id="2432"><net_src comp="1196" pin="1"/><net_sink comp="2429" pin=0"/></net>

<net id="2433"><net_src comp="2429" pin="1"/><net_sink comp="867" pin=1"/></net>

<net id="2437"><net_src comp="867" pin="2"/><net_sink comp="2434" pin=0"/></net>

<net id="2438"><net_src comp="2434" pin="1"/><net_sink comp="863" pin=1"/></net>

<net id="2442"><net_src comp="1201" pin="1"/><net_sink comp="2439" pin=0"/></net>

<net id="2443"><net_src comp="2439" pin="1"/><net_sink comp="867" pin=1"/></net>

<net id="2447"><net_src comp="1206" pin="1"/><net_sink comp="2444" pin=0"/></net>

<net id="2448"><net_src comp="2444" pin="1"/><net_sink comp="867" pin=1"/></net>

<net id="2452"><net_src comp="867" pin="2"/><net_sink comp="2449" pin=0"/></net>

<net id="2453"><net_src comp="2449" pin="1"/><net_sink comp="863" pin=1"/></net>

<net id="2457"><net_src comp="1211" pin="1"/><net_sink comp="2454" pin=0"/></net>

<net id="2458"><net_src comp="2454" pin="1"/><net_sink comp="867" pin=1"/></net>

<net id="2462"><net_src comp="1216" pin="1"/><net_sink comp="2459" pin=0"/></net>

<net id="2463"><net_src comp="2459" pin="1"/><net_sink comp="867" pin=1"/></net>

<net id="2467"><net_src comp="867" pin="2"/><net_sink comp="2464" pin=0"/></net>

<net id="2468"><net_src comp="2464" pin="1"/><net_sink comp="863" pin=1"/></net>

<net id="2472"><net_src comp="1221" pin="1"/><net_sink comp="2469" pin=0"/></net>

<net id="2473"><net_src comp="2469" pin="1"/><net_sink comp="867" pin=1"/></net>

<net id="2477"><net_src comp="1226" pin="1"/><net_sink comp="2474" pin=0"/></net>

<net id="2478"><net_src comp="2474" pin="1"/><net_sink comp="867" pin=1"/></net>

<net id="2482"><net_src comp="867" pin="2"/><net_sink comp="2479" pin=0"/></net>

<net id="2483"><net_src comp="2479" pin="1"/><net_sink comp="863" pin=1"/></net>

<net id="2487"><net_src comp="1231" pin="1"/><net_sink comp="2484" pin=0"/></net>

<net id="2488"><net_src comp="2484" pin="1"/><net_sink comp="867" pin=1"/></net>

<net id="2492"><net_src comp="1236" pin="1"/><net_sink comp="2489" pin=0"/></net>

<net id="2493"><net_src comp="2489" pin="1"/><net_sink comp="867" pin=1"/></net>

<net id="2497"><net_src comp="867" pin="2"/><net_sink comp="2494" pin=0"/></net>

<net id="2498"><net_src comp="2494" pin="1"/><net_sink comp="863" pin=1"/></net>

<net id="2502"><net_src comp="1241" pin="1"/><net_sink comp="2499" pin=0"/></net>

<net id="2503"><net_src comp="2499" pin="1"/><net_sink comp="867" pin=1"/></net>

<net id="2507"><net_src comp="1246" pin="1"/><net_sink comp="2504" pin=0"/></net>

<net id="2508"><net_src comp="2504" pin="1"/><net_sink comp="867" pin=1"/></net>

<net id="2512"><net_src comp="867" pin="2"/><net_sink comp="2509" pin=0"/></net>

<net id="2513"><net_src comp="2509" pin="1"/><net_sink comp="863" pin=1"/></net>

<net id="2517"><net_src comp="1251" pin="1"/><net_sink comp="2514" pin=0"/></net>

<net id="2518"><net_src comp="2514" pin="1"/><net_sink comp="867" pin=1"/></net>

<net id="2522"><net_src comp="1256" pin="1"/><net_sink comp="2519" pin=0"/></net>

<net id="2523"><net_src comp="2519" pin="1"/><net_sink comp="867" pin=1"/></net>

<net id="2527"><net_src comp="867" pin="2"/><net_sink comp="2524" pin=0"/></net>

<net id="2528"><net_src comp="2524" pin="1"/><net_sink comp="863" pin=1"/></net>

<net id="2532"><net_src comp="1261" pin="1"/><net_sink comp="2529" pin=0"/></net>

<net id="2533"><net_src comp="2529" pin="1"/><net_sink comp="867" pin=1"/></net>

<net id="2537"><net_src comp="1266" pin="1"/><net_sink comp="2534" pin=0"/></net>

<net id="2538"><net_src comp="2534" pin="1"/><net_sink comp="867" pin=1"/></net>

<net id="2542"><net_src comp="867" pin="2"/><net_sink comp="2539" pin=0"/></net>

<net id="2543"><net_src comp="2539" pin="1"/><net_sink comp="863" pin=1"/></net>

<net id="2547"><net_src comp="1271" pin="1"/><net_sink comp="2544" pin=0"/></net>

<net id="2548"><net_src comp="2544" pin="1"/><net_sink comp="867" pin=1"/></net>

<net id="2552"><net_src comp="867" pin="2"/><net_sink comp="2549" pin=0"/></net>

<net id="2553"><net_src comp="2549" pin="1"/><net_sink comp="863" pin=1"/></net>

<net id="2557"><net_src comp="1276" pin="1"/><net_sink comp="2554" pin=0"/></net>

<net id="2558"><net_src comp="2554" pin="1"/><net_sink comp="867" pin=1"/></net>

<net id="2562"><net_src comp="867" pin="2"/><net_sink comp="2559" pin=0"/></net>

<net id="2563"><net_src comp="2559" pin="1"/><net_sink comp="863" pin=1"/></net>

<net id="2567"><net_src comp="1281" pin="1"/><net_sink comp="2564" pin=0"/></net>

<net id="2568"><net_src comp="2564" pin="1"/><net_sink comp="867" pin=1"/></net>

<net id="2572"><net_src comp="1286" pin="1"/><net_sink comp="2569" pin=0"/></net>

<net id="2573"><net_src comp="2569" pin="1"/><net_sink comp="867" pin=1"/></net>

<net id="2577"><net_src comp="867" pin="2"/><net_sink comp="2574" pin=0"/></net>

<net id="2578"><net_src comp="2574" pin="1"/><net_sink comp="863" pin=1"/></net>

<net id="2582"><net_src comp="1291" pin="1"/><net_sink comp="2579" pin=0"/></net>

<net id="2583"><net_src comp="2579" pin="1"/><net_sink comp="867" pin=1"/></net>

<net id="2587"><net_src comp="867" pin="2"/><net_sink comp="2584" pin=0"/></net>

<net id="2588"><net_src comp="2584" pin="1"/><net_sink comp="863" pin=1"/></net>

<net id="2592"><net_src comp="1296" pin="1"/><net_sink comp="2589" pin=0"/></net>

<net id="2593"><net_src comp="2589" pin="1"/><net_sink comp="867" pin=1"/></net>

<net id="2597"><net_src comp="867" pin="2"/><net_sink comp="2594" pin=0"/></net>

<net id="2598"><net_src comp="2594" pin="1"/><net_sink comp="863" pin=1"/></net>

<net id="2602"><net_src comp="1301" pin="1"/><net_sink comp="2599" pin=0"/></net>

<net id="2603"><net_src comp="2599" pin="1"/><net_sink comp="867" pin=1"/></net>

<net id="2607"><net_src comp="867" pin="2"/><net_sink comp="2604" pin=0"/></net>

<net id="2608"><net_src comp="2604" pin="1"/><net_sink comp="863" pin=1"/></net>

<net id="2612"><net_src comp="1306" pin="1"/><net_sink comp="2609" pin=0"/></net>

<net id="2613"><net_src comp="2609" pin="1"/><net_sink comp="867" pin=1"/></net>

<net id="2617"><net_src comp="867" pin="2"/><net_sink comp="2614" pin=0"/></net>

<net id="2618"><net_src comp="2614" pin="1"/><net_sink comp="863" pin=1"/></net>

<net id="2622"><net_src comp="1311" pin="1"/><net_sink comp="2619" pin=0"/></net>

<net id="2623"><net_src comp="2619" pin="1"/><net_sink comp="867" pin=1"/></net>

<net id="2627"><net_src comp="867" pin="2"/><net_sink comp="2624" pin=0"/></net>

<net id="2628"><net_src comp="2624" pin="1"/><net_sink comp="863" pin=1"/></net>

<net id="2632"><net_src comp="1316" pin="1"/><net_sink comp="2629" pin=0"/></net>

<net id="2633"><net_src comp="2629" pin="1"/><net_sink comp="867" pin=1"/></net>

<net id="2637"><net_src comp="867" pin="2"/><net_sink comp="2634" pin=0"/></net>

<net id="2638"><net_src comp="2634" pin="1"/><net_sink comp="863" pin=1"/></net>

<net id="2642"><net_src comp="1321" pin="1"/><net_sink comp="2639" pin=0"/></net>

<net id="2643"><net_src comp="2639" pin="1"/><net_sink comp="867" pin=1"/></net>

<net id="2647"><net_src comp="867" pin="2"/><net_sink comp="2644" pin=0"/></net>

<net id="2648"><net_src comp="2644" pin="1"/><net_sink comp="863" pin=1"/></net>

<net id="2652"><net_src comp="1326" pin="1"/><net_sink comp="2649" pin=0"/></net>

<net id="2653"><net_src comp="2649" pin="1"/><net_sink comp="867" pin=1"/></net>

<net id="2657"><net_src comp="867" pin="2"/><net_sink comp="2654" pin=0"/></net>

<net id="2658"><net_src comp="2654" pin="1"/><net_sink comp="863" pin=1"/></net>

<net id="2662"><net_src comp="1331" pin="1"/><net_sink comp="2659" pin=0"/></net>

<net id="2663"><net_src comp="2659" pin="1"/><net_sink comp="867" pin=1"/></net>

<net id="2667"><net_src comp="867" pin="2"/><net_sink comp="2664" pin=0"/></net>

<net id="2668"><net_src comp="2664" pin="1"/><net_sink comp="863" pin=1"/></net>

<net id="2672"><net_src comp="1336" pin="1"/><net_sink comp="2669" pin=0"/></net>

<net id="2673"><net_src comp="2669" pin="1"/><net_sink comp="867" pin=1"/></net>

<net id="2677"><net_src comp="867" pin="2"/><net_sink comp="2674" pin=0"/></net>

<net id="2678"><net_src comp="2674" pin="1"/><net_sink comp="863" pin=1"/></net>

<net id="2682"><net_src comp="1341" pin="1"/><net_sink comp="2679" pin=0"/></net>

<net id="2683"><net_src comp="2679" pin="1"/><net_sink comp="867" pin=1"/></net>

<net id="2687"><net_src comp="867" pin="2"/><net_sink comp="2684" pin=0"/></net>

<net id="2688"><net_src comp="2684" pin="1"/><net_sink comp="863" pin=1"/></net>

<net id="2692"><net_src comp="1346" pin="1"/><net_sink comp="2689" pin=0"/></net>

<net id="2693"><net_src comp="2689" pin="1"/><net_sink comp="867" pin=1"/></net>

<net id="2697"><net_src comp="867" pin="2"/><net_sink comp="2694" pin=0"/></net>

<net id="2698"><net_src comp="2694" pin="1"/><net_sink comp="863" pin=1"/></net>

<net id="2702"><net_src comp="1351" pin="1"/><net_sink comp="2699" pin=0"/></net>

<net id="2703"><net_src comp="2699" pin="1"/><net_sink comp="867" pin=1"/></net>

<net id="2707"><net_src comp="867" pin="2"/><net_sink comp="2704" pin=0"/></net>

<net id="2708"><net_src comp="2704" pin="1"/><net_sink comp="863" pin=1"/></net>

<net id="2712"><net_src comp="1356" pin="1"/><net_sink comp="2709" pin=0"/></net>

<net id="2713"><net_src comp="2709" pin="1"/><net_sink comp="867" pin=1"/></net>

<net id="2717"><net_src comp="867" pin="2"/><net_sink comp="2714" pin=0"/></net>

<net id="2718"><net_src comp="2714" pin="1"/><net_sink comp="863" pin=1"/></net>

<net id="2722"><net_src comp="1361" pin="1"/><net_sink comp="2719" pin=0"/></net>

<net id="2723"><net_src comp="2719" pin="1"/><net_sink comp="867" pin=1"/></net>

<net id="2727"><net_src comp="867" pin="2"/><net_sink comp="2724" pin=0"/></net>

<net id="2728"><net_src comp="2724" pin="1"/><net_sink comp="863" pin=1"/></net>

<net id="2732"><net_src comp="1366" pin="1"/><net_sink comp="2729" pin=0"/></net>

<net id="2733"><net_src comp="2729" pin="1"/><net_sink comp="867" pin=1"/></net>

<net id="2737"><net_src comp="867" pin="2"/><net_sink comp="2734" pin=0"/></net>

<net id="2738"><net_src comp="2734" pin="1"/><net_sink comp="863" pin=1"/></net>

<net id="2742"><net_src comp="1371" pin="1"/><net_sink comp="2739" pin=0"/></net>

<net id="2743"><net_src comp="2739" pin="1"/><net_sink comp="867" pin=1"/></net>

<net id="2747"><net_src comp="867" pin="2"/><net_sink comp="2744" pin=0"/></net>

<net id="2748"><net_src comp="2744" pin="1"/><net_sink comp="863" pin=1"/></net>

<net id="2752"><net_src comp="1376" pin="1"/><net_sink comp="2749" pin=0"/></net>

<net id="2753"><net_src comp="2749" pin="1"/><net_sink comp="867" pin=1"/></net>

<net id="2757"><net_src comp="867" pin="2"/><net_sink comp="2754" pin=0"/></net>

<net id="2758"><net_src comp="2754" pin="1"/><net_sink comp="863" pin=1"/></net>

<net id="2762"><net_src comp="1381" pin="1"/><net_sink comp="2759" pin=0"/></net>

<net id="2763"><net_src comp="2759" pin="1"/><net_sink comp="867" pin=1"/></net>

<net id="2767"><net_src comp="867" pin="2"/><net_sink comp="2764" pin=0"/></net>

<net id="2768"><net_src comp="2764" pin="1"/><net_sink comp="863" pin=1"/></net>

<net id="2772"><net_src comp="1386" pin="1"/><net_sink comp="2769" pin=0"/></net>

<net id="2773"><net_src comp="2769" pin="1"/><net_sink comp="867" pin=1"/></net>

<net id="2777"><net_src comp="867" pin="2"/><net_sink comp="2774" pin=0"/></net>

<net id="2778"><net_src comp="2774" pin="1"/><net_sink comp="863" pin=1"/></net>

<net id="2782"><net_src comp="1391" pin="1"/><net_sink comp="2779" pin=0"/></net>

<net id="2783"><net_src comp="2779" pin="1"/><net_sink comp="867" pin=1"/></net>

<net id="2787"><net_src comp="867" pin="2"/><net_sink comp="2784" pin=0"/></net>

<net id="2788"><net_src comp="2784" pin="1"/><net_sink comp="863" pin=1"/></net>

<net id="2792"><net_src comp="1396" pin="1"/><net_sink comp="2789" pin=0"/></net>

<net id="2793"><net_src comp="2789" pin="1"/><net_sink comp="867" pin=1"/></net>

<net id="2797"><net_src comp="867" pin="2"/><net_sink comp="2794" pin=0"/></net>

<net id="2798"><net_src comp="2794" pin="1"/><net_sink comp="863" pin=1"/></net>

<net id="2802"><net_src comp="863" pin="2"/><net_sink comp="2799" pin=0"/></net>

<net id="2803"><net_src comp="2799" pin="1"/><net_sink comp="863" pin=0"/></net>

<net id="2807"><net_src comp="1509" pin="3"/><net_sink comp="2804" pin=0"/></net>

<net id="2808"><net_src comp="2804" pin="1"/><net_sink comp="1517" pin=0"/></net>

</net_list>

</model> 
---------------- Datapath Model END ------------------

* FSMD analyzer results:
  - Output states:
	Port: gmem2 | {}
	Port: gmem1 | {}
	Port: logits_3_1_out | {71 }
	Port: logits_2_1_out | {71 }
	Port: logits_1_1_out | {71 }
	Port: logits_0_1_out | {71 }
	Port: max_logit_out | {71 }
 - Input state : 
	Port: pseudo_moe_Pipeline_VITIS_LOOP_150_8 : logits_3_04 | {1 }
	Port: pseudo_moe_Pipeline_VITIS_LOOP_150_8 : logits_2_03 | {1 }
	Port: pseudo_moe_Pipeline_VITIS_LOOP_150_8 : logits_1_02 | {1 }
	Port: pseudo_moe_Pipeline_VITIS_LOOP_150_8 : logits_0_01 | {1 }
	Port: pseudo_moe_Pipeline_VITIS_LOOP_150_8 : gmem2 | {2 }
	Port: pseudo_moe_Pipeline_VITIS_LOOP_150_8 : gmem1 | {2 3 4 5 6 7 8 9 10 11 12 13 14 15 16 17 18 19 20 21 22 23 24 25 26 27 28 29 30 31 32 33 34 35 36 37 38 39 40 41 42 43 44 45 46 47 48 49 50 51 52 53 54 55 56 57 58 59 60 61 62 63 64 65 }
	Port: pseudo_moe_Pipeline_VITIS_LOOP_150_8 : sext_ln150_1 | {1 }
	Port: pseudo_moe_Pipeline_VITIS_LOOP_150_8 : input_local | {1 2 3 4 5 }
	Port: pseudo_moe_Pipeline_VITIS_LOOP_150_8 : zext_ln154 | {1 }
	Port: pseudo_moe_Pipeline_VITIS_LOOP_150_8 : sext_ln150 | {1 }
	Port: pseudo_moe_Pipeline_VITIS_LOOP_150_8 : input_local_1 | {1 2 3 4 5 }
	Port: pseudo_moe_Pipeline_VITIS_LOOP_150_8 : input_local_2 | {1 2 3 4 5 }
	Port: pseudo_moe_Pipeline_VITIS_LOOP_150_8 : input_local_3 | {1 2 3 4 5 }
	Port: pseudo_moe_Pipeline_VITIS_LOOP_150_8 : input_local_4 | {1 2 3 4 5 }
	Port: pseudo_moe_Pipeline_VITIS_LOOP_150_8 : input_local_5 | {1 2 3 4 5 }
	Port: pseudo_moe_Pipeline_VITIS_LOOP_150_8 : input_local_6 | {1 2 3 4 5 }
	Port: pseudo_moe_Pipeline_VITIS_LOOP_150_8 : input_local_7 | {1 2 3 4 5 }
	Port: pseudo_moe_Pipeline_VITIS_LOOP_150_8 : tmp_7 | {1 }
	Port: pseudo_moe_Pipeline_VITIS_LOOP_150_8 : tmp_8 | {1 }
	Port: pseudo_moe_Pipeline_VITIS_LOOP_150_8 : tmp_9 | {1 }
	Port: pseudo_moe_Pipeline_VITIS_LOOP_150_8 : tmp_10 | {1 }
	Port: pseudo_moe_Pipeline_VITIS_LOOP_150_8 : tmp_11 | {1 }
	Port: pseudo_moe_Pipeline_VITIS_LOOP_150_8 : tmp_12 | {1 }
	Port: pseudo_moe_Pipeline_VITIS_LOOP_150_8 : tmp_13 | {1 }
  - Chain level:
	State 1
		store_ln150 : 1
		store_ln148 : 1
		e_2 : 1
		icmp_ln150 : 2
		add_ln150 : 2
		br_ln150 : 3
		input_local_addr : 1
		input_local_1_addr : 1
		input_local_2_addr : 1
		input_local_3_addr : 1
		input_local_4_addr : 1
		input_local_5_addr : 1
		input_local_6_addr : 1
		input_local_7_addr : 1
		input_local_addr_1 : 1
		input_local_1_addr_1 : 1
		input_local_2_addr_1 : 1
		input_local_3_addr_1 : 1
		input_local_4_addr_1 : 1
		input_local_5_addr_1 : 1
		input_local_6_addr_1 : 1
		input_local_7_addr_1 : 1
		input_local_load : 2
		input_local_1_load : 2
		input_local_2_load : 2
		input_local_3_load : 2
		input_local_4_load : 2
		input_local_5_load : 2
		input_local_6_load : 2
		input_local_7_load : 2
		input_local_load_1 : 2
		input_local_1_load_1 : 2
		input_local_2_load_1 : 2
		input_local_3_load_1 : 2
		input_local_4_load_1 : 2
		input_local_5_load_1 : 2
		input_local_6_load_1 : 2
		input_local_7_load_1 : 2
		trunc_ln157 : 2
		switch_ln157 : 3
		store_ln150 : 3
	State 2
		gmem2_addr_read : 1
		gmem1_addr_read : 1
		input_local_load_2 : 1
		input_local_1_load_2 : 1
		input_local_2_load_2 : 1
		input_local_3_load_2 : 1
		input_local_4_load_2 : 1
		input_local_5_load_2 : 1
		input_local_6_load_2 : 1
		input_local_7_load_2 : 1
		input_local_load_3 : 1
		input_local_1_load_3 : 1
		input_local_2_load_3 : 1
		input_local_3_load_3 : 1
		input_local_4_load_3 : 1
		input_local_5_load_3 : 1
		input_local_6_load_3 : 1
		input_local_7_load_3 : 1
	State 3
		mul : 1
		input_local_load_4 : 1
		input_local_1_load_4 : 1
		input_local_2_load_4 : 1
		input_local_3_load_4 : 1
		input_local_4_load_4 : 1
		input_local_5_load_4 : 1
		input_local_6_load_4 : 1
		input_local_7_load_4 : 1
		input_local_load_5 : 1
		input_local_1_load_5 : 1
		input_local_2_load_5 : 1
		input_local_3_load_5 : 1
		input_local_4_load_5 : 1
		input_local_5_load_5 : 1
		input_local_6_load_5 : 1
		input_local_7_load_5 : 1
	State 4
		mul83_1 : 1
		input_local_load_6 : 1
		input_local_1_load_6 : 1
		input_local_2_load_6 : 1
		input_local_3_load_6 : 1
		input_local_4_load_6 : 1
		input_local_5_load_6 : 1
		input_local_6_load_6 : 1
		input_local_7_load_6 : 1
		input_local_load_7 : 1
		input_local_1_load_7 : 1
		input_local_2_load_7 : 1
		input_local_3_load_7 : 1
		input_local_4_load_7 : 1
		input_local_5_load_7 : 1
		input_local_6_load_7 : 1
		input_local_7_load_7 : 1
	State 5
		acc_1 : 1
		mul83_2 : 1
	State 6
		mul83_3 : 1
	State 7
		mul83_4 : 1
	State 8
		mul83_5 : 1
	State 9
		mul83_6 : 1
	State 10
		mul83_7 : 1
	State 11
		mul83_8 : 1
	State 12
		mul83_9 : 1
	State 13
		mul83_s : 1
	State 14
		mul83_10 : 1
	State 15
		mul83_11 : 1
	State 16
		mul83_12 : 1
	State 17
		mul83_13 : 1
	State 18
		mul83_14 : 1
	State 19
		mul83_15 : 1
	State 20
		mul83_16 : 1
	State 21
		mul83_17 : 1
	State 22
		mul83_18 : 1
	State 23
		mul83_19 : 1
	State 24
		mul83_20 : 1
	State 25
		mul83_21 : 1
	State 26
		mul83_22 : 1
	State 27
		mul83_23 : 1
	State 28
		mul83_24 : 1
	State 29
		mul83_25 : 1
	State 30
		mul83_26 : 1
	State 31
		mul83_27 : 1
	State 32
		mul83_28 : 1
	State 33
		mul83_29 : 1
	State 34
		mul83_30 : 1
	State 35
		mul83_31 : 1
	State 36
		mul83_32 : 1
	State 37
		mul83_33 : 1
	State 38
		mul83_34 : 1
	State 39
		mul83_35 : 1
	State 40
		mul83_36 : 1
	State 41
		mul83_37 : 1
	State 42
		mul83_38 : 1
	State 43
		mul83_39 : 1
	State 44
		mul83_40 : 1
	State 45
		mul83_41 : 1
	State 46
		mul83_42 : 1
	State 47
		mul83_43 : 1
	State 48
		mul83_44 : 1
	State 49
		mul83_45 : 1
	State 50
		mul83_46 : 1
	State 51
		mul83_47 : 1
	State 52
		mul83_48 : 1
	State 53
		mul83_49 : 1
	State 54
		mul83_50 : 1
	State 55
		mul83_51 : 1
	State 56
		mul83_52 : 1
	State 57
		mul83_53 : 1
	State 58
		mul83_54 : 1
	State 59
		mul83_55 : 1
	State 60
		mul83_56 : 1
	State 61
		mul83_57 : 1
	State 62
		mul83_58 : 1
	State 63
		mul83_59 : 1
	State 64
		mul83_60 : 1
	State 65
		mul83_61 : 1
	State 66
		mul83_62 : 1
	State 67
	State 68
	State 69
	State 70
	State 71
		write_ln0 : 1
		write_ln0 : 1
		write_ln0 : 1
		write_ln0 : 1
		write_ln0 : 1
	State 72
	State 73
	State 74
	State 75
	State 76
	State 77
	State 78
	State 79
	State 80
	State 81
	State 82
	State 83
	State 84
	State 85
	State 86
	State 87
	State 88
	State 89
	State 90
	State 91
	State 92
	State 93
	State 94
	State 95
	State 96
	State 97
	State 98
	State 99
	State 100
	State 101
	State 102
	State 103
	State 104
	State 105
	State 106
	State 107
	State 108
	State 109
	State 110
	State 111
	State 112
	State 113
	State 114
	State 115
	State 116
	State 117
	State 118
	State 119
	State 120
	State 121
	State 122
	State 123
	State 124
	State 125
	State 126
	State 127
	State 128
	State 129
	State 130
	State 131
	State 132
	State 133
		store_ln154 : 1
		store_ln154 : 1
		store_ln154 : 1
		store_ln154 : 1
	State 134
		tmp_1 : 1
		trunc_ln159 : 1
		bitcast_ln159_1 : 1
		tmp_2 : 2
		trunc_ln159_1 : 2
		icmp_ln159 : 2
		icmp_ln159_1 : 2
		or_ln159 : 3
		icmp_ln159_2 : 3
		icmp_ln159_3 : 3
		or_ln159_1 : 4
		tmp_3 : 1
		and_ln159 : 3
		and_ln159_1 : 3
		max_logit_1 : 3
	State 135


============================================================
+ Verbose Summary: Datapath Resource usage 
============================================================

* Functional unit list:
|----------|-------------------------------|---------|---------|---------|
| Operation|        Functional Unit        |   DSP   |    FF   |   LUT   |
|----------|-------------------------------|---------|---------|---------|
|   fadd   |           grp_fu_863          |    2    |   177   |   233   |
|----------|-------------------------------|---------|---------|---------|
|   fmul   |           grp_fu_867          |    3    |   128   |    78   |
|----------|-------------------------------|---------|---------|---------|
|          |       icmp_ln150_fu_1044      |    0    |    0    |    10   |
|          |       icmp_ln159_fu_1461      |    0    |    0    |    15   |
|   icmp   |      icmp_ln159_1_fu_1467     |    0    |    0    |    30   |
|          |      icmp_ln159_2_fu_1479     |    0    |    0    |    15   |
|          |      icmp_ln159_3_fu_1485     |    0    |    0    |    30   |
|----------|-------------------------------|---------|---------|---------|
|  select  |      max_logit_1_fu_1509      |    0    |    0    |    32   |
|----------|-------------------------------|---------|---------|---------|
|    add   |       add_ln150_fu_1050       |    0    |    0    |    10   |
|----------|-------------------------------|---------|---------|---------|
|    or    |        or_ln159_fu_1473       |    0    |    0    |    2    |
|          |       or_ln159_1_fu_1491      |    0    |    0    |    2    |
|----------|-------------------------------|---------|---------|---------|
|    and   |       and_ln159_fu_1497       |    0    |    0    |    2    |
|          |      and_ln159_1_fu_1503      |    0    |    0    |    2    |
|----------|-------------------------------|---------|---------|---------|
|          |    tmp_13_read_read_fu_150    |    0    |    0    |    0    |
|          |    tmp_12_read_read_fu_156    |    0    |    0    |    0    |
|          |    tmp_11_read_read_fu_162    |    0    |    0    |    0    |
|          |    tmp_10_read_read_fu_168    |    0    |    0    |    0    |
|          |     tmp_9_read_read_fu_174    |    0    |    0    |    0    |
|          |     tmp_8_read_read_fu_180    |    0    |    0    |    0    |
|          |     tmp_7_read_read_fu_186    |    0    |    0    |    0    |
|   read   |  sext_ln150_read_read_fu_192  |    0    |    0    |    0    |
|          |  zext_ln154_read_read_fu_198  |    0    |    0    |    0    |
|          | sext_ln150_1_read_read_fu_204 |    0    |    0    |    0    |
|          |  logits_0_01_read_read_fu_210 |    0    |    0    |    0    |
|          |  logits_1_02_read_read_fu_216 |    0    |    0    |    0    |
|          |  logits_2_03_read_read_fu_222 |    0    |    0    |    0    |
|          |  logits_3_04_read_read_fu_228 |    0    |    0    |    0    |
|          |  gmem2_addr_read_read_fu_234  |    0    |    0    |    0    |
|          |        grp_read_fu_239        |    0    |    0    |    0    |
|----------|-------------------------------|---------|---------|---------|
|          |     write_ln0_write_fu_244    |    0    |    0    |    0    |
|          |     write_ln0_write_fu_251    |    0    |    0    |    0    |
|   write  |     write_ln0_write_fu_258    |    0    |    0    |    0    |
|          |     write_ln0_write_fu_265    |    0    |    0    |    0    |
|          |     write_ln0_write_fu_272    |    0    |    0    |    0    |
|----------|-------------------------------|---------|---------|---------|
|   fcmp   |          tmp_3_fu_871         |    0    |    0    |    0    |
|----------|-------------------------------|---------|---------|---------|
|          |       tmp_13_cast_fu_955      |    0    |    0    |    0    |
|          |       tmp_12_cast_fu_959      |    0    |    0    |    0    |
|          |       tmp_11_cast_fu_963      |    0    |    0    |    0    |
|   zext   |       tmp_10_cast_fu_967      |    0    |    0    |    0    |
|          |       tmp_9_cast_fu_971       |    0    |    0    |    0    |
|          |       tmp_8_cast_fu_975       |    0    |    0    |    0    |
|          |       tmp_7_cast_fu_979       |    0    |    0    |    0    |
|          |     zext_ln154_cast_fu_995    |    0    |    0    |    0    |
|----------|-------------------------------|---------|---------|---------|
|   sext   |     sext_ln150_cast_fu_991    |    0    |    0    |    0    |
|          |   sext_ln150_1_cast_fu_1007   |    0    |    0    |    0    |
|----------|-------------------------------|---------|---------|---------|
|          |      trunc_ln157_fu_1056      |    0    |    0    |    0    |
|   trunc  |      trunc_ln159_fu_1439      |    0    |    0    |    0    |
|          |     trunc_ln159_1_fu_1457     |    0    |    0    |    0    |
|----------|-------------------------------|---------|---------|---------|
|partselect|         tmp_1_fu_1429         |    0    |    0    |    0    |
|          |         tmp_2_fu_1447         |    0    |    0    |    0    |
|----------|-------------------------------|---------|---------|---------|
|   Total  |                               |    5    |   305   |   461   |
|----------|-------------------------------|---------|---------|---------|

Memories:
N/A

* Register list:
+-----------------------------+--------+
|                             |   FF   |
+-----------------------------+--------+
|       acc_63_reg_2799       |   32   |
|         acc_reg_2239        |   32   |
|  bitcast_ln154_10_reg_2359  |   32   |
|  bitcast_ln154_11_reg_2364  |   32   |
|  bitcast_ln154_12_reg_2369  |   32   |
|  bitcast_ln154_13_reg_2374  |   32   |
|  bitcast_ln154_14_reg_2379  |   32   |
|  bitcast_ln154_15_reg_2384  |   32   |
|  bitcast_ln154_16_reg_2389  |   32   |
|  bitcast_ln154_17_reg_2394  |   32   |
|  bitcast_ln154_18_reg_2399  |   32   |
|  bitcast_ln154_19_reg_2404  |   32   |
|   bitcast_ln154_1_reg_2159  |   32   |
|  bitcast_ln154_20_reg_2409  |   32   |
|  bitcast_ln154_21_reg_2414  |   32   |
|  bitcast_ln154_22_reg_2424  |   32   |
|  bitcast_ln154_23_reg_2429  |   32   |
|  bitcast_ln154_24_reg_2439  |   32   |
|  bitcast_ln154_25_reg_2444  |   32   |
|  bitcast_ln154_26_reg_2454  |   32   |
|  bitcast_ln154_27_reg_2459  |   32   |
|  bitcast_ln154_28_reg_2469  |   32   |
|  bitcast_ln154_29_reg_2474  |   32   |
|   bitcast_ln154_2_reg_2244  |   32   |
|  bitcast_ln154_30_reg_2484  |   32   |
|  bitcast_ln154_31_reg_2489  |   32   |
|  bitcast_ln154_32_reg_2499  |   32   |
|  bitcast_ln154_33_reg_2504  |   32   |
|  bitcast_ln154_34_reg_2514  |   32   |
|  bitcast_ln154_35_reg_2519  |   32   |
|  bitcast_ln154_36_reg_2529  |   32   |
|  bitcast_ln154_37_reg_2534  |   32   |
|  bitcast_ln154_38_reg_2544  |   32   |
|  bitcast_ln154_39_reg_2554  |   32   |
|   bitcast_ln154_3_reg_2324  |   32   |
|  bitcast_ln154_40_reg_2564  |   32   |
|  bitcast_ln154_41_reg_2569  |   32   |
|  bitcast_ln154_42_reg_2579  |   32   |
|  bitcast_ln154_43_reg_2589  |   32   |
|  bitcast_ln154_44_reg_2599  |   32   |
|  bitcast_ln154_45_reg_2609  |   32   |
|  bitcast_ln154_46_reg_2619  |   32   |
|  bitcast_ln154_47_reg_2629  |   32   |
|  bitcast_ln154_48_reg_2639  |   32   |
|  bitcast_ln154_49_reg_2649  |   32   |
|   bitcast_ln154_4_reg_2329  |   32   |
|  bitcast_ln154_50_reg_2659  |   32   |
|  bitcast_ln154_51_reg_2669  |   32   |
|  bitcast_ln154_52_reg_2679  |   32   |
|  bitcast_ln154_53_reg_2689  |   32   |
|  bitcast_ln154_54_reg_2699  |   32   |
|  bitcast_ln154_55_reg_2709  |   32   |
|  bitcast_ln154_56_reg_2719  |   32   |
|  bitcast_ln154_57_reg_2729  |   32   |
|  bitcast_ln154_58_reg_2739  |   32   |
|  bitcast_ln154_59_reg_2749  |   32   |
|   bitcast_ln154_5_reg_2334  |   32   |
|  bitcast_ln154_60_reg_2759  |   32   |
|  bitcast_ln154_61_reg_2769  |   32   |
|  bitcast_ln154_62_reg_2779  |   32   |
|  bitcast_ln154_63_reg_2789  |   32   |
|   bitcast_ln154_6_reg_2339  |   32   |
|   bitcast_ln154_7_reg_2344  |   32   |
|   bitcast_ln154_8_reg_2349  |   32   |
|   bitcast_ln154_9_reg_2354  |   32   |
|    bitcast_ln154_reg_1994   |   32   |
|          e_reg_1549         |    3   |
|     gmem1_addr_reg_1754     |   32   |
|   gmem2_addr_read_reg_1839  |   32   |
|     icmp_ln150_reg_1666     |    1   |
|input_local_1_addr_1_reg_1715|    7   |
|input_local_1_addr_2_reg_1764|    7   |
|input_local_1_addr_3_reg_1804|    7   |
|input_local_1_addr_4_reg_1919|    7   |
|input_local_1_addr_5_reg_1959|    7   |
|input_local_1_addr_6_reg_2084|    7   |
|input_local_1_addr_7_reg_2124|    7   |
| input_local_1_addr_reg_1675 |    7   |
|input_local_1_load_1_reg_1879|   32   |
|input_local_1_load_2_reg_2004|   32   |
|input_local_1_load_3_reg_2044|   32   |
|input_local_1_load_4_reg_2164|   32   |
|input_local_1_load_5_reg_2204|   32   |
|input_local_1_load_7_reg_2289|   32   |
|input_local_2_addr_1_reg_1720|    7   |
|input_local_2_addr_2_reg_1769|    7   |
|input_local_2_addr_3_reg_1809|    7   |
|input_local_2_addr_4_reg_1924|    7   |
|input_local_2_addr_5_reg_1964|    7   |
|input_local_2_addr_6_reg_2089|    7   |
|input_local_2_addr_7_reg_2129|    7   |
| input_local_2_addr_reg_1680 |    7   |
|input_local_2_load_1_reg_1884|   32   |
|input_local_2_load_2_reg_2009|   32   |
|input_local_2_load_3_reg_2049|   32   |
|input_local_2_load_4_reg_2169|   32   |
|input_local_2_load_5_reg_2209|   32   |
|input_local_2_load_6_reg_2254|   32   |
|input_local_2_load_7_reg_2294|   32   |
| input_local_2_load_reg_1844 |   32   |
|input_local_3_addr_1_reg_1725|    7   |
|input_local_3_addr_2_reg_1774|    7   |
|input_local_3_addr_3_reg_1814|    7   |
|input_local_3_addr_4_reg_1929|    7   |
|input_local_3_addr_5_reg_1969|    7   |
|input_local_3_addr_6_reg_2094|    7   |
|input_local_3_addr_7_reg_2134|    7   |
| input_local_3_addr_reg_1685 |    7   |
|input_local_3_load_1_reg_1889|   32   |
|input_local_3_load_2_reg_2014|   32   |
|input_local_3_load_3_reg_2054|   32   |
|input_local_3_load_4_reg_2174|   32   |
|input_local_3_load_5_reg_2214|   32   |
|input_local_3_load_6_reg_2259|   32   |
|input_local_3_load_7_reg_2299|   32   |
| input_local_3_load_reg_1849 |   32   |
|input_local_4_addr_1_reg_1730|    7   |
|input_local_4_addr_2_reg_1779|    7   |
|input_local_4_addr_3_reg_1819|    7   |
|input_local_4_addr_4_reg_1934|    7   |
|input_local_4_addr_5_reg_1974|    7   |
|input_local_4_addr_6_reg_2099|    7   |
|input_local_4_addr_7_reg_2139|    7   |
| input_local_4_addr_reg_1690 |    7   |
|input_local_4_load_1_reg_1894|   32   |
|input_local_4_load_2_reg_2019|   32   |
|input_local_4_load_3_reg_2059|   32   |
|input_local_4_load_4_reg_2179|   32   |
|input_local_4_load_5_reg_2219|   32   |
|input_local_4_load_6_reg_2264|   32   |
|input_local_4_load_7_reg_2304|   32   |
| input_local_4_load_reg_1854 |   32   |
|input_local_5_addr_1_reg_1735|    7   |
|input_local_5_addr_2_reg_1784|    7   |
|input_local_5_addr_3_reg_1824|    7   |
|input_local_5_addr_4_reg_1939|    7   |
|input_local_5_addr_5_reg_1979|    7   |
|input_local_5_addr_6_reg_2104|    7   |
|input_local_5_addr_7_reg_2144|    7   |
| input_local_5_addr_reg_1695 |    7   |
|input_local_5_load_1_reg_1899|   32   |
|input_local_5_load_2_reg_2024|   32   |
|input_local_5_load_3_reg_2064|   32   |
|input_local_5_load_4_reg_2184|   32   |
|input_local_5_load_5_reg_2224|   32   |
|input_local_5_load_6_reg_2269|   32   |
|input_local_5_load_7_reg_2309|   32   |
| input_local_5_load_reg_1859 |   32   |
|input_local_6_addr_1_reg_1740|    7   |
|input_local_6_addr_2_reg_1789|    7   |
|input_local_6_addr_3_reg_1829|    7   |
|input_local_6_addr_4_reg_1944|    7   |
|input_local_6_addr_5_reg_1984|    7   |
|input_local_6_addr_6_reg_2109|    7   |
|input_local_6_addr_7_reg_2149|    7   |
| input_local_6_addr_reg_1700 |    7   |
|input_local_6_load_1_reg_1904|   32   |
|input_local_6_load_2_reg_2029|   32   |
|input_local_6_load_3_reg_2069|   32   |
|input_local_6_load_4_reg_2189|   32   |
|input_local_6_load_5_reg_2229|   32   |
|input_local_6_load_6_reg_2274|   32   |
|input_local_6_load_7_reg_2314|   32   |
| input_local_6_load_reg_1864 |   32   |
|input_local_7_addr_1_reg_1745|    7   |
|input_local_7_addr_2_reg_1794|    7   |
|input_local_7_addr_3_reg_1834|    7   |
|input_local_7_addr_4_reg_1949|    7   |
|input_local_7_addr_5_reg_1989|    7   |
|input_local_7_addr_6_reg_2114|    7   |
|input_local_7_addr_7_reg_2154|    7   |
| input_local_7_addr_reg_1705 |    7   |
|input_local_7_load_1_reg_1909|   32   |
|input_local_7_load_2_reg_2034|   32   |
|input_local_7_load_3_reg_2074|   32   |
|input_local_7_load_4_reg_2194|   32   |
|input_local_7_load_5_reg_2234|   32   |
|input_local_7_load_6_reg_2279|   32   |
|input_local_7_load_7_reg_2319|   32   |
| input_local_7_load_reg_1869 |   32   |
| input_local_addr_1_reg_1710 |    7   |
| input_local_addr_2_reg_1759 |    7   |
| input_local_addr_3_reg_1799 |    7   |
| input_local_addr_4_reg_1914 |    7   |
| input_local_addr_5_reg_1954 |    7   |
| input_local_addr_6_reg_2079 |    7   |
| input_local_addr_7_reg_2119 |    7   |
|  input_local_addr_reg_1670  |    7   |
| input_local_load_1_reg_1874 |   32   |
| input_local_load_2_reg_1999 |   32   |
| input_local_load_3_reg_2039 |   32   |
| input_local_load_5_reg_2199 |   32   |
| input_local_load_6_reg_2249 |   32   |
| input_local_load_7_reg_2284 |   32   |
|     logits_0_1_reg_1556     |   32   |
|     logits_1_1_reg_1563     |   32   |
|     logits_2_1_reg_1570     |   32   |
|     logits_3_1_reg_1577     |   32   |
|     max_logit_1_reg_2804    |   32   |
|      max_logit_reg_1541     |   32   |
|      mul83_20_reg_2419      |   32   |
|      mul83_22_reg_2434      |   32   |
|      mul83_24_reg_2449      |   32   |
|      mul83_26_reg_2464      |   32   |
|      mul83_28_reg_2479      |   32   |
|      mul83_30_reg_2494      |   32   |
|      mul83_32_reg_2509      |   32   |
|      mul83_34_reg_2524      |   32   |
|      mul83_36_reg_2539      |   32   |
|      mul83_37_reg_2549      |   32   |
|      mul83_38_reg_2559      |   32   |
|      mul83_40_reg_2574      |   32   |
|      mul83_41_reg_2584      |   32   |
|      mul83_42_reg_2594      |   32   |
|      mul83_43_reg_2604      |   32   |
|      mul83_44_reg_2614      |   32   |
|      mul83_45_reg_2624      |   32   |
|      mul83_46_reg_2634      |   32   |
|      mul83_47_reg_2644      |   32   |
|      mul83_48_reg_2654      |   32   |
|      mul83_49_reg_2664      |   32   |
|      mul83_50_reg_2674      |   32   |
|      mul83_51_reg_2684      |   32   |
|      mul83_52_reg_2694      |   32   |
|      mul83_53_reg_2704      |   32   |
|      mul83_54_reg_2714      |   32   |
|      mul83_55_reg_2724      |   32   |
|      mul83_56_reg_2734      |   32   |
|      mul83_57_reg_2744      |   32   |
|      mul83_58_reg_2754      |   32   |
|      mul83_59_reg_2764      |   32   |
|      mul83_60_reg_2774      |   32   |
|      mul83_61_reg_2784      |   32   |
|      mul83_62_reg_2794      |   32   |
|           reg_875           |   32   |
|           reg_880           |   32   |
|           reg_884           |   32   |
|           reg_889           |   32   |
|           reg_894           |   32   |
|           reg_899           |   32   |
|           reg_905           |   32   |
|           reg_910           |   32   |
|           reg_915           |   32   |
|           reg_920           |   32   |
|           reg_925           |   32   |
|           reg_930           |   32   |
|           reg_935           |   32   |
|           reg_940           |   32   |
|           reg_945           |   32   |
|           reg_950           |   32   |
|  sext_ln150_1_cast_reg_1661 |   64   |
|   sext_ln150_cast_reg_1656  |   64   |
|     tmp_10_cast_reg_1620    |   64   |
|     tmp_11_cast_reg_1608    |   64   |
|     tmp_12_cast_reg_1596    |   64   |
|     tmp_13_cast_reg_1584    |   64   |
|     tmp_8_cast_reg_1644     |   64   |
|     tmp_9_cast_reg_1632     |   64   |
|     trunc_ln157_reg_1750    |    2   |
+-----------------------------+--------+
|            Total            |  6854  |
+-----------------------------+--------+

* Multiplexer (MUX) list: 
|-------------------|------|------|------|--------||---------||---------|
|        Comp       |  Pin | Size |  BW  | S x BW ||  Delay  ||   LUT   |
|-------------------|------|------|------|--------||---------||---------|
|  grp_read_fu_239  |  p1  |   2  |  32  |   64   ||    9    |
| grp_access_fu_391 |  p0  |   8  |   7  |   56   ||    43   |
| grp_access_fu_391 |  p2  |   8  |   0  |    0   ||    43   |
| grp_access_fu_401 |  p0  |   8  |   7  |   56   ||    43   |
| grp_access_fu_401 |  p2  |   8  |   0  |    0   ||    43   |
| grp_access_fu_411 |  p0  |   8  |   7  |   56   ||    43   |
| grp_access_fu_411 |  p2  |   8  |   0  |    0   ||    43   |
| grp_access_fu_421 |  p0  |   8  |   7  |   56   ||    43   |
| grp_access_fu_421 |  p2  |   8  |   0  |    0   ||    43   |
| grp_access_fu_431 |  p0  |   8  |   7  |   56   ||    43   |
| grp_access_fu_431 |  p2  |   8  |   0  |    0   ||    43   |
| grp_access_fu_441 |  p0  |   8  |   7  |   56   ||    43   |
| grp_access_fu_441 |  p2  |   8  |   0  |    0   ||    43   |
| grp_access_fu_451 |  p0  |   8  |   7  |   56   ||    43   |
| grp_access_fu_451 |  p2  |   8  |   0  |    0   ||    43   |
| grp_access_fu_461 |  p0  |   8  |   7  |   56   ||    43   |
| grp_access_fu_461 |  p2  |   8  |   0  |    0   ||    43   |
|     grp_fu_863    |  p0  |   5  |  32  |   160  ||    26   |
|     grp_fu_863    |  p1  |  45  |  32  |  1440  ||   197   |
|     grp_fu_867    |  p0  |  62  |  32  |  1984  ||   265   |
|     grp_fu_867    |  p1  |  128 |  32  |  4096  ||   673   |
|-------------------|------|------|------|--------||---------||---------|
|       Total       |      |      |      |  8192  || 11.7522 ||   1858  |
|-------------------|------|------|------|--------||---------||---------|



* Summary:
+-----------+--------+--------+--------+--------+
|           |   DSP  |  Delay |   FF   |   LUT  |
+-----------+--------+--------+--------+--------+
|  Function |    5   |    -   |   305  |   461  |
|   Memory  |    -   |    -   |    -   |    -   |
|Multiplexer|    -   |   11   |    -   |  1858  |
|  Register |    -   |    -   |  6854  |    -   |
+-----------+--------+--------+--------+--------+
|   Total   |    5   |   11   |  7159  |  2319  |
+-----------+--------+--------+--------+--------+
