

================================================================
== Vitis HLS Report for 'graph_moe'
================================================================
* Date:           Sat Sep 12 16:02:19 2026

* Version:        2023.2 (Build 4023990 on Oct 11 2023)
* Project:        HLS_GraphMoE_Run3
* Solution:       solution1 (Vivado IP Flow Target)
* Product family: virtexuplus
* Target device:  xcvu13p_CIV-figd2104-3-e


================================================================
== Performance Estimates
================================================================
+ Timing: 
    * Summary: 
    +--------+----------+----------+------------+
    |  Clock |  Target  | Estimated| Uncertainty|
    +--------+----------+----------+------------+
    |ap_clk  |  10.00 ns|  7.502 ns|     2.70 ns|
    +--------+----------+----------+------------+

+ Latency: 
    * Summary: 
    +---------+---------+----------+----------+-------+-------+---------+
    |  Latency (cycles) |  Latency (absolute) |    Interval   | Pipeline|
    |   min   |   max   |    min   |    max   |  min  |  max  |   Type  |
    +---------+---------+----------+----------+-------+-------+---------+
    |    54956|    54956|  0.550 ms|  0.550 ms|  54957|  54957|       no|
    +---------+---------+----------+----------+-------+-------+---------+

    + Detail: 
        * Instance: 
        N/A

        * Loop: 
        +---------------------+---------+---------+----------+-----------+-----------+------+----------+
        |                     |  Latency (cycles) | Iteration|  Initiation Interval  | Trip |          |
        |      Loop Name      |   min   |   max   |  Latency |  achieved |   target  | Count| Pipelined|
        +---------------------+---------+---------+----------+-----------+-----------+------+----------+
        |- VITIS_LOOP_61_1    |      548|      548|       137|          -|          -|     4|        no|
        |- VITIS_LOOP_201_6   |    54354|    54354|     27177|          -|          -|     2|        no|
        | + VITIS_LOOP_210_7  |    13555|    13555|      2711|          -|          -|     5|        no|
        | + VITIS_LOOP_210_7  |    13555|    13555|      2711|          -|          -|     5|        no|
        +---------------------+---------+---------+----------+-----------+-----------+------+----------+

============================================================
+ Verbose Summary: Synthesis Manager
============================================================
InlineROM: 1
ExposeGlobal: 0
============================================================
+ Verbose Summary: CDFG Model
============================================================
IsTopModel: 1
ResetActiveHigh: 1
IsCombinational: 0
IsDatapathOnly: 0
HasWiredReturn: 1
HasMFsm: 0
HasVarLatency: 1
IsPipeline: 0
IsRtlPipelined: 0
IsInstanceOverlapped: 0
IsDontTouch: 0
HasImplIP: 0
IsGatedGlobalClock: 0


============================================================
+ Verbose Summary: Schedule
============================================================
* Number of FSM states : 144
* Pipeline : 0
* Dataflow Pipeline: 0

* FSM state transitions: 
1 --> 2 
2 --> 3 6 
3 --> 4 
4 --> 5 
5 --> 2 
6 --> 7 
7 --> 8 
8 --> 9 
9 --> 10 
10 --> 11 
11 --> 12 142 
12 --> 13 
13 --> 14 
14 --> 15 
15 --> 16 
16 --> 17 
17 --> 18 
18 --> 19 
19 --> 20 
20 --> 21 
21 --> 22 
22 --> 23 
23 --> 24 
24 --> 25 
25 --> 26 
26 --> 27 
27 --> 28 
28 --> 29 
29 --> 30 
30 --> 31 
31 --> 32 
32 --> 33 
33 --> 34 
34 --> 35 
35 --> 36 
36 --> 37 
37 --> 38 
38 --> 39 
39 --> 40 
40 --> 41 
41 --> 42 
42 --> 43 
43 --> 44 
44 --> 45 
45 --> 46 
46 --> 47 
47 --> 48 
48 --> 49 
49 --> 50 
50 --> 51 
51 --> 52 
52 --> 53 
53 --> 54 
54 --> 55 
55 --> 56 
56 --> 57 
57 --> 58 
58 --> 59 
59 --> 60 
60 --> 61 
61 --> 62 
62 --> 63 
63 --> 64 
64 --> 65 
65 --> 66 
66 --> 67 
67 --> 68 
68 --> 69 
69 --> 70 
70 --> 71 
71 --> 72 
72 --> 73 
73 --> 74 
74 --> 75 
75 --> 76 
76 --> 77 109 
77 --> 78 
78 --> 79 
79 --> 80 
80 --> 81 
81 --> 82 
82 --> 83 
83 --> 84 
84 --> 85 
85 --> 86 
86 --> 87 
87 --> 88 
88 --> 89 
89 --> 90 
90 --> 91 
91 --> 92 
92 --> 93 
93 --> 94 
94 --> 95 
95 --> 96 
96 --> 97 
97 --> 98 
98 --> 99 
99 --> 100 
100 --> 101 
101 --> 102 
102 --> 103 
103 --> 104 
104 --> 105 
105 --> 106 
106 --> 107 
107 --> 108 
108 --> 76 
109 --> 110 11 
110 --> 111 
111 --> 112 
112 --> 113 
113 --> 114 
114 --> 115 
115 --> 116 
116 --> 117 
117 --> 118 
118 --> 119 
119 --> 120 
120 --> 121 
121 --> 122 
122 --> 123 
123 --> 124 
124 --> 125 
125 --> 126 
126 --> 127 
127 --> 128 
128 --> 129 
129 --> 130 
130 --> 131 
131 --> 132 
132 --> 133 
133 --> 134 
134 --> 135 
135 --> 136 
136 --> 137 
137 --> 138 
138 --> 139 
139 --> 140 
140 --> 141 
141 --> 109 
142 --> 143 
143 --> 144 
144 --> 

* FSM state operations: 

State 1 <SV = 0> <Delay = 0.36>
ST_1 : Operation 145 [1/1] (0.00ns)   --->   "%e = alloca i32 1" [src/moe.cpp:61]   --->   Operation 145 'alloca' 'e' <Predicate = true> <Delay = 0.00>
ST_1 : Operation 146 [1/1] (0.00ns)   --->   "%max_logit = alloca i32 1" [src/moe.cpp:80]   --->   Operation 146 'alloca' 'max_logit' <Predicate = true> <Delay = 0.00>
ST_1 : Operation 147 [1/1] (0.00ns)   --->   "%max_logit_21228 = alloca i32 1"   --->   Operation 147 'alloca' 'max_logit_21228' <Predicate = true> <Delay = 0.00>
ST_1 : Operation 148 [1/1] (0.00ns)   --->   "%max_logit_21032 = alloca i32 1"   --->   Operation 148 'alloca' 'max_logit_21032' <Predicate = true> <Delay = 0.00>
ST_1 : Operation 149 [1/1] (0.00ns)   --->   "%max_logit_21136 = alloca i32 1"   --->   Operation 149 'alloca' 'max_logit_21136' <Predicate = true> <Delay = 0.00>
ST_1 : Operation 150 [1/1] (0.00ns)   --->   "%logits_0_01 = alloca i32 1"   --->   Operation 150 'alloca' 'logits_0_01' <Predicate = true> <Delay = 0.00>
ST_1 : Operation 151 [1/1] (0.00ns)   --->   "%logits_1_02 = alloca i32 1"   --->   Operation 151 'alloca' 'logits_1_02' <Predicate = true> <Delay = 0.00>
ST_1 : Operation 152 [1/1] (0.00ns)   --->   "%logits_2_03 = alloca i32 1"   --->   Operation 152 'alloca' 'logits_2_03' <Predicate = true> <Delay = 0.00>
ST_1 : Operation 153 [1/1] (0.00ns)   --->   "%logits_3_04 = alloca i32 1"   --->   Operation 153 'alloca' 'logits_3_04' <Predicate = true> <Delay = 0.00>
ST_1 : Operation 154 [1/1] (0.00ns)   --->   "%result_4_loc = alloca i64 1"   --->   Operation 154 'alloca' 'result_4_loc' <Predicate = true> <Delay = 0.00>
ST_1 : Operation 155 [1/1] (0.00ns)   --->   "%result_2_loc = alloca i64 1"   --->   Operation 155 'alloca' 'result_2_loc' <Predicate = true> <Delay = 0.00>
ST_1 : Operation 156 [1/1] (0.00ns)   --->   "%exp_sum_loc = alloca i64 1"   --->   Operation 156 'alloca' 'exp_sum_loc' <Predicate = true> <Delay = 0.00>
ST_1 : Operation 157 [1/1] (0.00ns)   --->   "%max_logit_1_loc = alloca i64 1"   --->   Operation 157 'alloca' 'max_logit_1_loc' <Predicate = true> <Delay = 0.00>
ST_1 : Operation 158 [1/1] (0.00ns)   --->   "%logits_0_loc = alloca i64 1"   --->   Operation 158 'alloca' 'logits_0_loc' <Predicate = true> <Delay = 0.00>
ST_1 : Operation 159 [1/1] (0.00ns)   --->   "%spectopmodule_ln15 = spectopmodule void @_ssdm_op_SpecTopModule, void @empty_6" [src/moe.cpp:15]   --->   Operation 159 'spectopmodule' 'spectopmodule_ln15' <Predicate = true> <Delay = 0.00>
ST_1 : Operation 160 [1/1] (0.00ns)   --->   "%specinterface_ln0 = specinterface void @_ssdm_op_SpecInterface, i32 %input_r, void @empty_2, i32 0, i32 0, void @empty_3, i32 4294967295, i32 0, void @empty_3, void @empty_3, void @empty_3, i32 0, i32 0, i32 0, i32 0, void @empty_3, void @empty_3, i32 4294967295, i32 0"   --->   Operation 160 'specinterface' 'specinterface_ln0' <Predicate = true> <Delay = 0.00>
ST_1 : Operation 161 [1/1] (0.00ns)   --->   "%specbitsmap_ln0 = specbitsmap void @_ssdm_op_SpecBitsMap, i32 %input_r"   --->   Operation 161 'specbitsmap' 'specbitsmap_ln0' <Predicate = true> <Delay = 0.00>
ST_1 : Operation 162 [1/1] (0.00ns)   --->   "%specinterface_ln0 = specinterface void @_ssdm_op_SpecInterface, i32 %gate_weight, void @empty_2, i32 0, i32 0, void @empty_3, i32 4294967295, i32 0, void @empty_3, void @empty_3, void @empty_3, i32 0, i32 0, i32 0, i32 0, void @empty_3, void @empty_3, i32 4294967295, i32 0"   --->   Operation 162 'specinterface' 'specinterface_ln0' <Predicate = true> <Delay = 0.00>
ST_1 : Operation 163 [1/1] (0.00ns)   --->   "%specbitsmap_ln0 = specbitsmap void @_ssdm_op_SpecBitsMap, i32 %gate_weight"   --->   Operation 163 'specbitsmap' 'specbitsmap_ln0' <Predicate = true> <Delay = 0.00>
ST_1 : Operation 164 [1/1] (0.00ns)   --->   "%specinterface_ln0 = specinterface void @_ssdm_op_SpecInterface, i32 %gate_bias, void @empty_2, i32 0, i32 0, void @empty_3, i32 4294967295, i32 0, void @empty_3, void @empty_3, void @empty_3, i32 0, i32 0, i32 0, i32 0, void @empty_3, void @empty_3, i32 4294967295, i32 0"   --->   Operation 164 'specinterface' 'specinterface_ln0' <Predicate = true> <Delay = 0.00>
ST_1 : Operation 165 [1/1] (0.00ns)   --->   "%specbitsmap_ln0 = specbitsmap void @_ssdm_op_SpecBitsMap, i32 %gate_bias"   --->   Operation 165 'specbitsmap' 'specbitsmap_ln0' <Predicate = true> <Delay = 0.00>
ST_1 : Operation 166 [1/1] (0.00ns)   --->   "%specinterface_ln0 = specinterface void @_ssdm_op_SpecInterface, i32 %w1, void @empty_2, i32 0, i32 0, void @empty_3, i32 4294967295, i32 0, void @empty_3, void @empty_3, void @empty_3, i32 0, i32 0, i32 0, i32 0, void @empty_3, void @empty_3, i32 4294967295, i32 0"   --->   Operation 166 'specinterface' 'specinterface_ln0' <Predicate = true> <Delay = 0.00>
ST_1 : Operation 167 [1/1] (0.00ns)   --->   "%specbitsmap_ln0 = specbitsmap void @_ssdm_op_SpecBitsMap, i32 %w1"   --->   Operation 167 'specbitsmap' 'specbitsmap_ln0' <Predicate = true> <Delay = 0.00>
ST_1 : Operation 168 [1/1] (0.00ns)   --->   "%specinterface_ln0 = specinterface void @_ssdm_op_SpecInterface, i32 %b1, void @empty_2, i32 0, i32 0, void @empty_3, i32 4294967295, i32 0, void @empty_3, void @empty_3, void @empty_3, i32 0, i32 0, i32 0, i32 0, void @empty_3, void @empty_3, i32 4294967295, i32 0"   --->   Operation 168 'specinterface' 'specinterface_ln0' <Predicate = true> <Delay = 0.00>
ST_1 : Operation 169 [1/1] (0.00ns)   --->   "%specbitsmap_ln0 = specbitsmap void @_ssdm_op_SpecBitsMap, i32 %b1"   --->   Operation 169 'specbitsmap' 'specbitsmap_ln0' <Predicate = true> <Delay = 0.00>
ST_1 : Operation 170 [1/1] (0.00ns)   --->   "%specinterface_ln0 = specinterface void @_ssdm_op_SpecInterface, i32 %w2, void @empty_2, i32 0, i32 0, void @empty_3, i32 4294967295, i32 0, void @empty_3, void @empty_3, void @empty_3, i32 0, i32 0, i32 0, i32 0, void @empty_3, void @empty_3, i32 4294967295, i32 0"   --->   Operation 170 'specinterface' 'specinterface_ln0' <Predicate = true> <Delay = 0.00>
ST_1 : Operation 171 [1/1] (0.00ns)   --->   "%specbitsmap_ln0 = specbitsmap void @_ssdm_op_SpecBitsMap, i32 %w2"   --->   Operation 171 'specbitsmap' 'specbitsmap_ln0' <Predicate = true> <Delay = 0.00>
ST_1 : Operation 172 [1/1] (0.00ns)   --->   "%specinterface_ln0 = specinterface void @_ssdm_op_SpecInterface, i32 %b2, void @empty_2, i32 0, i32 0, void @empty_3, i32 4294967295, i32 0, void @empty_3, void @empty_3, void @empty_3, i32 0, i32 0, i32 0, i32 0, void @empty_3, void @empty_3, i32 4294967295, i32 0"   --->   Operation 172 'specinterface' 'specinterface_ln0' <Predicate = true> <Delay = 0.00>
ST_1 : Operation 173 [1/1] (0.00ns)   --->   "%specbitsmap_ln0 = specbitsmap void @_ssdm_op_SpecBitsMap, i32 %b2"   --->   Operation 173 'specbitsmap' 'specbitsmap_ln0' <Predicate = true> <Delay = 0.00>
ST_1 : Operation 174 [1/1] (0.00ns)   --->   "%specinterface_ln0 = specinterface void @_ssdm_op_SpecInterface, i32 %w3, void @empty_2, i32 0, i32 0, void @empty_3, i32 4294967295, i32 0, void @empty_3, void @empty_3, void @empty_3, i32 0, i32 0, i32 0, i32 0, void @empty_3, void @empty_3, i32 4294967295, i32 0"   --->   Operation 174 'specinterface' 'specinterface_ln0' <Predicate = true> <Delay = 0.00>
ST_1 : Operation 175 [1/1] (0.00ns)   --->   "%specbitsmap_ln0 = specbitsmap void @_ssdm_op_SpecBitsMap, i32 %w3"   --->   Operation 175 'specbitsmap' 'specbitsmap_ln0' <Predicate = true> <Delay = 0.00>
ST_1 : Operation 176 [1/1] (0.00ns)   --->   "%specinterface_ln0 = specinterface void @_ssdm_op_SpecInterface, i32 %b3, void @empty_2, i32 0, i32 0, void @empty_3, i32 4294967295, i32 0, void @empty_3, void @empty_3, void @empty_3, i32 0, i32 0, i32 0, i32 0, void @empty_3, void @empty_3, i32 4294967295, i32 0"   --->   Operation 176 'specinterface' 'specinterface_ln0' <Predicate = true> <Delay = 0.00>
ST_1 : Operation 177 [1/1] (0.00ns)   --->   "%specbitsmap_ln0 = specbitsmap void @_ssdm_op_SpecBitsMap, i32 %b3"   --->   Operation 177 'specbitsmap' 'specbitsmap_ln0' <Predicate = true> <Delay = 0.00>
ST_1 : Operation 178 [1/1] (0.00ns)   --->   "%specinterface_ln0 = specinterface void @_ssdm_op_SpecInterface, i32 %w4, void @empty_2, i32 0, i32 0, void @empty_3, i32 4294967295, i32 0, void @empty_3, void @empty_3, void @empty_3, i32 0, i32 0, i32 0, i32 0, void @empty_3, void @empty_3, i32 4294967295, i32 0"   --->   Operation 178 'specinterface' 'specinterface_ln0' <Predicate = true> <Delay = 0.00>
ST_1 : Operation 179 [1/1] (0.00ns)   --->   "%specbitsmap_ln0 = specbitsmap void @_ssdm_op_SpecBitsMap, i32 %w4"   --->   Operation 179 'specbitsmap' 'specbitsmap_ln0' <Predicate = true> <Delay = 0.00>
ST_1 : Operation 180 [1/1] (0.00ns)   --->   "%specinterface_ln0 = specinterface void @_ssdm_op_SpecInterface, i32 %b4, void @empty_2, i32 0, i32 0, void @empty_3, i32 4294967295, i32 0, void @empty_3, void @empty_3, void @empty_3, i32 0, i32 0, i32 0, i32 0, void @empty_3, void @empty_3, i32 4294967295, i32 0"   --->   Operation 180 'specinterface' 'specinterface_ln0' <Predicate = true> <Delay = 0.00>
ST_1 : Operation 181 [1/1] (0.00ns)   --->   "%specbitsmap_ln0 = specbitsmap void @_ssdm_op_SpecBitsMap, i32 %b4"   --->   Operation 181 'specbitsmap' 'specbitsmap_ln0' <Predicate = true> <Delay = 0.00>
ST_1 : Operation 182 [1/1] (0.00ns)   --->   "%specinterface_ln0 = specinterface void @_ssdm_op_SpecInterface, i32 %output_r, void @empty_2, i32 0, i32 0, void @empty_3, i32 4294967295, i32 0, void @empty_3, void @empty_3, void @empty_3, i32 0, i32 0, i32 0, i32 0, void @empty_3, void @empty_3, i32 4294967295, i32 0"   --->   Operation 182 'specinterface' 'specinterface_ln0' <Predicate = true> <Delay = 0.00>
ST_1 : Operation 183 [1/1] (0.00ns)   --->   "%specbitsmap_ln0 = specbitsmap void @_ssdm_op_SpecBitsMap, i32 %output_r"   --->   Operation 183 'specbitsmap' 'specbitsmap_ln0' <Predicate = true> <Delay = 0.00>
ST_1 : Operation 184 [1/1] (0.00ns)   --->   "%specinterface_ln0 = specinterface void @_ssdm_op_SpecInterface, i32 %gates, void @empty_2, i32 0, i32 0, void @empty_3, i32 4294967295, i32 0, void @empty_3, void @empty_3, void @empty_3, i32 0, i32 0, i32 0, i32 0, void @empty_3, void @empty_3, i32 4294967295, i32 0"   --->   Operation 184 'specinterface' 'specinterface_ln0' <Predicate = true> <Delay = 0.00>
ST_1 : Operation 185 [1/1] (0.00ns)   --->   "%specbitsmap_ln0 = specbitsmap void @_ssdm_op_SpecBitsMap, i32 %gates"   --->   Operation 185 'specbitsmap' 'specbitsmap_ln0' <Predicate = true> <Delay = 0.00>
ST_1 : Operation 186 [1/1] (0.00ns)   --->   "%specinterface_ln0 = specinterface void @_ssdm_op_SpecInterface, i32 0, void @empty_4, i32 0, i32 0, void @empty_3, i32 0, i32 0, void @empty_5, void @empty_3, void @empty_3, i32 0, i32 0, i32 0, i32 0, void @empty_3, void @empty_3, i32 4294967295, i32 0"   --->   Operation 186 'specinterface' 'specinterface_ln0' <Predicate = true> <Delay = 0.00>
ST_1 : Operation 187 [1/1] (0.00ns)   --->   "%l1 = alloca i64 1" [src/moe.cpp:149]   --->   Operation 187 'alloca' 'l1' <Predicate = true> <Delay = 0.00> <CoreInst = "RAM">   --->   Core 83 'RAM' <Latency = 1> <II = 1> <Delay = 1.02> <Storage> <Opcode : 'load' 'store'> <Ports = 2> <Width = 32> <Depth = 32> <RAM>
ST_1 : Operation 188 [1/1] (0.00ns)   --->   "%l1_1 = alloca i64 1" [src/moe.cpp:149]   --->   Operation 188 'alloca' 'l1_1' <Predicate = true> <Delay = 0.00> <CoreInst = "RAM">   --->   Core 83 'RAM' <Latency = 1> <II = 1> <Delay = 1.02> <Storage> <Opcode : 'load' 'store'> <Ports = 2> <Width = 32> <Depth = 32> <RAM>
ST_1 : Operation 189 [1/1] (0.00ns)   --->   "%l1_2 = alloca i64 1" [src/moe.cpp:149]   --->   Operation 189 'alloca' 'l1_2' <Predicate = true> <Delay = 0.00> <CoreInst = "RAM">   --->   Core 83 'RAM' <Latency = 1> <II = 1> <Delay = 1.02> <Storage> <Opcode : 'load' 'store'> <Ports = 2> <Width = 32> <Depth = 32> <RAM>
ST_1 : Operation 190 [1/1] (0.00ns)   --->   "%l1_3 = alloca i64 1" [src/moe.cpp:149]   --->   Operation 190 'alloca' 'l1_3' <Predicate = true> <Delay = 0.00> <CoreInst = "RAM">   --->   Core 83 'RAM' <Latency = 1> <II = 1> <Delay = 1.02> <Storage> <Opcode : 'load' 'store'> <Ports = 2> <Width = 32> <Depth = 32> <RAM>
ST_1 : Operation 191 [1/1] (0.00ns)   --->   "%l2 = alloca i64 1" [src/moe.cpp:150]   --->   Operation 191 'alloca' 'l2' <Predicate = true> <Delay = 0.00> <CoreInst = "RAM">   --->   Core 83 'RAM' <Latency = 1> <II = 1> <Delay = 0.54> <Storage> <Opcode : 'load' 'store'> <Ports = 2> <Width = 32> <Depth = 16> <RAM>
ST_1 : Operation 192 [1/1] (0.00ns)   --->   "%l2_1 = alloca i64 1" [src/moe.cpp:150]   --->   Operation 192 'alloca' 'l2_1' <Predicate = true> <Delay = 0.00> <CoreInst = "RAM">   --->   Core 83 'RAM' <Latency = 1> <II = 1> <Delay = 0.54> <Storage> <Opcode : 'load' 'store'> <Ports = 2> <Width = 32> <Depth = 16> <RAM>
ST_1 : Operation 193 [1/1] (0.00ns)   --->   "%l2_2 = alloca i64 1" [src/moe.cpp:150]   --->   Operation 193 'alloca' 'l2_2' <Predicate = true> <Delay = 0.00> <CoreInst = "RAM">   --->   Core 83 'RAM' <Latency = 1> <II = 1> <Delay = 0.54> <Storage> <Opcode : 'load' 'store'> <Ports = 2> <Width = 32> <Depth = 16> <RAM>
ST_1 : Operation 194 [1/1] (0.00ns)   --->   "%l2_3 = alloca i64 1" [src/moe.cpp:150]   --->   Operation 194 'alloca' 'l2_3' <Predicate = true> <Delay = 0.00> <CoreInst = "RAM">   --->   Core 83 'RAM' <Latency = 1> <II = 1> <Delay = 0.54> <Storage> <Opcode : 'load' 'store'> <Ports = 2> <Width = 32> <Depth = 16> <RAM>
ST_1 : Operation 195 [1/1] (0.00ns)   --->   "%l3 = alloca i64 1" [src/moe.cpp:151]   --->   Operation 195 'alloca' 'l3' <Predicate = true> <Delay = 0.00>
ST_1 : Operation 196 [1/1] (0.00ns)   --->   "%l3_1 = alloca i64 1" [src/moe.cpp:151]   --->   Operation 196 'alloca' 'l3_1' <Predicate = true> <Delay = 0.00>
ST_1 : Operation 197 [1/1] (0.00ns)   --->   "%l3_2 = alloca i64 1" [src/moe.cpp:151]   --->   Operation 197 'alloca' 'l3_2' <Predicate = true> <Delay = 0.00>
ST_1 : Operation 198 [1/1] (0.00ns)   --->   "%l3_3 = alloca i64 1" [src/moe.cpp:151]   --->   Operation 198 'alloca' 'l3_3' <Predicate = true> <Delay = 0.00>
ST_1 : Operation 199 [1/1] (0.00ns)   --->   "%expert_output = alloca i64 1" [src/moe.cpp:175]   --->   Operation 199 'alloca' 'expert_output' <Predicate = true> <Delay = 0.00> <CoreInst = "RAM">   --->   Core 83 'RAM' <Latency = 1> <II = 1> <Delay = 0.54> <Storage> <Opcode : 'load' 'store'> <Ports = 2> <Width = 32> <Depth = 5> <RAM>
ST_1 : Operation 200 [1/1] (0.00ns)   --->   "%expert_output_1 = alloca i64 1" [src/moe.cpp:175]   --->   Operation 200 'alloca' 'expert_output_1' <Predicate = true> <Delay = 0.00> <CoreInst = "RAM">   --->   Core 83 'RAM' <Latency = 1> <II = 1> <Delay = 0.54> <Storage> <Opcode : 'load' 'store'> <Ports = 2> <Width = 32> <Depth = 5> <RAM>
ST_1 : Operation 201 [1/1] (0.00ns)   --->   "%expert_output_2 = alloca i64 1" [src/moe.cpp:175]   --->   Operation 201 'alloca' 'expert_output_2' <Predicate = true> <Delay = 0.00> <CoreInst = "RAM">   --->   Core 83 'RAM' <Latency = 1> <II = 1> <Delay = 0.54> <Storage> <Opcode : 'load' 'store'> <Ports = 2> <Width = 32> <Depth = 5> <RAM>
ST_1 : Operation 202 [1/1] (0.00ns)   --->   "%expert_output_3 = alloca i64 1" [src/moe.cpp:175]   --->   Operation 202 'alloca' 'expert_output_3' <Predicate = true> <Delay = 0.00> <CoreInst = "RAM">   --->   Core 83 'RAM' <Latency = 1> <II = 1> <Delay = 0.54> <Storage> <Opcode : 'load' 'store'> <Ports = 2> <Width = 32> <Depth = 5> <RAM>
ST_1 : Operation 203 [1/1] (0.36ns)   --->   "%store_ln61 = store i3 0, i3 %e" [src/moe.cpp:61]   --->   Operation 203 'store' 'store_ln61' <Predicate = true> <Delay = 0.36>
ST_1 : Operation 204 [1/1] (0.00ns)   --->   "%br_ln61 = br void %VITIS_LOOP_65_2" [src/moe.cpp:61]   --->   Operation 204 'br' 'br_ln61' <Predicate = true> <Delay = 0.00>

State 2 <SV = 1> <Delay = 0.88>
ST_2 : Operation 205 [1/1] (0.00ns)   --->   "%e_4 = load i3 %e" [src/moe.cpp:61]   --->   Operation 205 'load' 'e_4' <Predicate = true> <Delay = 0.00>
ST_2 : Operation 206 [1/1] (0.00ns)   --->   "%trunc_ln61 = trunc i3 %e_4" [src/moe.cpp:61]   --->   Operation 206 'trunc' 'trunc_ln61' <Predicate = true> <Delay = 0.00>
ST_2 : Operation 207 [1/1] (0.52ns)   --->   "%icmp_ln61 = icmp_eq  i3 %e_4, i3 4" [src/moe.cpp:61]   --->   Operation 207 'icmp' 'icmp_ln61' <Predicate = true> <Delay = 0.52> <CoreInst = "Cmp">   --->   Core 9 'Cmp' <Latency = 0> <II = 1> <Delay = 0.52> <FuncUnit> <Opcode : 'icmp'> <InPorts = 2> <OutPorts = 1>
ST_2 : Operation 208 [1/1] (0.52ns)   --->   "%add_ln61 = add i3 %e_4, i3 1" [src/moe.cpp:61]   --->   Operation 208 'add' 'add_ln61' <Predicate = true> <Delay = 0.52> <CoreInst = "Adder">   --->   Core 1 'Adder' <Latency = 0> <II = 1> <Delay = 0.52> <FuncUnit> <Opcode : 'add' 'sub'> <InPorts = 2> <OutPorts = 1>
ST_2 : Operation 209 [1/1] (0.00ns)   --->   "%br_ln61 = br i1 %icmp_ln61, void %VITIS_LOOP_65_2.split, void %for.body21.preheader" [src/moe.cpp:61]   --->   Operation 209 'br' 'br_ln61' <Predicate = true> <Delay = 0.00>
ST_2 : Operation 210 [1/1] (0.00ns)   --->   "%zext_ln80 = zext i3 %e_4" [src/moe.cpp:80]   --->   Operation 210 'zext' 'zext_ln80' <Predicate = (!icmp_ln61)> <Delay = 0.00>
ST_2 : Operation 211 [1/1] (0.00ns)   --->   "%gate_bias_addr = getelementptr i32 %gate_bias, i64 0, i64 %zext_ln80" [src/moe.cpp:63]   --->   Operation 211 'getelementptr' 'gate_bias_addr' <Predicate = (!icmp_ln61)> <Delay = 0.00>
ST_2 : Operation 212 [2/2] (0.54ns)   --->   "%gate_bias_load = load i2 %gate_bias_addr" [src/moe.cpp:63]   --->   Operation 212 'load' 'gate_bias_load' <Predicate = (!icmp_ln61)> <Delay = 0.54> <CoreInst = "RAM">   --->   Core 83 'RAM' <Latency = 1> <II = 1> <Delay = 0.54> <Storage> <Opcode : 'load' 'store'> <Ports = 2> <Width = 32> <Depth = 4> <RAM>
ST_2 : Operation 213 [1/1] (0.00ns)   --->   "%e_3 = alloca i32 1" [src/moe.cpp:201]   --->   Operation 213 'alloca' 'e_3' <Predicate = (icmp_ln61)> <Delay = 0.00>
ST_2 : Operation 214 [1/1] (0.00ns)   --->   "%max_logit_load = load i32 %max_logit"   --->   Operation 214 'load' 'max_logit_load' <Predicate = (icmp_ln61)> <Delay = 0.00>
ST_2 : Operation 215 [1/1] (0.00ns)   --->   "%max_logit_21228_load = load i32 %max_logit_21228"   --->   Operation 215 'load' 'max_logit_21228_load' <Predicate = (icmp_ln61)> <Delay = 0.00>
ST_2 : Operation 216 [1/1] (0.00ns)   --->   "%max_logit_21032_load = load i32 %max_logit_21032"   --->   Operation 216 'load' 'max_logit_21032_load' <Predicate = (icmp_ln61)> <Delay = 0.00>
ST_2 : Operation 217 [1/1] (0.00ns)   --->   "%max_logit_21136_load = load i32 %max_logit_21136"   --->   Operation 217 'load' 'max_logit_21136_load' <Predicate = (icmp_ln61)> <Delay = 0.00>
ST_2 : Operation 218 [2/2] (0.36ns)   --->   "%call_ln0 = call void @graph_moe_Pipeline_VITIS_LOOP_82_3, i32 %max_logit_load, i32 %max_logit_21032_load, i32 %max_logit_21228_load, i32 %max_logit_21136_load, i32 %max_logit_1_loc"   --->   Operation 218 'call' 'call_ln0' <Predicate = (icmp_ln61)> <Delay = 0.36> <CoreType = "Generic">   --->   Core 0 '' <Latency = 0> <II = 1> <Delay = 1.00> <Generic> <Opcode : >
ST_2 : Operation 219 [1/1] (0.36ns)   --->   "%store_ln201 = store i3 0, i3 %e_3" [src/moe.cpp:201]   --->   Operation 219 'store' 'store_ln201' <Predicate = (icmp_ln61)> <Delay = 0.36>

State 3 <SV = 2> <Delay = 2.22>
ST_3 : Operation 220 [1/1] (0.00ns)   --->   "%tmp_109 = bitconcatenate i9 @_ssdm_op_BitConcatenate.i9.i2.i7, i2 %trunc_ln61, i7 0" [src/moe.cpp:69]   --->   Operation 220 'bitconcatenate' 'tmp_109' <Predicate = true> <Delay = 0.00>
ST_3 : Operation 221 [1/2] (0.54ns)   --->   "%gate_bias_load = load i2 %gate_bias_addr" [src/moe.cpp:63]   --->   Operation 221 'load' 'gate_bias_load' <Predicate = true> <Delay = 0.54> <CoreInst = "RAM">   --->   Core 83 'RAM' <Latency = 1> <II = 1> <Delay = 0.54> <Storage> <Opcode : 'load' 'store'> <Ports = 2> <Width = 32> <Depth = 4> <RAM>
ST_3 : Operation 222 [1/1] (0.00ns)   --->   "%sum = bitcast i32 %gate_bias_load" [src/moe.cpp:63]   --->   Operation 222 'bitcast' 'sum' <Predicate = true> <Delay = 0.00>
ST_3 : Operation 223 [2/2] (1.68ns)   --->   "%call_ln63 = call void @graph_moe_Pipeline_VITIS_LOOP_65_2, i32 %sum, i9 %tmp_109, i32 %gate_weight, i32 %input_r, i32 %logits_0_loc" [src/moe.cpp:63]   --->   Operation 223 'call' 'call_ln63' <Predicate = true> <Delay = 1.68> <CoreType = "Generic">   --->   Core 0 '' <Latency = 0> <II = 1> <Delay = 1.00> <Generic> <Opcode : >

State 4 <SV = 3> <Delay = 0.00>
ST_4 : Operation 224 [1/2] (0.00ns)   --->   "%call_ln63 = call void @graph_moe_Pipeline_VITIS_LOOP_65_2, i32 %sum, i9 %tmp_109, i32 %gate_weight, i32 %input_r, i32 %logits_0_loc" [src/moe.cpp:63]   --->   Operation 224 'call' 'call_ln63' <Predicate = true> <Delay = 0.00> <CoreType = "Generic">   --->   Core 0 '' <Latency = 0> <II = 1> <Delay = 1.00> <Generic> <Opcode : >

State 5 <SV = 4> <Delay = 0.66>
ST_5 : Operation 225 [1/1] (0.00ns)   --->   "%speclooptripcount_ln61 = speclooptripcount void @_ssdm_op_SpecLoopTripCount, i64 4, i64 4, i64 4" [src/moe.cpp:61]   --->   Operation 225 'speclooptripcount' 'speclooptripcount_ln61' <Predicate = true> <Delay = 0.00>
ST_5 : Operation 226 [1/1] (0.00ns)   --->   "%specloopname_ln61 = specloopname void @_ssdm_op_SpecLoopName, void @empty_10" [src/moe.cpp:61]   --->   Operation 226 'specloopname' 'specloopname_ln61' <Predicate = true> <Delay = 0.00>
ST_5 : Operation 227 [1/1] (0.00ns)   --->   "%logits_0_loc_load = load i32 %logits_0_loc"   --->   Operation 227 'load' 'logits_0_loc_load' <Predicate = true> <Delay = 0.00>
ST_5 : Operation 228 [1/1] (0.66ns)   --->   "%switch_ln72 = switch i2 %trunc_ln61, void %branch7, i2 0, void %VITIS_LOOP_65_2.split.for.inc1322_crit_edge, i2 1, void %branch5, i2 2, void %branch6" [src/moe.cpp:72]   --->   Operation 228 'switch' 'switch_ln72' <Predicate = true> <Delay = 0.66>
ST_5 : Operation 229 [1/1] (0.00ns)   --->   "%store_ln0 = store i32 %logits_0_loc_load, i32 %logits_2_03"   --->   Operation 229 'store' 'store_ln0' <Predicate = (trunc_ln61 == 2)> <Delay = 0.00>
ST_5 : Operation 230 [1/1] (0.00ns)   --->   "%store_ln0 = store i32 %logits_0_loc_load, i32 %max_logit_21136"   --->   Operation 230 'store' 'store_ln0' <Predicate = (trunc_ln61 == 2)> <Delay = 0.00>
ST_5 : Operation 231 [1/1] (0.00ns)   --->   "%br_ln72 = br void %for.inc1322" [src/moe.cpp:72]   --->   Operation 231 'br' 'br_ln72' <Predicate = (trunc_ln61 == 2)> <Delay = 0.00>
ST_5 : Operation 232 [1/1] (0.00ns)   --->   "%store_ln0 = store i32 %logits_0_loc_load, i32 %logits_1_02"   --->   Operation 232 'store' 'store_ln0' <Predicate = (trunc_ln61 == 1)> <Delay = 0.00>
ST_5 : Operation 233 [1/1] (0.00ns)   --->   "%store_ln0 = store i32 %logits_0_loc_load, i32 %max_logit_21032"   --->   Operation 233 'store' 'store_ln0' <Predicate = (trunc_ln61 == 1)> <Delay = 0.00>
ST_5 : Operation 234 [1/1] (0.00ns)   --->   "%br_ln72 = br void %for.inc1322" [src/moe.cpp:72]   --->   Operation 234 'br' 'br_ln72' <Predicate = (trunc_ln61 == 1)> <Delay = 0.00>
ST_5 : Operation 235 [1/1] (0.00ns)   --->   "%store_ln0 = store i32 %logits_0_loc_load, i32 %logits_0_01"   --->   Operation 235 'store' 'store_ln0' <Predicate = (trunc_ln61 == 0)> <Delay = 0.00>
ST_5 : Operation 236 [1/1] (0.00ns)   --->   "%store_ln80 = store i32 %logits_0_loc_load, i32 %max_logit" [src/moe.cpp:80]   --->   Operation 236 'store' 'store_ln80' <Predicate = (trunc_ln61 == 0)> <Delay = 0.00>
ST_5 : Operation 237 [1/1] (0.00ns)   --->   "%br_ln72 = br void %for.inc1322" [src/moe.cpp:72]   --->   Operation 237 'br' 'br_ln72' <Predicate = (trunc_ln61 == 0)> <Delay = 0.00>
ST_5 : Operation 238 [1/1] (0.00ns)   --->   "%store_ln0 = store i32 %logits_0_loc_load, i32 %logits_3_04"   --->   Operation 238 'store' 'store_ln0' <Predicate = (trunc_ln61 == 3)> <Delay = 0.00>
ST_5 : Operation 239 [1/1] (0.00ns)   --->   "%store_ln0 = store i32 %logits_0_loc_load, i32 %max_logit_21228"   --->   Operation 239 'store' 'store_ln0' <Predicate = (trunc_ln61 == 3)> <Delay = 0.00>
ST_5 : Operation 240 [1/1] (0.00ns)   --->   "%br_ln72 = br void %for.inc1322" [src/moe.cpp:72]   --->   Operation 240 'br' 'br_ln72' <Predicate = (trunc_ln61 == 3)> <Delay = 0.00>
ST_5 : Operation 241 [1/1] (0.36ns)   --->   "%store_ln61 = store i3 %add_ln61, i3 %e" [src/moe.cpp:61]   --->   Operation 241 'store' 'store_ln61' <Predicate = true> <Delay = 0.36>
ST_5 : Operation 242 [1/1] (0.00ns)   --->   "%br_ln61 = br void %VITIS_LOOP_65_2" [src/moe.cpp:61]   --->   Operation 242 'br' 'br_ln61' <Predicate = true> <Delay = 0.00>

State 6 <SV = 2> <Delay = 0.88>
ST_6 : Operation 243 [1/2] (0.88ns)   --->   "%call_ln0 = call void @graph_moe_Pipeline_VITIS_LOOP_82_3, i32 %max_logit_load, i32 %max_logit_21032_load, i32 %max_logit_21228_load, i32 %max_logit_21136_load, i32 %max_logit_1_loc"   --->   Operation 243 'call' 'call_ln0' <Predicate = true> <Delay = 0.88> <CoreType = "Generic">   --->   Core 0 '' <Latency = 0> <II = 1> <Delay = 1.00> <Generic> <Opcode : >

State 7 <SV = 3> <Delay = 6.46>
ST_7 : Operation 244 [1/1] (0.00ns)   --->   "%logits_0_01_load = load i32 %logits_0_01"   --->   Operation 244 'load' 'logits_0_01_load' <Predicate = true> <Delay = 0.00>
ST_7 : Operation 245 [1/1] (0.00ns)   --->   "%logits_1_02_load = load i32 %logits_1_02"   --->   Operation 245 'load' 'logits_1_02_load' <Predicate = true> <Delay = 0.00>
ST_7 : Operation 246 [1/1] (0.00ns)   --->   "%logits_2_03_load = load i32 %logits_2_03"   --->   Operation 246 'load' 'logits_2_03_load' <Predicate = true> <Delay = 0.00>
ST_7 : Operation 247 [1/1] (0.00ns)   --->   "%logits_3_04_load = load i32 %logits_3_04"   --->   Operation 247 'load' 'logits_3_04_load' <Predicate = true> <Delay = 0.00>
ST_7 : Operation 248 [1/1] (0.00ns)   --->   "%max_logit_1_loc_load = load i32 %max_logit_1_loc"   --->   Operation 248 'load' 'max_logit_1_loc_load' <Predicate = true> <Delay = 0.00>
ST_7 : Operation 249 [2/2] (6.46ns)   --->   "%call_ln0 = call void @graph_moe_Pipeline_VITIS_LOOP_93_4, i32 %logits_0_01_load, i32 %logits_1_02_load, i32 %logits_2_03_load, i32 %logits_3_04_load, i32 %max_logit_1_loc_load, i32 %gates, i32 %exp_sum_loc"   --->   Operation 249 'call' 'call_ln0' <Predicate = true> <Delay = 6.46> <CoreType = "Generic">   --->   Core 0 '' <Latency = 0> <II = 1> <Delay = 1.00> <Generic> <Opcode : >

State 8 <SV = 4> <Delay = 0.00>
ST_8 : Operation 250 [1/2] (0.00ns)   --->   "%call_ln0 = call void @graph_moe_Pipeline_VITIS_LOOP_93_4, i32 %logits_0_01_load, i32 %logits_1_02_load, i32 %logits_2_03_load, i32 %logits_3_04_load, i32 %max_logit_1_loc_load, i32 %gates, i32 %exp_sum_loc"   --->   Operation 250 'call' 'call_ln0' <Predicate = true> <Delay = 0.00> <CoreType = "Generic">   --->   Core 0 '' <Latency = 0> <II = 1> <Delay = 1.00> <Generic> <Opcode : >

State 9 <SV = 5> <Delay = 0.00>
ST_9 : Operation 251 [1/1] (0.00ns)   --->   "%exp_sum_loc_load = load i32 %exp_sum_loc"   --->   Operation 251 'load' 'exp_sum_loc_load' <Predicate = true> <Delay = 0.00>
ST_9 : Operation 252 [2/2] (0.00ns)   --->   "%call_ln0 = call void @graph_moe_Pipeline_VITIS_LOOP_102_5, i32 %gates, i32 %exp_sum_loc_load"   --->   Operation 252 'call' 'call_ln0' <Predicate = true> <Delay = 0.00> <CoreType = "Generic">   --->   Core 0 '' <Latency = 0> <II = 1> <Delay = 1.00> <Generic> <Opcode : >

State 10 <SV = 6> <Delay = 0.00>
ST_10 : Operation 253 [1/2] (0.00ns)   --->   "%call_ln0 = call void @graph_moe_Pipeline_VITIS_LOOP_102_5, i32 %gates, i32 %exp_sum_loc_load"   --->   Operation 253 'call' 'call_ln0' <Predicate = true> <Delay = 0.00> <CoreType = "Generic">   --->   Core 0 '' <Latency = 0> <II = 1> <Delay = 1.00> <Generic> <Opcode : >
ST_10 : Operation 254 [1/1] (0.00ns)   --->   "%l1_addr = getelementptr i32 %l1, i64 0, i64 0"   --->   Operation 254 'getelementptr' 'l1_addr' <Predicate = true> <Delay = 0.00>
ST_10 : Operation 255 [1/1] (0.00ns)   --->   "%l1_2_addr = getelementptr i32 %l1_2, i64 0, i64 0"   --->   Operation 255 'getelementptr' 'l1_2_addr' <Predicate = true> <Delay = 0.00>
ST_10 : Operation 256 [1/1] (0.00ns)   --->   "%l1_addr_1 = getelementptr i32 %l1, i64 0, i64 1"   --->   Operation 256 'getelementptr' 'l1_addr_1' <Predicate = true> <Delay = 0.00>
ST_10 : Operation 257 [1/1] (0.00ns)   --->   "%l1_2_addr_1 = getelementptr i32 %l1_2, i64 0, i64 1"   --->   Operation 257 'getelementptr' 'l1_2_addr_1' <Predicate = true> <Delay = 0.00>
ST_10 : Operation 258 [1/1] (0.00ns)   --->   "%l1_addr_2 = getelementptr i32 %l1, i64 0, i64 2"   --->   Operation 258 'getelementptr' 'l1_addr_2' <Predicate = true> <Delay = 0.00>
ST_10 : Operation 259 [1/1] (0.00ns)   --->   "%l1_2_addr_2 = getelementptr i32 %l1_2, i64 0, i64 2"   --->   Operation 259 'getelementptr' 'l1_2_addr_2' <Predicate = true> <Delay = 0.00>
ST_10 : Operation 260 [1/1] (0.00ns)   --->   "%l1_addr_3 = getelementptr i32 %l1, i64 0, i64 3"   --->   Operation 260 'getelementptr' 'l1_addr_3' <Predicate = true> <Delay = 0.00>
ST_10 : Operation 261 [1/1] (0.00ns)   --->   "%l1_2_addr_3 = getelementptr i32 %l1_2, i64 0, i64 3"   --->   Operation 261 'getelementptr' 'l1_2_addr_3' <Predicate = true> <Delay = 0.00>
ST_10 : Operation 262 [1/1] (0.00ns)   --->   "%l1_addr_4 = getelementptr i32 %l1, i64 0, i64 4"   --->   Operation 262 'getelementptr' 'l1_addr_4' <Predicate = true> <Delay = 0.00>
ST_10 : Operation 263 [1/1] (0.00ns)   --->   "%l1_2_addr_4 = getelementptr i32 %l1_2, i64 0, i64 4"   --->   Operation 263 'getelementptr' 'l1_2_addr_4' <Predicate = true> <Delay = 0.00>
ST_10 : Operation 264 [1/1] (0.00ns)   --->   "%l1_addr_5 = getelementptr i32 %l1, i64 0, i64 5"   --->   Operation 264 'getelementptr' 'l1_addr_5' <Predicate = true> <Delay = 0.00>
ST_10 : Operation 265 [1/1] (0.00ns)   --->   "%l1_2_addr_5 = getelementptr i32 %l1_2, i64 0, i64 5"   --->   Operation 265 'getelementptr' 'l1_2_addr_5' <Predicate = true> <Delay = 0.00>
ST_10 : Operation 266 [1/1] (0.00ns)   --->   "%l1_addr_6 = getelementptr i32 %l1, i64 0, i64 6"   --->   Operation 266 'getelementptr' 'l1_addr_6' <Predicate = true> <Delay = 0.00>
ST_10 : Operation 267 [1/1] (0.00ns)   --->   "%l1_2_addr_6 = getelementptr i32 %l1_2, i64 0, i64 6"   --->   Operation 267 'getelementptr' 'l1_2_addr_6' <Predicate = true> <Delay = 0.00>
ST_10 : Operation 268 [1/1] (0.00ns)   --->   "%l1_addr_7 = getelementptr i32 %l1, i64 0, i64 7"   --->   Operation 268 'getelementptr' 'l1_addr_7' <Predicate = true> <Delay = 0.00>
ST_10 : Operation 269 [1/1] (0.00ns)   --->   "%l1_2_addr_7 = getelementptr i32 %l1_2, i64 0, i64 7"   --->   Operation 269 'getelementptr' 'l1_2_addr_7' <Predicate = true> <Delay = 0.00>
ST_10 : Operation 270 [1/1] (0.00ns)   --->   "%l1_addr_8 = getelementptr i32 %l1, i64 0, i64 8"   --->   Operation 270 'getelementptr' 'l1_addr_8' <Predicate = true> <Delay = 0.00>
ST_10 : Operation 271 [1/1] (0.00ns)   --->   "%l1_2_addr_8 = getelementptr i32 %l1_2, i64 0, i64 8"   --->   Operation 271 'getelementptr' 'l1_2_addr_8' <Predicate = true> <Delay = 0.00>
ST_10 : Operation 272 [1/1] (0.00ns)   --->   "%l1_addr_9 = getelementptr i32 %l1, i64 0, i64 9"   --->   Operation 272 'getelementptr' 'l1_addr_9' <Predicate = true> <Delay = 0.00>
ST_10 : Operation 273 [1/1] (0.00ns)   --->   "%l1_2_addr_9 = getelementptr i32 %l1_2, i64 0, i64 9"   --->   Operation 273 'getelementptr' 'l1_2_addr_9' <Predicate = true> <Delay = 0.00>
ST_10 : Operation 274 [1/1] (0.00ns)   --->   "%l1_addr_10 = getelementptr i32 %l1, i64 0, i64 10"   --->   Operation 274 'getelementptr' 'l1_addr_10' <Predicate = true> <Delay = 0.00>
ST_10 : Operation 275 [1/1] (0.00ns)   --->   "%l1_2_addr_10 = getelementptr i32 %l1_2, i64 0, i64 10"   --->   Operation 275 'getelementptr' 'l1_2_addr_10' <Predicate = true> <Delay = 0.00>
ST_10 : Operation 276 [1/1] (0.00ns)   --->   "%l1_addr_11 = getelementptr i32 %l1, i64 0, i64 11"   --->   Operation 276 'getelementptr' 'l1_addr_11' <Predicate = true> <Delay = 0.00>
ST_10 : Operation 277 [1/1] (0.00ns)   --->   "%l1_2_addr_11 = getelementptr i32 %l1_2, i64 0, i64 11"   --->   Operation 277 'getelementptr' 'l1_2_addr_11' <Predicate = true> <Delay = 0.00>
ST_10 : Operation 278 [1/1] (0.00ns)   --->   "%l1_addr_12 = getelementptr i32 %l1, i64 0, i64 12"   --->   Operation 278 'getelementptr' 'l1_addr_12' <Predicate = true> <Delay = 0.00>
ST_10 : Operation 279 [1/1] (0.00ns)   --->   "%l1_2_addr_12 = getelementptr i32 %l1_2, i64 0, i64 12"   --->   Operation 279 'getelementptr' 'l1_2_addr_12' <Predicate = true> <Delay = 0.00>
ST_10 : Operation 280 [1/1] (0.00ns)   --->   "%l1_addr_13 = getelementptr i32 %l1, i64 0, i64 13"   --->   Operation 280 'getelementptr' 'l1_addr_13' <Predicate = true> <Delay = 0.00>
ST_10 : Operation 281 [1/1] (0.00ns)   --->   "%l1_2_addr_13 = getelementptr i32 %l1_2, i64 0, i64 13"   --->   Operation 281 'getelementptr' 'l1_2_addr_13' <Predicate = true> <Delay = 0.00>
ST_10 : Operation 282 [1/1] (0.00ns)   --->   "%l1_addr_14 = getelementptr i32 %l1, i64 0, i64 14"   --->   Operation 282 'getelementptr' 'l1_addr_14' <Predicate = true> <Delay = 0.00>
ST_10 : Operation 283 [1/1] (0.00ns)   --->   "%l1_2_addr_14 = getelementptr i32 %l1_2, i64 0, i64 14"   --->   Operation 283 'getelementptr' 'l1_2_addr_14' <Predicate = true> <Delay = 0.00>
ST_10 : Operation 284 [1/1] (0.00ns)   --->   "%l1_addr_15 = getelementptr i32 %l1, i64 0, i64 15"   --->   Operation 284 'getelementptr' 'l1_addr_15' <Predicate = true> <Delay = 0.00>
ST_10 : Operation 285 [1/1] (0.00ns)   --->   "%l1_2_addr_15 = getelementptr i32 %l1_2, i64 0, i64 15"   --->   Operation 285 'getelementptr' 'l1_2_addr_15' <Predicate = true> <Delay = 0.00>
ST_10 : Operation 286 [1/1] (0.00ns)   --->   "%l1_addr_16 = getelementptr i32 %l1, i64 0, i64 16"   --->   Operation 286 'getelementptr' 'l1_addr_16' <Predicate = true> <Delay = 0.00>
ST_10 : Operation 287 [1/1] (0.00ns)   --->   "%l1_2_addr_16 = getelementptr i32 %l1_2, i64 0, i64 16"   --->   Operation 287 'getelementptr' 'l1_2_addr_16' <Predicate = true> <Delay = 0.00>
ST_10 : Operation 288 [1/1] (0.00ns)   --->   "%l1_addr_17 = getelementptr i32 %l1, i64 0, i64 17"   --->   Operation 288 'getelementptr' 'l1_addr_17' <Predicate = true> <Delay = 0.00>
ST_10 : Operation 289 [1/1] (0.00ns)   --->   "%l1_2_addr_17 = getelementptr i32 %l1_2, i64 0, i64 17"   --->   Operation 289 'getelementptr' 'l1_2_addr_17' <Predicate = true> <Delay = 0.00>
ST_10 : Operation 290 [1/1] (0.00ns)   --->   "%l1_addr_18 = getelementptr i32 %l1, i64 0, i64 18"   --->   Operation 290 'getelementptr' 'l1_addr_18' <Predicate = true> <Delay = 0.00>
ST_10 : Operation 291 [1/1] (0.00ns)   --->   "%l1_2_addr_18 = getelementptr i32 %l1_2, i64 0, i64 18"   --->   Operation 291 'getelementptr' 'l1_2_addr_18' <Predicate = true> <Delay = 0.00>
ST_10 : Operation 292 [1/1] (0.00ns)   --->   "%l1_addr_19 = getelementptr i32 %l1, i64 0, i64 19"   --->   Operation 292 'getelementptr' 'l1_addr_19' <Predicate = true> <Delay = 0.00>
ST_10 : Operation 293 [1/1] (0.00ns)   --->   "%l1_2_addr_19 = getelementptr i32 %l1_2, i64 0, i64 19"   --->   Operation 293 'getelementptr' 'l1_2_addr_19' <Predicate = true> <Delay = 0.00>
ST_10 : Operation 294 [1/1] (0.00ns)   --->   "%l1_addr_20 = getelementptr i32 %l1, i64 0, i64 20"   --->   Operation 294 'getelementptr' 'l1_addr_20' <Predicate = true> <Delay = 0.00>
ST_10 : Operation 295 [1/1] (0.00ns)   --->   "%l1_2_addr_20 = getelementptr i32 %l1_2, i64 0, i64 20"   --->   Operation 295 'getelementptr' 'l1_2_addr_20' <Predicate = true> <Delay = 0.00>
ST_10 : Operation 296 [1/1] (0.00ns)   --->   "%l1_addr_21 = getelementptr i32 %l1, i64 0, i64 21"   --->   Operation 296 'getelementptr' 'l1_addr_21' <Predicate = true> <Delay = 0.00>
ST_10 : Operation 297 [1/1] (0.00ns)   --->   "%l1_2_addr_21 = getelementptr i32 %l1_2, i64 0, i64 21"   --->   Operation 297 'getelementptr' 'l1_2_addr_21' <Predicate = true> <Delay = 0.00>
ST_10 : Operation 298 [1/1] (0.00ns)   --->   "%l1_addr_22 = getelementptr i32 %l1, i64 0, i64 22"   --->   Operation 298 'getelementptr' 'l1_addr_22' <Predicate = true> <Delay = 0.00>
ST_10 : Operation 299 [1/1] (0.00ns)   --->   "%l1_2_addr_22 = getelementptr i32 %l1_2, i64 0, i64 22"   --->   Operation 299 'getelementptr' 'l1_2_addr_22' <Predicate = true> <Delay = 0.00>
ST_10 : Operation 300 [1/1] (0.00ns)   --->   "%l1_addr_23 = getelementptr i32 %l1, i64 0, i64 23"   --->   Operation 300 'getelementptr' 'l1_addr_23' <Predicate = true> <Delay = 0.00>
ST_10 : Operation 301 [1/1] (0.00ns)   --->   "%l1_2_addr_23 = getelementptr i32 %l1_2, i64 0, i64 23"   --->   Operation 301 'getelementptr' 'l1_2_addr_23' <Predicate = true> <Delay = 0.00>
ST_10 : Operation 302 [1/1] (0.00ns)   --->   "%l1_addr_24 = getelementptr i32 %l1, i64 0, i64 24"   --->   Operation 302 'getelementptr' 'l1_addr_24' <Predicate = true> <Delay = 0.00>
ST_10 : Operation 303 [1/1] (0.00ns)   --->   "%l1_2_addr_24 = getelementptr i32 %l1_2, i64 0, i64 24"   --->   Operation 303 'getelementptr' 'l1_2_addr_24' <Predicate = true> <Delay = 0.00>
ST_10 : Operation 304 [1/1] (0.00ns)   --->   "%l1_addr_25 = getelementptr i32 %l1, i64 0, i64 25"   --->   Operation 304 'getelementptr' 'l1_addr_25' <Predicate = true> <Delay = 0.00>
ST_10 : Operation 305 [1/1] (0.00ns)   --->   "%l1_2_addr_25 = getelementptr i32 %l1_2, i64 0, i64 25"   --->   Operation 305 'getelementptr' 'l1_2_addr_25' <Predicate = true> <Delay = 0.00>
ST_10 : Operation 306 [1/1] (0.00ns)   --->   "%l1_addr_26 = getelementptr i32 %l1, i64 0, i64 26"   --->   Operation 306 'getelementptr' 'l1_addr_26' <Predicate = true> <Delay = 0.00>
ST_10 : Operation 307 [1/1] (0.00ns)   --->   "%l1_2_addr_26 = getelementptr i32 %l1_2, i64 0, i64 26"   --->   Operation 307 'getelementptr' 'l1_2_addr_26' <Predicate = true> <Delay = 0.00>
ST_10 : Operation 308 [1/1] (0.00ns)   --->   "%l1_addr_27 = getelementptr i32 %l1, i64 0, i64 27"   --->   Operation 308 'getelementptr' 'l1_addr_27' <Predicate = true> <Delay = 0.00>
ST_10 : Operation 309 [1/1] (0.00ns)   --->   "%l1_2_addr_27 = getelementptr i32 %l1_2, i64 0, i64 27"   --->   Operation 309 'getelementptr' 'l1_2_addr_27' <Predicate = true> <Delay = 0.00>
ST_10 : Operation 310 [1/1] (0.00ns)   --->   "%l1_addr_28 = getelementptr i32 %l1, i64 0, i64 28"   --->   Operation 310 'getelementptr' 'l1_addr_28' <Predicate = true> <Delay = 0.00>
ST_10 : Operation 311 [1/1] (0.00ns)   --->   "%l1_2_addr_28 = getelementptr i32 %l1_2, i64 0, i64 28"   --->   Operation 311 'getelementptr' 'l1_2_addr_28' <Predicate = true> <Delay = 0.00>
ST_10 : Operation 312 [1/1] (0.00ns)   --->   "%l1_addr_29 = getelementptr i32 %l1, i64 0, i64 29"   --->   Operation 312 'getelementptr' 'l1_addr_29' <Predicate = true> <Delay = 0.00>
ST_10 : Operation 313 [1/1] (0.00ns)   --->   "%l1_2_addr_29 = getelementptr i32 %l1_2, i64 0, i64 29"   --->   Operation 313 'getelementptr' 'l1_2_addr_29' <Predicate = true> <Delay = 0.00>
ST_10 : Operation 314 [1/1] (0.00ns)   --->   "%l1_addr_30 = getelementptr i32 %l1, i64 0, i64 30"   --->   Operation 314 'getelementptr' 'l1_addr_30' <Predicate = true> <Delay = 0.00>
ST_10 : Operation 315 [1/1] (0.00ns)   --->   "%l1_2_addr_30 = getelementptr i32 %l1_2, i64 0, i64 30"   --->   Operation 315 'getelementptr' 'l1_2_addr_30' <Predicate = true> <Delay = 0.00>
ST_10 : Operation 316 [1/1] (0.00ns)   --->   "%l1_addr_31 = getelementptr i32 %l1, i64 0, i64 31"   --->   Operation 316 'getelementptr' 'l1_addr_31' <Predicate = true> <Delay = 0.00>
ST_10 : Operation 317 [1/1] (0.00ns)   --->   "%l1_2_addr_31 = getelementptr i32 %l1_2, i64 0, i64 31"   --->   Operation 317 'getelementptr' 'l1_2_addr_31' <Predicate = true> <Delay = 0.00>
ST_10 : Operation 318 [1/1] (0.00ns)   --->   "%l2_addr = getelementptr i32 %l2, i64 0, i64 0"   --->   Operation 318 'getelementptr' 'l2_addr' <Predicate = true> <Delay = 0.00>
ST_10 : Operation 319 [1/1] (0.00ns)   --->   "%l2_2_addr = getelementptr i32 %l2_2, i64 0, i64 0"   --->   Operation 319 'getelementptr' 'l2_2_addr' <Predicate = true> <Delay = 0.00>
ST_10 : Operation 320 [1/1] (0.00ns)   --->   "%l2_addr_1 = getelementptr i32 %l2, i64 0, i64 1"   --->   Operation 320 'getelementptr' 'l2_addr_1' <Predicate = true> <Delay = 0.00>
ST_10 : Operation 321 [1/1] (0.00ns)   --->   "%l2_2_addr_1 = getelementptr i32 %l2_2, i64 0, i64 1"   --->   Operation 321 'getelementptr' 'l2_2_addr_1' <Predicate = true> <Delay = 0.00>
ST_10 : Operation 322 [1/1] (0.00ns)   --->   "%l2_addr_2 = getelementptr i32 %l2, i64 0, i64 2"   --->   Operation 322 'getelementptr' 'l2_addr_2' <Predicate = true> <Delay = 0.00>
ST_10 : Operation 323 [1/1] (0.00ns)   --->   "%l2_2_addr_2 = getelementptr i32 %l2_2, i64 0, i64 2"   --->   Operation 323 'getelementptr' 'l2_2_addr_2' <Predicate = true> <Delay = 0.00>
ST_10 : Operation 324 [1/1] (0.00ns)   --->   "%l2_addr_3 = getelementptr i32 %l2, i64 0, i64 3"   --->   Operation 324 'getelementptr' 'l2_addr_3' <Predicate = true> <Delay = 0.00>
ST_10 : Operation 325 [1/1] (0.00ns)   --->   "%l2_2_addr_3 = getelementptr i32 %l2_2, i64 0, i64 3"   --->   Operation 325 'getelementptr' 'l2_2_addr_3' <Predicate = true> <Delay = 0.00>
ST_10 : Operation 326 [1/1] (0.00ns)   --->   "%l2_addr_4 = getelementptr i32 %l2, i64 0, i64 4"   --->   Operation 326 'getelementptr' 'l2_addr_4' <Predicate = true> <Delay = 0.00>
ST_10 : Operation 327 [1/1] (0.00ns)   --->   "%l2_2_addr_4 = getelementptr i32 %l2_2, i64 0, i64 4"   --->   Operation 327 'getelementptr' 'l2_2_addr_4' <Predicate = true> <Delay = 0.00>
ST_10 : Operation 328 [1/1] (0.00ns)   --->   "%l2_addr_5 = getelementptr i32 %l2, i64 0, i64 5"   --->   Operation 328 'getelementptr' 'l2_addr_5' <Predicate = true> <Delay = 0.00>
ST_10 : Operation 329 [1/1] (0.00ns)   --->   "%l2_2_addr_5 = getelementptr i32 %l2_2, i64 0, i64 5"   --->   Operation 329 'getelementptr' 'l2_2_addr_5' <Predicate = true> <Delay = 0.00>
ST_10 : Operation 330 [1/1] (0.00ns)   --->   "%l2_addr_6 = getelementptr i32 %l2, i64 0, i64 6"   --->   Operation 330 'getelementptr' 'l2_addr_6' <Predicate = true> <Delay = 0.00>
ST_10 : Operation 331 [1/1] (0.00ns)   --->   "%l2_2_addr_6 = getelementptr i32 %l2_2, i64 0, i64 6"   --->   Operation 331 'getelementptr' 'l2_2_addr_6' <Predicate = true> <Delay = 0.00>
ST_10 : Operation 332 [1/1] (0.00ns)   --->   "%l2_addr_7 = getelementptr i32 %l2, i64 0, i64 7"   --->   Operation 332 'getelementptr' 'l2_addr_7' <Predicate = true> <Delay = 0.00>
ST_10 : Operation 333 [1/1] (0.00ns)   --->   "%l2_2_addr_7 = getelementptr i32 %l2_2, i64 0, i64 7"   --->   Operation 333 'getelementptr' 'l2_2_addr_7' <Predicate = true> <Delay = 0.00>
ST_10 : Operation 334 [1/1] (0.00ns)   --->   "%l2_addr_8 = getelementptr i32 %l2, i64 0, i64 8"   --->   Operation 334 'getelementptr' 'l2_addr_8' <Predicate = true> <Delay = 0.00>
ST_10 : Operation 335 [1/1] (0.00ns)   --->   "%l2_2_addr_8 = getelementptr i32 %l2_2, i64 0, i64 8"   --->   Operation 335 'getelementptr' 'l2_2_addr_8' <Predicate = true> <Delay = 0.00>
ST_10 : Operation 336 [1/1] (0.00ns)   --->   "%l2_addr_9 = getelementptr i32 %l2, i64 0, i64 9"   --->   Operation 336 'getelementptr' 'l2_addr_9' <Predicate = true> <Delay = 0.00>
ST_10 : Operation 337 [1/1] (0.00ns)   --->   "%l2_2_addr_9 = getelementptr i32 %l2_2, i64 0, i64 9"   --->   Operation 337 'getelementptr' 'l2_2_addr_9' <Predicate = true> <Delay = 0.00>
ST_10 : Operation 338 [1/1] (0.00ns)   --->   "%l2_addr_10 = getelementptr i32 %l2, i64 0, i64 10"   --->   Operation 338 'getelementptr' 'l2_addr_10' <Predicate = true> <Delay = 0.00>
ST_10 : Operation 339 [1/1] (0.00ns)   --->   "%l2_2_addr_10 = getelementptr i32 %l2_2, i64 0, i64 10"   --->   Operation 339 'getelementptr' 'l2_2_addr_10' <Predicate = true> <Delay = 0.00>
ST_10 : Operation 340 [1/1] (0.00ns)   --->   "%l2_addr_11 = getelementptr i32 %l2, i64 0, i64 11"   --->   Operation 340 'getelementptr' 'l2_addr_11' <Predicate = true> <Delay = 0.00>
ST_10 : Operation 341 [1/1] (0.00ns)   --->   "%l2_2_addr_11 = getelementptr i32 %l2_2, i64 0, i64 11"   --->   Operation 341 'getelementptr' 'l2_2_addr_11' <Predicate = true> <Delay = 0.00>
ST_10 : Operation 342 [1/1] (0.00ns)   --->   "%l2_addr_12 = getelementptr i32 %l2, i64 0, i64 12"   --->   Operation 342 'getelementptr' 'l2_addr_12' <Predicate = true> <Delay = 0.00>
ST_10 : Operation 343 [1/1] (0.00ns)   --->   "%l2_2_addr_12 = getelementptr i32 %l2_2, i64 0, i64 12"   --->   Operation 343 'getelementptr' 'l2_2_addr_12' <Predicate = true> <Delay = 0.00>
ST_10 : Operation 344 [1/1] (0.00ns)   --->   "%l2_addr_13 = getelementptr i32 %l2, i64 0, i64 13"   --->   Operation 344 'getelementptr' 'l2_addr_13' <Predicate = true> <Delay = 0.00>
ST_10 : Operation 345 [1/1] (0.00ns)   --->   "%l2_2_addr_13 = getelementptr i32 %l2_2, i64 0, i64 13"   --->   Operation 345 'getelementptr' 'l2_2_addr_13' <Predicate = true> <Delay = 0.00>
ST_10 : Operation 346 [1/1] (0.00ns)   --->   "%l2_addr_14 = getelementptr i32 %l2, i64 0, i64 14"   --->   Operation 346 'getelementptr' 'l2_addr_14' <Predicate = true> <Delay = 0.00>
ST_10 : Operation 347 [1/1] (0.00ns)   --->   "%l2_2_addr_14 = getelementptr i32 %l2_2, i64 0, i64 14"   --->   Operation 347 'getelementptr' 'l2_2_addr_14' <Predicate = true> <Delay = 0.00>
ST_10 : Operation 348 [1/1] (0.00ns)   --->   "%l2_addr_15 = getelementptr i32 %l2, i64 0, i64 15"   --->   Operation 348 'getelementptr' 'l2_addr_15' <Predicate = true> <Delay = 0.00>
ST_10 : Operation 349 [1/1] (0.00ns)   --->   "%l2_2_addr_15 = getelementptr i32 %l2_2, i64 0, i64 15"   --->   Operation 349 'getelementptr' 'l2_2_addr_15' <Predicate = true> <Delay = 0.00>
ST_10 : Operation 350 [1/1] (0.00ns)   --->   "%l1_1_addr = getelementptr i32 %l1_1, i64 0, i64 0"   --->   Operation 350 'getelementptr' 'l1_1_addr' <Predicate = true> <Delay = 0.00>
ST_10 : Operation 351 [1/1] (0.00ns)   --->   "%l1_3_addr = getelementptr i32 %l1_3, i64 0, i64 0"   --->   Operation 351 'getelementptr' 'l1_3_addr' <Predicate = true> <Delay = 0.00>
ST_10 : Operation 352 [1/1] (0.00ns)   --->   "%l1_1_addr_1 = getelementptr i32 %l1_1, i64 0, i64 1"   --->   Operation 352 'getelementptr' 'l1_1_addr_1' <Predicate = true> <Delay = 0.00>
ST_10 : Operation 353 [1/1] (0.00ns)   --->   "%l1_3_addr_1 = getelementptr i32 %l1_3, i64 0, i64 1"   --->   Operation 353 'getelementptr' 'l1_3_addr_1' <Predicate = true> <Delay = 0.00>
ST_10 : Operation 354 [1/1] (0.00ns)   --->   "%l1_1_addr_2 = getelementptr i32 %l1_1, i64 0, i64 2"   --->   Operation 354 'getelementptr' 'l1_1_addr_2' <Predicate = true> <Delay = 0.00>
ST_10 : Operation 355 [1/1] (0.00ns)   --->   "%l1_3_addr_2 = getelementptr i32 %l1_3, i64 0, i64 2"   --->   Operation 355 'getelementptr' 'l1_3_addr_2' <Predicate = true> <Delay = 0.00>
ST_10 : Operation 356 [1/1] (0.00ns)   --->   "%l1_1_addr_3 = getelementptr i32 %l1_1, i64 0, i64 3"   --->   Operation 356 'getelementptr' 'l1_1_addr_3' <Predicate = true> <Delay = 0.00>
ST_10 : Operation 357 [1/1] (0.00ns)   --->   "%l1_3_addr_3 = getelementptr i32 %l1_3, i64 0, i64 3"   --->   Operation 357 'getelementptr' 'l1_3_addr_3' <Predicate = true> <Delay = 0.00>
ST_10 : Operation 358 [1/1] (0.00ns)   --->   "%l1_1_addr_4 = getelementptr i32 %l1_1, i64 0, i64 4"   --->   Operation 358 'getelementptr' 'l1_1_addr_4' <Predicate = true> <Delay = 0.00>
ST_10 : Operation 359 [1/1] (0.00ns)   --->   "%l1_3_addr_4 = getelementptr i32 %l1_3, i64 0, i64 4"   --->   Operation 359 'getelementptr' 'l1_3_addr_4' <Predicate = true> <Delay = 0.00>
ST_10 : Operation 360 [1/1] (0.00ns)   --->   "%l1_1_addr_5 = getelementptr i32 %l1_1, i64 0, i64 5"   --->   Operation 360 'getelementptr' 'l1_1_addr_5' <Predicate = true> <Delay = 0.00>
ST_10 : Operation 361 [1/1] (0.00ns)   --->   "%l1_3_addr_5 = getelementptr i32 %l1_3, i64 0, i64 5"   --->   Operation 361 'getelementptr' 'l1_3_addr_5' <Predicate = true> <Delay = 0.00>
ST_10 : Operation 362 [1/1] (0.00ns)   --->   "%l1_1_addr_6 = getelementptr i32 %l1_1, i64 0, i64 6"   --->   Operation 362 'getelementptr' 'l1_1_addr_6' <Predicate = true> <Delay = 0.00>
ST_10 : Operation 363 [1/1] (0.00ns)   --->   "%l1_3_addr_6 = getelementptr i32 %l1_3, i64 0, i64 6"   --->   Operation 363 'getelementptr' 'l1_3_addr_6' <Predicate = true> <Delay = 0.00>
ST_10 : Operation 364 [1/1] (0.00ns)   --->   "%l1_1_addr_7 = getelementptr i32 %l1_1, i64 0, i64 7"   --->   Operation 364 'getelementptr' 'l1_1_addr_7' <Predicate = true> <Delay = 0.00>
ST_10 : Operation 365 [1/1] (0.00ns)   --->   "%l1_3_addr_7 = getelementptr i32 %l1_3, i64 0, i64 7"   --->   Operation 365 'getelementptr' 'l1_3_addr_7' <Predicate = true> <Delay = 0.00>
ST_10 : Operation 366 [1/1] (0.00ns)   --->   "%l1_1_addr_8 = getelementptr i32 %l1_1, i64 0, i64 8"   --->   Operation 366 'getelementptr' 'l1_1_addr_8' <Predicate = true> <Delay = 0.00>
ST_10 : Operation 367 [1/1] (0.00ns)   --->   "%l1_3_addr_8 = getelementptr i32 %l1_3, i64 0, i64 8"   --->   Operation 367 'getelementptr' 'l1_3_addr_8' <Predicate = true> <Delay = 0.00>
ST_10 : Operation 368 [1/1] (0.00ns)   --->   "%l1_1_addr_9 = getelementptr i32 %l1_1, i64 0, i64 9"   --->   Operation 368 'getelementptr' 'l1_1_addr_9' <Predicate = true> <Delay = 0.00>
ST_10 : Operation 369 [1/1] (0.00ns)   --->   "%l1_3_addr_9 = getelementptr i32 %l1_3, i64 0, i64 9"   --->   Operation 369 'getelementptr' 'l1_3_addr_9' <Predicate = true> <Delay = 0.00>
ST_10 : Operation 370 [1/1] (0.00ns)   --->   "%l1_1_addr_10 = getelementptr i32 %l1_1, i64 0, i64 10"   --->   Operation 370 'getelementptr' 'l1_1_addr_10' <Predicate = true> <Delay = 0.00>
ST_10 : Operation 371 [1/1] (0.00ns)   --->   "%l1_3_addr_10 = getelementptr i32 %l1_3, i64 0, i64 10"   --->   Operation 371 'getelementptr' 'l1_3_addr_10' <Predicate = true> <Delay = 0.00>
ST_10 : Operation 372 [1/1] (0.00ns)   --->   "%l1_1_addr_11 = getelementptr i32 %l1_1, i64 0, i64 11"   --->   Operation 372 'getelementptr' 'l1_1_addr_11' <Predicate = true> <Delay = 0.00>
ST_10 : Operation 373 [1/1] (0.00ns)   --->   "%l1_3_addr_11 = getelementptr i32 %l1_3, i64 0, i64 11"   --->   Operation 373 'getelementptr' 'l1_3_addr_11' <Predicate = true> <Delay = 0.00>
ST_10 : Operation 374 [1/1] (0.00ns)   --->   "%l1_1_addr_12 = getelementptr i32 %l1_1, i64 0, i64 12"   --->   Operation 374 'getelementptr' 'l1_1_addr_12' <Predicate = true> <Delay = 0.00>
ST_10 : Operation 375 [1/1] (0.00ns)   --->   "%l1_3_addr_12 = getelementptr i32 %l1_3, i64 0, i64 12"   --->   Operation 375 'getelementptr' 'l1_3_addr_12' <Predicate = true> <Delay = 0.00>
ST_10 : Operation 376 [1/1] (0.00ns)   --->   "%l1_1_addr_13 = getelementptr i32 %l1_1, i64 0, i64 13"   --->   Operation 376 'getelementptr' 'l1_1_addr_13' <Predicate = true> <Delay = 0.00>
ST_10 : Operation 377 [1/1] (0.00ns)   --->   "%l1_3_addr_13 = getelementptr i32 %l1_3, i64 0, i64 13"   --->   Operation 377 'getelementptr' 'l1_3_addr_13' <Predicate = true> <Delay = 0.00>
ST_10 : Operation 378 [1/1] (0.00ns)   --->   "%l1_1_addr_14 = getelementptr i32 %l1_1, i64 0, i64 14"   --->   Operation 378 'getelementptr' 'l1_1_addr_14' <Predicate = true> <Delay = 0.00>
ST_10 : Operation 379 [1/1] (0.00ns)   --->   "%l1_3_addr_14 = getelementptr i32 %l1_3, i64 0, i64 14"   --->   Operation 379 'getelementptr' 'l1_3_addr_14' <Predicate = true> <Delay = 0.00>
ST_10 : Operation 380 [1/1] (0.00ns)   --->   "%l1_1_addr_15 = getelementptr i32 %l1_1, i64 0, i64 15"   --->   Operation 380 'getelementptr' 'l1_1_addr_15' <Predicate = true> <Delay = 0.00>
ST_10 : Operation 381 [1/1] (0.00ns)   --->   "%l1_3_addr_15 = getelementptr i32 %l1_3, i64 0, i64 15"   --->   Operation 381 'getelementptr' 'l1_3_addr_15' <Predicate = true> <Delay = 0.00>
ST_10 : Operation 382 [1/1] (0.00ns)   --->   "%l1_1_addr_16 = getelementptr i32 %l1_1, i64 0, i64 16"   --->   Operation 382 'getelementptr' 'l1_1_addr_16' <Predicate = true> <Delay = 0.00>
ST_10 : Operation 383 [1/1] (0.00ns)   --->   "%l1_3_addr_16 = getelementptr i32 %l1_3, i64 0, i64 16"   --->   Operation 383 'getelementptr' 'l1_3_addr_16' <Predicate = true> <Delay = 0.00>
ST_10 : Operation 384 [1/1] (0.00ns)   --->   "%l1_1_addr_17 = getelementptr i32 %l1_1, i64 0, i64 17"   --->   Operation 384 'getelementptr' 'l1_1_addr_17' <Predicate = true> <Delay = 0.00>
ST_10 : Operation 385 [1/1] (0.00ns)   --->   "%l1_3_addr_17 = getelementptr i32 %l1_3, i64 0, i64 17"   --->   Operation 385 'getelementptr' 'l1_3_addr_17' <Predicate = true> <Delay = 0.00>
ST_10 : Operation 386 [1/1] (0.00ns)   --->   "%l1_1_addr_18 = getelementptr i32 %l1_1, i64 0, i64 18"   --->   Operation 386 'getelementptr' 'l1_1_addr_18' <Predicate = true> <Delay = 0.00>
ST_10 : Operation 387 [1/1] (0.00ns)   --->   "%l1_3_addr_18 = getelementptr i32 %l1_3, i64 0, i64 18"   --->   Operation 387 'getelementptr' 'l1_3_addr_18' <Predicate = true> <Delay = 0.00>
ST_10 : Operation 388 [1/1] (0.00ns)   --->   "%l1_1_addr_19 = getelementptr i32 %l1_1, i64 0, i64 19"   --->   Operation 388 'getelementptr' 'l1_1_addr_19' <Predicate = true> <Delay = 0.00>
ST_10 : Operation 389 [1/1] (0.00ns)   --->   "%l1_3_addr_19 = getelementptr i32 %l1_3, i64 0, i64 19"   --->   Operation 389 'getelementptr' 'l1_3_addr_19' <Predicate = true> <Delay = 0.00>
ST_10 : Operation 390 [1/1] (0.00ns)   --->   "%l1_1_addr_20 = getelementptr i32 %l1_1, i64 0, i64 20"   --->   Operation 390 'getelementptr' 'l1_1_addr_20' <Predicate = true> <Delay = 0.00>
ST_10 : Operation 391 [1/1] (0.00ns)   --->   "%l1_3_addr_20 = getelementptr i32 %l1_3, i64 0, i64 20"   --->   Operation 391 'getelementptr' 'l1_3_addr_20' <Predicate = true> <Delay = 0.00>
ST_10 : Operation 392 [1/1] (0.00ns)   --->   "%l1_1_addr_21 = getelementptr i32 %l1_1, i64 0, i64 21"   --->   Operation 392 'getelementptr' 'l1_1_addr_21' <Predicate = true> <Delay = 0.00>
ST_10 : Operation 393 [1/1] (0.00ns)   --->   "%l1_3_addr_21 = getelementptr i32 %l1_3, i64 0, i64 21"   --->   Operation 393 'getelementptr' 'l1_3_addr_21' <Predicate = true> <Delay = 0.00>
ST_10 : Operation 394 [1/1] (0.00ns)   --->   "%l1_1_addr_22 = getelementptr i32 %l1_1, i64 0, i64 22"   --->   Operation 394 'getelementptr' 'l1_1_addr_22' <Predicate = true> <Delay = 0.00>
ST_10 : Operation 395 [1/1] (0.00ns)   --->   "%l1_3_addr_22 = getelementptr i32 %l1_3, i64 0, i64 22"   --->   Operation 395 'getelementptr' 'l1_3_addr_22' <Predicate = true> <Delay = 0.00>
ST_10 : Operation 396 [1/1] (0.00ns)   --->   "%l1_1_addr_23 = getelementptr i32 %l1_1, i64 0, i64 23"   --->   Operation 396 'getelementptr' 'l1_1_addr_23' <Predicate = true> <Delay = 0.00>
ST_10 : Operation 397 [1/1] (0.00ns)   --->   "%l1_3_addr_23 = getelementptr i32 %l1_3, i64 0, i64 23"   --->   Operation 397 'getelementptr' 'l1_3_addr_23' <Predicate = true> <Delay = 0.00>
ST_10 : Operation 398 [1/1] (0.00ns)   --->   "%l1_1_addr_24 = getelementptr i32 %l1_1, i64 0, i64 24"   --->   Operation 398 'getelementptr' 'l1_1_addr_24' <Predicate = true> <Delay = 0.00>
ST_10 : Operation 399 [1/1] (0.00ns)   --->   "%l1_3_addr_24 = getelementptr i32 %l1_3, i64 0, i64 24"   --->   Operation 399 'getelementptr' 'l1_3_addr_24' <Predicate = true> <Delay = 0.00>
ST_10 : Operation 400 [1/1] (0.00ns)   --->   "%l1_1_addr_25 = getelementptr i32 %l1_1, i64 0, i64 25"   --->   Operation 400 'getelementptr' 'l1_1_addr_25' <Predicate = true> <Delay = 0.00>
ST_10 : Operation 401 [1/1] (0.00ns)   --->   "%l1_3_addr_25 = getelementptr i32 %l1_3, i64 0, i64 25"   --->   Operation 401 'getelementptr' 'l1_3_addr_25' <Predicate = true> <Delay = 0.00>
ST_10 : Operation 402 [1/1] (0.00ns)   --->   "%l1_1_addr_26 = getelementptr i32 %l1_1, i64 0, i64 26"   --->   Operation 402 'getelementptr' 'l1_1_addr_26' <Predicate = true> <Delay = 0.00>
ST_10 : Operation 403 [1/1] (0.00ns)   --->   "%l1_3_addr_26 = getelementptr i32 %l1_3, i64 0, i64 26"   --->   Operation 403 'getelementptr' 'l1_3_addr_26' <Predicate = true> <Delay = 0.00>
ST_10 : Operation 404 [1/1] (0.00ns)   --->   "%l1_1_addr_27 = getelementptr i32 %l1_1, i64 0, i64 27"   --->   Operation 404 'getelementptr' 'l1_1_addr_27' <Predicate = true> <Delay = 0.00>
ST_10 : Operation 405 [1/1] (0.00ns)   --->   "%l1_3_addr_27 = getelementptr i32 %l1_3, i64 0, i64 27"   --->   Operation 405 'getelementptr' 'l1_3_addr_27' <Predicate = true> <Delay = 0.00>
ST_10 : Operation 406 [1/1] (0.00ns)   --->   "%l1_1_addr_28 = getelementptr i32 %l1_1, i64 0, i64 28"   --->   Operation 406 'getelementptr' 'l1_1_addr_28' <Predicate = true> <Delay = 0.00>
ST_10 : Operation 407 [1/1] (0.00ns)   --->   "%l1_3_addr_28 = getelementptr i32 %l1_3, i64 0, i64 28"   --->   Operation 407 'getelementptr' 'l1_3_addr_28' <Predicate = true> <Delay = 0.00>
ST_10 : Operation 408 [1/1] (0.00ns)   --->   "%l1_1_addr_29 = getelementptr i32 %l1_1, i64 0, i64 29"   --->   Operation 408 'getelementptr' 'l1_1_addr_29' <Predicate = true> <Delay = 0.00>
ST_10 : Operation 409 [1/1] (0.00ns)   --->   "%l1_3_addr_29 = getelementptr i32 %l1_3, i64 0, i64 29"   --->   Operation 409 'getelementptr' 'l1_3_addr_29' <Predicate = true> <Delay = 0.00>
ST_10 : Operation 410 [1/1] (0.00ns)   --->   "%l1_1_addr_30 = getelementptr i32 %l1_1, i64 0, i64 30"   --->   Operation 410 'getelementptr' 'l1_1_addr_30' <Predicate = true> <Delay = 0.00>
ST_10 : Operation 411 [1/1] (0.00ns)   --->   "%l1_3_addr_30 = getelementptr i32 %l1_3, i64 0, i64 30"   --->   Operation 411 'getelementptr' 'l1_3_addr_30' <Predicate = true> <Delay = 0.00>
ST_10 : Operation 412 [1/1] (0.00ns)   --->   "%l1_1_addr_31 = getelementptr i32 %l1_1, i64 0, i64 31"   --->   Operation 412 'getelementptr' 'l1_1_addr_31' <Predicate = true> <Delay = 0.00>
ST_10 : Operation 413 [1/1] (0.00ns)   --->   "%l1_3_addr_31 = getelementptr i32 %l1_3, i64 0, i64 31"   --->   Operation 413 'getelementptr' 'l1_3_addr_31' <Predicate = true> <Delay = 0.00>
ST_10 : Operation 414 [1/1] (0.00ns)   --->   "%l2_1_addr = getelementptr i32 %l2_1, i64 0, i64 0"   --->   Operation 414 'getelementptr' 'l2_1_addr' <Predicate = true> <Delay = 0.00>
ST_10 : Operation 415 [1/1] (0.00ns)   --->   "%l2_3_addr = getelementptr i32 %l2_3, i64 0, i64 0"   --->   Operation 415 'getelementptr' 'l2_3_addr' <Predicate = true> <Delay = 0.00>
ST_10 : Operation 416 [1/1] (0.00ns)   --->   "%l2_1_addr_1 = getelementptr i32 %l2_1, i64 0, i64 1"   --->   Operation 416 'getelementptr' 'l2_1_addr_1' <Predicate = true> <Delay = 0.00>
ST_10 : Operation 417 [1/1] (0.00ns)   --->   "%l2_3_addr_1 = getelementptr i32 %l2_3, i64 0, i64 1"   --->   Operation 417 'getelementptr' 'l2_3_addr_1' <Predicate = true> <Delay = 0.00>
ST_10 : Operation 418 [1/1] (0.00ns)   --->   "%l2_1_addr_2 = getelementptr i32 %l2_1, i64 0, i64 2"   --->   Operation 418 'getelementptr' 'l2_1_addr_2' <Predicate = true> <Delay = 0.00>
ST_10 : Operation 419 [1/1] (0.00ns)   --->   "%l2_3_addr_2 = getelementptr i32 %l2_3, i64 0, i64 2"   --->   Operation 419 'getelementptr' 'l2_3_addr_2' <Predicate = true> <Delay = 0.00>
ST_10 : Operation 420 [1/1] (0.00ns)   --->   "%l2_1_addr_3 = getelementptr i32 %l2_1, i64 0, i64 3"   --->   Operation 420 'getelementptr' 'l2_1_addr_3' <Predicate = true> <Delay = 0.00>
ST_10 : Operation 421 [1/1] (0.00ns)   --->   "%l2_3_addr_3 = getelementptr i32 %l2_3, i64 0, i64 3"   --->   Operation 421 'getelementptr' 'l2_3_addr_3' <Predicate = true> <Delay = 0.00>
ST_10 : Operation 422 [1/1] (0.00ns)   --->   "%l2_1_addr_4 = getelementptr i32 %l2_1, i64 0, i64 4"   --->   Operation 422 'getelementptr' 'l2_1_addr_4' <Predicate = true> <Delay = 0.00>
ST_10 : Operation 423 [1/1] (0.00ns)   --->   "%l2_3_addr_4 = getelementptr i32 %l2_3, i64 0, i64 4"   --->   Operation 423 'getelementptr' 'l2_3_addr_4' <Predicate = true> <Delay = 0.00>
ST_10 : Operation 424 [1/1] (0.00ns)   --->   "%l2_1_addr_5 = getelementptr i32 %l2_1, i64 0, i64 5"   --->   Operation 424 'getelementptr' 'l2_1_addr_5' <Predicate = true> <Delay = 0.00>
ST_10 : Operation 425 [1/1] (0.00ns)   --->   "%l2_3_addr_5 = getelementptr i32 %l2_3, i64 0, i64 5"   --->   Operation 425 'getelementptr' 'l2_3_addr_5' <Predicate = true> <Delay = 0.00>
ST_10 : Operation 426 [1/1] (0.00ns)   --->   "%l2_1_addr_6 = getelementptr i32 %l2_1, i64 0, i64 6"   --->   Operation 426 'getelementptr' 'l2_1_addr_6' <Predicate = true> <Delay = 0.00>
ST_10 : Operation 427 [1/1] (0.00ns)   --->   "%l2_3_addr_6 = getelementptr i32 %l2_3, i64 0, i64 6"   --->   Operation 427 'getelementptr' 'l2_3_addr_6' <Predicate = true> <Delay = 0.00>
ST_10 : Operation 428 [1/1] (0.00ns)   --->   "%l2_1_addr_7 = getelementptr i32 %l2_1, i64 0, i64 7"   --->   Operation 428 'getelementptr' 'l2_1_addr_7' <Predicate = true> <Delay = 0.00>
ST_10 : Operation 429 [1/1] (0.00ns)   --->   "%l2_3_addr_7 = getelementptr i32 %l2_3, i64 0, i64 7"   --->   Operation 429 'getelementptr' 'l2_3_addr_7' <Predicate = true> <Delay = 0.00>
ST_10 : Operation 430 [1/1] (0.00ns)   --->   "%l2_1_addr_8 = getelementptr i32 %l2_1, i64 0, i64 8"   --->   Operation 430 'getelementptr' 'l2_1_addr_8' <Predicate = true> <Delay = 0.00>
ST_10 : Operation 431 [1/1] (0.00ns)   --->   "%l2_3_addr_8 = getelementptr i32 %l2_3, i64 0, i64 8"   --->   Operation 431 'getelementptr' 'l2_3_addr_8' <Predicate = true> <Delay = 0.00>
ST_10 : Operation 432 [1/1] (0.00ns)   --->   "%l2_1_addr_9 = getelementptr i32 %l2_1, i64 0, i64 9"   --->   Operation 432 'getelementptr' 'l2_1_addr_9' <Predicate = true> <Delay = 0.00>
ST_10 : Operation 433 [1/1] (0.00ns)   --->   "%l2_3_addr_9 = getelementptr i32 %l2_3, i64 0, i64 9"   --->   Operation 433 'getelementptr' 'l2_3_addr_9' <Predicate = true> <Delay = 0.00>
ST_10 : Operation 434 [1/1] (0.00ns)   --->   "%l2_1_addr_10 = getelementptr i32 %l2_1, i64 0, i64 10"   --->   Operation 434 'getelementptr' 'l2_1_addr_10' <Predicate = true> <Delay = 0.00>
ST_10 : Operation 435 [1/1] (0.00ns)   --->   "%l2_3_addr_10 = getelementptr i32 %l2_3, i64 0, i64 10"   --->   Operation 435 'getelementptr' 'l2_3_addr_10' <Predicate = true> <Delay = 0.00>
ST_10 : Operation 436 [1/1] (0.00ns)   --->   "%l2_1_addr_11 = getelementptr i32 %l2_1, i64 0, i64 11"   --->   Operation 436 'getelementptr' 'l2_1_addr_11' <Predicate = true> <Delay = 0.00>
ST_10 : Operation 437 [1/1] (0.00ns)   --->   "%l2_3_addr_11 = getelementptr i32 %l2_3, i64 0, i64 11"   --->   Operation 437 'getelementptr' 'l2_3_addr_11' <Predicate = true> <Delay = 0.00>
ST_10 : Operation 438 [1/1] (0.00ns)   --->   "%l2_1_addr_12 = getelementptr i32 %l2_1, i64 0, i64 12"   --->   Operation 438 'getelementptr' 'l2_1_addr_12' <Predicate = true> <Delay = 0.00>
ST_10 : Operation 439 [1/1] (0.00ns)   --->   "%l2_3_addr_12 = getelementptr i32 %l2_3, i64 0, i64 12"   --->   Operation 439 'getelementptr' 'l2_3_addr_12' <Predicate = true> <Delay = 0.00>
ST_10 : Operation 440 [1/1] (0.00ns)   --->   "%l2_1_addr_13 = getelementptr i32 %l2_1, i64 0, i64 13"   --->   Operation 440 'getelementptr' 'l2_1_addr_13' <Predicate = true> <Delay = 0.00>
ST_10 : Operation 441 [1/1] (0.00ns)   --->   "%l2_3_addr_13 = getelementptr i32 %l2_3, i64 0, i64 13"   --->   Operation 441 'getelementptr' 'l2_3_addr_13' <Predicate = true> <Delay = 0.00>
ST_10 : Operation 442 [1/1] (0.00ns)   --->   "%l2_1_addr_14 = getelementptr i32 %l2_1, i64 0, i64 14"   --->   Operation 442 'getelementptr' 'l2_1_addr_14' <Predicate = true> <Delay = 0.00>
ST_10 : Operation 443 [1/1] (0.00ns)   --->   "%l2_3_addr_14 = getelementptr i32 %l2_3, i64 0, i64 14"   --->   Operation 443 'getelementptr' 'l2_3_addr_14' <Predicate = true> <Delay = 0.00>
ST_10 : Operation 444 [1/1] (0.00ns)   --->   "%l2_1_addr_15 = getelementptr i32 %l2_1, i64 0, i64 15"   --->   Operation 444 'getelementptr' 'l2_1_addr_15' <Predicate = true> <Delay = 0.00>
ST_10 : Operation 445 [1/1] (0.00ns)   --->   "%l2_3_addr_15 = getelementptr i32 %l2_3, i64 0, i64 15"   --->   Operation 445 'getelementptr' 'l2_3_addr_15' <Predicate = true> <Delay = 0.00>
ST_10 : Operation 446 [1/1] (0.00ns)   --->   "%input_r_addr = getelementptr i32 %input_r, i64 0, i64 0"   --->   Operation 446 'getelementptr' 'input_r_addr' <Predicate = true> <Delay = 0.00>
ST_10 : Operation 447 [1/1] (0.00ns)   --->   "%input_r_addr_1 = getelementptr i32 %input_r, i64 0, i64 1"   --->   Operation 447 'getelementptr' 'input_r_addr_1' <Predicate = true> <Delay = 0.00>
ST_10 : Operation 448 [1/1] (0.00ns)   --->   "%input_r_addr_2 = getelementptr i32 %input_r, i64 0, i64 2"   --->   Operation 448 'getelementptr' 'input_r_addr_2' <Predicate = true> <Delay = 0.00>
ST_10 : Operation 449 [1/1] (0.00ns)   --->   "%input_r_addr_3 = getelementptr i32 %input_r, i64 0, i64 3"   --->   Operation 449 'getelementptr' 'input_r_addr_3' <Predicate = true> <Delay = 0.00>
ST_10 : Operation 450 [1/1] (0.00ns)   --->   "%input_r_addr_4 = getelementptr i32 %input_r, i64 0, i64 4"   --->   Operation 450 'getelementptr' 'input_r_addr_4' <Predicate = true> <Delay = 0.00>
ST_10 : Operation 451 [1/1] (0.00ns)   --->   "%input_r_addr_5 = getelementptr i32 %input_r, i64 0, i64 5"   --->   Operation 451 'getelementptr' 'input_r_addr_5' <Predicate = true> <Delay = 0.00>
ST_10 : Operation 452 [1/1] (0.00ns)   --->   "%input_r_addr_6 = getelementptr i32 %input_r, i64 0, i64 6"   --->   Operation 452 'getelementptr' 'input_r_addr_6' <Predicate = true> <Delay = 0.00>
ST_10 : Operation 453 [1/1] (0.00ns)   --->   "%input_r_addr_7 = getelementptr i32 %input_r, i64 0, i64 7"   --->   Operation 453 'getelementptr' 'input_r_addr_7' <Predicate = true> <Delay = 0.00>
ST_10 : Operation 454 [1/1] (0.00ns)   --->   "%input_r_addr_8 = getelementptr i32 %input_r, i64 0, i64 8"   --->   Operation 454 'getelementptr' 'input_r_addr_8' <Predicate = true> <Delay = 0.00>
ST_10 : Operation 455 [1/1] (0.00ns)   --->   "%input_r_addr_9 = getelementptr i32 %input_r, i64 0, i64 9"   --->   Operation 455 'getelementptr' 'input_r_addr_9' <Predicate = true> <Delay = 0.00>
ST_10 : Operation 456 [1/1] (0.00ns)   --->   "%input_r_addr_10 = getelementptr i32 %input_r, i64 0, i64 10"   --->   Operation 456 'getelementptr' 'input_r_addr_10' <Predicate = true> <Delay = 0.00>
ST_10 : Operation 457 [1/1] (0.00ns)   --->   "%input_r_addr_11 = getelementptr i32 %input_r, i64 0, i64 11"   --->   Operation 457 'getelementptr' 'input_r_addr_11' <Predicate = true> <Delay = 0.00>
ST_10 : Operation 458 [1/1] (0.00ns)   --->   "%input_r_addr_12 = getelementptr i32 %input_r, i64 0, i64 12"   --->   Operation 458 'getelementptr' 'input_r_addr_12' <Predicate = true> <Delay = 0.00>
ST_10 : Operation 459 [1/1] (0.00ns)   --->   "%input_r_addr_13 = getelementptr i32 %input_r, i64 0, i64 13"   --->   Operation 459 'getelementptr' 'input_r_addr_13' <Predicate = true> <Delay = 0.00>
ST_10 : Operation 460 [1/1] (0.00ns)   --->   "%input_r_addr_14 = getelementptr i32 %input_r, i64 0, i64 14"   --->   Operation 460 'getelementptr' 'input_r_addr_14' <Predicate = true> <Delay = 0.00>
ST_10 : Operation 461 [1/1] (0.00ns)   --->   "%input_r_addr_15 = getelementptr i32 %input_r, i64 0, i64 15"   --->   Operation 461 'getelementptr' 'input_r_addr_15' <Predicate = true> <Delay = 0.00>
ST_10 : Operation 462 [1/1] (0.00ns)   --->   "%input_r_addr_16 = getelementptr i32 %input_r, i64 0, i64 16"   --->   Operation 462 'getelementptr' 'input_r_addr_16' <Predicate = true> <Delay = 0.00>
ST_10 : Operation 463 [1/1] (0.00ns)   --->   "%input_r_addr_17 = getelementptr i32 %input_r, i64 0, i64 17"   --->   Operation 463 'getelementptr' 'input_r_addr_17' <Predicate = true> <Delay = 0.00>
ST_10 : Operation 464 [1/1] (0.00ns)   --->   "%input_r_addr_18 = getelementptr i32 %input_r, i64 0, i64 18"   --->   Operation 464 'getelementptr' 'input_r_addr_18' <Predicate = true> <Delay = 0.00>
ST_10 : Operation 465 [1/1] (0.00ns)   --->   "%input_r_addr_19 = getelementptr i32 %input_r, i64 0, i64 19"   --->   Operation 465 'getelementptr' 'input_r_addr_19' <Predicate = true> <Delay = 0.00>
ST_10 : Operation 466 [1/1] (0.00ns)   --->   "%input_r_addr_20 = getelementptr i32 %input_r, i64 0, i64 20"   --->   Operation 466 'getelementptr' 'input_r_addr_20' <Predicate = true> <Delay = 0.00>
ST_10 : Operation 467 [1/1] (0.00ns)   --->   "%input_r_addr_21 = getelementptr i32 %input_r, i64 0, i64 21"   --->   Operation 467 'getelementptr' 'input_r_addr_21' <Predicate = true> <Delay = 0.00>
ST_10 : Operation 468 [1/1] (0.00ns)   --->   "%input_r_addr_22 = getelementptr i32 %input_r, i64 0, i64 22"   --->   Operation 468 'getelementptr' 'input_r_addr_22' <Predicate = true> <Delay = 0.00>
ST_10 : Operation 469 [1/1] (0.00ns)   --->   "%input_r_addr_23 = getelementptr i32 %input_r, i64 0, i64 23"   --->   Operation 469 'getelementptr' 'input_r_addr_23' <Predicate = true> <Delay = 0.00>
ST_10 : Operation 470 [1/1] (0.00ns)   --->   "%input_r_addr_24 = getelementptr i32 %input_r, i64 0, i64 24"   --->   Operation 470 'getelementptr' 'input_r_addr_24' <Predicate = true> <Delay = 0.00>
ST_10 : Operation 471 [1/1] (0.00ns)   --->   "%input_r_addr_25 = getelementptr i32 %input_r, i64 0, i64 25"   --->   Operation 471 'getelementptr' 'input_r_addr_25' <Predicate = true> <Delay = 0.00>
ST_10 : Operation 472 [1/1] (0.00ns)   --->   "%input_r_addr_26 = getelementptr i32 %input_r, i64 0, i64 26"   --->   Operation 472 'getelementptr' 'input_r_addr_26' <Predicate = true> <Delay = 0.00>
ST_10 : Operation 473 [1/1] (0.00ns)   --->   "%input_r_addr_27 = getelementptr i32 %input_r, i64 0, i64 27"   --->   Operation 473 'getelementptr' 'input_r_addr_27' <Predicate = true> <Delay = 0.00>
ST_10 : Operation 474 [1/1] (0.00ns)   --->   "%input_r_addr_28 = getelementptr i32 %input_r, i64 0, i64 28"   --->   Operation 474 'getelementptr' 'input_r_addr_28' <Predicate = true> <Delay = 0.00>
ST_10 : Operation 475 [1/1] (0.00ns)   --->   "%input_r_addr_29 = getelementptr i32 %input_r, i64 0, i64 29"   --->   Operation 475 'getelementptr' 'input_r_addr_29' <Predicate = true> <Delay = 0.00>
ST_10 : Operation 476 [1/1] (0.00ns)   --->   "%input_r_addr_30 = getelementptr i32 %input_r, i64 0, i64 30"   --->   Operation 476 'getelementptr' 'input_r_addr_30' <Predicate = true> <Delay = 0.00>
ST_10 : Operation 477 [1/1] (0.00ns)   --->   "%input_r_addr_31 = getelementptr i32 %input_r, i64 0, i64 31"   --->   Operation 477 'getelementptr' 'input_r_addr_31' <Predicate = true> <Delay = 0.00>
ST_10 : Operation 478 [1/1] (0.00ns)   --->   "%input_r_addr_32 = getelementptr i32 %input_r, i64 0, i64 32"   --->   Operation 478 'getelementptr' 'input_r_addr_32' <Predicate = true> <Delay = 0.00>
ST_10 : Operation 479 [1/1] (0.00ns)   --->   "%input_r_addr_33 = getelementptr i32 %input_r, i64 0, i64 33"   --->   Operation 479 'getelementptr' 'input_r_addr_33' <Predicate = true> <Delay = 0.00>
ST_10 : Operation 480 [1/1] (0.00ns)   --->   "%input_r_addr_34 = getelementptr i32 %input_r, i64 0, i64 34"   --->   Operation 480 'getelementptr' 'input_r_addr_34' <Predicate = true> <Delay = 0.00>
ST_10 : Operation 481 [1/1] (0.00ns)   --->   "%input_r_addr_35 = getelementptr i32 %input_r, i64 0, i64 35"   --->   Operation 481 'getelementptr' 'input_r_addr_35' <Predicate = true> <Delay = 0.00>
ST_10 : Operation 482 [1/1] (0.00ns)   --->   "%input_r_addr_36 = getelementptr i32 %input_r, i64 0, i64 36"   --->   Operation 482 'getelementptr' 'input_r_addr_36' <Predicate = true> <Delay = 0.00>
ST_10 : Operation 483 [1/1] (0.00ns)   --->   "%input_r_addr_37 = getelementptr i32 %input_r, i64 0, i64 37"   --->   Operation 483 'getelementptr' 'input_r_addr_37' <Predicate = true> <Delay = 0.00>
ST_10 : Operation 484 [1/1] (0.00ns)   --->   "%input_r_addr_38 = getelementptr i32 %input_r, i64 0, i64 38"   --->   Operation 484 'getelementptr' 'input_r_addr_38' <Predicate = true> <Delay = 0.00>
ST_10 : Operation 485 [1/1] (0.00ns)   --->   "%input_r_addr_39 = getelementptr i32 %input_r, i64 0, i64 39"   --->   Operation 485 'getelementptr' 'input_r_addr_39' <Predicate = true> <Delay = 0.00>
ST_10 : Operation 486 [1/1] (0.00ns)   --->   "%input_r_addr_40 = getelementptr i32 %input_r, i64 0, i64 40"   --->   Operation 486 'getelementptr' 'input_r_addr_40' <Predicate = true> <Delay = 0.00>
ST_10 : Operation 487 [1/1] (0.00ns)   --->   "%input_r_addr_41 = getelementptr i32 %input_r, i64 0, i64 41"   --->   Operation 487 'getelementptr' 'input_r_addr_41' <Predicate = true> <Delay = 0.00>
ST_10 : Operation 488 [1/1] (0.00ns)   --->   "%input_r_addr_42 = getelementptr i32 %input_r, i64 0, i64 42"   --->   Operation 488 'getelementptr' 'input_r_addr_42' <Predicate = true> <Delay = 0.00>
ST_10 : Operation 489 [1/1] (0.00ns)   --->   "%input_r_addr_43 = getelementptr i32 %input_r, i64 0, i64 43"   --->   Operation 489 'getelementptr' 'input_r_addr_43' <Predicate = true> <Delay = 0.00>
ST_10 : Operation 490 [1/1] (0.00ns)   --->   "%input_r_addr_44 = getelementptr i32 %input_r, i64 0, i64 44"   --->   Operation 490 'getelementptr' 'input_r_addr_44' <Predicate = true> <Delay = 0.00>
ST_10 : Operation 491 [1/1] (0.00ns)   --->   "%input_r_addr_45 = getelementptr i32 %input_r, i64 0, i64 45"   --->   Operation 491 'getelementptr' 'input_r_addr_45' <Predicate = true> <Delay = 0.00>
ST_10 : Operation 492 [1/1] (0.00ns)   --->   "%input_r_addr_46 = getelementptr i32 %input_r, i64 0, i64 46"   --->   Operation 492 'getelementptr' 'input_r_addr_46' <Predicate = true> <Delay = 0.00>
ST_10 : Operation 493 [1/1] (0.00ns)   --->   "%input_r_addr_47 = getelementptr i32 %input_r, i64 0, i64 47"   --->   Operation 493 'getelementptr' 'input_r_addr_47' <Predicate = true> <Delay = 0.00>
ST_10 : Operation 494 [1/1] (0.00ns)   --->   "%input_r_addr_48 = getelementptr i32 %input_r, i64 0, i64 48"   --->   Operation 494 'getelementptr' 'input_r_addr_48' <Predicate = true> <Delay = 0.00>
ST_10 : Operation 495 [1/1] (0.00ns)   --->   "%input_r_addr_49 = getelementptr i32 %input_r, i64 0, i64 49"   --->   Operation 495 'getelementptr' 'input_r_addr_49' <Predicate = true> <Delay = 0.00>
ST_10 : Operation 496 [1/1] (0.00ns)   --->   "%input_r_addr_50 = getelementptr i32 %input_r, i64 0, i64 50"   --->   Operation 496 'getelementptr' 'input_r_addr_50' <Predicate = true> <Delay = 0.00>
ST_10 : Operation 497 [1/1] (0.00ns)   --->   "%input_r_addr_51 = getelementptr i32 %input_r, i64 0, i64 51"   --->   Operation 497 'getelementptr' 'input_r_addr_51' <Predicate = true> <Delay = 0.00>
ST_10 : Operation 498 [1/1] (0.00ns)   --->   "%input_r_addr_52 = getelementptr i32 %input_r, i64 0, i64 52"   --->   Operation 498 'getelementptr' 'input_r_addr_52' <Predicate = true> <Delay = 0.00>
ST_10 : Operation 499 [1/1] (0.00ns)   --->   "%input_r_addr_53 = getelementptr i32 %input_r, i64 0, i64 53"   --->   Operation 499 'getelementptr' 'input_r_addr_53' <Predicate = true> <Delay = 0.00>
ST_10 : Operation 500 [1/1] (0.00ns)   --->   "%input_r_addr_54 = getelementptr i32 %input_r, i64 0, i64 54"   --->   Operation 500 'getelementptr' 'input_r_addr_54' <Predicate = true> <Delay = 0.00>
ST_10 : Operation 501 [1/1] (0.00ns)   --->   "%input_r_addr_55 = getelementptr i32 %input_r, i64 0, i64 55"   --->   Operation 501 'getelementptr' 'input_r_addr_55' <Predicate = true> <Delay = 0.00>
ST_10 : Operation 502 [1/1] (0.00ns)   --->   "%input_r_addr_56 = getelementptr i32 %input_r, i64 0, i64 56"   --->   Operation 502 'getelementptr' 'input_r_addr_56' <Predicate = true> <Delay = 0.00>
ST_10 : Operation 503 [1/1] (0.00ns)   --->   "%input_r_addr_57 = getelementptr i32 %input_r, i64 0, i64 57"   --->   Operation 503 'getelementptr' 'input_r_addr_57' <Predicate = true> <Delay = 0.00>
ST_10 : Operation 504 [1/1] (0.00ns)   --->   "%input_r_addr_58 = getelementptr i32 %input_r, i64 0, i64 58"   --->   Operation 504 'getelementptr' 'input_r_addr_58' <Predicate = true> <Delay = 0.00>
ST_10 : Operation 505 [1/1] (0.00ns)   --->   "%input_r_addr_59 = getelementptr i32 %input_r, i64 0, i64 59"   --->   Operation 505 'getelementptr' 'input_r_addr_59' <Predicate = true> <Delay = 0.00>
ST_10 : Operation 506 [1/1] (0.00ns)   --->   "%input_r_addr_60 = getelementptr i32 %input_r, i64 0, i64 60"   --->   Operation 506 'getelementptr' 'input_r_addr_60' <Predicate = true> <Delay = 0.00>
ST_10 : Operation 507 [1/1] (0.00ns)   --->   "%input_r_addr_61 = getelementptr i32 %input_r, i64 0, i64 61"   --->   Operation 507 'getelementptr' 'input_r_addr_61' <Predicate = true> <Delay = 0.00>
ST_10 : Operation 508 [1/1] (0.00ns)   --->   "%input_r_addr_62 = getelementptr i32 %input_r, i64 0, i64 62"   --->   Operation 508 'getelementptr' 'input_r_addr_62' <Predicate = true> <Delay = 0.00>
ST_10 : Operation 509 [1/1] (0.00ns)   --->   "%input_r_addr_63 = getelementptr i32 %input_r, i64 0, i64 63"   --->   Operation 509 'getelementptr' 'input_r_addr_63' <Predicate = true> <Delay = 0.00>
ST_10 : Operation 510 [1/1] (0.00ns)   --->   "%input_r_addr_64 = getelementptr i32 %input_r, i64 0, i64 64"   --->   Operation 510 'getelementptr' 'input_r_addr_64' <Predicate = true> <Delay = 0.00>
ST_10 : Operation 511 [1/1] (0.00ns)   --->   "%input_r_addr_65 = getelementptr i32 %input_r, i64 0, i64 65"   --->   Operation 511 'getelementptr' 'input_r_addr_65' <Predicate = true> <Delay = 0.00>
ST_10 : Operation 512 [1/1] (0.00ns)   --->   "%input_r_addr_66 = getelementptr i32 %input_r, i64 0, i64 66"   --->   Operation 512 'getelementptr' 'input_r_addr_66' <Predicate = true> <Delay = 0.00>
ST_10 : Operation 513 [1/1] (0.00ns)   --->   "%input_r_addr_67 = getelementptr i32 %input_r, i64 0, i64 67"   --->   Operation 513 'getelementptr' 'input_r_addr_67' <Predicate = true> <Delay = 0.00>
ST_10 : Operation 514 [1/1] (0.00ns)   --->   "%input_r_addr_68 = getelementptr i32 %input_r, i64 0, i64 68"   --->   Operation 514 'getelementptr' 'input_r_addr_68' <Predicate = true> <Delay = 0.00>
ST_10 : Operation 515 [1/1] (0.00ns)   --->   "%input_r_addr_69 = getelementptr i32 %input_r, i64 0, i64 69"   --->   Operation 515 'getelementptr' 'input_r_addr_69' <Predicate = true> <Delay = 0.00>
ST_10 : Operation 516 [1/1] (0.00ns)   --->   "%input_r_addr_70 = getelementptr i32 %input_r, i64 0, i64 70"   --->   Operation 516 'getelementptr' 'input_r_addr_70' <Predicate = true> <Delay = 0.00>
ST_10 : Operation 517 [1/1] (0.00ns)   --->   "%input_r_addr_71 = getelementptr i32 %input_r, i64 0, i64 71"   --->   Operation 517 'getelementptr' 'input_r_addr_71' <Predicate = true> <Delay = 0.00>
ST_10 : Operation 518 [1/1] (0.00ns)   --->   "%input_r_addr_72 = getelementptr i32 %input_r, i64 0, i64 72"   --->   Operation 518 'getelementptr' 'input_r_addr_72' <Predicate = true> <Delay = 0.00>
ST_10 : Operation 519 [1/1] (0.00ns)   --->   "%input_r_addr_73 = getelementptr i32 %input_r, i64 0, i64 73"   --->   Operation 519 'getelementptr' 'input_r_addr_73' <Predicate = true> <Delay = 0.00>
ST_10 : Operation 520 [1/1] (0.00ns)   --->   "%input_r_addr_74 = getelementptr i32 %input_r, i64 0, i64 74"   --->   Operation 520 'getelementptr' 'input_r_addr_74' <Predicate = true> <Delay = 0.00>
ST_10 : Operation 521 [1/1] (0.00ns)   --->   "%input_r_addr_75 = getelementptr i32 %input_r, i64 0, i64 75"   --->   Operation 521 'getelementptr' 'input_r_addr_75' <Predicate = true> <Delay = 0.00>
ST_10 : Operation 522 [1/1] (0.00ns)   --->   "%input_r_addr_76 = getelementptr i32 %input_r, i64 0, i64 76"   --->   Operation 522 'getelementptr' 'input_r_addr_76' <Predicate = true> <Delay = 0.00>
ST_10 : Operation 523 [1/1] (0.00ns)   --->   "%input_r_addr_77 = getelementptr i32 %input_r, i64 0, i64 77"   --->   Operation 523 'getelementptr' 'input_r_addr_77' <Predicate = true> <Delay = 0.00>
ST_10 : Operation 524 [1/1] (0.00ns)   --->   "%input_r_addr_78 = getelementptr i32 %input_r, i64 0, i64 78"   --->   Operation 524 'getelementptr' 'input_r_addr_78' <Predicate = true> <Delay = 0.00>
ST_10 : Operation 525 [1/1] (0.00ns)   --->   "%input_r_addr_79 = getelementptr i32 %input_r, i64 0, i64 79"   --->   Operation 525 'getelementptr' 'input_r_addr_79' <Predicate = true> <Delay = 0.00>
ST_10 : Operation 526 [1/1] (0.00ns)   --->   "%input_r_addr_80 = getelementptr i32 %input_r, i64 0, i64 80"   --->   Operation 526 'getelementptr' 'input_r_addr_80' <Predicate = true> <Delay = 0.00>
ST_10 : Operation 527 [1/1] (0.00ns)   --->   "%input_r_addr_81 = getelementptr i32 %input_r, i64 0, i64 81"   --->   Operation 527 'getelementptr' 'input_r_addr_81' <Predicate = true> <Delay = 0.00>
ST_10 : Operation 528 [1/1] (0.00ns)   --->   "%input_r_addr_82 = getelementptr i32 %input_r, i64 0, i64 82"   --->   Operation 528 'getelementptr' 'input_r_addr_82' <Predicate = true> <Delay = 0.00>
ST_10 : Operation 529 [1/1] (0.00ns)   --->   "%input_r_addr_83 = getelementptr i32 %input_r, i64 0, i64 83"   --->   Operation 529 'getelementptr' 'input_r_addr_83' <Predicate = true> <Delay = 0.00>
ST_10 : Operation 530 [1/1] (0.00ns)   --->   "%input_r_addr_84 = getelementptr i32 %input_r, i64 0, i64 84"   --->   Operation 530 'getelementptr' 'input_r_addr_84' <Predicate = true> <Delay = 0.00>
ST_10 : Operation 531 [1/1] (0.00ns)   --->   "%input_r_addr_85 = getelementptr i32 %input_r, i64 0, i64 85"   --->   Operation 531 'getelementptr' 'input_r_addr_85' <Predicate = true> <Delay = 0.00>
ST_10 : Operation 532 [1/1] (0.00ns)   --->   "%input_r_addr_86 = getelementptr i32 %input_r, i64 0, i64 86"   --->   Operation 532 'getelementptr' 'input_r_addr_86' <Predicate = true> <Delay = 0.00>
ST_10 : Operation 533 [1/1] (0.00ns)   --->   "%input_r_addr_87 = getelementptr i32 %input_r, i64 0, i64 87"   --->   Operation 533 'getelementptr' 'input_r_addr_87' <Predicate = true> <Delay = 0.00>
ST_10 : Operation 534 [1/1] (0.00ns)   --->   "%input_r_addr_88 = getelementptr i32 %input_r, i64 0, i64 88"   --->   Operation 534 'getelementptr' 'input_r_addr_88' <Predicate = true> <Delay = 0.00>
ST_10 : Operation 535 [1/1] (0.00ns)   --->   "%input_r_addr_89 = getelementptr i32 %input_r, i64 0, i64 89"   --->   Operation 535 'getelementptr' 'input_r_addr_89' <Predicate = true> <Delay = 0.00>
ST_10 : Operation 536 [1/1] (0.00ns)   --->   "%input_r_addr_90 = getelementptr i32 %input_r, i64 0, i64 90"   --->   Operation 536 'getelementptr' 'input_r_addr_90' <Predicate = true> <Delay = 0.00>
ST_10 : Operation 537 [1/1] (0.00ns)   --->   "%input_r_addr_91 = getelementptr i32 %input_r, i64 0, i64 91"   --->   Operation 537 'getelementptr' 'input_r_addr_91' <Predicate = true> <Delay = 0.00>
ST_10 : Operation 538 [1/1] (0.00ns)   --->   "%input_r_addr_92 = getelementptr i32 %input_r, i64 0, i64 92"   --->   Operation 538 'getelementptr' 'input_r_addr_92' <Predicate = true> <Delay = 0.00>
ST_10 : Operation 539 [1/1] (0.00ns)   --->   "%input_r_addr_93 = getelementptr i32 %input_r, i64 0, i64 93"   --->   Operation 539 'getelementptr' 'input_r_addr_93' <Predicate = true> <Delay = 0.00>
ST_10 : Operation 540 [1/1] (0.00ns)   --->   "%input_r_addr_94 = getelementptr i32 %input_r, i64 0, i64 94"   --->   Operation 540 'getelementptr' 'input_r_addr_94' <Predicate = true> <Delay = 0.00>
ST_10 : Operation 541 [1/1] (0.00ns)   --->   "%input_r_addr_95 = getelementptr i32 %input_r, i64 0, i64 95"   --->   Operation 541 'getelementptr' 'input_r_addr_95' <Predicate = true> <Delay = 0.00>
ST_10 : Operation 542 [1/1] (0.00ns)   --->   "%input_r_addr_96 = getelementptr i32 %input_r, i64 0, i64 96"   --->   Operation 542 'getelementptr' 'input_r_addr_96' <Predicate = true> <Delay = 0.00>
ST_10 : Operation 543 [1/1] (0.00ns)   --->   "%input_r_addr_97 = getelementptr i32 %input_r, i64 0, i64 97"   --->   Operation 543 'getelementptr' 'input_r_addr_97' <Predicate = true> <Delay = 0.00>
ST_10 : Operation 544 [1/1] (0.00ns)   --->   "%input_r_addr_98 = getelementptr i32 %input_r, i64 0, i64 98"   --->   Operation 544 'getelementptr' 'input_r_addr_98' <Predicate = true> <Delay = 0.00>
ST_10 : Operation 545 [1/1] (0.00ns)   --->   "%input_r_addr_99 = getelementptr i32 %input_r, i64 0, i64 99"   --->   Operation 545 'getelementptr' 'input_r_addr_99' <Predicate = true> <Delay = 0.00>
ST_10 : Operation 546 [1/1] (0.00ns)   --->   "%input_r_addr_100 = getelementptr i32 %input_r, i64 0, i64 100"   --->   Operation 546 'getelementptr' 'input_r_addr_100' <Predicate = true> <Delay = 0.00>
ST_10 : Operation 547 [1/1] (0.00ns)   --->   "%input_r_addr_101 = getelementptr i32 %input_r, i64 0, i64 101"   --->   Operation 547 'getelementptr' 'input_r_addr_101' <Predicate = true> <Delay = 0.00>
ST_10 : Operation 548 [1/1] (0.00ns)   --->   "%input_r_addr_102 = getelementptr i32 %input_r, i64 0, i64 102"   --->   Operation 548 'getelementptr' 'input_r_addr_102' <Predicate = true> <Delay = 0.00>
ST_10 : Operation 549 [1/1] (0.00ns)   --->   "%input_r_addr_103 = getelementptr i32 %input_r, i64 0, i64 103"   --->   Operation 549 'getelementptr' 'input_r_addr_103' <Predicate = true> <Delay = 0.00>
ST_10 : Operation 550 [1/1] (0.00ns)   --->   "%input_r_addr_104 = getelementptr i32 %input_r, i64 0, i64 104"   --->   Operation 550 'getelementptr' 'input_r_addr_104' <Predicate = true> <Delay = 0.00>
ST_10 : Operation 551 [1/1] (0.00ns)   --->   "%input_r_addr_105 = getelementptr i32 %input_r, i64 0, i64 105"   --->   Operation 551 'getelementptr' 'input_r_addr_105' <Predicate = true> <Delay = 0.00>
ST_10 : Operation 552 [1/1] (0.00ns)   --->   "%input_r_addr_106 = getelementptr i32 %input_r, i64 0, i64 106"   --->   Operation 552 'getelementptr' 'input_r_addr_106' <Predicate = true> <Delay = 0.00>
ST_10 : Operation 553 [1/1] (0.00ns)   --->   "%input_r_addr_107 = getelementptr i32 %input_r, i64 0, i64 107"   --->   Operation 553 'getelementptr' 'input_r_addr_107' <Predicate = true> <Delay = 0.00>
ST_10 : Operation 554 [1/1] (0.00ns)   --->   "%input_r_addr_108 = getelementptr i32 %input_r, i64 0, i64 108"   --->   Operation 554 'getelementptr' 'input_r_addr_108' <Predicate = true> <Delay = 0.00>
ST_10 : Operation 555 [1/1] (0.00ns)   --->   "%input_r_addr_109 = getelementptr i32 %input_r, i64 0, i64 109"   --->   Operation 555 'getelementptr' 'input_r_addr_109' <Predicate = true> <Delay = 0.00>
ST_10 : Operation 556 [1/1] (0.00ns)   --->   "%input_r_addr_110 = getelementptr i32 %input_r, i64 0, i64 110"   --->   Operation 556 'getelementptr' 'input_r_addr_110' <Predicate = true> <Delay = 0.00>
ST_10 : Operation 557 [1/1] (0.00ns)   --->   "%input_r_addr_111 = getelementptr i32 %input_r, i64 0, i64 111"   --->   Operation 557 'getelementptr' 'input_r_addr_111' <Predicate = true> <Delay = 0.00>
ST_10 : Operation 558 [1/1] (0.00ns)   --->   "%input_r_addr_112 = getelementptr i32 %input_r, i64 0, i64 112"   --->   Operation 558 'getelementptr' 'input_r_addr_112' <Predicate = true> <Delay = 0.00>
ST_10 : Operation 559 [1/1] (0.00ns)   --->   "%input_r_addr_113 = getelementptr i32 %input_r, i64 0, i64 113"   --->   Operation 559 'getelementptr' 'input_r_addr_113' <Predicate = true> <Delay = 0.00>
ST_10 : Operation 560 [1/1] (0.00ns)   --->   "%input_r_addr_114 = getelementptr i32 %input_r, i64 0, i64 114"   --->   Operation 560 'getelementptr' 'input_r_addr_114' <Predicate = true> <Delay = 0.00>
ST_10 : Operation 561 [1/1] (0.00ns)   --->   "%input_r_addr_115 = getelementptr i32 %input_r, i64 0, i64 115"   --->   Operation 561 'getelementptr' 'input_r_addr_115' <Predicate = true> <Delay = 0.00>
ST_10 : Operation 562 [1/1] (0.00ns)   --->   "%input_r_addr_116 = getelementptr i32 %input_r, i64 0, i64 116"   --->   Operation 562 'getelementptr' 'input_r_addr_116' <Predicate = true> <Delay = 0.00>
ST_10 : Operation 563 [1/1] (0.00ns)   --->   "%input_r_addr_117 = getelementptr i32 %input_r, i64 0, i64 117"   --->   Operation 563 'getelementptr' 'input_r_addr_117' <Predicate = true> <Delay = 0.00>
ST_10 : Operation 564 [1/1] (0.00ns)   --->   "%input_r_addr_118 = getelementptr i32 %input_r, i64 0, i64 118"   --->   Operation 564 'getelementptr' 'input_r_addr_118' <Predicate = true> <Delay = 0.00>
ST_10 : Operation 565 [1/1] (0.00ns)   --->   "%input_r_addr_119 = getelementptr i32 %input_r, i64 0, i64 119"   --->   Operation 565 'getelementptr' 'input_r_addr_119' <Predicate = true> <Delay = 0.00>
ST_10 : Operation 566 [1/1] (0.00ns)   --->   "%input_r_addr_120 = getelementptr i32 %input_r, i64 0, i64 120"   --->   Operation 566 'getelementptr' 'input_r_addr_120' <Predicate = true> <Delay = 0.00>
ST_10 : Operation 567 [1/1] (0.00ns)   --->   "%input_r_addr_121 = getelementptr i32 %input_r, i64 0, i64 121"   --->   Operation 567 'getelementptr' 'input_r_addr_121' <Predicate = true> <Delay = 0.00>
ST_10 : Operation 568 [1/1] (0.00ns)   --->   "%input_r_addr_122 = getelementptr i32 %input_r, i64 0, i64 122"   --->   Operation 568 'getelementptr' 'input_r_addr_122' <Predicate = true> <Delay = 0.00>
ST_10 : Operation 569 [1/1] (0.00ns)   --->   "%input_r_addr_123 = getelementptr i32 %input_r, i64 0, i64 123"   --->   Operation 569 'getelementptr' 'input_r_addr_123' <Predicate = true> <Delay = 0.00>
ST_10 : Operation 570 [1/1] (0.00ns)   --->   "%input_r_addr_124 = getelementptr i32 %input_r, i64 0, i64 124"   --->   Operation 570 'getelementptr' 'input_r_addr_124' <Predicate = true> <Delay = 0.00>
ST_10 : Operation 571 [1/1] (0.00ns)   --->   "%input_r_addr_125 = getelementptr i32 %input_r, i64 0, i64 125"   --->   Operation 571 'getelementptr' 'input_r_addr_125' <Predicate = true> <Delay = 0.00>
ST_10 : Operation 572 [1/1] (0.00ns)   --->   "%input_r_addr_126 = getelementptr i32 %input_r, i64 0, i64 126"   --->   Operation 572 'getelementptr' 'input_r_addr_126' <Predicate = true> <Delay = 0.00>
ST_10 : Operation 573 [1/1] (0.00ns)   --->   "%input_r_addr_127 = getelementptr i32 %input_r, i64 0, i64 127"   --->   Operation 573 'getelementptr' 'input_r_addr_127' <Predicate = true> <Delay = 0.00>
ST_10 : Operation 574 [1/1] (0.00ns)   --->   "%br_ln201 = br void %VITIS_LOOP_210_7" [src/moe.cpp:201]   --->   Operation 574 'br' 'br_ln201' <Predicate = true> <Delay = 0.00>

State 11 <SV = 7> <Delay = 1.02>
ST_11 : Operation 575 [1/1] (0.00ns)   --->   "%e_5 = load i3 %e_3" [src/moe.cpp:201]   --->   Operation 575 'load' 'e_5' <Predicate = true> <Delay = 0.00>
ST_11 : Operation 576 [1/1] (0.00ns)   --->   "%tmp = bitselect i1 @_ssdm_op_BitSelect.i1.i3.i32, i3 %e_5, i32 2" [src/moe.cpp:201]   --->   Operation 576 'bitselect' 'tmp' <Predicate = true> <Delay = 0.00>
ST_11 : Operation 577 [1/1] (0.00ns)   --->   "%br_ln201 = br i1 %tmp, void %VITIS_LOOP_210_7.split, void %VITIS_LOOP_312_15" [src/moe.cpp:201]   --->   Operation 577 'br' 'br_ln201' <Predicate = true> <Delay = 0.00>
ST_11 : Operation 578 [2/2] (1.02ns)   --->   "%input_r_load = load i7 %input_r_addr"   --->   Operation 578 'load' 'input_r_load' <Predicate = (!tmp)> <Delay = 1.02> <CoreInst = "RAM">   --->   Core 83 'RAM' <Latency = 1> <II = 1> <Delay = 1.02> <Storage> <Opcode : 'load' 'store'> <Ports = 2> <Width = 32> <Depth = 128> <RAM>
ST_11 : Operation 579 [2/2] (1.02ns)   --->   "%input_r_load_1 = load i7 %input_r_addr_1"   --->   Operation 579 'load' 'input_r_load_1' <Predicate = (!tmp)> <Delay = 1.02> <CoreInst = "RAM">   --->   Core 83 'RAM' <Latency = 1> <II = 1> <Delay = 1.02> <Storage> <Opcode : 'load' 'store'> <Ports = 2> <Width = 32> <Depth = 128> <RAM>
ST_11 : Operation 580 [1/1] (0.00ns)   --->   "%gates_addr = getelementptr i32 %gates, i64 0, i64 0"   --->   Operation 580 'getelementptr' 'gates_addr' <Predicate = (tmp)> <Delay = 0.00>
ST_11 : Operation 581 [2/2] (0.54ns)   --->   "%gates_load = load i2 %gates_addr"   --->   Operation 581 'load' 'gates_load' <Predicate = (tmp)> <Delay = 0.54> <CoreInst = "RAM">   --->   Core 83 'RAM' <Latency = 1> <II = 1> <Delay = 0.54> <Storage> <Opcode : 'load' 'store'> <Ports = 2> <Width = 32> <Depth = 4> <RAM>
ST_11 : Operation 582 [1/1] (0.00ns)   --->   "%gates_addr_1 = getelementptr i32 %gates, i64 0, i64 1"   --->   Operation 582 'getelementptr' 'gates_addr_1' <Predicate = (tmp)> <Delay = 0.00>
ST_11 : Operation 583 [2/2] (0.54ns)   --->   "%gates_load_1 = load i2 %gates_addr_1"   --->   Operation 583 'load' 'gates_load_1' <Predicate = (tmp)> <Delay = 0.54> <CoreInst = "RAM">   --->   Core 83 'RAM' <Latency = 1> <II = 1> <Delay = 0.54> <Storage> <Opcode : 'load' 'store'> <Ports = 2> <Width = 32> <Depth = 4> <RAM>

State 12 <SV = 8> <Delay = 1.02>
ST_12 : Operation 584 [1/2] (1.02ns)   --->   "%input_r_load = load i7 %input_r_addr"   --->   Operation 584 'load' 'input_r_load' <Predicate = true> <Delay = 1.02> <CoreInst = "RAM">   --->   Core 83 'RAM' <Latency = 1> <II = 1> <Delay = 1.02> <Storage> <Opcode : 'load' 'store'> <Ports = 2> <Width = 32> <Depth = 128> <RAM>
ST_12 : Operation 585 [1/2] (1.02ns)   --->   "%input_r_load_1 = load i7 %input_r_addr_1"   --->   Operation 585 'load' 'input_r_load_1' <Predicate = true> <Delay = 1.02> <CoreInst = "RAM">   --->   Core 83 'RAM' <Latency = 1> <II = 1> <Delay = 1.02> <Storage> <Opcode : 'load' 'store'> <Ports = 2> <Width = 32> <Depth = 128> <RAM>
ST_12 : Operation 586 [2/2] (1.02ns)   --->   "%input_r_load_2 = load i7 %input_r_addr_2"   --->   Operation 586 'load' 'input_r_load_2' <Predicate = true> <Delay = 1.02> <CoreInst = "RAM">   --->   Core 83 'RAM' <Latency = 1> <II = 1> <Delay = 1.02> <Storage> <Opcode : 'load' 'store'> <Ports = 2> <Width = 32> <Depth = 128> <RAM>
ST_12 : Operation 587 [2/2] (1.02ns)   --->   "%input_r_load_3 = load i7 %input_r_addr_3"   --->   Operation 587 'load' 'input_r_load_3' <Predicate = true> <Delay = 1.02> <CoreInst = "RAM">   --->   Core 83 'RAM' <Latency = 1> <II = 1> <Delay = 1.02> <Storage> <Opcode : 'load' 'store'> <Ports = 2> <Width = 32> <Depth = 128> <RAM>

State 13 <SV = 9> <Delay = 1.02>
ST_13 : Operation 588 [1/2] (1.02ns)   --->   "%input_r_load_2 = load i7 %input_r_addr_2"   --->   Operation 588 'load' 'input_r_load_2' <Predicate = true> <Delay = 1.02> <CoreInst = "RAM">   --->   Core 83 'RAM' <Latency = 1> <II = 1> <Delay = 1.02> <Storage> <Opcode : 'load' 'store'> <Ports = 2> <Width = 32> <Depth = 128> <RAM>
ST_13 : Operation 589 [1/2] (1.02ns)   --->   "%input_r_load_3 = load i7 %input_r_addr_3"   --->   Operation 589 'load' 'input_r_load_3' <Predicate = true> <Delay = 1.02> <CoreInst = "RAM">   --->   Core 83 'RAM' <Latency = 1> <II = 1> <Delay = 1.02> <Storage> <Opcode : 'load' 'store'> <Ports = 2> <Width = 32> <Depth = 128> <RAM>
ST_13 : Operation 590 [2/2] (1.02ns)   --->   "%input_r_load_4 = load i7 %input_r_addr_4"   --->   Operation 590 'load' 'input_r_load_4' <Predicate = true> <Delay = 1.02> <CoreInst = "RAM">   --->   Core 83 'RAM' <Latency = 1> <II = 1> <Delay = 1.02> <Storage> <Opcode : 'load' 'store'> <Ports = 2> <Width = 32> <Depth = 128> <RAM>
ST_13 : Operation 591 [2/2] (1.02ns)   --->   "%input_r_load_5 = load i7 %input_r_addr_5"   --->   Operation 591 'load' 'input_r_load_5' <Predicate = true> <Delay = 1.02> <CoreInst = "RAM">   --->   Core 83 'RAM' <Latency = 1> <II = 1> <Delay = 1.02> <Storage> <Opcode : 'load' 'store'> <Ports = 2> <Width = 32> <Depth = 128> <RAM>

State 14 <SV = 10> <Delay = 1.02>
ST_14 : Operation 592 [1/2] (1.02ns)   --->   "%input_r_load_4 = load i7 %input_r_addr_4"   --->   Operation 592 'load' 'input_r_load_4' <Predicate = true> <Delay = 1.02> <CoreInst = "RAM">   --->   Core 83 'RAM' <Latency = 1> <II = 1> <Delay = 1.02> <Storage> <Opcode : 'load' 'store'> <Ports = 2> <Width = 32> <Depth = 128> <RAM>
ST_14 : Operation 593 [1/2] (1.02ns)   --->   "%input_r_load_5 = load i7 %input_r_addr_5"   --->   Operation 593 'load' 'input_r_load_5' <Predicate = true> <Delay = 1.02> <CoreInst = "RAM">   --->   Core 83 'RAM' <Latency = 1> <II = 1> <Delay = 1.02> <Storage> <Opcode : 'load' 'store'> <Ports = 2> <Width = 32> <Depth = 128> <RAM>
ST_14 : Operation 594 [2/2] (1.02ns)   --->   "%input_r_load_6 = load i7 %input_r_addr_6"   --->   Operation 594 'load' 'input_r_load_6' <Predicate = true> <Delay = 1.02> <CoreInst = "RAM">   --->   Core 83 'RAM' <Latency = 1> <II = 1> <Delay = 1.02> <Storage> <Opcode : 'load' 'store'> <Ports = 2> <Width = 32> <Depth = 128> <RAM>
ST_14 : Operation 595 [2/2] (1.02ns)   --->   "%input_r_load_7 = load i7 %input_r_addr_7"   --->   Operation 595 'load' 'input_r_load_7' <Predicate = true> <Delay = 1.02> <CoreInst = "RAM">   --->   Core 83 'RAM' <Latency = 1> <II = 1> <Delay = 1.02> <Storage> <Opcode : 'load' 'store'> <Ports = 2> <Width = 32> <Depth = 128> <RAM>

State 15 <SV = 11> <Delay = 1.02>
ST_15 : Operation 596 [1/2] (1.02ns)   --->   "%input_r_load_6 = load i7 %input_r_addr_6"   --->   Operation 596 'load' 'input_r_load_6' <Predicate = true> <Delay = 1.02> <CoreInst = "RAM">   --->   Core 83 'RAM' <Latency = 1> <II = 1> <Delay = 1.02> <Storage> <Opcode : 'load' 'store'> <Ports = 2> <Width = 32> <Depth = 128> <RAM>
ST_15 : Operation 597 [1/2] (1.02ns)   --->   "%input_r_load_7 = load i7 %input_r_addr_7"   --->   Operation 597 'load' 'input_r_load_7' <Predicate = true> <Delay = 1.02> <CoreInst = "RAM">   --->   Core 83 'RAM' <Latency = 1> <II = 1> <Delay = 1.02> <Storage> <Opcode : 'load' 'store'> <Ports = 2> <Width = 32> <Depth = 128> <RAM>
ST_15 : Operation 598 [2/2] (1.02ns)   --->   "%input_r_load_8 = load i7 %input_r_addr_8"   --->   Operation 598 'load' 'input_r_load_8' <Predicate = true> <Delay = 1.02> <CoreInst = "RAM">   --->   Core 83 'RAM' <Latency = 1> <II = 1> <Delay = 1.02> <Storage> <Opcode : 'load' 'store'> <Ports = 2> <Width = 32> <Depth = 128> <RAM>
ST_15 : Operation 599 [2/2] (1.02ns)   --->   "%input_r_load_9 = load i7 %input_r_addr_9"   --->   Operation 599 'load' 'input_r_load_9' <Predicate = true> <Delay = 1.02> <CoreInst = "RAM">   --->   Core 83 'RAM' <Latency = 1> <II = 1> <Delay = 1.02> <Storage> <Opcode : 'load' 'store'> <Ports = 2> <Width = 32> <Depth = 128> <RAM>

State 16 <SV = 12> <Delay = 1.02>
ST_16 : Operation 600 [1/2] (1.02ns)   --->   "%input_r_load_8 = load i7 %input_r_addr_8"   --->   Operation 600 'load' 'input_r_load_8' <Predicate = true> <Delay = 1.02> <CoreInst = "RAM">   --->   Core 83 'RAM' <Latency = 1> <II = 1> <Delay = 1.02> <Storage> <Opcode : 'load' 'store'> <Ports = 2> <Width = 32> <Depth = 128> <RAM>
ST_16 : Operation 601 [1/2] (1.02ns)   --->   "%input_r_load_9 = load i7 %input_r_addr_9"   --->   Operation 601 'load' 'input_r_load_9' <Predicate = true> <Delay = 1.02> <CoreInst = "RAM">   --->   Core 83 'RAM' <Latency = 1> <II = 1> <Delay = 1.02> <Storage> <Opcode : 'load' 'store'> <Ports = 2> <Width = 32> <Depth = 128> <RAM>
ST_16 : Operation 602 [2/2] (1.02ns)   --->   "%input_r_load_10 = load i7 %input_r_addr_10"   --->   Operation 602 'load' 'input_r_load_10' <Predicate = true> <Delay = 1.02> <CoreInst = "RAM">   --->   Core 83 'RAM' <Latency = 1> <II = 1> <Delay = 1.02> <Storage> <Opcode : 'load' 'store'> <Ports = 2> <Width = 32> <Depth = 128> <RAM>
ST_16 : Operation 603 [2/2] (1.02ns)   --->   "%input_r_load_11 = load i7 %input_r_addr_11"   --->   Operation 603 'load' 'input_r_load_11' <Predicate = true> <Delay = 1.02> <CoreInst = "RAM">   --->   Core 83 'RAM' <Latency = 1> <II = 1> <Delay = 1.02> <Storage> <Opcode : 'load' 'store'> <Ports = 2> <Width = 32> <Depth = 128> <RAM>

State 17 <SV = 13> <Delay = 1.02>
ST_17 : Operation 604 [1/2] (1.02ns)   --->   "%input_r_load_10 = load i7 %input_r_addr_10"   --->   Operation 604 'load' 'input_r_load_10' <Predicate = true> <Delay = 1.02> <CoreInst = "RAM">   --->   Core 83 'RAM' <Latency = 1> <II = 1> <Delay = 1.02> <Storage> <Opcode : 'load' 'store'> <Ports = 2> <Width = 32> <Depth = 128> <RAM>
ST_17 : Operation 605 [1/2] (1.02ns)   --->   "%input_r_load_11 = load i7 %input_r_addr_11"   --->   Operation 605 'load' 'input_r_load_11' <Predicate = true> <Delay = 1.02> <CoreInst = "RAM">   --->   Core 83 'RAM' <Latency = 1> <II = 1> <Delay = 1.02> <Storage> <Opcode : 'load' 'store'> <Ports = 2> <Width = 32> <Depth = 128> <RAM>
ST_17 : Operation 606 [2/2] (1.02ns)   --->   "%input_r_load_12 = load i7 %input_r_addr_12"   --->   Operation 606 'load' 'input_r_load_12' <Predicate = true> <Delay = 1.02> <CoreInst = "RAM">   --->   Core 83 'RAM' <Latency = 1> <II = 1> <Delay = 1.02> <Storage> <Opcode : 'load' 'store'> <Ports = 2> <Width = 32> <Depth = 128> <RAM>
ST_17 : Operation 607 [2/2] (1.02ns)   --->   "%input_r_load_13 = load i7 %input_r_addr_13"   --->   Operation 607 'load' 'input_r_load_13' <Predicate = true> <Delay = 1.02> <CoreInst = "RAM">   --->   Core 83 'RAM' <Latency = 1> <II = 1> <Delay = 1.02> <Storage> <Opcode : 'load' 'store'> <Ports = 2> <Width = 32> <Depth = 128> <RAM>

State 18 <SV = 14> <Delay = 1.02>
ST_18 : Operation 608 [1/2] (1.02ns)   --->   "%input_r_load_12 = load i7 %input_r_addr_12"   --->   Operation 608 'load' 'input_r_load_12' <Predicate = true> <Delay = 1.02> <CoreInst = "RAM">   --->   Core 83 'RAM' <Latency = 1> <II = 1> <Delay = 1.02> <Storage> <Opcode : 'load' 'store'> <Ports = 2> <Width = 32> <Depth = 128> <RAM>
ST_18 : Operation 609 [1/2] (1.02ns)   --->   "%input_r_load_13 = load i7 %input_r_addr_13"   --->   Operation 609 'load' 'input_r_load_13' <Predicate = true> <Delay = 1.02> <CoreInst = "RAM">   --->   Core 83 'RAM' <Latency = 1> <II = 1> <Delay = 1.02> <Storage> <Opcode : 'load' 'store'> <Ports = 2> <Width = 32> <Depth = 128> <RAM>
ST_18 : Operation 610 [2/2] (1.02ns)   --->   "%input_r_load_14 = load i7 %input_r_addr_14"   --->   Operation 610 'load' 'input_r_load_14' <Predicate = true> <Delay = 1.02> <CoreInst = "RAM">   --->   Core 83 'RAM' <Latency = 1> <II = 1> <Delay = 1.02> <Storage> <Opcode : 'load' 'store'> <Ports = 2> <Width = 32> <Depth = 128> <RAM>
ST_18 : Operation 611 [2/2] (1.02ns)   --->   "%input_r_load_15 = load i7 %input_r_addr_15"   --->   Operation 611 'load' 'input_r_load_15' <Predicate = true> <Delay = 1.02> <CoreInst = "RAM">   --->   Core 83 'RAM' <Latency = 1> <II = 1> <Delay = 1.02> <Storage> <Opcode : 'load' 'store'> <Ports = 2> <Width = 32> <Depth = 128> <RAM>

State 19 <SV = 15> <Delay = 1.02>
ST_19 : Operation 612 [1/2] (1.02ns)   --->   "%input_r_load_14 = load i7 %input_r_addr_14"   --->   Operation 612 'load' 'input_r_load_14' <Predicate = true> <Delay = 1.02> <CoreInst = "RAM">   --->   Core 83 'RAM' <Latency = 1> <II = 1> <Delay = 1.02> <Storage> <Opcode : 'load' 'store'> <Ports = 2> <Width = 32> <Depth = 128> <RAM>
ST_19 : Operation 613 [1/2] (1.02ns)   --->   "%input_r_load_15 = load i7 %input_r_addr_15"   --->   Operation 613 'load' 'input_r_load_15' <Predicate = true> <Delay = 1.02> <CoreInst = "RAM">   --->   Core 83 'RAM' <Latency = 1> <II = 1> <Delay = 1.02> <Storage> <Opcode : 'load' 'store'> <Ports = 2> <Width = 32> <Depth = 128> <RAM>
ST_19 : Operation 614 [2/2] (1.02ns)   --->   "%input_r_load_16 = load i7 %input_r_addr_16"   --->   Operation 614 'load' 'input_r_load_16' <Predicate = true> <Delay = 1.02> <CoreInst = "RAM">   --->   Core 83 'RAM' <Latency = 1> <II = 1> <Delay = 1.02> <Storage> <Opcode : 'load' 'store'> <Ports = 2> <Width = 32> <Depth = 128> <RAM>
ST_19 : Operation 615 [2/2] (1.02ns)   --->   "%input_r_load_17 = load i7 %input_r_addr_17"   --->   Operation 615 'load' 'input_r_load_17' <Predicate = true> <Delay = 1.02> <CoreInst = "RAM">   --->   Core 83 'RAM' <Latency = 1> <II = 1> <Delay = 1.02> <Storage> <Opcode : 'load' 'store'> <Ports = 2> <Width = 32> <Depth = 128> <RAM>

State 20 <SV = 16> <Delay = 1.02>
ST_20 : Operation 616 [1/2] (1.02ns)   --->   "%input_r_load_16 = load i7 %input_r_addr_16"   --->   Operation 616 'load' 'input_r_load_16' <Predicate = true> <Delay = 1.02> <CoreInst = "RAM">   --->   Core 83 'RAM' <Latency = 1> <II = 1> <Delay = 1.02> <Storage> <Opcode : 'load' 'store'> <Ports = 2> <Width = 32> <Depth = 128> <RAM>
ST_20 : Operation 617 [1/2] (1.02ns)   --->   "%input_r_load_17 = load i7 %input_r_addr_17"   --->   Operation 617 'load' 'input_r_load_17' <Predicate = true> <Delay = 1.02> <CoreInst = "RAM">   --->   Core 83 'RAM' <Latency = 1> <II = 1> <Delay = 1.02> <Storage> <Opcode : 'load' 'store'> <Ports = 2> <Width = 32> <Depth = 128> <RAM>
ST_20 : Operation 618 [2/2] (1.02ns)   --->   "%input_r_load_18 = load i7 %input_r_addr_18"   --->   Operation 618 'load' 'input_r_load_18' <Predicate = true> <Delay = 1.02> <CoreInst = "RAM">   --->   Core 83 'RAM' <Latency = 1> <II = 1> <Delay = 1.02> <Storage> <Opcode : 'load' 'store'> <Ports = 2> <Width = 32> <Depth = 128> <RAM>
ST_20 : Operation 619 [2/2] (1.02ns)   --->   "%input_r_load_19 = load i7 %input_r_addr_19"   --->   Operation 619 'load' 'input_r_load_19' <Predicate = true> <Delay = 1.02> <CoreInst = "RAM">   --->   Core 83 'RAM' <Latency = 1> <II = 1> <Delay = 1.02> <Storage> <Opcode : 'load' 'store'> <Ports = 2> <Width = 32> <Depth = 128> <RAM>

State 21 <SV = 17> <Delay = 1.02>
ST_21 : Operation 620 [1/2] (1.02ns)   --->   "%input_r_load_18 = load i7 %input_r_addr_18"   --->   Operation 620 'load' 'input_r_load_18' <Predicate = true> <Delay = 1.02> <CoreInst = "RAM">   --->   Core 83 'RAM' <Latency = 1> <II = 1> <Delay = 1.02> <Storage> <Opcode : 'load' 'store'> <Ports = 2> <Width = 32> <Depth = 128> <RAM>
ST_21 : Operation 621 [1/2] (1.02ns)   --->   "%input_r_load_19 = load i7 %input_r_addr_19"   --->   Operation 621 'load' 'input_r_load_19' <Predicate = true> <Delay = 1.02> <CoreInst = "RAM">   --->   Core 83 'RAM' <Latency = 1> <II = 1> <Delay = 1.02> <Storage> <Opcode : 'load' 'store'> <Ports = 2> <Width = 32> <Depth = 128> <RAM>
ST_21 : Operation 622 [2/2] (1.02ns)   --->   "%input_r_load_20 = load i7 %input_r_addr_20"   --->   Operation 622 'load' 'input_r_load_20' <Predicate = true> <Delay = 1.02> <CoreInst = "RAM">   --->   Core 83 'RAM' <Latency = 1> <II = 1> <Delay = 1.02> <Storage> <Opcode : 'load' 'store'> <Ports = 2> <Width = 32> <Depth = 128> <RAM>
ST_21 : Operation 623 [2/2] (1.02ns)   --->   "%input_r_load_21 = load i7 %input_r_addr_21"   --->   Operation 623 'load' 'input_r_load_21' <Predicate = true> <Delay = 1.02> <CoreInst = "RAM">   --->   Core 83 'RAM' <Latency = 1> <II = 1> <Delay = 1.02> <Storage> <Opcode : 'load' 'store'> <Ports = 2> <Width = 32> <Depth = 128> <RAM>

State 22 <SV = 18> <Delay = 1.02>
ST_22 : Operation 624 [1/2] (1.02ns)   --->   "%input_r_load_20 = load i7 %input_r_addr_20"   --->   Operation 624 'load' 'input_r_load_20' <Predicate = true> <Delay = 1.02> <CoreInst = "RAM">   --->   Core 83 'RAM' <Latency = 1> <II = 1> <Delay = 1.02> <Storage> <Opcode : 'load' 'store'> <Ports = 2> <Width = 32> <Depth = 128> <RAM>
ST_22 : Operation 625 [1/2] (1.02ns)   --->   "%input_r_load_21 = load i7 %input_r_addr_21"   --->   Operation 625 'load' 'input_r_load_21' <Predicate = true> <Delay = 1.02> <CoreInst = "RAM">   --->   Core 83 'RAM' <Latency = 1> <II = 1> <Delay = 1.02> <Storage> <Opcode : 'load' 'store'> <Ports = 2> <Width = 32> <Depth = 128> <RAM>
ST_22 : Operation 626 [2/2] (1.02ns)   --->   "%input_r_load_22 = load i7 %input_r_addr_22"   --->   Operation 626 'load' 'input_r_load_22' <Predicate = true> <Delay = 1.02> <CoreInst = "RAM">   --->   Core 83 'RAM' <Latency = 1> <II = 1> <Delay = 1.02> <Storage> <Opcode : 'load' 'store'> <Ports = 2> <Width = 32> <Depth = 128> <RAM>
ST_22 : Operation 627 [2/2] (1.02ns)   --->   "%input_r_load_23 = load i7 %input_r_addr_23"   --->   Operation 627 'load' 'input_r_load_23' <Predicate = true> <Delay = 1.02> <CoreInst = "RAM">   --->   Core 83 'RAM' <Latency = 1> <II = 1> <Delay = 1.02> <Storage> <Opcode : 'load' 'store'> <Ports = 2> <Width = 32> <Depth = 128> <RAM>

State 23 <SV = 19> <Delay = 1.02>
ST_23 : Operation 628 [1/2] (1.02ns)   --->   "%input_r_load_22 = load i7 %input_r_addr_22"   --->   Operation 628 'load' 'input_r_load_22' <Predicate = true> <Delay = 1.02> <CoreInst = "RAM">   --->   Core 83 'RAM' <Latency = 1> <II = 1> <Delay = 1.02> <Storage> <Opcode : 'load' 'store'> <Ports = 2> <Width = 32> <Depth = 128> <RAM>
ST_23 : Operation 629 [1/2] (1.02ns)   --->   "%input_r_load_23 = load i7 %input_r_addr_23"   --->   Operation 629 'load' 'input_r_load_23' <Predicate = true> <Delay = 1.02> <CoreInst = "RAM">   --->   Core 83 'RAM' <Latency = 1> <II = 1> <Delay = 1.02> <Storage> <Opcode : 'load' 'store'> <Ports = 2> <Width = 32> <Depth = 128> <RAM>
ST_23 : Operation 630 [2/2] (1.02ns)   --->   "%input_r_load_24 = load i7 %input_r_addr_24"   --->   Operation 630 'load' 'input_r_load_24' <Predicate = true> <Delay = 1.02> <CoreInst = "RAM">   --->   Core 83 'RAM' <Latency = 1> <II = 1> <Delay = 1.02> <Storage> <Opcode : 'load' 'store'> <Ports = 2> <Width = 32> <Depth = 128> <RAM>
ST_23 : Operation 631 [2/2] (1.02ns)   --->   "%input_r_load_25 = load i7 %input_r_addr_25"   --->   Operation 631 'load' 'input_r_load_25' <Predicate = true> <Delay = 1.02> <CoreInst = "RAM">   --->   Core 83 'RAM' <Latency = 1> <II = 1> <Delay = 1.02> <Storage> <Opcode : 'load' 'store'> <Ports = 2> <Width = 32> <Depth = 128> <RAM>

State 24 <SV = 20> <Delay = 1.02>
ST_24 : Operation 632 [1/2] (1.02ns)   --->   "%input_r_load_24 = load i7 %input_r_addr_24"   --->   Operation 632 'load' 'input_r_load_24' <Predicate = true> <Delay = 1.02> <CoreInst = "RAM">   --->   Core 83 'RAM' <Latency = 1> <II = 1> <Delay = 1.02> <Storage> <Opcode : 'load' 'store'> <Ports = 2> <Width = 32> <Depth = 128> <RAM>
ST_24 : Operation 633 [1/2] (1.02ns)   --->   "%input_r_load_25 = load i7 %input_r_addr_25"   --->   Operation 633 'load' 'input_r_load_25' <Predicate = true> <Delay = 1.02> <CoreInst = "RAM">   --->   Core 83 'RAM' <Latency = 1> <II = 1> <Delay = 1.02> <Storage> <Opcode : 'load' 'store'> <Ports = 2> <Width = 32> <Depth = 128> <RAM>
ST_24 : Operation 634 [2/2] (1.02ns)   --->   "%input_r_load_26 = load i7 %input_r_addr_26"   --->   Operation 634 'load' 'input_r_load_26' <Predicate = true> <Delay = 1.02> <CoreInst = "RAM">   --->   Core 83 'RAM' <Latency = 1> <II = 1> <Delay = 1.02> <Storage> <Opcode : 'load' 'store'> <Ports = 2> <Width = 32> <Depth = 128> <RAM>
ST_24 : Operation 635 [2/2] (1.02ns)   --->   "%input_r_load_27 = load i7 %input_r_addr_27"   --->   Operation 635 'load' 'input_r_load_27' <Predicate = true> <Delay = 1.02> <CoreInst = "RAM">   --->   Core 83 'RAM' <Latency = 1> <II = 1> <Delay = 1.02> <Storage> <Opcode : 'load' 'store'> <Ports = 2> <Width = 32> <Depth = 128> <RAM>

State 25 <SV = 21> <Delay = 1.02>
ST_25 : Operation 636 [1/2] (1.02ns)   --->   "%input_r_load_26 = load i7 %input_r_addr_26"   --->   Operation 636 'load' 'input_r_load_26' <Predicate = true> <Delay = 1.02> <CoreInst = "RAM">   --->   Core 83 'RAM' <Latency = 1> <II = 1> <Delay = 1.02> <Storage> <Opcode : 'load' 'store'> <Ports = 2> <Width = 32> <Depth = 128> <RAM>
ST_25 : Operation 637 [1/2] (1.02ns)   --->   "%input_r_load_27 = load i7 %input_r_addr_27"   --->   Operation 637 'load' 'input_r_load_27' <Predicate = true> <Delay = 1.02> <CoreInst = "RAM">   --->   Core 83 'RAM' <Latency = 1> <II = 1> <Delay = 1.02> <Storage> <Opcode : 'load' 'store'> <Ports = 2> <Width = 32> <Depth = 128> <RAM>
ST_25 : Operation 638 [2/2] (1.02ns)   --->   "%input_r_load_28 = load i7 %input_r_addr_28"   --->   Operation 638 'load' 'input_r_load_28' <Predicate = true> <Delay = 1.02> <CoreInst = "RAM">   --->   Core 83 'RAM' <Latency = 1> <II = 1> <Delay = 1.02> <Storage> <Opcode : 'load' 'store'> <Ports = 2> <Width = 32> <Depth = 128> <RAM>
ST_25 : Operation 639 [2/2] (1.02ns)   --->   "%input_r_load_29 = load i7 %input_r_addr_29"   --->   Operation 639 'load' 'input_r_load_29' <Predicate = true> <Delay = 1.02> <CoreInst = "RAM">   --->   Core 83 'RAM' <Latency = 1> <II = 1> <Delay = 1.02> <Storage> <Opcode : 'load' 'store'> <Ports = 2> <Width = 32> <Depth = 128> <RAM>

State 26 <SV = 22> <Delay = 1.02>
ST_26 : Operation 640 [1/2] (1.02ns)   --->   "%input_r_load_28 = load i7 %input_r_addr_28"   --->   Operation 640 'load' 'input_r_load_28' <Predicate = true> <Delay = 1.02> <CoreInst = "RAM">   --->   Core 83 'RAM' <Latency = 1> <II = 1> <Delay = 1.02> <Storage> <Opcode : 'load' 'store'> <Ports = 2> <Width = 32> <Depth = 128> <RAM>
ST_26 : Operation 641 [1/2] (1.02ns)   --->   "%input_r_load_29 = load i7 %input_r_addr_29"   --->   Operation 641 'load' 'input_r_load_29' <Predicate = true> <Delay = 1.02> <CoreInst = "RAM">   --->   Core 83 'RAM' <Latency = 1> <II = 1> <Delay = 1.02> <Storage> <Opcode : 'load' 'store'> <Ports = 2> <Width = 32> <Depth = 128> <RAM>
ST_26 : Operation 642 [2/2] (1.02ns)   --->   "%input_r_load_30 = load i7 %input_r_addr_30"   --->   Operation 642 'load' 'input_r_load_30' <Predicate = true> <Delay = 1.02> <CoreInst = "RAM">   --->   Core 83 'RAM' <Latency = 1> <II = 1> <Delay = 1.02> <Storage> <Opcode : 'load' 'store'> <Ports = 2> <Width = 32> <Depth = 128> <RAM>
ST_26 : Operation 643 [2/2] (1.02ns)   --->   "%input_r_load_31 = load i7 %input_r_addr_31"   --->   Operation 643 'load' 'input_r_load_31' <Predicate = true> <Delay = 1.02> <CoreInst = "RAM">   --->   Core 83 'RAM' <Latency = 1> <II = 1> <Delay = 1.02> <Storage> <Opcode : 'load' 'store'> <Ports = 2> <Width = 32> <Depth = 128> <RAM>

State 27 <SV = 23> <Delay = 1.02>
ST_27 : Operation 644 [1/2] (1.02ns)   --->   "%input_r_load_30 = load i7 %input_r_addr_30"   --->   Operation 644 'load' 'input_r_load_30' <Predicate = true> <Delay = 1.02> <CoreInst = "RAM">   --->   Core 83 'RAM' <Latency = 1> <II = 1> <Delay = 1.02> <Storage> <Opcode : 'load' 'store'> <Ports = 2> <Width = 32> <Depth = 128> <RAM>
ST_27 : Operation 645 [1/2] (1.02ns)   --->   "%input_r_load_31 = load i7 %input_r_addr_31"   --->   Operation 645 'load' 'input_r_load_31' <Predicate = true> <Delay = 1.02> <CoreInst = "RAM">   --->   Core 83 'RAM' <Latency = 1> <II = 1> <Delay = 1.02> <Storage> <Opcode : 'load' 'store'> <Ports = 2> <Width = 32> <Depth = 128> <RAM>
ST_27 : Operation 646 [2/2] (1.02ns)   --->   "%input_r_load_32 = load i7 %input_r_addr_32"   --->   Operation 646 'load' 'input_r_load_32' <Predicate = true> <Delay = 1.02> <CoreInst = "RAM">   --->   Core 83 'RAM' <Latency = 1> <II = 1> <Delay = 1.02> <Storage> <Opcode : 'load' 'store'> <Ports = 2> <Width = 32> <Depth = 128> <RAM>
ST_27 : Operation 647 [2/2] (1.02ns)   --->   "%input_r_load_33 = load i7 %input_r_addr_33"   --->   Operation 647 'load' 'input_r_load_33' <Predicate = true> <Delay = 1.02> <CoreInst = "RAM">   --->   Core 83 'RAM' <Latency = 1> <II = 1> <Delay = 1.02> <Storage> <Opcode : 'load' 'store'> <Ports = 2> <Width = 32> <Depth = 128> <RAM>

State 28 <SV = 24> <Delay = 1.02>
ST_28 : Operation 648 [1/2] (1.02ns)   --->   "%input_r_load_32 = load i7 %input_r_addr_32"   --->   Operation 648 'load' 'input_r_load_32' <Predicate = true> <Delay = 1.02> <CoreInst = "RAM">   --->   Core 83 'RAM' <Latency = 1> <II = 1> <Delay = 1.02> <Storage> <Opcode : 'load' 'store'> <Ports = 2> <Width = 32> <Depth = 128> <RAM>
ST_28 : Operation 649 [1/2] (1.02ns)   --->   "%input_r_load_33 = load i7 %input_r_addr_33"   --->   Operation 649 'load' 'input_r_load_33' <Predicate = true> <Delay = 1.02> <CoreInst = "RAM">   --->   Core 83 'RAM' <Latency = 1> <II = 1> <Delay = 1.02> <Storage> <Opcode : 'load' 'store'> <Ports = 2> <Width = 32> <Depth = 128> <RAM>
ST_28 : Operation 650 [2/2] (1.02ns)   --->   "%input_r_load_34 = load i7 %input_r_addr_34"   --->   Operation 650 'load' 'input_r_load_34' <Predicate = true> <Delay = 1.02> <CoreInst = "RAM">   --->   Core 83 'RAM' <Latency = 1> <II = 1> <Delay = 1.02> <Storage> <Opcode : 'load' 'store'> <Ports = 2> <Width = 32> <Depth = 128> <RAM>
ST_28 : Operation 651 [2/2] (1.02ns)   --->   "%input_r_load_35 = load i7 %input_r_addr_35"   --->   Operation 651 'load' 'input_r_load_35' <Predicate = true> <Delay = 1.02> <CoreInst = "RAM">   --->   Core 83 'RAM' <Latency = 1> <II = 1> <Delay = 1.02> <Storage> <Opcode : 'load' 'store'> <Ports = 2> <Width = 32> <Depth = 128> <RAM>

State 29 <SV = 25> <Delay = 1.02>
ST_29 : Operation 652 [1/2] (1.02ns)   --->   "%input_r_load_34 = load i7 %input_r_addr_34"   --->   Operation 652 'load' 'input_r_load_34' <Predicate = true> <Delay = 1.02> <CoreInst = "RAM">   --->   Core 83 'RAM' <Latency = 1> <II = 1> <Delay = 1.02> <Storage> <Opcode : 'load' 'store'> <Ports = 2> <Width = 32> <Depth = 128> <RAM>
ST_29 : Operation 653 [1/2] (1.02ns)   --->   "%input_r_load_35 = load i7 %input_r_addr_35"   --->   Operation 653 'load' 'input_r_load_35' <Predicate = true> <Delay = 1.02> <CoreInst = "RAM">   --->   Core 83 'RAM' <Latency = 1> <II = 1> <Delay = 1.02> <Storage> <Opcode : 'load' 'store'> <Ports = 2> <Width = 32> <Depth = 128> <RAM>
ST_29 : Operation 654 [2/2] (1.02ns)   --->   "%input_r_load_36 = load i7 %input_r_addr_36"   --->   Operation 654 'load' 'input_r_load_36' <Predicate = true> <Delay = 1.02> <CoreInst = "RAM">   --->   Core 83 'RAM' <Latency = 1> <II = 1> <Delay = 1.02> <Storage> <Opcode : 'load' 'store'> <Ports = 2> <Width = 32> <Depth = 128> <RAM>
ST_29 : Operation 655 [2/2] (1.02ns)   --->   "%input_r_load_37 = load i7 %input_r_addr_37"   --->   Operation 655 'load' 'input_r_load_37' <Predicate = true> <Delay = 1.02> <CoreInst = "RAM">   --->   Core 83 'RAM' <Latency = 1> <II = 1> <Delay = 1.02> <Storage> <Opcode : 'load' 'store'> <Ports = 2> <Width = 32> <Depth = 128> <RAM>

State 30 <SV = 26> <Delay = 1.02>
ST_30 : Operation 656 [1/2] (1.02ns)   --->   "%input_r_load_36 = load i7 %input_r_addr_36"   --->   Operation 656 'load' 'input_r_load_36' <Predicate = true> <Delay = 1.02> <CoreInst = "RAM">   --->   Core 83 'RAM' <Latency = 1> <II = 1> <Delay = 1.02> <Storage> <Opcode : 'load' 'store'> <Ports = 2> <Width = 32> <Depth = 128> <RAM>
ST_30 : Operation 657 [1/2] (1.02ns)   --->   "%input_r_load_37 = load i7 %input_r_addr_37"   --->   Operation 657 'load' 'input_r_load_37' <Predicate = true> <Delay = 1.02> <CoreInst = "RAM">   --->   Core 83 'RAM' <Latency = 1> <II = 1> <Delay = 1.02> <Storage> <Opcode : 'load' 'store'> <Ports = 2> <Width = 32> <Depth = 128> <RAM>
ST_30 : Operation 658 [2/2] (1.02ns)   --->   "%input_r_load_38 = load i7 %input_r_addr_38"   --->   Operation 658 'load' 'input_r_load_38' <Predicate = true> <Delay = 1.02> <CoreInst = "RAM">   --->   Core 83 'RAM' <Latency = 1> <II = 1> <Delay = 1.02> <Storage> <Opcode : 'load' 'store'> <Ports = 2> <Width = 32> <Depth = 128> <RAM>
ST_30 : Operation 659 [2/2] (1.02ns)   --->   "%input_r_load_39 = load i7 %input_r_addr_39"   --->   Operation 659 'load' 'input_r_load_39' <Predicate = true> <Delay = 1.02> <CoreInst = "RAM">   --->   Core 83 'RAM' <Latency = 1> <II = 1> <Delay = 1.02> <Storage> <Opcode : 'load' 'store'> <Ports = 2> <Width = 32> <Depth = 128> <RAM>

State 31 <SV = 27> <Delay = 1.02>
ST_31 : Operation 660 [1/2] (1.02ns)   --->   "%input_r_load_38 = load i7 %input_r_addr_38"   --->   Operation 660 'load' 'input_r_load_38' <Predicate = true> <Delay = 1.02> <CoreInst = "RAM">   --->   Core 83 'RAM' <Latency = 1> <II = 1> <Delay = 1.02> <Storage> <Opcode : 'load' 'store'> <Ports = 2> <Width = 32> <Depth = 128> <RAM>
ST_31 : Operation 661 [1/2] (1.02ns)   --->   "%input_r_load_39 = load i7 %input_r_addr_39"   --->   Operation 661 'load' 'input_r_load_39' <Predicate = true> <Delay = 1.02> <CoreInst = "RAM">   --->   Core 83 'RAM' <Latency = 1> <II = 1> <Delay = 1.02> <Storage> <Opcode : 'load' 'store'> <Ports = 2> <Width = 32> <Depth = 128> <RAM>
ST_31 : Operation 662 [2/2] (1.02ns)   --->   "%input_r_load_40 = load i7 %input_r_addr_40"   --->   Operation 662 'load' 'input_r_load_40' <Predicate = true> <Delay = 1.02> <CoreInst = "RAM">   --->   Core 83 'RAM' <Latency = 1> <II = 1> <Delay = 1.02> <Storage> <Opcode : 'load' 'store'> <Ports = 2> <Width = 32> <Depth = 128> <RAM>
ST_31 : Operation 663 [2/2] (1.02ns)   --->   "%input_r_load_41 = load i7 %input_r_addr_41"   --->   Operation 663 'load' 'input_r_load_41' <Predicate = true> <Delay = 1.02> <CoreInst = "RAM">   --->   Core 83 'RAM' <Latency = 1> <II = 1> <Delay = 1.02> <Storage> <Opcode : 'load' 'store'> <Ports = 2> <Width = 32> <Depth = 128> <RAM>

State 32 <SV = 28> <Delay = 1.02>
ST_32 : Operation 664 [1/2] (1.02ns)   --->   "%input_r_load_40 = load i7 %input_r_addr_40"   --->   Operation 664 'load' 'input_r_load_40' <Predicate = true> <Delay = 1.02> <CoreInst = "RAM">   --->   Core 83 'RAM' <Latency = 1> <II = 1> <Delay = 1.02> <Storage> <Opcode : 'load' 'store'> <Ports = 2> <Width = 32> <Depth = 128> <RAM>
ST_32 : Operation 665 [1/2] (1.02ns)   --->   "%input_r_load_41 = load i7 %input_r_addr_41"   --->   Operation 665 'load' 'input_r_load_41' <Predicate = true> <Delay = 1.02> <CoreInst = "RAM">   --->   Core 83 'RAM' <Latency = 1> <II = 1> <Delay = 1.02> <Storage> <Opcode : 'load' 'store'> <Ports = 2> <Width = 32> <Depth = 128> <RAM>
ST_32 : Operation 666 [2/2] (1.02ns)   --->   "%input_r_load_42 = load i7 %input_r_addr_42"   --->   Operation 666 'load' 'input_r_load_42' <Predicate = true> <Delay = 1.02> <CoreInst = "RAM">   --->   Core 83 'RAM' <Latency = 1> <II = 1> <Delay = 1.02> <Storage> <Opcode : 'load' 'store'> <Ports = 2> <Width = 32> <Depth = 128> <RAM>
ST_32 : Operation 667 [2/2] (1.02ns)   --->   "%input_r_load_43 = load i7 %input_r_addr_43"   --->   Operation 667 'load' 'input_r_load_43' <Predicate = true> <Delay = 1.02> <CoreInst = "RAM">   --->   Core 83 'RAM' <Latency = 1> <II = 1> <Delay = 1.02> <Storage> <Opcode : 'load' 'store'> <Ports = 2> <Width = 32> <Depth = 128> <RAM>

State 33 <SV = 29> <Delay = 1.02>
ST_33 : Operation 668 [1/2] (1.02ns)   --->   "%input_r_load_42 = load i7 %input_r_addr_42"   --->   Operation 668 'load' 'input_r_load_42' <Predicate = true> <Delay = 1.02> <CoreInst = "RAM">   --->   Core 83 'RAM' <Latency = 1> <II = 1> <Delay = 1.02> <Storage> <Opcode : 'load' 'store'> <Ports = 2> <Width = 32> <Depth = 128> <RAM>
ST_33 : Operation 669 [1/2] (1.02ns)   --->   "%input_r_load_43 = load i7 %input_r_addr_43"   --->   Operation 669 'load' 'input_r_load_43' <Predicate = true> <Delay = 1.02> <CoreInst = "RAM">   --->   Core 83 'RAM' <Latency = 1> <II = 1> <Delay = 1.02> <Storage> <Opcode : 'load' 'store'> <Ports = 2> <Width = 32> <Depth = 128> <RAM>
ST_33 : Operation 670 [2/2] (1.02ns)   --->   "%input_r_load_44 = load i7 %input_r_addr_44"   --->   Operation 670 'load' 'input_r_load_44' <Predicate = true> <Delay = 1.02> <CoreInst = "RAM">   --->   Core 83 'RAM' <Latency = 1> <II = 1> <Delay = 1.02> <Storage> <Opcode : 'load' 'store'> <Ports = 2> <Width = 32> <Depth = 128> <RAM>
ST_33 : Operation 671 [2/2] (1.02ns)   --->   "%input_r_load_45 = load i7 %input_r_addr_45"   --->   Operation 671 'load' 'input_r_load_45' <Predicate = true> <Delay = 1.02> <CoreInst = "RAM">   --->   Core 83 'RAM' <Latency = 1> <II = 1> <Delay = 1.02> <Storage> <Opcode : 'load' 'store'> <Ports = 2> <Width = 32> <Depth = 128> <RAM>

State 34 <SV = 30> <Delay = 1.02>
ST_34 : Operation 672 [1/2] (1.02ns)   --->   "%input_r_load_44 = load i7 %input_r_addr_44"   --->   Operation 672 'load' 'input_r_load_44' <Predicate = true> <Delay = 1.02> <CoreInst = "RAM">   --->   Core 83 'RAM' <Latency = 1> <II = 1> <Delay = 1.02> <Storage> <Opcode : 'load' 'store'> <Ports = 2> <Width = 32> <Depth = 128> <RAM>
ST_34 : Operation 673 [1/2] (1.02ns)   --->   "%input_r_load_45 = load i7 %input_r_addr_45"   --->   Operation 673 'load' 'input_r_load_45' <Predicate = true> <Delay = 1.02> <CoreInst = "RAM">   --->   Core 83 'RAM' <Latency = 1> <II = 1> <Delay = 1.02> <Storage> <Opcode : 'load' 'store'> <Ports = 2> <Width = 32> <Depth = 128> <RAM>
ST_34 : Operation 674 [2/2] (1.02ns)   --->   "%input_r_load_46 = load i7 %input_r_addr_46"   --->   Operation 674 'load' 'input_r_load_46' <Predicate = true> <Delay = 1.02> <CoreInst = "RAM">   --->   Core 83 'RAM' <Latency = 1> <II = 1> <Delay = 1.02> <Storage> <Opcode : 'load' 'store'> <Ports = 2> <Width = 32> <Depth = 128> <RAM>
ST_34 : Operation 675 [2/2] (1.02ns)   --->   "%input_r_load_47 = load i7 %input_r_addr_47"   --->   Operation 675 'load' 'input_r_load_47' <Predicate = true> <Delay = 1.02> <CoreInst = "RAM">   --->   Core 83 'RAM' <Latency = 1> <II = 1> <Delay = 1.02> <Storage> <Opcode : 'load' 'store'> <Ports = 2> <Width = 32> <Depth = 128> <RAM>

State 35 <SV = 31> <Delay = 1.02>
ST_35 : Operation 676 [1/2] (1.02ns)   --->   "%input_r_load_46 = load i7 %input_r_addr_46"   --->   Operation 676 'load' 'input_r_load_46' <Predicate = true> <Delay = 1.02> <CoreInst = "RAM">   --->   Core 83 'RAM' <Latency = 1> <II = 1> <Delay = 1.02> <Storage> <Opcode : 'load' 'store'> <Ports = 2> <Width = 32> <Depth = 128> <RAM>
ST_35 : Operation 677 [1/2] (1.02ns)   --->   "%input_r_load_47 = load i7 %input_r_addr_47"   --->   Operation 677 'load' 'input_r_load_47' <Predicate = true> <Delay = 1.02> <CoreInst = "RAM">   --->   Core 83 'RAM' <Latency = 1> <II = 1> <Delay = 1.02> <Storage> <Opcode : 'load' 'store'> <Ports = 2> <Width = 32> <Depth = 128> <RAM>
ST_35 : Operation 678 [2/2] (1.02ns)   --->   "%input_r_load_48 = load i7 %input_r_addr_48"   --->   Operation 678 'load' 'input_r_load_48' <Predicate = true> <Delay = 1.02> <CoreInst = "RAM">   --->   Core 83 'RAM' <Latency = 1> <II = 1> <Delay = 1.02> <Storage> <Opcode : 'load' 'store'> <Ports = 2> <Width = 32> <Depth = 128> <RAM>
ST_35 : Operation 679 [2/2] (1.02ns)   --->   "%input_r_load_49 = load i7 %input_r_addr_49"   --->   Operation 679 'load' 'input_r_load_49' <Predicate = true> <Delay = 1.02> <CoreInst = "RAM">   --->   Core 83 'RAM' <Latency = 1> <II = 1> <Delay = 1.02> <Storage> <Opcode : 'load' 'store'> <Ports = 2> <Width = 32> <Depth = 128> <RAM>

State 36 <SV = 32> <Delay = 1.02>
ST_36 : Operation 680 [1/2] (1.02ns)   --->   "%input_r_load_48 = load i7 %input_r_addr_48"   --->   Operation 680 'load' 'input_r_load_48' <Predicate = true> <Delay = 1.02> <CoreInst = "RAM">   --->   Core 83 'RAM' <Latency = 1> <II = 1> <Delay = 1.02> <Storage> <Opcode : 'load' 'store'> <Ports = 2> <Width = 32> <Depth = 128> <RAM>
ST_36 : Operation 681 [1/2] (1.02ns)   --->   "%input_r_load_49 = load i7 %input_r_addr_49"   --->   Operation 681 'load' 'input_r_load_49' <Predicate = true> <Delay = 1.02> <CoreInst = "RAM">   --->   Core 83 'RAM' <Latency = 1> <II = 1> <Delay = 1.02> <Storage> <Opcode : 'load' 'store'> <Ports = 2> <Width = 32> <Depth = 128> <RAM>
ST_36 : Operation 682 [2/2] (1.02ns)   --->   "%input_r_load_50 = load i7 %input_r_addr_50"   --->   Operation 682 'load' 'input_r_load_50' <Predicate = true> <Delay = 1.02> <CoreInst = "RAM">   --->   Core 83 'RAM' <Latency = 1> <II = 1> <Delay = 1.02> <Storage> <Opcode : 'load' 'store'> <Ports = 2> <Width = 32> <Depth = 128> <RAM>
ST_36 : Operation 683 [2/2] (1.02ns)   --->   "%input_r_load_51 = load i7 %input_r_addr_51"   --->   Operation 683 'load' 'input_r_load_51' <Predicate = true> <Delay = 1.02> <CoreInst = "RAM">   --->   Core 83 'RAM' <Latency = 1> <II = 1> <Delay = 1.02> <Storage> <Opcode : 'load' 'store'> <Ports = 2> <Width = 32> <Depth = 128> <RAM>

State 37 <SV = 33> <Delay = 1.02>
ST_37 : Operation 684 [1/2] (1.02ns)   --->   "%input_r_load_50 = load i7 %input_r_addr_50"   --->   Operation 684 'load' 'input_r_load_50' <Predicate = true> <Delay = 1.02> <CoreInst = "RAM">   --->   Core 83 'RAM' <Latency = 1> <II = 1> <Delay = 1.02> <Storage> <Opcode : 'load' 'store'> <Ports = 2> <Width = 32> <Depth = 128> <RAM>
ST_37 : Operation 685 [1/2] (1.02ns)   --->   "%input_r_load_51 = load i7 %input_r_addr_51"   --->   Operation 685 'load' 'input_r_load_51' <Predicate = true> <Delay = 1.02> <CoreInst = "RAM">   --->   Core 83 'RAM' <Latency = 1> <II = 1> <Delay = 1.02> <Storage> <Opcode : 'load' 'store'> <Ports = 2> <Width = 32> <Depth = 128> <RAM>
ST_37 : Operation 686 [2/2] (1.02ns)   --->   "%input_r_load_52 = load i7 %input_r_addr_52"   --->   Operation 686 'load' 'input_r_load_52' <Predicate = true> <Delay = 1.02> <CoreInst = "RAM">   --->   Core 83 'RAM' <Latency = 1> <II = 1> <Delay = 1.02> <Storage> <Opcode : 'load' 'store'> <Ports = 2> <Width = 32> <Depth = 128> <RAM>
ST_37 : Operation 687 [2/2] (1.02ns)   --->   "%input_r_load_53 = load i7 %input_r_addr_53"   --->   Operation 687 'load' 'input_r_load_53' <Predicate = true> <Delay = 1.02> <CoreInst = "RAM">   --->   Core 83 'RAM' <Latency = 1> <II = 1> <Delay = 1.02> <Storage> <Opcode : 'load' 'store'> <Ports = 2> <Width = 32> <Depth = 128> <RAM>

State 38 <SV = 34> <Delay = 1.02>
ST_38 : Operation 688 [1/2] (1.02ns)   --->   "%input_r_load_52 = load i7 %input_r_addr_52"   --->   Operation 688 'load' 'input_r_load_52' <Predicate = true> <Delay = 1.02> <CoreInst = "RAM">   --->   Core 83 'RAM' <Latency = 1> <II = 1> <Delay = 1.02> <Storage> <Opcode : 'load' 'store'> <Ports = 2> <Width = 32> <Depth = 128> <RAM>
ST_38 : Operation 689 [1/2] (1.02ns)   --->   "%input_r_load_53 = load i7 %input_r_addr_53"   --->   Operation 689 'load' 'input_r_load_53' <Predicate = true> <Delay = 1.02> <CoreInst = "RAM">   --->   Core 83 'RAM' <Latency = 1> <II = 1> <Delay = 1.02> <Storage> <Opcode : 'load' 'store'> <Ports = 2> <Width = 32> <Depth = 128> <RAM>
ST_38 : Operation 690 [2/2] (1.02ns)   --->   "%input_r_load_54 = load i7 %input_r_addr_54"   --->   Operation 690 'load' 'input_r_load_54' <Predicate = true> <Delay = 1.02> <CoreInst = "RAM">   --->   Core 83 'RAM' <Latency = 1> <II = 1> <Delay = 1.02> <Storage> <Opcode : 'load' 'store'> <Ports = 2> <Width = 32> <Depth = 128> <RAM>
ST_38 : Operation 691 [2/2] (1.02ns)   --->   "%input_r_load_55 = load i7 %input_r_addr_55"   --->   Operation 691 'load' 'input_r_load_55' <Predicate = true> <Delay = 1.02> <CoreInst = "RAM">   --->   Core 83 'RAM' <Latency = 1> <II = 1> <Delay = 1.02> <Storage> <Opcode : 'load' 'store'> <Ports = 2> <Width = 32> <Depth = 128> <RAM>

State 39 <SV = 35> <Delay = 1.02>
ST_39 : Operation 692 [1/2] (1.02ns)   --->   "%input_r_load_54 = load i7 %input_r_addr_54"   --->   Operation 692 'load' 'input_r_load_54' <Predicate = true> <Delay = 1.02> <CoreInst = "RAM">   --->   Core 83 'RAM' <Latency = 1> <II = 1> <Delay = 1.02> <Storage> <Opcode : 'load' 'store'> <Ports = 2> <Width = 32> <Depth = 128> <RAM>
ST_39 : Operation 693 [1/2] (1.02ns)   --->   "%input_r_load_55 = load i7 %input_r_addr_55"   --->   Operation 693 'load' 'input_r_load_55' <Predicate = true> <Delay = 1.02> <CoreInst = "RAM">   --->   Core 83 'RAM' <Latency = 1> <II = 1> <Delay = 1.02> <Storage> <Opcode : 'load' 'store'> <Ports = 2> <Width = 32> <Depth = 128> <RAM>
ST_39 : Operation 694 [2/2] (1.02ns)   --->   "%input_r_load_56 = load i7 %input_r_addr_56"   --->   Operation 694 'load' 'input_r_load_56' <Predicate = true> <Delay = 1.02> <CoreInst = "RAM">   --->   Core 83 'RAM' <Latency = 1> <II = 1> <Delay = 1.02> <Storage> <Opcode : 'load' 'store'> <Ports = 2> <Width = 32> <Depth = 128> <RAM>
ST_39 : Operation 695 [2/2] (1.02ns)   --->   "%input_r_load_57 = load i7 %input_r_addr_57"   --->   Operation 695 'load' 'input_r_load_57' <Predicate = true> <Delay = 1.02> <CoreInst = "RAM">   --->   Core 83 'RAM' <Latency = 1> <II = 1> <Delay = 1.02> <Storage> <Opcode : 'load' 'store'> <Ports = 2> <Width = 32> <Depth = 128> <RAM>

State 40 <SV = 36> <Delay = 1.02>
ST_40 : Operation 696 [1/2] (1.02ns)   --->   "%input_r_load_56 = load i7 %input_r_addr_56"   --->   Operation 696 'load' 'input_r_load_56' <Predicate = true> <Delay = 1.02> <CoreInst = "RAM">   --->   Core 83 'RAM' <Latency = 1> <II = 1> <Delay = 1.02> <Storage> <Opcode : 'load' 'store'> <Ports = 2> <Width = 32> <Depth = 128> <RAM>
ST_40 : Operation 697 [1/2] (1.02ns)   --->   "%input_r_load_57 = load i7 %input_r_addr_57"   --->   Operation 697 'load' 'input_r_load_57' <Predicate = true> <Delay = 1.02> <CoreInst = "RAM">   --->   Core 83 'RAM' <Latency = 1> <II = 1> <Delay = 1.02> <Storage> <Opcode : 'load' 'store'> <Ports = 2> <Width = 32> <Depth = 128> <RAM>
ST_40 : Operation 698 [2/2] (1.02ns)   --->   "%input_r_load_58 = load i7 %input_r_addr_58"   --->   Operation 698 'load' 'input_r_load_58' <Predicate = true> <Delay = 1.02> <CoreInst = "RAM">   --->   Core 83 'RAM' <Latency = 1> <II = 1> <Delay = 1.02> <Storage> <Opcode : 'load' 'store'> <Ports = 2> <Width = 32> <Depth = 128> <RAM>
ST_40 : Operation 699 [2/2] (1.02ns)   --->   "%input_r_load_59 = load i7 %input_r_addr_59"   --->   Operation 699 'load' 'input_r_load_59' <Predicate = true> <Delay = 1.02> <CoreInst = "RAM">   --->   Core 83 'RAM' <Latency = 1> <II = 1> <Delay = 1.02> <Storage> <Opcode : 'load' 'store'> <Ports = 2> <Width = 32> <Depth = 128> <RAM>

State 41 <SV = 37> <Delay = 1.02>
ST_41 : Operation 700 [1/2] (1.02ns)   --->   "%input_r_load_58 = load i7 %input_r_addr_58"   --->   Operation 700 'load' 'input_r_load_58' <Predicate = true> <Delay = 1.02> <CoreInst = "RAM">   --->   Core 83 'RAM' <Latency = 1> <II = 1> <Delay = 1.02> <Storage> <Opcode : 'load' 'store'> <Ports = 2> <Width = 32> <Depth = 128> <RAM>
ST_41 : Operation 701 [1/2] (1.02ns)   --->   "%input_r_load_59 = load i7 %input_r_addr_59"   --->   Operation 701 'load' 'input_r_load_59' <Predicate = true> <Delay = 1.02> <CoreInst = "RAM">   --->   Core 83 'RAM' <Latency = 1> <II = 1> <Delay = 1.02> <Storage> <Opcode : 'load' 'store'> <Ports = 2> <Width = 32> <Depth = 128> <RAM>
ST_41 : Operation 702 [2/2] (1.02ns)   --->   "%input_r_load_60 = load i7 %input_r_addr_60"   --->   Operation 702 'load' 'input_r_load_60' <Predicate = true> <Delay = 1.02> <CoreInst = "RAM">   --->   Core 83 'RAM' <Latency = 1> <II = 1> <Delay = 1.02> <Storage> <Opcode : 'load' 'store'> <Ports = 2> <Width = 32> <Depth = 128> <RAM>
ST_41 : Operation 703 [2/2] (1.02ns)   --->   "%input_r_load_61 = load i7 %input_r_addr_61"   --->   Operation 703 'load' 'input_r_load_61' <Predicate = true> <Delay = 1.02> <CoreInst = "RAM">   --->   Core 83 'RAM' <Latency = 1> <II = 1> <Delay = 1.02> <Storage> <Opcode : 'load' 'store'> <Ports = 2> <Width = 32> <Depth = 128> <RAM>

State 42 <SV = 38> <Delay = 1.02>
ST_42 : Operation 704 [1/2] (1.02ns)   --->   "%input_r_load_60 = load i7 %input_r_addr_60"   --->   Operation 704 'load' 'input_r_load_60' <Predicate = true> <Delay = 1.02> <CoreInst = "RAM">   --->   Core 83 'RAM' <Latency = 1> <II = 1> <Delay = 1.02> <Storage> <Opcode : 'load' 'store'> <Ports = 2> <Width = 32> <Depth = 128> <RAM>
ST_42 : Operation 705 [1/2] (1.02ns)   --->   "%input_r_load_61 = load i7 %input_r_addr_61"   --->   Operation 705 'load' 'input_r_load_61' <Predicate = true> <Delay = 1.02> <CoreInst = "RAM">   --->   Core 83 'RAM' <Latency = 1> <II = 1> <Delay = 1.02> <Storage> <Opcode : 'load' 'store'> <Ports = 2> <Width = 32> <Depth = 128> <RAM>
ST_42 : Operation 706 [2/2] (1.02ns)   --->   "%input_r_load_62 = load i7 %input_r_addr_62"   --->   Operation 706 'load' 'input_r_load_62' <Predicate = true> <Delay = 1.02> <CoreInst = "RAM">   --->   Core 83 'RAM' <Latency = 1> <II = 1> <Delay = 1.02> <Storage> <Opcode : 'load' 'store'> <Ports = 2> <Width = 32> <Depth = 128> <RAM>
ST_42 : Operation 707 [2/2] (1.02ns)   --->   "%input_r_load_63 = load i7 %input_r_addr_63"   --->   Operation 707 'load' 'input_r_load_63' <Predicate = true> <Delay = 1.02> <CoreInst = "RAM">   --->   Core 83 'RAM' <Latency = 1> <II = 1> <Delay = 1.02> <Storage> <Opcode : 'load' 'store'> <Ports = 2> <Width = 32> <Depth = 128> <RAM>

State 43 <SV = 39> <Delay = 1.02>
ST_43 : Operation 708 [1/2] (1.02ns)   --->   "%input_r_load_62 = load i7 %input_r_addr_62"   --->   Operation 708 'load' 'input_r_load_62' <Predicate = true> <Delay = 1.02> <CoreInst = "RAM">   --->   Core 83 'RAM' <Latency = 1> <II = 1> <Delay = 1.02> <Storage> <Opcode : 'load' 'store'> <Ports = 2> <Width = 32> <Depth = 128> <RAM>
ST_43 : Operation 709 [1/2] (1.02ns)   --->   "%input_r_load_63 = load i7 %input_r_addr_63"   --->   Operation 709 'load' 'input_r_load_63' <Predicate = true> <Delay = 1.02> <CoreInst = "RAM">   --->   Core 83 'RAM' <Latency = 1> <II = 1> <Delay = 1.02> <Storage> <Opcode : 'load' 'store'> <Ports = 2> <Width = 32> <Depth = 128> <RAM>
ST_43 : Operation 710 [2/2] (1.02ns)   --->   "%input_r_load_64 = load i7 %input_r_addr_64"   --->   Operation 710 'load' 'input_r_load_64' <Predicate = true> <Delay = 1.02> <CoreInst = "RAM">   --->   Core 83 'RAM' <Latency = 1> <II = 1> <Delay = 1.02> <Storage> <Opcode : 'load' 'store'> <Ports = 2> <Width = 32> <Depth = 128> <RAM>
ST_43 : Operation 711 [2/2] (1.02ns)   --->   "%input_r_load_65 = load i7 %input_r_addr_65"   --->   Operation 711 'load' 'input_r_load_65' <Predicate = true> <Delay = 1.02> <CoreInst = "RAM">   --->   Core 83 'RAM' <Latency = 1> <II = 1> <Delay = 1.02> <Storage> <Opcode : 'load' 'store'> <Ports = 2> <Width = 32> <Depth = 128> <RAM>

State 44 <SV = 40> <Delay = 1.02>
ST_44 : Operation 712 [1/2] (1.02ns)   --->   "%input_r_load_64 = load i7 %input_r_addr_64"   --->   Operation 712 'load' 'input_r_load_64' <Predicate = true> <Delay = 1.02> <CoreInst = "RAM">   --->   Core 83 'RAM' <Latency = 1> <II = 1> <Delay = 1.02> <Storage> <Opcode : 'load' 'store'> <Ports = 2> <Width = 32> <Depth = 128> <RAM>
ST_44 : Operation 713 [1/2] (1.02ns)   --->   "%input_r_load_65 = load i7 %input_r_addr_65"   --->   Operation 713 'load' 'input_r_load_65' <Predicate = true> <Delay = 1.02> <CoreInst = "RAM">   --->   Core 83 'RAM' <Latency = 1> <II = 1> <Delay = 1.02> <Storage> <Opcode : 'load' 'store'> <Ports = 2> <Width = 32> <Depth = 128> <RAM>
ST_44 : Operation 714 [2/2] (1.02ns)   --->   "%input_r_load_66 = load i7 %input_r_addr_66"   --->   Operation 714 'load' 'input_r_load_66' <Predicate = true> <Delay = 1.02> <CoreInst = "RAM">   --->   Core 83 'RAM' <Latency = 1> <II = 1> <Delay = 1.02> <Storage> <Opcode : 'load' 'store'> <Ports = 2> <Width = 32> <Depth = 128> <RAM>
ST_44 : Operation 715 [2/2] (1.02ns)   --->   "%input_r_load_67 = load i7 %input_r_addr_67"   --->   Operation 715 'load' 'input_r_load_67' <Predicate = true> <Delay = 1.02> <CoreInst = "RAM">   --->   Core 83 'RAM' <Latency = 1> <II = 1> <Delay = 1.02> <Storage> <Opcode : 'load' 'store'> <Ports = 2> <Width = 32> <Depth = 128> <RAM>

State 45 <SV = 41> <Delay = 1.02>
ST_45 : Operation 716 [1/2] (1.02ns)   --->   "%input_r_load_66 = load i7 %input_r_addr_66"   --->   Operation 716 'load' 'input_r_load_66' <Predicate = true> <Delay = 1.02> <CoreInst = "RAM">   --->   Core 83 'RAM' <Latency = 1> <II = 1> <Delay = 1.02> <Storage> <Opcode : 'load' 'store'> <Ports = 2> <Width = 32> <Depth = 128> <RAM>
ST_45 : Operation 717 [1/2] (1.02ns)   --->   "%input_r_load_67 = load i7 %input_r_addr_67"   --->   Operation 717 'load' 'input_r_load_67' <Predicate = true> <Delay = 1.02> <CoreInst = "RAM">   --->   Core 83 'RAM' <Latency = 1> <II = 1> <Delay = 1.02> <Storage> <Opcode : 'load' 'store'> <Ports = 2> <Width = 32> <Depth = 128> <RAM>
ST_45 : Operation 718 [2/2] (1.02ns)   --->   "%input_r_load_68 = load i7 %input_r_addr_68"   --->   Operation 718 'load' 'input_r_load_68' <Predicate = true> <Delay = 1.02> <CoreInst = "RAM">   --->   Core 83 'RAM' <Latency = 1> <II = 1> <Delay = 1.02> <Storage> <Opcode : 'load' 'store'> <Ports = 2> <Width = 32> <Depth = 128> <RAM>
ST_45 : Operation 719 [2/2] (1.02ns)   --->   "%input_r_load_69 = load i7 %input_r_addr_69"   --->   Operation 719 'load' 'input_r_load_69' <Predicate = true> <Delay = 1.02> <CoreInst = "RAM">   --->   Core 83 'RAM' <Latency = 1> <II = 1> <Delay = 1.02> <Storage> <Opcode : 'load' 'store'> <Ports = 2> <Width = 32> <Depth = 128> <RAM>

State 46 <SV = 42> <Delay = 1.02>
ST_46 : Operation 720 [1/2] (1.02ns)   --->   "%input_r_load_68 = load i7 %input_r_addr_68"   --->   Operation 720 'load' 'input_r_load_68' <Predicate = true> <Delay = 1.02> <CoreInst = "RAM">   --->   Core 83 'RAM' <Latency = 1> <II = 1> <Delay = 1.02> <Storage> <Opcode : 'load' 'store'> <Ports = 2> <Width = 32> <Depth = 128> <RAM>
ST_46 : Operation 721 [1/2] (1.02ns)   --->   "%input_r_load_69 = load i7 %input_r_addr_69"   --->   Operation 721 'load' 'input_r_load_69' <Predicate = true> <Delay = 1.02> <CoreInst = "RAM">   --->   Core 83 'RAM' <Latency = 1> <II = 1> <Delay = 1.02> <Storage> <Opcode : 'load' 'store'> <Ports = 2> <Width = 32> <Depth = 128> <RAM>
ST_46 : Operation 722 [2/2] (1.02ns)   --->   "%input_r_load_70 = load i7 %input_r_addr_70"   --->   Operation 722 'load' 'input_r_load_70' <Predicate = true> <Delay = 1.02> <CoreInst = "RAM">   --->   Core 83 'RAM' <Latency = 1> <II = 1> <Delay = 1.02> <Storage> <Opcode : 'load' 'store'> <Ports = 2> <Width = 32> <Depth = 128> <RAM>
ST_46 : Operation 723 [2/2] (1.02ns)   --->   "%input_r_load_71 = load i7 %input_r_addr_71"   --->   Operation 723 'load' 'input_r_load_71' <Predicate = true> <Delay = 1.02> <CoreInst = "RAM">   --->   Core 83 'RAM' <Latency = 1> <II = 1> <Delay = 1.02> <Storage> <Opcode : 'load' 'store'> <Ports = 2> <Width = 32> <Depth = 128> <RAM>

State 47 <SV = 43> <Delay = 1.02>
ST_47 : Operation 724 [1/2] (1.02ns)   --->   "%input_r_load_70 = load i7 %input_r_addr_70"   --->   Operation 724 'load' 'input_r_load_70' <Predicate = true> <Delay = 1.02> <CoreInst = "RAM">   --->   Core 83 'RAM' <Latency = 1> <II = 1> <Delay = 1.02> <Storage> <Opcode : 'load' 'store'> <Ports = 2> <Width = 32> <Depth = 128> <RAM>
ST_47 : Operation 725 [1/2] (1.02ns)   --->   "%input_r_load_71 = load i7 %input_r_addr_71"   --->   Operation 725 'load' 'input_r_load_71' <Predicate = true> <Delay = 1.02> <CoreInst = "RAM">   --->   Core 83 'RAM' <Latency = 1> <II = 1> <Delay = 1.02> <Storage> <Opcode : 'load' 'store'> <Ports = 2> <Width = 32> <Depth = 128> <RAM>
ST_47 : Operation 726 [2/2] (1.02ns)   --->   "%input_r_load_72 = load i7 %input_r_addr_72"   --->   Operation 726 'load' 'input_r_load_72' <Predicate = true> <Delay = 1.02> <CoreInst = "RAM">   --->   Core 83 'RAM' <Latency = 1> <II = 1> <Delay = 1.02> <Storage> <Opcode : 'load' 'store'> <Ports = 2> <Width = 32> <Depth = 128> <RAM>
ST_47 : Operation 727 [2/2] (1.02ns)   --->   "%input_r_load_73 = load i7 %input_r_addr_73"   --->   Operation 727 'load' 'input_r_load_73' <Predicate = true> <Delay = 1.02> <CoreInst = "RAM">   --->   Core 83 'RAM' <Latency = 1> <II = 1> <Delay = 1.02> <Storage> <Opcode : 'load' 'store'> <Ports = 2> <Width = 32> <Depth = 128> <RAM>

State 48 <SV = 44> <Delay = 1.02>
ST_48 : Operation 728 [1/2] (1.02ns)   --->   "%input_r_load_72 = load i7 %input_r_addr_72"   --->   Operation 728 'load' 'input_r_load_72' <Predicate = true> <Delay = 1.02> <CoreInst = "RAM">   --->   Core 83 'RAM' <Latency = 1> <II = 1> <Delay = 1.02> <Storage> <Opcode : 'load' 'store'> <Ports = 2> <Width = 32> <Depth = 128> <RAM>
ST_48 : Operation 729 [1/2] (1.02ns)   --->   "%input_r_load_73 = load i7 %input_r_addr_73"   --->   Operation 729 'load' 'input_r_load_73' <Predicate = true> <Delay = 1.02> <CoreInst = "RAM">   --->   Core 83 'RAM' <Latency = 1> <II = 1> <Delay = 1.02> <Storage> <Opcode : 'load' 'store'> <Ports = 2> <Width = 32> <Depth = 128> <RAM>
ST_48 : Operation 730 [2/2] (1.02ns)   --->   "%input_r_load_74 = load i7 %input_r_addr_74"   --->   Operation 730 'load' 'input_r_load_74' <Predicate = true> <Delay = 1.02> <CoreInst = "RAM">   --->   Core 83 'RAM' <Latency = 1> <II = 1> <Delay = 1.02> <Storage> <Opcode : 'load' 'store'> <Ports = 2> <Width = 32> <Depth = 128> <RAM>
ST_48 : Operation 731 [2/2] (1.02ns)   --->   "%input_r_load_75 = load i7 %input_r_addr_75"   --->   Operation 731 'load' 'input_r_load_75' <Predicate = true> <Delay = 1.02> <CoreInst = "RAM">   --->   Core 83 'RAM' <Latency = 1> <II = 1> <Delay = 1.02> <Storage> <Opcode : 'load' 'store'> <Ports = 2> <Width = 32> <Depth = 128> <RAM>

State 49 <SV = 45> <Delay = 1.02>
ST_49 : Operation 732 [1/2] (1.02ns)   --->   "%input_r_load_74 = load i7 %input_r_addr_74"   --->   Operation 732 'load' 'input_r_load_74' <Predicate = true> <Delay = 1.02> <CoreInst = "RAM">   --->   Core 83 'RAM' <Latency = 1> <II = 1> <Delay = 1.02> <Storage> <Opcode : 'load' 'store'> <Ports = 2> <Width = 32> <Depth = 128> <RAM>
ST_49 : Operation 733 [1/2] (1.02ns)   --->   "%input_r_load_75 = load i7 %input_r_addr_75"   --->   Operation 733 'load' 'input_r_load_75' <Predicate = true> <Delay = 1.02> <CoreInst = "RAM">   --->   Core 83 'RAM' <Latency = 1> <II = 1> <Delay = 1.02> <Storage> <Opcode : 'load' 'store'> <Ports = 2> <Width = 32> <Depth = 128> <RAM>
ST_49 : Operation 734 [2/2] (1.02ns)   --->   "%input_r_load_76 = load i7 %input_r_addr_76"   --->   Operation 734 'load' 'input_r_load_76' <Predicate = true> <Delay = 1.02> <CoreInst = "RAM">   --->   Core 83 'RAM' <Latency = 1> <II = 1> <Delay = 1.02> <Storage> <Opcode : 'load' 'store'> <Ports = 2> <Width = 32> <Depth = 128> <RAM>
ST_49 : Operation 735 [2/2] (1.02ns)   --->   "%input_r_load_77 = load i7 %input_r_addr_77"   --->   Operation 735 'load' 'input_r_load_77' <Predicate = true> <Delay = 1.02> <CoreInst = "RAM">   --->   Core 83 'RAM' <Latency = 1> <II = 1> <Delay = 1.02> <Storage> <Opcode : 'load' 'store'> <Ports = 2> <Width = 32> <Depth = 128> <RAM>

State 50 <SV = 46> <Delay = 1.02>
ST_50 : Operation 736 [1/2] (1.02ns)   --->   "%input_r_load_76 = load i7 %input_r_addr_76"   --->   Operation 736 'load' 'input_r_load_76' <Predicate = true> <Delay = 1.02> <CoreInst = "RAM">   --->   Core 83 'RAM' <Latency = 1> <II = 1> <Delay = 1.02> <Storage> <Opcode : 'load' 'store'> <Ports = 2> <Width = 32> <Depth = 128> <RAM>
ST_50 : Operation 737 [1/2] (1.02ns)   --->   "%input_r_load_77 = load i7 %input_r_addr_77"   --->   Operation 737 'load' 'input_r_load_77' <Predicate = true> <Delay = 1.02> <CoreInst = "RAM">   --->   Core 83 'RAM' <Latency = 1> <II = 1> <Delay = 1.02> <Storage> <Opcode : 'load' 'store'> <Ports = 2> <Width = 32> <Depth = 128> <RAM>
ST_50 : Operation 738 [2/2] (1.02ns)   --->   "%input_r_load_78 = load i7 %input_r_addr_78"   --->   Operation 738 'load' 'input_r_load_78' <Predicate = true> <Delay = 1.02> <CoreInst = "RAM">   --->   Core 83 'RAM' <Latency = 1> <II = 1> <Delay = 1.02> <Storage> <Opcode : 'load' 'store'> <Ports = 2> <Width = 32> <Depth = 128> <RAM>
ST_50 : Operation 739 [2/2] (1.02ns)   --->   "%input_r_load_79 = load i7 %input_r_addr_79"   --->   Operation 739 'load' 'input_r_load_79' <Predicate = true> <Delay = 1.02> <CoreInst = "RAM">   --->   Core 83 'RAM' <Latency = 1> <II = 1> <Delay = 1.02> <Storage> <Opcode : 'load' 'store'> <Ports = 2> <Width = 32> <Depth = 128> <RAM>

State 51 <SV = 47> <Delay = 1.02>
ST_51 : Operation 740 [1/2] (1.02ns)   --->   "%input_r_load_78 = load i7 %input_r_addr_78"   --->   Operation 740 'load' 'input_r_load_78' <Predicate = true> <Delay = 1.02> <CoreInst = "RAM">   --->   Core 83 'RAM' <Latency = 1> <II = 1> <Delay = 1.02> <Storage> <Opcode : 'load' 'store'> <Ports = 2> <Width = 32> <Depth = 128> <RAM>
ST_51 : Operation 741 [1/2] (1.02ns)   --->   "%input_r_load_79 = load i7 %input_r_addr_79"   --->   Operation 741 'load' 'input_r_load_79' <Predicate = true> <Delay = 1.02> <CoreInst = "RAM">   --->   Core 83 'RAM' <Latency = 1> <II = 1> <Delay = 1.02> <Storage> <Opcode : 'load' 'store'> <Ports = 2> <Width = 32> <Depth = 128> <RAM>
ST_51 : Operation 742 [2/2] (1.02ns)   --->   "%input_r_load_80 = load i7 %input_r_addr_80"   --->   Operation 742 'load' 'input_r_load_80' <Predicate = true> <Delay = 1.02> <CoreInst = "RAM">   --->   Core 83 'RAM' <Latency = 1> <II = 1> <Delay = 1.02> <Storage> <Opcode : 'load' 'store'> <Ports = 2> <Width = 32> <Depth = 128> <RAM>
ST_51 : Operation 743 [2/2] (1.02ns)   --->   "%input_r_load_81 = load i7 %input_r_addr_81"   --->   Operation 743 'load' 'input_r_load_81' <Predicate = true> <Delay = 1.02> <CoreInst = "RAM">   --->   Core 83 'RAM' <Latency = 1> <II = 1> <Delay = 1.02> <Storage> <Opcode : 'load' 'store'> <Ports = 2> <Width = 32> <Depth = 128> <RAM>

State 52 <SV = 48> <Delay = 1.02>
ST_52 : Operation 744 [1/2] (1.02ns)   --->   "%input_r_load_80 = load i7 %input_r_addr_80"   --->   Operation 744 'load' 'input_r_load_80' <Predicate = true> <Delay = 1.02> <CoreInst = "RAM">   --->   Core 83 'RAM' <Latency = 1> <II = 1> <Delay = 1.02> <Storage> <Opcode : 'load' 'store'> <Ports = 2> <Width = 32> <Depth = 128> <RAM>
ST_52 : Operation 745 [1/2] (1.02ns)   --->   "%input_r_load_81 = load i7 %input_r_addr_81"   --->   Operation 745 'load' 'input_r_load_81' <Predicate = true> <Delay = 1.02> <CoreInst = "RAM">   --->   Core 83 'RAM' <Latency = 1> <II = 1> <Delay = 1.02> <Storage> <Opcode : 'load' 'store'> <Ports = 2> <Width = 32> <Depth = 128> <RAM>
ST_52 : Operation 746 [2/2] (1.02ns)   --->   "%input_r_load_82 = load i7 %input_r_addr_82"   --->   Operation 746 'load' 'input_r_load_82' <Predicate = true> <Delay = 1.02> <CoreInst = "RAM">   --->   Core 83 'RAM' <Latency = 1> <II = 1> <Delay = 1.02> <Storage> <Opcode : 'load' 'store'> <Ports = 2> <Width = 32> <Depth = 128> <RAM>
ST_52 : Operation 747 [2/2] (1.02ns)   --->   "%input_r_load_83 = load i7 %input_r_addr_83"   --->   Operation 747 'load' 'input_r_load_83' <Predicate = true> <Delay = 1.02> <CoreInst = "RAM">   --->   Core 83 'RAM' <Latency = 1> <II = 1> <Delay = 1.02> <Storage> <Opcode : 'load' 'store'> <Ports = 2> <Width = 32> <Depth = 128> <RAM>

State 53 <SV = 49> <Delay = 1.02>
ST_53 : Operation 748 [1/2] (1.02ns)   --->   "%input_r_load_82 = load i7 %input_r_addr_82"   --->   Operation 748 'load' 'input_r_load_82' <Predicate = true> <Delay = 1.02> <CoreInst = "RAM">   --->   Core 83 'RAM' <Latency = 1> <II = 1> <Delay = 1.02> <Storage> <Opcode : 'load' 'store'> <Ports = 2> <Width = 32> <Depth = 128> <RAM>
ST_53 : Operation 749 [1/2] (1.02ns)   --->   "%input_r_load_83 = load i7 %input_r_addr_83"   --->   Operation 749 'load' 'input_r_load_83' <Predicate = true> <Delay = 1.02> <CoreInst = "RAM">   --->   Core 83 'RAM' <Latency = 1> <II = 1> <Delay = 1.02> <Storage> <Opcode : 'load' 'store'> <Ports = 2> <Width = 32> <Depth = 128> <RAM>
ST_53 : Operation 750 [2/2] (1.02ns)   --->   "%input_r_load_84 = load i7 %input_r_addr_84"   --->   Operation 750 'load' 'input_r_load_84' <Predicate = true> <Delay = 1.02> <CoreInst = "RAM">   --->   Core 83 'RAM' <Latency = 1> <II = 1> <Delay = 1.02> <Storage> <Opcode : 'load' 'store'> <Ports = 2> <Width = 32> <Depth = 128> <RAM>
ST_53 : Operation 751 [2/2] (1.02ns)   --->   "%input_r_load_85 = load i7 %input_r_addr_85"   --->   Operation 751 'load' 'input_r_load_85' <Predicate = true> <Delay = 1.02> <CoreInst = "RAM">   --->   Core 83 'RAM' <Latency = 1> <II = 1> <Delay = 1.02> <Storage> <Opcode : 'load' 'store'> <Ports = 2> <Width = 32> <Depth = 128> <RAM>

State 54 <SV = 50> <Delay = 1.02>
ST_54 : Operation 752 [1/2] (1.02ns)   --->   "%input_r_load_84 = load i7 %input_r_addr_84"   --->   Operation 752 'load' 'input_r_load_84' <Predicate = true> <Delay = 1.02> <CoreInst = "RAM">   --->   Core 83 'RAM' <Latency = 1> <II = 1> <Delay = 1.02> <Storage> <Opcode : 'load' 'store'> <Ports = 2> <Width = 32> <Depth = 128> <RAM>
ST_54 : Operation 753 [1/2] (1.02ns)   --->   "%input_r_load_85 = load i7 %input_r_addr_85"   --->   Operation 753 'load' 'input_r_load_85' <Predicate = true> <Delay = 1.02> <CoreInst = "RAM">   --->   Core 83 'RAM' <Latency = 1> <II = 1> <Delay = 1.02> <Storage> <Opcode : 'load' 'store'> <Ports = 2> <Width = 32> <Depth = 128> <RAM>
ST_54 : Operation 754 [2/2] (1.02ns)   --->   "%input_r_load_86 = load i7 %input_r_addr_86"   --->   Operation 754 'load' 'input_r_load_86' <Predicate = true> <Delay = 1.02> <CoreInst = "RAM">   --->   Core 83 'RAM' <Latency = 1> <II = 1> <Delay = 1.02> <Storage> <Opcode : 'load' 'store'> <Ports = 2> <Width = 32> <Depth = 128> <RAM>
ST_54 : Operation 755 [2/2] (1.02ns)   --->   "%input_r_load_87 = load i7 %input_r_addr_87"   --->   Operation 755 'load' 'input_r_load_87' <Predicate = true> <Delay = 1.02> <CoreInst = "RAM">   --->   Core 83 'RAM' <Latency = 1> <II = 1> <Delay = 1.02> <Storage> <Opcode : 'load' 'store'> <Ports = 2> <Width = 32> <Depth = 128> <RAM>

State 55 <SV = 51> <Delay = 1.02>
ST_55 : Operation 756 [1/2] (1.02ns)   --->   "%input_r_load_86 = load i7 %input_r_addr_86"   --->   Operation 756 'load' 'input_r_load_86' <Predicate = true> <Delay = 1.02> <CoreInst = "RAM">   --->   Core 83 'RAM' <Latency = 1> <II = 1> <Delay = 1.02> <Storage> <Opcode : 'load' 'store'> <Ports = 2> <Width = 32> <Depth = 128> <RAM>
ST_55 : Operation 757 [1/2] (1.02ns)   --->   "%input_r_load_87 = load i7 %input_r_addr_87"   --->   Operation 757 'load' 'input_r_load_87' <Predicate = true> <Delay = 1.02> <CoreInst = "RAM">   --->   Core 83 'RAM' <Latency = 1> <II = 1> <Delay = 1.02> <Storage> <Opcode : 'load' 'store'> <Ports = 2> <Width = 32> <Depth = 128> <RAM>
ST_55 : Operation 758 [2/2] (1.02ns)   --->   "%input_r_load_88 = load i7 %input_r_addr_88"   --->   Operation 758 'load' 'input_r_load_88' <Predicate = true> <Delay = 1.02> <CoreInst = "RAM">   --->   Core 83 'RAM' <Latency = 1> <II = 1> <Delay = 1.02> <Storage> <Opcode : 'load' 'store'> <Ports = 2> <Width = 32> <Depth = 128> <RAM>
ST_55 : Operation 759 [2/2] (1.02ns)   --->   "%input_r_load_89 = load i7 %input_r_addr_89"   --->   Operation 759 'load' 'input_r_load_89' <Predicate = true> <Delay = 1.02> <CoreInst = "RAM">   --->   Core 83 'RAM' <Latency = 1> <II = 1> <Delay = 1.02> <Storage> <Opcode : 'load' 'store'> <Ports = 2> <Width = 32> <Depth = 128> <RAM>

State 56 <SV = 52> <Delay = 1.02>
ST_56 : Operation 760 [1/2] (1.02ns)   --->   "%input_r_load_88 = load i7 %input_r_addr_88"   --->   Operation 760 'load' 'input_r_load_88' <Predicate = true> <Delay = 1.02> <CoreInst = "RAM">   --->   Core 83 'RAM' <Latency = 1> <II = 1> <Delay = 1.02> <Storage> <Opcode : 'load' 'store'> <Ports = 2> <Width = 32> <Depth = 128> <RAM>
ST_56 : Operation 761 [1/2] (1.02ns)   --->   "%input_r_load_89 = load i7 %input_r_addr_89"   --->   Operation 761 'load' 'input_r_load_89' <Predicate = true> <Delay = 1.02> <CoreInst = "RAM">   --->   Core 83 'RAM' <Latency = 1> <II = 1> <Delay = 1.02> <Storage> <Opcode : 'load' 'store'> <Ports = 2> <Width = 32> <Depth = 128> <RAM>
ST_56 : Operation 762 [2/2] (1.02ns)   --->   "%input_r_load_90 = load i7 %input_r_addr_90"   --->   Operation 762 'load' 'input_r_load_90' <Predicate = true> <Delay = 1.02> <CoreInst = "RAM">   --->   Core 83 'RAM' <Latency = 1> <II = 1> <Delay = 1.02> <Storage> <Opcode : 'load' 'store'> <Ports = 2> <Width = 32> <Depth = 128> <RAM>
ST_56 : Operation 763 [2/2] (1.02ns)   --->   "%input_r_load_91 = load i7 %input_r_addr_91"   --->   Operation 763 'load' 'input_r_load_91' <Predicate = true> <Delay = 1.02> <CoreInst = "RAM">   --->   Core 83 'RAM' <Latency = 1> <II = 1> <Delay = 1.02> <Storage> <Opcode : 'load' 'store'> <Ports = 2> <Width = 32> <Depth = 128> <RAM>

State 57 <SV = 53> <Delay = 1.02>
ST_57 : Operation 764 [1/2] (1.02ns)   --->   "%input_r_load_90 = load i7 %input_r_addr_90"   --->   Operation 764 'load' 'input_r_load_90' <Predicate = true> <Delay = 1.02> <CoreInst = "RAM">   --->   Core 83 'RAM' <Latency = 1> <II = 1> <Delay = 1.02> <Storage> <Opcode : 'load' 'store'> <Ports = 2> <Width = 32> <Depth = 128> <RAM>
ST_57 : Operation 765 [1/2] (1.02ns)   --->   "%input_r_load_91 = load i7 %input_r_addr_91"   --->   Operation 765 'load' 'input_r_load_91' <Predicate = true> <Delay = 1.02> <CoreInst = "RAM">   --->   Core 83 'RAM' <Latency = 1> <II = 1> <Delay = 1.02> <Storage> <Opcode : 'load' 'store'> <Ports = 2> <Width = 32> <Depth = 128> <RAM>
ST_57 : Operation 766 [2/2] (1.02ns)   --->   "%input_r_load_92 = load i7 %input_r_addr_92"   --->   Operation 766 'load' 'input_r_load_92' <Predicate = true> <Delay = 1.02> <CoreInst = "RAM">   --->   Core 83 'RAM' <Latency = 1> <II = 1> <Delay = 1.02> <Storage> <Opcode : 'load' 'store'> <Ports = 2> <Width = 32> <Depth = 128> <RAM>
ST_57 : Operation 767 [2/2] (1.02ns)   --->   "%input_r_load_93 = load i7 %input_r_addr_93"   --->   Operation 767 'load' 'input_r_load_93' <Predicate = true> <Delay = 1.02> <CoreInst = "RAM">   --->   Core 83 'RAM' <Latency = 1> <II = 1> <Delay = 1.02> <Storage> <Opcode : 'load' 'store'> <Ports = 2> <Width = 32> <Depth = 128> <RAM>

State 58 <SV = 54> <Delay = 1.02>
ST_58 : Operation 768 [1/2] (1.02ns)   --->   "%input_r_load_92 = load i7 %input_r_addr_92"   --->   Operation 768 'load' 'input_r_load_92' <Predicate = true> <Delay = 1.02> <CoreInst = "RAM">   --->   Core 83 'RAM' <Latency = 1> <II = 1> <Delay = 1.02> <Storage> <Opcode : 'load' 'store'> <Ports = 2> <Width = 32> <Depth = 128> <RAM>
ST_58 : Operation 769 [1/2] (1.02ns)   --->   "%input_r_load_93 = load i7 %input_r_addr_93"   --->   Operation 769 'load' 'input_r_load_93' <Predicate = true> <Delay = 1.02> <CoreInst = "RAM">   --->   Core 83 'RAM' <Latency = 1> <II = 1> <Delay = 1.02> <Storage> <Opcode : 'load' 'store'> <Ports = 2> <Width = 32> <Depth = 128> <RAM>
ST_58 : Operation 770 [2/2] (1.02ns)   --->   "%input_r_load_94 = load i7 %input_r_addr_94"   --->   Operation 770 'load' 'input_r_load_94' <Predicate = true> <Delay = 1.02> <CoreInst = "RAM">   --->   Core 83 'RAM' <Latency = 1> <II = 1> <Delay = 1.02> <Storage> <Opcode : 'load' 'store'> <Ports = 2> <Width = 32> <Depth = 128> <RAM>
ST_58 : Operation 771 [2/2] (1.02ns)   --->   "%input_r_load_95 = load i7 %input_r_addr_95"   --->   Operation 771 'load' 'input_r_load_95' <Predicate = true> <Delay = 1.02> <CoreInst = "RAM">   --->   Core 83 'RAM' <Latency = 1> <II = 1> <Delay = 1.02> <Storage> <Opcode : 'load' 'store'> <Ports = 2> <Width = 32> <Depth = 128> <RAM>

State 59 <SV = 55> <Delay = 1.02>
ST_59 : Operation 772 [1/2] (1.02ns)   --->   "%input_r_load_94 = load i7 %input_r_addr_94"   --->   Operation 772 'load' 'input_r_load_94' <Predicate = true> <Delay = 1.02> <CoreInst = "RAM">   --->   Core 83 'RAM' <Latency = 1> <II = 1> <Delay = 1.02> <Storage> <Opcode : 'load' 'store'> <Ports = 2> <Width = 32> <Depth = 128> <RAM>
ST_59 : Operation 773 [1/2] (1.02ns)   --->   "%input_r_load_95 = load i7 %input_r_addr_95"   --->   Operation 773 'load' 'input_r_load_95' <Predicate = true> <Delay = 1.02> <CoreInst = "RAM">   --->   Core 83 'RAM' <Latency = 1> <II = 1> <Delay = 1.02> <Storage> <Opcode : 'load' 'store'> <Ports = 2> <Width = 32> <Depth = 128> <RAM>
ST_59 : Operation 774 [2/2] (1.02ns)   --->   "%input_r_load_96 = load i7 %input_r_addr_96"   --->   Operation 774 'load' 'input_r_load_96' <Predicate = true> <Delay = 1.02> <CoreInst = "RAM">   --->   Core 83 'RAM' <Latency = 1> <II = 1> <Delay = 1.02> <Storage> <Opcode : 'load' 'store'> <Ports = 2> <Width = 32> <Depth = 128> <RAM>
ST_59 : Operation 775 [2/2] (1.02ns)   --->   "%input_r_load_97 = load i7 %input_r_addr_97"   --->   Operation 775 'load' 'input_r_load_97' <Predicate = true> <Delay = 1.02> <CoreInst = "RAM">   --->   Core 83 'RAM' <Latency = 1> <II = 1> <Delay = 1.02> <Storage> <Opcode : 'load' 'store'> <Ports = 2> <Width = 32> <Depth = 128> <RAM>

State 60 <SV = 56> <Delay = 1.02>
ST_60 : Operation 776 [1/2] (1.02ns)   --->   "%input_r_load_96 = load i7 %input_r_addr_96"   --->   Operation 776 'load' 'input_r_load_96' <Predicate = true> <Delay = 1.02> <CoreInst = "RAM">   --->   Core 83 'RAM' <Latency = 1> <II = 1> <Delay = 1.02> <Storage> <Opcode : 'load' 'store'> <Ports = 2> <Width = 32> <Depth = 128> <RAM>
ST_60 : Operation 777 [1/2] (1.02ns)   --->   "%input_r_load_97 = load i7 %input_r_addr_97"   --->   Operation 777 'load' 'input_r_load_97' <Predicate = true> <Delay = 1.02> <CoreInst = "RAM">   --->   Core 83 'RAM' <Latency = 1> <II = 1> <Delay = 1.02> <Storage> <Opcode : 'load' 'store'> <Ports = 2> <Width = 32> <Depth = 128> <RAM>
ST_60 : Operation 778 [2/2] (1.02ns)   --->   "%input_r_load_98 = load i7 %input_r_addr_98"   --->   Operation 778 'load' 'input_r_load_98' <Predicate = true> <Delay = 1.02> <CoreInst = "RAM">   --->   Core 83 'RAM' <Latency = 1> <II = 1> <Delay = 1.02> <Storage> <Opcode : 'load' 'store'> <Ports = 2> <Width = 32> <Depth = 128> <RAM>
ST_60 : Operation 779 [2/2] (1.02ns)   --->   "%input_r_load_99 = load i7 %input_r_addr_99"   --->   Operation 779 'load' 'input_r_load_99' <Predicate = true> <Delay = 1.02> <CoreInst = "RAM">   --->   Core 83 'RAM' <Latency = 1> <II = 1> <Delay = 1.02> <Storage> <Opcode : 'load' 'store'> <Ports = 2> <Width = 32> <Depth = 128> <RAM>

State 61 <SV = 57> <Delay = 1.02>
ST_61 : Operation 780 [1/2] (1.02ns)   --->   "%input_r_load_98 = load i7 %input_r_addr_98"   --->   Operation 780 'load' 'input_r_load_98' <Predicate = true> <Delay = 1.02> <CoreInst = "RAM">   --->   Core 83 'RAM' <Latency = 1> <II = 1> <Delay = 1.02> <Storage> <Opcode : 'load' 'store'> <Ports = 2> <Width = 32> <Depth = 128> <RAM>
ST_61 : Operation 781 [1/2] (1.02ns)   --->   "%input_r_load_99 = load i7 %input_r_addr_99"   --->   Operation 781 'load' 'input_r_load_99' <Predicate = true> <Delay = 1.02> <CoreInst = "RAM">   --->   Core 83 'RAM' <Latency = 1> <II = 1> <Delay = 1.02> <Storage> <Opcode : 'load' 'store'> <Ports = 2> <Width = 32> <Depth = 128> <RAM>
ST_61 : Operation 782 [2/2] (1.02ns)   --->   "%input_r_load_100 = load i7 %input_r_addr_100"   --->   Operation 782 'load' 'input_r_load_100' <Predicate = true> <Delay = 1.02> <CoreInst = "RAM">   --->   Core 83 'RAM' <Latency = 1> <II = 1> <Delay = 1.02> <Storage> <Opcode : 'load' 'store'> <Ports = 2> <Width = 32> <Depth = 128> <RAM>
ST_61 : Operation 783 [2/2] (1.02ns)   --->   "%input_r_load_101 = load i7 %input_r_addr_101"   --->   Operation 783 'load' 'input_r_load_101' <Predicate = true> <Delay = 1.02> <CoreInst = "RAM">   --->   Core 83 'RAM' <Latency = 1> <II = 1> <Delay = 1.02> <Storage> <Opcode : 'load' 'store'> <Ports = 2> <Width = 32> <Depth = 128> <RAM>

State 62 <SV = 58> <Delay = 1.02>
ST_62 : Operation 784 [1/2] (1.02ns)   --->   "%input_r_load_100 = load i7 %input_r_addr_100"   --->   Operation 784 'load' 'input_r_load_100' <Predicate = true> <Delay = 1.02> <CoreInst = "RAM">   --->   Core 83 'RAM' <Latency = 1> <II = 1> <Delay = 1.02> <Storage> <Opcode : 'load' 'store'> <Ports = 2> <Width = 32> <Depth = 128> <RAM>
ST_62 : Operation 785 [1/2] (1.02ns)   --->   "%input_r_load_101 = load i7 %input_r_addr_101"   --->   Operation 785 'load' 'input_r_load_101' <Predicate = true> <Delay = 1.02> <CoreInst = "RAM">   --->   Core 83 'RAM' <Latency = 1> <II = 1> <Delay = 1.02> <Storage> <Opcode : 'load' 'store'> <Ports = 2> <Width = 32> <Depth = 128> <RAM>
ST_62 : Operation 786 [2/2] (1.02ns)   --->   "%input_r_load_102 = load i7 %input_r_addr_102"   --->   Operation 786 'load' 'input_r_load_102' <Predicate = true> <Delay = 1.02> <CoreInst = "RAM">   --->   Core 83 'RAM' <Latency = 1> <II = 1> <Delay = 1.02> <Storage> <Opcode : 'load' 'store'> <Ports = 2> <Width = 32> <Depth = 128> <RAM>
ST_62 : Operation 787 [2/2] (1.02ns)   --->   "%input_r_load_103 = load i7 %input_r_addr_103"   --->   Operation 787 'load' 'input_r_load_103' <Predicate = true> <Delay = 1.02> <CoreInst = "RAM">   --->   Core 83 'RAM' <Latency = 1> <II = 1> <Delay = 1.02> <Storage> <Opcode : 'load' 'store'> <Ports = 2> <Width = 32> <Depth = 128> <RAM>

State 63 <SV = 59> <Delay = 1.02>
ST_63 : Operation 788 [1/2] (1.02ns)   --->   "%input_r_load_102 = load i7 %input_r_addr_102"   --->   Operation 788 'load' 'input_r_load_102' <Predicate = true> <Delay = 1.02> <CoreInst = "RAM">   --->   Core 83 'RAM' <Latency = 1> <II = 1> <Delay = 1.02> <Storage> <Opcode : 'load' 'store'> <Ports = 2> <Width = 32> <Depth = 128> <RAM>
ST_63 : Operation 789 [1/2] (1.02ns)   --->   "%input_r_load_103 = load i7 %input_r_addr_103"   --->   Operation 789 'load' 'input_r_load_103' <Predicate = true> <Delay = 1.02> <CoreInst = "RAM">   --->   Core 83 'RAM' <Latency = 1> <II = 1> <Delay = 1.02> <Storage> <Opcode : 'load' 'store'> <Ports = 2> <Width = 32> <Depth = 128> <RAM>
ST_63 : Operation 790 [2/2] (1.02ns)   --->   "%input_r_load_104 = load i7 %input_r_addr_104"   --->   Operation 790 'load' 'input_r_load_104' <Predicate = true> <Delay = 1.02> <CoreInst = "RAM">   --->   Core 83 'RAM' <Latency = 1> <II = 1> <Delay = 1.02> <Storage> <Opcode : 'load' 'store'> <Ports = 2> <Width = 32> <Depth = 128> <RAM>
ST_63 : Operation 791 [2/2] (1.02ns)   --->   "%input_r_load_105 = load i7 %input_r_addr_105"   --->   Operation 791 'load' 'input_r_load_105' <Predicate = true> <Delay = 1.02> <CoreInst = "RAM">   --->   Core 83 'RAM' <Latency = 1> <II = 1> <Delay = 1.02> <Storage> <Opcode : 'load' 'store'> <Ports = 2> <Width = 32> <Depth = 128> <RAM>

State 64 <SV = 60> <Delay = 1.02>
ST_64 : Operation 792 [1/2] (1.02ns)   --->   "%input_r_load_104 = load i7 %input_r_addr_104"   --->   Operation 792 'load' 'input_r_load_104' <Predicate = true> <Delay = 1.02> <CoreInst = "RAM">   --->   Core 83 'RAM' <Latency = 1> <II = 1> <Delay = 1.02> <Storage> <Opcode : 'load' 'store'> <Ports = 2> <Width = 32> <Depth = 128> <RAM>
ST_64 : Operation 793 [1/2] (1.02ns)   --->   "%input_r_load_105 = load i7 %input_r_addr_105"   --->   Operation 793 'load' 'input_r_load_105' <Predicate = true> <Delay = 1.02> <CoreInst = "RAM">   --->   Core 83 'RAM' <Latency = 1> <II = 1> <Delay = 1.02> <Storage> <Opcode : 'load' 'store'> <Ports = 2> <Width = 32> <Depth = 128> <RAM>
ST_64 : Operation 794 [2/2] (1.02ns)   --->   "%input_r_load_106 = load i7 %input_r_addr_106"   --->   Operation 794 'load' 'input_r_load_106' <Predicate = true> <Delay = 1.02> <CoreInst = "RAM">   --->   Core 83 'RAM' <Latency = 1> <II = 1> <Delay = 1.02> <Storage> <Opcode : 'load' 'store'> <Ports = 2> <Width = 32> <Depth = 128> <RAM>
ST_64 : Operation 795 [2/2] (1.02ns)   --->   "%input_r_load_107 = load i7 %input_r_addr_107"   --->   Operation 795 'load' 'input_r_load_107' <Predicate = true> <Delay = 1.02> <CoreInst = "RAM">   --->   Core 83 'RAM' <Latency = 1> <II = 1> <Delay = 1.02> <Storage> <Opcode : 'load' 'store'> <Ports = 2> <Width = 32> <Depth = 128> <RAM>

State 65 <SV = 61> <Delay = 1.02>
ST_65 : Operation 796 [1/2] (1.02ns)   --->   "%input_r_load_106 = load i7 %input_r_addr_106"   --->   Operation 796 'load' 'input_r_load_106' <Predicate = true> <Delay = 1.02> <CoreInst = "RAM">   --->   Core 83 'RAM' <Latency = 1> <II = 1> <Delay = 1.02> <Storage> <Opcode : 'load' 'store'> <Ports = 2> <Width = 32> <Depth = 128> <RAM>
ST_65 : Operation 797 [1/2] (1.02ns)   --->   "%input_r_load_107 = load i7 %input_r_addr_107"   --->   Operation 797 'load' 'input_r_load_107' <Predicate = true> <Delay = 1.02> <CoreInst = "RAM">   --->   Core 83 'RAM' <Latency = 1> <II = 1> <Delay = 1.02> <Storage> <Opcode : 'load' 'store'> <Ports = 2> <Width = 32> <Depth = 128> <RAM>
ST_65 : Operation 798 [2/2] (1.02ns)   --->   "%input_r_load_108 = load i7 %input_r_addr_108"   --->   Operation 798 'load' 'input_r_load_108' <Predicate = true> <Delay = 1.02> <CoreInst = "RAM">   --->   Core 83 'RAM' <Latency = 1> <II = 1> <Delay = 1.02> <Storage> <Opcode : 'load' 'store'> <Ports = 2> <Width = 32> <Depth = 128> <RAM>
ST_65 : Operation 799 [2/2] (1.02ns)   --->   "%input_r_load_109 = load i7 %input_r_addr_109"   --->   Operation 799 'load' 'input_r_load_109' <Predicate = true> <Delay = 1.02> <CoreInst = "RAM">   --->   Core 83 'RAM' <Latency = 1> <II = 1> <Delay = 1.02> <Storage> <Opcode : 'load' 'store'> <Ports = 2> <Width = 32> <Depth = 128> <RAM>

State 66 <SV = 62> <Delay = 1.02>
ST_66 : Operation 800 [1/2] (1.02ns)   --->   "%input_r_load_108 = load i7 %input_r_addr_108"   --->   Operation 800 'load' 'input_r_load_108' <Predicate = true> <Delay = 1.02> <CoreInst = "RAM">   --->   Core 83 'RAM' <Latency = 1> <II = 1> <Delay = 1.02> <Storage> <Opcode : 'load' 'store'> <Ports = 2> <Width = 32> <Depth = 128> <RAM>
ST_66 : Operation 801 [1/2] (1.02ns)   --->   "%input_r_load_109 = load i7 %input_r_addr_109"   --->   Operation 801 'load' 'input_r_load_109' <Predicate = true> <Delay = 1.02> <CoreInst = "RAM">   --->   Core 83 'RAM' <Latency = 1> <II = 1> <Delay = 1.02> <Storage> <Opcode : 'load' 'store'> <Ports = 2> <Width = 32> <Depth = 128> <RAM>
ST_66 : Operation 802 [2/2] (1.02ns)   --->   "%input_r_load_110 = load i7 %input_r_addr_110"   --->   Operation 802 'load' 'input_r_load_110' <Predicate = true> <Delay = 1.02> <CoreInst = "RAM">   --->   Core 83 'RAM' <Latency = 1> <II = 1> <Delay = 1.02> <Storage> <Opcode : 'load' 'store'> <Ports = 2> <Width = 32> <Depth = 128> <RAM>
ST_66 : Operation 803 [2/2] (1.02ns)   --->   "%input_r_load_111 = load i7 %input_r_addr_111"   --->   Operation 803 'load' 'input_r_load_111' <Predicate = true> <Delay = 1.02> <CoreInst = "RAM">   --->   Core 83 'RAM' <Latency = 1> <II = 1> <Delay = 1.02> <Storage> <Opcode : 'load' 'store'> <Ports = 2> <Width = 32> <Depth = 128> <RAM>

State 67 <SV = 63> <Delay = 1.02>
ST_67 : Operation 804 [1/2] (1.02ns)   --->   "%input_r_load_110 = load i7 %input_r_addr_110"   --->   Operation 804 'load' 'input_r_load_110' <Predicate = true> <Delay = 1.02> <CoreInst = "RAM">   --->   Core 83 'RAM' <Latency = 1> <II = 1> <Delay = 1.02> <Storage> <Opcode : 'load' 'store'> <Ports = 2> <Width = 32> <Depth = 128> <RAM>
ST_67 : Operation 805 [1/2] (1.02ns)   --->   "%input_r_load_111 = load i7 %input_r_addr_111"   --->   Operation 805 'load' 'input_r_load_111' <Predicate = true> <Delay = 1.02> <CoreInst = "RAM">   --->   Core 83 'RAM' <Latency = 1> <II = 1> <Delay = 1.02> <Storage> <Opcode : 'load' 'store'> <Ports = 2> <Width = 32> <Depth = 128> <RAM>
ST_67 : Operation 806 [2/2] (1.02ns)   --->   "%input_r_load_112 = load i7 %input_r_addr_112"   --->   Operation 806 'load' 'input_r_load_112' <Predicate = true> <Delay = 1.02> <CoreInst = "RAM">   --->   Core 83 'RAM' <Latency = 1> <II = 1> <Delay = 1.02> <Storage> <Opcode : 'load' 'store'> <Ports = 2> <Width = 32> <Depth = 128> <RAM>
ST_67 : Operation 807 [2/2] (1.02ns)   --->   "%input_r_load_113 = load i7 %input_r_addr_113"   --->   Operation 807 'load' 'input_r_load_113' <Predicate = true> <Delay = 1.02> <CoreInst = "RAM">   --->   Core 83 'RAM' <Latency = 1> <II = 1> <Delay = 1.02> <Storage> <Opcode : 'load' 'store'> <Ports = 2> <Width = 32> <Depth = 128> <RAM>

State 68 <SV = 64> <Delay = 1.02>
ST_68 : Operation 808 [1/2] (1.02ns)   --->   "%input_r_load_112 = load i7 %input_r_addr_112"   --->   Operation 808 'load' 'input_r_load_112' <Predicate = true> <Delay = 1.02> <CoreInst = "RAM">   --->   Core 83 'RAM' <Latency = 1> <II = 1> <Delay = 1.02> <Storage> <Opcode : 'load' 'store'> <Ports = 2> <Width = 32> <Depth = 128> <RAM>
ST_68 : Operation 809 [1/2] (1.02ns)   --->   "%input_r_load_113 = load i7 %input_r_addr_113"   --->   Operation 809 'load' 'input_r_load_113' <Predicate = true> <Delay = 1.02> <CoreInst = "RAM">   --->   Core 83 'RAM' <Latency = 1> <II = 1> <Delay = 1.02> <Storage> <Opcode : 'load' 'store'> <Ports = 2> <Width = 32> <Depth = 128> <RAM>
ST_68 : Operation 810 [2/2] (1.02ns)   --->   "%input_r_load_114 = load i7 %input_r_addr_114"   --->   Operation 810 'load' 'input_r_load_114' <Predicate = true> <Delay = 1.02> <CoreInst = "RAM">   --->   Core 83 'RAM' <Latency = 1> <II = 1> <Delay = 1.02> <Storage> <Opcode : 'load' 'store'> <Ports = 2> <Width = 32> <Depth = 128> <RAM>
ST_68 : Operation 811 [2/2] (1.02ns)   --->   "%input_r_load_115 = load i7 %input_r_addr_115"   --->   Operation 811 'load' 'input_r_load_115' <Predicate = true> <Delay = 1.02> <CoreInst = "RAM">   --->   Core 83 'RAM' <Latency = 1> <II = 1> <Delay = 1.02> <Storage> <Opcode : 'load' 'store'> <Ports = 2> <Width = 32> <Depth = 128> <RAM>

State 69 <SV = 65> <Delay = 1.02>
ST_69 : Operation 812 [1/2] (1.02ns)   --->   "%input_r_load_114 = load i7 %input_r_addr_114"   --->   Operation 812 'load' 'input_r_load_114' <Predicate = true> <Delay = 1.02> <CoreInst = "RAM">   --->   Core 83 'RAM' <Latency = 1> <II = 1> <Delay = 1.02> <Storage> <Opcode : 'load' 'store'> <Ports = 2> <Width = 32> <Depth = 128> <RAM>
ST_69 : Operation 813 [1/2] (1.02ns)   --->   "%input_r_load_115 = load i7 %input_r_addr_115"   --->   Operation 813 'load' 'input_r_load_115' <Predicate = true> <Delay = 1.02> <CoreInst = "RAM">   --->   Core 83 'RAM' <Latency = 1> <II = 1> <Delay = 1.02> <Storage> <Opcode : 'load' 'store'> <Ports = 2> <Width = 32> <Depth = 128> <RAM>
ST_69 : Operation 814 [2/2] (1.02ns)   --->   "%input_r_load_116 = load i7 %input_r_addr_116"   --->   Operation 814 'load' 'input_r_load_116' <Predicate = true> <Delay = 1.02> <CoreInst = "RAM">   --->   Core 83 'RAM' <Latency = 1> <II = 1> <Delay = 1.02> <Storage> <Opcode : 'load' 'store'> <Ports = 2> <Width = 32> <Depth = 128> <RAM>
ST_69 : Operation 815 [2/2] (1.02ns)   --->   "%input_r_load_117 = load i7 %input_r_addr_117"   --->   Operation 815 'load' 'input_r_load_117' <Predicate = true> <Delay = 1.02> <CoreInst = "RAM">   --->   Core 83 'RAM' <Latency = 1> <II = 1> <Delay = 1.02> <Storage> <Opcode : 'load' 'store'> <Ports = 2> <Width = 32> <Depth = 128> <RAM>

State 70 <SV = 66> <Delay = 1.02>
ST_70 : Operation 816 [1/2] (1.02ns)   --->   "%input_r_load_116 = load i7 %input_r_addr_116"   --->   Operation 816 'load' 'input_r_load_116' <Predicate = true> <Delay = 1.02> <CoreInst = "RAM">   --->   Core 83 'RAM' <Latency = 1> <II = 1> <Delay = 1.02> <Storage> <Opcode : 'load' 'store'> <Ports = 2> <Width = 32> <Depth = 128> <RAM>
ST_70 : Operation 817 [1/2] (1.02ns)   --->   "%input_r_load_117 = load i7 %input_r_addr_117"   --->   Operation 817 'load' 'input_r_load_117' <Predicate = true> <Delay = 1.02> <CoreInst = "RAM">   --->   Core 83 'RAM' <Latency = 1> <II = 1> <Delay = 1.02> <Storage> <Opcode : 'load' 'store'> <Ports = 2> <Width = 32> <Depth = 128> <RAM>
ST_70 : Operation 818 [2/2] (1.02ns)   --->   "%input_r_load_118 = load i7 %input_r_addr_118"   --->   Operation 818 'load' 'input_r_load_118' <Predicate = true> <Delay = 1.02> <CoreInst = "RAM">   --->   Core 83 'RAM' <Latency = 1> <II = 1> <Delay = 1.02> <Storage> <Opcode : 'load' 'store'> <Ports = 2> <Width = 32> <Depth = 128> <RAM>
ST_70 : Operation 819 [2/2] (1.02ns)   --->   "%input_r_load_119 = load i7 %input_r_addr_119"   --->   Operation 819 'load' 'input_r_load_119' <Predicate = true> <Delay = 1.02> <CoreInst = "RAM">   --->   Core 83 'RAM' <Latency = 1> <II = 1> <Delay = 1.02> <Storage> <Opcode : 'load' 'store'> <Ports = 2> <Width = 32> <Depth = 128> <RAM>

State 71 <SV = 67> <Delay = 1.02>
ST_71 : Operation 820 [1/2] (1.02ns)   --->   "%input_r_load_118 = load i7 %input_r_addr_118"   --->   Operation 820 'load' 'input_r_load_118' <Predicate = true> <Delay = 1.02> <CoreInst = "RAM">   --->   Core 83 'RAM' <Latency = 1> <II = 1> <Delay = 1.02> <Storage> <Opcode : 'load' 'store'> <Ports = 2> <Width = 32> <Depth = 128> <RAM>
ST_71 : Operation 821 [1/2] (1.02ns)   --->   "%input_r_load_119 = load i7 %input_r_addr_119"   --->   Operation 821 'load' 'input_r_load_119' <Predicate = true> <Delay = 1.02> <CoreInst = "RAM">   --->   Core 83 'RAM' <Latency = 1> <II = 1> <Delay = 1.02> <Storage> <Opcode : 'load' 'store'> <Ports = 2> <Width = 32> <Depth = 128> <RAM>
ST_71 : Operation 822 [2/2] (1.02ns)   --->   "%input_r_load_120 = load i7 %input_r_addr_120"   --->   Operation 822 'load' 'input_r_load_120' <Predicate = true> <Delay = 1.02> <CoreInst = "RAM">   --->   Core 83 'RAM' <Latency = 1> <II = 1> <Delay = 1.02> <Storage> <Opcode : 'load' 'store'> <Ports = 2> <Width = 32> <Depth = 128> <RAM>
ST_71 : Operation 823 [2/2] (1.02ns)   --->   "%input_r_load_121 = load i7 %input_r_addr_121"   --->   Operation 823 'load' 'input_r_load_121' <Predicate = true> <Delay = 1.02> <CoreInst = "RAM">   --->   Core 83 'RAM' <Latency = 1> <II = 1> <Delay = 1.02> <Storage> <Opcode : 'load' 'store'> <Ports = 2> <Width = 32> <Depth = 128> <RAM>

State 72 <SV = 68> <Delay = 1.02>
ST_72 : Operation 824 [1/2] (1.02ns)   --->   "%input_r_load_120 = load i7 %input_r_addr_120"   --->   Operation 824 'load' 'input_r_load_120' <Predicate = true> <Delay = 1.02> <CoreInst = "RAM">   --->   Core 83 'RAM' <Latency = 1> <II = 1> <Delay = 1.02> <Storage> <Opcode : 'load' 'store'> <Ports = 2> <Width = 32> <Depth = 128> <RAM>
ST_72 : Operation 825 [1/2] (1.02ns)   --->   "%input_r_load_121 = load i7 %input_r_addr_121"   --->   Operation 825 'load' 'input_r_load_121' <Predicate = true> <Delay = 1.02> <CoreInst = "RAM">   --->   Core 83 'RAM' <Latency = 1> <II = 1> <Delay = 1.02> <Storage> <Opcode : 'load' 'store'> <Ports = 2> <Width = 32> <Depth = 128> <RAM>
ST_72 : Operation 826 [2/2] (1.02ns)   --->   "%input_r_load_122 = load i7 %input_r_addr_122"   --->   Operation 826 'load' 'input_r_load_122' <Predicate = true> <Delay = 1.02> <CoreInst = "RAM">   --->   Core 83 'RAM' <Latency = 1> <II = 1> <Delay = 1.02> <Storage> <Opcode : 'load' 'store'> <Ports = 2> <Width = 32> <Depth = 128> <RAM>
ST_72 : Operation 827 [2/2] (1.02ns)   --->   "%input_r_load_123 = load i7 %input_r_addr_123"   --->   Operation 827 'load' 'input_r_load_123' <Predicate = true> <Delay = 1.02> <CoreInst = "RAM">   --->   Core 83 'RAM' <Latency = 1> <II = 1> <Delay = 1.02> <Storage> <Opcode : 'load' 'store'> <Ports = 2> <Width = 32> <Depth = 128> <RAM>

State 73 <SV = 69> <Delay = 1.02>
ST_73 : Operation 828 [1/2] (1.02ns)   --->   "%input_r_load_122 = load i7 %input_r_addr_122"   --->   Operation 828 'load' 'input_r_load_122' <Predicate = true> <Delay = 1.02> <CoreInst = "RAM">   --->   Core 83 'RAM' <Latency = 1> <II = 1> <Delay = 1.02> <Storage> <Opcode : 'load' 'store'> <Ports = 2> <Width = 32> <Depth = 128> <RAM>
ST_73 : Operation 829 [1/2] (1.02ns)   --->   "%input_r_load_123 = load i7 %input_r_addr_123"   --->   Operation 829 'load' 'input_r_load_123' <Predicate = true> <Delay = 1.02> <CoreInst = "RAM">   --->   Core 83 'RAM' <Latency = 1> <II = 1> <Delay = 1.02> <Storage> <Opcode : 'load' 'store'> <Ports = 2> <Width = 32> <Depth = 128> <RAM>
ST_73 : Operation 830 [2/2] (1.02ns)   --->   "%input_r_load_124 = load i7 %input_r_addr_124"   --->   Operation 830 'load' 'input_r_load_124' <Predicate = true> <Delay = 1.02> <CoreInst = "RAM">   --->   Core 83 'RAM' <Latency = 1> <II = 1> <Delay = 1.02> <Storage> <Opcode : 'load' 'store'> <Ports = 2> <Width = 32> <Depth = 128> <RAM>
ST_73 : Operation 831 [2/2] (1.02ns)   --->   "%input_r_load_125 = load i7 %input_r_addr_125"   --->   Operation 831 'load' 'input_r_load_125' <Predicate = true> <Delay = 1.02> <CoreInst = "RAM">   --->   Core 83 'RAM' <Latency = 1> <II = 1> <Delay = 1.02> <Storage> <Opcode : 'load' 'store'> <Ports = 2> <Width = 32> <Depth = 128> <RAM>

State 74 <SV = 70> <Delay = 1.02>
ST_74 : Operation 832 [1/2] (1.02ns)   --->   "%input_r_load_124 = load i7 %input_r_addr_124"   --->   Operation 832 'load' 'input_r_load_124' <Predicate = true> <Delay = 1.02> <CoreInst = "RAM">   --->   Core 83 'RAM' <Latency = 1> <II = 1> <Delay = 1.02> <Storage> <Opcode : 'load' 'store'> <Ports = 2> <Width = 32> <Depth = 128> <RAM>
ST_74 : Operation 833 [1/2] (1.02ns)   --->   "%input_r_load_125 = load i7 %input_r_addr_125"   --->   Operation 833 'load' 'input_r_load_125' <Predicate = true> <Delay = 1.02> <CoreInst = "RAM">   --->   Core 83 'RAM' <Latency = 1> <II = 1> <Delay = 1.02> <Storage> <Opcode : 'load' 'store'> <Ports = 2> <Width = 32> <Depth = 128> <RAM>
ST_74 : Operation 834 [2/2] (1.02ns)   --->   "%input_r_load_126 = load i7 %input_r_addr_126"   --->   Operation 834 'load' 'input_r_load_126' <Predicate = true> <Delay = 1.02> <CoreInst = "RAM">   --->   Core 83 'RAM' <Latency = 1> <II = 1> <Delay = 1.02> <Storage> <Opcode : 'load' 'store'> <Ports = 2> <Width = 32> <Depth = 128> <RAM>
ST_74 : Operation 835 [2/2] (1.02ns)   --->   "%input_r_load_127 = load i7 %input_r_addr_127"   --->   Operation 835 'load' 'input_r_load_127' <Predicate = true> <Delay = 1.02> <CoreInst = "RAM">   --->   Core 83 'RAM' <Latency = 1> <II = 1> <Delay = 1.02> <Storage> <Opcode : 'load' 'store'> <Ports = 2> <Width = 32> <Depth = 128> <RAM>

State 75 <SV = 71> <Delay = 1.02>
ST_75 : Operation 836 [1/1] (0.00ns)   --->   "%tmp_294 = partselect i2 @_ssdm_op_PartSelect.i2.i3.i32.i32, i3 %e_5, i32 1, i32 2" [src/moe.cpp:228]   --->   Operation 836 'partselect' 'tmp_294' <Predicate = true> <Delay = 0.00>
ST_75 : Operation 837 [1/1] (0.00ns)   --->   "%tmp_295 = bitconcatenate i5 @_ssdm_op_BitConcatenate.i5.i2.i3, i2 %tmp_294, i3 %e_5" [src/moe.cpp:228]   --->   Operation 837 'bitconcatenate' 'tmp_295' <Predicate = true> <Delay = 0.00>
ST_75 : Operation 838 [1/1] (0.00ns)   --->   "%trunc_ln201 = trunc i3 %e_5" [src/moe.cpp:201]   --->   Operation 838 'trunc' 'trunc_ln201' <Predicate = true> <Delay = 0.00>
ST_75 : Operation 839 [1/1] (0.00ns)   --->   "%speclooptripcount_ln201 = speclooptripcount void @_ssdm_op_SpecLoopTripCount, i64 2, i64 2, i64 2" [src/moe.cpp:201]   --->   Operation 839 'speclooptripcount' 'speclooptripcount_ln201' <Predicate = true> <Delay = 0.00>
ST_75 : Operation 840 [1/1] (0.00ns)   --->   "%specloopname_ln201 = specloopname void @_ssdm_op_SpecLoopName, void @empty_14" [src/moe.cpp:201]   --->   Operation 840 'specloopname' 'specloopname_ln201' <Predicate = true> <Delay = 0.00>
ST_75 : Operation 841 [1/1] (0.00ns)   --->   "%empty = bitcast i32 %input_r_load"   --->   Operation 841 'bitcast' 'empty' <Predicate = true> <Delay = 0.00>
ST_75 : Operation 842 [1/1] (0.00ns)   --->   "%empty_284 = bitcast i32 %input_r_load_1"   --->   Operation 842 'bitcast' 'empty_284' <Predicate = true> <Delay = 0.00>
ST_75 : Operation 843 [1/1] (0.00ns)   --->   "%empty_285 = bitcast i32 %input_r_load_2"   --->   Operation 843 'bitcast' 'empty_285' <Predicate = true> <Delay = 0.00>
ST_75 : Operation 844 [1/1] (0.00ns)   --->   "%empty_286 = bitcast i32 %input_r_load_3"   --->   Operation 844 'bitcast' 'empty_286' <Predicate = true> <Delay = 0.00>
ST_75 : Operation 845 [1/1] (0.00ns)   --->   "%empty_287 = bitcast i32 %input_r_load_4"   --->   Operation 845 'bitcast' 'empty_287' <Predicate = true> <Delay = 0.00>
ST_75 : Operation 846 [1/1] (0.00ns)   --->   "%empty_288 = bitcast i32 %input_r_load_5"   --->   Operation 846 'bitcast' 'empty_288' <Predicate = true> <Delay = 0.00>
ST_75 : Operation 847 [1/1] (0.00ns)   --->   "%empty_289 = bitcast i32 %input_r_load_6"   --->   Operation 847 'bitcast' 'empty_289' <Predicate = true> <Delay = 0.00>
ST_75 : Operation 848 [1/1] (0.00ns)   --->   "%empty_290 = bitcast i32 %input_r_load_7"   --->   Operation 848 'bitcast' 'empty_290' <Predicate = true> <Delay = 0.00>
ST_75 : Operation 849 [1/1] (0.00ns)   --->   "%empty_291 = bitcast i32 %input_r_load_8"   --->   Operation 849 'bitcast' 'empty_291' <Predicate = true> <Delay = 0.00>
ST_75 : Operation 850 [1/1] (0.00ns)   --->   "%empty_292 = bitcast i32 %input_r_load_9"   --->   Operation 850 'bitcast' 'empty_292' <Predicate = true> <Delay = 0.00>
ST_75 : Operation 851 [1/1] (0.00ns)   --->   "%empty_293 = bitcast i32 %input_r_load_10"   --->   Operation 851 'bitcast' 'empty_293' <Predicate = true> <Delay = 0.00>
ST_75 : Operation 852 [1/1] (0.00ns)   --->   "%empty_294 = bitcast i32 %input_r_load_11"   --->   Operation 852 'bitcast' 'empty_294' <Predicate = true> <Delay = 0.00>
ST_75 : Operation 853 [1/1] (0.00ns)   --->   "%empty_295 = bitcast i32 %input_r_load_12"   --->   Operation 853 'bitcast' 'empty_295' <Predicate = true> <Delay = 0.00>
ST_75 : Operation 854 [1/1] (0.00ns)   --->   "%empty_296 = bitcast i32 %input_r_load_13"   --->   Operation 854 'bitcast' 'empty_296' <Predicate = true> <Delay = 0.00>
ST_75 : Operation 855 [1/1] (0.00ns)   --->   "%empty_297 = bitcast i32 %input_r_load_14"   --->   Operation 855 'bitcast' 'empty_297' <Predicate = true> <Delay = 0.00>
ST_75 : Operation 856 [1/1] (0.00ns)   --->   "%empty_298 = bitcast i32 %input_r_load_15"   --->   Operation 856 'bitcast' 'empty_298' <Predicate = true> <Delay = 0.00>
ST_75 : Operation 857 [1/1] (0.00ns)   --->   "%empty_299 = bitcast i32 %input_r_load_16"   --->   Operation 857 'bitcast' 'empty_299' <Predicate = true> <Delay = 0.00>
ST_75 : Operation 858 [1/1] (0.00ns)   --->   "%empty_300 = bitcast i32 %input_r_load_17"   --->   Operation 858 'bitcast' 'empty_300' <Predicate = true> <Delay = 0.00>
ST_75 : Operation 859 [1/1] (0.00ns)   --->   "%empty_301 = bitcast i32 %input_r_load_18"   --->   Operation 859 'bitcast' 'empty_301' <Predicate = true> <Delay = 0.00>
ST_75 : Operation 860 [1/1] (0.00ns)   --->   "%empty_302 = bitcast i32 %input_r_load_19"   --->   Operation 860 'bitcast' 'empty_302' <Predicate = true> <Delay = 0.00>
ST_75 : Operation 861 [1/1] (0.00ns)   --->   "%empty_303 = bitcast i32 %input_r_load_20"   --->   Operation 861 'bitcast' 'empty_303' <Predicate = true> <Delay = 0.00>
ST_75 : Operation 862 [1/1] (0.00ns)   --->   "%empty_304 = bitcast i32 %input_r_load_21"   --->   Operation 862 'bitcast' 'empty_304' <Predicate = true> <Delay = 0.00>
ST_75 : Operation 863 [1/1] (0.00ns)   --->   "%empty_305 = bitcast i32 %input_r_load_22"   --->   Operation 863 'bitcast' 'empty_305' <Predicate = true> <Delay = 0.00>
ST_75 : Operation 864 [1/1] (0.00ns)   --->   "%empty_306 = bitcast i32 %input_r_load_23"   --->   Operation 864 'bitcast' 'empty_306' <Predicate = true> <Delay = 0.00>
ST_75 : Operation 865 [1/1] (0.00ns)   --->   "%empty_307 = bitcast i32 %input_r_load_24"   --->   Operation 865 'bitcast' 'empty_307' <Predicate = true> <Delay = 0.00>
ST_75 : Operation 866 [1/1] (0.00ns)   --->   "%empty_308 = bitcast i32 %input_r_load_25"   --->   Operation 866 'bitcast' 'empty_308' <Predicate = true> <Delay = 0.00>
ST_75 : Operation 867 [1/1] (0.00ns)   --->   "%empty_309 = bitcast i32 %input_r_load_26"   --->   Operation 867 'bitcast' 'empty_309' <Predicate = true> <Delay = 0.00>
ST_75 : Operation 868 [1/1] (0.00ns)   --->   "%empty_310 = bitcast i32 %input_r_load_27"   --->   Operation 868 'bitcast' 'empty_310' <Predicate = true> <Delay = 0.00>
ST_75 : Operation 869 [1/1] (0.00ns)   --->   "%empty_311 = bitcast i32 %input_r_load_28"   --->   Operation 869 'bitcast' 'empty_311' <Predicate = true> <Delay = 0.00>
ST_75 : Operation 870 [1/1] (0.00ns)   --->   "%empty_312 = bitcast i32 %input_r_load_29"   --->   Operation 870 'bitcast' 'empty_312' <Predicate = true> <Delay = 0.00>
ST_75 : Operation 871 [1/1] (0.00ns)   --->   "%empty_313 = bitcast i32 %input_r_load_30"   --->   Operation 871 'bitcast' 'empty_313' <Predicate = true> <Delay = 0.00>
ST_75 : Operation 872 [1/1] (0.00ns)   --->   "%empty_314 = bitcast i32 %input_r_load_31"   --->   Operation 872 'bitcast' 'empty_314' <Predicate = true> <Delay = 0.00>
ST_75 : Operation 873 [1/1] (0.00ns)   --->   "%empty_315 = bitcast i32 %input_r_load_32"   --->   Operation 873 'bitcast' 'empty_315' <Predicate = true> <Delay = 0.00>
ST_75 : Operation 874 [1/1] (0.00ns)   --->   "%empty_316 = bitcast i32 %input_r_load_33"   --->   Operation 874 'bitcast' 'empty_316' <Predicate = true> <Delay = 0.00>
ST_75 : Operation 875 [1/1] (0.00ns)   --->   "%empty_317 = bitcast i32 %input_r_load_34"   --->   Operation 875 'bitcast' 'empty_317' <Predicate = true> <Delay = 0.00>
ST_75 : Operation 876 [1/1] (0.00ns)   --->   "%empty_318 = bitcast i32 %input_r_load_35"   --->   Operation 876 'bitcast' 'empty_318' <Predicate = true> <Delay = 0.00>
ST_75 : Operation 877 [1/1] (0.00ns)   --->   "%empty_319 = bitcast i32 %input_r_load_36"   --->   Operation 877 'bitcast' 'empty_319' <Predicate = true> <Delay = 0.00>
ST_75 : Operation 878 [1/1] (0.00ns)   --->   "%empty_320 = bitcast i32 %input_r_load_37"   --->   Operation 878 'bitcast' 'empty_320' <Predicate = true> <Delay = 0.00>
ST_75 : Operation 879 [1/1] (0.00ns)   --->   "%empty_321 = bitcast i32 %input_r_load_38"   --->   Operation 879 'bitcast' 'empty_321' <Predicate = true> <Delay = 0.00>
ST_75 : Operation 880 [1/1] (0.00ns)   --->   "%empty_322 = bitcast i32 %input_r_load_39"   --->   Operation 880 'bitcast' 'empty_322' <Predicate = true> <Delay = 0.00>
ST_75 : Operation 881 [1/1] (0.00ns)   --->   "%empty_323 = bitcast i32 %input_r_load_40"   --->   Operation 881 'bitcast' 'empty_323' <Predicate = true> <Delay = 0.00>
ST_75 : Operation 882 [1/1] (0.00ns)   --->   "%empty_324 = bitcast i32 %input_r_load_41"   --->   Operation 882 'bitcast' 'empty_324' <Predicate = true> <Delay = 0.00>
ST_75 : Operation 883 [1/1] (0.00ns)   --->   "%empty_325 = bitcast i32 %input_r_load_42"   --->   Operation 883 'bitcast' 'empty_325' <Predicate = true> <Delay = 0.00>
ST_75 : Operation 884 [1/1] (0.00ns)   --->   "%empty_326 = bitcast i32 %input_r_load_43"   --->   Operation 884 'bitcast' 'empty_326' <Predicate = true> <Delay = 0.00>
ST_75 : Operation 885 [1/1] (0.00ns)   --->   "%empty_327 = bitcast i32 %input_r_load_44"   --->   Operation 885 'bitcast' 'empty_327' <Predicate = true> <Delay = 0.00>
ST_75 : Operation 886 [1/1] (0.00ns)   --->   "%empty_328 = bitcast i32 %input_r_load_45"   --->   Operation 886 'bitcast' 'empty_328' <Predicate = true> <Delay = 0.00>
ST_75 : Operation 887 [1/1] (0.00ns)   --->   "%empty_329 = bitcast i32 %input_r_load_46"   --->   Operation 887 'bitcast' 'empty_329' <Predicate = true> <Delay = 0.00>
ST_75 : Operation 888 [1/1] (0.00ns)   --->   "%empty_330 = bitcast i32 %input_r_load_47"   --->   Operation 888 'bitcast' 'empty_330' <Predicate = true> <Delay = 0.00>
ST_75 : Operation 889 [1/1] (0.00ns)   --->   "%empty_331 = bitcast i32 %input_r_load_48"   --->   Operation 889 'bitcast' 'empty_331' <Predicate = true> <Delay = 0.00>
ST_75 : Operation 890 [1/1] (0.00ns)   --->   "%empty_332 = bitcast i32 %input_r_load_49"   --->   Operation 890 'bitcast' 'empty_332' <Predicate = true> <Delay = 0.00>
ST_75 : Operation 891 [1/1] (0.00ns)   --->   "%empty_333 = bitcast i32 %input_r_load_50"   --->   Operation 891 'bitcast' 'empty_333' <Predicate = true> <Delay = 0.00>
ST_75 : Operation 892 [1/1] (0.00ns)   --->   "%empty_334 = bitcast i32 %input_r_load_51"   --->   Operation 892 'bitcast' 'empty_334' <Predicate = true> <Delay = 0.00>
ST_75 : Operation 893 [1/1] (0.00ns)   --->   "%empty_335 = bitcast i32 %input_r_load_52"   --->   Operation 893 'bitcast' 'empty_335' <Predicate = true> <Delay = 0.00>
ST_75 : Operation 894 [1/1] (0.00ns)   --->   "%empty_336 = bitcast i32 %input_r_load_53"   --->   Operation 894 'bitcast' 'empty_336' <Predicate = true> <Delay = 0.00>
ST_75 : Operation 895 [1/1] (0.00ns)   --->   "%empty_337 = bitcast i32 %input_r_load_54"   --->   Operation 895 'bitcast' 'empty_337' <Predicate = true> <Delay = 0.00>
ST_75 : Operation 896 [1/1] (0.00ns)   --->   "%empty_338 = bitcast i32 %input_r_load_55"   --->   Operation 896 'bitcast' 'empty_338' <Predicate = true> <Delay = 0.00>
ST_75 : Operation 897 [1/1] (0.00ns)   --->   "%empty_339 = bitcast i32 %input_r_load_56"   --->   Operation 897 'bitcast' 'empty_339' <Predicate = true> <Delay = 0.00>
ST_75 : Operation 898 [1/1] (0.00ns)   --->   "%empty_340 = bitcast i32 %input_r_load_57"   --->   Operation 898 'bitcast' 'empty_340' <Predicate = true> <Delay = 0.00>
ST_75 : Operation 899 [1/1] (0.00ns)   --->   "%empty_341 = bitcast i32 %input_r_load_58"   --->   Operation 899 'bitcast' 'empty_341' <Predicate = true> <Delay = 0.00>
ST_75 : Operation 900 [1/1] (0.00ns)   --->   "%empty_342 = bitcast i32 %input_r_load_59"   --->   Operation 900 'bitcast' 'empty_342' <Predicate = true> <Delay = 0.00>
ST_75 : Operation 901 [1/1] (0.00ns)   --->   "%empty_343 = bitcast i32 %input_r_load_60"   --->   Operation 901 'bitcast' 'empty_343' <Predicate = true> <Delay = 0.00>
ST_75 : Operation 902 [1/1] (0.00ns)   --->   "%empty_344 = bitcast i32 %input_r_load_61"   --->   Operation 902 'bitcast' 'empty_344' <Predicate = true> <Delay = 0.00>
ST_75 : Operation 903 [1/1] (0.00ns)   --->   "%empty_345 = bitcast i32 %input_r_load_62"   --->   Operation 903 'bitcast' 'empty_345' <Predicate = true> <Delay = 0.00>
ST_75 : Operation 904 [1/1] (0.00ns)   --->   "%empty_346 = bitcast i32 %input_r_load_63"   --->   Operation 904 'bitcast' 'empty_346' <Predicate = true> <Delay = 0.00>
ST_75 : Operation 905 [1/1] (0.00ns)   --->   "%empty_347 = bitcast i32 %input_r_load_64"   --->   Operation 905 'bitcast' 'empty_347' <Predicate = true> <Delay = 0.00>
ST_75 : Operation 906 [1/1] (0.00ns)   --->   "%empty_348 = bitcast i32 %input_r_load_65"   --->   Operation 906 'bitcast' 'empty_348' <Predicate = true> <Delay = 0.00>
ST_75 : Operation 907 [1/1] (0.00ns)   --->   "%empty_349 = bitcast i32 %input_r_load_66"   --->   Operation 907 'bitcast' 'empty_349' <Predicate = true> <Delay = 0.00>
ST_75 : Operation 908 [1/1] (0.00ns)   --->   "%empty_350 = bitcast i32 %input_r_load_67"   --->   Operation 908 'bitcast' 'empty_350' <Predicate = true> <Delay = 0.00>
ST_75 : Operation 909 [1/1] (0.00ns)   --->   "%empty_351 = bitcast i32 %input_r_load_68"   --->   Operation 909 'bitcast' 'empty_351' <Predicate = true> <Delay = 0.00>
ST_75 : Operation 910 [1/1] (0.00ns)   --->   "%empty_352 = bitcast i32 %input_r_load_69"   --->   Operation 910 'bitcast' 'empty_352' <Predicate = true> <Delay = 0.00>
ST_75 : Operation 911 [1/1] (0.00ns)   --->   "%empty_353 = bitcast i32 %input_r_load_70"   --->   Operation 911 'bitcast' 'empty_353' <Predicate = true> <Delay = 0.00>
ST_75 : Operation 912 [1/1] (0.00ns)   --->   "%empty_354 = bitcast i32 %input_r_load_71"   --->   Operation 912 'bitcast' 'empty_354' <Predicate = true> <Delay = 0.00>
ST_75 : Operation 913 [1/1] (0.00ns)   --->   "%empty_355 = bitcast i32 %input_r_load_72"   --->   Operation 913 'bitcast' 'empty_355' <Predicate = true> <Delay = 0.00>
ST_75 : Operation 914 [1/1] (0.00ns)   --->   "%empty_356 = bitcast i32 %input_r_load_73"   --->   Operation 914 'bitcast' 'empty_356' <Predicate = true> <Delay = 0.00>
ST_75 : Operation 915 [1/1] (0.00ns)   --->   "%empty_357 = bitcast i32 %input_r_load_74"   --->   Operation 915 'bitcast' 'empty_357' <Predicate = true> <Delay = 0.00>
ST_75 : Operation 916 [1/1] (0.00ns)   --->   "%empty_358 = bitcast i32 %input_r_load_75"   --->   Operation 916 'bitcast' 'empty_358' <Predicate = true> <Delay = 0.00>
ST_75 : Operation 917 [1/1] (0.00ns)   --->   "%empty_359 = bitcast i32 %input_r_load_76"   --->   Operation 917 'bitcast' 'empty_359' <Predicate = true> <Delay = 0.00>
ST_75 : Operation 918 [1/1] (0.00ns)   --->   "%empty_360 = bitcast i32 %input_r_load_77"   --->   Operation 918 'bitcast' 'empty_360' <Predicate = true> <Delay = 0.00>
ST_75 : Operation 919 [1/1] (0.00ns)   --->   "%empty_361 = bitcast i32 %input_r_load_78"   --->   Operation 919 'bitcast' 'empty_361' <Predicate = true> <Delay = 0.00>
ST_75 : Operation 920 [1/1] (0.00ns)   --->   "%empty_362 = bitcast i32 %input_r_load_79"   --->   Operation 920 'bitcast' 'empty_362' <Predicate = true> <Delay = 0.00>
ST_75 : Operation 921 [1/1] (0.00ns)   --->   "%empty_363 = bitcast i32 %input_r_load_80"   --->   Operation 921 'bitcast' 'empty_363' <Predicate = true> <Delay = 0.00>
ST_75 : Operation 922 [1/1] (0.00ns)   --->   "%empty_364 = bitcast i32 %input_r_load_81"   --->   Operation 922 'bitcast' 'empty_364' <Predicate = true> <Delay = 0.00>
ST_75 : Operation 923 [1/1] (0.00ns)   --->   "%empty_365 = bitcast i32 %input_r_load_82"   --->   Operation 923 'bitcast' 'empty_365' <Predicate = true> <Delay = 0.00>
ST_75 : Operation 924 [1/1] (0.00ns)   --->   "%empty_366 = bitcast i32 %input_r_load_83"   --->   Operation 924 'bitcast' 'empty_366' <Predicate = true> <Delay = 0.00>
ST_75 : Operation 925 [1/1] (0.00ns)   --->   "%empty_367 = bitcast i32 %input_r_load_84"   --->   Operation 925 'bitcast' 'empty_367' <Predicate = true> <Delay = 0.00>
ST_75 : Operation 926 [1/1] (0.00ns)   --->   "%empty_368 = bitcast i32 %input_r_load_85"   --->   Operation 926 'bitcast' 'empty_368' <Predicate = true> <Delay = 0.00>
ST_75 : Operation 927 [1/1] (0.00ns)   --->   "%empty_369 = bitcast i32 %input_r_load_86"   --->   Operation 927 'bitcast' 'empty_369' <Predicate = true> <Delay = 0.00>
ST_75 : Operation 928 [1/1] (0.00ns)   --->   "%empty_370 = bitcast i32 %input_r_load_87"   --->   Operation 928 'bitcast' 'empty_370' <Predicate = true> <Delay = 0.00>
ST_75 : Operation 929 [1/1] (0.00ns)   --->   "%empty_371 = bitcast i32 %input_r_load_88"   --->   Operation 929 'bitcast' 'empty_371' <Predicate = true> <Delay = 0.00>
ST_75 : Operation 930 [1/1] (0.00ns)   --->   "%empty_372 = bitcast i32 %input_r_load_89"   --->   Operation 930 'bitcast' 'empty_372' <Predicate = true> <Delay = 0.00>
ST_75 : Operation 931 [1/1] (0.00ns)   --->   "%empty_373 = bitcast i32 %input_r_load_90"   --->   Operation 931 'bitcast' 'empty_373' <Predicate = true> <Delay = 0.00>
ST_75 : Operation 932 [1/1] (0.00ns)   --->   "%empty_374 = bitcast i32 %input_r_load_91"   --->   Operation 932 'bitcast' 'empty_374' <Predicate = true> <Delay = 0.00>
ST_75 : Operation 933 [1/1] (0.00ns)   --->   "%empty_375 = bitcast i32 %input_r_load_92"   --->   Operation 933 'bitcast' 'empty_375' <Predicate = true> <Delay = 0.00>
ST_75 : Operation 934 [1/1] (0.00ns)   --->   "%empty_376 = bitcast i32 %input_r_load_93"   --->   Operation 934 'bitcast' 'empty_376' <Predicate = true> <Delay = 0.00>
ST_75 : Operation 935 [1/1] (0.00ns)   --->   "%empty_377 = bitcast i32 %input_r_load_94"   --->   Operation 935 'bitcast' 'empty_377' <Predicate = true> <Delay = 0.00>
ST_75 : Operation 936 [1/1] (0.00ns)   --->   "%empty_378 = bitcast i32 %input_r_load_95"   --->   Operation 936 'bitcast' 'empty_378' <Predicate = true> <Delay = 0.00>
ST_75 : Operation 937 [1/1] (0.00ns)   --->   "%empty_379 = bitcast i32 %input_r_load_96"   --->   Operation 937 'bitcast' 'empty_379' <Predicate = true> <Delay = 0.00>
ST_75 : Operation 938 [1/1] (0.00ns)   --->   "%empty_380 = bitcast i32 %input_r_load_97"   --->   Operation 938 'bitcast' 'empty_380' <Predicate = true> <Delay = 0.00>
ST_75 : Operation 939 [1/1] (0.00ns)   --->   "%empty_381 = bitcast i32 %input_r_load_98"   --->   Operation 939 'bitcast' 'empty_381' <Predicate = true> <Delay = 0.00>
ST_75 : Operation 940 [1/1] (0.00ns)   --->   "%empty_382 = bitcast i32 %input_r_load_99"   --->   Operation 940 'bitcast' 'empty_382' <Predicate = true> <Delay = 0.00>
ST_75 : Operation 941 [1/1] (0.00ns)   --->   "%empty_383 = bitcast i32 %input_r_load_100"   --->   Operation 941 'bitcast' 'empty_383' <Predicate = true> <Delay = 0.00>
ST_75 : Operation 942 [1/1] (0.00ns)   --->   "%empty_384 = bitcast i32 %input_r_load_101"   --->   Operation 942 'bitcast' 'empty_384' <Predicate = true> <Delay = 0.00>
ST_75 : Operation 943 [1/1] (0.00ns)   --->   "%empty_385 = bitcast i32 %input_r_load_102"   --->   Operation 943 'bitcast' 'empty_385' <Predicate = true> <Delay = 0.00>
ST_75 : Operation 944 [1/1] (0.00ns)   --->   "%empty_386 = bitcast i32 %input_r_load_103"   --->   Operation 944 'bitcast' 'empty_386' <Predicate = true> <Delay = 0.00>
ST_75 : Operation 945 [1/1] (0.00ns)   --->   "%empty_387 = bitcast i32 %input_r_load_104"   --->   Operation 945 'bitcast' 'empty_387' <Predicate = true> <Delay = 0.00>
ST_75 : Operation 946 [1/1] (0.00ns)   --->   "%empty_388 = bitcast i32 %input_r_load_105"   --->   Operation 946 'bitcast' 'empty_388' <Predicate = true> <Delay = 0.00>
ST_75 : Operation 947 [1/1] (0.00ns)   --->   "%empty_389 = bitcast i32 %input_r_load_106"   --->   Operation 947 'bitcast' 'empty_389' <Predicate = true> <Delay = 0.00>
ST_75 : Operation 948 [1/1] (0.00ns)   --->   "%empty_390 = bitcast i32 %input_r_load_107"   --->   Operation 948 'bitcast' 'empty_390' <Predicate = true> <Delay = 0.00>
ST_75 : Operation 949 [1/1] (0.00ns)   --->   "%empty_391 = bitcast i32 %input_r_load_108"   --->   Operation 949 'bitcast' 'empty_391' <Predicate = true> <Delay = 0.00>
ST_75 : Operation 950 [1/1] (0.00ns)   --->   "%empty_392 = bitcast i32 %input_r_load_109"   --->   Operation 950 'bitcast' 'empty_392' <Predicate = true> <Delay = 0.00>
ST_75 : Operation 951 [1/1] (0.00ns)   --->   "%empty_393 = bitcast i32 %input_r_load_110"   --->   Operation 951 'bitcast' 'empty_393' <Predicate = true> <Delay = 0.00>
ST_75 : Operation 952 [1/1] (0.00ns)   --->   "%empty_394 = bitcast i32 %input_r_load_111"   --->   Operation 952 'bitcast' 'empty_394' <Predicate = true> <Delay = 0.00>
ST_75 : Operation 953 [1/1] (0.00ns)   --->   "%empty_395 = bitcast i32 %input_r_load_112"   --->   Operation 953 'bitcast' 'empty_395' <Predicate = true> <Delay = 0.00>
ST_75 : Operation 954 [1/1] (0.00ns)   --->   "%empty_396 = bitcast i32 %input_r_load_113"   --->   Operation 954 'bitcast' 'empty_396' <Predicate = true> <Delay = 0.00>
ST_75 : Operation 955 [1/1] (0.00ns)   --->   "%empty_397 = bitcast i32 %input_r_load_114"   --->   Operation 955 'bitcast' 'empty_397' <Predicate = true> <Delay = 0.00>
ST_75 : Operation 956 [1/1] (0.00ns)   --->   "%empty_398 = bitcast i32 %input_r_load_115"   --->   Operation 956 'bitcast' 'empty_398' <Predicate = true> <Delay = 0.00>
ST_75 : Operation 957 [1/1] (0.00ns)   --->   "%empty_399 = bitcast i32 %input_r_load_116"   --->   Operation 957 'bitcast' 'empty_399' <Predicate = true> <Delay = 0.00>
ST_75 : Operation 958 [1/1] (0.00ns)   --->   "%empty_400 = bitcast i32 %input_r_load_117"   --->   Operation 958 'bitcast' 'empty_400' <Predicate = true> <Delay = 0.00>
ST_75 : Operation 959 [1/1] (0.00ns)   --->   "%empty_401 = bitcast i32 %input_r_load_118"   --->   Operation 959 'bitcast' 'empty_401' <Predicate = true> <Delay = 0.00>
ST_75 : Operation 960 [1/1] (0.00ns)   --->   "%empty_402 = bitcast i32 %input_r_load_119"   --->   Operation 960 'bitcast' 'empty_402' <Predicate = true> <Delay = 0.00>
ST_75 : Operation 961 [1/1] (0.00ns)   --->   "%empty_403 = bitcast i32 %input_r_load_120"   --->   Operation 961 'bitcast' 'empty_403' <Predicate = true> <Delay = 0.00>
ST_75 : Operation 962 [1/1] (0.00ns)   --->   "%empty_404 = bitcast i32 %input_r_load_121"   --->   Operation 962 'bitcast' 'empty_404' <Predicate = true> <Delay = 0.00>
ST_75 : Operation 963 [1/1] (0.00ns)   --->   "%empty_405 = bitcast i32 %input_r_load_122"   --->   Operation 963 'bitcast' 'empty_405' <Predicate = true> <Delay = 0.00>
ST_75 : Operation 964 [1/1] (0.00ns)   --->   "%empty_406 = bitcast i32 %input_r_load_123"   --->   Operation 964 'bitcast' 'empty_406' <Predicate = true> <Delay = 0.00>
ST_75 : Operation 965 [1/1] (0.00ns)   --->   "%empty_407 = bitcast i32 %input_r_load_124"   --->   Operation 965 'bitcast' 'empty_407' <Predicate = true> <Delay = 0.00>
ST_75 : Operation 966 [1/1] (0.00ns)   --->   "%empty_408 = bitcast i32 %input_r_load_125"   --->   Operation 966 'bitcast' 'empty_408' <Predicate = true> <Delay = 0.00>
ST_75 : Operation 967 [1/2] (1.02ns)   --->   "%input_r_load_126 = load i7 %input_r_addr_126"   --->   Operation 967 'load' 'input_r_load_126' <Predicate = true> <Delay = 1.02> <CoreInst = "RAM">   --->   Core 83 'RAM' <Latency = 1> <II = 1> <Delay = 1.02> <Storage> <Opcode : 'load' 'store'> <Ports = 2> <Width = 32> <Depth = 128> <RAM>
ST_75 : Operation 968 [1/1] (0.00ns)   --->   "%empty_409 = bitcast i32 %input_r_load_126"   --->   Operation 968 'bitcast' 'empty_409' <Predicate = true> <Delay = 0.00>
ST_75 : Operation 969 [1/2] (1.02ns)   --->   "%input_r_load_127 = load i7 %input_r_addr_127"   --->   Operation 969 'load' 'input_r_load_127' <Predicate = true> <Delay = 1.02> <CoreInst = "RAM">   --->   Core 83 'RAM' <Latency = 1> <II = 1> <Delay = 1.02> <Storage> <Opcode : 'load' 'store'> <Ports = 2> <Width = 32> <Depth = 128> <RAM>
ST_75 : Operation 970 [1/1] (0.00ns)   --->   "%empty_410 = bitcast i32 %input_r_load_127"   --->   Operation 970 'bitcast' 'empty_410' <Predicate = true> <Delay = 0.00>
ST_75 : Operation 971 [1/1] (0.40ns)   --->   "%cond = icmp_eq  i2 %trunc_ln201, i2 0" [src/moe.cpp:201]   --->   Operation 971 'icmp' 'cond' <Predicate = true> <Delay = 0.40> <CoreInst = "Cmp">   --->   Core 9 'Cmp' <Latency = 0> <II = 1> <Delay = 0.40> <FuncUnit> <Opcode : 'icmp'> <InPorts = 2> <OutPorts = 1>
ST_75 : Operation 972 [1/1] (0.40ns)   --->   "%empty_411 = icmp_eq  i2 %trunc_ln201, i2 2" [src/moe.cpp:201]   --->   Operation 972 'icmp' 'empty_411' <Predicate = true> <Delay = 0.40> <CoreInst = "Cmp">   --->   Core 9 'Cmp' <Latency = 0> <II = 1> <Delay = 0.40> <FuncUnit> <Opcode : 'icmp'> <InPorts = 2> <OutPorts = 1>
ST_75 : Operation 973 [1/1] (0.36ns)   --->   "%br_ln210 = br void %VITIS_LOOP_220_8" [src/moe.cpp:210]   --->   Operation 973 'br' 'br_ln210' <Predicate = true> <Delay = 0.36>

State 76 <SV = 72> <Delay = 2.34>
ST_76 : Operation 974 [1/1] (0.00ns)   --->   "%obj = phi i3 %add_ln210, void %arrayidx2184.exit, i3 0, void %VITIS_LOOP_210_7.split" [src/moe.cpp:210]   --->   Operation 974 'phi' 'obj' <Predicate = true> <Delay = 0.00>
ST_76 : Operation 975 [1/1] (0.52ns)   --->   "%icmp_ln210 = icmp_eq  i3 %obj, i3 5" [src/moe.cpp:210]   --->   Operation 975 'icmp' 'icmp_ln210' <Predicate = true> <Delay = 0.52> <CoreInst = "Cmp">   --->   Core 9 'Cmp' <Latency = 0> <II = 1> <Delay = 0.52> <FuncUnit> <Opcode : 'icmp'> <InPorts = 2> <OutPorts = 1>
ST_76 : Operation 976 [1/1] (0.52ns)   --->   "%add_ln210 = add i3 %obj, i3 1" [src/moe.cpp:210]   --->   Operation 976 'add' 'add_ln210' <Predicate = true> <Delay = 0.52> <CoreInst = "Adder">   --->   Core 1 'Adder' <Latency = 0> <II = 1> <Delay = 0.52> <FuncUnit> <Opcode : 'add' 'sub'> <InPorts = 2> <OutPorts = 1>
ST_76 : Operation 977 [1/1] (0.00ns)   --->   "%br_ln210 = br i1 %icmp_ln210, void %VITIS_LOOP_220_8.split, void %for.inc222" [src/moe.cpp:210]   --->   Operation 977 'br' 'br_ln210' <Predicate = true> <Delay = 0.00>
ST_76 : Operation 978 [1/1] (0.00ns)   --->   "%zext_ln228 = zext i3 %obj" [src/moe.cpp:228]   --->   Operation 978 'zext' 'zext_ln228' <Predicate = (!icmp_ln210)> <Delay = 0.00>
ST_76 : Operation 979 [1/1] (0.64ns)   --->   "%add_ln228 = add i5 %tmp_295, i5 %zext_ln228" [src/moe.cpp:228]   --->   Operation 979 'add' 'add_ln228' <Predicate = (!icmp_ln210)> <Delay = 0.64> <CoreInst = "Adder">   --->   Core 1 'Adder' <Latency = 0> <II = 1> <Delay = 0.64> <FuncUnit> <Opcode : 'add' 'sub'> <InPorts = 2> <OutPorts = 1>
ST_76 : Operation 980 [1/1] (0.00ns)   --->   "%tmp_297 = bitconcatenate i10 @_ssdm_op_BitConcatenate.i10.i5.i5, i5 %add_ln228, i5 0" [src/moe.cpp:228]   --->   Operation 980 'bitconcatenate' 'tmp_297' <Predicate = (!icmp_ln210)> <Delay = 0.00>
ST_76 : Operation 981 [2/2] (1.69ns)   --->   "%call_ln228 = call void @graph_moe_Pipeline_VITIS_LOOP_220_8, i10 %tmp_297, i32 %w1, i32 %b1, i32 %l1_2, i32 %l1, i32 %empty, i32 %empty_284, i32 %empty_285, i32 %empty_286, i32 %empty_287, i32 %empty_288, i32 %empty_289, i32 %empty_290, i32 %empty_291, i32 %empty_292, i32 %empty_293, i32 %empty_294, i32 %empty_295, i32 %empty_296, i32 %empty_297, i32 %empty_298, i32 %empty_299, i32 %empty_300, i32 %empty_301, i32 %empty_302, i32 %empty_303, i32 %empty_304, i32 %empty_305, i32 %empty_306, i32 %empty_307, i32 %empty_308, i32 %empty_309, i32 %empty_310, i32 %empty_311, i32 %empty_312, i32 %empty_313, i32 %empty_314, i32 %empty_315, i32 %empty_316, i32 %empty_317, i32 %empty_318, i32 %empty_319, i32 %empty_320, i32 %empty_321, i32 %empty_322, i32 %empty_323, i32 %empty_324, i32 %empty_325, i32 %empty_326, i32 %empty_327, i32 %empty_328, i32 %empty_329, i32 %empty_330, i32 %empty_331, i32 %empty_332, i32 %empty_333, i32 %empty_334, i32 %empty_335, i32 %empty_336, i32 %empty_337, i32 %empty_338, i32 %empty_339, i32 %empty_340, i32 %empty_341, i32 %empty_342, i32 %empty_343, i32 %empty_344, i32 %empty_345, i32 %empty_346, i32 %empty_347, i32 %empty_348, i32 %empty_349, i32 %empty_350, i32 %empty_351, i32 %empty_352, i32 %empty_353, i32 %empty_354, i32 %empty_355, i32 %empty_356, i32 %empty_357, i32 %empty_358, i32 %empty_359, i32 %empty_360, i32 %empty_361, i32 %empty_362, i32 %empty_363, i32 %empty_364, i32 %empty_365, i32 %empty_366, i32 %empty_367, i32 %empty_368, i32 %empty_369, i32 %empty_370, i32 %empty_371, i32 %empty_372, i32 %empty_373, i32 %empty_374, i32 %empty_375, i32 %empty_376, i32 %empty_377, i32 %empty_378, i32 %empty_379, i32 %empty_380, i32 %empty_381, i32 %empty_382, i32 %empty_383, i32 %empty_384, i32 %empty_385, i32 %empty_386, i32 %empty_387, i32 %empty_388, i32 %empty_389, i32 %empty_390, i32 %empty_391, i32 %empty_392, i32 %empty_393, i32 %empty_394, i32 %empty_395, i32 %empty_396, i32 %empty_397, i32 %empty_398, i32 %empty_399, i32 %empty_400, i32 %empty_401, i32 %empty_402, i32 %empty_403, i32 %empty_404, i32 %empty_405, i32 %empty_406, i32 %empty_407, i32 %empty_408, i32 %empty_409, i32 %empty_410, i1 %cond" [src/moe.cpp:228]   --->   Operation 981 'call' 'call_ln228' <Predicate = (!icmp_ln210)> <Delay = 1.69> <CoreType = "Generic">   --->   Core 0 '' <Latency = 0> <II = 1> <Delay = 1.00> <Generic> <Opcode : >
ST_76 : Operation 982 [1/1] (0.00ns)   --->   "%or_ln201 = or i2 %trunc_ln201, i2 1" [src/moe.cpp:201]   --->   Operation 982 'or' 'or_ln201' <Predicate = (icmp_ln210)> <Delay = 0.00>
ST_76 : Operation 983 [1/1] (0.00ns)   --->   "%tmp_296 = bitconcatenate i4 @_ssdm_op_BitConcatenate.i4.i2.i2, i2 %or_ln201, i2 %or_ln201" [src/moe.cpp:228]   --->   Operation 983 'bitconcatenate' 'tmp_296' <Predicate = (icmp_ln210)> <Delay = 0.00>
ST_76 : Operation 984 [1/1] (0.00ns)   --->   "%zext_ln210_1 = zext i4 %tmp_296" [src/moe.cpp:210]   --->   Operation 984 'zext' 'zext_ln210_1' <Predicate = (icmp_ln210)> <Delay = 0.00>
ST_76 : Operation 985 [1/1] (0.36ns)   --->   "%br_ln210 = br void %VITIS_LOOP_220_8.1" [src/moe.cpp:210]   --->   Operation 985 'br' 'br_ln210' <Predicate = (icmp_ln210)> <Delay = 0.36>

State 77 <SV = 73> <Delay = 0.00>
ST_77 : Operation 986 [1/2] (0.00ns)   --->   "%call_ln228 = call void @graph_moe_Pipeline_VITIS_LOOP_220_8, i10 %tmp_297, i32 %w1, i32 %b1, i32 %l1_2, i32 %l1, i32 %empty, i32 %empty_284, i32 %empty_285, i32 %empty_286, i32 %empty_287, i32 %empty_288, i32 %empty_289, i32 %empty_290, i32 %empty_291, i32 %empty_292, i32 %empty_293, i32 %empty_294, i32 %empty_295, i32 %empty_296, i32 %empty_297, i32 %empty_298, i32 %empty_299, i32 %empty_300, i32 %empty_301, i32 %empty_302, i32 %empty_303, i32 %empty_304, i32 %empty_305, i32 %empty_306, i32 %empty_307, i32 %empty_308, i32 %empty_309, i32 %empty_310, i32 %empty_311, i32 %empty_312, i32 %empty_313, i32 %empty_314, i32 %empty_315, i32 %empty_316, i32 %empty_317, i32 %empty_318, i32 %empty_319, i32 %empty_320, i32 %empty_321, i32 %empty_322, i32 %empty_323, i32 %empty_324, i32 %empty_325, i32 %empty_326, i32 %empty_327, i32 %empty_328, i32 %empty_329, i32 %empty_330, i32 %empty_331, i32 %empty_332, i32 %empty_333, i32 %empty_334, i32 %empty_335, i32 %empty_336, i32 %empty_337, i32 %empty_338, i32 %empty_339, i32 %empty_340, i32 %empty_341, i32 %empty_342, i32 %empty_343, i32 %empty_344, i32 %empty_345, i32 %empty_346, i32 %empty_347, i32 %empty_348, i32 %empty_349, i32 %empty_350, i32 %empty_351, i32 %empty_352, i32 %empty_353, i32 %empty_354, i32 %empty_355, i32 %empty_356, i32 %empty_357, i32 %empty_358, i32 %empty_359, i32 %empty_360, i32 %empty_361, i32 %empty_362, i32 %empty_363, i32 %empty_364, i32 %empty_365, i32 %empty_366, i32 %empty_367, i32 %empty_368, i32 %empty_369, i32 %empty_370, i32 %empty_371, i32 %empty_372, i32 %empty_373, i32 %empty_374, i32 %empty_375, i32 %empty_376, i32 %empty_377, i32 %empty_378, i32 %empty_379, i32 %empty_380, i32 %empty_381, i32 %empty_382, i32 %empty_383, i32 %empty_384, i32 %empty_385, i32 %empty_386, i32 %empty_387, i32 %empty_388, i32 %empty_389, i32 %empty_390, i32 %empty_391, i32 %empty_392, i32 %empty_393, i32 %empty_394, i32 %empty_395, i32 %empty_396, i32 %empty_397, i32 %empty_398, i32 %empty_399, i32 %empty_400, i32 %empty_401, i32 %empty_402, i32 %empty_403, i32 %empty_404, i32 %empty_405, i32 %empty_406, i32 %empty_407, i32 %empty_408, i32 %empty_409, i32 %empty_410, i1 %cond" [src/moe.cpp:228]   --->   Operation 986 'call' 'call_ln228' <Predicate = true> <Delay = 0.00> <CoreType = "Generic">   --->   Core 0 '' <Latency = 0> <II = 1> <Delay = 1.00> <Generic> <Opcode : >

State 78 <SV = 74> <Delay = 1.02>
ST_78 : Operation 987 [2/2] (1.02ns)   --->   "%l1_load = load i5 %l1_addr"   --->   Operation 987 'load' 'l1_load' <Predicate = (!empty_411)> <Delay = 1.02> <CoreInst = "RAM">   --->   Core 83 'RAM' <Latency = 1> <II = 1> <Delay = 1.02> <Storage> <Opcode : 'load' 'store'> <Ports = 2> <Width = 32> <Depth = 32> <RAM>
ST_78 : Operation 988 [2/2] (1.02ns)   --->   "%l1_2_load = load i5 %l1_2_addr"   --->   Operation 988 'load' 'l1_2_load' <Predicate = (empty_411)> <Delay = 1.02> <CoreInst = "RAM">   --->   Core 83 'RAM' <Latency = 1> <II = 1> <Delay = 1.02> <Storage> <Opcode : 'load' 'store'> <Ports = 2> <Width = 32> <Depth = 32> <RAM>
ST_78 : Operation 989 [2/2] (1.02ns)   --->   "%l1_load_1 = load i5 %l1_addr_1"   --->   Operation 989 'load' 'l1_load_1' <Predicate = (!empty_411)> <Delay = 1.02> <CoreInst = "RAM">   --->   Core 83 'RAM' <Latency = 1> <II = 1> <Delay = 1.02> <Storage> <Opcode : 'load' 'store'> <Ports = 2> <Width = 32> <Depth = 32> <RAM>
ST_78 : Operation 990 [2/2] (1.02ns)   --->   "%l1_2_load_1 = load i5 %l1_2_addr_1"   --->   Operation 990 'load' 'l1_2_load_1' <Predicate = (empty_411)> <Delay = 1.02> <CoreInst = "RAM">   --->   Core 83 'RAM' <Latency = 1> <II = 1> <Delay = 1.02> <Storage> <Opcode : 'load' 'store'> <Ports = 2> <Width = 32> <Depth = 32> <RAM>

State 79 <SV = 75> <Delay = 1.23>
ST_79 : Operation 991 [1/2] (1.02ns)   --->   "%l1_load = load i5 %l1_addr"   --->   Operation 991 'load' 'l1_load' <Predicate = (!empty_411)> <Delay = 1.02> <CoreInst = "RAM">   --->   Core 83 'RAM' <Latency = 1> <II = 1> <Delay = 1.02> <Storage> <Opcode : 'load' 'store'> <Ports = 2> <Width = 32> <Depth = 32> <RAM>
ST_79 : Operation 992 [1/2] (1.02ns)   --->   "%l1_2_load = load i5 %l1_2_addr"   --->   Operation 992 'load' 'l1_2_load' <Predicate = (empty_411)> <Delay = 1.02> <CoreInst = "RAM">   --->   Core 83 'RAM' <Latency = 1> <II = 1> <Delay = 1.02> <Storage> <Opcode : 'load' 'store'> <Ports = 2> <Width = 32> <Depth = 32> <RAM>
ST_79 : Operation 993 [1/1] (0.21ns)   --->   "%tmp_1 = select i1 %empty_411, i32 %l1_2_load, i32 %l1_load" [src/moe.cpp:201]   --->   Operation 993 'select' 'tmp_1' <Predicate = true> <Delay = 0.21> <CoreInst = "Sel">   --->   Core 73 'Sel' <Latency = 0> <II = 1> <Delay = 0.21> <FuncUnit> <Opcode : 'select'> <InPorts = 3> <OutPorts = 1>
ST_79 : Operation 994 [1/2] (1.02ns)   --->   "%l1_load_1 = load i5 %l1_addr_1"   --->   Operation 994 'load' 'l1_load_1' <Predicate = (!empty_411)> <Delay = 1.02> <CoreInst = "RAM">   --->   Core 83 'RAM' <Latency = 1> <II = 1> <Delay = 1.02> <Storage> <Opcode : 'load' 'store'> <Ports = 2> <Width = 32> <Depth = 32> <RAM>
ST_79 : Operation 995 [1/2] (1.02ns)   --->   "%l1_2_load_1 = load i5 %l1_2_addr_1"   --->   Operation 995 'load' 'l1_2_load_1' <Predicate = (empty_411)> <Delay = 1.02> <CoreInst = "RAM">   --->   Core 83 'RAM' <Latency = 1> <II = 1> <Delay = 1.02> <Storage> <Opcode : 'load' 'store'> <Ports = 2> <Width = 32> <Depth = 32> <RAM>
ST_79 : Operation 996 [1/1] (0.21ns)   --->   "%tmp_2 = select i1 %empty_411, i32 %l1_2_load_1, i32 %l1_load_1" [src/moe.cpp:201]   --->   Operation 996 'select' 'tmp_2' <Predicate = true> <Delay = 0.21> <CoreInst = "Sel">   --->   Core 73 'Sel' <Latency = 0> <II = 1> <Delay = 0.21> <FuncUnit> <Opcode : 'select'> <InPorts = 3> <OutPorts = 1>
ST_79 : Operation 997 [2/2] (1.02ns)   --->   "%l1_load_2 = load i5 %l1_addr_2"   --->   Operation 997 'load' 'l1_load_2' <Predicate = (!empty_411)> <Delay = 1.02> <CoreInst = "RAM">   --->   Core 83 'RAM' <Latency = 1> <II = 1> <Delay = 1.02> <Storage> <Opcode : 'load' 'store'> <Ports = 2> <Width = 32> <Depth = 32> <RAM>
ST_79 : Operation 998 [2/2] (1.02ns)   --->   "%l1_2_load_2 = load i5 %l1_2_addr_2"   --->   Operation 998 'load' 'l1_2_load_2' <Predicate = (empty_411)> <Delay = 1.02> <CoreInst = "RAM">   --->   Core 83 'RAM' <Latency = 1> <II = 1> <Delay = 1.02> <Storage> <Opcode : 'load' 'store'> <Ports = 2> <Width = 32> <Depth = 32> <RAM>
ST_79 : Operation 999 [2/2] (1.02ns)   --->   "%l1_load_3 = load i5 %l1_addr_3"   --->   Operation 999 'load' 'l1_load_3' <Predicate = (!empty_411)> <Delay = 1.02> <CoreInst = "RAM">   --->   Core 83 'RAM' <Latency = 1> <II = 1> <Delay = 1.02> <Storage> <Opcode : 'load' 'store'> <Ports = 2> <Width = 32> <Depth = 32> <RAM>
ST_79 : Operation 1000 [2/2] (1.02ns)   --->   "%l1_2_load_3 = load i5 %l1_2_addr_3"   --->   Operation 1000 'load' 'l1_2_load_3' <Predicate = (empty_411)> <Delay = 1.02> <CoreInst = "RAM">   --->   Core 83 'RAM' <Latency = 1> <II = 1> <Delay = 1.02> <Storage> <Opcode : 'load' 'store'> <Ports = 2> <Width = 32> <Depth = 32> <RAM>

State 80 <SV = 76> <Delay = 1.23>
ST_80 : Operation 1001 [1/2] (1.02ns)   --->   "%l1_load_2 = load i5 %l1_addr_2"   --->   Operation 1001 'load' 'l1_load_2' <Predicate = (!empty_411)> <Delay = 1.02> <CoreInst = "RAM">   --->   Core 83 'RAM' <Latency = 1> <II = 1> <Delay = 1.02> <Storage> <Opcode : 'load' 'store'> <Ports = 2> <Width = 32> <Depth = 32> <RAM>
ST_80 : Operation 1002 [1/2] (1.02ns)   --->   "%l1_2_load_2 = load i5 %l1_2_addr_2"   --->   Operation 1002 'load' 'l1_2_load_2' <Predicate = (empty_411)> <Delay = 1.02> <CoreInst = "RAM">   --->   Core 83 'RAM' <Latency = 1> <II = 1> <Delay = 1.02> <Storage> <Opcode : 'load' 'store'> <Ports = 2> <Width = 32> <Depth = 32> <RAM>
ST_80 : Operation 1003 [1/1] (0.21ns)   --->   "%tmp_3 = select i1 %empty_411, i32 %l1_2_load_2, i32 %l1_load_2" [src/moe.cpp:201]   --->   Operation 1003 'select' 'tmp_3' <Predicate = true> <Delay = 0.21> <CoreInst = "Sel">   --->   Core 73 'Sel' <Latency = 0> <II = 1> <Delay = 0.21> <FuncUnit> <Opcode : 'select'> <InPorts = 3> <OutPorts = 1>
ST_80 : Operation 1004 [1/2] (1.02ns)   --->   "%l1_load_3 = load i5 %l1_addr_3"   --->   Operation 1004 'load' 'l1_load_3' <Predicate = (!empty_411)> <Delay = 1.02> <CoreInst = "RAM">   --->   Core 83 'RAM' <Latency = 1> <II = 1> <Delay = 1.02> <Storage> <Opcode : 'load' 'store'> <Ports = 2> <Width = 32> <Depth = 32> <RAM>
ST_80 : Operation 1005 [1/2] (1.02ns)   --->   "%l1_2_load_3 = load i5 %l1_2_addr_3"   --->   Operation 1005 'load' 'l1_2_load_3' <Predicate = (empty_411)> <Delay = 1.02> <CoreInst = "RAM">   --->   Core 83 'RAM' <Latency = 1> <II = 1> <Delay = 1.02> <Storage> <Opcode : 'load' 'store'> <Ports = 2> <Width = 32> <Depth = 32> <RAM>
ST_80 : Operation 1006 [1/1] (0.21ns)   --->   "%tmp_4 = select i1 %empty_411, i32 %l1_2_load_3, i32 %l1_load_3" [src/moe.cpp:201]   --->   Operation 1006 'select' 'tmp_4' <Predicate = true> <Delay = 0.21> <CoreInst = "Sel">   --->   Core 73 'Sel' <Latency = 0> <II = 1> <Delay = 0.21> <FuncUnit> <Opcode : 'select'> <InPorts = 3> <OutPorts = 1>
ST_80 : Operation 1007 [2/2] (1.02ns)   --->   "%l1_load_4 = load i5 %l1_addr_4"   --->   Operation 1007 'load' 'l1_load_4' <Predicate = (!empty_411)> <Delay = 1.02> <CoreInst = "RAM">   --->   Core 83 'RAM' <Latency = 1> <II = 1> <Delay = 1.02> <Storage> <Opcode : 'load' 'store'> <Ports = 2> <Width = 32> <Depth = 32> <RAM>
ST_80 : Operation 1008 [2/2] (1.02ns)   --->   "%l1_2_load_4 = load i5 %l1_2_addr_4"   --->   Operation 1008 'load' 'l1_2_load_4' <Predicate = (empty_411)> <Delay = 1.02> <CoreInst = "RAM">   --->   Core 83 'RAM' <Latency = 1> <II = 1> <Delay = 1.02> <Storage> <Opcode : 'load' 'store'> <Ports = 2> <Width = 32> <Depth = 32> <RAM>
ST_80 : Operation 1009 [2/2] (1.02ns)   --->   "%l1_load_5 = load i5 %l1_addr_5"   --->   Operation 1009 'load' 'l1_load_5' <Predicate = (!empty_411)> <Delay = 1.02> <CoreInst = "RAM">   --->   Core 83 'RAM' <Latency = 1> <II = 1> <Delay = 1.02> <Storage> <Opcode : 'load' 'store'> <Ports = 2> <Width = 32> <Depth = 32> <RAM>
ST_80 : Operation 1010 [2/2] (1.02ns)   --->   "%l1_2_load_5 = load i5 %l1_2_addr_5"   --->   Operation 1010 'load' 'l1_2_load_5' <Predicate = (empty_411)> <Delay = 1.02> <CoreInst = "RAM">   --->   Core 83 'RAM' <Latency = 1> <II = 1> <Delay = 1.02> <Storage> <Opcode : 'load' 'store'> <Ports = 2> <Width = 32> <Depth = 32> <RAM>

State 81 <SV = 77> <Delay = 1.23>
ST_81 : Operation 1011 [1/2] (1.02ns)   --->   "%l1_load_4 = load i5 %l1_addr_4"   --->   Operation 1011 'load' 'l1_load_4' <Predicate = (!empty_411)> <Delay = 1.02> <CoreInst = "RAM">   --->   Core 83 'RAM' <Latency = 1> <II = 1> <Delay = 1.02> <Storage> <Opcode : 'load' 'store'> <Ports = 2> <Width = 32> <Depth = 32> <RAM>
ST_81 : Operation 1012 [1/2] (1.02ns)   --->   "%l1_2_load_4 = load i5 %l1_2_addr_4"   --->   Operation 1012 'load' 'l1_2_load_4' <Predicate = (empty_411)> <Delay = 1.02> <CoreInst = "RAM">   --->   Core 83 'RAM' <Latency = 1> <II = 1> <Delay = 1.02> <Storage> <Opcode : 'load' 'store'> <Ports = 2> <Width = 32> <Depth = 32> <RAM>
ST_81 : Operation 1013 [1/1] (0.21ns)   --->   "%tmp_5 = select i1 %empty_411, i32 %l1_2_load_4, i32 %l1_load_4" [src/moe.cpp:201]   --->   Operation 1013 'select' 'tmp_5' <Predicate = true> <Delay = 0.21> <CoreInst = "Sel">   --->   Core 73 'Sel' <Latency = 0> <II = 1> <Delay = 0.21> <FuncUnit> <Opcode : 'select'> <InPorts = 3> <OutPorts = 1>
ST_81 : Operation 1014 [1/2] (1.02ns)   --->   "%l1_load_5 = load i5 %l1_addr_5"   --->   Operation 1014 'load' 'l1_load_5' <Predicate = (!empty_411)> <Delay = 1.02> <CoreInst = "RAM">   --->   Core 83 'RAM' <Latency = 1> <II = 1> <Delay = 1.02> <Storage> <Opcode : 'load' 'store'> <Ports = 2> <Width = 32> <Depth = 32> <RAM>
ST_81 : Operation 1015 [1/2] (1.02ns)   --->   "%l1_2_load_5 = load i5 %l1_2_addr_5"   --->   Operation 1015 'load' 'l1_2_load_5' <Predicate = (empty_411)> <Delay = 1.02> <CoreInst = "RAM">   --->   Core 83 'RAM' <Latency = 1> <II = 1> <Delay = 1.02> <Storage> <Opcode : 'load' 'store'> <Ports = 2> <Width = 32> <Depth = 32> <RAM>
ST_81 : Operation 1016 [1/1] (0.21ns)   --->   "%tmp_6 = select i1 %empty_411, i32 %l1_2_load_5, i32 %l1_load_5" [src/moe.cpp:201]   --->   Operation 1016 'select' 'tmp_6' <Predicate = true> <Delay = 0.21> <CoreInst = "Sel">   --->   Core 73 'Sel' <Latency = 0> <II = 1> <Delay = 0.21> <FuncUnit> <Opcode : 'select'> <InPorts = 3> <OutPorts = 1>
ST_81 : Operation 1017 [2/2] (1.02ns)   --->   "%l1_load_6 = load i5 %l1_addr_6"   --->   Operation 1017 'load' 'l1_load_6' <Predicate = (!empty_411)> <Delay = 1.02> <CoreInst = "RAM">   --->   Core 83 'RAM' <Latency = 1> <II = 1> <Delay = 1.02> <Storage> <Opcode : 'load' 'store'> <Ports = 2> <Width = 32> <Depth = 32> <RAM>
ST_81 : Operation 1018 [2/2] (1.02ns)   --->   "%l1_2_load_6 = load i5 %l1_2_addr_6"   --->   Operation 1018 'load' 'l1_2_load_6' <Predicate = (empty_411)> <Delay = 1.02> <CoreInst = "RAM">   --->   Core 83 'RAM' <Latency = 1> <II = 1> <Delay = 1.02> <Storage> <Opcode : 'load' 'store'> <Ports = 2> <Width = 32> <Depth = 32> <RAM>
ST_81 : Operation 1019 [2/2] (1.02ns)   --->   "%l1_load_7 = load i5 %l1_addr_7"   --->   Operation 1019 'load' 'l1_load_7' <Predicate = (!empty_411)> <Delay = 1.02> <CoreInst = "RAM">   --->   Core 83 'RAM' <Latency = 1> <II = 1> <Delay = 1.02> <Storage> <Opcode : 'load' 'store'> <Ports = 2> <Width = 32> <Depth = 32> <RAM>
ST_81 : Operation 1020 [2/2] (1.02ns)   --->   "%l1_2_load_7 = load i5 %l1_2_addr_7"   --->   Operation 1020 'load' 'l1_2_load_7' <Predicate = (empty_411)> <Delay = 1.02> <CoreInst = "RAM">   --->   Core 83 'RAM' <Latency = 1> <II = 1> <Delay = 1.02> <Storage> <Opcode : 'load' 'store'> <Ports = 2> <Width = 32> <Depth = 32> <RAM>

State 82 <SV = 78> <Delay = 1.23>
ST_82 : Operation 1021 [1/2] (1.02ns)   --->   "%l1_load_6 = load i5 %l1_addr_6"   --->   Operation 1021 'load' 'l1_load_6' <Predicate = (!empty_411)> <Delay = 1.02> <CoreInst = "RAM">   --->   Core 83 'RAM' <Latency = 1> <II = 1> <Delay = 1.02> <Storage> <Opcode : 'load' 'store'> <Ports = 2> <Width = 32> <Depth = 32> <RAM>
ST_82 : Operation 1022 [1/2] (1.02ns)   --->   "%l1_2_load_6 = load i5 %l1_2_addr_6"   --->   Operation 1022 'load' 'l1_2_load_6' <Predicate = (empty_411)> <Delay = 1.02> <CoreInst = "RAM">   --->   Core 83 'RAM' <Latency = 1> <II = 1> <Delay = 1.02> <Storage> <Opcode : 'load' 'store'> <Ports = 2> <Width = 32> <Depth = 32> <RAM>
ST_82 : Operation 1023 [1/1] (0.21ns)   --->   "%tmp_7 = select i1 %empty_411, i32 %l1_2_load_6, i32 %l1_load_6" [src/moe.cpp:201]   --->   Operation 1023 'select' 'tmp_7' <Predicate = true> <Delay = 0.21> <CoreInst = "Sel">   --->   Core 73 'Sel' <Latency = 0> <II = 1> <Delay = 0.21> <FuncUnit> <Opcode : 'select'> <InPorts = 3> <OutPorts = 1>
ST_82 : Operation 1024 [1/2] (1.02ns)   --->   "%l1_load_7 = load i5 %l1_addr_7"   --->   Operation 1024 'load' 'l1_load_7' <Predicate = (!empty_411)> <Delay = 1.02> <CoreInst = "RAM">   --->   Core 83 'RAM' <Latency = 1> <II = 1> <Delay = 1.02> <Storage> <Opcode : 'load' 'store'> <Ports = 2> <Width = 32> <Depth = 32> <RAM>
ST_82 : Operation 1025 [1/2] (1.02ns)   --->   "%l1_2_load_7 = load i5 %l1_2_addr_7"   --->   Operation 1025 'load' 'l1_2_load_7' <Predicate = (empty_411)> <Delay = 1.02> <CoreInst = "RAM">   --->   Core 83 'RAM' <Latency = 1> <II = 1> <Delay = 1.02> <Storage> <Opcode : 'load' 'store'> <Ports = 2> <Width = 32> <Depth = 32> <RAM>
ST_82 : Operation 1026 [1/1] (0.21ns)   --->   "%tmp_8 = select i1 %empty_411, i32 %l1_2_load_7, i32 %l1_load_7" [src/moe.cpp:201]   --->   Operation 1026 'select' 'tmp_8' <Predicate = true> <Delay = 0.21> <CoreInst = "Sel">   --->   Core 73 'Sel' <Latency = 0> <II = 1> <Delay = 0.21> <FuncUnit> <Opcode : 'select'> <InPorts = 3> <OutPorts = 1>
ST_82 : Operation 1027 [2/2] (1.02ns)   --->   "%l1_load_8 = load i5 %l1_addr_8"   --->   Operation 1027 'load' 'l1_load_8' <Predicate = (!empty_411)> <Delay = 1.02> <CoreInst = "RAM">   --->   Core 83 'RAM' <Latency = 1> <II = 1> <Delay = 1.02> <Storage> <Opcode : 'load' 'store'> <Ports = 2> <Width = 32> <Depth = 32> <RAM>
ST_82 : Operation 1028 [2/2] (1.02ns)   --->   "%l1_2_load_8 = load i5 %l1_2_addr_8"   --->   Operation 1028 'load' 'l1_2_load_8' <Predicate = (empty_411)> <Delay = 1.02> <CoreInst = "RAM">   --->   Core 83 'RAM' <Latency = 1> <II = 1> <Delay = 1.02> <Storage> <Opcode : 'load' 'store'> <Ports = 2> <Width = 32> <Depth = 32> <RAM>
ST_82 : Operation 1029 [2/2] (1.02ns)   --->   "%l1_load_9 = load i5 %l1_addr_9"   --->   Operation 1029 'load' 'l1_load_9' <Predicate = (!empty_411)> <Delay = 1.02> <CoreInst = "RAM">   --->   Core 83 'RAM' <Latency = 1> <II = 1> <Delay = 1.02> <Storage> <Opcode : 'load' 'store'> <Ports = 2> <Width = 32> <Depth = 32> <RAM>
ST_82 : Operation 1030 [2/2] (1.02ns)   --->   "%l1_2_load_9 = load i5 %l1_2_addr_9"   --->   Operation 1030 'load' 'l1_2_load_9' <Predicate = (empty_411)> <Delay = 1.02> <CoreInst = "RAM">   --->   Core 83 'RAM' <Latency = 1> <II = 1> <Delay = 1.02> <Storage> <Opcode : 'load' 'store'> <Ports = 2> <Width = 32> <Depth = 32> <RAM>

State 83 <SV = 79> <Delay = 1.23>
ST_83 : Operation 1031 [1/2] (1.02ns)   --->   "%l1_load_8 = load i5 %l1_addr_8"   --->   Operation 1031 'load' 'l1_load_8' <Predicate = (!empty_411)> <Delay = 1.02> <CoreInst = "RAM">   --->   Core 83 'RAM' <Latency = 1> <II = 1> <Delay = 1.02> <Storage> <Opcode : 'load' 'store'> <Ports = 2> <Width = 32> <Depth = 32> <RAM>
ST_83 : Operation 1032 [1/2] (1.02ns)   --->   "%l1_2_load_8 = load i5 %l1_2_addr_8"   --->   Operation 1032 'load' 'l1_2_load_8' <Predicate = (empty_411)> <Delay = 1.02> <CoreInst = "RAM">   --->   Core 83 'RAM' <Latency = 1> <II = 1> <Delay = 1.02> <Storage> <Opcode : 'load' 'store'> <Ports = 2> <Width = 32> <Depth = 32> <RAM>
ST_83 : Operation 1033 [1/1] (0.21ns)   --->   "%tmp_9 = select i1 %empty_411, i32 %l1_2_load_8, i32 %l1_load_8" [src/moe.cpp:201]   --->   Operation 1033 'select' 'tmp_9' <Predicate = true> <Delay = 0.21> <CoreInst = "Sel">   --->   Core 73 'Sel' <Latency = 0> <II = 1> <Delay = 0.21> <FuncUnit> <Opcode : 'select'> <InPorts = 3> <OutPorts = 1>
ST_83 : Operation 1034 [1/2] (1.02ns)   --->   "%l1_load_9 = load i5 %l1_addr_9"   --->   Operation 1034 'load' 'l1_load_9' <Predicate = (!empty_411)> <Delay = 1.02> <CoreInst = "RAM">   --->   Core 83 'RAM' <Latency = 1> <II = 1> <Delay = 1.02> <Storage> <Opcode : 'load' 'store'> <Ports = 2> <Width = 32> <Depth = 32> <RAM>
ST_83 : Operation 1035 [1/2] (1.02ns)   --->   "%l1_2_load_9 = load i5 %l1_2_addr_9"   --->   Operation 1035 'load' 'l1_2_load_9' <Predicate = (empty_411)> <Delay = 1.02> <CoreInst = "RAM">   --->   Core 83 'RAM' <Latency = 1> <II = 1> <Delay = 1.02> <Storage> <Opcode : 'load' 'store'> <Ports = 2> <Width = 32> <Depth = 32> <RAM>
ST_83 : Operation 1036 [1/1] (0.21ns)   --->   "%tmp_s = select i1 %empty_411, i32 %l1_2_load_9, i32 %l1_load_9" [src/moe.cpp:201]   --->   Operation 1036 'select' 'tmp_s' <Predicate = true> <Delay = 0.21> <CoreInst = "Sel">   --->   Core 73 'Sel' <Latency = 0> <II = 1> <Delay = 0.21> <FuncUnit> <Opcode : 'select'> <InPorts = 3> <OutPorts = 1>
ST_83 : Operation 1037 [2/2] (1.02ns)   --->   "%l1_load_10 = load i5 %l1_addr_10"   --->   Operation 1037 'load' 'l1_load_10' <Predicate = (!empty_411)> <Delay = 1.02> <CoreInst = "RAM">   --->   Core 83 'RAM' <Latency = 1> <II = 1> <Delay = 1.02> <Storage> <Opcode : 'load' 'store'> <Ports = 2> <Width = 32> <Depth = 32> <RAM>
ST_83 : Operation 1038 [2/2] (1.02ns)   --->   "%l1_2_load_10 = load i5 %l1_2_addr_10"   --->   Operation 1038 'load' 'l1_2_load_10' <Predicate = (empty_411)> <Delay = 1.02> <CoreInst = "RAM">   --->   Core 83 'RAM' <Latency = 1> <II = 1> <Delay = 1.02> <Storage> <Opcode : 'load' 'store'> <Ports = 2> <Width = 32> <Depth = 32> <RAM>
ST_83 : Operation 1039 [2/2] (1.02ns)   --->   "%l1_load_11 = load i5 %l1_addr_11"   --->   Operation 1039 'load' 'l1_load_11' <Predicate = (!empty_411)> <Delay = 1.02> <CoreInst = "RAM">   --->   Core 83 'RAM' <Latency = 1> <II = 1> <Delay = 1.02> <Storage> <Opcode : 'load' 'store'> <Ports = 2> <Width = 32> <Depth = 32> <RAM>
ST_83 : Operation 1040 [2/2] (1.02ns)   --->   "%l1_2_load_11 = load i5 %l1_2_addr_11"   --->   Operation 1040 'load' 'l1_2_load_11' <Predicate = (empty_411)> <Delay = 1.02> <CoreInst = "RAM">   --->   Core 83 'RAM' <Latency = 1> <II = 1> <Delay = 1.02> <Storage> <Opcode : 'load' 'store'> <Ports = 2> <Width = 32> <Depth = 32> <RAM>

State 84 <SV = 80> <Delay = 1.23>
ST_84 : Operation 1041 [1/2] (1.02ns)   --->   "%l1_load_10 = load i5 %l1_addr_10"   --->   Operation 1041 'load' 'l1_load_10' <Predicate = (!empty_411)> <Delay = 1.02> <CoreInst = "RAM">   --->   Core 83 'RAM' <Latency = 1> <II = 1> <Delay = 1.02> <Storage> <Opcode : 'load' 'store'> <Ports = 2> <Width = 32> <Depth = 32> <RAM>
ST_84 : Operation 1042 [1/2] (1.02ns)   --->   "%l1_2_load_10 = load i5 %l1_2_addr_10"   --->   Operation 1042 'load' 'l1_2_load_10' <Predicate = (empty_411)> <Delay = 1.02> <CoreInst = "RAM">   --->   Core 83 'RAM' <Latency = 1> <II = 1> <Delay = 1.02> <Storage> <Opcode : 'load' 'store'> <Ports = 2> <Width = 32> <Depth = 32> <RAM>
ST_84 : Operation 1043 [1/1] (0.21ns)   --->   "%tmp_10 = select i1 %empty_411, i32 %l1_2_load_10, i32 %l1_load_10" [src/moe.cpp:201]   --->   Operation 1043 'select' 'tmp_10' <Predicate = true> <Delay = 0.21> <CoreInst = "Sel">   --->   Core 73 'Sel' <Latency = 0> <II = 1> <Delay = 0.21> <FuncUnit> <Opcode : 'select'> <InPorts = 3> <OutPorts = 1>
ST_84 : Operation 1044 [1/2] (1.02ns)   --->   "%l1_load_11 = load i5 %l1_addr_11"   --->   Operation 1044 'load' 'l1_load_11' <Predicate = (!empty_411)> <Delay = 1.02> <CoreInst = "RAM">   --->   Core 83 'RAM' <Latency = 1> <II = 1> <Delay = 1.02> <Storage> <Opcode : 'load' 'store'> <Ports = 2> <Width = 32> <Depth = 32> <RAM>
ST_84 : Operation 1045 [1/2] (1.02ns)   --->   "%l1_2_load_11 = load i5 %l1_2_addr_11"   --->   Operation 1045 'load' 'l1_2_load_11' <Predicate = (empty_411)> <Delay = 1.02> <CoreInst = "RAM">   --->   Core 83 'RAM' <Latency = 1> <II = 1> <Delay = 1.02> <Storage> <Opcode : 'load' 'store'> <Ports = 2> <Width = 32> <Depth = 32> <RAM>
ST_84 : Operation 1046 [1/1] (0.21ns)   --->   "%tmp_11 = select i1 %empty_411, i32 %l1_2_load_11, i32 %l1_load_11" [src/moe.cpp:201]   --->   Operation 1046 'select' 'tmp_11' <Predicate = true> <Delay = 0.21> <CoreInst = "Sel">   --->   Core 73 'Sel' <Latency = 0> <II = 1> <Delay = 0.21> <FuncUnit> <Opcode : 'select'> <InPorts = 3> <OutPorts = 1>
ST_84 : Operation 1047 [2/2] (1.02ns)   --->   "%l1_load_12 = load i5 %l1_addr_12"   --->   Operation 1047 'load' 'l1_load_12' <Predicate = (!empty_411)> <Delay = 1.02> <CoreInst = "RAM">   --->   Core 83 'RAM' <Latency = 1> <II = 1> <Delay = 1.02> <Storage> <Opcode : 'load' 'store'> <Ports = 2> <Width = 32> <Depth = 32> <RAM>
ST_84 : Operation 1048 [2/2] (1.02ns)   --->   "%l1_2_load_12 = load i5 %l1_2_addr_12"   --->   Operation 1048 'load' 'l1_2_load_12' <Predicate = (empty_411)> <Delay = 1.02> <CoreInst = "RAM">   --->   Core 83 'RAM' <Latency = 1> <II = 1> <Delay = 1.02> <Storage> <Opcode : 'load' 'store'> <Ports = 2> <Width = 32> <Depth = 32> <RAM>
ST_84 : Operation 1049 [2/2] (1.02ns)   --->   "%l1_load_13 = load i5 %l1_addr_13"   --->   Operation 1049 'load' 'l1_load_13' <Predicate = (!empty_411)> <Delay = 1.02> <CoreInst = "RAM">   --->   Core 83 'RAM' <Latency = 1> <II = 1> <Delay = 1.02> <Storage> <Opcode : 'load' 'store'> <Ports = 2> <Width = 32> <Depth = 32> <RAM>
ST_84 : Operation 1050 [2/2] (1.02ns)   --->   "%l1_2_load_13 = load i5 %l1_2_addr_13"   --->   Operation 1050 'load' 'l1_2_load_13' <Predicate = (empty_411)> <Delay = 1.02> <CoreInst = "RAM">   --->   Core 83 'RAM' <Latency = 1> <II = 1> <Delay = 1.02> <Storage> <Opcode : 'load' 'store'> <Ports = 2> <Width = 32> <Depth = 32> <RAM>

State 85 <SV = 81> <Delay = 1.23>
ST_85 : Operation 1051 [1/2] (1.02ns)   --->   "%l1_load_12 = load i5 %l1_addr_12"   --->   Operation 1051 'load' 'l1_load_12' <Predicate = (!empty_411)> <Delay = 1.02> <CoreInst = "RAM">   --->   Core 83 'RAM' <Latency = 1> <II = 1> <Delay = 1.02> <Storage> <Opcode : 'load' 'store'> <Ports = 2> <Width = 32> <Depth = 32> <RAM>
ST_85 : Operation 1052 [1/2] (1.02ns)   --->   "%l1_2_load_12 = load i5 %l1_2_addr_12"   --->   Operation 1052 'load' 'l1_2_load_12' <Predicate = (empty_411)> <Delay = 1.02> <CoreInst = "RAM">   --->   Core 83 'RAM' <Latency = 1> <II = 1> <Delay = 1.02> <Storage> <Opcode : 'load' 'store'> <Ports = 2> <Width = 32> <Depth = 32> <RAM>
ST_85 : Operation 1053 [1/1] (0.21ns)   --->   "%tmp_12 = select i1 %empty_411, i32 %l1_2_load_12, i32 %l1_load_12" [src/moe.cpp:201]   --->   Operation 1053 'select' 'tmp_12' <Predicate = true> <Delay = 0.21> <CoreInst = "Sel">   --->   Core 73 'Sel' <Latency = 0> <II = 1> <Delay = 0.21> <FuncUnit> <Opcode : 'select'> <InPorts = 3> <OutPorts = 1>
ST_85 : Operation 1054 [1/2] (1.02ns)   --->   "%l1_load_13 = load i5 %l1_addr_13"   --->   Operation 1054 'load' 'l1_load_13' <Predicate = (!empty_411)> <Delay = 1.02> <CoreInst = "RAM">   --->   Core 83 'RAM' <Latency = 1> <II = 1> <Delay = 1.02> <Storage> <Opcode : 'load' 'store'> <Ports = 2> <Width = 32> <Depth = 32> <RAM>
ST_85 : Operation 1055 [1/2] (1.02ns)   --->   "%l1_2_load_13 = load i5 %l1_2_addr_13"   --->   Operation 1055 'load' 'l1_2_load_13' <Predicate = (empty_411)> <Delay = 1.02> <CoreInst = "RAM">   --->   Core 83 'RAM' <Latency = 1> <II = 1> <Delay = 1.02> <Storage> <Opcode : 'load' 'store'> <Ports = 2> <Width = 32> <Depth = 32> <RAM>
ST_85 : Operation 1056 [1/1] (0.21ns)   --->   "%tmp_13 = select i1 %empty_411, i32 %l1_2_load_13, i32 %l1_load_13" [src/moe.cpp:201]   --->   Operation 1056 'select' 'tmp_13' <Predicate = true> <Delay = 0.21> <CoreInst = "Sel">   --->   Core 73 'Sel' <Latency = 0> <II = 1> <Delay = 0.21> <FuncUnit> <Opcode : 'select'> <InPorts = 3> <OutPorts = 1>
ST_85 : Operation 1057 [2/2] (1.02ns)   --->   "%l1_load_14 = load i5 %l1_addr_14"   --->   Operation 1057 'load' 'l1_load_14' <Predicate = (!empty_411)> <Delay = 1.02> <CoreInst = "RAM">   --->   Core 83 'RAM' <Latency = 1> <II = 1> <Delay = 1.02> <Storage> <Opcode : 'load' 'store'> <Ports = 2> <Width = 32> <Depth = 32> <RAM>
ST_85 : Operation 1058 [2/2] (1.02ns)   --->   "%l1_2_load_14 = load i5 %l1_2_addr_14"   --->   Operation 1058 'load' 'l1_2_load_14' <Predicate = (empty_411)> <Delay = 1.02> <CoreInst = "RAM">   --->   Core 83 'RAM' <Latency = 1> <II = 1> <Delay = 1.02> <Storage> <Opcode : 'load' 'store'> <Ports = 2> <Width = 32> <Depth = 32> <RAM>
ST_85 : Operation 1059 [2/2] (1.02ns)   --->   "%l1_load_15 = load i5 %l1_addr_15"   --->   Operation 1059 'load' 'l1_load_15' <Predicate = (!empty_411)> <Delay = 1.02> <CoreInst = "RAM">   --->   Core 83 'RAM' <Latency = 1> <II = 1> <Delay = 1.02> <Storage> <Opcode : 'load' 'store'> <Ports = 2> <Width = 32> <Depth = 32> <RAM>
ST_85 : Operation 1060 [2/2] (1.02ns)   --->   "%l1_2_load_15 = load i5 %l1_2_addr_15"   --->   Operation 1060 'load' 'l1_2_load_15' <Predicate = (empty_411)> <Delay = 1.02> <CoreInst = "RAM">   --->   Core 83 'RAM' <Latency = 1> <II = 1> <Delay = 1.02> <Storage> <Opcode : 'load' 'store'> <Ports = 2> <Width = 32> <Depth = 32> <RAM>

State 86 <SV = 82> <Delay = 1.23>
ST_86 : Operation 1061 [1/2] (1.02ns)   --->   "%l1_load_14 = load i5 %l1_addr_14"   --->   Operation 1061 'load' 'l1_load_14' <Predicate = (!empty_411)> <Delay = 1.02> <CoreInst = "RAM">   --->   Core 83 'RAM' <Latency = 1> <II = 1> <Delay = 1.02> <Storage> <Opcode : 'load' 'store'> <Ports = 2> <Width = 32> <Depth = 32> <RAM>
ST_86 : Operation 1062 [1/2] (1.02ns)   --->   "%l1_2_load_14 = load i5 %l1_2_addr_14"   --->   Operation 1062 'load' 'l1_2_load_14' <Predicate = (empty_411)> <Delay = 1.02> <CoreInst = "RAM">   --->   Core 83 'RAM' <Latency = 1> <II = 1> <Delay = 1.02> <Storage> <Opcode : 'load' 'store'> <Ports = 2> <Width = 32> <Depth = 32> <RAM>
ST_86 : Operation 1063 [1/1] (0.21ns)   --->   "%tmp_14 = select i1 %empty_411, i32 %l1_2_load_14, i32 %l1_load_14" [src/moe.cpp:201]   --->   Operation 1063 'select' 'tmp_14' <Predicate = true> <Delay = 0.21> <CoreInst = "Sel">   --->   Core 73 'Sel' <Latency = 0> <II = 1> <Delay = 0.21> <FuncUnit> <Opcode : 'select'> <InPorts = 3> <OutPorts = 1>
ST_86 : Operation 1064 [1/2] (1.02ns)   --->   "%l1_load_15 = load i5 %l1_addr_15"   --->   Operation 1064 'load' 'l1_load_15' <Predicate = (!empty_411)> <Delay = 1.02> <CoreInst = "RAM">   --->   Core 83 'RAM' <Latency = 1> <II = 1> <Delay = 1.02> <Storage> <Opcode : 'load' 'store'> <Ports = 2> <Width = 32> <Depth = 32> <RAM>
ST_86 : Operation 1065 [1/2] (1.02ns)   --->   "%l1_2_load_15 = load i5 %l1_2_addr_15"   --->   Operation 1065 'load' 'l1_2_load_15' <Predicate = (empty_411)> <Delay = 1.02> <CoreInst = "RAM">   --->   Core 83 'RAM' <Latency = 1> <II = 1> <Delay = 1.02> <Storage> <Opcode : 'load' 'store'> <Ports = 2> <Width = 32> <Depth = 32> <RAM>
ST_86 : Operation 1066 [1/1] (0.21ns)   --->   "%tmp_15 = select i1 %empty_411, i32 %l1_2_load_15, i32 %l1_load_15" [src/moe.cpp:201]   --->   Operation 1066 'select' 'tmp_15' <Predicate = true> <Delay = 0.21> <CoreInst = "Sel">   --->   Core 73 'Sel' <Latency = 0> <II = 1> <Delay = 0.21> <FuncUnit> <Opcode : 'select'> <InPorts = 3> <OutPorts = 1>
ST_86 : Operation 1067 [2/2] (1.02ns)   --->   "%l1_load_16 = load i5 %l1_addr_16"   --->   Operation 1067 'load' 'l1_load_16' <Predicate = (!empty_411)> <Delay = 1.02> <CoreInst = "RAM">   --->   Core 83 'RAM' <Latency = 1> <II = 1> <Delay = 1.02> <Storage> <Opcode : 'load' 'store'> <Ports = 2> <Width = 32> <Depth = 32> <RAM>
ST_86 : Operation 1068 [2/2] (1.02ns)   --->   "%l1_2_load_16 = load i5 %l1_2_addr_16"   --->   Operation 1068 'load' 'l1_2_load_16' <Predicate = (empty_411)> <Delay = 1.02> <CoreInst = "RAM">   --->   Core 83 'RAM' <Latency = 1> <II = 1> <Delay = 1.02> <Storage> <Opcode : 'load' 'store'> <Ports = 2> <Width = 32> <Depth = 32> <RAM>
ST_86 : Operation 1069 [2/2] (1.02ns)   --->   "%l1_load_17 = load i5 %l1_addr_17"   --->   Operation 1069 'load' 'l1_load_17' <Predicate = (!empty_411)> <Delay = 1.02> <CoreInst = "RAM">   --->   Core 83 'RAM' <Latency = 1> <II = 1> <Delay = 1.02> <Storage> <Opcode : 'load' 'store'> <Ports = 2> <Width = 32> <Depth = 32> <RAM>
ST_86 : Operation 1070 [2/2] (1.02ns)   --->   "%l1_2_load_17 = load i5 %l1_2_addr_17"   --->   Operation 1070 'load' 'l1_2_load_17' <Predicate = (empty_411)> <Delay = 1.02> <CoreInst = "RAM">   --->   Core 83 'RAM' <Latency = 1> <II = 1> <Delay = 1.02> <Storage> <Opcode : 'load' 'store'> <Ports = 2> <Width = 32> <Depth = 32> <RAM>

State 87 <SV = 83> <Delay = 1.23>
ST_87 : Operation 1071 [1/2] (1.02ns)   --->   "%l1_load_16 = load i5 %l1_addr_16"   --->   Operation 1071 'load' 'l1_load_16' <Predicate = (!empty_411)> <Delay = 1.02> <CoreInst = "RAM">   --->   Core 83 'RAM' <Latency = 1> <II = 1> <Delay = 1.02> <Storage> <Opcode : 'load' 'store'> <Ports = 2> <Width = 32> <Depth = 32> <RAM>
ST_87 : Operation 1072 [1/2] (1.02ns)   --->   "%l1_2_load_16 = load i5 %l1_2_addr_16"   --->   Operation 1072 'load' 'l1_2_load_16' <Predicate = (empty_411)> <Delay = 1.02> <CoreInst = "RAM">   --->   Core 83 'RAM' <Latency = 1> <II = 1> <Delay = 1.02> <Storage> <Opcode : 'load' 'store'> <Ports = 2> <Width = 32> <Depth = 32> <RAM>
ST_87 : Operation 1073 [1/1] (0.21ns)   --->   "%tmp_16 = select i1 %empty_411, i32 %l1_2_load_16, i32 %l1_load_16" [src/moe.cpp:201]   --->   Operation 1073 'select' 'tmp_16' <Predicate = true> <Delay = 0.21> <CoreInst = "Sel">   --->   Core 73 'Sel' <Latency = 0> <II = 1> <Delay = 0.21> <FuncUnit> <Opcode : 'select'> <InPorts = 3> <OutPorts = 1>
ST_87 : Operation 1074 [1/2] (1.02ns)   --->   "%l1_load_17 = load i5 %l1_addr_17"   --->   Operation 1074 'load' 'l1_load_17' <Predicate = (!empty_411)> <Delay = 1.02> <CoreInst = "RAM">   --->   Core 83 'RAM' <Latency = 1> <II = 1> <Delay = 1.02> <Storage> <Opcode : 'load' 'store'> <Ports = 2> <Width = 32> <Depth = 32> <RAM>
ST_87 : Operation 1075 [1/2] (1.02ns)   --->   "%l1_2_load_17 = load i5 %l1_2_addr_17"   --->   Operation 1075 'load' 'l1_2_load_17' <Predicate = (empty_411)> <Delay = 1.02> <CoreInst = "RAM">   --->   Core 83 'RAM' <Latency = 1> <II = 1> <Delay = 1.02> <Storage> <Opcode : 'load' 'store'> <Ports = 2> <Width = 32> <Depth = 32> <RAM>
ST_87 : Operation 1076 [1/1] (0.21ns)   --->   "%tmp_17 = select i1 %empty_411, i32 %l1_2_load_17, i32 %l1_load_17" [src/moe.cpp:201]   --->   Operation 1076 'select' 'tmp_17' <Predicate = true> <Delay = 0.21> <CoreInst = "Sel">   --->   Core 73 'Sel' <Latency = 0> <II = 1> <Delay = 0.21> <FuncUnit> <Opcode : 'select'> <InPorts = 3> <OutPorts = 1>
ST_87 : Operation 1077 [2/2] (1.02ns)   --->   "%l1_load_18 = load i5 %l1_addr_18"   --->   Operation 1077 'load' 'l1_load_18' <Predicate = (!empty_411)> <Delay = 1.02> <CoreInst = "RAM">   --->   Core 83 'RAM' <Latency = 1> <II = 1> <Delay = 1.02> <Storage> <Opcode : 'load' 'store'> <Ports = 2> <Width = 32> <Depth = 32> <RAM>
ST_87 : Operation 1078 [2/2] (1.02ns)   --->   "%l1_2_load_18 = load i5 %l1_2_addr_18"   --->   Operation 1078 'load' 'l1_2_load_18' <Predicate = (empty_411)> <Delay = 1.02> <CoreInst = "RAM">   --->   Core 83 'RAM' <Latency = 1> <II = 1> <Delay = 1.02> <Storage> <Opcode : 'load' 'store'> <Ports = 2> <Width = 32> <Depth = 32> <RAM>
ST_87 : Operation 1079 [2/2] (1.02ns)   --->   "%l1_load_19 = load i5 %l1_addr_19"   --->   Operation 1079 'load' 'l1_load_19' <Predicate = (!empty_411)> <Delay = 1.02> <CoreInst = "RAM">   --->   Core 83 'RAM' <Latency = 1> <II = 1> <Delay = 1.02> <Storage> <Opcode : 'load' 'store'> <Ports = 2> <Width = 32> <Depth = 32> <RAM>
ST_87 : Operation 1080 [2/2] (1.02ns)   --->   "%l1_2_load_19 = load i5 %l1_2_addr_19"   --->   Operation 1080 'load' 'l1_2_load_19' <Predicate = (empty_411)> <Delay = 1.02> <CoreInst = "RAM">   --->   Core 83 'RAM' <Latency = 1> <II = 1> <Delay = 1.02> <Storage> <Opcode : 'load' 'store'> <Ports = 2> <Width = 32> <Depth = 32> <RAM>

State 88 <SV = 84> <Delay = 1.23>
ST_88 : Operation 1081 [1/2] (1.02ns)   --->   "%l1_load_18 = load i5 %l1_addr_18"   --->   Operation 1081 'load' 'l1_load_18' <Predicate = (!empty_411)> <Delay = 1.02> <CoreInst = "RAM">   --->   Core 83 'RAM' <Latency = 1> <II = 1> <Delay = 1.02> <Storage> <Opcode : 'load' 'store'> <Ports = 2> <Width = 32> <Depth = 32> <RAM>
ST_88 : Operation 1082 [1/2] (1.02ns)   --->   "%l1_2_load_18 = load i5 %l1_2_addr_18"   --->   Operation 1082 'load' 'l1_2_load_18' <Predicate = (empty_411)> <Delay = 1.02> <CoreInst = "RAM">   --->   Core 83 'RAM' <Latency = 1> <II = 1> <Delay = 1.02> <Storage> <Opcode : 'load' 'store'> <Ports = 2> <Width = 32> <Depth = 32> <RAM>
ST_88 : Operation 1083 [1/1] (0.21ns)   --->   "%tmp_18 = select i1 %empty_411, i32 %l1_2_load_18, i32 %l1_load_18" [src/moe.cpp:201]   --->   Operation 1083 'select' 'tmp_18' <Predicate = true> <Delay = 0.21> <CoreInst = "Sel">   --->   Core 73 'Sel' <Latency = 0> <II = 1> <Delay = 0.21> <FuncUnit> <Opcode : 'select'> <InPorts = 3> <OutPorts = 1>
ST_88 : Operation 1084 [1/2] (1.02ns)   --->   "%l1_load_19 = load i5 %l1_addr_19"   --->   Operation 1084 'load' 'l1_load_19' <Predicate = (!empty_411)> <Delay = 1.02> <CoreInst = "RAM">   --->   Core 83 'RAM' <Latency = 1> <II = 1> <Delay = 1.02> <Storage> <Opcode : 'load' 'store'> <Ports = 2> <Width = 32> <Depth = 32> <RAM>
ST_88 : Operation 1085 [1/2] (1.02ns)   --->   "%l1_2_load_19 = load i5 %l1_2_addr_19"   --->   Operation 1085 'load' 'l1_2_load_19' <Predicate = (empty_411)> <Delay = 1.02> <CoreInst = "RAM">   --->   Core 83 'RAM' <Latency = 1> <II = 1> <Delay = 1.02> <Storage> <Opcode : 'load' 'store'> <Ports = 2> <Width = 32> <Depth = 32> <RAM>
ST_88 : Operation 1086 [1/1] (0.21ns)   --->   "%tmp_19 = select i1 %empty_411, i32 %l1_2_load_19, i32 %l1_load_19" [src/moe.cpp:201]   --->   Operation 1086 'select' 'tmp_19' <Predicate = true> <Delay = 0.21> <CoreInst = "Sel">   --->   Core 73 'Sel' <Latency = 0> <II = 1> <Delay = 0.21> <FuncUnit> <Opcode : 'select'> <InPorts = 3> <OutPorts = 1>
ST_88 : Operation 1087 [2/2] (1.02ns)   --->   "%l1_load_20 = load i5 %l1_addr_20"   --->   Operation 1087 'load' 'l1_load_20' <Predicate = (!empty_411)> <Delay = 1.02> <CoreInst = "RAM">   --->   Core 83 'RAM' <Latency = 1> <II = 1> <Delay = 1.02> <Storage> <Opcode : 'load' 'store'> <Ports = 2> <Width = 32> <Depth = 32> <RAM>
ST_88 : Operation 1088 [2/2] (1.02ns)   --->   "%l1_2_load_20 = load i5 %l1_2_addr_20"   --->   Operation 1088 'load' 'l1_2_load_20' <Predicate = (empty_411)> <Delay = 1.02> <CoreInst = "RAM">   --->   Core 83 'RAM' <Latency = 1> <II = 1> <Delay = 1.02> <Storage> <Opcode : 'load' 'store'> <Ports = 2> <Width = 32> <Depth = 32> <RAM>
ST_88 : Operation 1089 [2/2] (1.02ns)   --->   "%l1_load_21 = load i5 %l1_addr_21"   --->   Operation 1089 'load' 'l1_load_21' <Predicate = (!empty_411)> <Delay = 1.02> <CoreInst = "RAM">   --->   Core 83 'RAM' <Latency = 1> <II = 1> <Delay = 1.02> <Storage> <Opcode : 'load' 'store'> <Ports = 2> <Width = 32> <Depth = 32> <RAM>
ST_88 : Operation 1090 [2/2] (1.02ns)   --->   "%l1_2_load_21 = load i5 %l1_2_addr_21"   --->   Operation 1090 'load' 'l1_2_load_21' <Predicate = (empty_411)> <Delay = 1.02> <CoreInst = "RAM">   --->   Core 83 'RAM' <Latency = 1> <II = 1> <Delay = 1.02> <Storage> <Opcode : 'load' 'store'> <Ports = 2> <Width = 32> <Depth = 32> <RAM>

State 89 <SV = 85> <Delay = 1.23>
ST_89 : Operation 1091 [1/2] (1.02ns)   --->   "%l1_load_20 = load i5 %l1_addr_20"   --->   Operation 1091 'load' 'l1_load_20' <Predicate = (!empty_411)> <Delay = 1.02> <CoreInst = "RAM">   --->   Core 83 'RAM' <Latency = 1> <II = 1> <Delay = 1.02> <Storage> <Opcode : 'load' 'store'> <Ports = 2> <Width = 32> <Depth = 32> <RAM>
ST_89 : Operation 1092 [1/2] (1.02ns)   --->   "%l1_2_load_20 = load i5 %l1_2_addr_20"   --->   Operation 1092 'load' 'l1_2_load_20' <Predicate = (empty_411)> <Delay = 1.02> <CoreInst = "RAM">   --->   Core 83 'RAM' <Latency = 1> <II = 1> <Delay = 1.02> <Storage> <Opcode : 'load' 'store'> <Ports = 2> <Width = 32> <Depth = 32> <RAM>
ST_89 : Operation 1093 [1/1] (0.21ns)   --->   "%tmp_20 = select i1 %empty_411, i32 %l1_2_load_20, i32 %l1_load_20" [src/moe.cpp:201]   --->   Operation 1093 'select' 'tmp_20' <Predicate = true> <Delay = 0.21> <CoreInst = "Sel">   --->   Core 73 'Sel' <Latency = 0> <II = 1> <Delay = 0.21> <FuncUnit> <Opcode : 'select'> <InPorts = 3> <OutPorts = 1>
ST_89 : Operation 1094 [1/2] (1.02ns)   --->   "%l1_load_21 = load i5 %l1_addr_21"   --->   Operation 1094 'load' 'l1_load_21' <Predicate = (!empty_411)> <Delay = 1.02> <CoreInst = "RAM">   --->   Core 83 'RAM' <Latency = 1> <II = 1> <Delay = 1.02> <Storage> <Opcode : 'load' 'store'> <Ports = 2> <Width = 32> <Depth = 32> <RAM>
ST_89 : Operation 1095 [1/2] (1.02ns)   --->   "%l1_2_load_21 = load i5 %l1_2_addr_21"   --->   Operation 1095 'load' 'l1_2_load_21' <Predicate = (empty_411)> <Delay = 1.02> <CoreInst = "RAM">   --->   Core 83 'RAM' <Latency = 1> <II = 1> <Delay = 1.02> <Storage> <Opcode : 'load' 'store'> <Ports = 2> <Width = 32> <Depth = 32> <RAM>
ST_89 : Operation 1096 [1/1] (0.21ns)   --->   "%tmp_21 = select i1 %empty_411, i32 %l1_2_load_21, i32 %l1_load_21" [src/moe.cpp:201]   --->   Operation 1096 'select' 'tmp_21' <Predicate = true> <Delay = 0.21> <CoreInst = "Sel">   --->   Core 73 'Sel' <Latency = 0> <II = 1> <Delay = 0.21> <FuncUnit> <Opcode : 'select'> <InPorts = 3> <OutPorts = 1>
ST_89 : Operation 1097 [2/2] (1.02ns)   --->   "%l1_load_22 = load i5 %l1_addr_22"   --->   Operation 1097 'load' 'l1_load_22' <Predicate = (!empty_411)> <Delay = 1.02> <CoreInst = "RAM">   --->   Core 83 'RAM' <Latency = 1> <II = 1> <Delay = 1.02> <Storage> <Opcode : 'load' 'store'> <Ports = 2> <Width = 32> <Depth = 32> <RAM>
ST_89 : Operation 1098 [2/2] (1.02ns)   --->   "%l1_2_load_22 = load i5 %l1_2_addr_22"   --->   Operation 1098 'load' 'l1_2_load_22' <Predicate = (empty_411)> <Delay = 1.02> <CoreInst = "RAM">   --->   Core 83 'RAM' <Latency = 1> <II = 1> <Delay = 1.02> <Storage> <Opcode : 'load' 'store'> <Ports = 2> <Width = 32> <Depth = 32> <RAM>
ST_89 : Operation 1099 [2/2] (1.02ns)   --->   "%l1_load_23 = load i5 %l1_addr_23"   --->   Operation 1099 'load' 'l1_load_23' <Predicate = (!empty_411)> <Delay = 1.02> <CoreInst = "RAM">   --->   Core 83 'RAM' <Latency = 1> <II = 1> <Delay = 1.02> <Storage> <Opcode : 'load' 'store'> <Ports = 2> <Width = 32> <Depth = 32> <RAM>
ST_89 : Operation 1100 [2/2] (1.02ns)   --->   "%l1_2_load_23 = load i5 %l1_2_addr_23"   --->   Operation 1100 'load' 'l1_2_load_23' <Predicate = (empty_411)> <Delay = 1.02> <CoreInst = "RAM">   --->   Core 83 'RAM' <Latency = 1> <II = 1> <Delay = 1.02> <Storage> <Opcode : 'load' 'store'> <Ports = 2> <Width = 32> <Depth = 32> <RAM>

State 90 <SV = 86> <Delay = 1.23>
ST_90 : Operation 1101 [1/2] (1.02ns)   --->   "%l1_load_22 = load i5 %l1_addr_22"   --->   Operation 1101 'load' 'l1_load_22' <Predicate = (!empty_411)> <Delay = 1.02> <CoreInst = "RAM">   --->   Core 83 'RAM' <Latency = 1> <II = 1> <Delay = 1.02> <Storage> <Opcode : 'load' 'store'> <Ports = 2> <Width = 32> <Depth = 32> <RAM>
ST_90 : Operation 1102 [1/2] (1.02ns)   --->   "%l1_2_load_22 = load i5 %l1_2_addr_22"   --->   Operation 1102 'load' 'l1_2_load_22' <Predicate = (empty_411)> <Delay = 1.02> <CoreInst = "RAM">   --->   Core 83 'RAM' <Latency = 1> <II = 1> <Delay = 1.02> <Storage> <Opcode : 'load' 'store'> <Ports = 2> <Width = 32> <Depth = 32> <RAM>
ST_90 : Operation 1103 [1/1] (0.21ns)   --->   "%tmp_22 = select i1 %empty_411, i32 %l1_2_load_22, i32 %l1_load_22" [src/moe.cpp:201]   --->   Operation 1103 'select' 'tmp_22' <Predicate = true> <Delay = 0.21> <CoreInst = "Sel">   --->   Core 73 'Sel' <Latency = 0> <II = 1> <Delay = 0.21> <FuncUnit> <Opcode : 'select'> <InPorts = 3> <OutPorts = 1>
ST_90 : Operation 1104 [1/2] (1.02ns)   --->   "%l1_load_23 = load i5 %l1_addr_23"   --->   Operation 1104 'load' 'l1_load_23' <Predicate = (!empty_411)> <Delay = 1.02> <CoreInst = "RAM">   --->   Core 83 'RAM' <Latency = 1> <II = 1> <Delay = 1.02> <Storage> <Opcode : 'load' 'store'> <Ports = 2> <Width = 32> <Depth = 32> <RAM>
ST_90 : Operation 1105 [1/2] (1.02ns)   --->   "%l1_2_load_23 = load i5 %l1_2_addr_23"   --->   Operation 1105 'load' 'l1_2_load_23' <Predicate = (empty_411)> <Delay = 1.02> <CoreInst = "RAM">   --->   Core 83 'RAM' <Latency = 1> <II = 1> <Delay = 1.02> <Storage> <Opcode : 'load' 'store'> <Ports = 2> <Width = 32> <Depth = 32> <RAM>
ST_90 : Operation 1106 [1/1] (0.21ns)   --->   "%tmp_23 = select i1 %empty_411, i32 %l1_2_load_23, i32 %l1_load_23" [src/moe.cpp:201]   --->   Operation 1106 'select' 'tmp_23' <Predicate = true> <Delay = 0.21> <CoreInst = "Sel">   --->   Core 73 'Sel' <Latency = 0> <II = 1> <Delay = 0.21> <FuncUnit> <Opcode : 'select'> <InPorts = 3> <OutPorts = 1>
ST_90 : Operation 1107 [2/2] (1.02ns)   --->   "%l1_load_24 = load i5 %l1_addr_24"   --->   Operation 1107 'load' 'l1_load_24' <Predicate = (!empty_411)> <Delay = 1.02> <CoreInst = "RAM">   --->   Core 83 'RAM' <Latency = 1> <II = 1> <Delay = 1.02> <Storage> <Opcode : 'load' 'store'> <Ports = 2> <Width = 32> <Depth = 32> <RAM>
ST_90 : Operation 1108 [2/2] (1.02ns)   --->   "%l1_2_load_24 = load i5 %l1_2_addr_24"   --->   Operation 1108 'load' 'l1_2_load_24' <Predicate = (empty_411)> <Delay = 1.02> <CoreInst = "RAM">   --->   Core 83 'RAM' <Latency = 1> <II = 1> <Delay = 1.02> <Storage> <Opcode : 'load' 'store'> <Ports = 2> <Width = 32> <Depth = 32> <RAM>
ST_90 : Operation 1109 [2/2] (1.02ns)   --->   "%l1_load_25 = load i5 %l1_addr_25"   --->   Operation 1109 'load' 'l1_load_25' <Predicate = (!empty_411)> <Delay = 1.02> <CoreInst = "RAM">   --->   Core 83 'RAM' <Latency = 1> <II = 1> <Delay = 1.02> <Storage> <Opcode : 'load' 'store'> <Ports = 2> <Width = 32> <Depth = 32> <RAM>
ST_90 : Operation 1110 [2/2] (1.02ns)   --->   "%l1_2_load_25 = load i5 %l1_2_addr_25"   --->   Operation 1110 'load' 'l1_2_load_25' <Predicate = (empty_411)> <Delay = 1.02> <CoreInst = "RAM">   --->   Core 83 'RAM' <Latency = 1> <II = 1> <Delay = 1.02> <Storage> <Opcode : 'load' 'store'> <Ports = 2> <Width = 32> <Depth = 32> <RAM>

State 91 <SV = 87> <Delay = 1.23>
ST_91 : Operation 1111 [1/2] (1.02ns)   --->   "%l1_load_24 = load i5 %l1_addr_24"   --->   Operation 1111 'load' 'l1_load_24' <Predicate = (!empty_411)> <Delay = 1.02> <CoreInst = "RAM">   --->   Core 83 'RAM' <Latency = 1> <II = 1> <Delay = 1.02> <Storage> <Opcode : 'load' 'store'> <Ports = 2> <Width = 32> <Depth = 32> <RAM>
ST_91 : Operation 1112 [1/2] (1.02ns)   --->   "%l1_2_load_24 = load i5 %l1_2_addr_24"   --->   Operation 1112 'load' 'l1_2_load_24' <Predicate = (empty_411)> <Delay = 1.02> <CoreInst = "RAM">   --->   Core 83 'RAM' <Latency = 1> <II = 1> <Delay = 1.02> <Storage> <Opcode : 'load' 'store'> <Ports = 2> <Width = 32> <Depth = 32> <RAM>
ST_91 : Operation 1113 [1/1] (0.21ns)   --->   "%tmp_24 = select i1 %empty_411, i32 %l1_2_load_24, i32 %l1_load_24" [src/moe.cpp:201]   --->   Operation 1113 'select' 'tmp_24' <Predicate = true> <Delay = 0.21> <CoreInst = "Sel">   --->   Core 73 'Sel' <Latency = 0> <II = 1> <Delay = 0.21> <FuncUnit> <Opcode : 'select'> <InPorts = 3> <OutPorts = 1>
ST_91 : Operation 1114 [1/2] (1.02ns)   --->   "%l1_load_25 = load i5 %l1_addr_25"   --->   Operation 1114 'load' 'l1_load_25' <Predicate = (!empty_411)> <Delay = 1.02> <CoreInst = "RAM">   --->   Core 83 'RAM' <Latency = 1> <II = 1> <Delay = 1.02> <Storage> <Opcode : 'load' 'store'> <Ports = 2> <Width = 32> <Depth = 32> <RAM>
ST_91 : Operation 1115 [1/2] (1.02ns)   --->   "%l1_2_load_25 = load i5 %l1_2_addr_25"   --->   Operation 1115 'load' 'l1_2_load_25' <Predicate = (empty_411)> <Delay = 1.02> <CoreInst = "RAM">   --->   Core 83 'RAM' <Latency = 1> <II = 1> <Delay = 1.02> <Storage> <Opcode : 'load' 'store'> <Ports = 2> <Width = 32> <Depth = 32> <RAM>
ST_91 : Operation 1116 [1/1] (0.21ns)   --->   "%tmp_25 = select i1 %empty_411, i32 %l1_2_load_25, i32 %l1_load_25" [src/moe.cpp:201]   --->   Operation 1116 'select' 'tmp_25' <Predicate = true> <Delay = 0.21> <CoreInst = "Sel">   --->   Core 73 'Sel' <Latency = 0> <II = 1> <Delay = 0.21> <FuncUnit> <Opcode : 'select'> <InPorts = 3> <OutPorts = 1>
ST_91 : Operation 1117 [2/2] (1.02ns)   --->   "%l1_load_26 = load i5 %l1_addr_26"   --->   Operation 1117 'load' 'l1_load_26' <Predicate = (!empty_411)> <Delay = 1.02> <CoreInst = "RAM">   --->   Core 83 'RAM' <Latency = 1> <II = 1> <Delay = 1.02> <Storage> <Opcode : 'load' 'store'> <Ports = 2> <Width = 32> <Depth = 32> <RAM>
ST_91 : Operation 1118 [2/2] (1.02ns)   --->   "%l1_2_load_26 = load i5 %l1_2_addr_26"   --->   Operation 1118 'load' 'l1_2_load_26' <Predicate = (empty_411)> <Delay = 1.02> <CoreInst = "RAM">   --->   Core 83 'RAM' <Latency = 1> <II = 1> <Delay = 1.02> <Storage> <Opcode : 'load' 'store'> <Ports = 2> <Width = 32> <Depth = 32> <RAM>
ST_91 : Operation 1119 [2/2] (1.02ns)   --->   "%l1_load_27 = load i5 %l1_addr_27"   --->   Operation 1119 'load' 'l1_load_27' <Predicate = (!empty_411)> <Delay = 1.02> <CoreInst = "RAM">   --->   Core 83 'RAM' <Latency = 1> <II = 1> <Delay = 1.02> <Storage> <Opcode : 'load' 'store'> <Ports = 2> <Width = 32> <Depth = 32> <RAM>
ST_91 : Operation 1120 [2/2] (1.02ns)   --->   "%l1_2_load_27 = load i5 %l1_2_addr_27"   --->   Operation 1120 'load' 'l1_2_load_27' <Predicate = (empty_411)> <Delay = 1.02> <CoreInst = "RAM">   --->   Core 83 'RAM' <Latency = 1> <II = 1> <Delay = 1.02> <Storage> <Opcode : 'load' 'store'> <Ports = 2> <Width = 32> <Depth = 32> <RAM>

State 92 <SV = 88> <Delay = 1.23>
ST_92 : Operation 1121 [1/2] (1.02ns)   --->   "%l1_load_26 = load i5 %l1_addr_26"   --->   Operation 1121 'load' 'l1_load_26' <Predicate = (!empty_411)> <Delay = 1.02> <CoreInst = "RAM">   --->   Core 83 'RAM' <Latency = 1> <II = 1> <Delay = 1.02> <Storage> <Opcode : 'load' 'store'> <Ports = 2> <Width = 32> <Depth = 32> <RAM>
ST_92 : Operation 1122 [1/2] (1.02ns)   --->   "%l1_2_load_26 = load i5 %l1_2_addr_26"   --->   Operation 1122 'load' 'l1_2_load_26' <Predicate = (empty_411)> <Delay = 1.02> <CoreInst = "RAM">   --->   Core 83 'RAM' <Latency = 1> <II = 1> <Delay = 1.02> <Storage> <Opcode : 'load' 'store'> <Ports = 2> <Width = 32> <Depth = 32> <RAM>
ST_92 : Operation 1123 [1/1] (0.21ns)   --->   "%tmp_26 = select i1 %empty_411, i32 %l1_2_load_26, i32 %l1_load_26" [src/moe.cpp:201]   --->   Operation 1123 'select' 'tmp_26' <Predicate = true> <Delay = 0.21> <CoreInst = "Sel">   --->   Core 73 'Sel' <Latency = 0> <II = 1> <Delay = 0.21> <FuncUnit> <Opcode : 'select'> <InPorts = 3> <OutPorts = 1>
ST_92 : Operation 1124 [1/2] (1.02ns)   --->   "%l1_load_27 = load i5 %l1_addr_27"   --->   Operation 1124 'load' 'l1_load_27' <Predicate = (!empty_411)> <Delay = 1.02> <CoreInst = "RAM">   --->   Core 83 'RAM' <Latency = 1> <II = 1> <Delay = 1.02> <Storage> <Opcode : 'load' 'store'> <Ports = 2> <Width = 32> <Depth = 32> <RAM>
ST_92 : Operation 1125 [1/2] (1.02ns)   --->   "%l1_2_load_27 = load i5 %l1_2_addr_27"   --->   Operation 1125 'load' 'l1_2_load_27' <Predicate = (empty_411)> <Delay = 1.02> <CoreInst = "RAM">   --->   Core 83 'RAM' <Latency = 1> <II = 1> <Delay = 1.02> <Storage> <Opcode : 'load' 'store'> <Ports = 2> <Width = 32> <Depth = 32> <RAM>
ST_92 : Operation 1126 [1/1] (0.21ns)   --->   "%tmp_27 = select i1 %empty_411, i32 %l1_2_load_27, i32 %l1_load_27" [src/moe.cpp:201]   --->   Operation 1126 'select' 'tmp_27' <Predicate = true> <Delay = 0.21> <CoreInst = "Sel">   --->   Core 73 'Sel' <Latency = 0> <II = 1> <Delay = 0.21> <FuncUnit> <Opcode : 'select'> <InPorts = 3> <OutPorts = 1>
ST_92 : Operation 1127 [2/2] (1.02ns)   --->   "%l1_load_28 = load i5 %l1_addr_28"   --->   Operation 1127 'load' 'l1_load_28' <Predicate = (!empty_411)> <Delay = 1.02> <CoreInst = "RAM">   --->   Core 83 'RAM' <Latency = 1> <II = 1> <Delay = 1.02> <Storage> <Opcode : 'load' 'store'> <Ports = 2> <Width = 32> <Depth = 32> <RAM>
ST_92 : Operation 1128 [2/2] (1.02ns)   --->   "%l1_2_load_28 = load i5 %l1_2_addr_28"   --->   Operation 1128 'load' 'l1_2_load_28' <Predicate = (empty_411)> <Delay = 1.02> <CoreInst = "RAM">   --->   Core 83 'RAM' <Latency = 1> <II = 1> <Delay = 1.02> <Storage> <Opcode : 'load' 'store'> <Ports = 2> <Width = 32> <Depth = 32> <RAM>
ST_92 : Operation 1129 [2/2] (1.02ns)   --->   "%l1_load_29 = load i5 %l1_addr_29"   --->   Operation 1129 'load' 'l1_load_29' <Predicate = (!empty_411)> <Delay = 1.02> <CoreInst = "RAM">   --->   Core 83 'RAM' <Latency = 1> <II = 1> <Delay = 1.02> <Storage> <Opcode : 'load' 'store'> <Ports = 2> <Width = 32> <Depth = 32> <RAM>
ST_92 : Operation 1130 [2/2] (1.02ns)   --->   "%l1_2_load_29 = load i5 %l1_2_addr_29"   --->   Operation 1130 'load' 'l1_2_load_29' <Predicate = (empty_411)> <Delay = 1.02> <CoreInst = "RAM">   --->   Core 83 'RAM' <Latency = 1> <II = 1> <Delay = 1.02> <Storage> <Opcode : 'load' 'store'> <Ports = 2> <Width = 32> <Depth = 32> <RAM>

State 93 <SV = 89> <Delay = 1.23>
ST_93 : Operation 1131 [1/2] (1.02ns)   --->   "%l1_load_28 = load i5 %l1_addr_28"   --->   Operation 1131 'load' 'l1_load_28' <Predicate = (!empty_411)> <Delay = 1.02> <CoreInst = "RAM">   --->   Core 83 'RAM' <Latency = 1> <II = 1> <Delay = 1.02> <Storage> <Opcode : 'load' 'store'> <Ports = 2> <Width = 32> <Depth = 32> <RAM>
ST_93 : Operation 1132 [1/2] (1.02ns)   --->   "%l1_2_load_28 = load i5 %l1_2_addr_28"   --->   Operation 1132 'load' 'l1_2_load_28' <Predicate = (empty_411)> <Delay = 1.02> <CoreInst = "RAM">   --->   Core 83 'RAM' <Latency = 1> <II = 1> <Delay = 1.02> <Storage> <Opcode : 'load' 'store'> <Ports = 2> <Width = 32> <Depth = 32> <RAM>
ST_93 : Operation 1133 [1/1] (0.21ns)   --->   "%tmp_28 = select i1 %empty_411, i32 %l1_2_load_28, i32 %l1_load_28" [src/moe.cpp:201]   --->   Operation 1133 'select' 'tmp_28' <Predicate = true> <Delay = 0.21> <CoreInst = "Sel">   --->   Core 73 'Sel' <Latency = 0> <II = 1> <Delay = 0.21> <FuncUnit> <Opcode : 'select'> <InPorts = 3> <OutPorts = 1>
ST_93 : Operation 1134 [1/2] (1.02ns)   --->   "%l1_load_29 = load i5 %l1_addr_29"   --->   Operation 1134 'load' 'l1_load_29' <Predicate = (!empty_411)> <Delay = 1.02> <CoreInst = "RAM">   --->   Core 83 'RAM' <Latency = 1> <II = 1> <Delay = 1.02> <Storage> <Opcode : 'load' 'store'> <Ports = 2> <Width = 32> <Depth = 32> <RAM>
ST_93 : Operation 1135 [1/2] (1.02ns)   --->   "%l1_2_load_29 = load i5 %l1_2_addr_29"   --->   Operation 1135 'load' 'l1_2_load_29' <Predicate = (empty_411)> <Delay = 1.02> <CoreInst = "RAM">   --->   Core 83 'RAM' <Latency = 1> <II = 1> <Delay = 1.02> <Storage> <Opcode : 'load' 'store'> <Ports = 2> <Width = 32> <Depth = 32> <RAM>
ST_93 : Operation 1136 [1/1] (0.21ns)   --->   "%tmp_29 = select i1 %empty_411, i32 %l1_2_load_29, i32 %l1_load_29" [src/moe.cpp:201]   --->   Operation 1136 'select' 'tmp_29' <Predicate = true> <Delay = 0.21> <CoreInst = "Sel">   --->   Core 73 'Sel' <Latency = 0> <II = 1> <Delay = 0.21> <FuncUnit> <Opcode : 'select'> <InPorts = 3> <OutPorts = 1>
ST_93 : Operation 1137 [2/2] (1.02ns)   --->   "%l1_load_30 = load i5 %l1_addr_30"   --->   Operation 1137 'load' 'l1_load_30' <Predicate = (!empty_411)> <Delay = 1.02> <CoreInst = "RAM">   --->   Core 83 'RAM' <Latency = 1> <II = 1> <Delay = 1.02> <Storage> <Opcode : 'load' 'store'> <Ports = 2> <Width = 32> <Depth = 32> <RAM>
ST_93 : Operation 1138 [2/2] (1.02ns)   --->   "%l1_2_load_30 = load i5 %l1_2_addr_30"   --->   Operation 1138 'load' 'l1_2_load_30' <Predicate = (empty_411)> <Delay = 1.02> <CoreInst = "RAM">   --->   Core 83 'RAM' <Latency = 1> <II = 1> <Delay = 1.02> <Storage> <Opcode : 'load' 'store'> <Ports = 2> <Width = 32> <Depth = 32> <RAM>
ST_93 : Operation 1139 [2/2] (1.02ns)   --->   "%l1_load_31 = load i5 %l1_addr_31"   --->   Operation 1139 'load' 'l1_load_31' <Predicate = (!empty_411)> <Delay = 1.02> <CoreInst = "RAM">   --->   Core 83 'RAM' <Latency = 1> <II = 1> <Delay = 1.02> <Storage> <Opcode : 'load' 'store'> <Ports = 2> <Width = 32> <Depth = 32> <RAM>
ST_93 : Operation 1140 [2/2] (1.02ns)   --->   "%l1_2_load_31 = load i5 %l1_2_addr_31"   --->   Operation 1140 'load' 'l1_2_load_31' <Predicate = (empty_411)> <Delay = 1.02> <CoreInst = "RAM">   --->   Core 83 'RAM' <Latency = 1> <II = 1> <Delay = 1.02> <Storage> <Opcode : 'load' 'store'> <Ports = 2> <Width = 32> <Depth = 32> <RAM>

State 94 <SV = 90> <Delay = 2.92>
ST_94 : Operation 1141 [1/1] (0.00ns)   --->   "%tmp_298 = bitconcatenate i9 @_ssdm_op_BitConcatenate.i9.i5.i4, i5 %add_ln228, i4 0" [src/moe.cpp:249]   --->   Operation 1141 'bitconcatenate' 'tmp_298' <Predicate = true> <Delay = 0.00>
ST_94 : Operation 1142 [1/2] (1.02ns)   --->   "%l1_load_30 = load i5 %l1_addr_30"   --->   Operation 1142 'load' 'l1_load_30' <Predicate = (!empty_411)> <Delay = 1.02> <CoreInst = "RAM">   --->   Core 83 'RAM' <Latency = 1> <II = 1> <Delay = 1.02> <Storage> <Opcode : 'load' 'store'> <Ports = 2> <Width = 32> <Depth = 32> <RAM>
ST_94 : Operation 1143 [1/2] (1.02ns)   --->   "%l1_2_load_30 = load i5 %l1_2_addr_30"   --->   Operation 1143 'load' 'l1_2_load_30' <Predicate = (empty_411)> <Delay = 1.02> <CoreInst = "RAM">   --->   Core 83 'RAM' <Latency = 1> <II = 1> <Delay = 1.02> <Storage> <Opcode : 'load' 'store'> <Ports = 2> <Width = 32> <Depth = 32> <RAM>
ST_94 : Operation 1144 [1/1] (0.21ns)   --->   "%tmp_30 = select i1 %empty_411, i32 %l1_2_load_30, i32 %l1_load_30" [src/moe.cpp:201]   --->   Operation 1144 'select' 'tmp_30' <Predicate = true> <Delay = 0.21> <CoreInst = "Sel">   --->   Core 73 'Sel' <Latency = 0> <II = 1> <Delay = 0.21> <FuncUnit> <Opcode : 'select'> <InPorts = 3> <OutPorts = 1>
ST_94 : Operation 1145 [1/2] (1.02ns)   --->   "%l1_load_31 = load i5 %l1_addr_31"   --->   Operation 1145 'load' 'l1_load_31' <Predicate = (!empty_411)> <Delay = 1.02> <CoreInst = "RAM">   --->   Core 83 'RAM' <Latency = 1> <II = 1> <Delay = 1.02> <Storage> <Opcode : 'load' 'store'> <Ports = 2> <Width = 32> <Depth = 32> <RAM>
ST_94 : Operation 1146 [1/2] (1.02ns)   --->   "%l1_2_load_31 = load i5 %l1_2_addr_31"   --->   Operation 1146 'load' 'l1_2_load_31' <Predicate = (empty_411)> <Delay = 1.02> <CoreInst = "RAM">   --->   Core 83 'RAM' <Latency = 1> <II = 1> <Delay = 1.02> <Storage> <Opcode : 'load' 'store'> <Ports = 2> <Width = 32> <Depth = 32> <RAM>
ST_94 : Operation 1147 [1/1] (0.21ns)   --->   "%tmp_31 = select i1 %empty_411, i32 %l1_2_load_31, i32 %l1_load_31" [src/moe.cpp:201]   --->   Operation 1147 'select' 'tmp_31' <Predicate = true> <Delay = 0.21> <CoreInst = "Sel">   --->   Core 73 'Sel' <Latency = 0> <II = 1> <Delay = 0.21> <FuncUnit> <Opcode : 'select'> <InPorts = 3> <OutPorts = 1>
ST_94 : Operation 1148 [2/2] (1.68ns)   --->   "%call_ln249 = call void @graph_moe_Pipeline_VITIS_LOOP_241_10, i9 %tmp_298, i32 %w2, i32 %b2, i32 %l2_2, i32 %l2, i32 %tmp_1, i32 %tmp_2, i32 %tmp_3, i32 %tmp_4, i32 %tmp_5, i32 %tmp_6, i32 %tmp_7, i32 %tmp_8, i32 %tmp_9, i32 %tmp_s, i32 %tmp_10, i32 %tmp_11, i32 %tmp_12, i32 %tmp_13, i32 %tmp_14, i32 %tmp_15, i32 %tmp_16, i32 %tmp_17, i32 %tmp_18, i32 %tmp_19, i32 %tmp_20, i32 %tmp_21, i32 %tmp_22, i32 %tmp_23, i32 %tmp_24, i32 %tmp_25, i32 %tmp_26, i32 %tmp_27, i32 %tmp_28, i32 %tmp_29, i32 %tmp_30, i32 %tmp_31, i1 %cond" [src/moe.cpp:249]   --->   Operation 1148 'call' 'call_ln249' <Predicate = true> <Delay = 1.68> <CoreType = "Generic">   --->   Core 0 '' <Latency = 0> <II = 1> <Delay = 1.00> <Generic> <Opcode : >

State 95 <SV = 91> <Delay = 0.00>
ST_95 : Operation 1149 [1/2] (0.00ns)   --->   "%call_ln249 = call void @graph_moe_Pipeline_VITIS_LOOP_241_10, i9 %tmp_298, i32 %w2, i32 %b2, i32 %l2_2, i32 %l2, i32 %tmp_1, i32 %tmp_2, i32 %tmp_3, i32 %tmp_4, i32 %tmp_5, i32 %tmp_6, i32 %tmp_7, i32 %tmp_8, i32 %tmp_9, i32 %tmp_s, i32 %tmp_10, i32 %tmp_11, i32 %tmp_12, i32 %tmp_13, i32 %tmp_14, i32 %tmp_15, i32 %tmp_16, i32 %tmp_17, i32 %tmp_18, i32 %tmp_19, i32 %tmp_20, i32 %tmp_21, i32 %tmp_22, i32 %tmp_23, i32 %tmp_24, i32 %tmp_25, i32 %tmp_26, i32 %tmp_27, i32 %tmp_28, i32 %tmp_29, i32 %tmp_30, i32 %tmp_31, i1 %cond" [src/moe.cpp:249]   --->   Operation 1149 'call' 'call_ln249' <Predicate = true> <Delay = 0.00> <CoreType = "Generic">   --->   Core 0 '' <Latency = 0> <II = 1> <Delay = 1.00> <Generic> <Opcode : >

State 96 <SV = 92> <Delay = 0.54>
ST_96 : Operation 1150 [2/2] (0.54ns)   --->   "%l2_load = load i4 %l2_addr"   --->   Operation 1150 'load' 'l2_load' <Predicate = (!empty_411)> <Delay = 0.54> <CoreInst = "RAM">   --->   Core 83 'RAM' <Latency = 1> <II = 1> <Delay = 0.54> <Storage> <Opcode : 'load' 'store'> <Ports = 2> <Width = 32> <Depth = 16> <RAM>
ST_96 : Operation 1151 [2/2] (0.54ns)   --->   "%l2_2_load = load i4 %l2_2_addr"   --->   Operation 1151 'load' 'l2_2_load' <Predicate = (empty_411)> <Delay = 0.54> <CoreInst = "RAM">   --->   Core 83 'RAM' <Latency = 1> <II = 1> <Delay = 0.54> <Storage> <Opcode : 'load' 'store'> <Ports = 2> <Width = 32> <Depth = 16> <RAM>
ST_96 : Operation 1152 [2/2] (0.54ns)   --->   "%l2_load_1 = load i4 %l2_addr_1"   --->   Operation 1152 'load' 'l2_load_1' <Predicate = (!empty_411)> <Delay = 0.54> <CoreInst = "RAM">   --->   Core 83 'RAM' <Latency = 1> <II = 1> <Delay = 0.54> <Storage> <Opcode : 'load' 'store'> <Ports = 2> <Width = 32> <Depth = 16> <RAM>
ST_96 : Operation 1153 [2/2] (0.54ns)   --->   "%l2_2_load_1 = load i4 %l2_2_addr_1"   --->   Operation 1153 'load' 'l2_2_load_1' <Predicate = (empty_411)> <Delay = 0.54> <CoreInst = "RAM">   --->   Core 83 'RAM' <Latency = 1> <II = 1> <Delay = 0.54> <Storage> <Opcode : 'load' 'store'> <Ports = 2> <Width = 32> <Depth = 16> <RAM>

State 97 <SV = 93> <Delay = 0.75>
ST_97 : Operation 1154 [1/2] (0.54ns)   --->   "%l2_load = load i4 %l2_addr"   --->   Operation 1154 'load' 'l2_load' <Predicate = (!empty_411)> <Delay = 0.54> <CoreInst = "RAM">   --->   Core 83 'RAM' <Latency = 1> <II = 1> <Delay = 0.54> <Storage> <Opcode : 'load' 'store'> <Ports = 2> <Width = 32> <Depth = 16> <RAM>
ST_97 : Operation 1155 [1/2] (0.54ns)   --->   "%l2_2_load = load i4 %l2_2_addr"   --->   Operation 1155 'load' 'l2_2_load' <Predicate = (empty_411)> <Delay = 0.54> <CoreInst = "RAM">   --->   Core 83 'RAM' <Latency = 1> <II = 1> <Delay = 0.54> <Storage> <Opcode : 'load' 'store'> <Ports = 2> <Width = 32> <Depth = 16> <RAM>
ST_97 : Operation 1156 [1/1] (0.21ns)   --->   "%tmp_66 = select i1 %empty_411, i32 %l2_2_load, i32 %l2_load" [src/moe.cpp:201]   --->   Operation 1156 'select' 'tmp_66' <Predicate = true> <Delay = 0.21> <CoreInst = "Sel">   --->   Core 73 'Sel' <Latency = 0> <II = 1> <Delay = 0.21> <FuncUnit> <Opcode : 'select'> <InPorts = 3> <OutPorts = 1>
ST_97 : Operation 1157 [1/2] (0.54ns)   --->   "%l2_load_1 = load i4 %l2_addr_1"   --->   Operation 1157 'load' 'l2_load_1' <Predicate = (!empty_411)> <Delay = 0.54> <CoreInst = "RAM">   --->   Core 83 'RAM' <Latency = 1> <II = 1> <Delay = 0.54> <Storage> <Opcode : 'load' 'store'> <Ports = 2> <Width = 32> <Depth = 16> <RAM>
ST_97 : Operation 1158 [1/2] (0.54ns)   --->   "%l2_2_load_1 = load i4 %l2_2_addr_1"   --->   Operation 1158 'load' 'l2_2_load_1' <Predicate = (empty_411)> <Delay = 0.54> <CoreInst = "RAM">   --->   Core 83 'RAM' <Latency = 1> <II = 1> <Delay = 0.54> <Storage> <Opcode : 'load' 'store'> <Ports = 2> <Width = 32> <Depth = 16> <RAM>
ST_97 : Operation 1159 [1/1] (0.21ns)   --->   "%tmp_67 = select i1 %empty_411, i32 %l2_2_load_1, i32 %l2_load_1" [src/moe.cpp:201]   --->   Operation 1159 'select' 'tmp_67' <Predicate = true> <Delay = 0.21> <CoreInst = "Sel">   --->   Core 73 'Sel' <Latency = 0> <II = 1> <Delay = 0.21> <FuncUnit> <Opcode : 'select'> <InPorts = 3> <OutPorts = 1>
ST_97 : Operation 1160 [2/2] (0.54ns)   --->   "%l2_load_2 = load i4 %l2_addr_2"   --->   Operation 1160 'load' 'l2_load_2' <Predicate = (!empty_411)> <Delay = 0.54> <CoreInst = "RAM">   --->   Core 83 'RAM' <Latency = 1> <II = 1> <Delay = 0.54> <Storage> <Opcode : 'load' 'store'> <Ports = 2> <Width = 32> <Depth = 16> <RAM>
ST_97 : Operation 1161 [2/2] (0.54ns)   --->   "%l2_2_load_2 = load i4 %l2_2_addr_2"   --->   Operation 1161 'load' 'l2_2_load_2' <Predicate = (empty_411)> <Delay = 0.54> <CoreInst = "RAM">   --->   Core 83 'RAM' <Latency = 1> <II = 1> <Delay = 0.54> <Storage> <Opcode : 'load' 'store'> <Ports = 2> <Width = 32> <Depth = 16> <RAM>
ST_97 : Operation 1162 [2/2] (0.54ns)   --->   "%l2_load_3 = load i4 %l2_addr_3"   --->   Operation 1162 'load' 'l2_load_3' <Predicate = (!empty_411)> <Delay = 0.54> <CoreInst = "RAM">   --->   Core 83 'RAM' <Latency = 1> <II = 1> <Delay = 0.54> <Storage> <Opcode : 'load' 'store'> <Ports = 2> <Width = 32> <Depth = 16> <RAM>
ST_97 : Operation 1163 [2/2] (0.54ns)   --->   "%l2_2_load_3 = load i4 %l2_2_addr_3"   --->   Operation 1163 'load' 'l2_2_load_3' <Predicate = (empty_411)> <Delay = 0.54> <CoreInst = "RAM">   --->   Core 83 'RAM' <Latency = 1> <II = 1> <Delay = 0.54> <Storage> <Opcode : 'load' 'store'> <Ports = 2> <Width = 32> <Depth = 16> <RAM>

State 98 <SV = 94> <Delay = 0.75>
ST_98 : Operation 1164 [1/2] (0.54ns)   --->   "%l2_load_2 = load i4 %l2_addr_2"   --->   Operation 1164 'load' 'l2_load_2' <Predicate = (!empty_411)> <Delay = 0.54> <CoreInst = "RAM">   --->   Core 83 'RAM' <Latency = 1> <II = 1> <Delay = 0.54> <Storage> <Opcode : 'load' 'store'> <Ports = 2> <Width = 32> <Depth = 16> <RAM>
ST_98 : Operation 1165 [1/2] (0.54ns)   --->   "%l2_2_load_2 = load i4 %l2_2_addr_2"   --->   Operation 1165 'load' 'l2_2_load_2' <Predicate = (empty_411)> <Delay = 0.54> <CoreInst = "RAM">   --->   Core 83 'RAM' <Latency = 1> <II = 1> <Delay = 0.54> <Storage> <Opcode : 'load' 'store'> <Ports = 2> <Width = 32> <Depth = 16> <RAM>
ST_98 : Operation 1166 [1/1] (0.21ns)   --->   "%tmp_68 = select i1 %empty_411, i32 %l2_2_load_2, i32 %l2_load_2" [src/moe.cpp:201]   --->   Operation 1166 'select' 'tmp_68' <Predicate = true> <Delay = 0.21> <CoreInst = "Sel">   --->   Core 73 'Sel' <Latency = 0> <II = 1> <Delay = 0.21> <FuncUnit> <Opcode : 'select'> <InPorts = 3> <OutPorts = 1>
ST_98 : Operation 1167 [1/2] (0.54ns)   --->   "%l2_load_3 = load i4 %l2_addr_3"   --->   Operation 1167 'load' 'l2_load_3' <Predicate = (!empty_411)> <Delay = 0.54> <CoreInst = "RAM">   --->   Core 83 'RAM' <Latency = 1> <II = 1> <Delay = 0.54> <Storage> <Opcode : 'load' 'store'> <Ports = 2> <Width = 32> <Depth = 16> <RAM>
ST_98 : Operation 1168 [1/2] (0.54ns)   --->   "%l2_2_load_3 = load i4 %l2_2_addr_3"   --->   Operation 1168 'load' 'l2_2_load_3' <Predicate = (empty_411)> <Delay = 0.54> <CoreInst = "RAM">   --->   Core 83 'RAM' <Latency = 1> <II = 1> <Delay = 0.54> <Storage> <Opcode : 'load' 'store'> <Ports = 2> <Width = 32> <Depth = 16> <RAM>
ST_98 : Operation 1169 [1/1] (0.21ns)   --->   "%tmp_69 = select i1 %empty_411, i32 %l2_2_load_3, i32 %l2_load_3" [src/moe.cpp:201]   --->   Operation 1169 'select' 'tmp_69' <Predicate = true> <Delay = 0.21> <CoreInst = "Sel">   --->   Core 73 'Sel' <Latency = 0> <II = 1> <Delay = 0.21> <FuncUnit> <Opcode : 'select'> <InPorts = 3> <OutPorts = 1>
ST_98 : Operation 1170 [2/2] (0.54ns)   --->   "%l2_load_4 = load i4 %l2_addr_4"   --->   Operation 1170 'load' 'l2_load_4' <Predicate = (!empty_411)> <Delay = 0.54> <CoreInst = "RAM">   --->   Core 83 'RAM' <Latency = 1> <II = 1> <Delay = 0.54> <Storage> <Opcode : 'load' 'store'> <Ports = 2> <Width = 32> <Depth = 16> <RAM>
ST_98 : Operation 1171 [2/2] (0.54ns)   --->   "%l2_2_load_4 = load i4 %l2_2_addr_4"   --->   Operation 1171 'load' 'l2_2_load_4' <Predicate = (empty_411)> <Delay = 0.54> <CoreInst = "RAM">   --->   Core 83 'RAM' <Latency = 1> <II = 1> <Delay = 0.54> <Storage> <Opcode : 'load' 'store'> <Ports = 2> <Width = 32> <Depth = 16> <RAM>
ST_98 : Operation 1172 [2/2] (0.54ns)   --->   "%l2_load_5 = load i4 %l2_addr_5"   --->   Operation 1172 'load' 'l2_load_5' <Predicate = (!empty_411)> <Delay = 0.54> <CoreInst = "RAM">   --->   Core 83 'RAM' <Latency = 1> <II = 1> <Delay = 0.54> <Storage> <Opcode : 'load' 'store'> <Ports = 2> <Width = 32> <Depth = 16> <RAM>
ST_98 : Operation 1173 [2/2] (0.54ns)   --->   "%l2_2_load_5 = load i4 %l2_2_addr_5"   --->   Operation 1173 'load' 'l2_2_load_5' <Predicate = (empty_411)> <Delay = 0.54> <CoreInst = "RAM">   --->   Core 83 'RAM' <Latency = 1> <II = 1> <Delay = 0.54> <Storage> <Opcode : 'load' 'store'> <Ports = 2> <Width = 32> <Depth = 16> <RAM>

State 99 <SV = 95> <Delay = 0.75>
ST_99 : Operation 1174 [1/2] (0.54ns)   --->   "%l2_load_4 = load i4 %l2_addr_4"   --->   Operation 1174 'load' 'l2_load_4' <Predicate = (!empty_411)> <Delay = 0.54> <CoreInst = "RAM">   --->   Core 83 'RAM' <Latency = 1> <II = 1> <Delay = 0.54> <Storage> <Opcode : 'load' 'store'> <Ports = 2> <Width = 32> <Depth = 16> <RAM>
ST_99 : Operation 1175 [1/2] (0.54ns)   --->   "%l2_2_load_4 = load i4 %l2_2_addr_4"   --->   Operation 1175 'load' 'l2_2_load_4' <Predicate = (empty_411)> <Delay = 0.54> <CoreInst = "RAM">   --->   Core 83 'RAM' <Latency = 1> <II = 1> <Delay = 0.54> <Storage> <Opcode : 'load' 'store'> <Ports = 2> <Width = 32> <Depth = 16> <RAM>
ST_99 : Operation 1176 [1/1] (0.21ns)   --->   "%tmp_70 = select i1 %empty_411, i32 %l2_2_load_4, i32 %l2_load_4" [src/moe.cpp:201]   --->   Operation 1176 'select' 'tmp_70' <Predicate = true> <Delay = 0.21> <CoreInst = "Sel">   --->   Core 73 'Sel' <Latency = 0> <II = 1> <Delay = 0.21> <FuncUnit> <Opcode : 'select'> <InPorts = 3> <OutPorts = 1>
ST_99 : Operation 1177 [1/2] (0.54ns)   --->   "%l2_load_5 = load i4 %l2_addr_5"   --->   Operation 1177 'load' 'l2_load_5' <Predicate = (!empty_411)> <Delay = 0.54> <CoreInst = "RAM">   --->   Core 83 'RAM' <Latency = 1> <II = 1> <Delay = 0.54> <Storage> <Opcode : 'load' 'store'> <Ports = 2> <Width = 32> <Depth = 16> <RAM>
ST_99 : Operation 1178 [1/2] (0.54ns)   --->   "%l2_2_load_5 = load i4 %l2_2_addr_5"   --->   Operation 1178 'load' 'l2_2_load_5' <Predicate = (empty_411)> <Delay = 0.54> <CoreInst = "RAM">   --->   Core 83 'RAM' <Latency = 1> <II = 1> <Delay = 0.54> <Storage> <Opcode : 'load' 'store'> <Ports = 2> <Width = 32> <Depth = 16> <RAM>
ST_99 : Operation 1179 [1/1] (0.21ns)   --->   "%tmp_71 = select i1 %empty_411, i32 %l2_2_load_5, i32 %l2_load_5" [src/moe.cpp:201]   --->   Operation 1179 'select' 'tmp_71' <Predicate = true> <Delay = 0.21> <CoreInst = "Sel">   --->   Core 73 'Sel' <Latency = 0> <II = 1> <Delay = 0.21> <FuncUnit> <Opcode : 'select'> <InPorts = 3> <OutPorts = 1>
ST_99 : Operation 1180 [2/2] (0.54ns)   --->   "%l2_load_6 = load i4 %l2_addr_6"   --->   Operation 1180 'load' 'l2_load_6' <Predicate = (!empty_411)> <Delay = 0.54> <CoreInst = "RAM">   --->   Core 83 'RAM' <Latency = 1> <II = 1> <Delay = 0.54> <Storage> <Opcode : 'load' 'store'> <Ports = 2> <Width = 32> <Depth = 16> <RAM>
ST_99 : Operation 1181 [2/2] (0.54ns)   --->   "%l2_2_load_6 = load i4 %l2_2_addr_6"   --->   Operation 1181 'load' 'l2_2_load_6' <Predicate = (empty_411)> <Delay = 0.54> <CoreInst = "RAM">   --->   Core 83 'RAM' <Latency = 1> <II = 1> <Delay = 0.54> <Storage> <Opcode : 'load' 'store'> <Ports = 2> <Width = 32> <Depth = 16> <RAM>
ST_99 : Operation 1182 [2/2] (0.54ns)   --->   "%l2_load_7 = load i4 %l2_addr_7"   --->   Operation 1182 'load' 'l2_load_7' <Predicate = (!empty_411)> <Delay = 0.54> <CoreInst = "RAM">   --->   Core 83 'RAM' <Latency = 1> <II = 1> <Delay = 0.54> <Storage> <Opcode : 'load' 'store'> <Ports = 2> <Width = 32> <Depth = 16> <RAM>
ST_99 : Operation 1183 [2/2] (0.54ns)   --->   "%l2_2_load_7 = load i4 %l2_2_addr_7"   --->   Operation 1183 'load' 'l2_2_load_7' <Predicate = (empty_411)> <Delay = 0.54> <CoreInst = "RAM">   --->   Core 83 'RAM' <Latency = 1> <II = 1> <Delay = 0.54> <Storage> <Opcode : 'load' 'store'> <Ports = 2> <Width = 32> <Depth = 16> <RAM>

State 100 <SV = 96> <Delay = 0.75>
ST_100 : Operation 1184 [1/2] (0.54ns)   --->   "%l2_load_6 = load i4 %l2_addr_6"   --->   Operation 1184 'load' 'l2_load_6' <Predicate = (!empty_411)> <Delay = 0.54> <CoreInst = "RAM">   --->   Core 83 'RAM' <Latency = 1> <II = 1> <Delay = 0.54> <Storage> <Opcode : 'load' 'store'> <Ports = 2> <Width = 32> <Depth = 16> <RAM>
ST_100 : Operation 1185 [1/2] (0.54ns)   --->   "%l2_2_load_6 = load i4 %l2_2_addr_6"   --->   Operation 1185 'load' 'l2_2_load_6' <Predicate = (empty_411)> <Delay = 0.54> <CoreInst = "RAM">   --->   Core 83 'RAM' <Latency = 1> <II = 1> <Delay = 0.54> <Storage> <Opcode : 'load' 'store'> <Ports = 2> <Width = 32> <Depth = 16> <RAM>
ST_100 : Operation 1186 [1/1] (0.21ns)   --->   "%tmp_72 = select i1 %empty_411, i32 %l2_2_load_6, i32 %l2_load_6" [src/moe.cpp:201]   --->   Operation 1186 'select' 'tmp_72' <Predicate = true> <Delay = 0.21> <CoreInst = "Sel">   --->   Core 73 'Sel' <Latency = 0> <II = 1> <Delay = 0.21> <FuncUnit> <Opcode : 'select'> <InPorts = 3> <OutPorts = 1>
ST_100 : Operation 1187 [1/2] (0.54ns)   --->   "%l2_load_7 = load i4 %l2_addr_7"   --->   Operation 1187 'load' 'l2_load_7' <Predicate = (!empty_411)> <Delay = 0.54> <CoreInst = "RAM">   --->   Core 83 'RAM' <Latency = 1> <II = 1> <Delay = 0.54> <Storage> <Opcode : 'load' 'store'> <Ports = 2> <Width = 32> <Depth = 16> <RAM>
ST_100 : Operation 1188 [1/2] (0.54ns)   --->   "%l2_2_load_7 = load i4 %l2_2_addr_7"   --->   Operation 1188 'load' 'l2_2_load_7' <Predicate = (empty_411)> <Delay = 0.54> <CoreInst = "RAM">   --->   Core 83 'RAM' <Latency = 1> <II = 1> <Delay = 0.54> <Storage> <Opcode : 'load' 'store'> <Ports = 2> <Width = 32> <Depth = 16> <RAM>
ST_100 : Operation 1189 [1/1] (0.21ns)   --->   "%tmp_73 = select i1 %empty_411, i32 %l2_2_load_7, i32 %l2_load_7" [src/moe.cpp:201]   --->   Operation 1189 'select' 'tmp_73' <Predicate = true> <Delay = 0.21> <CoreInst = "Sel">   --->   Core 73 'Sel' <Latency = 0> <II = 1> <Delay = 0.21> <FuncUnit> <Opcode : 'select'> <InPorts = 3> <OutPorts = 1>
ST_100 : Operation 1190 [2/2] (0.54ns)   --->   "%l2_load_8 = load i4 %l2_addr_8"   --->   Operation 1190 'load' 'l2_load_8' <Predicate = (!empty_411)> <Delay = 0.54> <CoreInst = "RAM">   --->   Core 83 'RAM' <Latency = 1> <II = 1> <Delay = 0.54> <Storage> <Opcode : 'load' 'store'> <Ports = 2> <Width = 32> <Depth = 16> <RAM>
ST_100 : Operation 1191 [2/2] (0.54ns)   --->   "%l2_2_load_8 = load i4 %l2_2_addr_8"   --->   Operation 1191 'load' 'l2_2_load_8' <Predicate = (empty_411)> <Delay = 0.54> <CoreInst = "RAM">   --->   Core 83 'RAM' <Latency = 1> <II = 1> <Delay = 0.54> <Storage> <Opcode : 'load' 'store'> <Ports = 2> <Width = 32> <Depth = 16> <RAM>
ST_100 : Operation 1192 [2/2] (0.54ns)   --->   "%l2_load_9 = load i4 %l2_addr_9"   --->   Operation 1192 'load' 'l2_load_9' <Predicate = (!empty_411)> <Delay = 0.54> <CoreInst = "RAM">   --->   Core 83 'RAM' <Latency = 1> <II = 1> <Delay = 0.54> <Storage> <Opcode : 'load' 'store'> <Ports = 2> <Width = 32> <Depth = 16> <RAM>
ST_100 : Operation 1193 [2/2] (0.54ns)   --->   "%l2_2_load_9 = load i4 %l2_2_addr_9"   --->   Operation 1193 'load' 'l2_2_load_9' <Predicate = (empty_411)> <Delay = 0.54> <CoreInst = "RAM">   --->   Core 83 'RAM' <Latency = 1> <II = 1> <Delay = 0.54> <Storage> <Opcode : 'load' 'store'> <Ports = 2> <Width = 32> <Depth = 16> <RAM>

State 101 <SV = 97> <Delay = 0.75>
ST_101 : Operation 1194 [1/2] (0.54ns)   --->   "%l2_load_8 = load i4 %l2_addr_8"   --->   Operation 1194 'load' 'l2_load_8' <Predicate = (!empty_411)> <Delay = 0.54> <CoreInst = "RAM">   --->   Core 83 'RAM' <Latency = 1> <II = 1> <Delay = 0.54> <Storage> <Opcode : 'load' 'store'> <Ports = 2> <Width = 32> <Depth = 16> <RAM>
ST_101 : Operation 1195 [1/2] (0.54ns)   --->   "%l2_2_load_8 = load i4 %l2_2_addr_8"   --->   Operation 1195 'load' 'l2_2_load_8' <Predicate = (empty_411)> <Delay = 0.54> <CoreInst = "RAM">   --->   Core 83 'RAM' <Latency = 1> <II = 1> <Delay = 0.54> <Storage> <Opcode : 'load' 'store'> <Ports = 2> <Width = 32> <Depth = 16> <RAM>
ST_101 : Operation 1196 [1/1] (0.21ns)   --->   "%tmp_74 = select i1 %empty_411, i32 %l2_2_load_8, i32 %l2_load_8" [src/moe.cpp:201]   --->   Operation 1196 'select' 'tmp_74' <Predicate = true> <Delay = 0.21> <CoreInst = "Sel">   --->   Core 73 'Sel' <Latency = 0> <II = 1> <Delay = 0.21> <FuncUnit> <Opcode : 'select'> <InPorts = 3> <OutPorts = 1>
ST_101 : Operation 1197 [1/2] (0.54ns)   --->   "%l2_load_9 = load i4 %l2_addr_9"   --->   Operation 1197 'load' 'l2_load_9' <Predicate = (!empty_411)> <Delay = 0.54> <CoreInst = "RAM">   --->   Core 83 'RAM' <Latency = 1> <II = 1> <Delay = 0.54> <Storage> <Opcode : 'load' 'store'> <Ports = 2> <Width = 32> <Depth = 16> <RAM>
ST_101 : Operation 1198 [1/2] (0.54ns)   --->   "%l2_2_load_9 = load i4 %l2_2_addr_9"   --->   Operation 1198 'load' 'l2_2_load_9' <Predicate = (empty_411)> <Delay = 0.54> <CoreInst = "RAM">   --->   Core 83 'RAM' <Latency = 1> <II = 1> <Delay = 0.54> <Storage> <Opcode : 'load' 'store'> <Ports = 2> <Width = 32> <Depth = 16> <RAM>
ST_101 : Operation 1199 [1/1] (0.21ns)   --->   "%tmp_75 = select i1 %empty_411, i32 %l2_2_load_9, i32 %l2_load_9" [src/moe.cpp:201]   --->   Operation 1199 'select' 'tmp_75' <Predicate = true> <Delay = 0.21> <CoreInst = "Sel">   --->   Core 73 'Sel' <Latency = 0> <II = 1> <Delay = 0.21> <FuncUnit> <Opcode : 'select'> <InPorts = 3> <OutPorts = 1>
ST_101 : Operation 1200 [2/2] (0.54ns)   --->   "%l2_load_10 = load i4 %l2_addr_10"   --->   Operation 1200 'load' 'l2_load_10' <Predicate = (!empty_411)> <Delay = 0.54> <CoreInst = "RAM">   --->   Core 83 'RAM' <Latency = 1> <II = 1> <Delay = 0.54> <Storage> <Opcode : 'load' 'store'> <Ports = 2> <Width = 32> <Depth = 16> <RAM>
ST_101 : Operation 1201 [2/2] (0.54ns)   --->   "%l2_2_load_10 = load i4 %l2_2_addr_10"   --->   Operation 1201 'load' 'l2_2_load_10' <Predicate = (empty_411)> <Delay = 0.54> <CoreInst = "RAM">   --->   Core 83 'RAM' <Latency = 1> <II = 1> <Delay = 0.54> <Storage> <Opcode : 'load' 'store'> <Ports = 2> <Width = 32> <Depth = 16> <RAM>
ST_101 : Operation 1202 [2/2] (0.54ns)   --->   "%l2_load_11 = load i4 %l2_addr_11"   --->   Operation 1202 'load' 'l2_load_11' <Predicate = (!empty_411)> <Delay = 0.54> <CoreInst = "RAM">   --->   Core 83 'RAM' <Latency = 1> <II = 1> <Delay = 0.54> <Storage> <Opcode : 'load' 'store'> <Ports = 2> <Width = 32> <Depth = 16> <RAM>
ST_101 : Operation 1203 [2/2] (0.54ns)   --->   "%l2_2_load_11 = load i4 %l2_2_addr_11"   --->   Operation 1203 'load' 'l2_2_load_11' <Predicate = (empty_411)> <Delay = 0.54> <CoreInst = "RAM">   --->   Core 83 'RAM' <Latency = 1> <II = 1> <Delay = 0.54> <Storage> <Opcode : 'load' 'store'> <Ports = 2> <Width = 32> <Depth = 16> <RAM>

State 102 <SV = 98> <Delay = 0.75>
ST_102 : Operation 1204 [1/2] (0.54ns)   --->   "%l2_load_10 = load i4 %l2_addr_10"   --->   Operation 1204 'load' 'l2_load_10' <Predicate = (!empty_411)> <Delay = 0.54> <CoreInst = "RAM">   --->   Core 83 'RAM' <Latency = 1> <II = 1> <Delay = 0.54> <Storage> <Opcode : 'load' 'store'> <Ports = 2> <Width = 32> <Depth = 16> <RAM>
ST_102 : Operation 1205 [1/2] (0.54ns)   --->   "%l2_2_load_10 = load i4 %l2_2_addr_10"   --->   Operation 1205 'load' 'l2_2_load_10' <Predicate = (empty_411)> <Delay = 0.54> <CoreInst = "RAM">   --->   Core 83 'RAM' <Latency = 1> <II = 1> <Delay = 0.54> <Storage> <Opcode : 'load' 'store'> <Ports = 2> <Width = 32> <Depth = 16> <RAM>
ST_102 : Operation 1206 [1/1] (0.21ns)   --->   "%tmp_76 = select i1 %empty_411, i32 %l2_2_load_10, i32 %l2_load_10" [src/moe.cpp:201]   --->   Operation 1206 'select' 'tmp_76' <Predicate = true> <Delay = 0.21> <CoreInst = "Sel">   --->   Core 73 'Sel' <Latency = 0> <II = 1> <Delay = 0.21> <FuncUnit> <Opcode : 'select'> <InPorts = 3> <OutPorts = 1>
ST_102 : Operation 1207 [1/2] (0.54ns)   --->   "%l2_load_11 = load i4 %l2_addr_11"   --->   Operation 1207 'load' 'l2_load_11' <Predicate = (!empty_411)> <Delay = 0.54> <CoreInst = "RAM">   --->   Core 83 'RAM' <Latency = 1> <II = 1> <Delay = 0.54> <Storage> <Opcode : 'load' 'store'> <Ports = 2> <Width = 32> <Depth = 16> <RAM>
ST_102 : Operation 1208 [1/2] (0.54ns)   --->   "%l2_2_load_11 = load i4 %l2_2_addr_11"   --->   Operation 1208 'load' 'l2_2_load_11' <Predicate = (empty_411)> <Delay = 0.54> <CoreInst = "RAM">   --->   Core 83 'RAM' <Latency = 1> <II = 1> <Delay = 0.54> <Storage> <Opcode : 'load' 'store'> <Ports = 2> <Width = 32> <Depth = 16> <RAM>
ST_102 : Operation 1209 [1/1] (0.21ns)   --->   "%tmp_77 = select i1 %empty_411, i32 %l2_2_load_11, i32 %l2_load_11" [src/moe.cpp:201]   --->   Operation 1209 'select' 'tmp_77' <Predicate = true> <Delay = 0.21> <CoreInst = "Sel">   --->   Core 73 'Sel' <Latency = 0> <II = 1> <Delay = 0.21> <FuncUnit> <Opcode : 'select'> <InPorts = 3> <OutPorts = 1>
ST_102 : Operation 1210 [2/2] (0.54ns)   --->   "%l2_load_12 = load i4 %l2_addr_12"   --->   Operation 1210 'load' 'l2_load_12' <Predicate = (!empty_411)> <Delay = 0.54> <CoreInst = "RAM">   --->   Core 83 'RAM' <Latency = 1> <II = 1> <Delay = 0.54> <Storage> <Opcode : 'load' 'store'> <Ports = 2> <Width = 32> <Depth = 16> <RAM>
ST_102 : Operation 1211 [2/2] (0.54ns)   --->   "%l2_2_load_12 = load i4 %l2_2_addr_12"   --->   Operation 1211 'load' 'l2_2_load_12' <Predicate = (empty_411)> <Delay = 0.54> <CoreInst = "RAM">   --->   Core 83 'RAM' <Latency = 1> <II = 1> <Delay = 0.54> <Storage> <Opcode : 'load' 'store'> <Ports = 2> <Width = 32> <Depth = 16> <RAM>
ST_102 : Operation 1212 [2/2] (0.54ns)   --->   "%l2_load_13 = load i4 %l2_addr_13"   --->   Operation 1212 'load' 'l2_load_13' <Predicate = (!empty_411)> <Delay = 0.54> <CoreInst = "RAM">   --->   Core 83 'RAM' <Latency = 1> <II = 1> <Delay = 0.54> <Storage> <Opcode : 'load' 'store'> <Ports = 2> <Width = 32> <Depth = 16> <RAM>
ST_102 : Operation 1213 [2/2] (0.54ns)   --->   "%l2_2_load_13 = load i4 %l2_2_addr_13"   --->   Operation 1213 'load' 'l2_2_load_13' <Predicate = (empty_411)> <Delay = 0.54> <CoreInst = "RAM">   --->   Core 83 'RAM' <Latency = 1> <II = 1> <Delay = 0.54> <Storage> <Opcode : 'load' 'store'> <Ports = 2> <Width = 32> <Depth = 16> <RAM>

State 103 <SV = 99> <Delay = 0.75>
ST_103 : Operation 1214 [1/2] (0.54ns)   --->   "%l2_load_12 = load i4 %l2_addr_12"   --->   Operation 1214 'load' 'l2_load_12' <Predicate = (!empty_411)> <Delay = 0.54> <CoreInst = "RAM">   --->   Core 83 'RAM' <Latency = 1> <II = 1> <Delay = 0.54> <Storage> <Opcode : 'load' 'store'> <Ports = 2> <Width = 32> <Depth = 16> <RAM>
ST_103 : Operation 1215 [1/2] (0.54ns)   --->   "%l2_2_load_12 = load i4 %l2_2_addr_12"   --->   Operation 1215 'load' 'l2_2_load_12' <Predicate = (empty_411)> <Delay = 0.54> <CoreInst = "RAM">   --->   Core 83 'RAM' <Latency = 1> <II = 1> <Delay = 0.54> <Storage> <Opcode : 'load' 'store'> <Ports = 2> <Width = 32> <Depth = 16> <RAM>
ST_103 : Operation 1216 [1/1] (0.21ns)   --->   "%tmp_78 = select i1 %empty_411, i32 %l2_2_load_12, i32 %l2_load_12" [src/moe.cpp:201]   --->   Operation 1216 'select' 'tmp_78' <Predicate = true> <Delay = 0.21> <CoreInst = "Sel">   --->   Core 73 'Sel' <Latency = 0> <II = 1> <Delay = 0.21> <FuncUnit> <Opcode : 'select'> <InPorts = 3> <OutPorts = 1>
ST_103 : Operation 1217 [1/2] (0.54ns)   --->   "%l2_load_13 = load i4 %l2_addr_13"   --->   Operation 1217 'load' 'l2_load_13' <Predicate = (!empty_411)> <Delay = 0.54> <CoreInst = "RAM">   --->   Core 83 'RAM' <Latency = 1> <II = 1> <Delay = 0.54> <Storage> <Opcode : 'load' 'store'> <Ports = 2> <Width = 32> <Depth = 16> <RAM>
ST_103 : Operation 1218 [1/2] (0.54ns)   --->   "%l2_2_load_13 = load i4 %l2_2_addr_13"   --->   Operation 1218 'load' 'l2_2_load_13' <Predicate = (empty_411)> <Delay = 0.54> <CoreInst = "RAM">   --->   Core 83 'RAM' <Latency = 1> <II = 1> <Delay = 0.54> <Storage> <Opcode : 'load' 'store'> <Ports = 2> <Width = 32> <Depth = 16> <RAM>
ST_103 : Operation 1219 [1/1] (0.21ns)   --->   "%tmp_79 = select i1 %empty_411, i32 %l2_2_load_13, i32 %l2_load_13" [src/moe.cpp:201]   --->   Operation 1219 'select' 'tmp_79' <Predicate = true> <Delay = 0.21> <CoreInst = "Sel">   --->   Core 73 'Sel' <Latency = 0> <II = 1> <Delay = 0.21> <FuncUnit> <Opcode : 'select'> <InPorts = 3> <OutPorts = 1>
ST_103 : Operation 1220 [2/2] (0.54ns)   --->   "%l2_load_14 = load i4 %l2_addr_14"   --->   Operation 1220 'load' 'l2_load_14' <Predicate = (!empty_411)> <Delay = 0.54> <CoreInst = "RAM">   --->   Core 83 'RAM' <Latency = 1> <II = 1> <Delay = 0.54> <Storage> <Opcode : 'load' 'store'> <Ports = 2> <Width = 32> <Depth = 16> <RAM>
ST_103 : Operation 1221 [2/2] (0.54ns)   --->   "%l2_2_load_14 = load i4 %l2_2_addr_14"   --->   Operation 1221 'load' 'l2_2_load_14' <Predicate = (empty_411)> <Delay = 0.54> <CoreInst = "RAM">   --->   Core 83 'RAM' <Latency = 1> <II = 1> <Delay = 0.54> <Storage> <Opcode : 'load' 'store'> <Ports = 2> <Width = 32> <Depth = 16> <RAM>
ST_103 : Operation 1222 [2/2] (0.54ns)   --->   "%l2_load_15 = load i4 %l2_addr_15"   --->   Operation 1222 'load' 'l2_load_15' <Predicate = (!empty_411)> <Delay = 0.54> <CoreInst = "RAM">   --->   Core 83 'RAM' <Latency = 1> <II = 1> <Delay = 0.54> <Storage> <Opcode : 'load' 'store'> <Ports = 2> <Width = 32> <Depth = 16> <RAM>
ST_103 : Operation 1223 [2/2] (0.54ns)   --->   "%l2_2_load_15 = load i4 %l2_2_addr_15"   --->   Operation 1223 'load' 'l2_2_load_15' <Predicate = (empty_411)> <Delay = 0.54> <CoreInst = "RAM">   --->   Core 83 'RAM' <Latency = 1> <II = 1> <Delay = 0.54> <Storage> <Opcode : 'load' 'store'> <Ports = 2> <Width = 32> <Depth = 16> <RAM>

State 104 <SV = 100> <Delay = 2.43>
ST_104 : Operation 1224 [1/1] (0.00ns)   --->   "%tmp_299 = bitconcatenate i8 @_ssdm_op_BitConcatenate.i8.i5.i3, i5 %add_ln228, i3 0" [src/moe.cpp:270]   --->   Operation 1224 'bitconcatenate' 'tmp_299' <Predicate = true> <Delay = 0.00>
ST_104 : Operation 1225 [1/2] (0.54ns)   --->   "%l2_load_14 = load i4 %l2_addr_14"   --->   Operation 1225 'load' 'l2_load_14' <Predicate = (!empty_411)> <Delay = 0.54> <CoreInst = "RAM">   --->   Core 83 'RAM' <Latency = 1> <II = 1> <Delay = 0.54> <Storage> <Opcode : 'load' 'store'> <Ports = 2> <Width = 32> <Depth = 16> <RAM>
ST_104 : Operation 1226 [1/2] (0.54ns)   --->   "%l2_2_load_14 = load i4 %l2_2_addr_14"   --->   Operation 1226 'load' 'l2_2_load_14' <Predicate = (empty_411)> <Delay = 0.54> <CoreInst = "RAM">   --->   Core 83 'RAM' <Latency = 1> <II = 1> <Delay = 0.54> <Storage> <Opcode : 'load' 'store'> <Ports = 2> <Width = 32> <Depth = 16> <RAM>
ST_104 : Operation 1227 [1/1] (0.21ns)   --->   "%tmp_80 = select i1 %empty_411, i32 %l2_2_load_14, i32 %l2_load_14" [src/moe.cpp:201]   --->   Operation 1227 'select' 'tmp_80' <Predicate = true> <Delay = 0.21> <CoreInst = "Sel">   --->   Core 73 'Sel' <Latency = 0> <II = 1> <Delay = 0.21> <FuncUnit> <Opcode : 'select'> <InPorts = 3> <OutPorts = 1>
ST_104 : Operation 1228 [1/2] (0.54ns)   --->   "%l2_load_15 = load i4 %l2_addr_15"   --->   Operation 1228 'load' 'l2_load_15' <Predicate = (!empty_411)> <Delay = 0.54> <CoreInst = "RAM">   --->   Core 83 'RAM' <Latency = 1> <II = 1> <Delay = 0.54> <Storage> <Opcode : 'load' 'store'> <Ports = 2> <Width = 32> <Depth = 16> <RAM>
ST_104 : Operation 1229 [1/2] (0.54ns)   --->   "%l2_2_load_15 = load i4 %l2_2_addr_15"   --->   Operation 1229 'load' 'l2_2_load_15' <Predicate = (empty_411)> <Delay = 0.54> <CoreInst = "RAM">   --->   Core 83 'RAM' <Latency = 1> <II = 1> <Delay = 0.54> <Storage> <Opcode : 'load' 'store'> <Ports = 2> <Width = 32> <Depth = 16> <RAM>
ST_104 : Operation 1230 [1/1] (0.21ns)   --->   "%tmp_81 = select i1 %empty_411, i32 %l2_2_load_15, i32 %l2_load_15" [src/moe.cpp:201]   --->   Operation 1230 'select' 'tmp_81' <Predicate = true> <Delay = 0.21> <CoreInst = "Sel">   --->   Core 73 'Sel' <Latency = 0> <II = 1> <Delay = 0.21> <FuncUnit> <Opcode : 'select'> <InPorts = 3> <OutPorts = 1>
ST_104 : Operation 1231 [2/2] (1.67ns)   --->   "%call_ln270 = call void @graph_moe_Pipeline_VITIS_LOOP_262_12, i8 %tmp_299, i32 %w3, i32 %b3, i32 %l3_2, i32 %l3, i32 %tmp_66, i32 %tmp_67, i32 %tmp_68, i32 %tmp_69, i32 %tmp_70, i32 %tmp_71, i32 %tmp_72, i32 %tmp_73, i32 %tmp_74, i32 %tmp_75, i32 %tmp_76, i32 %tmp_77, i32 %tmp_78, i32 %tmp_79, i32 %tmp_80, i32 %tmp_81, i1 %cond" [src/moe.cpp:270]   --->   Operation 1231 'call' 'call_ln270' <Predicate = true> <Delay = 1.67> <CoreType = "Generic">   --->   Core 0 '' <Latency = 0> <II = 1> <Delay = 1.00> <Generic> <Opcode : >

State 105 <SV = 101> <Delay = 0.54>
ST_105 : Operation 1232 [1/1] (0.00ns)   --->   "%zext_ln228_259 = zext i5 %add_ln228" [src/moe.cpp:228]   --->   Operation 1232 'zext' 'zext_ln228_259' <Predicate = true> <Delay = 0.00>
ST_105 : Operation 1233 [1/1] (0.00ns)   --->   "%b4_addr = getelementptr i32 %b4, i64 0, i64 %zext_ln228_259" [src/moe.cpp:285]   --->   Operation 1233 'getelementptr' 'b4_addr' <Predicate = true> <Delay = 0.00>
ST_105 : Operation 1234 [1/2] (0.00ns)   --->   "%call_ln270 = call void @graph_moe_Pipeline_VITIS_LOOP_262_12, i8 %tmp_299, i32 %w3, i32 %b3, i32 %l3_2, i32 %l3, i32 %tmp_66, i32 %tmp_67, i32 %tmp_68, i32 %tmp_69, i32 %tmp_70, i32 %tmp_71, i32 %tmp_72, i32 %tmp_73, i32 %tmp_74, i32 %tmp_75, i32 %tmp_76, i32 %tmp_77, i32 %tmp_78, i32 %tmp_79, i32 %tmp_80, i32 %tmp_81, i1 %cond" [src/moe.cpp:270]   --->   Operation 1234 'call' 'call_ln270' <Predicate = true> <Delay = 0.00> <CoreType = "Generic">   --->   Core 0 '' <Latency = 0> <II = 1> <Delay = 1.00> <Generic> <Opcode : >
ST_105 : Operation 1235 [2/2] (0.54ns)   --->   "%b4_load = load i5 %b4_addr" [src/moe.cpp:285]   --->   Operation 1235 'load' 'b4_load' <Predicate = true> <Delay = 0.54> <CoreInst = "RAM">   --->   Core 83 'RAM' <Latency = 1> <II = 1> <Delay = 0.54> <Storage> <Opcode : 'load' 'store'> <Ports = 2> <Width = 32> <Depth = 20> <RAM>

State 106 <SV = 102> <Delay = 2.21>
ST_106 : Operation 1236 [1/2] (0.54ns)   --->   "%b4_load = load i5 %b4_addr" [src/moe.cpp:285]   --->   Operation 1236 'load' 'b4_load' <Predicate = true> <Delay = 0.54> <CoreInst = "RAM">   --->   Core 83 'RAM' <Latency = 1> <II = 1> <Delay = 0.54> <Storage> <Opcode : 'load' 'store'> <Ports = 2> <Width = 32> <Depth = 20> <RAM>
ST_106 : Operation 1237 [1/1] (0.00ns)   --->   "%result = bitcast i32 %b4_load" [src/moe.cpp:285]   --->   Operation 1237 'bitcast' 'result' <Predicate = true> <Delay = 0.00>
ST_106 : Operation 1238 [2/2] (1.67ns)   --->   "%call_ln285 = call void @graph_moe_Pipeline_VITIS_LOOP_287_14, i32 %result, i8 %tmp_299, i32 %w4, i32 %l3, i32 %l3_2, i1 %empty_411, i32 %result_2_loc" [src/moe.cpp:285]   --->   Operation 1238 'call' 'call_ln285' <Predicate = true> <Delay = 1.67> <CoreType = "Generic">   --->   Core 0 '' <Latency = 0> <II = 1> <Delay = 1.00> <Generic> <Opcode : >

State 107 <SV = 103> <Delay = 0.00>
ST_107 : Operation 1239 [1/2] (0.00ns)   --->   "%call_ln285 = call void @graph_moe_Pipeline_VITIS_LOOP_287_14, i32 %result, i8 %tmp_299, i32 %w4, i32 %l3, i32 %l3_2, i1 %empty_411, i32 %result_2_loc" [src/moe.cpp:285]   --->   Operation 1239 'call' 'call_ln285' <Predicate = true> <Delay = 0.00> <CoreType = "Generic">   --->   Core 0 '' <Latency = 0> <II = 1> <Delay = 1.00> <Generic> <Opcode : >

State 108 <SV = 104> <Delay = 0.54>
ST_108 : Operation 1240 [1/1] (0.00ns)   --->   "%zext_ln210 = zext i3 %obj" [src/moe.cpp:210]   --->   Operation 1240 'zext' 'zext_ln210' <Predicate = true> <Delay = 0.00>
ST_108 : Operation 1241 [1/1] (0.00ns)   --->   "%speclooptripcount_ln210 = speclooptripcount void @_ssdm_op_SpecLoopTripCount, i64 5, i64 5, i64 5" [src/moe.cpp:210]   --->   Operation 1241 'speclooptripcount' 'speclooptripcount_ln210' <Predicate = true> <Delay = 0.00>
ST_108 : Operation 1242 [1/1] (0.00ns)   --->   "%specloopname_ln210 = specloopname void @_ssdm_op_SpecLoopName, void @empty_13" [src/moe.cpp:210]   --->   Operation 1242 'specloopname' 'specloopname_ln210' <Predicate = true> <Delay = 0.00>
ST_108 : Operation 1243 [1/1] (0.00ns)   --->   "%result_2_loc_load = load i32 %result_2_loc"   --->   Operation 1243 'load' 'result_2_loc_load' <Predicate = true> <Delay = 0.00>
ST_108 : Operation 1244 [1/1] (0.00ns)   --->   "%expert_output_addr = getelementptr i32 %expert_output, i64 0, i64 %zext_ln210" [src/moe.cpp:294]   --->   Operation 1244 'getelementptr' 'expert_output_addr' <Predicate = true> <Delay = 0.00>
ST_108 : Operation 1245 [1/1] (0.00ns)   --->   "%expert_output_2_addr = getelementptr i32 %expert_output_2, i64 0, i64 %zext_ln210" [src/moe.cpp:294]   --->   Operation 1245 'getelementptr' 'expert_output_2_addr' <Predicate = true> <Delay = 0.00>
ST_108 : Operation 1246 [1/1] (0.00ns)   --->   "%br_ln294 = br i1 %cond, void %arrayidx2184.case.2, void %arrayidx2184.case.0" [src/moe.cpp:294]   --->   Operation 1246 'br' 'br_ln294' <Predicate = true> <Delay = 0.00>
ST_108 : Operation 1247 [1/1] (0.54ns)   --->   "%store_ln294 = store i32 %result_2_loc_load, i3 %expert_output_2_addr" [src/moe.cpp:294]   --->   Operation 1247 'store' 'store_ln294' <Predicate = (!cond)> <Delay = 0.54> <CoreInst = "RAM">   --->   Core 83 'RAM' <Latency = 1> <II = 1> <Delay = 0.54> <Storage> <Opcode : 'load' 'store'> <Ports = 2> <Width = 32> <Depth = 5> <RAM>
ST_108 : Operation 1248 [1/1] (0.00ns)   --->   "%br_ln294 = br void %arrayidx2184.exit" [src/moe.cpp:294]   --->   Operation 1248 'br' 'br_ln294' <Predicate = (!cond)> <Delay = 0.00>
ST_108 : Operation 1249 [1/1] (0.54ns)   --->   "%store_ln294 = store i32 %result_2_loc_load, i3 %expert_output_addr" [src/moe.cpp:294]   --->   Operation 1249 'store' 'store_ln294' <Predicate = (cond)> <Delay = 0.54> <CoreInst = "RAM">   --->   Core 83 'RAM' <Latency = 1> <II = 1> <Delay = 0.54> <Storage> <Opcode : 'load' 'store'> <Ports = 2> <Width = 32> <Depth = 5> <RAM>
ST_108 : Operation 1250 [1/1] (0.00ns)   --->   "%br_ln294 = br void %arrayidx2184.exit" [src/moe.cpp:294]   --->   Operation 1250 'br' 'br_ln294' <Predicate = (cond)> <Delay = 0.00>
ST_108 : Operation 1251 [1/1] (0.00ns)   --->   "%br_ln210 = br void %VITIS_LOOP_220_8" [src/moe.cpp:210]   --->   Operation 1251 'br' 'br_ln210' <Predicate = true> <Delay = 0.00>

State 109 <SV = 73> <Delay = 2.33>
ST_109 : Operation 1252 [1/1] (0.00ns)   --->   "%obj_2 = phi i3 %add_ln210_1, void %arrayidx2184.1.exit, i3 0, void %for.inc222" [src/moe.cpp:210]   --->   Operation 1252 'phi' 'obj_2' <Predicate = true> <Delay = 0.00>
ST_109 : Operation 1253 [1/1] (0.52ns)   --->   "%icmp_ln210_1 = icmp_eq  i3 %obj_2, i3 5" [src/moe.cpp:210]   --->   Operation 1253 'icmp' 'icmp_ln210_1' <Predicate = true> <Delay = 0.52> <CoreInst = "Cmp">   --->   Core 9 'Cmp' <Latency = 0> <II = 1> <Delay = 0.52> <FuncUnit> <Opcode : 'icmp'> <InPorts = 2> <OutPorts = 1>
ST_109 : Operation 1254 [1/1] (0.52ns)   --->   "%add_ln210_1 = add i3 %obj_2, i3 1" [src/moe.cpp:210]   --->   Operation 1254 'add' 'add_ln210_1' <Predicate = true> <Delay = 0.52> <CoreInst = "Adder">   --->   Core 1 'Adder' <Latency = 0> <II = 1> <Delay = 0.52> <FuncUnit> <Opcode : 'add' 'sub'> <InPorts = 2> <OutPorts = 1>
ST_109 : Operation 1255 [1/1] (0.00ns)   --->   "%br_ln210 = br i1 %icmp_ln210_1, void %VITIS_LOOP_220_8.1.split, void %for.inc222.1" [src/moe.cpp:210]   --->   Operation 1255 'br' 'br_ln210' <Predicate = true> <Delay = 0.00>
ST_109 : Operation 1256 [1/1] (0.00ns)   --->   "%zext_ln228_260 = zext i3 %obj_2" [src/moe.cpp:228]   --->   Operation 1256 'zext' 'zext_ln228_260' <Predicate = (!icmp_ln210_1)> <Delay = 0.00>
ST_109 : Operation 1257 [1/1] (0.64ns)   --->   "%add_ln228_1 = add i5 %zext_ln210_1, i5 %zext_ln228_260" [src/moe.cpp:228]   --->   Operation 1257 'add' 'add_ln228_1' <Predicate = (!icmp_ln210_1)> <Delay = 0.64> <CoreInst = "Adder">   --->   Core 1 'Adder' <Latency = 0> <II = 1> <Delay = 0.64> <FuncUnit> <Opcode : 'add' 'sub'> <InPorts = 2> <OutPorts = 1>
ST_109 : Operation 1258 [1/1] (0.00ns)   --->   "%tmp_300 = bitconcatenate i10 @_ssdm_op_BitConcatenate.i10.i5.i5, i5 %add_ln228_1, i5 0" [src/moe.cpp:228]   --->   Operation 1258 'bitconcatenate' 'tmp_300' <Predicate = (!icmp_ln210_1)> <Delay = 0.00>
ST_109 : Operation 1259 [2/2] (1.69ns)   --->   "%call_ln228 = call void @graph_moe_Pipeline_VITIS_LOOP_220_81, i10 %tmp_300, i32 %w1, i32 %b1, i32 %l1_3, i32 %l1_1, i32 %empty, i32 %empty_284, i32 %empty_285, i32 %empty_286, i32 %empty_287, i32 %empty_288, i32 %empty_289, i32 %empty_290, i32 %empty_291, i32 %empty_292, i32 %empty_293, i32 %empty_294, i32 %empty_295, i32 %empty_296, i32 %empty_297, i32 %empty_298, i32 %empty_299, i32 %empty_300, i32 %empty_301, i32 %empty_302, i32 %empty_303, i32 %empty_304, i32 %empty_305, i32 %empty_306, i32 %empty_307, i32 %empty_308, i32 %empty_309, i32 %empty_310, i32 %empty_311, i32 %empty_312, i32 %empty_313, i32 %empty_314, i32 %empty_315, i32 %empty_316, i32 %empty_317, i32 %empty_318, i32 %empty_319, i32 %empty_320, i32 %empty_321, i32 %empty_322, i32 %empty_323, i32 %empty_324, i32 %empty_325, i32 %empty_326, i32 %empty_327, i32 %empty_328, i32 %empty_329, i32 %empty_330, i32 %empty_331, i32 %empty_332, i32 %empty_333, i32 %empty_334, i32 %empty_335, i32 %empty_336, i32 %empty_337, i32 %empty_338, i32 %empty_339, i32 %empty_340, i32 %empty_341, i32 %empty_342, i32 %empty_343, i32 %empty_344, i32 %empty_345, i32 %empty_346, i32 %empty_347, i32 %empty_348, i32 %empty_349, i32 %empty_350, i32 %empty_351, i32 %empty_352, i32 %empty_353, i32 %empty_354, i32 %empty_355, i32 %empty_356, i32 %empty_357, i32 %empty_358, i32 %empty_359, i32 %empty_360, i32 %empty_361, i32 %empty_362, i32 %empty_363, i32 %empty_364, i32 %empty_365, i32 %empty_366, i32 %empty_367, i32 %empty_368, i32 %empty_369, i32 %empty_370, i32 %empty_371, i32 %empty_372, i32 %empty_373, i32 %empty_374, i32 %empty_375, i32 %empty_376, i32 %empty_377, i32 %empty_378, i32 %empty_379, i32 %empty_380, i32 %empty_381, i32 %empty_382, i32 %empty_383, i32 %empty_384, i32 %empty_385, i32 %empty_386, i32 %empty_387, i32 %empty_388, i32 %empty_389, i32 %empty_390, i32 %empty_391, i32 %empty_392, i32 %empty_393, i32 %empty_394, i32 %empty_395, i32 %empty_396, i32 %empty_397, i32 %empty_398, i32 %empty_399, i32 %empty_400, i32 %empty_401, i32 %empty_402, i32 %empty_403, i32 %empty_404, i32 %empty_405, i32 %empty_406, i32 %empty_407, i32 %empty_408, i32 %empty_409, i32 %empty_410, i1 %cond" [src/moe.cpp:228]   --->   Operation 1259 'call' 'call_ln228' <Predicate = (!icmp_ln210_1)> <Delay = 1.69> <CoreType = "Generic">   --->   Core 0 '' <Latency = 0> <II = 1> <Delay = 1.00> <Generic> <Opcode : >
ST_109 : Operation 1260 [1/1] (0.52ns)   --->   "%add_ln201 = add i3 %e_5, i3 2" [src/moe.cpp:201]   --->   Operation 1260 'add' 'add_ln201' <Predicate = (icmp_ln210_1)> <Delay = 0.52> <CoreInst = "Adder">   --->   Core 1 'Adder' <Latency = 0> <II = 1> <Delay = 0.52> <FuncUnit> <Opcode : 'add' 'sub'> <InPorts = 2> <OutPorts = 1>
ST_109 : Operation 1261 [1/1] (0.36ns)   --->   "%store_ln201 = store i3 %add_ln201, i3 %e_3" [src/moe.cpp:201]   --->   Operation 1261 'store' 'store_ln201' <Predicate = (icmp_ln210_1)> <Delay = 0.36>
ST_109 : Operation 1262 [1/1] (0.00ns)   --->   "%br_ln201 = br void %VITIS_LOOP_210_7" [src/moe.cpp:201]   --->   Operation 1262 'br' 'br_ln201' <Predicate = (icmp_ln210_1)> <Delay = 0.00>

State 110 <SV = 74> <Delay = 0.00>
ST_110 : Operation 1263 [1/2] (0.00ns)   --->   "%call_ln228 = call void @graph_moe_Pipeline_VITIS_LOOP_220_81, i10 %tmp_300, i32 %w1, i32 %b1, i32 %l1_3, i32 %l1_1, i32 %empty, i32 %empty_284, i32 %empty_285, i32 %empty_286, i32 %empty_287, i32 %empty_288, i32 %empty_289, i32 %empty_290, i32 %empty_291, i32 %empty_292, i32 %empty_293, i32 %empty_294, i32 %empty_295, i32 %empty_296, i32 %empty_297, i32 %empty_298, i32 %empty_299, i32 %empty_300, i32 %empty_301, i32 %empty_302, i32 %empty_303, i32 %empty_304, i32 %empty_305, i32 %empty_306, i32 %empty_307, i32 %empty_308, i32 %empty_309, i32 %empty_310, i32 %empty_311, i32 %empty_312, i32 %empty_313, i32 %empty_314, i32 %empty_315, i32 %empty_316, i32 %empty_317, i32 %empty_318, i32 %empty_319, i32 %empty_320, i32 %empty_321, i32 %empty_322, i32 %empty_323, i32 %empty_324, i32 %empty_325, i32 %empty_326, i32 %empty_327, i32 %empty_328, i32 %empty_329, i32 %empty_330, i32 %empty_331, i32 %empty_332, i32 %empty_333, i32 %empty_334, i32 %empty_335, i32 %empty_336, i32 %empty_337, i32 %empty_338, i32 %empty_339, i32 %empty_340, i32 %empty_341, i32 %empty_342, i32 %empty_343, i32 %empty_344, i32 %empty_345, i32 %empty_346, i32 %empty_347, i32 %empty_348, i32 %empty_349, i32 %empty_350, i32 %empty_351, i32 %empty_352, i32 %empty_353, i32 %empty_354, i32 %empty_355, i32 %empty_356, i32 %empty_357, i32 %empty_358, i32 %empty_359, i32 %empty_360, i32 %empty_361, i32 %empty_362, i32 %empty_363, i32 %empty_364, i32 %empty_365, i32 %empty_366, i32 %empty_367, i32 %empty_368, i32 %empty_369, i32 %empty_370, i32 %empty_371, i32 %empty_372, i32 %empty_373, i32 %empty_374, i32 %empty_375, i32 %empty_376, i32 %empty_377, i32 %empty_378, i32 %empty_379, i32 %empty_380, i32 %empty_381, i32 %empty_382, i32 %empty_383, i32 %empty_384, i32 %empty_385, i32 %empty_386, i32 %empty_387, i32 %empty_388, i32 %empty_389, i32 %empty_390, i32 %empty_391, i32 %empty_392, i32 %empty_393, i32 %empty_394, i32 %empty_395, i32 %empty_396, i32 %empty_397, i32 %empty_398, i32 %empty_399, i32 %empty_400, i32 %empty_401, i32 %empty_402, i32 %empty_403, i32 %empty_404, i32 %empty_405, i32 %empty_406, i32 %empty_407, i32 %empty_408, i32 %empty_409, i32 %empty_410, i1 %cond" [src/moe.cpp:228]   --->   Operation 1263 'call' 'call_ln228' <Predicate = true> <Delay = 0.00> <CoreType = "Generic">   --->   Core 0 '' <Latency = 0> <II = 1> <Delay = 1.00> <Generic> <Opcode : >

State 111 <SV = 75> <Delay = 1.02>
ST_111 : Operation 1264 [2/2] (1.02ns)   --->   "%l1_1_load = load i5 %l1_1_addr"   --->   Operation 1264 'load' 'l1_1_load' <Predicate = (!empty_411)> <Delay = 1.02> <CoreInst = "RAM">   --->   Core 83 'RAM' <Latency = 1> <II = 1> <Delay = 1.02> <Storage> <Opcode : 'load' 'store'> <Ports = 2> <Width = 32> <Depth = 32> <RAM>
ST_111 : Operation 1265 [2/2] (1.02ns)   --->   "%l1_3_load = load i5 %l1_3_addr"   --->   Operation 1265 'load' 'l1_3_load' <Predicate = (empty_411)> <Delay = 1.02> <CoreInst = "RAM">   --->   Core 83 'RAM' <Latency = 1> <II = 1> <Delay = 1.02> <Storage> <Opcode : 'load' 'store'> <Ports = 2> <Width = 32> <Depth = 32> <RAM>
ST_111 : Operation 1266 [2/2] (1.02ns)   --->   "%l1_1_load_1 = load i5 %l1_1_addr_1"   --->   Operation 1266 'load' 'l1_1_load_1' <Predicate = (!empty_411)> <Delay = 1.02> <CoreInst = "RAM">   --->   Core 83 'RAM' <Latency = 1> <II = 1> <Delay = 1.02> <Storage> <Opcode : 'load' 'store'> <Ports = 2> <Width = 32> <Depth = 32> <RAM>
ST_111 : Operation 1267 [2/2] (1.02ns)   --->   "%l1_3_load_1 = load i5 %l1_3_addr_1"   --->   Operation 1267 'load' 'l1_3_load_1' <Predicate = (empty_411)> <Delay = 1.02> <CoreInst = "RAM">   --->   Core 83 'RAM' <Latency = 1> <II = 1> <Delay = 1.02> <Storage> <Opcode : 'load' 'store'> <Ports = 2> <Width = 32> <Depth = 32> <RAM>

State 112 <SV = 76> <Delay = 1.23>
ST_112 : Operation 1268 [1/2] (1.02ns)   --->   "%l1_1_load = load i5 %l1_1_addr"   --->   Operation 1268 'load' 'l1_1_load' <Predicate = (!empty_411)> <Delay = 1.02> <CoreInst = "RAM">   --->   Core 83 'RAM' <Latency = 1> <II = 1> <Delay = 1.02> <Storage> <Opcode : 'load' 'store'> <Ports = 2> <Width = 32> <Depth = 32> <RAM>
ST_112 : Operation 1269 [1/2] (1.02ns)   --->   "%l1_3_load = load i5 %l1_3_addr"   --->   Operation 1269 'load' 'l1_3_load' <Predicate = (empty_411)> <Delay = 1.02> <CoreInst = "RAM">   --->   Core 83 'RAM' <Latency = 1> <II = 1> <Delay = 1.02> <Storage> <Opcode : 'load' 'store'> <Ports = 2> <Width = 32> <Depth = 32> <RAM>
ST_112 : Operation 1270 [1/1] (0.21ns)   --->   "%tmp_33 = select i1 %empty_411, i32 %l1_3_load, i32 %l1_1_load" [src/moe.cpp:201]   --->   Operation 1270 'select' 'tmp_33' <Predicate = true> <Delay = 0.21> <CoreInst = "Sel">   --->   Core 73 'Sel' <Latency = 0> <II = 1> <Delay = 0.21> <FuncUnit> <Opcode : 'select'> <InPorts = 3> <OutPorts = 1>
ST_112 : Operation 1271 [1/2] (1.02ns)   --->   "%l1_1_load_1 = load i5 %l1_1_addr_1"   --->   Operation 1271 'load' 'l1_1_load_1' <Predicate = (!empty_411)> <Delay = 1.02> <CoreInst = "RAM">   --->   Core 83 'RAM' <Latency = 1> <II = 1> <Delay = 1.02> <Storage> <Opcode : 'load' 'store'> <Ports = 2> <Width = 32> <Depth = 32> <RAM>
ST_112 : Operation 1272 [1/2] (1.02ns)   --->   "%l1_3_load_1 = load i5 %l1_3_addr_1"   --->   Operation 1272 'load' 'l1_3_load_1' <Predicate = (empty_411)> <Delay = 1.02> <CoreInst = "RAM">   --->   Core 83 'RAM' <Latency = 1> <II = 1> <Delay = 1.02> <Storage> <Opcode : 'load' 'store'> <Ports = 2> <Width = 32> <Depth = 32> <RAM>
ST_112 : Operation 1273 [1/1] (0.21ns)   --->   "%tmp_34 = select i1 %empty_411, i32 %l1_3_load_1, i32 %l1_1_load_1" [src/moe.cpp:201]   --->   Operation 1273 'select' 'tmp_34' <Predicate = true> <Delay = 0.21> <CoreInst = "Sel">   --->   Core 73 'Sel' <Latency = 0> <II = 1> <Delay = 0.21> <FuncUnit> <Opcode : 'select'> <InPorts = 3> <OutPorts = 1>
ST_112 : Operation 1274 [2/2] (1.02ns)   --->   "%l1_1_load_2 = load i5 %l1_1_addr_2"   --->   Operation 1274 'load' 'l1_1_load_2' <Predicate = (!empty_411)> <Delay = 1.02> <CoreInst = "RAM">   --->   Core 83 'RAM' <Latency = 1> <II = 1> <Delay = 1.02> <Storage> <Opcode : 'load' 'store'> <Ports = 2> <Width = 32> <Depth = 32> <RAM>
ST_112 : Operation 1275 [2/2] (1.02ns)   --->   "%l1_3_load_2 = load i5 %l1_3_addr_2"   --->   Operation 1275 'load' 'l1_3_load_2' <Predicate = (empty_411)> <Delay = 1.02> <CoreInst = "RAM">   --->   Core 83 'RAM' <Latency = 1> <II = 1> <Delay = 1.02> <Storage> <Opcode : 'load' 'store'> <Ports = 2> <Width = 32> <Depth = 32> <RAM>
ST_112 : Operation 1276 [2/2] (1.02ns)   --->   "%l1_1_load_3 = load i5 %l1_1_addr_3"   --->   Operation 1276 'load' 'l1_1_load_3' <Predicate = (!empty_411)> <Delay = 1.02> <CoreInst = "RAM">   --->   Core 83 'RAM' <Latency = 1> <II = 1> <Delay = 1.02> <Storage> <Opcode : 'load' 'store'> <Ports = 2> <Width = 32> <Depth = 32> <RAM>
ST_112 : Operation 1277 [2/2] (1.02ns)   --->   "%l1_3_load_3 = load i5 %l1_3_addr_3"   --->   Operation 1277 'load' 'l1_3_load_3' <Predicate = (empty_411)> <Delay = 1.02> <CoreInst = "RAM">   --->   Core 83 'RAM' <Latency = 1> <II = 1> <Delay = 1.02> <Storage> <Opcode : 'load' 'store'> <Ports = 2> <Width = 32> <Depth = 32> <RAM>

State 113 <SV = 77> <Delay = 1.23>
ST_113 : Operation 1278 [1/2] (1.02ns)   --->   "%l1_1_load_2 = load i5 %l1_1_addr_2"   --->   Operation 1278 'load' 'l1_1_load_2' <Predicate = (!empty_411)> <Delay = 1.02> <CoreInst = "RAM">   --->   Core 83 'RAM' <Latency = 1> <II = 1> <Delay = 1.02> <Storage> <Opcode : 'load' 'store'> <Ports = 2> <Width = 32> <Depth = 32> <RAM>
ST_113 : Operation 1279 [1/2] (1.02ns)   --->   "%l1_3_load_2 = load i5 %l1_3_addr_2"   --->   Operation 1279 'load' 'l1_3_load_2' <Predicate = (empty_411)> <Delay = 1.02> <CoreInst = "RAM">   --->   Core 83 'RAM' <Latency = 1> <II = 1> <Delay = 1.02> <Storage> <Opcode : 'load' 'store'> <Ports = 2> <Width = 32> <Depth = 32> <RAM>
ST_113 : Operation 1280 [1/1] (0.21ns)   --->   "%tmp_35 = select i1 %empty_411, i32 %l1_3_load_2, i32 %l1_1_load_2" [src/moe.cpp:201]   --->   Operation 1280 'select' 'tmp_35' <Predicate = true> <Delay = 0.21> <CoreInst = "Sel">   --->   Core 73 'Sel' <Latency = 0> <II = 1> <Delay = 0.21> <FuncUnit> <Opcode : 'select'> <InPorts = 3> <OutPorts = 1>
ST_113 : Operation 1281 [1/2] (1.02ns)   --->   "%l1_1_load_3 = load i5 %l1_1_addr_3"   --->   Operation 1281 'load' 'l1_1_load_3' <Predicate = (!empty_411)> <Delay = 1.02> <CoreInst = "RAM">   --->   Core 83 'RAM' <Latency = 1> <II = 1> <Delay = 1.02> <Storage> <Opcode : 'load' 'store'> <Ports = 2> <Width = 32> <Depth = 32> <RAM>
ST_113 : Operation 1282 [1/2] (1.02ns)   --->   "%l1_3_load_3 = load i5 %l1_3_addr_3"   --->   Operation 1282 'load' 'l1_3_load_3' <Predicate = (empty_411)> <Delay = 1.02> <CoreInst = "RAM">   --->   Core 83 'RAM' <Latency = 1> <II = 1> <Delay = 1.02> <Storage> <Opcode : 'load' 'store'> <Ports = 2> <Width = 32> <Depth = 32> <RAM>
ST_113 : Operation 1283 [1/1] (0.21ns)   --->   "%tmp_36 = select i1 %empty_411, i32 %l1_3_load_3, i32 %l1_1_load_3" [src/moe.cpp:201]   --->   Operation 1283 'select' 'tmp_36' <Predicate = true> <Delay = 0.21> <CoreInst = "Sel">   --->   Core 73 'Sel' <Latency = 0> <II = 1> <Delay = 0.21> <FuncUnit> <Opcode : 'select'> <InPorts = 3> <OutPorts = 1>
ST_113 : Operation 1284 [2/2] (1.02ns)   --->   "%l1_1_load_4 = load i5 %l1_1_addr_4"   --->   Operation 1284 'load' 'l1_1_load_4' <Predicate = (!empty_411)> <Delay = 1.02> <CoreInst = "RAM">   --->   Core 83 'RAM' <Latency = 1> <II = 1> <Delay = 1.02> <Storage> <Opcode : 'load' 'store'> <Ports = 2> <Width = 32> <Depth = 32> <RAM>
ST_113 : Operation 1285 [2/2] (1.02ns)   --->   "%l1_3_load_4 = load i5 %l1_3_addr_4"   --->   Operation 1285 'load' 'l1_3_load_4' <Predicate = (empty_411)> <Delay = 1.02> <CoreInst = "RAM">   --->   Core 83 'RAM' <Latency = 1> <II = 1> <Delay = 1.02> <Storage> <Opcode : 'load' 'store'> <Ports = 2> <Width = 32> <Depth = 32> <RAM>
ST_113 : Operation 1286 [2/2] (1.02ns)   --->   "%l1_1_load_5 = load i5 %l1_1_addr_5"   --->   Operation 1286 'load' 'l1_1_load_5' <Predicate = (!empty_411)> <Delay = 1.02> <CoreInst = "RAM">   --->   Core 83 'RAM' <Latency = 1> <II = 1> <Delay = 1.02> <Storage> <Opcode : 'load' 'store'> <Ports = 2> <Width = 32> <Depth = 32> <RAM>
ST_113 : Operation 1287 [2/2] (1.02ns)   --->   "%l1_3_load_5 = load i5 %l1_3_addr_5"   --->   Operation 1287 'load' 'l1_3_load_5' <Predicate = (empty_411)> <Delay = 1.02> <CoreInst = "RAM">   --->   Core 83 'RAM' <Latency = 1> <II = 1> <Delay = 1.02> <Storage> <Opcode : 'load' 'store'> <Ports = 2> <Width = 32> <Depth = 32> <RAM>

State 114 <SV = 78> <Delay = 1.23>
ST_114 : Operation 1288 [1/2] (1.02ns)   --->   "%l1_1_load_4 = load i5 %l1_1_addr_4"   --->   Operation 1288 'load' 'l1_1_load_4' <Predicate = (!empty_411)> <Delay = 1.02> <CoreInst = "RAM">   --->   Core 83 'RAM' <Latency = 1> <II = 1> <Delay = 1.02> <Storage> <Opcode : 'load' 'store'> <Ports = 2> <Width = 32> <Depth = 32> <RAM>
ST_114 : Operation 1289 [1/2] (1.02ns)   --->   "%l1_3_load_4 = load i5 %l1_3_addr_4"   --->   Operation 1289 'load' 'l1_3_load_4' <Predicate = (empty_411)> <Delay = 1.02> <CoreInst = "RAM">   --->   Core 83 'RAM' <Latency = 1> <II = 1> <Delay = 1.02> <Storage> <Opcode : 'load' 'store'> <Ports = 2> <Width = 32> <Depth = 32> <RAM>
ST_114 : Operation 1290 [1/1] (0.21ns)   --->   "%tmp_37 = select i1 %empty_411, i32 %l1_3_load_4, i32 %l1_1_load_4" [src/moe.cpp:201]   --->   Operation 1290 'select' 'tmp_37' <Predicate = true> <Delay = 0.21> <CoreInst = "Sel">   --->   Core 73 'Sel' <Latency = 0> <II = 1> <Delay = 0.21> <FuncUnit> <Opcode : 'select'> <InPorts = 3> <OutPorts = 1>
ST_114 : Operation 1291 [1/2] (1.02ns)   --->   "%l1_1_load_5 = load i5 %l1_1_addr_5"   --->   Operation 1291 'load' 'l1_1_load_5' <Predicate = (!empty_411)> <Delay = 1.02> <CoreInst = "RAM">   --->   Core 83 'RAM' <Latency = 1> <II = 1> <Delay = 1.02> <Storage> <Opcode : 'load' 'store'> <Ports = 2> <Width = 32> <Depth = 32> <RAM>
ST_114 : Operation 1292 [1/2] (1.02ns)   --->   "%l1_3_load_5 = load i5 %l1_3_addr_5"   --->   Operation 1292 'load' 'l1_3_load_5' <Predicate = (empty_411)> <Delay = 1.02> <CoreInst = "RAM">   --->   Core 83 'RAM' <Latency = 1> <II = 1> <Delay = 1.02> <Storage> <Opcode : 'load' 'store'> <Ports = 2> <Width = 32> <Depth = 32> <RAM>
ST_114 : Operation 1293 [1/1] (0.21ns)   --->   "%tmp_38 = select i1 %empty_411, i32 %l1_3_load_5, i32 %l1_1_load_5" [src/moe.cpp:201]   --->   Operation 1293 'select' 'tmp_38' <Predicate = true> <Delay = 0.21> <CoreInst = "Sel">   --->   Core 73 'Sel' <Latency = 0> <II = 1> <Delay = 0.21> <FuncUnit> <Opcode : 'select'> <InPorts = 3> <OutPorts = 1>
ST_114 : Operation 1294 [2/2] (1.02ns)   --->   "%l1_1_load_6 = load i5 %l1_1_addr_6"   --->   Operation 1294 'load' 'l1_1_load_6' <Predicate = (!empty_411)> <Delay = 1.02> <CoreInst = "RAM">   --->   Core 83 'RAM' <Latency = 1> <II = 1> <Delay = 1.02> <Storage> <Opcode : 'load' 'store'> <Ports = 2> <Width = 32> <Depth = 32> <RAM>
ST_114 : Operation 1295 [2/2] (1.02ns)   --->   "%l1_3_load_6 = load i5 %l1_3_addr_6"   --->   Operation 1295 'load' 'l1_3_load_6' <Predicate = (empty_411)> <Delay = 1.02> <CoreInst = "RAM">   --->   Core 83 'RAM' <Latency = 1> <II = 1> <Delay = 1.02> <Storage> <Opcode : 'load' 'store'> <Ports = 2> <Width = 32> <Depth = 32> <RAM>
ST_114 : Operation 1296 [2/2] (1.02ns)   --->   "%l1_1_load_7 = load i5 %l1_1_addr_7"   --->   Operation 1296 'load' 'l1_1_load_7' <Predicate = (!empty_411)> <Delay = 1.02> <CoreInst = "RAM">   --->   Core 83 'RAM' <Latency = 1> <II = 1> <Delay = 1.02> <Storage> <Opcode : 'load' 'store'> <Ports = 2> <Width = 32> <Depth = 32> <RAM>
ST_114 : Operation 1297 [2/2] (1.02ns)   --->   "%l1_3_load_7 = load i5 %l1_3_addr_7"   --->   Operation 1297 'load' 'l1_3_load_7' <Predicate = (empty_411)> <Delay = 1.02> <CoreInst = "RAM">   --->   Core 83 'RAM' <Latency = 1> <II = 1> <Delay = 1.02> <Storage> <Opcode : 'load' 'store'> <Ports = 2> <Width = 32> <Depth = 32> <RAM>

State 115 <SV = 79> <Delay = 1.23>
ST_115 : Operation 1298 [1/2] (1.02ns)   --->   "%l1_1_load_6 = load i5 %l1_1_addr_6"   --->   Operation 1298 'load' 'l1_1_load_6' <Predicate = (!empty_411)> <Delay = 1.02> <CoreInst = "RAM">   --->   Core 83 'RAM' <Latency = 1> <II = 1> <Delay = 1.02> <Storage> <Opcode : 'load' 'store'> <Ports = 2> <Width = 32> <Depth = 32> <RAM>
ST_115 : Operation 1299 [1/2] (1.02ns)   --->   "%l1_3_load_6 = load i5 %l1_3_addr_6"   --->   Operation 1299 'load' 'l1_3_load_6' <Predicate = (empty_411)> <Delay = 1.02> <CoreInst = "RAM">   --->   Core 83 'RAM' <Latency = 1> <II = 1> <Delay = 1.02> <Storage> <Opcode : 'load' 'store'> <Ports = 2> <Width = 32> <Depth = 32> <RAM>
ST_115 : Operation 1300 [1/1] (0.21ns)   --->   "%tmp_39 = select i1 %empty_411, i32 %l1_3_load_6, i32 %l1_1_load_6" [src/moe.cpp:201]   --->   Operation 1300 'select' 'tmp_39' <Predicate = true> <Delay = 0.21> <CoreInst = "Sel">   --->   Core 73 'Sel' <Latency = 0> <II = 1> <Delay = 0.21> <FuncUnit> <Opcode : 'select'> <InPorts = 3> <OutPorts = 1>
ST_115 : Operation 1301 [1/2] (1.02ns)   --->   "%l1_1_load_7 = load i5 %l1_1_addr_7"   --->   Operation 1301 'load' 'l1_1_load_7' <Predicate = (!empty_411)> <Delay = 1.02> <CoreInst = "RAM">   --->   Core 83 'RAM' <Latency = 1> <II = 1> <Delay = 1.02> <Storage> <Opcode : 'load' 'store'> <Ports = 2> <Width = 32> <Depth = 32> <RAM>
ST_115 : Operation 1302 [1/2] (1.02ns)   --->   "%l1_3_load_7 = load i5 %l1_3_addr_7"   --->   Operation 1302 'load' 'l1_3_load_7' <Predicate = (empty_411)> <Delay = 1.02> <CoreInst = "RAM">   --->   Core 83 'RAM' <Latency = 1> <II = 1> <Delay = 1.02> <Storage> <Opcode : 'load' 'store'> <Ports = 2> <Width = 32> <Depth = 32> <RAM>
ST_115 : Operation 1303 [1/1] (0.21ns)   --->   "%tmp_40 = select i1 %empty_411, i32 %l1_3_load_7, i32 %l1_1_load_7" [src/moe.cpp:201]   --->   Operation 1303 'select' 'tmp_40' <Predicate = true> <Delay = 0.21> <CoreInst = "Sel">   --->   Core 73 'Sel' <Latency = 0> <II = 1> <Delay = 0.21> <FuncUnit> <Opcode : 'select'> <InPorts = 3> <OutPorts = 1>
ST_115 : Operation 1304 [2/2] (1.02ns)   --->   "%l1_1_load_8 = load i5 %l1_1_addr_8"   --->   Operation 1304 'load' 'l1_1_load_8' <Predicate = (!empty_411)> <Delay = 1.02> <CoreInst = "RAM">   --->   Core 83 'RAM' <Latency = 1> <II = 1> <Delay = 1.02> <Storage> <Opcode : 'load' 'store'> <Ports = 2> <Width = 32> <Depth = 32> <RAM>
ST_115 : Operation 1305 [2/2] (1.02ns)   --->   "%l1_3_load_8 = load i5 %l1_3_addr_8"   --->   Operation 1305 'load' 'l1_3_load_8' <Predicate = (empty_411)> <Delay = 1.02> <CoreInst = "RAM">   --->   Core 83 'RAM' <Latency = 1> <II = 1> <Delay = 1.02> <Storage> <Opcode : 'load' 'store'> <Ports = 2> <Width = 32> <Depth = 32> <RAM>
ST_115 : Operation 1306 [2/2] (1.02ns)   --->   "%l1_1_load_9 = load i5 %l1_1_addr_9"   --->   Operation 1306 'load' 'l1_1_load_9' <Predicate = (!empty_411)> <Delay = 1.02> <CoreInst = "RAM">   --->   Core 83 'RAM' <Latency = 1> <II = 1> <Delay = 1.02> <Storage> <Opcode : 'load' 'store'> <Ports = 2> <Width = 32> <Depth = 32> <RAM>
ST_115 : Operation 1307 [2/2] (1.02ns)   --->   "%l1_3_load_9 = load i5 %l1_3_addr_9"   --->   Operation 1307 'load' 'l1_3_load_9' <Predicate = (empty_411)> <Delay = 1.02> <CoreInst = "RAM">   --->   Core 83 'RAM' <Latency = 1> <II = 1> <Delay = 1.02> <Storage> <Opcode : 'load' 'store'> <Ports = 2> <Width = 32> <Depth = 32> <RAM>

State 116 <SV = 80> <Delay = 1.23>
ST_116 : Operation 1308 [1/2] (1.02ns)   --->   "%l1_1_load_8 = load i5 %l1_1_addr_8"   --->   Operation 1308 'load' 'l1_1_load_8' <Predicate = (!empty_411)> <Delay = 1.02> <CoreInst = "RAM">   --->   Core 83 'RAM' <Latency = 1> <II = 1> <Delay = 1.02> <Storage> <Opcode : 'load' 'store'> <Ports = 2> <Width = 32> <Depth = 32> <RAM>
ST_116 : Operation 1309 [1/2] (1.02ns)   --->   "%l1_3_load_8 = load i5 %l1_3_addr_8"   --->   Operation 1309 'load' 'l1_3_load_8' <Predicate = (empty_411)> <Delay = 1.02> <CoreInst = "RAM">   --->   Core 83 'RAM' <Latency = 1> <II = 1> <Delay = 1.02> <Storage> <Opcode : 'load' 'store'> <Ports = 2> <Width = 32> <Depth = 32> <RAM>
ST_116 : Operation 1310 [1/1] (0.21ns)   --->   "%tmp_41 = select i1 %empty_411, i32 %l1_3_load_8, i32 %l1_1_load_8" [src/moe.cpp:201]   --->   Operation 1310 'select' 'tmp_41' <Predicate = true> <Delay = 0.21> <CoreInst = "Sel">   --->   Core 73 'Sel' <Latency = 0> <II = 1> <Delay = 0.21> <FuncUnit> <Opcode : 'select'> <InPorts = 3> <OutPorts = 1>
ST_116 : Operation 1311 [1/2] (1.02ns)   --->   "%l1_1_load_9 = load i5 %l1_1_addr_9"   --->   Operation 1311 'load' 'l1_1_load_9' <Predicate = (!empty_411)> <Delay = 1.02> <CoreInst = "RAM">   --->   Core 83 'RAM' <Latency = 1> <II = 1> <Delay = 1.02> <Storage> <Opcode : 'load' 'store'> <Ports = 2> <Width = 32> <Depth = 32> <RAM>
ST_116 : Operation 1312 [1/2] (1.02ns)   --->   "%l1_3_load_9 = load i5 %l1_3_addr_9"   --->   Operation 1312 'load' 'l1_3_load_9' <Predicate = (empty_411)> <Delay = 1.02> <CoreInst = "RAM">   --->   Core 83 'RAM' <Latency = 1> <II = 1> <Delay = 1.02> <Storage> <Opcode : 'load' 'store'> <Ports = 2> <Width = 32> <Depth = 32> <RAM>
ST_116 : Operation 1313 [1/1] (0.21ns)   --->   "%tmp_42 = select i1 %empty_411, i32 %l1_3_load_9, i32 %l1_1_load_9" [src/moe.cpp:201]   --->   Operation 1313 'select' 'tmp_42' <Predicate = true> <Delay = 0.21> <CoreInst = "Sel">   --->   Core 73 'Sel' <Latency = 0> <II = 1> <Delay = 0.21> <FuncUnit> <Opcode : 'select'> <InPorts = 3> <OutPorts = 1>
ST_116 : Operation 1314 [2/2] (1.02ns)   --->   "%l1_1_load_10 = load i5 %l1_1_addr_10"   --->   Operation 1314 'load' 'l1_1_load_10' <Predicate = (!empty_411)> <Delay = 1.02> <CoreInst = "RAM">   --->   Core 83 'RAM' <Latency = 1> <II = 1> <Delay = 1.02> <Storage> <Opcode : 'load' 'store'> <Ports = 2> <Width = 32> <Depth = 32> <RAM>
ST_116 : Operation 1315 [2/2] (1.02ns)   --->   "%l1_3_load_10 = load i5 %l1_3_addr_10"   --->   Operation 1315 'load' 'l1_3_load_10' <Predicate = (empty_411)> <Delay = 1.02> <CoreInst = "RAM">   --->   Core 83 'RAM' <Latency = 1> <II = 1> <Delay = 1.02> <Storage> <Opcode : 'load' 'store'> <Ports = 2> <Width = 32> <Depth = 32> <RAM>
ST_116 : Operation 1316 [2/2] (1.02ns)   --->   "%l1_1_load_11 = load i5 %l1_1_addr_11"   --->   Operation 1316 'load' 'l1_1_load_11' <Predicate = (!empty_411)> <Delay = 1.02> <CoreInst = "RAM">   --->   Core 83 'RAM' <Latency = 1> <II = 1> <Delay = 1.02> <Storage> <Opcode : 'load' 'store'> <Ports = 2> <Width = 32> <Depth = 32> <RAM>
ST_116 : Operation 1317 [2/2] (1.02ns)   --->   "%l1_3_load_11 = load i5 %l1_3_addr_11"   --->   Operation 1317 'load' 'l1_3_load_11' <Predicate = (empty_411)> <Delay = 1.02> <CoreInst = "RAM">   --->   Core 83 'RAM' <Latency = 1> <II = 1> <Delay = 1.02> <Storage> <Opcode : 'load' 'store'> <Ports = 2> <Width = 32> <Depth = 32> <RAM>

State 117 <SV = 81> <Delay = 1.23>
ST_117 : Operation 1318 [1/2] (1.02ns)   --->   "%l1_1_load_10 = load i5 %l1_1_addr_10"   --->   Operation 1318 'load' 'l1_1_load_10' <Predicate = (!empty_411)> <Delay = 1.02> <CoreInst = "RAM">   --->   Core 83 'RAM' <Latency = 1> <II = 1> <Delay = 1.02> <Storage> <Opcode : 'load' 'store'> <Ports = 2> <Width = 32> <Depth = 32> <RAM>
ST_117 : Operation 1319 [1/2] (1.02ns)   --->   "%l1_3_load_10 = load i5 %l1_3_addr_10"   --->   Operation 1319 'load' 'l1_3_load_10' <Predicate = (empty_411)> <Delay = 1.02> <CoreInst = "RAM">   --->   Core 83 'RAM' <Latency = 1> <II = 1> <Delay = 1.02> <Storage> <Opcode : 'load' 'store'> <Ports = 2> <Width = 32> <Depth = 32> <RAM>
ST_117 : Operation 1320 [1/1] (0.21ns)   --->   "%tmp_43 = select i1 %empty_411, i32 %l1_3_load_10, i32 %l1_1_load_10" [src/moe.cpp:201]   --->   Operation 1320 'select' 'tmp_43' <Predicate = true> <Delay = 0.21> <CoreInst = "Sel">   --->   Core 73 'Sel' <Latency = 0> <II = 1> <Delay = 0.21> <FuncUnit> <Opcode : 'select'> <InPorts = 3> <OutPorts = 1>
ST_117 : Operation 1321 [1/2] (1.02ns)   --->   "%l1_1_load_11 = load i5 %l1_1_addr_11"   --->   Operation 1321 'load' 'l1_1_load_11' <Predicate = (!empty_411)> <Delay = 1.02> <CoreInst = "RAM">   --->   Core 83 'RAM' <Latency = 1> <II = 1> <Delay = 1.02> <Storage> <Opcode : 'load' 'store'> <Ports = 2> <Width = 32> <Depth = 32> <RAM>
ST_117 : Operation 1322 [1/2] (1.02ns)   --->   "%l1_3_load_11 = load i5 %l1_3_addr_11"   --->   Operation 1322 'load' 'l1_3_load_11' <Predicate = (empty_411)> <Delay = 1.02> <CoreInst = "RAM">   --->   Core 83 'RAM' <Latency = 1> <II = 1> <Delay = 1.02> <Storage> <Opcode : 'load' 'store'> <Ports = 2> <Width = 32> <Depth = 32> <RAM>
ST_117 : Operation 1323 [1/1] (0.21ns)   --->   "%tmp_44 = select i1 %empty_411, i32 %l1_3_load_11, i32 %l1_1_load_11" [src/moe.cpp:201]   --->   Operation 1323 'select' 'tmp_44' <Predicate = true> <Delay = 0.21> <CoreInst = "Sel">   --->   Core 73 'Sel' <Latency = 0> <II = 1> <Delay = 0.21> <FuncUnit> <Opcode : 'select'> <InPorts = 3> <OutPorts = 1>
ST_117 : Operation 1324 [2/2] (1.02ns)   --->   "%l1_1_load_12 = load i5 %l1_1_addr_12"   --->   Operation 1324 'load' 'l1_1_load_12' <Predicate = (!empty_411)> <Delay = 1.02> <CoreInst = "RAM">   --->   Core 83 'RAM' <Latency = 1> <II = 1> <Delay = 1.02> <Storage> <Opcode : 'load' 'store'> <Ports = 2> <Width = 32> <Depth = 32> <RAM>
ST_117 : Operation 1325 [2/2] (1.02ns)   --->   "%l1_3_load_12 = load i5 %l1_3_addr_12"   --->   Operation 1325 'load' 'l1_3_load_12' <Predicate = (empty_411)> <Delay = 1.02> <CoreInst = "RAM">   --->   Core 83 'RAM' <Latency = 1> <II = 1> <Delay = 1.02> <Storage> <Opcode : 'load' 'store'> <Ports = 2> <Width = 32> <Depth = 32> <RAM>
ST_117 : Operation 1326 [2/2] (1.02ns)   --->   "%l1_1_load_13 = load i5 %l1_1_addr_13"   --->   Operation 1326 'load' 'l1_1_load_13' <Predicate = (!empty_411)> <Delay = 1.02> <CoreInst = "RAM">   --->   Core 83 'RAM' <Latency = 1> <II = 1> <Delay = 1.02> <Storage> <Opcode : 'load' 'store'> <Ports = 2> <Width = 32> <Depth = 32> <RAM>
ST_117 : Operation 1327 [2/2] (1.02ns)   --->   "%l1_3_load_13 = load i5 %l1_3_addr_13"   --->   Operation 1327 'load' 'l1_3_load_13' <Predicate = (empty_411)> <Delay = 1.02> <CoreInst = "RAM">   --->   Core 83 'RAM' <Latency = 1> <II = 1> <Delay = 1.02> <Storage> <Opcode : 'load' 'store'> <Ports = 2> <Width = 32> <Depth = 32> <RAM>

State 118 <SV = 82> <Delay = 1.23>
ST_118 : Operation 1328 [1/2] (1.02ns)   --->   "%l1_1_load_12 = load i5 %l1_1_addr_12"   --->   Operation 1328 'load' 'l1_1_load_12' <Predicate = (!empty_411)> <Delay = 1.02> <CoreInst = "RAM">   --->   Core 83 'RAM' <Latency = 1> <II = 1> <Delay = 1.02> <Storage> <Opcode : 'load' 'store'> <Ports = 2> <Width = 32> <Depth = 32> <RAM>
ST_118 : Operation 1329 [1/2] (1.02ns)   --->   "%l1_3_load_12 = load i5 %l1_3_addr_12"   --->   Operation 1329 'load' 'l1_3_load_12' <Predicate = (empty_411)> <Delay = 1.02> <CoreInst = "RAM">   --->   Core 83 'RAM' <Latency = 1> <II = 1> <Delay = 1.02> <Storage> <Opcode : 'load' 'store'> <Ports = 2> <Width = 32> <Depth = 32> <RAM>
ST_118 : Operation 1330 [1/1] (0.21ns)   --->   "%tmp_45 = select i1 %empty_411, i32 %l1_3_load_12, i32 %l1_1_load_12" [src/moe.cpp:201]   --->   Operation 1330 'select' 'tmp_45' <Predicate = true> <Delay = 0.21> <CoreInst = "Sel">   --->   Core 73 'Sel' <Latency = 0> <II = 1> <Delay = 0.21> <FuncUnit> <Opcode : 'select'> <InPorts = 3> <OutPorts = 1>
ST_118 : Operation 1331 [1/2] (1.02ns)   --->   "%l1_1_load_13 = load i5 %l1_1_addr_13"   --->   Operation 1331 'load' 'l1_1_load_13' <Predicate = (!empty_411)> <Delay = 1.02> <CoreInst = "RAM">   --->   Core 83 'RAM' <Latency = 1> <II = 1> <Delay = 1.02> <Storage> <Opcode : 'load' 'store'> <Ports = 2> <Width = 32> <Depth = 32> <RAM>
ST_118 : Operation 1332 [1/2] (1.02ns)   --->   "%l1_3_load_13 = load i5 %l1_3_addr_13"   --->   Operation 1332 'load' 'l1_3_load_13' <Predicate = (empty_411)> <Delay = 1.02> <CoreInst = "RAM">   --->   Core 83 'RAM' <Latency = 1> <II = 1> <Delay = 1.02> <Storage> <Opcode : 'load' 'store'> <Ports = 2> <Width = 32> <Depth = 32> <RAM>
ST_118 : Operation 1333 [1/1] (0.21ns)   --->   "%tmp_46 = select i1 %empty_411, i32 %l1_3_load_13, i32 %l1_1_load_13" [src/moe.cpp:201]   --->   Operation 1333 'select' 'tmp_46' <Predicate = true> <Delay = 0.21> <CoreInst = "Sel">   --->   Core 73 'Sel' <Latency = 0> <II = 1> <Delay = 0.21> <FuncUnit> <Opcode : 'select'> <InPorts = 3> <OutPorts = 1>
ST_118 : Operation 1334 [2/2] (1.02ns)   --->   "%l1_1_load_14 = load i5 %l1_1_addr_14"   --->   Operation 1334 'load' 'l1_1_load_14' <Predicate = (!empty_411)> <Delay = 1.02> <CoreInst = "RAM">   --->   Core 83 'RAM' <Latency = 1> <II = 1> <Delay = 1.02> <Storage> <Opcode : 'load' 'store'> <Ports = 2> <Width = 32> <Depth = 32> <RAM>
ST_118 : Operation 1335 [2/2] (1.02ns)   --->   "%l1_3_load_14 = load i5 %l1_3_addr_14"   --->   Operation 1335 'load' 'l1_3_load_14' <Predicate = (empty_411)> <Delay = 1.02> <CoreInst = "RAM">   --->   Core 83 'RAM' <Latency = 1> <II = 1> <Delay = 1.02> <Storage> <Opcode : 'load' 'store'> <Ports = 2> <Width = 32> <Depth = 32> <RAM>
ST_118 : Operation 1336 [2/2] (1.02ns)   --->   "%l1_1_load_15 = load i5 %l1_1_addr_15"   --->   Operation 1336 'load' 'l1_1_load_15' <Predicate = (!empty_411)> <Delay = 1.02> <CoreInst = "RAM">   --->   Core 83 'RAM' <Latency = 1> <II = 1> <Delay = 1.02> <Storage> <Opcode : 'load' 'store'> <Ports = 2> <Width = 32> <Depth = 32> <RAM>
ST_118 : Operation 1337 [2/2] (1.02ns)   --->   "%l1_3_load_15 = load i5 %l1_3_addr_15"   --->   Operation 1337 'load' 'l1_3_load_15' <Predicate = (empty_411)> <Delay = 1.02> <CoreInst = "RAM">   --->   Core 83 'RAM' <Latency = 1> <II = 1> <Delay = 1.02> <Storage> <Opcode : 'load' 'store'> <Ports = 2> <Width = 32> <Depth = 32> <RAM>

State 119 <SV = 83> <Delay = 1.23>
ST_119 : Operation 1338 [1/2] (1.02ns)   --->   "%l1_1_load_14 = load i5 %l1_1_addr_14"   --->   Operation 1338 'load' 'l1_1_load_14' <Predicate = (!empty_411)> <Delay = 1.02> <CoreInst = "RAM">   --->   Core 83 'RAM' <Latency = 1> <II = 1> <Delay = 1.02> <Storage> <Opcode : 'load' 'store'> <Ports = 2> <Width = 32> <Depth = 32> <RAM>
ST_119 : Operation 1339 [1/2] (1.02ns)   --->   "%l1_3_load_14 = load i5 %l1_3_addr_14"   --->   Operation 1339 'load' 'l1_3_load_14' <Predicate = (empty_411)> <Delay = 1.02> <CoreInst = "RAM">   --->   Core 83 'RAM' <Latency = 1> <II = 1> <Delay = 1.02> <Storage> <Opcode : 'load' 'store'> <Ports = 2> <Width = 32> <Depth = 32> <RAM>
ST_119 : Operation 1340 [1/1] (0.21ns)   --->   "%tmp_47 = select i1 %empty_411, i32 %l1_3_load_14, i32 %l1_1_load_14" [src/moe.cpp:201]   --->   Operation 1340 'select' 'tmp_47' <Predicate = true> <Delay = 0.21> <CoreInst = "Sel">   --->   Core 73 'Sel' <Latency = 0> <II = 1> <Delay = 0.21> <FuncUnit> <Opcode : 'select'> <InPorts = 3> <OutPorts = 1>
ST_119 : Operation 1341 [1/2] (1.02ns)   --->   "%l1_1_load_15 = load i5 %l1_1_addr_15"   --->   Operation 1341 'load' 'l1_1_load_15' <Predicate = (!empty_411)> <Delay = 1.02> <CoreInst = "RAM">   --->   Core 83 'RAM' <Latency = 1> <II = 1> <Delay = 1.02> <Storage> <Opcode : 'load' 'store'> <Ports = 2> <Width = 32> <Depth = 32> <RAM>
ST_119 : Operation 1342 [1/2] (1.02ns)   --->   "%l1_3_load_15 = load i5 %l1_3_addr_15"   --->   Operation 1342 'load' 'l1_3_load_15' <Predicate = (empty_411)> <Delay = 1.02> <CoreInst = "RAM">   --->   Core 83 'RAM' <Latency = 1> <II = 1> <Delay = 1.02> <Storage> <Opcode : 'load' 'store'> <Ports = 2> <Width = 32> <Depth = 32> <RAM>
ST_119 : Operation 1343 [1/1] (0.21ns)   --->   "%tmp_48 = select i1 %empty_411, i32 %l1_3_load_15, i32 %l1_1_load_15" [src/moe.cpp:201]   --->   Operation 1343 'select' 'tmp_48' <Predicate = true> <Delay = 0.21> <CoreInst = "Sel">   --->   Core 73 'Sel' <Latency = 0> <II = 1> <Delay = 0.21> <FuncUnit> <Opcode : 'select'> <InPorts = 3> <OutPorts = 1>
ST_119 : Operation 1344 [2/2] (1.02ns)   --->   "%l1_1_load_16 = load i5 %l1_1_addr_16"   --->   Operation 1344 'load' 'l1_1_load_16' <Predicate = (!empty_411)> <Delay = 1.02> <CoreInst = "RAM">   --->   Core 83 'RAM' <Latency = 1> <II = 1> <Delay = 1.02> <Storage> <Opcode : 'load' 'store'> <Ports = 2> <Width = 32> <Depth = 32> <RAM>
ST_119 : Operation 1345 [2/2] (1.02ns)   --->   "%l1_3_load_16 = load i5 %l1_3_addr_16"   --->   Operation 1345 'load' 'l1_3_load_16' <Predicate = (empty_411)> <Delay = 1.02> <CoreInst = "RAM">   --->   Core 83 'RAM' <Latency = 1> <II = 1> <Delay = 1.02> <Storage> <Opcode : 'load' 'store'> <Ports = 2> <Width = 32> <Depth = 32> <RAM>
ST_119 : Operation 1346 [2/2] (1.02ns)   --->   "%l1_1_load_17 = load i5 %l1_1_addr_17"   --->   Operation 1346 'load' 'l1_1_load_17' <Predicate = (!empty_411)> <Delay = 1.02> <CoreInst = "RAM">   --->   Core 83 'RAM' <Latency = 1> <II = 1> <Delay = 1.02> <Storage> <Opcode : 'load' 'store'> <Ports = 2> <Width = 32> <Depth = 32> <RAM>
ST_119 : Operation 1347 [2/2] (1.02ns)   --->   "%l1_3_load_17 = load i5 %l1_3_addr_17"   --->   Operation 1347 'load' 'l1_3_load_17' <Predicate = (empty_411)> <Delay = 1.02> <CoreInst = "RAM">   --->   Core 83 'RAM' <Latency = 1> <II = 1> <Delay = 1.02> <Storage> <Opcode : 'load' 'store'> <Ports = 2> <Width = 32> <Depth = 32> <RAM>

State 120 <SV = 84> <Delay = 1.23>
ST_120 : Operation 1348 [1/2] (1.02ns)   --->   "%l1_1_load_16 = load i5 %l1_1_addr_16"   --->   Operation 1348 'load' 'l1_1_load_16' <Predicate = (!empty_411)> <Delay = 1.02> <CoreInst = "RAM">   --->   Core 83 'RAM' <Latency = 1> <II = 1> <Delay = 1.02> <Storage> <Opcode : 'load' 'store'> <Ports = 2> <Width = 32> <Depth = 32> <RAM>
ST_120 : Operation 1349 [1/2] (1.02ns)   --->   "%l1_3_load_16 = load i5 %l1_3_addr_16"   --->   Operation 1349 'load' 'l1_3_load_16' <Predicate = (empty_411)> <Delay = 1.02> <CoreInst = "RAM">   --->   Core 83 'RAM' <Latency = 1> <II = 1> <Delay = 1.02> <Storage> <Opcode : 'load' 'store'> <Ports = 2> <Width = 32> <Depth = 32> <RAM>
ST_120 : Operation 1350 [1/1] (0.21ns)   --->   "%tmp_49 = select i1 %empty_411, i32 %l1_3_load_16, i32 %l1_1_load_16" [src/moe.cpp:201]   --->   Operation 1350 'select' 'tmp_49' <Predicate = true> <Delay = 0.21> <CoreInst = "Sel">   --->   Core 73 'Sel' <Latency = 0> <II = 1> <Delay = 0.21> <FuncUnit> <Opcode : 'select'> <InPorts = 3> <OutPorts = 1>
ST_120 : Operation 1351 [1/2] (1.02ns)   --->   "%l1_1_load_17 = load i5 %l1_1_addr_17"   --->   Operation 1351 'load' 'l1_1_load_17' <Predicate = (!empty_411)> <Delay = 1.02> <CoreInst = "RAM">   --->   Core 83 'RAM' <Latency = 1> <II = 1> <Delay = 1.02> <Storage> <Opcode : 'load' 'store'> <Ports = 2> <Width = 32> <Depth = 32> <RAM>
ST_120 : Operation 1352 [1/2] (1.02ns)   --->   "%l1_3_load_17 = load i5 %l1_3_addr_17"   --->   Operation 1352 'load' 'l1_3_load_17' <Predicate = (empty_411)> <Delay = 1.02> <CoreInst = "RAM">   --->   Core 83 'RAM' <Latency = 1> <II = 1> <Delay = 1.02> <Storage> <Opcode : 'load' 'store'> <Ports = 2> <Width = 32> <Depth = 32> <RAM>
ST_120 : Operation 1353 [1/1] (0.21ns)   --->   "%tmp_50 = select i1 %empty_411, i32 %l1_3_load_17, i32 %l1_1_load_17" [src/moe.cpp:201]   --->   Operation 1353 'select' 'tmp_50' <Predicate = true> <Delay = 0.21> <CoreInst = "Sel">   --->   Core 73 'Sel' <Latency = 0> <II = 1> <Delay = 0.21> <FuncUnit> <Opcode : 'select'> <InPorts = 3> <OutPorts = 1>
ST_120 : Operation 1354 [2/2] (1.02ns)   --->   "%l1_1_load_18 = load i5 %l1_1_addr_18"   --->   Operation 1354 'load' 'l1_1_load_18' <Predicate = (!empty_411)> <Delay = 1.02> <CoreInst = "RAM">   --->   Core 83 'RAM' <Latency = 1> <II = 1> <Delay = 1.02> <Storage> <Opcode : 'load' 'store'> <Ports = 2> <Width = 32> <Depth = 32> <RAM>
ST_120 : Operation 1355 [2/2] (1.02ns)   --->   "%l1_3_load_18 = load i5 %l1_3_addr_18"   --->   Operation 1355 'load' 'l1_3_load_18' <Predicate = (empty_411)> <Delay = 1.02> <CoreInst = "RAM">   --->   Core 83 'RAM' <Latency = 1> <II = 1> <Delay = 1.02> <Storage> <Opcode : 'load' 'store'> <Ports = 2> <Width = 32> <Depth = 32> <RAM>
ST_120 : Operation 1356 [2/2] (1.02ns)   --->   "%l1_1_load_19 = load i5 %l1_1_addr_19"   --->   Operation 1356 'load' 'l1_1_load_19' <Predicate = (!empty_411)> <Delay = 1.02> <CoreInst = "RAM">   --->   Core 83 'RAM' <Latency = 1> <II = 1> <Delay = 1.02> <Storage> <Opcode : 'load' 'store'> <Ports = 2> <Width = 32> <Depth = 32> <RAM>
ST_120 : Operation 1357 [2/2] (1.02ns)   --->   "%l1_3_load_19 = load i5 %l1_3_addr_19"   --->   Operation 1357 'load' 'l1_3_load_19' <Predicate = (empty_411)> <Delay = 1.02> <CoreInst = "RAM">   --->   Core 83 'RAM' <Latency = 1> <II = 1> <Delay = 1.02> <Storage> <Opcode : 'load' 'store'> <Ports = 2> <Width = 32> <Depth = 32> <RAM>

State 121 <SV = 85> <Delay = 1.23>
ST_121 : Operation 1358 [1/2] (1.02ns)   --->   "%l1_1_load_18 = load i5 %l1_1_addr_18"   --->   Operation 1358 'load' 'l1_1_load_18' <Predicate = (!empty_411)> <Delay = 1.02> <CoreInst = "RAM">   --->   Core 83 'RAM' <Latency = 1> <II = 1> <Delay = 1.02> <Storage> <Opcode : 'load' 'store'> <Ports = 2> <Width = 32> <Depth = 32> <RAM>
ST_121 : Operation 1359 [1/2] (1.02ns)   --->   "%l1_3_load_18 = load i5 %l1_3_addr_18"   --->   Operation 1359 'load' 'l1_3_load_18' <Predicate = (empty_411)> <Delay = 1.02> <CoreInst = "RAM">   --->   Core 83 'RAM' <Latency = 1> <II = 1> <Delay = 1.02> <Storage> <Opcode : 'load' 'store'> <Ports = 2> <Width = 32> <Depth = 32> <RAM>
ST_121 : Operation 1360 [1/1] (0.21ns)   --->   "%tmp_51 = select i1 %empty_411, i32 %l1_3_load_18, i32 %l1_1_load_18" [src/moe.cpp:201]   --->   Operation 1360 'select' 'tmp_51' <Predicate = true> <Delay = 0.21> <CoreInst = "Sel">   --->   Core 73 'Sel' <Latency = 0> <II = 1> <Delay = 0.21> <FuncUnit> <Opcode : 'select'> <InPorts = 3> <OutPorts = 1>
ST_121 : Operation 1361 [1/2] (1.02ns)   --->   "%l1_1_load_19 = load i5 %l1_1_addr_19"   --->   Operation 1361 'load' 'l1_1_load_19' <Predicate = (!empty_411)> <Delay = 1.02> <CoreInst = "RAM">   --->   Core 83 'RAM' <Latency = 1> <II = 1> <Delay = 1.02> <Storage> <Opcode : 'load' 'store'> <Ports = 2> <Width = 32> <Depth = 32> <RAM>
ST_121 : Operation 1362 [1/2] (1.02ns)   --->   "%l1_3_load_19 = load i5 %l1_3_addr_19"   --->   Operation 1362 'load' 'l1_3_load_19' <Predicate = (empty_411)> <Delay = 1.02> <CoreInst = "RAM">   --->   Core 83 'RAM' <Latency = 1> <II = 1> <Delay = 1.02> <Storage> <Opcode : 'load' 'store'> <Ports = 2> <Width = 32> <Depth = 32> <RAM>
ST_121 : Operation 1363 [1/1] (0.21ns)   --->   "%tmp_52 = select i1 %empty_411, i32 %l1_3_load_19, i32 %l1_1_load_19" [src/moe.cpp:201]   --->   Operation 1363 'select' 'tmp_52' <Predicate = true> <Delay = 0.21> <CoreInst = "Sel">   --->   Core 73 'Sel' <Latency = 0> <II = 1> <Delay = 0.21> <FuncUnit> <Opcode : 'select'> <InPorts = 3> <OutPorts = 1>
ST_121 : Operation 1364 [2/2] (1.02ns)   --->   "%l1_1_load_20 = load i5 %l1_1_addr_20"   --->   Operation 1364 'load' 'l1_1_load_20' <Predicate = (!empty_411)> <Delay = 1.02> <CoreInst = "RAM">   --->   Core 83 'RAM' <Latency = 1> <II = 1> <Delay = 1.02> <Storage> <Opcode : 'load' 'store'> <Ports = 2> <Width = 32> <Depth = 32> <RAM>
ST_121 : Operation 1365 [2/2] (1.02ns)   --->   "%l1_3_load_20 = load i5 %l1_3_addr_20"   --->   Operation 1365 'load' 'l1_3_load_20' <Predicate = (empty_411)> <Delay = 1.02> <CoreInst = "RAM">   --->   Core 83 'RAM' <Latency = 1> <II = 1> <Delay = 1.02> <Storage> <Opcode : 'load' 'store'> <Ports = 2> <Width = 32> <Depth = 32> <RAM>
ST_121 : Operation 1366 [2/2] (1.02ns)   --->   "%l1_1_load_21 = load i5 %l1_1_addr_21"   --->   Operation 1366 'load' 'l1_1_load_21' <Predicate = (!empty_411)> <Delay = 1.02> <CoreInst = "RAM">   --->   Core 83 'RAM' <Latency = 1> <II = 1> <Delay = 1.02> <Storage> <Opcode : 'load' 'store'> <Ports = 2> <Width = 32> <Depth = 32> <RAM>
ST_121 : Operation 1367 [2/2] (1.02ns)   --->   "%l1_3_load_21 = load i5 %l1_3_addr_21"   --->   Operation 1367 'load' 'l1_3_load_21' <Predicate = (empty_411)> <Delay = 1.02> <CoreInst = "RAM">   --->   Core 83 'RAM' <Latency = 1> <II = 1> <Delay = 1.02> <Storage> <Opcode : 'load' 'store'> <Ports = 2> <Width = 32> <Depth = 32> <RAM>

State 122 <SV = 86> <Delay = 1.23>
ST_122 : Operation 1368 [1/2] (1.02ns)   --->   "%l1_1_load_20 = load i5 %l1_1_addr_20"   --->   Operation 1368 'load' 'l1_1_load_20' <Predicate = (!empty_411)> <Delay = 1.02> <CoreInst = "RAM">   --->   Core 83 'RAM' <Latency = 1> <II = 1> <Delay = 1.02> <Storage> <Opcode : 'load' 'store'> <Ports = 2> <Width = 32> <Depth = 32> <RAM>
ST_122 : Operation 1369 [1/2] (1.02ns)   --->   "%l1_3_load_20 = load i5 %l1_3_addr_20"   --->   Operation 1369 'load' 'l1_3_load_20' <Predicate = (empty_411)> <Delay = 1.02> <CoreInst = "RAM">   --->   Core 83 'RAM' <Latency = 1> <II = 1> <Delay = 1.02> <Storage> <Opcode : 'load' 'store'> <Ports = 2> <Width = 32> <Depth = 32> <RAM>
ST_122 : Operation 1370 [1/1] (0.21ns)   --->   "%tmp_53 = select i1 %empty_411, i32 %l1_3_load_20, i32 %l1_1_load_20" [src/moe.cpp:201]   --->   Operation 1370 'select' 'tmp_53' <Predicate = true> <Delay = 0.21> <CoreInst = "Sel">   --->   Core 73 'Sel' <Latency = 0> <II = 1> <Delay = 0.21> <FuncUnit> <Opcode : 'select'> <InPorts = 3> <OutPorts = 1>
ST_122 : Operation 1371 [1/2] (1.02ns)   --->   "%l1_1_load_21 = load i5 %l1_1_addr_21"   --->   Operation 1371 'load' 'l1_1_load_21' <Predicate = (!empty_411)> <Delay = 1.02> <CoreInst = "RAM">   --->   Core 83 'RAM' <Latency = 1> <II = 1> <Delay = 1.02> <Storage> <Opcode : 'load' 'store'> <Ports = 2> <Width = 32> <Depth = 32> <RAM>
ST_122 : Operation 1372 [1/2] (1.02ns)   --->   "%l1_3_load_21 = load i5 %l1_3_addr_21"   --->   Operation 1372 'load' 'l1_3_load_21' <Predicate = (empty_411)> <Delay = 1.02> <CoreInst = "RAM">   --->   Core 83 'RAM' <Latency = 1> <II = 1> <Delay = 1.02> <Storage> <Opcode : 'load' 'store'> <Ports = 2> <Width = 32> <Depth = 32> <RAM>
ST_122 : Operation 1373 [1/1] (0.21ns)   --->   "%tmp_54 = select i1 %empty_411, i32 %l1_3_load_21, i32 %l1_1_load_21" [src/moe.cpp:201]   --->   Operation 1373 'select' 'tmp_54' <Predicate = true> <Delay = 0.21> <CoreInst = "Sel">   --->   Core 73 'Sel' <Latency = 0> <II = 1> <Delay = 0.21> <FuncUnit> <Opcode : 'select'> <InPorts = 3> <OutPorts = 1>
ST_122 : Operation 1374 [2/2] (1.02ns)   --->   "%l1_1_load_22 = load i5 %l1_1_addr_22"   --->   Operation 1374 'load' 'l1_1_load_22' <Predicate = (!empty_411)> <Delay = 1.02> <CoreInst = "RAM">   --->   Core 83 'RAM' <Latency = 1> <II = 1> <Delay = 1.02> <Storage> <Opcode : 'load' 'store'> <Ports = 2> <Width = 32> <Depth = 32> <RAM>
ST_122 : Operation 1375 [2/2] (1.02ns)   --->   "%l1_3_load_22 = load i5 %l1_3_addr_22"   --->   Operation 1375 'load' 'l1_3_load_22' <Predicate = (empty_411)> <Delay = 1.02> <CoreInst = "RAM">   --->   Core 83 'RAM' <Latency = 1> <II = 1> <Delay = 1.02> <Storage> <Opcode : 'load' 'store'> <Ports = 2> <Width = 32> <Depth = 32> <RAM>
ST_122 : Operation 1376 [2/2] (1.02ns)   --->   "%l1_1_load_23 = load i5 %l1_1_addr_23"   --->   Operation 1376 'load' 'l1_1_load_23' <Predicate = (!empty_411)> <Delay = 1.02> <CoreInst = "RAM">   --->   Core 83 'RAM' <Latency = 1> <II = 1> <Delay = 1.02> <Storage> <Opcode : 'load' 'store'> <Ports = 2> <Width = 32> <Depth = 32> <RAM>
ST_122 : Operation 1377 [2/2] (1.02ns)   --->   "%l1_3_load_23 = load i5 %l1_3_addr_23"   --->   Operation 1377 'load' 'l1_3_load_23' <Predicate = (empty_411)> <Delay = 1.02> <CoreInst = "RAM">   --->   Core 83 'RAM' <Latency = 1> <II = 1> <Delay = 1.02> <Storage> <Opcode : 'load' 'store'> <Ports = 2> <Width = 32> <Depth = 32> <RAM>

State 123 <SV = 87> <Delay = 1.23>
ST_123 : Operation 1378 [1/2] (1.02ns)   --->   "%l1_1_load_22 = load i5 %l1_1_addr_22"   --->   Operation 1378 'load' 'l1_1_load_22' <Predicate = (!empty_411)> <Delay = 1.02> <CoreInst = "RAM">   --->   Core 83 'RAM' <Latency = 1> <II = 1> <Delay = 1.02> <Storage> <Opcode : 'load' 'store'> <Ports = 2> <Width = 32> <Depth = 32> <RAM>
ST_123 : Operation 1379 [1/2] (1.02ns)   --->   "%l1_3_load_22 = load i5 %l1_3_addr_22"   --->   Operation 1379 'load' 'l1_3_load_22' <Predicate = (empty_411)> <Delay = 1.02> <CoreInst = "RAM">   --->   Core 83 'RAM' <Latency = 1> <II = 1> <Delay = 1.02> <Storage> <Opcode : 'load' 'store'> <Ports = 2> <Width = 32> <Depth = 32> <RAM>
ST_123 : Operation 1380 [1/1] (0.21ns)   --->   "%tmp_55 = select i1 %empty_411, i32 %l1_3_load_22, i32 %l1_1_load_22" [src/moe.cpp:201]   --->   Operation 1380 'select' 'tmp_55' <Predicate = true> <Delay = 0.21> <CoreInst = "Sel">   --->   Core 73 'Sel' <Latency = 0> <II = 1> <Delay = 0.21> <FuncUnit> <Opcode : 'select'> <InPorts = 3> <OutPorts = 1>
ST_123 : Operation 1381 [1/2] (1.02ns)   --->   "%l1_1_load_23 = load i5 %l1_1_addr_23"   --->   Operation 1381 'load' 'l1_1_load_23' <Predicate = (!empty_411)> <Delay = 1.02> <CoreInst = "RAM">   --->   Core 83 'RAM' <Latency = 1> <II = 1> <Delay = 1.02> <Storage> <Opcode : 'load' 'store'> <Ports = 2> <Width = 32> <Depth = 32> <RAM>
ST_123 : Operation 1382 [1/2] (1.02ns)   --->   "%l1_3_load_23 = load i5 %l1_3_addr_23"   --->   Operation 1382 'load' 'l1_3_load_23' <Predicate = (empty_411)> <Delay = 1.02> <CoreInst = "RAM">   --->   Core 83 'RAM' <Latency = 1> <II = 1> <Delay = 1.02> <Storage> <Opcode : 'load' 'store'> <Ports = 2> <Width = 32> <Depth = 32> <RAM>
ST_123 : Operation 1383 [1/1] (0.21ns)   --->   "%tmp_56 = select i1 %empty_411, i32 %l1_3_load_23, i32 %l1_1_load_23" [src/moe.cpp:201]   --->   Operation 1383 'select' 'tmp_56' <Predicate = true> <Delay = 0.21> <CoreInst = "Sel">   --->   Core 73 'Sel' <Latency = 0> <II = 1> <Delay = 0.21> <FuncUnit> <Opcode : 'select'> <InPorts = 3> <OutPorts = 1>
ST_123 : Operation 1384 [2/2] (1.02ns)   --->   "%l1_1_load_24 = load i5 %l1_1_addr_24"   --->   Operation 1384 'load' 'l1_1_load_24' <Predicate = (!empty_411)> <Delay = 1.02> <CoreInst = "RAM">   --->   Core 83 'RAM' <Latency = 1> <II = 1> <Delay = 1.02> <Storage> <Opcode : 'load' 'store'> <Ports = 2> <Width = 32> <Depth = 32> <RAM>
ST_123 : Operation 1385 [2/2] (1.02ns)   --->   "%l1_3_load_24 = load i5 %l1_3_addr_24"   --->   Operation 1385 'load' 'l1_3_load_24' <Predicate = (empty_411)> <Delay = 1.02> <CoreInst = "RAM">   --->   Core 83 'RAM' <Latency = 1> <II = 1> <Delay = 1.02> <Storage> <Opcode : 'load' 'store'> <Ports = 2> <Width = 32> <Depth = 32> <RAM>
ST_123 : Operation 1386 [2/2] (1.02ns)   --->   "%l1_1_load_25 = load i5 %l1_1_addr_25"   --->   Operation 1386 'load' 'l1_1_load_25' <Predicate = (!empty_411)> <Delay = 1.02> <CoreInst = "RAM">   --->   Core 83 'RAM' <Latency = 1> <II = 1> <Delay = 1.02> <Storage> <Opcode : 'load' 'store'> <Ports = 2> <Width = 32> <Depth = 32> <RAM>
ST_123 : Operation 1387 [2/2] (1.02ns)   --->   "%l1_3_load_25 = load i5 %l1_3_addr_25"   --->   Operation 1387 'load' 'l1_3_load_25' <Predicate = (empty_411)> <Delay = 1.02> <CoreInst = "RAM">   --->   Core 83 'RAM' <Latency = 1> <II = 1> <Delay = 1.02> <Storage> <Opcode : 'load' 'store'> <Ports = 2> <Width = 32> <Depth = 32> <RAM>

State 124 <SV = 88> <Delay = 1.23>
ST_124 : Operation 1388 [1/2] (1.02ns)   --->   "%l1_1_load_24 = load i5 %l1_1_addr_24"   --->   Operation 1388 'load' 'l1_1_load_24' <Predicate = (!empty_411)> <Delay = 1.02> <CoreInst = "RAM">   --->   Core 83 'RAM' <Latency = 1> <II = 1> <Delay = 1.02> <Storage> <Opcode : 'load' 'store'> <Ports = 2> <Width = 32> <Depth = 32> <RAM>
ST_124 : Operation 1389 [1/2] (1.02ns)   --->   "%l1_3_load_24 = load i5 %l1_3_addr_24"   --->   Operation 1389 'load' 'l1_3_load_24' <Predicate = (empty_411)> <Delay = 1.02> <CoreInst = "RAM">   --->   Core 83 'RAM' <Latency = 1> <II = 1> <Delay = 1.02> <Storage> <Opcode : 'load' 'store'> <Ports = 2> <Width = 32> <Depth = 32> <RAM>
ST_124 : Operation 1390 [1/1] (0.21ns)   --->   "%tmp_57 = select i1 %empty_411, i32 %l1_3_load_24, i32 %l1_1_load_24" [src/moe.cpp:201]   --->   Operation 1390 'select' 'tmp_57' <Predicate = true> <Delay = 0.21> <CoreInst = "Sel">   --->   Core 73 'Sel' <Latency = 0> <II = 1> <Delay = 0.21> <FuncUnit> <Opcode : 'select'> <InPorts = 3> <OutPorts = 1>
ST_124 : Operation 1391 [1/2] (1.02ns)   --->   "%l1_1_load_25 = load i5 %l1_1_addr_25"   --->   Operation 1391 'load' 'l1_1_load_25' <Predicate = (!empty_411)> <Delay = 1.02> <CoreInst = "RAM">   --->   Core 83 'RAM' <Latency = 1> <II = 1> <Delay = 1.02> <Storage> <Opcode : 'load' 'store'> <Ports = 2> <Width = 32> <Depth = 32> <RAM>
ST_124 : Operation 1392 [1/2] (1.02ns)   --->   "%l1_3_load_25 = load i5 %l1_3_addr_25"   --->   Operation 1392 'load' 'l1_3_load_25' <Predicate = (empty_411)> <Delay = 1.02> <CoreInst = "RAM">   --->   Core 83 'RAM' <Latency = 1> <II = 1> <Delay = 1.02> <Storage> <Opcode : 'load' 'store'> <Ports = 2> <Width = 32> <Depth = 32> <RAM>
ST_124 : Operation 1393 [1/1] (0.21ns)   --->   "%tmp_58 = select i1 %empty_411, i32 %l1_3_load_25, i32 %l1_1_load_25" [src/moe.cpp:201]   --->   Operation 1393 'select' 'tmp_58' <Predicate = true> <Delay = 0.21> <CoreInst = "Sel">   --->   Core 73 'Sel' <Latency = 0> <II = 1> <Delay = 0.21> <FuncUnit> <Opcode : 'select'> <InPorts = 3> <OutPorts = 1>
ST_124 : Operation 1394 [2/2] (1.02ns)   --->   "%l1_1_load_26 = load i5 %l1_1_addr_26"   --->   Operation 1394 'load' 'l1_1_load_26' <Predicate = (!empty_411)> <Delay = 1.02> <CoreInst = "RAM">   --->   Core 83 'RAM' <Latency = 1> <II = 1> <Delay = 1.02> <Storage> <Opcode : 'load' 'store'> <Ports = 2> <Width = 32> <Depth = 32> <RAM>
ST_124 : Operation 1395 [2/2] (1.02ns)   --->   "%l1_3_load_26 = load i5 %l1_3_addr_26"   --->   Operation 1395 'load' 'l1_3_load_26' <Predicate = (empty_411)> <Delay = 1.02> <CoreInst = "RAM">   --->   Core 83 'RAM' <Latency = 1> <II = 1> <Delay = 1.02> <Storage> <Opcode : 'load' 'store'> <Ports = 2> <Width = 32> <Depth = 32> <RAM>
ST_124 : Operation 1396 [2/2] (1.02ns)   --->   "%l1_1_load_27 = load i5 %l1_1_addr_27"   --->   Operation 1396 'load' 'l1_1_load_27' <Predicate = (!empty_411)> <Delay = 1.02> <CoreInst = "RAM">   --->   Core 83 'RAM' <Latency = 1> <II = 1> <Delay = 1.02> <Storage> <Opcode : 'load' 'store'> <Ports = 2> <Width = 32> <Depth = 32> <RAM>
ST_124 : Operation 1397 [2/2] (1.02ns)   --->   "%l1_3_load_27 = load i5 %l1_3_addr_27"   --->   Operation 1397 'load' 'l1_3_load_27' <Predicate = (empty_411)> <Delay = 1.02> <CoreInst = "RAM">   --->   Core 83 'RAM' <Latency = 1> <II = 1> <Delay = 1.02> <Storage> <Opcode : 'load' 'store'> <Ports = 2> <Width = 32> <Depth = 32> <RAM>

State 125 <SV = 89> <Delay = 1.23>
ST_125 : Operation 1398 [1/2] (1.02ns)   --->   "%l1_1_load_26 = load i5 %l1_1_addr_26"   --->   Operation 1398 'load' 'l1_1_load_26' <Predicate = (!empty_411)> <Delay = 1.02> <CoreInst = "RAM">   --->   Core 83 'RAM' <Latency = 1> <II = 1> <Delay = 1.02> <Storage> <Opcode : 'load' 'store'> <Ports = 2> <Width = 32> <Depth = 32> <RAM>
ST_125 : Operation 1399 [1/2] (1.02ns)   --->   "%l1_3_load_26 = load i5 %l1_3_addr_26"   --->   Operation 1399 'load' 'l1_3_load_26' <Predicate = (empty_411)> <Delay = 1.02> <CoreInst = "RAM">   --->   Core 83 'RAM' <Latency = 1> <II = 1> <Delay = 1.02> <Storage> <Opcode : 'load' 'store'> <Ports = 2> <Width = 32> <Depth = 32> <RAM>
ST_125 : Operation 1400 [1/1] (0.21ns)   --->   "%tmp_59 = select i1 %empty_411, i32 %l1_3_load_26, i32 %l1_1_load_26" [src/moe.cpp:201]   --->   Operation 1400 'select' 'tmp_59' <Predicate = true> <Delay = 0.21> <CoreInst = "Sel">   --->   Core 73 'Sel' <Latency = 0> <II = 1> <Delay = 0.21> <FuncUnit> <Opcode : 'select'> <InPorts = 3> <OutPorts = 1>
ST_125 : Operation 1401 [1/2] (1.02ns)   --->   "%l1_1_load_27 = load i5 %l1_1_addr_27"   --->   Operation 1401 'load' 'l1_1_load_27' <Predicate = (!empty_411)> <Delay = 1.02> <CoreInst = "RAM">   --->   Core 83 'RAM' <Latency = 1> <II = 1> <Delay = 1.02> <Storage> <Opcode : 'load' 'store'> <Ports = 2> <Width = 32> <Depth = 32> <RAM>
ST_125 : Operation 1402 [1/2] (1.02ns)   --->   "%l1_3_load_27 = load i5 %l1_3_addr_27"   --->   Operation 1402 'load' 'l1_3_load_27' <Predicate = (empty_411)> <Delay = 1.02> <CoreInst = "RAM">   --->   Core 83 'RAM' <Latency = 1> <II = 1> <Delay = 1.02> <Storage> <Opcode : 'load' 'store'> <Ports = 2> <Width = 32> <Depth = 32> <RAM>
ST_125 : Operation 1403 [1/1] (0.21ns)   --->   "%tmp_60 = select i1 %empty_411, i32 %l1_3_load_27, i32 %l1_1_load_27" [src/moe.cpp:201]   --->   Operation 1403 'select' 'tmp_60' <Predicate = true> <Delay = 0.21> <CoreInst = "Sel">   --->   Core 73 'Sel' <Latency = 0> <II = 1> <Delay = 0.21> <FuncUnit> <Opcode : 'select'> <InPorts = 3> <OutPorts = 1>
ST_125 : Operation 1404 [2/2] (1.02ns)   --->   "%l1_1_load_28 = load i5 %l1_1_addr_28"   --->   Operation 1404 'load' 'l1_1_load_28' <Predicate = (!empty_411)> <Delay = 1.02> <CoreInst = "RAM">   --->   Core 83 'RAM' <Latency = 1> <II = 1> <Delay = 1.02> <Storage> <Opcode : 'load' 'store'> <Ports = 2> <Width = 32> <Depth = 32> <RAM>
ST_125 : Operation 1405 [2/2] (1.02ns)   --->   "%l1_3_load_28 = load i5 %l1_3_addr_28"   --->   Operation 1405 'load' 'l1_3_load_28' <Predicate = (empty_411)> <Delay = 1.02> <CoreInst = "RAM">   --->   Core 83 'RAM' <Latency = 1> <II = 1> <Delay = 1.02> <Storage> <Opcode : 'load' 'store'> <Ports = 2> <Width = 32> <Depth = 32> <RAM>
ST_125 : Operation 1406 [2/2] (1.02ns)   --->   "%l1_1_load_29 = load i5 %l1_1_addr_29"   --->   Operation 1406 'load' 'l1_1_load_29' <Predicate = (!empty_411)> <Delay = 1.02> <CoreInst = "RAM">   --->   Core 83 'RAM' <Latency = 1> <II = 1> <Delay = 1.02> <Storage> <Opcode : 'load' 'store'> <Ports = 2> <Width = 32> <Depth = 32> <RAM>
ST_125 : Operation 1407 [2/2] (1.02ns)   --->   "%l1_3_load_29 = load i5 %l1_3_addr_29"   --->   Operation 1407 'load' 'l1_3_load_29' <Predicate = (empty_411)> <Delay = 1.02> <CoreInst = "RAM">   --->   Core 83 'RAM' <Latency = 1> <II = 1> <Delay = 1.02> <Storage> <Opcode : 'load' 'store'> <Ports = 2> <Width = 32> <Depth = 32> <RAM>

State 126 <SV = 90> <Delay = 1.23>
ST_126 : Operation 1408 [1/2] (1.02ns)   --->   "%l1_1_load_28 = load i5 %l1_1_addr_28"   --->   Operation 1408 'load' 'l1_1_load_28' <Predicate = (!empty_411)> <Delay = 1.02> <CoreInst = "RAM">   --->   Core 83 'RAM' <Latency = 1> <II = 1> <Delay = 1.02> <Storage> <Opcode : 'load' 'store'> <Ports = 2> <Width = 32> <Depth = 32> <RAM>
ST_126 : Operation 1409 [1/2] (1.02ns)   --->   "%l1_3_load_28 = load i5 %l1_3_addr_28"   --->   Operation 1409 'load' 'l1_3_load_28' <Predicate = (empty_411)> <Delay = 1.02> <CoreInst = "RAM">   --->   Core 83 'RAM' <Latency = 1> <II = 1> <Delay = 1.02> <Storage> <Opcode : 'load' 'store'> <Ports = 2> <Width = 32> <Depth = 32> <RAM>
ST_126 : Operation 1410 [1/1] (0.21ns)   --->   "%tmp_61 = select i1 %empty_411, i32 %l1_3_load_28, i32 %l1_1_load_28" [src/moe.cpp:201]   --->   Operation 1410 'select' 'tmp_61' <Predicate = true> <Delay = 0.21> <CoreInst = "Sel">   --->   Core 73 'Sel' <Latency = 0> <II = 1> <Delay = 0.21> <FuncUnit> <Opcode : 'select'> <InPorts = 3> <OutPorts = 1>
ST_126 : Operation 1411 [1/2] (1.02ns)   --->   "%l1_1_load_29 = load i5 %l1_1_addr_29"   --->   Operation 1411 'load' 'l1_1_load_29' <Predicate = (!empty_411)> <Delay = 1.02> <CoreInst = "RAM">   --->   Core 83 'RAM' <Latency = 1> <II = 1> <Delay = 1.02> <Storage> <Opcode : 'load' 'store'> <Ports = 2> <Width = 32> <Depth = 32> <RAM>
ST_126 : Operation 1412 [1/2] (1.02ns)   --->   "%l1_3_load_29 = load i5 %l1_3_addr_29"   --->   Operation 1412 'load' 'l1_3_load_29' <Predicate = (empty_411)> <Delay = 1.02> <CoreInst = "RAM">   --->   Core 83 'RAM' <Latency = 1> <II = 1> <Delay = 1.02> <Storage> <Opcode : 'load' 'store'> <Ports = 2> <Width = 32> <Depth = 32> <RAM>
ST_126 : Operation 1413 [1/1] (0.21ns)   --->   "%tmp_62 = select i1 %empty_411, i32 %l1_3_load_29, i32 %l1_1_load_29" [src/moe.cpp:201]   --->   Operation 1413 'select' 'tmp_62' <Predicate = true> <Delay = 0.21> <CoreInst = "Sel">   --->   Core 73 'Sel' <Latency = 0> <II = 1> <Delay = 0.21> <FuncUnit> <Opcode : 'select'> <InPorts = 3> <OutPorts = 1>
ST_126 : Operation 1414 [2/2] (1.02ns)   --->   "%l1_1_load_30 = load i5 %l1_1_addr_30"   --->   Operation 1414 'load' 'l1_1_load_30' <Predicate = (!empty_411)> <Delay = 1.02> <CoreInst = "RAM">   --->   Core 83 'RAM' <Latency = 1> <II = 1> <Delay = 1.02> <Storage> <Opcode : 'load' 'store'> <Ports = 2> <Width = 32> <Depth = 32> <RAM>
ST_126 : Operation 1415 [2/2] (1.02ns)   --->   "%l1_3_load_30 = load i5 %l1_3_addr_30"   --->   Operation 1415 'load' 'l1_3_load_30' <Predicate = (empty_411)> <Delay = 1.02> <CoreInst = "RAM">   --->   Core 83 'RAM' <Latency = 1> <II = 1> <Delay = 1.02> <Storage> <Opcode : 'load' 'store'> <Ports = 2> <Width = 32> <Depth = 32> <RAM>
ST_126 : Operation 1416 [2/2] (1.02ns)   --->   "%l1_1_load_31 = load i5 %l1_1_addr_31"   --->   Operation 1416 'load' 'l1_1_load_31' <Predicate = (!empty_411)> <Delay = 1.02> <CoreInst = "RAM">   --->   Core 83 'RAM' <Latency = 1> <II = 1> <Delay = 1.02> <Storage> <Opcode : 'load' 'store'> <Ports = 2> <Width = 32> <Depth = 32> <RAM>
ST_126 : Operation 1417 [2/2] (1.02ns)   --->   "%l1_3_load_31 = load i5 %l1_3_addr_31"   --->   Operation 1417 'load' 'l1_3_load_31' <Predicate = (empty_411)> <Delay = 1.02> <CoreInst = "RAM">   --->   Core 83 'RAM' <Latency = 1> <II = 1> <Delay = 1.02> <Storage> <Opcode : 'load' 'store'> <Ports = 2> <Width = 32> <Depth = 32> <RAM>

State 127 <SV = 91> <Delay = 2.92>
ST_127 : Operation 1418 [1/1] (0.00ns)   --->   "%tmp_301 = bitconcatenate i9 @_ssdm_op_BitConcatenate.i9.i5.i4, i5 %add_ln228_1, i4 0" [src/moe.cpp:249]   --->   Operation 1418 'bitconcatenate' 'tmp_301' <Predicate = true> <Delay = 0.00>
ST_127 : Operation 1419 [1/2] (1.02ns)   --->   "%l1_1_load_30 = load i5 %l1_1_addr_30"   --->   Operation 1419 'load' 'l1_1_load_30' <Predicate = (!empty_411)> <Delay = 1.02> <CoreInst = "RAM">   --->   Core 83 'RAM' <Latency = 1> <II = 1> <Delay = 1.02> <Storage> <Opcode : 'load' 'store'> <Ports = 2> <Width = 32> <Depth = 32> <RAM>
ST_127 : Operation 1420 [1/2] (1.02ns)   --->   "%l1_3_load_30 = load i5 %l1_3_addr_30"   --->   Operation 1420 'load' 'l1_3_load_30' <Predicate = (empty_411)> <Delay = 1.02> <CoreInst = "RAM">   --->   Core 83 'RAM' <Latency = 1> <II = 1> <Delay = 1.02> <Storage> <Opcode : 'load' 'store'> <Ports = 2> <Width = 32> <Depth = 32> <RAM>
ST_127 : Operation 1421 [1/1] (0.21ns)   --->   "%tmp_63 = select i1 %empty_411, i32 %l1_3_load_30, i32 %l1_1_load_30" [src/moe.cpp:201]   --->   Operation 1421 'select' 'tmp_63' <Predicate = true> <Delay = 0.21> <CoreInst = "Sel">   --->   Core 73 'Sel' <Latency = 0> <II = 1> <Delay = 0.21> <FuncUnit> <Opcode : 'select'> <InPorts = 3> <OutPorts = 1>
ST_127 : Operation 1422 [1/2] (1.02ns)   --->   "%l1_1_load_31 = load i5 %l1_1_addr_31"   --->   Operation 1422 'load' 'l1_1_load_31' <Predicate = (!empty_411)> <Delay = 1.02> <CoreInst = "RAM">   --->   Core 83 'RAM' <Latency = 1> <II = 1> <Delay = 1.02> <Storage> <Opcode : 'load' 'store'> <Ports = 2> <Width = 32> <Depth = 32> <RAM>
ST_127 : Operation 1423 [1/2] (1.02ns)   --->   "%l1_3_load_31 = load i5 %l1_3_addr_31"   --->   Operation 1423 'load' 'l1_3_load_31' <Predicate = (empty_411)> <Delay = 1.02> <CoreInst = "RAM">   --->   Core 83 'RAM' <Latency = 1> <II = 1> <Delay = 1.02> <Storage> <Opcode : 'load' 'store'> <Ports = 2> <Width = 32> <Depth = 32> <RAM>
ST_127 : Operation 1424 [1/1] (0.21ns)   --->   "%tmp_64 = select i1 %empty_411, i32 %l1_3_load_31, i32 %l1_1_load_31" [src/moe.cpp:201]   --->   Operation 1424 'select' 'tmp_64' <Predicate = true> <Delay = 0.21> <CoreInst = "Sel">   --->   Core 73 'Sel' <Latency = 0> <II = 1> <Delay = 0.21> <FuncUnit> <Opcode : 'select'> <InPorts = 3> <OutPorts = 1>
ST_127 : Operation 1425 [2/2] (1.68ns)   --->   "%call_ln249 = call void @graph_moe_Pipeline_VITIS_LOOP_241_102, i9 %tmp_301, i32 %w2, i32 %b2, i32 %l2_3, i32 %l2_1, i32 %tmp_33, i32 %tmp_34, i32 %tmp_35, i32 %tmp_36, i32 %tmp_37, i32 %tmp_38, i32 %tmp_39, i32 %tmp_40, i32 %tmp_41, i32 %tmp_42, i32 %tmp_43, i32 %tmp_44, i32 %tmp_45, i32 %tmp_46, i32 %tmp_47, i32 %tmp_48, i32 %tmp_49, i32 %tmp_50, i32 %tmp_51, i32 %tmp_52, i32 %tmp_53, i32 %tmp_54, i32 %tmp_55, i32 %tmp_56, i32 %tmp_57, i32 %tmp_58, i32 %tmp_59, i32 %tmp_60, i32 %tmp_61, i32 %tmp_62, i32 %tmp_63, i32 %tmp_64, i1 %cond" [src/moe.cpp:249]   --->   Operation 1425 'call' 'call_ln249' <Predicate = true> <Delay = 1.68> <CoreType = "Generic">   --->   Core 0 '' <Latency = 0> <II = 1> <Delay = 1.00> <Generic> <Opcode : >

State 128 <SV = 92> <Delay = 0.00>
ST_128 : Operation 1426 [1/2] (0.00ns)   --->   "%call_ln249 = call void @graph_moe_Pipeline_VITIS_LOOP_241_102, i9 %tmp_301, i32 %w2, i32 %b2, i32 %l2_3, i32 %l2_1, i32 %tmp_33, i32 %tmp_34, i32 %tmp_35, i32 %tmp_36, i32 %tmp_37, i32 %tmp_38, i32 %tmp_39, i32 %tmp_40, i32 %tmp_41, i32 %tmp_42, i32 %tmp_43, i32 %tmp_44, i32 %tmp_45, i32 %tmp_46, i32 %tmp_47, i32 %tmp_48, i32 %tmp_49, i32 %tmp_50, i32 %tmp_51, i32 %tmp_52, i32 %tmp_53, i32 %tmp_54, i32 %tmp_55, i32 %tmp_56, i32 %tmp_57, i32 %tmp_58, i32 %tmp_59, i32 %tmp_60, i32 %tmp_61, i32 %tmp_62, i32 %tmp_63, i32 %tmp_64, i1 %cond" [src/moe.cpp:249]   --->   Operation 1426 'call' 'call_ln249' <Predicate = true> <Delay = 0.00> <CoreType = "Generic">   --->   Core 0 '' <Latency = 0> <II = 1> <Delay = 1.00> <Generic> <Opcode : >

State 129 <SV = 93> <Delay = 0.54>
ST_129 : Operation 1427 [2/2] (0.54ns)   --->   "%l2_1_load = load i4 %l2_1_addr"   --->   Operation 1427 'load' 'l2_1_load' <Predicate = (!empty_411)> <Delay = 0.54> <CoreInst = "RAM">   --->   Core 83 'RAM' <Latency = 1> <II = 1> <Delay = 0.54> <Storage> <Opcode : 'load' 'store'> <Ports = 2> <Width = 32> <Depth = 16> <RAM>
ST_129 : Operation 1428 [2/2] (0.54ns)   --->   "%l2_3_load = load i4 %l2_3_addr"   --->   Operation 1428 'load' 'l2_3_load' <Predicate = (empty_411)> <Delay = 0.54> <CoreInst = "RAM">   --->   Core 83 'RAM' <Latency = 1> <II = 1> <Delay = 0.54> <Storage> <Opcode : 'load' 'store'> <Ports = 2> <Width = 32> <Depth = 16> <RAM>
ST_129 : Operation 1429 [2/2] (0.54ns)   --->   "%l2_1_load_1 = load i4 %l2_1_addr_1"   --->   Operation 1429 'load' 'l2_1_load_1' <Predicate = (!empty_411)> <Delay = 0.54> <CoreInst = "RAM">   --->   Core 83 'RAM' <Latency = 1> <II = 1> <Delay = 0.54> <Storage> <Opcode : 'load' 'store'> <Ports = 2> <Width = 32> <Depth = 16> <RAM>
ST_129 : Operation 1430 [2/2] (0.54ns)   --->   "%l2_3_load_1 = load i4 %l2_3_addr_1"   --->   Operation 1430 'load' 'l2_3_load_1' <Predicate = (empty_411)> <Delay = 0.54> <CoreInst = "RAM">   --->   Core 83 'RAM' <Latency = 1> <II = 1> <Delay = 0.54> <Storage> <Opcode : 'load' 'store'> <Ports = 2> <Width = 32> <Depth = 16> <RAM>

State 130 <SV = 94> <Delay = 0.75>
ST_130 : Operation 1431 [1/2] (0.54ns)   --->   "%l2_1_load = load i4 %l2_1_addr"   --->   Operation 1431 'load' 'l2_1_load' <Predicate = (!empty_411)> <Delay = 0.54> <CoreInst = "RAM">   --->   Core 83 'RAM' <Latency = 1> <II = 1> <Delay = 0.54> <Storage> <Opcode : 'load' 'store'> <Ports = 2> <Width = 32> <Depth = 16> <RAM>
ST_130 : Operation 1432 [1/2] (0.54ns)   --->   "%l2_3_load = load i4 %l2_3_addr"   --->   Operation 1432 'load' 'l2_3_load' <Predicate = (empty_411)> <Delay = 0.54> <CoreInst = "RAM">   --->   Core 83 'RAM' <Latency = 1> <II = 1> <Delay = 0.54> <Storage> <Opcode : 'load' 'store'> <Ports = 2> <Width = 32> <Depth = 16> <RAM>
ST_130 : Operation 1433 [1/1] (0.21ns)   --->   "%tmp_83 = select i1 %empty_411, i32 %l2_3_load, i32 %l2_1_load" [src/moe.cpp:201]   --->   Operation 1433 'select' 'tmp_83' <Predicate = true> <Delay = 0.21> <CoreInst = "Sel">   --->   Core 73 'Sel' <Latency = 0> <II = 1> <Delay = 0.21> <FuncUnit> <Opcode : 'select'> <InPorts = 3> <OutPorts = 1>
ST_130 : Operation 1434 [1/2] (0.54ns)   --->   "%l2_1_load_1 = load i4 %l2_1_addr_1"   --->   Operation 1434 'load' 'l2_1_load_1' <Predicate = (!empty_411)> <Delay = 0.54> <CoreInst = "RAM">   --->   Core 83 'RAM' <Latency = 1> <II = 1> <Delay = 0.54> <Storage> <Opcode : 'load' 'store'> <Ports = 2> <Width = 32> <Depth = 16> <RAM>
ST_130 : Operation 1435 [1/2] (0.54ns)   --->   "%l2_3_load_1 = load i4 %l2_3_addr_1"   --->   Operation 1435 'load' 'l2_3_load_1' <Predicate = (empty_411)> <Delay = 0.54> <CoreInst = "RAM">   --->   Core 83 'RAM' <Latency = 1> <II = 1> <Delay = 0.54> <Storage> <Opcode : 'load' 'store'> <Ports = 2> <Width = 32> <Depth = 16> <RAM>
ST_130 : Operation 1436 [1/1] (0.21ns)   --->   "%tmp_84 = select i1 %empty_411, i32 %l2_3_load_1, i32 %l2_1_load_1" [src/moe.cpp:201]   --->   Operation 1436 'select' 'tmp_84' <Predicate = true> <Delay = 0.21> <CoreInst = "Sel">   --->   Core 73 'Sel' <Latency = 0> <II = 1> <Delay = 0.21> <FuncUnit> <Opcode : 'select'> <InPorts = 3> <OutPorts = 1>
ST_130 : Operation 1437 [2/2] (0.54ns)   --->   "%l2_1_load_2 = load i4 %l2_1_addr_2"   --->   Operation 1437 'load' 'l2_1_load_2' <Predicate = (!empty_411)> <Delay = 0.54> <CoreInst = "RAM">   --->   Core 83 'RAM' <Latency = 1> <II = 1> <Delay = 0.54> <Storage> <Opcode : 'load' 'store'> <Ports = 2> <Width = 32> <Depth = 16> <RAM>
ST_130 : Operation 1438 [2/2] (0.54ns)   --->   "%l2_3_load_2 = load i4 %l2_3_addr_2"   --->   Operation 1438 'load' 'l2_3_load_2' <Predicate = (empty_411)> <Delay = 0.54> <CoreInst = "RAM">   --->   Core 83 'RAM' <Latency = 1> <II = 1> <Delay = 0.54> <Storage> <Opcode : 'load' 'store'> <Ports = 2> <Width = 32> <Depth = 16> <RAM>
ST_130 : Operation 1439 [2/2] (0.54ns)   --->   "%l2_1_load_3 = load i4 %l2_1_addr_3"   --->   Operation 1439 'load' 'l2_1_load_3' <Predicate = (!empty_411)> <Delay = 0.54> <CoreInst = "RAM">   --->   Core 83 'RAM' <Latency = 1> <II = 1> <Delay = 0.54> <Storage> <Opcode : 'load' 'store'> <Ports = 2> <Width = 32> <Depth = 16> <RAM>
ST_130 : Operation 1440 [2/2] (0.54ns)   --->   "%l2_3_load_3 = load i4 %l2_3_addr_3"   --->   Operation 1440 'load' 'l2_3_load_3' <Predicate = (empty_411)> <Delay = 0.54> <CoreInst = "RAM">   --->   Core 83 'RAM' <Latency = 1> <II = 1> <Delay = 0.54> <Storage> <Opcode : 'load' 'store'> <Ports = 2> <Width = 32> <Depth = 16> <RAM>

State 131 <SV = 95> <Delay = 0.75>
ST_131 : Operation 1441 [1/2] (0.54ns)   --->   "%l2_1_load_2 = load i4 %l2_1_addr_2"   --->   Operation 1441 'load' 'l2_1_load_2' <Predicate = (!empty_411)> <Delay = 0.54> <CoreInst = "RAM">   --->   Core 83 'RAM' <Latency = 1> <II = 1> <Delay = 0.54> <Storage> <Opcode : 'load' 'store'> <Ports = 2> <Width = 32> <Depth = 16> <RAM>
ST_131 : Operation 1442 [1/2] (0.54ns)   --->   "%l2_3_load_2 = load i4 %l2_3_addr_2"   --->   Operation 1442 'load' 'l2_3_load_2' <Predicate = (empty_411)> <Delay = 0.54> <CoreInst = "RAM">   --->   Core 83 'RAM' <Latency = 1> <II = 1> <Delay = 0.54> <Storage> <Opcode : 'load' 'store'> <Ports = 2> <Width = 32> <Depth = 16> <RAM>
ST_131 : Operation 1443 [1/1] (0.21ns)   --->   "%tmp_85 = select i1 %empty_411, i32 %l2_3_load_2, i32 %l2_1_load_2" [src/moe.cpp:201]   --->   Operation 1443 'select' 'tmp_85' <Predicate = true> <Delay = 0.21> <CoreInst = "Sel">   --->   Core 73 'Sel' <Latency = 0> <II = 1> <Delay = 0.21> <FuncUnit> <Opcode : 'select'> <InPorts = 3> <OutPorts = 1>
ST_131 : Operation 1444 [1/2] (0.54ns)   --->   "%l2_1_load_3 = load i4 %l2_1_addr_3"   --->   Operation 1444 'load' 'l2_1_load_3' <Predicate = (!empty_411)> <Delay = 0.54> <CoreInst = "RAM">   --->   Core 83 'RAM' <Latency = 1> <II = 1> <Delay = 0.54> <Storage> <Opcode : 'load' 'store'> <Ports = 2> <Width = 32> <Depth = 16> <RAM>
ST_131 : Operation 1445 [1/2] (0.54ns)   --->   "%l2_3_load_3 = load i4 %l2_3_addr_3"   --->   Operation 1445 'load' 'l2_3_load_3' <Predicate = (empty_411)> <Delay = 0.54> <CoreInst = "RAM">   --->   Core 83 'RAM' <Latency = 1> <II = 1> <Delay = 0.54> <Storage> <Opcode : 'load' 'store'> <Ports = 2> <Width = 32> <Depth = 16> <RAM>
ST_131 : Operation 1446 [1/1] (0.21ns)   --->   "%tmp_86 = select i1 %empty_411, i32 %l2_3_load_3, i32 %l2_1_load_3" [src/moe.cpp:201]   --->   Operation 1446 'select' 'tmp_86' <Predicate = true> <Delay = 0.21> <CoreInst = "Sel">   --->   Core 73 'Sel' <Latency = 0> <II = 1> <Delay = 0.21> <FuncUnit> <Opcode : 'select'> <InPorts = 3> <OutPorts = 1>
ST_131 : Operation 1447 [2/2] (0.54ns)   --->   "%l2_1_load_4 = load i4 %l2_1_addr_4"   --->   Operation 1447 'load' 'l2_1_load_4' <Predicate = (!empty_411)> <Delay = 0.54> <CoreInst = "RAM">   --->   Core 83 'RAM' <Latency = 1> <II = 1> <Delay = 0.54> <Storage> <Opcode : 'load' 'store'> <Ports = 2> <Width = 32> <Depth = 16> <RAM>
ST_131 : Operation 1448 [2/2] (0.54ns)   --->   "%l2_3_load_4 = load i4 %l2_3_addr_4"   --->   Operation 1448 'load' 'l2_3_load_4' <Predicate = (empty_411)> <Delay = 0.54> <CoreInst = "RAM">   --->   Core 83 'RAM' <Latency = 1> <II = 1> <Delay = 0.54> <Storage> <Opcode : 'load' 'store'> <Ports = 2> <Width = 32> <Depth = 16> <RAM>
ST_131 : Operation 1449 [2/2] (0.54ns)   --->   "%l2_1_load_5 = load i4 %l2_1_addr_5"   --->   Operation 1449 'load' 'l2_1_load_5' <Predicate = (!empty_411)> <Delay = 0.54> <CoreInst = "RAM">   --->   Core 83 'RAM' <Latency = 1> <II = 1> <Delay = 0.54> <Storage> <Opcode : 'load' 'store'> <Ports = 2> <Width = 32> <Depth = 16> <RAM>
ST_131 : Operation 1450 [2/2] (0.54ns)   --->   "%l2_3_load_5 = load i4 %l2_3_addr_5"   --->   Operation 1450 'load' 'l2_3_load_5' <Predicate = (empty_411)> <Delay = 0.54> <CoreInst = "RAM">   --->   Core 83 'RAM' <Latency = 1> <II = 1> <Delay = 0.54> <Storage> <Opcode : 'load' 'store'> <Ports = 2> <Width = 32> <Depth = 16> <RAM>

State 132 <SV = 96> <Delay = 0.75>
ST_132 : Operation 1451 [1/2] (0.54ns)   --->   "%l2_1_load_4 = load i4 %l2_1_addr_4"   --->   Operation 1451 'load' 'l2_1_load_4' <Predicate = (!empty_411)> <Delay = 0.54> <CoreInst = "RAM">   --->   Core 83 'RAM' <Latency = 1> <II = 1> <Delay = 0.54> <Storage> <Opcode : 'load' 'store'> <Ports = 2> <Width = 32> <Depth = 16> <RAM>
ST_132 : Operation 1452 [1/2] (0.54ns)   --->   "%l2_3_load_4 = load i4 %l2_3_addr_4"   --->   Operation 1452 'load' 'l2_3_load_4' <Predicate = (empty_411)> <Delay = 0.54> <CoreInst = "RAM">   --->   Core 83 'RAM' <Latency = 1> <II = 1> <Delay = 0.54> <Storage> <Opcode : 'load' 'store'> <Ports = 2> <Width = 32> <Depth = 16> <RAM>
ST_132 : Operation 1453 [1/1] (0.21ns)   --->   "%tmp_87 = select i1 %empty_411, i32 %l2_3_load_4, i32 %l2_1_load_4" [src/moe.cpp:201]   --->   Operation 1453 'select' 'tmp_87' <Predicate = true> <Delay = 0.21> <CoreInst = "Sel">   --->   Core 73 'Sel' <Latency = 0> <II = 1> <Delay = 0.21> <FuncUnit> <Opcode : 'select'> <InPorts = 3> <OutPorts = 1>
ST_132 : Operation 1454 [1/2] (0.54ns)   --->   "%l2_1_load_5 = load i4 %l2_1_addr_5"   --->   Operation 1454 'load' 'l2_1_load_5' <Predicate = (!empty_411)> <Delay = 0.54> <CoreInst = "RAM">   --->   Core 83 'RAM' <Latency = 1> <II = 1> <Delay = 0.54> <Storage> <Opcode : 'load' 'store'> <Ports = 2> <Width = 32> <Depth = 16> <RAM>
ST_132 : Operation 1455 [1/2] (0.54ns)   --->   "%l2_3_load_5 = load i4 %l2_3_addr_5"   --->   Operation 1455 'load' 'l2_3_load_5' <Predicate = (empty_411)> <Delay = 0.54> <CoreInst = "RAM">   --->   Core 83 'RAM' <Latency = 1> <II = 1> <Delay = 0.54> <Storage> <Opcode : 'load' 'store'> <Ports = 2> <Width = 32> <Depth = 16> <RAM>
ST_132 : Operation 1456 [1/1] (0.21ns)   --->   "%tmp_88 = select i1 %empty_411, i32 %l2_3_load_5, i32 %l2_1_load_5" [src/moe.cpp:201]   --->   Operation 1456 'select' 'tmp_88' <Predicate = true> <Delay = 0.21> <CoreInst = "Sel">   --->   Core 73 'Sel' <Latency = 0> <II = 1> <Delay = 0.21> <FuncUnit> <Opcode : 'select'> <InPorts = 3> <OutPorts = 1>
ST_132 : Operation 1457 [2/2] (0.54ns)   --->   "%l2_1_load_6 = load i4 %l2_1_addr_6"   --->   Operation 1457 'load' 'l2_1_load_6' <Predicate = (!empty_411)> <Delay = 0.54> <CoreInst = "RAM">   --->   Core 83 'RAM' <Latency = 1> <II = 1> <Delay = 0.54> <Storage> <Opcode : 'load' 'store'> <Ports = 2> <Width = 32> <Depth = 16> <RAM>
ST_132 : Operation 1458 [2/2] (0.54ns)   --->   "%l2_3_load_6 = load i4 %l2_3_addr_6"   --->   Operation 1458 'load' 'l2_3_load_6' <Predicate = (empty_411)> <Delay = 0.54> <CoreInst = "RAM">   --->   Core 83 'RAM' <Latency = 1> <II = 1> <Delay = 0.54> <Storage> <Opcode : 'load' 'store'> <Ports = 2> <Width = 32> <Depth = 16> <RAM>
ST_132 : Operation 1459 [2/2] (0.54ns)   --->   "%l2_1_load_7 = load i4 %l2_1_addr_7"   --->   Operation 1459 'load' 'l2_1_load_7' <Predicate = (!empty_411)> <Delay = 0.54> <CoreInst = "RAM">   --->   Core 83 'RAM' <Latency = 1> <II = 1> <Delay = 0.54> <Storage> <Opcode : 'load' 'store'> <Ports = 2> <Width = 32> <Depth = 16> <RAM>
ST_132 : Operation 1460 [2/2] (0.54ns)   --->   "%l2_3_load_7 = load i4 %l2_3_addr_7"   --->   Operation 1460 'load' 'l2_3_load_7' <Predicate = (empty_411)> <Delay = 0.54> <CoreInst = "RAM">   --->   Core 83 'RAM' <Latency = 1> <II = 1> <Delay = 0.54> <Storage> <Opcode : 'load' 'store'> <Ports = 2> <Width = 32> <Depth = 16> <RAM>

State 133 <SV = 97> <Delay = 0.75>
ST_133 : Operation 1461 [1/2] (0.54ns)   --->   "%l2_1_load_6 = load i4 %l2_1_addr_6"   --->   Operation 1461 'load' 'l2_1_load_6' <Predicate = (!empty_411)> <Delay = 0.54> <CoreInst = "RAM">   --->   Core 83 'RAM' <Latency = 1> <II = 1> <Delay = 0.54> <Storage> <Opcode : 'load' 'store'> <Ports = 2> <Width = 32> <Depth = 16> <RAM>
ST_133 : Operation 1462 [1/2] (0.54ns)   --->   "%l2_3_load_6 = load i4 %l2_3_addr_6"   --->   Operation 1462 'load' 'l2_3_load_6' <Predicate = (empty_411)> <Delay = 0.54> <CoreInst = "RAM">   --->   Core 83 'RAM' <Latency = 1> <II = 1> <Delay = 0.54> <Storage> <Opcode : 'load' 'store'> <Ports = 2> <Width = 32> <Depth = 16> <RAM>
ST_133 : Operation 1463 [1/1] (0.21ns)   --->   "%tmp_89 = select i1 %empty_411, i32 %l2_3_load_6, i32 %l2_1_load_6" [src/moe.cpp:201]   --->   Operation 1463 'select' 'tmp_89' <Predicate = true> <Delay = 0.21> <CoreInst = "Sel">   --->   Core 73 'Sel' <Latency = 0> <II = 1> <Delay = 0.21> <FuncUnit> <Opcode : 'select'> <InPorts = 3> <OutPorts = 1>
ST_133 : Operation 1464 [1/2] (0.54ns)   --->   "%l2_1_load_7 = load i4 %l2_1_addr_7"   --->   Operation 1464 'load' 'l2_1_load_7' <Predicate = (!empty_411)> <Delay = 0.54> <CoreInst = "RAM">   --->   Core 83 'RAM' <Latency = 1> <II = 1> <Delay = 0.54> <Storage> <Opcode : 'load' 'store'> <Ports = 2> <Width = 32> <Depth = 16> <RAM>
ST_133 : Operation 1465 [1/2] (0.54ns)   --->   "%l2_3_load_7 = load i4 %l2_3_addr_7"   --->   Operation 1465 'load' 'l2_3_load_7' <Predicate = (empty_411)> <Delay = 0.54> <CoreInst = "RAM">   --->   Core 83 'RAM' <Latency = 1> <II = 1> <Delay = 0.54> <Storage> <Opcode : 'load' 'store'> <Ports = 2> <Width = 32> <Depth = 16> <RAM>
ST_133 : Operation 1466 [1/1] (0.21ns)   --->   "%tmp_90 = select i1 %empty_411, i32 %l2_3_load_7, i32 %l2_1_load_7" [src/moe.cpp:201]   --->   Operation 1466 'select' 'tmp_90' <Predicate = true> <Delay = 0.21> <CoreInst = "Sel">   --->   Core 73 'Sel' <Latency = 0> <II = 1> <Delay = 0.21> <FuncUnit> <Opcode : 'select'> <InPorts = 3> <OutPorts = 1>
ST_133 : Operation 1467 [2/2] (0.54ns)   --->   "%l2_1_load_8 = load i4 %l2_1_addr_8"   --->   Operation 1467 'load' 'l2_1_load_8' <Predicate = (!empty_411)> <Delay = 0.54> <CoreInst = "RAM">   --->   Core 83 'RAM' <Latency = 1> <II = 1> <Delay = 0.54> <Storage> <Opcode : 'load' 'store'> <Ports = 2> <Width = 32> <Depth = 16> <RAM>
ST_133 : Operation 1468 [2/2] (0.54ns)   --->   "%l2_3_load_8 = load i4 %l2_3_addr_8"   --->   Operation 1468 'load' 'l2_3_load_8' <Predicate = (empty_411)> <Delay = 0.54> <CoreInst = "RAM">   --->   Core 83 'RAM' <Latency = 1> <II = 1> <Delay = 0.54> <Storage> <Opcode : 'load' 'store'> <Ports = 2> <Width = 32> <Depth = 16> <RAM>
ST_133 : Operation 1469 [2/2] (0.54ns)   --->   "%l2_1_load_9 = load i4 %l2_1_addr_9"   --->   Operation 1469 'load' 'l2_1_load_9' <Predicate = (!empty_411)> <Delay = 0.54> <CoreInst = "RAM">   --->   Core 83 'RAM' <Latency = 1> <II = 1> <Delay = 0.54> <Storage> <Opcode : 'load' 'store'> <Ports = 2> <Width = 32> <Depth = 16> <RAM>
ST_133 : Operation 1470 [2/2] (0.54ns)   --->   "%l2_3_load_9 = load i4 %l2_3_addr_9"   --->   Operation 1470 'load' 'l2_3_load_9' <Predicate = (empty_411)> <Delay = 0.54> <CoreInst = "RAM">   --->   Core 83 'RAM' <Latency = 1> <II = 1> <Delay = 0.54> <Storage> <Opcode : 'load' 'store'> <Ports = 2> <Width = 32> <Depth = 16> <RAM>

State 134 <SV = 98> <Delay = 0.75>
ST_134 : Operation 1471 [1/2] (0.54ns)   --->   "%l2_1_load_8 = load i4 %l2_1_addr_8"   --->   Operation 1471 'load' 'l2_1_load_8' <Predicate = (!empty_411)> <Delay = 0.54> <CoreInst = "RAM">   --->   Core 83 'RAM' <Latency = 1> <II = 1> <Delay = 0.54> <Storage> <Opcode : 'load' 'store'> <Ports = 2> <Width = 32> <Depth = 16> <RAM>
ST_134 : Operation 1472 [1/2] (0.54ns)   --->   "%l2_3_load_8 = load i4 %l2_3_addr_8"   --->   Operation 1472 'load' 'l2_3_load_8' <Predicate = (empty_411)> <Delay = 0.54> <CoreInst = "RAM">   --->   Core 83 'RAM' <Latency = 1> <II = 1> <Delay = 0.54> <Storage> <Opcode : 'load' 'store'> <Ports = 2> <Width = 32> <Depth = 16> <RAM>
ST_134 : Operation 1473 [1/1] (0.21ns)   --->   "%tmp_91 = select i1 %empty_411, i32 %l2_3_load_8, i32 %l2_1_load_8" [src/moe.cpp:201]   --->   Operation 1473 'select' 'tmp_91' <Predicate = true> <Delay = 0.21> <CoreInst = "Sel">   --->   Core 73 'Sel' <Latency = 0> <II = 1> <Delay = 0.21> <FuncUnit> <Opcode : 'select'> <InPorts = 3> <OutPorts = 1>
ST_134 : Operation 1474 [1/2] (0.54ns)   --->   "%l2_1_load_9 = load i4 %l2_1_addr_9"   --->   Operation 1474 'load' 'l2_1_load_9' <Predicate = (!empty_411)> <Delay = 0.54> <CoreInst = "RAM">   --->   Core 83 'RAM' <Latency = 1> <II = 1> <Delay = 0.54> <Storage> <Opcode : 'load' 'store'> <Ports = 2> <Width = 32> <Depth = 16> <RAM>
ST_134 : Operation 1475 [1/2] (0.54ns)   --->   "%l2_3_load_9 = load i4 %l2_3_addr_9"   --->   Operation 1475 'load' 'l2_3_load_9' <Predicate = (empty_411)> <Delay = 0.54> <CoreInst = "RAM">   --->   Core 83 'RAM' <Latency = 1> <II = 1> <Delay = 0.54> <Storage> <Opcode : 'load' 'store'> <Ports = 2> <Width = 32> <Depth = 16> <RAM>
ST_134 : Operation 1476 [1/1] (0.21ns)   --->   "%tmp_92 = select i1 %empty_411, i32 %l2_3_load_9, i32 %l2_1_load_9" [src/moe.cpp:201]   --->   Operation 1476 'select' 'tmp_92' <Predicate = true> <Delay = 0.21> <CoreInst = "Sel">   --->   Core 73 'Sel' <Latency = 0> <II = 1> <Delay = 0.21> <FuncUnit> <Opcode : 'select'> <InPorts = 3> <OutPorts = 1>
ST_134 : Operation 1477 [2/2] (0.54ns)   --->   "%l2_1_load_10 = load i4 %l2_1_addr_10"   --->   Operation 1477 'load' 'l2_1_load_10' <Predicate = (!empty_411)> <Delay = 0.54> <CoreInst = "RAM">   --->   Core 83 'RAM' <Latency = 1> <II = 1> <Delay = 0.54> <Storage> <Opcode : 'load' 'store'> <Ports = 2> <Width = 32> <Depth = 16> <RAM>
ST_134 : Operation 1478 [2/2] (0.54ns)   --->   "%l2_3_load_10 = load i4 %l2_3_addr_10"   --->   Operation 1478 'load' 'l2_3_load_10' <Predicate = (empty_411)> <Delay = 0.54> <CoreInst = "RAM">   --->   Core 83 'RAM' <Latency = 1> <II = 1> <Delay = 0.54> <Storage> <Opcode : 'load' 'store'> <Ports = 2> <Width = 32> <Depth = 16> <RAM>
ST_134 : Operation 1479 [2/2] (0.54ns)   --->   "%l2_1_load_11 = load i4 %l2_1_addr_11"   --->   Operation 1479 'load' 'l2_1_load_11' <Predicate = (!empty_411)> <Delay = 0.54> <CoreInst = "RAM">   --->   Core 83 'RAM' <Latency = 1> <II = 1> <Delay = 0.54> <Storage> <Opcode : 'load' 'store'> <Ports = 2> <Width = 32> <Depth = 16> <RAM>
ST_134 : Operation 1480 [2/2] (0.54ns)   --->   "%l2_3_load_11 = load i4 %l2_3_addr_11"   --->   Operation 1480 'load' 'l2_3_load_11' <Predicate = (empty_411)> <Delay = 0.54> <CoreInst = "RAM">   --->   Core 83 'RAM' <Latency = 1> <II = 1> <Delay = 0.54> <Storage> <Opcode : 'load' 'store'> <Ports = 2> <Width = 32> <Depth = 16> <RAM>

State 135 <SV = 99> <Delay = 0.75>
ST_135 : Operation 1481 [1/2] (0.54ns)   --->   "%l2_1_load_10 = load i4 %l2_1_addr_10"   --->   Operation 1481 'load' 'l2_1_load_10' <Predicate = (!empty_411)> <Delay = 0.54> <CoreInst = "RAM">   --->   Core 83 'RAM' <Latency = 1> <II = 1> <Delay = 0.54> <Storage> <Opcode : 'load' 'store'> <Ports = 2> <Width = 32> <Depth = 16> <RAM>
ST_135 : Operation 1482 [1/2] (0.54ns)   --->   "%l2_3_load_10 = load i4 %l2_3_addr_10"   --->   Operation 1482 'load' 'l2_3_load_10' <Predicate = (empty_411)> <Delay = 0.54> <CoreInst = "RAM">   --->   Core 83 'RAM' <Latency = 1> <II = 1> <Delay = 0.54> <Storage> <Opcode : 'load' 'store'> <Ports = 2> <Width = 32> <Depth = 16> <RAM>
ST_135 : Operation 1483 [1/1] (0.21ns)   --->   "%tmp_93 = select i1 %empty_411, i32 %l2_3_load_10, i32 %l2_1_load_10" [src/moe.cpp:201]   --->   Operation 1483 'select' 'tmp_93' <Predicate = true> <Delay = 0.21> <CoreInst = "Sel">   --->   Core 73 'Sel' <Latency = 0> <II = 1> <Delay = 0.21> <FuncUnit> <Opcode : 'select'> <InPorts = 3> <OutPorts = 1>
ST_135 : Operation 1484 [1/2] (0.54ns)   --->   "%l2_1_load_11 = load i4 %l2_1_addr_11"   --->   Operation 1484 'load' 'l2_1_load_11' <Predicate = (!empty_411)> <Delay = 0.54> <CoreInst = "RAM">   --->   Core 83 'RAM' <Latency = 1> <II = 1> <Delay = 0.54> <Storage> <Opcode : 'load' 'store'> <Ports = 2> <Width = 32> <Depth = 16> <RAM>
ST_135 : Operation 1485 [1/2] (0.54ns)   --->   "%l2_3_load_11 = load i4 %l2_3_addr_11"   --->   Operation 1485 'load' 'l2_3_load_11' <Predicate = (empty_411)> <Delay = 0.54> <CoreInst = "RAM">   --->   Core 83 'RAM' <Latency = 1> <II = 1> <Delay = 0.54> <Storage> <Opcode : 'load' 'store'> <Ports = 2> <Width = 32> <Depth = 16> <RAM>
ST_135 : Operation 1486 [1/1] (0.21ns)   --->   "%tmp_94 = select i1 %empty_411, i32 %l2_3_load_11, i32 %l2_1_load_11" [src/moe.cpp:201]   --->   Operation 1486 'select' 'tmp_94' <Predicate = true> <Delay = 0.21> <CoreInst = "Sel">   --->   Core 73 'Sel' <Latency = 0> <II = 1> <Delay = 0.21> <FuncUnit> <Opcode : 'select'> <InPorts = 3> <OutPorts = 1>
ST_135 : Operation 1487 [2/2] (0.54ns)   --->   "%l2_1_load_12 = load i4 %l2_1_addr_12"   --->   Operation 1487 'load' 'l2_1_load_12' <Predicate = (!empty_411)> <Delay = 0.54> <CoreInst = "RAM">   --->   Core 83 'RAM' <Latency = 1> <II = 1> <Delay = 0.54> <Storage> <Opcode : 'load' 'store'> <Ports = 2> <Width = 32> <Depth = 16> <RAM>
ST_135 : Operation 1488 [2/2] (0.54ns)   --->   "%l2_3_load_12 = load i4 %l2_3_addr_12"   --->   Operation 1488 'load' 'l2_3_load_12' <Predicate = (empty_411)> <Delay = 0.54> <CoreInst = "RAM">   --->   Core 83 'RAM' <Latency = 1> <II = 1> <Delay = 0.54> <Storage> <Opcode : 'load' 'store'> <Ports = 2> <Width = 32> <Depth = 16> <RAM>
ST_135 : Operation 1489 [2/2] (0.54ns)   --->   "%l2_1_load_13 = load i4 %l2_1_addr_13"   --->   Operation 1489 'load' 'l2_1_load_13' <Predicate = (!empty_411)> <Delay = 0.54> <CoreInst = "RAM">   --->   Core 83 'RAM' <Latency = 1> <II = 1> <Delay = 0.54> <Storage> <Opcode : 'load' 'store'> <Ports = 2> <Width = 32> <Depth = 16> <RAM>
ST_135 : Operation 1490 [2/2] (0.54ns)   --->   "%l2_3_load_13 = load i4 %l2_3_addr_13"   --->   Operation 1490 'load' 'l2_3_load_13' <Predicate = (empty_411)> <Delay = 0.54> <CoreInst = "RAM">   --->   Core 83 'RAM' <Latency = 1> <II = 1> <Delay = 0.54> <Storage> <Opcode : 'load' 'store'> <Ports = 2> <Width = 32> <Depth = 16> <RAM>

State 136 <SV = 100> <Delay = 0.75>
ST_136 : Operation 1491 [1/2] (0.54ns)   --->   "%l2_1_load_12 = load i4 %l2_1_addr_12"   --->   Operation 1491 'load' 'l2_1_load_12' <Predicate = (!empty_411)> <Delay = 0.54> <CoreInst = "RAM">   --->   Core 83 'RAM' <Latency = 1> <II = 1> <Delay = 0.54> <Storage> <Opcode : 'load' 'store'> <Ports = 2> <Width = 32> <Depth = 16> <RAM>
ST_136 : Operation 1492 [1/2] (0.54ns)   --->   "%l2_3_load_12 = load i4 %l2_3_addr_12"   --->   Operation 1492 'load' 'l2_3_load_12' <Predicate = (empty_411)> <Delay = 0.54> <CoreInst = "RAM">   --->   Core 83 'RAM' <Latency = 1> <II = 1> <Delay = 0.54> <Storage> <Opcode : 'load' 'store'> <Ports = 2> <Width = 32> <Depth = 16> <RAM>
ST_136 : Operation 1493 [1/1] (0.21ns)   --->   "%tmp_95 = select i1 %empty_411, i32 %l2_3_load_12, i32 %l2_1_load_12" [src/moe.cpp:201]   --->   Operation 1493 'select' 'tmp_95' <Predicate = true> <Delay = 0.21> <CoreInst = "Sel">   --->   Core 73 'Sel' <Latency = 0> <II = 1> <Delay = 0.21> <FuncUnit> <Opcode : 'select'> <InPorts = 3> <OutPorts = 1>
ST_136 : Operation 1494 [1/2] (0.54ns)   --->   "%l2_1_load_13 = load i4 %l2_1_addr_13"   --->   Operation 1494 'load' 'l2_1_load_13' <Predicate = (!empty_411)> <Delay = 0.54> <CoreInst = "RAM">   --->   Core 83 'RAM' <Latency = 1> <II = 1> <Delay = 0.54> <Storage> <Opcode : 'load' 'store'> <Ports = 2> <Width = 32> <Depth = 16> <RAM>
ST_136 : Operation 1495 [1/2] (0.54ns)   --->   "%l2_3_load_13 = load i4 %l2_3_addr_13"   --->   Operation 1495 'load' 'l2_3_load_13' <Predicate = (empty_411)> <Delay = 0.54> <CoreInst = "RAM">   --->   Core 83 'RAM' <Latency = 1> <II = 1> <Delay = 0.54> <Storage> <Opcode : 'load' 'store'> <Ports = 2> <Width = 32> <Depth = 16> <RAM>
ST_136 : Operation 1496 [1/1] (0.21ns)   --->   "%tmp_96 = select i1 %empty_411, i32 %l2_3_load_13, i32 %l2_1_load_13" [src/moe.cpp:201]   --->   Operation 1496 'select' 'tmp_96' <Predicate = true> <Delay = 0.21> <CoreInst = "Sel">   --->   Core 73 'Sel' <Latency = 0> <II = 1> <Delay = 0.21> <FuncUnit> <Opcode : 'select'> <InPorts = 3> <OutPorts = 1>
ST_136 : Operation 1497 [2/2] (0.54ns)   --->   "%l2_1_load_14 = load i4 %l2_1_addr_14"   --->   Operation 1497 'load' 'l2_1_load_14' <Predicate = (!empty_411)> <Delay = 0.54> <CoreInst = "RAM">   --->   Core 83 'RAM' <Latency = 1> <II = 1> <Delay = 0.54> <Storage> <Opcode : 'load' 'store'> <Ports = 2> <Width = 32> <Depth = 16> <RAM>
ST_136 : Operation 1498 [2/2] (0.54ns)   --->   "%l2_3_load_14 = load i4 %l2_3_addr_14"   --->   Operation 1498 'load' 'l2_3_load_14' <Predicate = (empty_411)> <Delay = 0.54> <CoreInst = "RAM">   --->   Core 83 'RAM' <Latency = 1> <II = 1> <Delay = 0.54> <Storage> <Opcode : 'load' 'store'> <Ports = 2> <Width = 32> <Depth = 16> <RAM>
ST_136 : Operation 1499 [2/2] (0.54ns)   --->   "%l2_1_load_15 = load i4 %l2_1_addr_15"   --->   Operation 1499 'load' 'l2_1_load_15' <Predicate = (!empty_411)> <Delay = 0.54> <CoreInst = "RAM">   --->   Core 83 'RAM' <Latency = 1> <II = 1> <Delay = 0.54> <Storage> <Opcode : 'load' 'store'> <Ports = 2> <Width = 32> <Depth = 16> <RAM>
ST_136 : Operation 1500 [2/2] (0.54ns)   --->   "%l2_3_load_15 = load i4 %l2_3_addr_15"   --->   Operation 1500 'load' 'l2_3_load_15' <Predicate = (empty_411)> <Delay = 0.54> <CoreInst = "RAM">   --->   Core 83 'RAM' <Latency = 1> <II = 1> <Delay = 0.54> <Storage> <Opcode : 'load' 'store'> <Ports = 2> <Width = 32> <Depth = 16> <RAM>

State 137 <SV = 101> <Delay = 2.43>
ST_137 : Operation 1501 [1/1] (0.00ns)   --->   "%tmp_302 = bitconcatenate i8 @_ssdm_op_BitConcatenate.i8.i5.i3, i5 %add_ln228_1, i3 0" [src/moe.cpp:270]   --->   Operation 1501 'bitconcatenate' 'tmp_302' <Predicate = true> <Delay = 0.00>
ST_137 : Operation 1502 [1/2] (0.54ns)   --->   "%l2_1_load_14 = load i4 %l2_1_addr_14"   --->   Operation 1502 'load' 'l2_1_load_14' <Predicate = (!empty_411)> <Delay = 0.54> <CoreInst = "RAM">   --->   Core 83 'RAM' <Latency = 1> <II = 1> <Delay = 0.54> <Storage> <Opcode : 'load' 'store'> <Ports = 2> <Width = 32> <Depth = 16> <RAM>
ST_137 : Operation 1503 [1/2] (0.54ns)   --->   "%l2_3_load_14 = load i4 %l2_3_addr_14"   --->   Operation 1503 'load' 'l2_3_load_14' <Predicate = (empty_411)> <Delay = 0.54> <CoreInst = "RAM">   --->   Core 83 'RAM' <Latency = 1> <II = 1> <Delay = 0.54> <Storage> <Opcode : 'load' 'store'> <Ports = 2> <Width = 32> <Depth = 16> <RAM>
ST_137 : Operation 1504 [1/1] (0.21ns)   --->   "%tmp_97 = select i1 %empty_411, i32 %l2_3_load_14, i32 %l2_1_load_14" [src/moe.cpp:201]   --->   Operation 1504 'select' 'tmp_97' <Predicate = true> <Delay = 0.21> <CoreInst = "Sel">   --->   Core 73 'Sel' <Latency = 0> <II = 1> <Delay = 0.21> <FuncUnit> <Opcode : 'select'> <InPorts = 3> <OutPorts = 1>
ST_137 : Operation 1505 [1/2] (0.54ns)   --->   "%l2_1_load_15 = load i4 %l2_1_addr_15"   --->   Operation 1505 'load' 'l2_1_load_15' <Predicate = (!empty_411)> <Delay = 0.54> <CoreInst = "RAM">   --->   Core 83 'RAM' <Latency = 1> <II = 1> <Delay = 0.54> <Storage> <Opcode : 'load' 'store'> <Ports = 2> <Width = 32> <Depth = 16> <RAM>
ST_137 : Operation 1506 [1/2] (0.54ns)   --->   "%l2_3_load_15 = load i4 %l2_3_addr_15"   --->   Operation 1506 'load' 'l2_3_load_15' <Predicate = (empty_411)> <Delay = 0.54> <CoreInst = "RAM">   --->   Core 83 'RAM' <Latency = 1> <II = 1> <Delay = 0.54> <Storage> <Opcode : 'load' 'store'> <Ports = 2> <Width = 32> <Depth = 16> <RAM>
ST_137 : Operation 1507 [1/1] (0.21ns)   --->   "%tmp_98 = select i1 %empty_411, i32 %l2_3_load_15, i32 %l2_1_load_15" [src/moe.cpp:201]   --->   Operation 1507 'select' 'tmp_98' <Predicate = true> <Delay = 0.21> <CoreInst = "Sel">   --->   Core 73 'Sel' <Latency = 0> <II = 1> <Delay = 0.21> <FuncUnit> <Opcode : 'select'> <InPorts = 3> <OutPorts = 1>
ST_137 : Operation 1508 [2/2] (1.67ns)   --->   "%call_ln270 = call void @graph_moe_Pipeline_VITIS_LOOP_262_123, i8 %tmp_302, i32 %w3, i32 %b3, i32 %l3_3, i32 %l3_1, i32 %tmp_83, i32 %tmp_84, i32 %tmp_85, i32 %tmp_86, i32 %tmp_87, i32 %tmp_88, i32 %tmp_89, i32 %tmp_90, i32 %tmp_91, i32 %tmp_92, i32 %tmp_93, i32 %tmp_94, i32 %tmp_95, i32 %tmp_96, i32 %tmp_97, i32 %tmp_98, i1 %cond" [src/moe.cpp:270]   --->   Operation 1508 'call' 'call_ln270' <Predicate = true> <Delay = 1.67> <CoreType = "Generic">   --->   Core 0 '' <Latency = 0> <II = 1> <Delay = 1.00> <Generic> <Opcode : >

State 138 <SV = 102> <Delay = 0.54>
ST_138 : Operation 1509 [1/1] (0.00ns)   --->   "%zext_ln228_261 = zext i5 %add_ln228_1" [src/moe.cpp:228]   --->   Operation 1509 'zext' 'zext_ln228_261' <Predicate = true> <Delay = 0.00>
ST_138 : Operation 1510 [1/1] (0.00ns)   --->   "%b4_addr_1 = getelementptr i32 %b4, i64 0, i64 %zext_ln228_261" [src/moe.cpp:285]   --->   Operation 1510 'getelementptr' 'b4_addr_1' <Predicate = true> <Delay = 0.00>
ST_138 : Operation 1511 [1/2] (0.00ns)   --->   "%call_ln270 = call void @graph_moe_Pipeline_VITIS_LOOP_262_123, i8 %tmp_302, i32 %w3, i32 %b3, i32 %l3_3, i32 %l3_1, i32 %tmp_83, i32 %tmp_84, i32 %tmp_85, i32 %tmp_86, i32 %tmp_87, i32 %tmp_88, i32 %tmp_89, i32 %tmp_90, i32 %tmp_91, i32 %tmp_92, i32 %tmp_93, i32 %tmp_94, i32 %tmp_95, i32 %tmp_96, i32 %tmp_97, i32 %tmp_98, i1 %cond" [src/moe.cpp:270]   --->   Operation 1511 'call' 'call_ln270' <Predicate = true> <Delay = 0.00> <CoreType = "Generic">   --->   Core 0 '' <Latency = 0> <II = 1> <Delay = 1.00> <Generic> <Opcode : >
ST_138 : Operation 1512 [2/2] (0.54ns)   --->   "%b4_load_1 = load i5 %b4_addr_1" [src/moe.cpp:285]   --->   Operation 1512 'load' 'b4_load_1' <Predicate = true> <Delay = 0.54> <CoreInst = "RAM">   --->   Core 83 'RAM' <Latency = 1> <II = 1> <Delay = 0.54> <Storage> <Opcode : 'load' 'store'> <Ports = 2> <Width = 32> <Depth = 20> <RAM>

State 139 <SV = 103> <Delay = 2.21>
ST_139 : Operation 1513 [1/2] (0.54ns)   --->   "%b4_load_1 = load i5 %b4_addr_1" [src/moe.cpp:285]   --->   Operation 1513 'load' 'b4_load_1' <Predicate = true> <Delay = 0.54> <CoreInst = "RAM">   --->   Core 83 'RAM' <Latency = 1> <II = 1> <Delay = 0.54> <Storage> <Opcode : 'load' 'store'> <Ports = 2> <Width = 32> <Depth = 20> <RAM>
ST_139 : Operation 1514 [1/1] (0.00ns)   --->   "%result_4 = bitcast i32 %b4_load_1" [src/moe.cpp:285]   --->   Operation 1514 'bitcast' 'result_4' <Predicate = true> <Delay = 0.00>
ST_139 : Operation 1515 [2/2] (1.67ns)   --->   "%call_ln285 = call void @graph_moe_Pipeline_VITIS_LOOP_287_144, i32 %result_4, i8 %tmp_302, i32 %w4, i32 %l3_1, i32 %l3_3, i1 %empty_411, i32 %result_4_loc" [src/moe.cpp:285]   --->   Operation 1515 'call' 'call_ln285' <Predicate = true> <Delay = 1.67> <CoreType = "Generic">   --->   Core 0 '' <Latency = 0> <II = 1> <Delay = 1.00> <Generic> <Opcode : >

State 140 <SV = 104> <Delay = 0.00>
ST_140 : Operation 1516 [1/2] (0.00ns)   --->   "%call_ln285 = call void @graph_moe_Pipeline_VITIS_LOOP_287_144, i32 %result_4, i8 %tmp_302, i32 %w4, i32 %l3_1, i32 %l3_3, i1 %empty_411, i32 %result_4_loc" [src/moe.cpp:285]   --->   Operation 1516 'call' 'call_ln285' <Predicate = true> <Delay = 0.00> <CoreType = "Generic">   --->   Core 0 '' <Latency = 0> <II = 1> <Delay = 1.00> <Generic> <Opcode : >

State 141 <SV = 105> <Delay = 0.54>
ST_141 : Operation 1517 [1/1] (0.00ns)   --->   "%zext_ln210_2 = zext i3 %obj_2" [src/moe.cpp:210]   --->   Operation 1517 'zext' 'zext_ln210_2' <Predicate = true> <Delay = 0.00>
ST_141 : Operation 1518 [1/1] (0.00ns)   --->   "%speclooptripcount_ln210 = speclooptripcount void @_ssdm_op_SpecLoopTripCount, i64 5, i64 5, i64 5" [src/moe.cpp:210]   --->   Operation 1518 'speclooptripcount' 'speclooptripcount_ln210' <Predicate = true> <Delay = 0.00>
ST_141 : Operation 1519 [1/1] (0.00ns)   --->   "%specloopname_ln210 = specloopname void @_ssdm_op_SpecLoopName, void @empty_13" [src/moe.cpp:210]   --->   Operation 1519 'specloopname' 'specloopname_ln210' <Predicate = true> <Delay = 0.00>
ST_141 : Operation 1520 [1/1] (0.00ns)   --->   "%result_4_loc_load = load i32 %result_4_loc"   --->   Operation 1520 'load' 'result_4_loc_load' <Predicate = true> <Delay = 0.00>
ST_141 : Operation 1521 [1/1] (0.00ns)   --->   "%expert_output_1_addr = getelementptr i32 %expert_output_1, i64 0, i64 %zext_ln210_2" [src/moe.cpp:294]   --->   Operation 1521 'getelementptr' 'expert_output_1_addr' <Predicate = true> <Delay = 0.00>
ST_141 : Operation 1522 [1/1] (0.00ns)   --->   "%expert_output_3_addr = getelementptr i32 %expert_output_3, i64 0, i64 %zext_ln210_2" [src/moe.cpp:294]   --->   Operation 1522 'getelementptr' 'expert_output_3_addr' <Predicate = true> <Delay = 0.00>
ST_141 : Operation 1523 [1/1] (0.00ns)   --->   "%br_ln294 = br i1 %cond, void %arrayidx2184.1.case.3, void %arrayidx2184.1.case.1" [src/moe.cpp:294]   --->   Operation 1523 'br' 'br_ln294' <Predicate = true> <Delay = 0.00>
ST_141 : Operation 1524 [1/1] (0.54ns)   --->   "%store_ln294 = store i32 %result_4_loc_load, i3 %expert_output_3_addr" [src/moe.cpp:294]   --->   Operation 1524 'store' 'store_ln294' <Predicate = (!cond)> <Delay = 0.54> <CoreInst = "RAM">   --->   Core 83 'RAM' <Latency = 1> <II = 1> <Delay = 0.54> <Storage> <Opcode : 'load' 'store'> <Ports = 2> <Width = 32> <Depth = 5> <RAM>
ST_141 : Operation 1525 [1/1] (0.00ns)   --->   "%br_ln294 = br void %arrayidx2184.1.exit" [src/moe.cpp:294]   --->   Operation 1525 'br' 'br_ln294' <Predicate = (!cond)> <Delay = 0.00>
ST_141 : Operation 1526 [1/1] (0.54ns)   --->   "%store_ln294 = store i32 %result_4_loc_load, i3 %expert_output_1_addr" [src/moe.cpp:294]   --->   Operation 1526 'store' 'store_ln294' <Predicate = (cond)> <Delay = 0.54> <CoreInst = "RAM">   --->   Core 83 'RAM' <Latency = 1> <II = 1> <Delay = 0.54> <Storage> <Opcode : 'load' 'store'> <Ports = 2> <Width = 32> <Depth = 5> <RAM>
ST_141 : Operation 1527 [1/1] (0.00ns)   --->   "%br_ln294 = br void %arrayidx2184.1.exit" [src/moe.cpp:294]   --->   Operation 1527 'br' 'br_ln294' <Predicate = (cond)> <Delay = 0.00>
ST_141 : Operation 1528 [1/1] (0.00ns)   --->   "%br_ln210 = br void %VITIS_LOOP_220_8.1" [src/moe.cpp:210]   --->   Operation 1528 'br' 'br_ln210' <Predicate = true> <Delay = 0.00>

State 142 <SV = 8> <Delay = 0.54>
ST_142 : Operation 1529 [1/2] (0.54ns)   --->   "%gates_load = load i2 %gates_addr"   --->   Operation 1529 'load' 'gates_load' <Predicate = true> <Delay = 0.54> <CoreInst = "RAM">   --->   Core 83 'RAM' <Latency = 1> <II = 1> <Delay = 0.54> <Storage> <Opcode : 'load' 'store'> <Ports = 2> <Width = 32> <Depth = 4> <RAM>
ST_142 : Operation 1530 [1/2] (0.54ns)   --->   "%gates_load_1 = load i2 %gates_addr_1"   --->   Operation 1530 'load' 'gates_load_1' <Predicate = true> <Delay = 0.54> <CoreInst = "RAM">   --->   Core 83 'RAM' <Latency = 1> <II = 1> <Delay = 0.54> <Storage> <Opcode : 'load' 'store'> <Ports = 2> <Width = 32> <Depth = 4> <RAM>
ST_142 : Operation 1531 [1/1] (0.00ns)   --->   "%gates_addr_2 = getelementptr i32 %gates, i64 0, i64 2"   --->   Operation 1531 'getelementptr' 'gates_addr_2' <Predicate = true> <Delay = 0.00>
ST_142 : Operation 1532 [2/2] (0.54ns)   --->   "%gates_load_2 = load i2 %gates_addr_2"   --->   Operation 1532 'load' 'gates_load_2' <Predicate = true> <Delay = 0.54> <CoreInst = "RAM">   --->   Core 83 'RAM' <Latency = 1> <II = 1> <Delay = 0.54> <Storage> <Opcode : 'load' 'store'> <Ports = 2> <Width = 32> <Depth = 4> <RAM>
ST_142 : Operation 1533 [1/1] (0.00ns)   --->   "%gates_addr_3 = getelementptr i32 %gates, i64 0, i64 3"   --->   Operation 1533 'getelementptr' 'gates_addr_3' <Predicate = true> <Delay = 0.00>
ST_142 : Operation 1534 [2/2] (0.54ns)   --->   "%gates_load_3 = load i2 %gates_addr_3"   --->   Operation 1534 'load' 'gates_load_3' <Predicate = true> <Delay = 0.54> <CoreInst = "RAM">   --->   Core 83 'RAM' <Latency = 1> <II = 1> <Delay = 0.54> <Storage> <Opcode : 'load' 'store'> <Ports = 2> <Width = 32> <Depth = 4> <RAM>

State 143 <SV = 9> <Delay = 0.54>
ST_143 : Operation 1535 [1/1] (0.00ns)   --->   "%empty_412 = bitcast i32 %gates_load"   --->   Operation 1535 'bitcast' 'empty_412' <Predicate = true> <Delay = 0.00>
ST_143 : Operation 1536 [1/1] (0.00ns)   --->   "%empty_413 = bitcast i32 %gates_load_1"   --->   Operation 1536 'bitcast' 'empty_413' <Predicate = true> <Delay = 0.00>
ST_143 : Operation 1537 [1/2] (0.54ns)   --->   "%gates_load_2 = load i2 %gates_addr_2"   --->   Operation 1537 'load' 'gates_load_2' <Predicate = true> <Delay = 0.54> <CoreInst = "RAM">   --->   Core 83 'RAM' <Latency = 1> <II = 1> <Delay = 0.54> <Storage> <Opcode : 'load' 'store'> <Ports = 2> <Width = 32> <Depth = 4> <RAM>
ST_143 : Operation 1538 [1/1] (0.00ns)   --->   "%empty_414 = bitcast i32 %gates_load_2"   --->   Operation 1538 'bitcast' 'empty_414' <Predicate = true> <Delay = 0.00>
ST_143 : Operation 1539 [1/2] (0.54ns)   --->   "%gates_load_3 = load i2 %gates_addr_3"   --->   Operation 1539 'load' 'gates_load_3' <Predicate = true> <Delay = 0.54> <CoreInst = "RAM">   --->   Core 83 'RAM' <Latency = 1> <II = 1> <Delay = 0.54> <Storage> <Opcode : 'load' 'store'> <Ports = 2> <Width = 32> <Depth = 4> <RAM>
ST_143 : Operation 1540 [1/1] (0.00ns)   --->   "%empty_415 = bitcast i32 %gates_load_3"   --->   Operation 1540 'bitcast' 'empty_415' <Predicate = true> <Delay = 0.00>
ST_143 : Operation 1541 [2/2] (0.00ns)   --->   "%call_ln0 = call void @graph_moe_Pipeline_VITIS_LOOP_312_15, i32 %expert_output, i32 %expert_output_1, i32 %expert_output_2, i32 %expert_output_3, i32 %empty_412, i32 %empty_413, i32 %empty_414, i32 %empty_415, i32 %output_r"   --->   Operation 1541 'call' 'call_ln0' <Predicate = true> <Delay = 0.00> <CoreType = "Generic">   --->   Core 0 '' <Latency = 0> <II = 1> <Delay = 1.00> <Generic> <Opcode : >

State 144 <SV = 10> <Delay = 0.00>
ST_144 : Operation 1542 [1/2] (0.00ns)   --->   "%call_ln0 = call void @graph_moe_Pipeline_VITIS_LOOP_312_15, i32 %expert_output, i32 %expert_output_1, i32 %expert_output_2, i32 %expert_output_3, i32 %empty_412, i32 %empty_413, i32 %empty_414, i32 %empty_415, i32 %output_r"   --->   Operation 1542 'call' 'call_ln0' <Predicate = true> <Delay = 0.00> <CoreType = "Generic">   --->   Core 0 '' <Latency = 0> <II = 1> <Delay = 1.00> <Generic> <Opcode : >
ST_144 : Operation 1543 [1/1] (0.00ns)   --->   "%ret_ln325 = ret" [src/moe.cpp:325]   --->   Operation 1543 'ret' 'ret_ln325' <Predicate = true> <Delay = 0.00>


============================================================
+ Verbose Summary: Timing violations
============================================================
Target clock period: 10.000ns, clock uncertainty: 2.700ns.

 <State 1>: 0.362ns
The critical path consists of the following:
	'alloca' operation 3 bit ('e', src/moe.cpp:61) [14]  (0.000 ns)
	'store' operation 0 bit ('store_ln61', src/moe.cpp:61) of constant 0 on local variable 'e', src/moe.cpp:61 [72]  (0.362 ns)

 <State 2>: 0.886ns
The critical path consists of the following:
	'load' operation 3 bit ('e', src/moe.cpp:61) on local variable 'e', src/moe.cpp:61 [75]  (0.000 ns)
	'icmp' operation 1 bit ('icmp_ln61', src/moe.cpp:61) [77]  (0.524 ns)
	'call' operation 0 bit ('call_ln0') to 'graph_moe_Pipeline_VITIS_LOOP_82_3' [120]  (0.362 ns)

 <State 3>: 2.226ns
The critical path consists of the following:
	'load' operation 32 bit ('gate_bias_load', src/moe.cpp:63) on array 'gate_bias' [86]  (0.542 ns)
	'call' operation 0 bit ('call_ln63', src/moe.cpp:63) to 'graph_moe_Pipeline_VITIS_LOOP_65_2' [88]  (1.684 ns)

 <State 4>: 0.000ns
The critical path consists of the following:

 <State 5>: 0.661ns
The critical path consists of the following:
	'store' operation 0 bit ('store_ln0') of variable 'logits_0_loc_load' on local variable 'logits_3_04' [104]  (0.000 ns)
	blocking operation 0.661 ns on control path)

 <State 6>: 0.886ns
The critical path consists of the following:
	'call' operation 0 bit ('call_ln0') to 'graph_moe_Pipeline_VITIS_LOOP_82_3' [120]  (0.886 ns)

 <State 7>: 6.467ns
The critical path consists of the following:
	'load' operation 32 bit ('logits_0_01_load') on local variable 'logits_0_01' [116]  (0.000 ns)
	'call' operation 0 bit ('call_ln0') to 'graph_moe_Pipeline_VITIS_LOOP_93_4' [122]  (6.467 ns)

 <State 8>: 0.000ns
The critical path consists of the following:

 <State 9>: 0.000ns
The critical path consists of the following:

 <State 10>: 0.000ns
The critical path consists of the following:

 <State 11>: 1.025ns
The critical path consists of the following:
	'load' operation 32 bit ('input_r_load') on array 'input_r' [457]  (1.025 ns)

 <State 12>: 1.025ns
The critical path consists of the following:
	'load' operation 32 bit ('input_r_load') on array 'input_r' [457]  (1.025 ns)

 <State 13>: 1.025ns
The critical path consists of the following:
	'load' operation 32 bit ('input_r_load_2') on array 'input_r' [461]  (1.025 ns)

 <State 14>: 1.025ns
The critical path consists of the following:
	'load' operation 32 bit ('input_r_load_4') on array 'input_r' [465]  (1.025 ns)

 <State 15>: 1.025ns
The critical path consists of the following:
	'load' operation 32 bit ('input_r_load_6') on array 'input_r' [469]  (1.025 ns)

 <State 16>: 1.025ns
The critical path consists of the following:
	'load' operation 32 bit ('input_r_load_8') on array 'input_r' [473]  (1.025 ns)

 <State 17>: 1.025ns
The critical path consists of the following:
	'load' operation 32 bit ('input_r_load_10') on array 'input_r' [477]  (1.025 ns)

 <State 18>: 1.025ns
The critical path consists of the following:
	'load' operation 32 bit ('input_r_load_12') on array 'input_r' [481]  (1.025 ns)

 <State 19>: 1.025ns
The critical path consists of the following:
	'load' operation 32 bit ('input_r_load_14') on array 'input_r' [485]  (1.025 ns)

 <State 20>: 1.025ns
The critical path consists of the following:
	'load' operation 32 bit ('input_r_load_16') on array 'input_r' [489]  (1.025 ns)

 <State 21>: 1.025ns
The critical path consists of the following:
	'load' operation 32 bit ('input_r_load_18') on array 'input_r' [493]  (1.025 ns)

 <State 22>: 1.025ns
The critical path consists of the following:
	'load' operation 32 bit ('input_r_load_20') on array 'input_r' [497]  (1.025 ns)

 <State 23>: 1.025ns
The critical path consists of the following:
	'load' operation 32 bit ('input_r_load_22') on array 'input_r' [501]  (1.025 ns)

 <State 24>: 1.025ns
The critical path consists of the following:
	'load' operation 32 bit ('input_r_load_24') on array 'input_r' [505]  (1.025 ns)

 <State 25>: 1.025ns
The critical path consists of the following:
	'load' operation 32 bit ('input_r_load_26') on array 'input_r' [509]  (1.025 ns)

 <State 26>: 1.025ns
The critical path consists of the following:
	'load' operation 32 bit ('input_r_load_28') on array 'input_r' [513]  (1.025 ns)

 <State 27>: 1.025ns
The critical path consists of the following:
	'load' operation 32 bit ('input_r_load_30') on array 'input_r' [517]  (1.025 ns)

 <State 28>: 1.025ns
The critical path consists of the following:
	'load' operation 32 bit ('input_r_load_32') on array 'input_r' [521]  (1.025 ns)

 <State 29>: 1.025ns
The critical path consists of the following:
	'load' operation 32 bit ('input_r_load_34') on array 'input_r' [525]  (1.025 ns)

 <State 30>: 1.025ns
The critical path consists of the following:
	'load' operation 32 bit ('input_r_load_36') on array 'input_r' [529]  (1.025 ns)

 <State 31>: 1.025ns
The critical path consists of the following:
	'load' operation 32 bit ('input_r_load_38') on array 'input_r' [533]  (1.025 ns)

 <State 32>: 1.025ns
The critical path consists of the following:
	'load' operation 32 bit ('input_r_load_40') on array 'input_r' [537]  (1.025 ns)

 <State 33>: 1.025ns
The critical path consists of the following:
	'load' operation 32 bit ('input_r_load_42') on array 'input_r' [541]  (1.025 ns)

 <State 34>: 1.025ns
The critical path consists of the following:
	'load' operation 32 bit ('input_r_load_44') on array 'input_r' [545]  (1.025 ns)

 <State 35>: 1.025ns
The critical path consists of the following:
	'load' operation 32 bit ('input_r_load_46') on array 'input_r' [549]  (1.025 ns)

 <State 36>: 1.025ns
The critical path consists of the following:
	'load' operation 32 bit ('input_r_load_48') on array 'input_r' [553]  (1.025 ns)

 <State 37>: 1.025ns
The critical path consists of the following:
	'load' operation 32 bit ('input_r_load_50') on array 'input_r' [557]  (1.025 ns)

 <State 38>: 1.025ns
The critical path consists of the following:
	'load' operation 32 bit ('input_r_load_52') on array 'input_r' [561]  (1.025 ns)

 <State 39>: 1.025ns
The critical path consists of the following:
	'load' operation 32 bit ('input_r_load_54') on array 'input_r' [565]  (1.025 ns)

 <State 40>: 1.025ns
The critical path consists of the following:
	'load' operation 32 bit ('input_r_load_56') on array 'input_r' [569]  (1.025 ns)

 <State 41>: 1.025ns
The critical path consists of the following:
	'load' operation 32 bit ('input_r_load_58') on array 'input_r' [573]  (1.025 ns)

 <State 42>: 1.025ns
The critical path consists of the following:
	'load' operation 32 bit ('input_r_load_60') on array 'input_r' [577]  (1.025 ns)

 <State 43>: 1.025ns
The critical path consists of the following:
	'load' operation 32 bit ('input_r_load_62') on array 'input_r' [581]  (1.025 ns)

 <State 44>: 1.025ns
The critical path consists of the following:
	'load' operation 32 bit ('input_r_load_64') on array 'input_r' [585]  (1.025 ns)

 <State 45>: 1.025ns
The critical path consists of the following:
	'load' operation 32 bit ('input_r_load_66') on array 'input_r' [589]  (1.025 ns)

 <State 46>: 1.025ns
The critical path consists of the following:
	'load' operation 32 bit ('input_r_load_68') on array 'input_r' [593]  (1.025 ns)

 <State 47>: 1.025ns
The critical path consists of the following:
	'load' operation 32 bit ('input_r_load_70') on array 'input_r' [597]  (1.025 ns)

 <State 48>: 1.025ns
The critical path consists of the following:
	'load' operation 32 bit ('input_r_load_72') on array 'input_r' [601]  (1.025 ns)

 <State 49>: 1.025ns
The critical path consists of the following:
	'load' operation 32 bit ('input_r_load_74') on array 'input_r' [605]  (1.025 ns)

 <State 50>: 1.025ns
The critical path consists of the following:
	'load' operation 32 bit ('input_r_load_76') on array 'input_r' [609]  (1.025 ns)

 <State 51>: 1.025ns
The critical path consists of the following:
	'load' operation 32 bit ('input_r_load_78') on array 'input_r' [613]  (1.025 ns)

 <State 52>: 1.025ns
The critical path consists of the following:
	'load' operation 32 bit ('input_r_load_80') on array 'input_r' [617]  (1.025 ns)

 <State 53>: 1.025ns
The critical path consists of the following:
	'load' operation 32 bit ('input_r_load_82') on array 'input_r' [621]  (1.025 ns)

 <State 54>: 1.025ns
The critical path consists of the following:
	'load' operation 32 bit ('input_r_load_84') on array 'input_r' [625]  (1.025 ns)

 <State 55>: 1.025ns
The critical path consists of the following:
	'load' operation 32 bit ('input_r_load_86') on array 'input_r' [629]  (1.025 ns)

 <State 56>: 1.025ns
The critical path consists of the following:
	'load' operation 32 bit ('input_r_load_88') on array 'input_r' [633]  (1.025 ns)

 <State 57>: 1.025ns
The critical path consists of the following:
	'load' operation 32 bit ('input_r_load_90') on array 'input_r' [637]  (1.025 ns)

 <State 58>: 1.025ns
The critical path consists of the following:
	'load' operation 32 bit ('input_r_load_92') on array 'input_r' [641]  (1.025 ns)

 <State 59>: 1.025ns
The critical path consists of the following:
	'load' operation 32 bit ('input_r_load_94') on array 'input_r' [645]  (1.025 ns)

 <State 60>: 1.025ns
The critical path consists of the following:
	'load' operation 32 bit ('input_r_load_96') on array 'input_r' [649]  (1.025 ns)

 <State 61>: 1.025ns
The critical path consists of the following:
	'load' operation 32 bit ('input_r_load_98') on array 'input_r' [653]  (1.025 ns)

 <State 62>: 1.025ns
The critical path consists of the following:
	'load' operation 32 bit ('input_r_load_100') on array 'input_r' [657]  (1.025 ns)

 <State 63>: 1.025ns
The critical path consists of the following:
	'load' operation 32 bit ('input_r_load_102') on array 'input_r' [661]  (1.025 ns)

 <State 64>: 1.025ns
The critical path consists of the following:
	'load' operation 32 bit ('input_r_load_104') on array 'input_r' [665]  (1.025 ns)

 <State 65>: 1.025ns
The critical path consists of the following:
	'load' operation 32 bit ('input_r_load_106') on array 'input_r' [669]  (1.025 ns)

 <State 66>: 1.025ns
The critical path consists of the following:
	'load' operation 32 bit ('input_r_load_108') on array 'input_r' [673]  (1.025 ns)

 <State 67>: 1.025ns
The critical path consists of the following:
	'load' operation 32 bit ('input_r_load_110') on array 'input_r' [677]  (1.025 ns)

 <State 68>: 1.025ns
The critical path consists of the following:
	'load' operation 32 bit ('input_r_load_112') on array 'input_r' [681]  (1.025 ns)

 <State 69>: 1.025ns
The critical path consists of the following:
	'load' operation 32 bit ('input_r_load_114') on array 'input_r' [685]  (1.025 ns)

 <State 70>: 1.025ns
The critical path consists of the following:
	'load' operation 32 bit ('input_r_load_116') on array 'input_r' [689]  (1.025 ns)

 <State 71>: 1.025ns
The critical path consists of the following:
	'load' operation 32 bit ('input_r_load_118') on array 'input_r' [693]  (1.025 ns)

 <State 72>: 1.025ns
The critical path consists of the following:
	'load' operation 32 bit ('input_r_load_120') on array 'input_r' [697]  (1.025 ns)

 <State 73>: 1.025ns
The critical path consists of the following:
	'load' operation 32 bit ('input_r_load_122') on array 'input_r' [701]  (1.025 ns)

 <State 74>: 1.025ns
The critical path consists of the following:
	'load' operation 32 bit ('input_r_load_124') on array 'input_r' [705]  (1.025 ns)

 <State 75>: 1.025ns
The critical path consists of the following:
	'load' operation 32 bit ('input_r_load_126') on array 'input_r' [709]  (1.025 ns)

 <State 76>: 2.341ns
The critical path consists of the following:
	'phi' operation 3 bit ('obj', src/moe.cpp:210) with incoming values : ('add_ln210', src/moe.cpp:210) [717]  (0.000 ns)
	'add' operation 5 bit ('add_ln228', src/moe.cpp:228) [724]  (0.648 ns)
	'call' operation 0 bit ('call_ln228', src/moe.cpp:228) to 'graph_moe_Pipeline_VITIS_LOOP_220_8' [732]  (1.693 ns)

 <State 77>: 0.000ns
The critical path consists of the following:

 <State 78>: 1.025ns
The critical path consists of the following:
	'load' operation 32 bit ('l1_load') on array 'l1', src/moe.cpp:149 [733]  (1.025 ns)

 <State 79>: 1.238ns
The critical path consists of the following:
	'load' operation 32 bit ('l1_load') on array 'l1', src/moe.cpp:149 [733]  (1.025 ns)
	'select' operation 32 bit ('tmp_1', src/moe.cpp:201) [735]  (0.213 ns)

 <State 80>: 1.238ns
The critical path consists of the following:
	'load' operation 32 bit ('l1_load_2') on array 'l1', src/moe.cpp:149 [739]  (1.025 ns)
	'select' operation 32 bit ('tmp_3', src/moe.cpp:201) [741]  (0.213 ns)

 <State 81>: 1.238ns
The critical path consists of the following:
	'load' operation 32 bit ('l1_load_4') on array 'l1', src/moe.cpp:149 [745]  (1.025 ns)
	'select' operation 32 bit ('tmp_5', src/moe.cpp:201) [747]  (0.213 ns)

 <State 82>: 1.238ns
The critical path consists of the following:
	'load' operation 32 bit ('l1_load_6') on array 'l1', src/moe.cpp:149 [751]  (1.025 ns)
	'select' operation 32 bit ('tmp_7', src/moe.cpp:201) [753]  (0.213 ns)

 <State 83>: 1.238ns
The critical path consists of the following:
	'load' operation 32 bit ('l1_load_8') on array 'l1', src/moe.cpp:149 [757]  (1.025 ns)
	'select' operation 32 bit ('tmp_9', src/moe.cpp:201) [759]  (0.213 ns)

 <State 84>: 1.238ns
The critical path consists of the following:
	'load' operation 32 bit ('l1_load_10') on array 'l1', src/moe.cpp:149 [763]  (1.025 ns)
	'select' operation 32 bit ('tmp_10', src/moe.cpp:201) [765]  (0.213 ns)

 <State 85>: 1.238ns
The critical path consists of the following:
	'load' operation 32 bit ('l1_load_12') on array 'l1', src/moe.cpp:149 [769]  (1.025 ns)
	'select' operation 32 bit ('tmp_12', src/moe.cpp:201) [771]  (0.213 ns)

 <State 86>: 1.238ns
The critical path consists of the following:
	'load' operation 32 bit ('l1_load_14') on array 'l1', src/moe.cpp:149 [775]  (1.025 ns)
	'select' operation 32 bit ('tmp_14', src/moe.cpp:201) [777]  (0.213 ns)

 <State 87>: 1.238ns
The critical path consists of the following:
	'load' operation 32 bit ('l1_load_16') on array 'l1', src/moe.cpp:149 [781]  (1.025 ns)
	'select' operation 32 bit ('tmp_16', src/moe.cpp:201) [783]  (0.213 ns)

 <State 88>: 1.238ns
The critical path consists of the following:
	'load' operation 32 bit ('l1_load_18') on array 'l1', src/moe.cpp:149 [787]  (1.025 ns)
	'select' operation 32 bit ('tmp_18', src/moe.cpp:201) [789]  (0.213 ns)

 <State 89>: 1.238ns
The critical path consists of the following:
	'load' operation 32 bit ('l1_load_20') on array 'l1', src/moe.cpp:149 [793]  (1.025 ns)
	'select' operation 32 bit ('tmp_20', src/moe.cpp:201) [795]  (0.213 ns)

 <State 90>: 1.238ns
The critical path consists of the following:
	'load' operation 32 bit ('l1_load_22') on array 'l1', src/moe.cpp:149 [799]  (1.025 ns)
	'select' operation 32 bit ('tmp_22', src/moe.cpp:201) [801]  (0.213 ns)

 <State 91>: 1.238ns
The critical path consists of the following:
	'load' operation 32 bit ('l1_load_24') on array 'l1', src/moe.cpp:149 [805]  (1.025 ns)
	'select' operation 32 bit ('tmp_24', src/moe.cpp:201) [807]  (0.213 ns)

 <State 92>: 1.238ns
The critical path consists of the following:
	'load' operation 32 bit ('l1_load_26') on array 'l1', src/moe.cpp:149 [811]  (1.025 ns)
	'select' operation 32 bit ('tmp_26', src/moe.cpp:201) [813]  (0.213 ns)

 <State 93>: 1.238ns
The critical path consists of the following:
	'load' operation 32 bit ('l1_load_28') on array 'l1', src/moe.cpp:149 [817]  (1.025 ns)
	'select' operation 32 bit ('tmp_28', src/moe.cpp:201) [819]  (0.213 ns)

 <State 94>: 2.922ns
The critical path consists of the following:
	'load' operation 32 bit ('l1_load_30') on array 'l1', src/moe.cpp:149 [823]  (1.025 ns)
	'select' operation 32 bit ('tmp_30', src/moe.cpp:201) [825]  (0.213 ns)
	'call' operation 0 bit ('call_ln249', src/moe.cpp:249) to 'graph_moe_Pipeline_VITIS_LOOP_241_10' [829]  (1.684 ns)

 <State 95>: 0.000ns
The critical path consists of the following:

 <State 96>: 0.542ns
The critical path consists of the following:
	'load' operation 32 bit ('l2_load') on array 'l2', src/moe.cpp:150 [830]  (0.542 ns)

 <State 97>: 0.755ns
The critical path consists of the following:
	'load' operation 32 bit ('l2_load') on array 'l2', src/moe.cpp:150 [830]  (0.542 ns)
	'select' operation 32 bit ('tmp_66', src/moe.cpp:201) [832]  (0.213 ns)

 <State 98>: 0.755ns
The critical path consists of the following:
	'load' operation 32 bit ('l2_load_2') on array 'l2', src/moe.cpp:150 [836]  (0.542 ns)
	'select' operation 32 bit ('tmp_68', src/moe.cpp:201) [838]  (0.213 ns)

 <State 99>: 0.755ns
The critical path consists of the following:
	'load' operation 32 bit ('l2_load_4') on array 'l2', src/moe.cpp:150 [842]  (0.542 ns)
	'select' operation 32 bit ('tmp_70', src/moe.cpp:201) [844]  (0.213 ns)

 <State 100>: 0.755ns
The critical path consists of the following:
	'load' operation 32 bit ('l2_load_6') on array 'l2', src/moe.cpp:150 [848]  (0.542 ns)
	'select' operation 32 bit ('tmp_72', src/moe.cpp:201) [850]  (0.213 ns)

 <State 101>: 0.755ns
The critical path consists of the following:
	'load' operation 32 bit ('l2_load_8') on array 'l2', src/moe.cpp:150 [854]  (0.542 ns)
	'select' operation 32 bit ('tmp_74', src/moe.cpp:201) [856]  (0.213 ns)

 <State 102>: 0.755ns
The critical path consists of the following:
	'load' operation 32 bit ('l2_load_10') on array 'l2', src/moe.cpp:150 [860]  (0.542 ns)
	'select' operation 32 bit ('tmp_76', src/moe.cpp:201) [862]  (0.213 ns)

 <State 103>: 0.755ns
The critical path consists of the following:
	'load' operation 32 bit ('l2_load_12') on array 'l2', src/moe.cpp:150 [866]  (0.542 ns)
	'select' operation 32 bit ('tmp_78', src/moe.cpp:201) [868]  (0.213 ns)

 <State 104>: 2.431ns
The critical path consists of the following:
	'load' operation 32 bit ('l2_load_14') on array 'l2', src/moe.cpp:150 [872]  (0.542 ns)
	'select' operation 32 bit ('tmp_80', src/moe.cpp:201) [874]  (0.213 ns)
	'call' operation 0 bit ('call_ln270', src/moe.cpp:270) to 'graph_moe_Pipeline_VITIS_LOOP_262_12' [878]  (1.676 ns)

 <State 105>: 0.542ns
The critical path consists of the following:
	'getelementptr' operation 5 bit ('b4_addr', src/moe.cpp:285) [729]  (0.000 ns)
	'load' operation 32 bit ('b4_load', src/moe.cpp:285) on array 'b4' [879]  (0.542 ns)

 <State 106>: 2.218ns
The critical path consists of the following:
	'load' operation 32 bit ('b4_load', src/moe.cpp:285) on array 'b4' [879]  (0.542 ns)
	'call' operation 0 bit ('call_ln285', src/moe.cpp:285) to 'graph_moe_Pipeline_VITIS_LOOP_287_14' [881]  (1.676 ns)

 <State 107>: 0.000ns
The critical path consists of the following:

 <State 108>: 0.542ns
The critical path consists of the following:
	'getelementptr' operation 3 bit ('expert_output_2_addr', src/moe.cpp:294) [884]  (0.000 ns)
	'store' operation 0 bit ('store_ln294', src/moe.cpp:294) of variable 'result_2_loc_load' on array 'expert_output', src/moe.cpp:175 [887]  (0.542 ns)

 <State 109>: 2.340ns
The critical path consists of the following:
	'phi' operation 3 bit ('obj', src/moe.cpp:210) with incoming values : ('add_ln210_1', src/moe.cpp:210) [900]  (0.000 ns)
	'add' operation 5 bit ('add_ln228_1', src/moe.cpp:228) [907]  (0.647 ns)
	'call' operation 0 bit ('call_ln228', src/moe.cpp:228) to 'graph_moe_Pipeline_VITIS_LOOP_220_81' [915]  (1.693 ns)

 <State 110>: 0.000ns
The critical path consists of the following:

 <State 111>: 1.025ns
The critical path consists of the following:
	'load' operation 32 bit ('l1_1_load') on array 'l1', src/moe.cpp:149 [916]  (1.025 ns)

 <State 112>: 1.238ns
The critical path consists of the following:
	'load' operation 32 bit ('l1_1_load') on array 'l1', src/moe.cpp:149 [916]  (1.025 ns)
	'select' operation 32 bit ('tmp_33', src/moe.cpp:201) [918]  (0.213 ns)

 <State 113>: 1.238ns
The critical path consists of the following:
	'load' operation 32 bit ('l1_1_load_2') on array 'l1', src/moe.cpp:149 [922]  (1.025 ns)
	'select' operation 32 bit ('tmp_35', src/moe.cpp:201) [924]  (0.213 ns)

 <State 114>: 1.238ns
The critical path consists of the following:
	'load' operation 32 bit ('l1_1_load_4') on array 'l1', src/moe.cpp:149 [928]  (1.025 ns)
	'select' operation 32 bit ('tmp_37', src/moe.cpp:201) [930]  (0.213 ns)

 <State 115>: 1.238ns
The critical path consists of the following:
	'load' operation 32 bit ('l1_1_load_6') on array 'l1', src/moe.cpp:149 [934]  (1.025 ns)
	'select' operation 32 bit ('tmp_39', src/moe.cpp:201) [936]  (0.213 ns)

 <State 116>: 1.238ns
The critical path consists of the following:
	'load' operation 32 bit ('l1_1_load_8') on array 'l1', src/moe.cpp:149 [940]  (1.025 ns)
	'select' operation 32 bit ('tmp_41', src/moe.cpp:201) [942]  (0.213 ns)

 <State 117>: 1.238ns
The critical path consists of the following:
	'load' operation 32 bit ('l1_1_load_10') on array 'l1', src/moe.cpp:149 [946]  (1.025 ns)
	'select' operation 32 bit ('tmp_43', src/moe.cpp:201) [948]  (0.213 ns)

 <State 118>: 1.238ns
The critical path consists of the following:
	'load' operation 32 bit ('l1_1_load_12') on array 'l1', src/moe.cpp:149 [952]  (1.025 ns)
	'select' operation 32 bit ('tmp_45', src/moe.cpp:201) [954]  (0.213 ns)

 <State 119>: 1.238ns
The critical path consists of the following:
	'load' operation 32 bit ('l1_1_load_14') on array 'l1', src/moe.cpp:149 [958]  (1.025 ns)
	'select' operation 32 bit ('tmp_47', src/moe.cpp:201) [960]  (0.213 ns)

 <State 120>: 1.238ns
The critical path consists of the following:
	'load' operation 32 bit ('l1_1_load_16') on array 'l1', src/moe.cpp:149 [964]  (1.025 ns)
	'select' operation 32 bit ('tmp_49', src/moe.cpp:201) [966]  (0.213 ns)

 <State 121>: 1.238ns
The critical path consists of the following:
	'load' operation 32 bit ('l1_1_load_18') on array 'l1', src/moe.cpp:149 [970]  (1.025 ns)
	'select' operation 32 bit ('tmp_51', src/moe.cpp:201) [972]  (0.213 ns)

 <State 122>: 1.238ns
The critical path consists of the following:
	'load' operation 32 bit ('l1_1_load_20') on array 'l1', src/moe.cpp:149 [976]  (1.025 ns)
	'select' operation 32 bit ('tmp_53', src/moe.cpp:201) [978]  (0.213 ns)

 <State 123>: 1.238ns
The critical path consists of the following:
	'load' operation 32 bit ('l1_1_load_22') on array 'l1', src/moe.cpp:149 [982]  (1.025 ns)
	'select' operation 32 bit ('tmp_55', src/moe.cpp:201) [984]  (0.213 ns)

 <State 124>: 1.238ns
The critical path consists of the following:
	'load' operation 32 bit ('l1_1_load_24') on array 'l1', src/moe.cpp:149 [988]  (1.025 ns)
	'select' operation 32 bit ('tmp_57', src/moe.cpp:201) [990]  (0.213 ns)

 <State 125>: 1.238ns
The critical path consists of the following:
	'load' operation 32 bit ('l1_1_load_26') on array 'l1', src/moe.cpp:149 [994]  (1.025 ns)
	'select' operation 32 bit ('tmp_59', src/moe.cpp:201) [996]  (0.213 ns)

 <State 126>: 1.238ns
The critical path consists of the following:
	'load' operation 32 bit ('l1_1_load_28') on array 'l1', src/moe.cpp:149 [1000]  (1.025 ns)
	'select' operation 32 bit ('tmp_61', src/moe.cpp:201) [1002]  (0.213 ns)

 <State 127>: 2.922ns
The critical path consists of the following:
	'load' operation 32 bit ('l1_1_load_30') on array 'l1', src/moe.cpp:149 [1006]  (1.025 ns)
	'select' operation 32 bit ('tmp_63', src/moe.cpp:201) [1008]  (0.213 ns)
	'call' operation 0 bit ('call_ln249', src/moe.cpp:249) to 'graph_moe_Pipeline_VITIS_LOOP_241_102' [1012]  (1.684 ns)

 <State 128>: 0.000ns
The critical path consists of the following:

 <State 129>: 0.542ns
The critical path consists of the following:
	'load' operation 32 bit ('l2_1_load') on array 'l2', src/moe.cpp:150 [1013]  (0.542 ns)

 <State 130>: 0.755ns
The critical path consists of the following:
	'load' operation 32 bit ('l2_1_load') on array 'l2', src/moe.cpp:150 [1013]  (0.542 ns)
	'select' operation 32 bit ('tmp_83', src/moe.cpp:201) [1015]  (0.213 ns)

 <State 131>: 0.755ns
The critical path consists of the following:
	'load' operation 32 bit ('l2_1_load_2') on array 'l2', src/moe.cpp:150 [1019]  (0.542 ns)
	'select' operation 32 bit ('tmp_85', src/moe.cpp:201) [1021]  (0.213 ns)

 <State 132>: 0.755ns
The critical path consists of the following:
	'load' operation 32 bit ('l2_1_load_4') on array 'l2', src/moe.cpp:150 [1025]  (0.542 ns)
	'select' operation 32 bit ('tmp_87', src/moe.cpp:201) [1027]  (0.213 ns)

 <State 133>: 0.755ns
The critical path consists of the following:
	'load' operation 32 bit ('l2_1_load_6') on array 'l2', src/moe.cpp:150 [1031]  (0.542 ns)
	'select' operation 32 bit ('tmp_89', src/moe.cpp:201) [1033]  (0.213 ns)

 <State 134>: 0.755ns
The critical path consists of the following:
	'load' operation 32 bit ('l2_1_load_8') on array 'l2', src/moe.cpp:150 [1037]  (0.542 ns)
	'select' operation 32 bit ('tmp_91', src/moe.cpp:201) [1039]  (0.213 ns)

 <State 135>: 0.755ns
The critical path consists of the following:
	'load' operation 32 bit ('l2_1_load_10') on array 'l2', src/moe.cpp:150 [1043]  (0.542 ns)
	'select' operation 32 bit ('tmp_93', src/moe.cpp:201) [1045]  (0.213 ns)

 <State 136>: 0.755ns
The critical path consists of the following:
	'load' operation 32 bit ('l2_1_load_12') on array 'l2', src/moe.cpp:150 [1049]  (0.542 ns)
	'select' operation 32 bit ('tmp_95', src/moe.cpp:201) [1051]  (0.213 ns)

 <State 137>: 2.431ns
The critical path consists of the following:
	'load' operation 32 bit ('l2_1_load_14') on array 'l2', src/moe.cpp:150 [1055]  (0.542 ns)
	'select' operation 32 bit ('tmp_97', src/moe.cpp:201) [1057]  (0.213 ns)
	'call' operation 0 bit ('call_ln270', src/moe.cpp:270) to 'graph_moe_Pipeline_VITIS_LOOP_262_123' [1061]  (1.676 ns)

 <State 138>: 0.542ns
The critical path consists of the following:
	'getelementptr' operation 5 bit ('b4_addr_1', src/moe.cpp:285) [912]  (0.000 ns)
	'load' operation 32 bit ('b4_load_1', src/moe.cpp:285) on array 'b4' [1062]  (0.542 ns)

 <State 139>: 2.218ns
The critical path consists of the following:
	'load' operation 32 bit ('b4_load_1', src/moe.cpp:285) on array 'b4' [1062]  (0.542 ns)
	'call' operation 0 bit ('call_ln285', src/moe.cpp:285) to 'graph_moe_Pipeline_VITIS_LOOP_287_144' [1064]  (1.676 ns)

 <State 140>: 0.000ns
The critical path consists of the following:

 <State 141>: 0.542ns
The critical path consists of the following:
	'getelementptr' operation 3 bit ('expert_output_3_addr', src/moe.cpp:294) [1067]  (0.000 ns)
	'store' operation 0 bit ('store_ln294', src/moe.cpp:294) of variable 'result_4_loc_load' on array 'expert_output', src/moe.cpp:175 [1070]  (0.542 ns)

 <State 142>: 0.542ns
The critical path consists of the following:
	'load' operation 32 bit ('gates_load') on array 'gates' [1083]  (0.542 ns)

 <State 143>: 0.542ns
The critical path consists of the following:
	'load' operation 32 bit ('gates_load_2') on array 'gates' [1089]  (0.542 ns)

 <State 144>: 0.000ns
The critical path consists of the following:


============================================================
+ Verbose Summary: Binding
============================================================
N/A
* FSMD analyzer results:
  - Output states:
 - Input state : 
  - Chain level:
	State 1
	State 2
	State 3
	State 4
	State 5
	State 6
	State 7
	State 8
	State 9
	State 10
	State 11
	State 12
	State 13
	State 14
	State 15
	State 16
	State 17
	State 18
	State 19
	State 20
	State 21
	State 22
	State 23
	State 24
	State 25
	State 26
	State 27
	State 28
	State 29
	State 30
	State 31
	State 32
	State 33
	State 34
	State 35
	State 36
	State 37
	State 38
	State 39
	State 40
	State 41
	State 42
	State 43
	State 44
	State 45
	State 46
	State 47
	State 48
	State 49
	State 50
	State 51
	State 52
	State 53
	State 54
	State 55
	State 56
	State 57
	State 58
	State 59
	State 60
	State 61
	State 62
	State 63
	State 64
	State 65
	State 66
	State 67
	State 68
	State 69
	State 70
	State 71
	State 72
	State 73
	State 74
	State 75
	State 76
	State 77
	State 78
	State 79
	State 80
	State 81
	State 82
	State 83
	State 84
	State 85
	State 86
	State 87
	State 88
	State 89
	State 90
	State 91
	State 92
	State 93
	State 94
	State 95
	State 96
	State 97
	State 98
	State 99
	State 100
	State 101
	State 102
	State 103
	State 104
	State 105
	State 106
	State 107
	State 108
	State 109
	State 110
	State 111
	State 112
	State 113
	State 114
	State 115
	State 116
	State 117
	State 118
	State 119
	State 120
	State 121
	State 122
	State 123
	State 124
	State 125
	State 126
	State 127
	State 128
	State 129
	State 130
	State 131
	State 132
	State 133
	State 134
	State 135
	State 136
	State 137
	State 138
	State 139
	State 140
	State 141
	State 142
	State 143
	State 144


============================================================
+ Verbose Summary: Datapath Resource usage 
============================================================
N/A
