INFO-FLOW: Workspace /home/simics/HMoE/HLS_HMoE/pseudo_block/run_11/project/solution1 opened at Mon Sep 21 07:59:56 IST 2026
Execute       send_msg_by_id INFO @200-1505@%s%s  vivado 
INFO: [HLS 200-1505] Using flow_target 'vivado'
Command     open_solution done; 0.24 sec.
Execute     set_part xcvu13p_CIV-figd2104-3-e 
INFO: [HLS 200-1510] Running: set_part xcvu13p_CIV-figd2104-3-e 
Execute       create_platform xcvu13p_CIV-figd2104-3-e -board  
DBG:HLSDevice: Trying to load device library: /home/simics/HMoE/Vitis_HLS/2023.2/lib/lnx64.o/libxv_hlsvwrap.so
DBG:HLSDevice: first parts/arch.xml in RDI_DATADIR: /home/simics/HMoE/Vivado/2023.2/data/parts/arch.xml
DBG:HLSDevice: init success
INFO: [HLS 200-1611] Setting target device to 'xcvu13p_CIV-figd2104-3-e'
Command       create_platform done; 0.9 sec.
Execute       source /home/simics/HMoE/Vitis_HLS/2023.2/common/technology/xilinx/common/xilinx.gen 
Execute         source /home/simics/HMoE/Vitis_HLS/2023.2/common/technology/xilinx/interface/plb46.gen 
Execute         source /home/simics/HMoE/Vitis_HLS/2023.2/common/technology/xilinx/interface/axi4.gen 
Execute         source /home/simics/HMoE/Vitis_HLS/2023.2/common/technology/xilinx/interface/nativeAXI4.gen 
Execute           source /home/simics/HMoE/Vitis_HLS/2023.2/common/technology/xilinx/interface/saxilite.gen 
Execute         source /home/simics/HMoE/Vitis_HLS/2023.2/common/technology/xilinx/scripts/xilinxcoregen.gen 
Execute         source /home/simics/HMoE/Vitis_HLS/2023.2/common/technology/xilinx/interface/XilEDKCoreGen.gen 
Execute         source /home/simics/HMoE/Vitis_HLS/2023.2/common/technology/xilinx/ip/util.gen 
Execute         source /home/simics/HMoE/Vitis_HLS/2023.2/common/technology/xilinx/ip/dds_compiler.gen 
Execute         source /home/simics/HMoE/Vitis_HLS/2023.2/common/technology/xilinx/ip/xfft.gen 
Execute         source /home/simics/HMoE/Vitis_HLS/2023.2/common/technology/xilinx/ip/xfir.gen 
Execute         source /home/simics/HMoE/Vitis_HLS/2023.2/common/technology/xilinx/DSP48/dsp48.gen 
Execute       ap_part_info -name xcvu13p_CIV-figd2104-3-e -data info 
Execute       config_compile -quiet -complex-mul-dsp=0 
Command     set_part done; 1 sec.
Execute     create_clock -period 10 
INFO: [HLS 200-1510] Running: create_clock -period 10 
Execute       ap_set_clock -name default -period 10 -default=false 
INFO: [SYN 201-201] Setting up clock 'default' with a period of 10ns.
Execute     csim_design 
INFO: [HLS 200-1510] Running: csim_design 
INFO-FLOW: Running SLX 'csim' proc: ::SLX::run_csim
INFO: [SIM 211-2] *************** CSIM start ***************
INFO: [SIM 211-4] CSIM will launch GCC as the compiler.
Execute       send_msg_by_id INFO @200-2036@%s debug 
INFO: [HLS 200-2036] Building debug C Simulation binaries
Execute       ap_part_info -name xcvu13p_CIV-figd2104-3-e -data info 
Execute       source run_sim.tcl 
Command       ap_source done; 0.3 sec.
INFO: [SIM 211-1] CSim done with 0 errors.
INFO: [SIM 211-3] *************** CSIM finish ***************
Command     csim_design done; 1.45 sec.
INFO: [HLS 200-111] Finished Command csim_design CPU user time: 1.13 seconds. CPU system time: 0.33 seconds. Elapsed time: 1.45 seconds; current allocated memory: 0.000 MB.
Execute     csynth_design 
INFO: [HLS 200-1510] Running: csynth_design 
INFO-FLOW: Running SLX 'csynth' proc: ::SLX::run_csynth
Execute       elaborate -effort=medium -skip_syncheck=0 -keep_printf=0 -skip_cdt=0 -skip_transform=0 -ng=0 -g=0 -opt_fp=0 -from_csynth_design=1 
INFO: [HLS 200-111] Finished File checks and directory preparation: CPU user time: 0.24 seconds. CPU system time: 0.05 seconds. Elapsed time: 0.29 seconds; current allocated memory: 282.395 MB.
Execute         set_directive_top pseudo_moe -name=pseudo_moe 
Execute         source /home/simics/HMoE/Vitis_HLS/2023.2/tps/tcl/tcllib1.11.1/yaml/huddle.tcl 
Execute         source /home/simics/HMoE/Vitis_HLS/2023.2/tps/tcl/tcllib1.11.1/yaml/json2huddle.tcl 
Execute           source /home/simics/HMoE/Vitis_HLS/2023.2/tps/tcl/tcllib1.11.1/try/try.tcl 
INFO: [HLS 200-10] Analyzing design file '/home/simics/HMoE/HLS_HMoE/pseudo_block/run_11/src/pseudo_moe.cpp' ... 
INFO-FLOW: Compiling one TU...
INFO-FLOW: Handling /home/simics/HMoE/HLS_HMoE/pseudo_block/run_11/src/pseudo_moe.cpp as C++
Execute         ap_part_info -name xcvu13p_CIV-figd2104-3-e -data info 
INFO-FLOW: Running: GCC PP 39
INFO-FLOW: Source preprocessing
INFO-FLOW: run_clang exec: /home/simics/HMoE/Vitis_HLS/2023.2/lnx64/tools/clang-3.9-csynth/bin/clang /home/simics/HMoE/HLS_HMoE/pseudo_block/run_11/src/pseudo_moe.cpp -foptimization-record-file=/home/simics/HMoE/HLS_HMoE/pseudo_block/run_11/project/solution1/.autopilot/db/pseudo_moe.cpp.clang.diag.yml -mllvm -pass-remarks-missed=reflow|pasta|unroll -mllvm -pass-remarks=reflow|pasta|unroll|inline -fno-limit-debug-info -gcc-toolchain /home/simics/HMoE/Vitis_HLS/2023.2/tps/lnx64/gcc-8.3.0 -fhls -fno-exceptions -insert-hls-directive=/home/simics/HMoE/HLS_HMoE/pseudo_block/run_11/project/solution1/.autopilot/db/all.directive.json -E -fno-math-errno -c -emit-llvm -mllvm -disable-llvm-optzns -Werror=implicit-function-declaration -Werror=implicit-hls-streams -Werror=return-type -Wpragmas -Wunused-parameter -Wdump-hls-pragmas -Wno-error=dump-hls-pragmas -hls-clock-period=10 -fno-threadsafe-statics -fno-use-cxa-atexit -std=gnu++14 -target fpga64-xilinx-linux-gnu -fno-threadsafe-statics -fno-use-cxa-atexit -D__VITIS_HLS__ -DAESL_SYN -D__SYNTHESIS__ -D__HLS_SYN__ -I /home/simics/HMoE/Vitis_HLS/2023.2/common/technology/autopilot -I /home/simics/HMoE/Vitis_HLS/2023.2/common/technology/autopilot/ap_sysc -include etc/autopilot_ssdm_op.h -D__DSP48E2__ -I /usr/include/x86_64-linux-gnu -o /home/simics/HMoE/HLS_HMoE/pseudo_block/run_11/project/solution1/.autopilot/db/pseudo_moe.pp.0.cpp -hls-platform-db-name=/home/simics/HMoE/Vitis_HLS/2023.2/common/technology/xilinx/common/platform.db -hls-platform-name=virtexuplus_fast -device-resource-info=BRAM_5376.000000_DSP_12288.000000_FF_3456000.000000_LUT_1728000.000000_SLICE_216000.000000_SLR_4.000000_URAM_1280.000000 -device-name-info=xcvu13p_CIV-figd2104-3-e > /home/simics/HMoE/HLS_HMoE/pseudo_block/run_11/project/solution1/.autopilot/db/pseudo_moe.cpp.clang.out.log 2> /home/simics/HMoE/HLS_HMoE/pseudo_block/run_11/project/solution1/.autopilot/db/pseudo_moe.cpp.clang.err.log
INFO-FLOW: Done: GCC PP 39 time: 0.1 seconds per iteration
INFO-FLOW: Source syntax check for synthesis
INFO-FLOW: run_clang exec: /home/simics/HMoE/Vitis_HLS/2023.2/lnx64/tools/clang-3.9-csynth/bin/clang -foptimization-record-file=/home/simics/HMoE/HLS_HMoE/pseudo_block/run_11/project/solution1/.autopilot/db/clang.diag.yml -mllvm -pass-remarks-missed=reflow|pasta|unroll -mllvm -pass-remarks=reflow|pasta|unroll|inline -fsyntax-only -fhls -target fpga64-xilinx-linux-gnu /home/simics/HMoE/HLS_HMoE/pseudo_block/run_11/project/solution1/.autopilot/db/pseudo_moe.pp.0.cpp -hls-platform-db-name=/home/simics/HMoE/Vitis_HLS/2023.2/common/technology/xilinx/common/platform.db -hls-platform-name=virtexuplus_fast -device-resource-info=BRAM_5376.000000_DSP_12288.000000_FF_3456000.000000_LUT_1728000.000000_SLICE_216000.000000_SLR_4.000000_URAM_1280.000000 -device-name-info=xcvu13p_CIV-figd2104-3-e > /home/simics/HMoE/HLS_HMoE/pseudo_block/run_11/project/solution1/.autopilot/db/clang.out.log 2> /home/simics/HMoE/HLS_HMoE/pseudo_block/run_11/project/solution1/.autopilot/db/clang.err.log
Execute         clang_tidy xilinx-systemc-detector -desc systemc-detector /home/simics/HMoE/HLS_HMoE/pseudo_block/run_11/project/solution1/.autopilot/db/pseudo_moe.pp.0.cpp std=gnu++14 -target fpga  -directive=/home/simics/HMoE/HLS_HMoE/pseudo_block/run_11/project/solution1/.autopilot/db/.systemc_flag 
INFO-FLOW: exec /home/simics/HMoE/Vitis_HLS/2023.2/lnx64/tools/clang-3.9-csynth/bin/clang-tidy -header-filter=.* --checks=-*,xilinx-systemc-detector -import-directive=/home/simics/HMoE/HLS_HMoE/pseudo_block/run_11/project/solution1/.autopilot/db/.systemc_flag -fix-errors /home/simics/HMoE/HLS_HMoE/pseudo_block/run_11/project/solution1/.autopilot/db/pseudo_moe.pp.0.cpp -- -std=gnu++14 -target fpga -fhls -ferror-limit=0
Command         clang_tidy done; 0.13 sec.
INFO-FLOW: Running: clang-tidy CDT preprocess 39
Execute         clang_tidy xilinx-directive2pragma -desc directive2pragma /home/simics/HMoE/HLS_HMoE/pseudo_block/run_11/project/solution1/.autopilot/db/pseudo_moe.pp.0.cpp std=gnu++14 -target fpga  -directive=/home/simics/HMoE/HLS_HMoE/pseudo_block/run_11/project/solution1/.autopilot/db/all.directive.json 
INFO-FLOW: exec /home/simics/HMoE/Vitis_HLS/2023.2/lnx64/tools/clang-3.9-csynth/bin/clang-tidy -header-filter=.* --checks=-*,xilinx-directive2pragma -import-directive=/home/simics/HMoE/HLS_HMoE/pseudo_block/run_11/project/solution1/.autopilot/db/all.directive.json -fix-errors /home/simics/HMoE/HLS_HMoE/pseudo_block/run_11/project/solution1/.autopilot/db/pseudo_moe.pp.0.cpp -- -std=gnu++14 -target fpga -fhls -ferror-limit=0
Command         clang_tidy done; 0.32 sec.
INFO-FLOW: Done: clang-tidy CDT preprocess 39 time: 0.3 seconds per iteration
INFO-FLOW: Calling xilinx-label-all-loops ... 
INFO-FLOW: Calling xilinx-aggregate-on-hls-vector ... 
Execute         clang_tidy -errorcheck -desc loop-label xilinx-label-all-loops,xilinx-aggregate-on-hls-vector,,xilinx-warn-mayneed-no-ctor-attribute /home/simics/HMoE/HLS_HMoE/pseudo_block/run_11/project/solution1/.autopilot/db/pseudo_moe.pp.0.cpp std=gnu++14 -target fpga  
INFO-FLOW: run_clang exec: /home/simics/HMoE/Vitis_HLS/2023.2/lnx64/tools/clang-3.9-csynth/bin/clang-tidy -export-fixes=/home/simics/HMoE/HLS_HMoE/pseudo_block/run_11/project/solution1/.autopilot/db/pseudo_moe.pp.0.cpp.clang-tidy.loop-label.diag.yml -header-filter=.* --checks=-*,xilinx-label-all-loops,xilinx-aggregate-on-hls-vector,,xilinx-warn-mayneed-no-ctor-attribute -fix-errors /home/simics/HMoE/HLS_HMoE/pseudo_block/run_11/project/solution1/.autopilot/db/pseudo_moe.pp.0.cpp -- -std=gnu++14 -target fpga -fhls -ferror-limit=0 > /home/simics/HMoE/HLS_HMoE/pseudo_block/run_11/project/solution1/.autopilot/db/pseudo_moe.pp.0.cpp.clang-tidy.loop-label.out.log 2> /home/simics/HMoE/HLS_HMoE/pseudo_block/run_11/project/solution1/.autopilot/db/pseudo_moe.pp.0.cpp.clang-tidy.loop-label.err.log
Execute           source /home/simics/HMoE/Vitis_HLS/2023.2/tps/tcl/tcllib1.11.1/yaml/yaml.tcl 
Command         clang_tidy done; 0.75 sec.
INFO-FLOW: run_clang exec: /home/simics/HMoE/Vitis_HLS/2023.2/lnx64/tools/clang-3.9-csynth/bin/xilinx-dataflow-lawyer -export-fixes=/home/simics/HMoE/HLS_HMoE/pseudo_block/run_11/project/solution1/.autopilot/db/pseudo_moe.pp.0.cpp.xilinx-dataflow-lawyer.diag.yml /home/simics/HMoE/HLS_HMoE/pseudo_block/run_11/project/solution1/.autopilot/db/pseudo_moe.pp.0.cpp -- -std=gnu++14 -target fpga -fhls -ferror-limit=0 -fstrict-dataflow > /home/simics/HMoE/HLS_HMoE/pseudo_block/run_11/project/solution1/.autopilot/db/pseudo_moe.pp.0.cpp.xilinx-dataflow-lawyer.out.log 2> /home/simics/HMoE/HLS_HMoE/pseudo_block/run_11/project/solution1/.autopilot/db/pseudo_moe.pp.0.cpp.xilinx-dataflow-lawyer.err.log
WARNING: [HLS 214-113] Either use an argument of the function or declare the variable inside the dataflow loop body (/home/simics/HMoE/HLS_HMoE/pseudo_block/run_11/src/pseudo_moe.cpp:221:24)
WARNING: [HLS 214-113] Either use an argument of the function or declare the variable inside the dataflow loop body (/home/simics/HMoE/HLS_HMoE/pseudo_block/run_11/src/pseudo_moe.cpp:222:31)
WARNING: [HLS 214-113] Either use an argument of the function or declare the variable inside the dataflow loop body (/home/simics/HMoE/HLS_HMoE/pseudo_block/run_11/src/pseudo_moe.cpp:223:31)
WARNING: [HLS 214-113] Either use an argument of the function or declare the variable inside the dataflow loop body (/home/simics/HMoE/HLS_HMoE/pseudo_block/run_11/src/pseudo_moe.cpp:224:31)
WARNING: [HLS 214-114] Since the only kind of statements allowed in a canonical dataflow region are variable declarations and function calls, the compiler may not be able to correctly handle the region (/home/simics/HMoE/HLS_HMoE/pseudo_block/run_11/src/pseudo_moe.cpp:219:9)
WARNING: [HLS 214-169] There are a total of 5 such instances of non-canonical statements in the dataflow region (/home/simics/HMoE/HLS_HMoE/pseudo_block/run_11/src/pseudo_moe.cpp:219:9)
Execute         send_msg_by_id WARNING @200-471@%s%s 6 /home/simics/HMoE/HLS_HMoE/pseudo_block/run_11/src/pseudo_moe.cpp 
WARNING: [HLS 200-471] Dataflow form checks found 6 issue(s) in file /home/simics/HMoE/HLS_HMoE/pseudo_block/run_11/src/pseudo_moe.cpp
Execute         ap_part_info -name xcvu13p_CIV-figd2104-3-e -data info 
INFO-FLOW: compiling source code to llvm bc
INFO-FLOW: run_clang exec: /home/simics/HMoE/Vitis_HLS/2023.2/lnx64/tools/clang-3.9-csynth/bin/clang -foptimization-record-file=/home/simics/HMoE/HLS_HMoE/pseudo_block/run_11/project/solution1/.autopilot/db/pseudo_moe.pp.0.cpp.clang.diag.yml -mllvm -pass-remarks-missed=reflow|pasta|unroll -mllvm -pass-remarks=reflow|pasta|unroll|inline -fno-limit-debug-info -fhls -flto -fno-exceptions -Wno-error=c++11-narrowing -hls-emit-hint-scope /home/simics/HMoE/HLS_HMoE/pseudo_block/run_11/project/solution1/.autopilot/db/pseudo_moe.pp.0.cpp -fno-math-errno -c -emit-llvm -mllvm -disable-llvm-optzns -Werror=implicit-function-declaration -Werror=implicit-hls-streams -Werror=return-type -Wpragmas -Wunused-parameter -Wdump-hls-pragmas -Wno-error=dump-hls-pragmas -hls-clock-period=10 -fno-threadsafe-statics -fno-use-cxa-atexit -std=gnu++14 -target fpga64-xilinx-linux-gnu -D__VITIS_HLS__ -DAESL_SYN -D__SYNTHESIS__ -D__HLS_SYN__ -I /home/simics/HMoE/Vitis_HLS/2023.2/common/technology/autopilot -I /home/simics/HMoE/Vitis_HLS/2023.2/common/technology/autopilot/ap_sysc -include etc/autopilot_ssdm_op.h -D__DSP48E2__ -g -o /home/simics/HMoE/HLS_HMoE/pseudo_block/run_11/project/solution1/.autopilot/db/pseudo_moe.bc -hls-platform-db-name=/home/simics/HMoE/Vitis_HLS/2023.2/common/technology/xilinx/common/platform.db -hls-platform-name=virtexuplus_fast -device-resource-info=BRAM_5376.000000_DSP_12288.000000_FF_3456000.000000_LUT_1728000.000000_SLICE_216000.000000_SLR_4.000000_URAM_1280.000000 -device-name-info=xcvu13p_CIV-figd2104-3-e > /home/simics/HMoE/HLS_HMoE/pseudo_block/run_11/project/solution1/.autopilot/db/pseudo_moe.pp.0.cpp.clang.out.log 2> /home/simics/HMoE/HLS_HMoE/pseudo_block/run_11/project/solution1/.autopilot/db/pseudo_moe.pp.0.cpp.clang.err.log
INFO: [HLS 200-111] Finished Source Code Analysis and Preprocessing: CPU user time: 1.46 seconds. CPU system time: 0.55 seconds. Elapsed time: 2.35 seconds; current allocated memory: 285.375 MB.
INFO-FLOW: Linking Debug ...
INFO-FLOW: Linking dut bc code.
Execute         run_link_or_opt -out /home/simics/HMoE/HLS_HMoE/pseudo_block/run_11/project/solution1/.autopilot/db/a.g.ld.0.bc -args  "/home/simics/HMoE/HLS_HMoE/pseudo_block/run_11/project/solution1/.autopilot/db/pseudo_moe.g.bc"  
INFO-FLOW: run_clang exec: /home/simics/HMoE/Vitis_HLS/2023.2/lnx64/tools/clang-3.9-csynth/bin/llvm-link /home/simics/HMoE/HLS_HMoE/pseudo_block/run_11/project/solution1/.autopilot/db/pseudo_moe.g.bc -o /home/simics/HMoE/HLS_HMoE/pseudo_block/run_11/project/solution1/.autopilot/db/a.g.ld.0.bc > /home/simics/HMoE/HLS_HMoE/pseudo_block/run_11/project/solution1/.autopilot/db/a.g.ld.0.bc.llvm-link.out.log 2> /home/simics/HMoE/HLS_HMoE/pseudo_block/run_11/project/solution1/.autopilot/db/a.g.ld.0.bc.llvm-link.err.log
INFO-FLOW: 
Execute         run_link_or_opt -opt -out /home/simics/HMoE/HLS_HMoE/pseudo_block/run_11/project/solution1/.autopilot/db/a.g.ld.1.lower.bc -args /home/simics/HMoE/HLS_HMoE/pseudo_block/run_11/project/solution1/.autopilot/db/a.g.ld.0.bc -reflow-lower-math-intrinsics 
INFO-FLOW: run_clang exec: /home/simics/HMoE/Vitis_HLS/2023.2/lnx64/tools/clang-3.9-csynth/bin/opt -pass-remarks-missed=reflow|pasta|unroll -pass-remarks=reflow|pasta|unroll|inline -pass-remarks-output=/home/simics/HMoE/HLS_HMoE/pseudo_block/run_11/project/solution1/.autopilot/db/a.g.ld.1.lower.bc.opt.diag.yml /home/simics/HMoE/HLS_HMoE/pseudo_block/run_11/project/solution1/.autopilot/db/a.g.ld.0.bc -reflow-lower-math-intrinsics -o /home/simics/HMoE/HLS_HMoE/pseudo_block/run_11/project/solution1/.autopilot/db/a.g.ld.1.lower.bc > /home/simics/HMoE/HLS_HMoE/pseudo_block/run_11/project/solution1/.autopilot/db/a.g.ld.1.lower.bc.opt.out.log 2> /home/simics/HMoE/HLS_HMoE/pseudo_block/run_11/project/solution1/.autopilot/db/a.g.ld.1.lower.bc.opt.err.log
INFO-FLOW: 
INFO-FLOW: Running: gen_design_size_report post-opt
INFO-FLOW: Done: gen_design_size_report post-opt time: 0 seconds per iteration
INFO-FLOW: Linking math bc lib
Execute         run_link_or_opt -out /home/simics/HMoE/HLS_HMoE/pseudo_block/run_11/project/solution1/.autopilot/db/a.g.ld.2.m1.bc -args /home/simics/HMoE/HLS_HMoE/pseudo_block/run_11/project/solution1/.autopilot/db/a.g.ld.1.lower.bc -only-needed /home/simics/HMoE/Vitis_HLS/2023.2/lnx64/lib/libhlsm_39.bc /home/simics/HMoE/Vitis_HLS/2023.2/lnx64/lib/libhlsmc++_39.bc 
INFO-FLOW: run_clang exec: /home/simics/HMoE/Vitis_HLS/2023.2/lnx64/tools/clang-3.9-csynth/bin/llvm-link /home/simics/HMoE/HLS_HMoE/pseudo_block/run_11/project/solution1/.autopilot/db/a.g.ld.1.lower.bc -only-needed /home/simics/HMoE/Vitis_HLS/2023.2/lnx64/lib/libhlsm_39.bc /home/simics/HMoE/Vitis_HLS/2023.2/lnx64/lib/libhlsmc++_39.bc -o /home/simics/HMoE/HLS_HMoE/pseudo_block/run_11/project/solution1/.autopilot/db/a.g.ld.2.m1.bc > /home/simics/HMoE/HLS_HMoE/pseudo_block/run_11/project/solution1/.autopilot/db/a.g.ld.2.m1.bc.llvm-link.out.log 2> /home/simics/HMoE/HLS_HMoE/pseudo_block/run_11/project/solution1/.autopilot/db/a.g.ld.2.m1.bc.llvm-link.err.log
INFO-FLOW: 
Command         run_link_or_opt done; 1.46 sec.
Execute         run_link_or_opt -opt -out /home/simics/HMoE/HLS_HMoE/pseudo_block/run_11/project/solution1/.autopilot/db/a.g.ld.3.fpc.bc -args /home/simics/HMoE/HLS_HMoE/pseudo_block/run_11/project/solution1/.autopilot/db/a.g.ld.2.m1.bc -reflow-globaldce -hls-top-function-name=pseudo_moe -reflow-float-conversion 
INFO-FLOW: run_clang exec: /home/simics/HMoE/Vitis_HLS/2023.2/lnx64/tools/clang-3.9-csynth/bin/opt -pass-remarks-missed=reflow|pasta|unroll -pass-remarks=reflow|pasta|unroll|inline -pass-remarks-output=/home/simics/HMoE/HLS_HMoE/pseudo_block/run_11/project/solution1/.autopilot/db/a.g.ld.3.fpc.bc.opt.diag.yml /home/simics/HMoE/HLS_HMoE/pseudo_block/run_11/project/solution1/.autopilot/db/a.g.ld.2.m1.bc -reflow-globaldce -hls-top-function-name=pseudo_moe -reflow-float-conversion -o /home/simics/HMoE/HLS_HMoE/pseudo_block/run_11/project/solution1/.autopilot/db/a.g.ld.3.fpc.bc > /home/simics/HMoE/HLS_HMoE/pseudo_block/run_11/project/solution1/.autopilot/db/a.g.ld.3.fpc.bc.opt.out.log 2> /home/simics/HMoE/HLS_HMoE/pseudo_block/run_11/project/solution1/.autopilot/db/a.g.ld.3.fpc.bc.opt.err.log
INFO-FLOW: 
INFO-FLOW: Running: gen_design_size_report post-opt
INFO-FLOW: Done: gen_design_size_report post-opt time: 0 seconds per iteration
Command         run_link_or_opt done; 0.52 sec.
Execute         run_link_or_opt -out /home/simics/HMoE/HLS_HMoE/pseudo_block/run_11/project/solution1/.autopilot/db/a.g.ld.4.m2.bc -args /home/simics/HMoE/HLS_HMoE/pseudo_block/run_11/project/solution1/.autopilot/db/a.g.ld.3.fpc.bc -only-needed /home/simics/HMoE/Vitis_HLS/2023.2/lnx64/lib/libfloatconversion_39.bc 
INFO-FLOW: run_clang exec: /home/simics/HMoE/Vitis_HLS/2023.2/lnx64/tools/clang-3.9-csynth/bin/llvm-link /home/simics/HMoE/HLS_HMoE/pseudo_block/run_11/project/solution1/.autopilot/db/a.g.ld.3.fpc.bc -only-needed /home/simics/HMoE/Vitis_HLS/2023.2/lnx64/lib/libfloatconversion_39.bc -o /home/simics/HMoE/HLS_HMoE/pseudo_block/run_11/project/solution1/.autopilot/db/a.g.ld.4.m2.bc > /home/simics/HMoE/HLS_HMoE/pseudo_block/run_11/project/solution1/.autopilot/db/a.g.ld.4.m2.bc.llvm-link.out.log 2> /home/simics/HMoE/HLS_HMoE/pseudo_block/run_11/project/solution1/.autopilot/db/a.g.ld.4.m2.bc.llvm-link.err.log
INFO-FLOW: 
Execute         run_link_or_opt -opt -out /home/simics/HMoE/HLS_HMoE/pseudo_block/run_11/project/solution1/.autopilot/db/a.g.ld.5.gdce.bc -args /home/simics/HMoE/HLS_HMoE/pseudo_block/run_11/project/solution1/.autopilot/db/a.g.ld.4.m2.bc -reflow-globaldce -hls-top-function-name=pseudo_moe 
INFO-FLOW: run_clang exec: /home/simics/HMoE/Vitis_HLS/2023.2/lnx64/tools/clang-3.9-csynth/bin/opt -pass-remarks-missed=reflow|pasta|unroll -pass-remarks=reflow|pasta|unroll|inline -pass-remarks-output=/home/simics/HMoE/HLS_HMoE/pseudo_block/run_11/project/solution1/.autopilot/db/a.g.ld.5.gdce.bc.opt.diag.yml /home/simics/HMoE/HLS_HMoE/pseudo_block/run_11/project/solution1/.autopilot/db/a.g.ld.4.m2.bc -reflow-globaldce -hls-top-function-name=pseudo_moe -o /home/simics/HMoE/HLS_HMoE/pseudo_block/run_11/project/solution1/.autopilot/db/a.g.ld.5.gdce.bc > /home/simics/HMoE/HLS_HMoE/pseudo_block/run_11/project/solution1/.autopilot/db/a.g.ld.5.gdce.bc.opt.out.log 2> /home/simics/HMoE/HLS_HMoE/pseudo_block/run_11/project/solution1/.autopilot/db/a.g.ld.5.gdce.bc.opt.err.log
INFO-FLOW: 
INFO-FLOW: Running: gen_design_size_report post-opt
INFO-FLOW: Done: gen_design_size_report post-opt time: 0 seconds per iteration
Execute         send_msg_by_id INFO @200-777@%s Vivado 
INFO: [HLS 200-777] Using interface defaults for 'Vivado' flow target.
Execute         is_m_axi_addr64 
INFO-FLOW: Doing LTO.
INFO-FLOW: run_clang (background poll_ms 5000) exec: /home/simics/HMoE/Vitis_HLS/2023.2/lnx64/tools/clang-3.9-csynth/bin/clang -foptimization-record-file=/home/simics/HMoE/HLS_HMoE/pseudo_block/run_11/project/solution1/.autopilot/db/a.g.ld.0.bc.clang.reflow.diag.yml -mllvm -pass-remarks-missed=reflow|pasta|unroll -mllvm -pass-remarks=reflow|pasta|unroll|inline -fhls -mllvm -hls-top-function-name=pseudo_moe -mllvm -hls-db-dir -mllvm /home/simics/HMoE/HLS_HMoE/pseudo_block/run_11/project/solution1/.autopilot/db -emit-llvm -c -target fpga64-xilinx-none -mllvm -xcl-xmlinfo=/home/simics/HMoE/HLS_HMoE/pseudo_block/run_11/project/solution1/.autopilot/db/kernel.internal.xml -mllvm -top-io-mapping-info=/home/simics/HMoE/HLS_HMoE/pseudo_block/run_11/project/solution1/.autopilot/db/top-io-fe.xml -mllvm -hls-bitcode-version=3.1 -mllvm -reflow-enable-slave-interface-default-setting=true -mllvm -gen-kernel-xml=false -mllvm -default-maxi-offset=slave -mllvm -maxi-latency=0 -mllvm -hls-maxi-data-size-in-bits=8 -mllvm -hls-maxi-max-data-size-in-bits=1024 -mllvm -hls-max-widen-size-in-bits=0 -mllvm -xcl-kernel-max-mem-ports=0 -mllvm -maxi-read-trans=16 -mllvm -maxi-write-trans=16 -mllvm -maxi-read-burst-len=16 -mllvm -maxi-write-burst-len=16 -mllvm -reflow-enable-saxi-64bits=0 -mllvm -reflow-basic-block-instr-threshold=200000 -mllvm -reflow-auto-pipeline-threshold=64 -mllvm -reflow-enable-maxi-auto-id-channel=0 -mllvm -enable-fp-thr=0 -mllvm -reflow-bdd-simplify-threshold=1048576 -mllvm -reflow-fanout-threshold=16 -mllvm -assume-maxi-align=1 -mllvm -reflow-pipeline-style-llvm-setting=2 -mllvm -reflow-enable-dataflow-strict-mode-checking=1 -ftime-report -mllvm -time-passes -mllvm -reflow-auto-array-partition-mode=default -mllvm -reflow-enable-auto-array-partition=true -mllvm -reflow-enable-auto-parallel-performance-driven=true -mllvm -reflow-enable-partition-for-automation=true -mllvm -reflow-aggregate-bitwidth-threshold=4096 -mllvm -reflow-reserved-saxilite-registers=0 -mllvm -enable-reflow-auto-loop-pipeline -mllvm -reflow-max-unroll-threshold=409600 -mllvm -reflow-assume-no-address-wrap=true -mllvm -reflow-enable-occurrence-inference=true -mllvm -reflow-emit-hint-scope=true -mllvm -hls -mllvm -disable-inlined-alloca-merging=true -mllvm -default-clock-period=10 -x ir /home/simics/HMoE/HLS_HMoE/pseudo_block/run_11/project/solution1/.autopilot/db/a.g.ld.5.gdce.bc -o /home/simics/HMoE/HLS_HMoE/pseudo_block/run_11/project/solution1/.autopilot/db/a.g.lto.bc -hls-platform-db-name=/home/simics/HMoE/Vitis_HLS/2023.2/common/technology/xilinx/common/platform.db -hls-platform-name=virtexuplus_fast -device-resource-info=BRAM_5376.000000_DSP_12288.000000_FF_3456000.000000_LUT_1728000.000000_SLICE_216000.000000_SLR_4.000000_URAM_1280.000000 -device-name-info=xcvu13p_CIV-figd2104-3-e 2> /home/simics/HMoE/HLS_HMoE/pseudo_block/run_11/project/solution1/.autopilot/db/a.g.ld.0.bc.clang.reflow.err.log bg_poll_cmd: ::AP::poll_clang_39_closed_source
Execute         send_msg_by_id INFO @200-1995@%s%s%s 764 Compile/Link /home/simics/HMoE/HLS_HMoE/pseudo_block/run_11/project/solution1/syn/report/csynth_design_size.rpt 
INFO: [HLS 200-1995] There were 764 instructions in the design after the 'Compile/Link' phase of compilation. See the Design Size Report for more details: /home/simics/HMoE/HLS_HMoE/pseudo_block/run_11/project/solution1/syn/report/csynth_design_size.rpt
Execute         send_msg_by_id INFO @200-1995@%s%s%s 1,644 Unroll/Inline (step 1) /home/simics/HMoE/HLS_HMoE/pseudo_block/run_11/project/solution1/syn/report/csynth_design_size.rpt 
INFO: [HLS 200-1995] There were 1,644 instructions in the design after the 'Unroll/Inline (step 1)' phase of compilation. See the Design Size Report for more details: /home/simics/HMoE/HLS_HMoE/pseudo_block/run_11/project/solution1/syn/report/csynth_design_size.rpt
Execute         send_msg_by_id INFO @200-1995@%s%s%s 1,364 Unroll/Inline (step 2) /home/simics/HMoE/HLS_HMoE/pseudo_block/run_11/project/solution1/syn/report/csynth_design_size.rpt 
INFO: [HLS 200-1995] There were 1,364 instructions in the design after the 'Unroll/Inline (step 2)' phase of compilation. See the Design Size Report for more details: /home/simics/HMoE/HLS_HMoE/pseudo_block/run_11/project/solution1/syn/report/csynth_design_size.rpt
Execute         send_msg_by_id INFO @200-1995@%s%s%s 1,166 Unroll/Inline (step 3) /home/simics/HMoE/HLS_HMoE/pseudo_block/run_11/project/solution1/syn/report/csynth_design_size.rpt 
INFO: [HLS 200-1995] There were 1,166 instructions in the design after the 'Unroll/Inline (step 3)' phase of compilation. See the Design Size Report for more details: /home/simics/HMoE/HLS_HMoE/pseudo_block/run_11/project/solution1/syn/report/csynth_design_size.rpt
Execute         send_msg_by_id INFO @200-1995@%s%s%s 1,166 Unroll/Inline (step 4) /home/simics/HMoE/HLS_HMoE/pseudo_block/run_11/project/solution1/syn/report/csynth_design_size.rpt 
INFO: [HLS 200-1995] There were 1,166 instructions in the design after the 'Unroll/Inline (step 4)' phase of compilation. See the Design Size Report for more details: /home/simics/HMoE/HLS_HMoE/pseudo_block/run_11/project/solution1/syn/report/csynth_design_size.rpt
Execute         send_msg_by_id INFO @200-1995@%s%s%s 5,176 Array/Struct (step 1) /home/simics/HMoE/HLS_HMoE/pseudo_block/run_11/project/solution1/syn/report/csynth_design_size.rpt 
INFO: [HLS 200-1995] There were 5,176 instructions in the design after the 'Array/Struct (step 1)' phase of compilation. See the Design Size Report for more details: /home/simics/HMoE/HLS_HMoE/pseudo_block/run_11/project/solution1/syn/report/csynth_design_size.rpt
Execute         send_msg_by_id INFO @200-1995@%s%s%s 2,189 Array/Struct (step 2) /home/simics/HMoE/HLS_HMoE/pseudo_block/run_11/project/solution1/syn/report/csynth_design_size.rpt 
INFO: [HLS 200-1995] There were 2,189 instructions in the design after the 'Array/Struct (step 2)' phase of compilation. See the Design Size Report for more details: /home/simics/HMoE/HLS_HMoE/pseudo_block/run_11/project/solution1/syn/report/csynth_design_size.rpt
Execute         send_msg_by_id INFO @200-1995@%s%s%s 2,189 Array/Struct (step 3) /home/simics/HMoE/HLS_HMoE/pseudo_block/run_11/project/solution1/syn/report/csynth_design_size.rpt 
INFO: [HLS 200-1995] There were 2,189 instructions in the design after the 'Array/Struct (step 3)' phase of compilation. See the Design Size Report for more details: /home/simics/HMoE/HLS_HMoE/pseudo_block/run_11/project/solution1/syn/report/csynth_design_size.rpt
Execute         send_msg_by_id INFO @200-1995@%s%s%s 2,189 Array/Struct (step 4) /home/simics/HMoE/HLS_HMoE/pseudo_block/run_11/project/solution1/syn/report/csynth_design_size.rpt 
INFO: [HLS 200-1995] There were 2,189 instructions in the design after the 'Array/Struct (step 4)' phase of compilation. See the Design Size Report for more details: /home/simics/HMoE/HLS_HMoE/pseudo_block/run_11/project/solution1/syn/report/csynth_design_size.rpt
Execute         send_msg_by_id INFO @200-1995@%s%s%s 2,088 Array/Struct (step 5) /home/simics/HMoE/HLS_HMoE/pseudo_block/run_11/project/solution1/syn/report/csynth_design_size.rpt 
INFO: [HLS 200-1995] There were 2,088 instructions in the design after the 'Array/Struct (step 5)' phase of compilation. See the Design Size Report for more details: /home/simics/HMoE/HLS_HMoE/pseudo_block/run_11/project/solution1/syn/report/csynth_design_size.rpt
Execute         send_msg_by_id INFO @200-1995@%s%s%s 2,014 Performance (step 1) /home/simics/HMoE/HLS_HMoE/pseudo_block/run_11/project/solution1/syn/report/csynth_design_size.rpt 
INFO: [HLS 200-1995] There were 2,014 instructions in the design after the 'Performance (step 1)' phase of compilation. See the Design Size Report for more details: /home/simics/HMoE/HLS_HMoE/pseudo_block/run_11/project/solution1/syn/report/csynth_design_size.rpt
Execute         send_msg_by_id INFO @200-1995@%s%s%s 2,352 Performance (step 2) /home/simics/HMoE/HLS_HMoE/pseudo_block/run_11/project/solution1/syn/report/csynth_design_size.rpt 
INFO: [HLS 200-1995] There were 2,352 instructions in the design after the 'Performance (step 2)' phase of compilation. See the Design Size Report for more details: /home/simics/HMoE/HLS_HMoE/pseudo_block/run_11/project/solution1/syn/report/csynth_design_size.rpt
Execute         send_msg_by_id INFO @200-1995@%s%s%s 2,352 Performance (step 3) /home/simics/HMoE/HLS_HMoE/pseudo_block/run_11/project/solution1/syn/report/csynth_design_size.rpt 
INFO: [HLS 200-1995] There were 2,352 instructions in the design after the 'Performance (step 3)' phase of compilation. See the Design Size Report for more details: /home/simics/HMoE/HLS_HMoE/pseudo_block/run_11/project/solution1/syn/report/csynth_design_size.rpt
Execute         send_msg_by_id INFO @200-1995@%s%s%s 2,352 Performance (step 4) /home/simics/HMoE/HLS_HMoE/pseudo_block/run_11/project/solution1/syn/report/csynth_design_size.rpt 
INFO: [HLS 200-1995] There were 2,352 instructions in the design after the 'Performance (step 4)' phase of compilation. See the Design Size Report for more details: /home/simics/HMoE/HLS_HMoE/pseudo_block/run_11/project/solution1/syn/report/csynth_design_size.rpt
Execute         send_msg_by_id INFO @200-1995@%s%s%s 2,467 HW Transforms (step 1) /home/simics/HMoE/HLS_HMoE/pseudo_block/run_11/project/solution1/syn/report/csynth_design_size.rpt 
INFO: [HLS 200-1995] There were 2,467 instructions in the design after the 'HW Transforms (step 1)' phase of compilation. See the Design Size Report for more details: /home/simics/HMoE/HLS_HMoE/pseudo_block/run_11/project/solution1/syn/report/csynth_design_size.rpt
Execute         send_msg_by_id INFO @200-1995@%s%s%s 2,242 HW Transforms (step 2) /home/simics/HMoE/HLS_HMoE/pseudo_block/run_11/project/solution1/syn/report/csynth_design_size.rpt 
INFO: [HLS 200-1995] There were 2,242 instructions in the design after the 'HW Transforms (step 2)' phase of compilation. See the Design Size Report for more details: /home/simics/HMoE/HLS_HMoE/pseudo_block/run_11/project/solution1/syn/report/csynth_design_size.rpt
INFO: [HLS 214-291] Loop 'VITIS_LOOP_33_4' is marked as complete unroll implied by the pipeline pragma (/home/simics/HMoE/HLS_HMoE/pseudo_block/run_11/src/pseudo_moe.cpp:33:19)
INFO: [HLS 214-186] Unrolling loop 'VITIS_LOOP_26_2' (/home/simics/HMoE/HLS_HMoE/pseudo_block/run_11/src/pseudo_moe.cpp:26:19) in function 'compute_expert<3>' completely with a factor of 16 (/home/simics/HMoE/HLS_HMoE/pseudo_block/run_11/src/pseudo_moe.cpp:19:0)
INFO: [HLS 214-186] Unrolling loop 'VITIS_LOOP_33_4' (/home/simics/HMoE/HLS_HMoE/pseudo_block/run_11/src/pseudo_moe.cpp:33:19) in function 'compute_expert<3>' completely with a factor of 16 (/home/simics/HMoE/HLS_HMoE/pseudo_block/run_11/src/pseudo_moe.cpp:19:0)
INFO: [HLS 214-186] Unrolling loop 'VITIS_LOOP_42_5' (/home/simics/HMoE/HLS_HMoE/pseudo_block/run_11/src/pseudo_moe.cpp:42:26) in function 'compute_expert<3>' completely with a factor of 16 (/home/simics/HMoE/HLS_HMoE/pseudo_block/run_11/src/pseudo_moe.cpp:19:0)
INFO: [HLS 214-186] Unrolling loop 'VITIS_LOOP_26_2' (/home/simics/HMoE/HLS_HMoE/pseudo_block/run_11/src/pseudo_moe.cpp:26:19) in function 'compute_expert<2>' completely with a factor of 16 (/home/simics/HMoE/HLS_HMoE/pseudo_block/run_11/src/pseudo_moe.cpp:19:0)
INFO: [HLS 214-186] Unrolling loop 'VITIS_LOOP_33_4' (/home/simics/HMoE/HLS_HMoE/pseudo_block/run_11/src/pseudo_moe.cpp:33:19) in function 'compute_expert<2>' completely with a factor of 16 (/home/simics/HMoE/HLS_HMoE/pseudo_block/run_11/src/pseudo_moe.cpp:19:0)
INFO: [HLS 214-186] Unrolling loop 'VITIS_LOOP_42_5' (/home/simics/HMoE/HLS_HMoE/pseudo_block/run_11/src/pseudo_moe.cpp:42:26) in function 'compute_expert<2>' completely with a factor of 16 (/home/simics/HMoE/HLS_HMoE/pseudo_block/run_11/src/pseudo_moe.cpp:19:0)
INFO: [HLS 214-186] Unrolling loop 'VITIS_LOOP_26_2' (/home/simics/HMoE/HLS_HMoE/pseudo_block/run_11/src/pseudo_moe.cpp:26:19) in function 'compute_expert<1>' completely with a factor of 16 (/home/simics/HMoE/HLS_HMoE/pseudo_block/run_11/src/pseudo_moe.cpp:19:0)
INFO: [HLS 214-186] Unrolling loop 'VITIS_LOOP_33_4' (/home/simics/HMoE/HLS_HMoE/pseudo_block/run_11/src/pseudo_moe.cpp:33:19) in function 'compute_expert<1>' completely with a factor of 16 (/home/simics/HMoE/HLS_HMoE/pseudo_block/run_11/src/pseudo_moe.cpp:19:0)
INFO: [HLS 214-186] Unrolling loop 'VITIS_LOOP_42_5' (/home/simics/HMoE/HLS_HMoE/pseudo_block/run_11/src/pseudo_moe.cpp:42:26) in function 'compute_expert<1>' completely with a factor of 16 (/home/simics/HMoE/HLS_HMoE/pseudo_block/run_11/src/pseudo_moe.cpp:19:0)
INFO: [HLS 214-186] Unrolling loop 'VITIS_LOOP_26_2' (/home/simics/HMoE/HLS_HMoE/pseudo_block/run_11/src/pseudo_moe.cpp:26:19) in function 'compute_expert<0>' completely with a factor of 16 (/home/simics/HMoE/HLS_HMoE/pseudo_block/run_11/src/pseudo_moe.cpp:19:0)
INFO: [HLS 214-186] Unrolling loop 'VITIS_LOOP_33_4' (/home/simics/HMoE/HLS_HMoE/pseudo_block/run_11/src/pseudo_moe.cpp:33:19) in function 'compute_expert<0>' completely with a factor of 16 (/home/simics/HMoE/HLS_HMoE/pseudo_block/run_11/src/pseudo_moe.cpp:19:0)
INFO: [HLS 214-186] Unrolling loop 'VITIS_LOOP_42_5' (/home/simics/HMoE/HLS_HMoE/pseudo_block/run_11/src/pseudo_moe.cpp:42:26) in function 'compute_expert<0>' completely with a factor of 16 (/home/simics/HMoE/HLS_HMoE/pseudo_block/run_11/src/pseudo_moe.cpp:19:0)
INFO: [HLS 214-248] Applying array_partition to 'input_local': Cyclic partitioning with factor 16 on dimension 2. (/home/simics/HMoE/HLS_HMoE/pseudo_block/run_11/src/pseudo_moe.cpp:111:8)
INFO: [HLS 214-248] Applying array_partition to 'w0_local': Cyclic partitioning with factor 16 on dimension 1. (/home/simics/HMoE/HLS_HMoE/pseudo_block/run_11/src/pseudo_moe.cpp:113:11)
INFO: [HLS 214-248] Applying array_partition to 'w1_local': Cyclic partitioning with factor 16 on dimension 1. (/home/simics/HMoE/HLS_HMoE/pseudo_block/run_11/src/pseudo_moe.cpp:114:11)
INFO: [HLS 214-248] Applying array_partition to 'w2_local': Cyclic partitioning with factor 16 on dimension 1. (/home/simics/HMoE/HLS_HMoE/pseudo_block/run_11/src/pseudo_moe.cpp:115:11)
INFO: [HLS 214-248] Applying array_partition to 'w3_local': Cyclic partitioning with factor 16 on dimension 1. (/home/simics/HMoE/HLS_HMoE/pseudo_block/run_11/src/pseudo_moe.cpp:116:11)
INFO: [HLS 214-248] Applying array_partition to 'x0': Cyclic partitioning with factor 16 on dimension 1. (/home/simics/HMoE/HLS_HMoE/pseudo_block/run_11/src/pseudo_moe.cpp:191:15)
INFO: [HLS 214-248] Applying array_partition to 'x1': Cyclic partitioning with factor 16 on dimension 1. (/home/simics/HMoE/HLS_HMoE/pseudo_block/run_11/src/pseudo_moe.cpp:192:15)
INFO: [HLS 214-248] Applying array_partition to 'x2': Cyclic partitioning with factor 16 on dimension 1. (/home/simics/HMoE/HLS_HMoE/pseudo_block/run_11/src/pseudo_moe.cpp:193:15)
INFO: [HLS 214-248] Applying array_partition to 'x3': Cyclic partitioning with factor 16 on dimension 1. (/home/simics/HMoE/HLS_HMoE/pseudo_block/run_11/src/pseudo_moe.cpp:194:15)
INFO: [HLS 214-376] automatically set the pipeline for Loop< VITIS_LOOP_158_5> at /home/simics/HMoE/HLS_HMoE/pseudo_block/run_11/src/pseudo_moe.cpp:158:27 
INFO: [HLS 214-291] Loop 'VITIS_LOOP_161_6' is marked as complete unroll implied by the pipeline pragma (/home/simics/HMoE/HLS_HMoE/pseudo_block/run_11/src/pseudo_moe.cpp:161:31)
INFO: [HLS 214-186] Unrolling loop 'VITIS_LOOP_161_6' (/home/simics/HMoE/HLS_HMoE/pseudo_block/run_11/src/pseudo_moe.cpp:161:31) in function 'pseudo_moe' completely with a factor of 64 (/home/simics/HMoE/HLS_HMoE/pseudo_block/run_11/src/pseudo_moe.cpp:89:0)
INFO: [HLS 214-115] Multiple burst reads of length 64 and bit width 32 in loop 'VITIS_LOOP_22_1'(/home/simics/HMoE/HLS_HMoE/pseudo_block/run_11/src/pseudo_moe.cpp:22:19) has been inferred on bundle 'gmem4'. These burst requests might be further partitioned into multiple requests during RTL generation, based on max_read_burst_length or max_write_burst_length settings. (/home/simics/HMoE/HLS_HMoE/pseudo_block/run_11/src/pseudo_moe.cpp:22:19)
INFO: [HLS 214-115] Multiple burst reads of length 64 and bit width 32 in loop 'VITIS_LOOP_22_1'(/home/simics/HMoE/HLS_HMoE/pseudo_block/run_11/src/pseudo_moe.cpp:22:19) has been inferred on bundle 'gmem6'. These burst requests might be further partitioned into multiple requests during RTL generation, based on max_read_burst_length or max_write_burst_length settings. (/home/simics/HMoE/HLS_HMoE/pseudo_block/run_11/src/pseudo_moe.cpp:22:19)
INFO: [HLS 214-115] Multiple burst reads of length 64 and bit width 32 in loop 'VITIS_LOOP_22_1'(/home/simics/HMoE/HLS_HMoE/pseudo_block/run_11/src/pseudo_moe.cpp:22:19) has been inferred on bundle 'gmem8'. These burst requests might be further partitioned into multiple requests during RTL generation, based on max_read_burst_length or max_write_burst_length settings. (/home/simics/HMoE/HLS_HMoE/pseudo_block/run_11/src/pseudo_moe.cpp:22:19)
INFO: [HLS 214-115] Multiple burst reads of length 64 and bit width 32 in loop 'VITIS_LOOP_22_1'(/home/simics/HMoE/HLS_HMoE/pseudo_block/run_11/src/pseudo_moe.cpp:22:19) has been inferred on bundle 'gmem10'. These burst requests might be further partitioned into multiple requests during RTL generation, based on max_read_burst_length or max_write_burst_length settings. (/home/simics/HMoE/HLS_HMoE/pseudo_block/run_11/src/pseudo_moe.cpp:22:19)
INFO: [HLS 214-115] Multiple burst reads of length 256 and bit width 32 in loop 'VITIS_LOOP_158_5'(/home/simics/HMoE/HLS_HMoE/pseudo_block/run_11/src/pseudo_moe.cpp:158:27) has been inferred on bundle 'gmem1'. These burst requests might be further partitioned into multiple requests during RTL generation, based on max_read_burst_length or max_write_burst_length settings. (/home/simics/HMoE/HLS_HMoE/pseudo_block/run_11/src/pseudo_moe.cpp:158:32)
INFO: [HLS 214-115] Multiple burst reads of length 4 and bit width 32 in loop 'VITIS_LOOP_158_5'(/home/simics/HMoE/HLS_HMoE/pseudo_block/run_11/src/pseudo_moe.cpp:158:27) has been inferred on bundle 'gmem2'. These burst requests might be further partitioned into multiple requests during RTL generation, based on max_read_burst_length or max_write_burst_length settings. (/home/simics/HMoE/HLS_HMoE/pseudo_block/run_11/src/pseudo_moe.cpp:158:32)
INFO: [HLS 214-115] Multiple burst writes of length 4 and bit width 32 in loop 'VITIS_LOOP_181_8'(/home/simics/HMoE/HLS_HMoE/pseudo_block/run_11/src/pseudo_moe.cpp:181:27) has been inferred on bundle 'gmem11'. These burst requests might be further partitioned into multiple requests during RTL generation, based on max_read_burst_length or max_write_burst_length settings. (/home/simics/HMoE/HLS_HMoE/pseudo_block/run_11/src/pseudo_moe.cpp:181:32)
INFO: [HLS 214-115] Multiple burst writes of length 64 and bit width 32 in loop 'VITIS_LOOP_238_10'(/home/simics/HMoE/HLS_HMoE/pseudo_block/run_11/src/pseudo_moe.cpp:238:28) has been inferred on bundle 'gmem12'. These burst requests might be further partitioned into multiple requests during RTL generation, based on max_read_burst_length or max_write_burst_length settings. (/home/simics/HMoE/HLS_HMoE/pseudo_block/run_11/src/pseudo_moe.cpp:238:33)
INFO: [HLS 214-115] Multiple burst reads of length 640 and bit width 32 in loop 'VITIS_LOOP_128_1'(/home/simics/HMoE/HLS_HMoE/pseudo_block/run_11/src/pseudo_moe.cpp:128:20) has been inferred on bundle 'gmem0'. These burst requests might be further partitioned into multiple requests during RTL generation, based on max_read_burst_length or max_write_burst_length settings. (/home/simics/HMoE/HLS_HMoE/pseudo_block/run_11/src/pseudo_moe.cpp:128:20)
INFO: [HLS 214-115] Multiple burst reads of length 4096 and bit width 32 in loop 'VITIS_LOOP_138_3'(/home/simics/HMoE/HLS_HMoE/pseudo_block/run_11/src/pseudo_moe.cpp:138:23) has been inferred on bundle 'gmem3'. These burst requests might be further partitioned into multiple requests during RTL generation, based on max_read_burst_length or max_write_burst_length settings. (/home/simics/HMoE/HLS_HMoE/pseudo_block/run_11/src/pseudo_moe.cpp:138:23)
INFO: [HLS 214-115] Multiple burst reads of length 4096 and bit width 32 in loop 'VITIS_LOOP_138_3'(/home/simics/HMoE/HLS_HMoE/pseudo_block/run_11/src/pseudo_moe.cpp:138:23) has been inferred on bundle 'gmem5'. These burst requests might be further partitioned into multiple requests during RTL generation, based on max_read_burst_length or max_write_burst_length settings. (/home/simics/HMoE/HLS_HMoE/pseudo_block/run_11/src/pseudo_moe.cpp:138:23)
INFO: [HLS 214-115] Multiple burst reads of length 4096 and bit width 32 in loop 'VITIS_LOOP_138_3'(/home/simics/HMoE/HLS_HMoE/pseudo_block/run_11/src/pseudo_moe.cpp:138:23) has been inferred on bundle 'gmem7'. These burst requests might be further partitioned into multiple requests during RTL generation, based on max_read_burst_length or max_write_burst_length settings. (/home/simics/HMoE/HLS_HMoE/pseudo_block/run_11/src/pseudo_moe.cpp:138:23)
INFO: [HLS 214-115] Multiple burst reads of length 4096 and bit width 32 in loop 'VITIS_LOOP_138_3'(/home/simics/HMoE/HLS_HMoE/pseudo_block/run_11/src/pseudo_moe.cpp:138:23) has been inferred on bundle 'gmem9'. These burst requests might be further partitioned into multiple requests during RTL generation, based on max_read_burst_length or max_write_burst_length settings. (/home/simics/HMoE/HLS_HMoE/pseudo_block/run_11/src/pseudo_moe.cpp:138:23)
INFO-FLOW: DBG:PUTS: copy_raw_kernel_xml ap_link_39: kernel.xml not generated: /home/simics/HMoE/HLS_HMoE/pseudo_block/run_11/project/solution1/.autopilot/db/kernel.internal.xml
INFO: [HLS 200-111] Finished Compiling Optimization and Transform: CPU user time: 3.58 seconds. CPU system time: 0.55 seconds. Elapsed time: 7.86 seconds; current allocated memory: 288.480 MB.
INFO: [HLS 200-111] Finished Checking Pragmas: CPU user time: 0 seconds. CPU system time: 0 seconds. Elapsed time: 0 seconds; current allocated memory: 288.480 MB.
Execute         opt_and_import_c a -opt_level=2 -skip_syncheck=0 -ng=0 -keep_printf=0 
Execute           cleanup_all_models 
INFO: [HLS 200-10] Starting code transformations ...
INFO-FLOW: Running Standard Transforms...
Execute           transform -hls -share-std-xform -demangle-name -inline-byval-memcpy -always-inline -promote-dbg-pointer -interface-preproc -mem2reg -scalarrepl -mem2reg -keep-read-access -instcombine -dce -promote-dbg-pointer -bitop-raise -loop-simplify -indvarspre -indvars -loop-simplify -xunroll -constprop -instcombine -simplifycfg -indvars -simplifycfg -dce -globaldce -basicaa -simplifycfg -mem2reg -globalopt -global-constprop -deadargelim -instcombine -simplifycfg -scalarrepl -instcombine -reassociate -licm -simplifycfg -loop-simplify -indvars -instcombine -simplifycfg -mem2reg -loop-simplify -indvars -instcombine -gvn -gvn -instcombine -adce -break-crit-edges -simplifycfg -loop-delete -global-array-opt -dce -dse -adce -find-syn-modules -top pseudo_moe -deadargelim -mem2reg -instcombine -dce -presyn-prepare -interface-preproc -syn-check -check-rec-only -find-region -simplifycfg -func-extr -function-inline -globaldce -mem2reg -instcombine -dce -gvn -globaldce -adce -adse -constprop -instcombine -bit-constprop -instcombine -dce -simplifycfg -bitop-raise -simplifycfg -dce -loop-delete -reassociate -globalopt -global-privatize -mem2reg -dce -global-constprop -pointer-simplify -constprop -dce -auto-shift-reg-idiom -promote-dbg-pointer -norm-name /home/simics/HMoE/HLS_HMoE/pseudo_block/run_11/project/solution1/.autopilot/db/a.g.0.bc -o /home/simics/HMoE/HLS_HMoE/pseudo_block/run_11/project/solution1/.autopilot/db/a.g.1.bc -f -phase std-opt 
INFO: [HLS 200-111] Finished Standard Transforms: CPU user time: 0.08 seconds. CPU system time: 0.01 seconds. Elapsed time: 0.08 seconds; current allocated memory: 290.285 MB.
INFO: [HLS 200-10] Checking synthesizability ...
INFO-FLOW: Checking Synthesizability 1/2..
Execute           transform -hls -syn-check -check-rec-only -scalarrepl -norm-name -dce -mem2reg -instcombine -directive-preproc -mem2reg -dse -dce -dce -pag -array-normalize -instcombine -dce -array-seg-normalize -instcombine -dce -data-pack -instcombine -dce -inst-simplify -array-flatten -instcombine -dce -array-burst -dce -deadargelim -promote-global-argument -simplifycfg -mem2reg -globaldce -dce -deadargelim -dce -instcombine -function-inline -globaldce -dce -doublePtrSimplify -doublePtrElim -dce -doublePtrSimplify -promote-dbg-pointer -dce -scalarrepl -dse -adse -instcombine -ptrLegalization -simplifycfg -dce -instcombine -pointer-simplify -ptrArgReplace -dce -instcombine -resolve-double-ptr -scalarrepl -norm-name -dce -mem2reg -instcombine -ptrLegalization -simplifycfg -deadargelim -instcombine -dce -inst-simplify -directive-preproc -mem2reg -dse -dce -globaldce /home/simics/HMoE/HLS_HMoE/pseudo_block/run_11/project/solution1/.autopilot/db/a.g.1.bc -o /home/simics/HMoE/HLS_HMoE/pseudo_block/run_11/project/solution1/.autopilot/db/a.g.2.prechk.bc -f 
Command           transform done; 0.11 sec.
INFO-FLOW: Checking Synthesizability 2/2..
Execute           transform -syn-check /home/simics/HMoE/HLS_HMoE/pseudo_block/run_11/project/solution1/.autopilot/db/a.g.2.prechk.bc -o /home/simics/HMoE/HLS_HMoE/pseudo_block/run_11/project/solution1/.autopilot/db/a.g.2.bc -f -phase syn-check 
INFO: [HLS 200-111] Finished Checking Synthesizability: CPU user time: 0.11 seconds. CPU system time: 0 seconds. Elapsed time: 0.11 seconds; current allocated memory: 293.055 MB.
INFO-FLOW: Compiler optimizing ...
INFO-FLOW: Share syncheck's 1.bc for syn flow: copy /home/simics/HMoE/HLS_HMoE/pseudo_block/run_11/project/solution1/.autopilot/db/a.g.1.bc to /home/simics/HMoE/HLS_HMoE/pseudo_block/run_11/project/solution1/.autopilot/db/a.o.1.bc
INFO-FLOW: Presyn 1...
Execute           transform -hls -tmp /home/simics/HMoE/HLS_HMoE/pseudo_block/run_11/project/solution1/.autopilot/db -interface-port-rename -directive-preproc -mem2reg -dse -dce -scalarrepl -norm-name -deadargelim -mem2reg -instcombine -dce -simplifycfg -dce -resource-proc -clib-intrinsic-prepare -dce -func-buffer -dce -pag -array-normalize -func-legal -instcombine -gvn -constprop -dce -simplifycfg -mem2reg -globaldce -resolve-double-ptr -dce -deadargelim -dce -instcombine -ptrArgReplace -mem2reg -dce -array-seg-normalize -deadargelim -instcombine -dce -directive-preproc -mem2reg -dse -dce -pointer-simplify -dce -port-alignment -dce -interface-preproc -data-pack -instcombine -dce -basicaa -aggr-aa -aggrmodref-aa -aggr-aa -gvn -gvn -basicaa -aggr-aa -aggrmodref-aa -aggr-aa -dse -adse -adce -loop-simplify -indvars -instcombine -gvn -loop-simplify -mem2reg -dce -find-region -instcombine -inst-simplify -interface-preproc -cfgopt -instcombine -indvars -auto-loop-unroll -loop-simplify -loop-bound -xunroll -constprop -instcombine -simplifycfg -indvars -simplifycfg -dce -globaldce -clean-region -attach-range -gvn -inst-simplify -constprop -simplifycfg -dce -pointer-simplify -dce -globalopt -constprop -dce -array-promote -scalar-auto-dep-elim -constprop -dce -ptrArgReplace -mem2reg -simplifycfg -dce -instcombine -dce -array-transform-check -array-reshape -instcombine -simplifycfg -dce -ptrArgReplace -deadargelim -mem2reg -instcombine -simplifycfg -dce -indvars -loop-simplify -loop-bound -xunroll -constprop -instcombine -simplifycfg -indvars -simplifycfg -dce -globaldce -basicaa -aggr-aa -aggrmodref-aa -aggr-aa -dse -duplicate-dataflow-processes -globaldce -instcombine -array-partition -prepare-dynamic-array-partition -instcombine -simplifycfg -dce -ptrArgReplace -global-constprop -deadargelim -mem2reg -func-legal -dce -global-constprop -deadargelim -mem2reg -simplifycfg -dce -merge-param -deadargelim -globalopt -constprop -dce -array-promote -scalar-auto-dep-elim -constprop -dce -ptrArgReplace -mem2reg -simplifycfg -dce -mem-intrinsic-preproc -dce -global-internalize -global-privatize -mem2reg -globaldce -promote-global-argument -ptrArgReplace -mem2reg -dce -globalopt -mergereturn -simplify-global-access -mem2reg -dce -pointer-simplify -dce -functionattrs -basicaa -aggr-aa -aggrmodref-aa -aggr-aa -gvn -gvn -basicaa -aggr-aa -aggrmodref-aa -aggr-aa -dse -adse -adce -dce -norm-name -basicaa -aggr-aa -aggrmodref-aa -aggr-aa -accesses-merge -function-inline -complex-op-raise -inst-simplify -globaldce -func-legal -dce -loop-bound -arraycheck -bitwidthmin2 -bitwidthmin2 -on-by-dataflow -loop-delete -instcombine -simplifycfg -globaldce -dce -gvn -deadargelim -dce -loop-simplify -clean-region -simplifycfg -propagate-stable-arguments -loop-stream -instcombine -simplifycfg -dce -globaldce -duplicate-dataflow-processes -stream-intrinsic-preproc -dce -check-ap-stream -loop-simplify -eliminate-keepreads -extract-dataflow-in-loop -loop-simplify -dce -gvn -deadargelim -dse -duplicate-dataflow-processes -check-dataflow-syntax -legalize-stream-variable -globaldce -legalize-global -extract-subproc -dce -dead-channel-elimination -canonicalize-gep -globaldce -dce -gvn -hls-dead-arg-elim -deadargelim -directive-preproc -canonicalize-dataflow -dce -globaldce -scalar-preprocessing -scalar-propagation2 -scalar-stream -deadargelim -globaldce -mem2reg -check-dataflow-channels -function-stream -dce -globaldce -prop-fifo-spec -internal-stream-gen -canonicalize-gep -globaldce -dce -gvn -deadargelim -mergereturn -indvars -loop-simplify -instcombine -array-stream -array-seg-normalize -array-partition -clean-array-spec -func-legal -instcombine -simplifycfg -dce -bundle-memfifo-ops -deadargelim -directive-preproc -mem2reg -dse -dce -group-axi-access -licm -simplifycfg -dce -loop-delete -hls-display -norm-name /home/simics/HMoE/HLS_HMoE/pseudo_block/run_11/project/solution1/.autopilot/db/a.o.1.bc -o /home/simics/HMoE/HLS_HMoE/pseudo_block/run_11/project/solution1/.autopilot/db/a.o.1.tmp.bc -f 
INFO: [XFORM 203-721] Change variable 'logits' (/home/simics/HMoE/HLS_HMoE/pseudo_block/run_11/src/pseudo_moe.cpp:151) to FIFO automatically.
INFO: [XFORM 203-721] Change variable 'exp_values' (/home/simics/HMoE/HLS_HMoE/pseudo_block/run_11/src/pseudo_moe.cpp:152) to FIFO automatically.
INFO: [XFORM 203-721] Changing loop 'Loop_VITIS_LOOP_158_5_proc' (/home/simics/HMoE/HLS_HMoE/pseudo_block/run_11/src/pseudo_moe.cpp:158) to a process function for dataflow in function 'dataflow_in_loop_VITIS_LOOP_149_4.1'.
INFO: [XFORM 203-721] Changing loop 'Loop_VITIS_LOOP_175_7_proc' (/home/simics/HMoE/HLS_HMoE/pseudo_block/run_11/src/pseudo_moe.cpp:175) to a process function for dataflow in function 'dataflow_in_loop_VITIS_LOOP_149_4.1'.
INFO: [XFORM 203-721] Changing loop 'Loop_VITIS_LOOP_181_8_proc' (/home/simics/HMoE/HLS_HMoE/pseudo_block/run_11/src/pseudo_moe.cpp:181) to a process function for dataflow in function 'dataflow_in_loop_VITIS_LOOP_149_4.1'.
INFO: [XFORM 203-721] Changing loop 'Loop_VITIS_LOOP_201_9_proc' (/home/simics/HMoE/HLS_HMoE/pseudo_block/run_11/src/pseudo_moe.cpp:201) to a process function for dataflow in function 'dataflow_in_loop_VITIS_LOOP_149_4.1'.
INFO: [XFORM 203-721] Changing loop 'Loop_VITIS_LOOP_238_10_proc' (/home/simics/HMoE/HLS_HMoE/pseudo_block/run_11/src/pseudo_moe.cpp:238) to a process function for dataflow in function 'dataflow_in_loop_VITIS_LOOP_149_4.1'.
INFO: [HLS 200-778] Automatically marking array 'input_local' as shared between two reader processes.
INFO: [HLS 200-755] Binding port 0 of memory 'input_local' to function 'dataflow_in_loop_VITIS_LOOP_149_4.1_Loop_VITIS_LOOP_158_5_proc4' (/home/simics/HMoE/HLS_HMoE/pseudo_block/run_11/src/pseudo_moe.cpp:151) 
INFO: [HLS 200-755] Binding port 1 of memory 'input_local' to function 'dataflow_in_loop_VITIS_LOOP_149_4.1_Loop_VITIS_LOOP_201_9_proc7' (/home/simics/HMoE/HLS_HMoE/pseudo_block/run_11/src/pseudo_moe.cpp:201:20) 
INFO: [HLS 200-778] Automatically marking array 'input_local.1' as shared between two reader processes.
INFO: [HLS 200-755] Binding port 0 of memory 'input_local.1' to function 'dataflow_in_loop_VITIS_LOOP_149_4.1_Loop_VITIS_LOOP_158_5_proc4' (/home/simics/HMoE/HLS_HMoE/pseudo_block/run_11/src/pseudo_moe.cpp:151) 
INFO: [HLS 200-755] Binding port 1 of memory 'input_local.1' to function 'dataflow_in_loop_VITIS_LOOP_149_4.1_Loop_VITIS_LOOP_201_9_proc7' (/home/simics/HMoE/HLS_HMoE/pseudo_block/run_11/src/pseudo_moe.cpp:201:20) 
INFO: [HLS 200-778] Automatically marking array 'input_local.2' as shared between two reader processes.
INFO: [HLS 200-755] Binding port 0 of memory 'input_local.2' to function 'dataflow_in_loop_VITIS_LOOP_149_4.1_Loop_VITIS_LOOP_158_5_proc4' (/home/simics/HMoE/HLS_HMoE/pseudo_block/run_11/src/pseudo_moe.cpp:151) 
INFO: [HLS 200-755] Binding port 1 of memory 'input_local.2' to function 'dataflow_in_loop_VITIS_LOOP_149_4.1_Loop_VITIS_LOOP_201_9_proc7' (/home/simics/HMoE/HLS_HMoE/pseudo_block/run_11/src/pseudo_moe.cpp:201:20) 
INFO: [HLS 200-778] Automatically marking array 'input_local.3' as shared between two reader processes.
INFO: [HLS 200-755] Binding port 0 of memory 'input_local.3' to function 'dataflow_in_loop_VITIS_LOOP_149_4.1_Loop_VITIS_LOOP_158_5_proc4' (/home/simics/HMoE/HLS_HMoE/pseudo_block/run_11/src/pseudo_moe.cpp:151) 
INFO: [HLS 200-755] Binding port 1 of memory 'input_local.3' to function 'dataflow_in_loop_VITIS_LOOP_149_4.1_Loop_VITIS_LOOP_201_9_proc7' (/home/simics/HMoE/HLS_HMoE/pseudo_block/run_11/src/pseudo_moe.cpp:201:20) 
INFO: [HLS 200-778] Automatically marking array 'input_local.4' as shared between two reader processes.
INFO: [HLS 200-755] Binding port 0 of memory 'input_local.4' to function 'dataflow_in_loop_VITIS_LOOP_149_4.1_Loop_VITIS_LOOP_158_5_proc4' (/home/simics/HMoE/HLS_HMoE/pseudo_block/run_11/src/pseudo_moe.cpp:151) 
INFO: [HLS 200-755] Binding port 1 of memory 'input_local.4' to function 'dataflow_in_loop_VITIS_LOOP_149_4.1_Loop_VITIS_LOOP_201_9_proc7' (/home/simics/HMoE/HLS_HMoE/pseudo_block/run_11/src/pseudo_moe.cpp:201:20) 
INFO: [HLS 200-778] Automatically marking array 'input_local.5' as shared between two reader processes.
INFO: [HLS 200-755] Binding port 0 of memory 'input_local.5' to function 'dataflow_in_loop_VITIS_LOOP_149_4.1_Loop_VITIS_LOOP_158_5_proc4' (/home/simics/HMoE/HLS_HMoE/pseudo_block/run_11/src/pseudo_moe.cpp:151) 
INFO: [HLS 200-755] Binding port 1 of memory 'input_local.5' to function 'dataflow_in_loop_VITIS_LOOP_149_4.1_Loop_VITIS_LOOP_201_9_proc7' (/home/simics/HMoE/HLS_HMoE/pseudo_block/run_11/src/pseudo_moe.cpp:201:20) 
INFO: [HLS 200-778] Automatically marking array 'input_local.6' as shared between two reader processes.
INFO: [HLS 200-755] Binding port 0 of memory 'input_local.6' to function 'dataflow_in_loop_VITIS_LOOP_149_4.1_Loop_VITIS_LOOP_158_5_proc4' (/home/simics/HMoE/HLS_HMoE/pseudo_block/run_11/src/pseudo_moe.cpp:151) 
INFO: [HLS 200-755] Binding port 1 of memory 'input_local.6' to function 'dataflow_in_loop_VITIS_LOOP_149_4.1_Loop_VITIS_LOOP_201_9_proc7' (/home/simics/HMoE/HLS_HMoE/pseudo_block/run_11/src/pseudo_moe.cpp:201:20) 
INFO: [HLS 200-778] Automatically marking array 'input_local.7' as shared between two reader processes.
INFO: [HLS 200-755] Binding port 0 of memory 'input_local.7' to function 'dataflow_in_loop_VITIS_LOOP_149_4.1_Loop_VITIS_LOOP_158_5_proc4' (/home/simics/HMoE/HLS_HMoE/pseudo_block/run_11/src/pseudo_moe.cpp:151) 
INFO: [HLS 200-755] Binding port 1 of memory 'input_local.7' to function 'dataflow_in_loop_VITIS_LOOP_149_4.1_Loop_VITIS_LOOP_201_9_proc7' (/home/simics/HMoE/HLS_HMoE/pseudo_block/run_11/src/pseudo_moe.cpp:201:20) 
INFO: [HLS 200-778] Automatically marking array 'input_local.8' as shared between two reader processes.
INFO: [HLS 200-755] Binding port 0 of memory 'input_local.8' to function 'dataflow_in_loop_VITIS_LOOP_149_4.1_Loop_VITIS_LOOP_158_5_proc4' (/home/simics/HMoE/HLS_HMoE/pseudo_block/run_11/src/pseudo_moe.cpp:151) 
INFO: [HLS 200-755] Binding port 1 of memory 'input_local.8' to function 'dataflow_in_loop_VITIS_LOOP_149_4.1_Loop_VITIS_LOOP_201_9_proc7' (/home/simics/HMoE/HLS_HMoE/pseudo_block/run_11/src/pseudo_moe.cpp:201:20) 
INFO: [HLS 200-778] Automatically marking array 'input_local.9' as shared between two reader processes.
INFO: [HLS 200-755] Binding port 0 of memory 'input_local.9' to function 'dataflow_in_loop_VITIS_LOOP_149_4.1_Loop_VITIS_LOOP_158_5_proc4' (/home/simics/HMoE/HLS_HMoE/pseudo_block/run_11/src/pseudo_moe.cpp:151) 
INFO: [HLS 200-755] Binding port 1 of memory 'input_local.9' to function 'dataflow_in_loop_VITIS_LOOP_149_4.1_Loop_VITIS_LOOP_201_9_proc7' (/home/simics/HMoE/HLS_HMoE/pseudo_block/run_11/src/pseudo_moe.cpp:201:20) 
INFO: [HLS 200-778] Automatically marking array 'input_local.10' as shared between two reader processes.
INFO: [HLS 200-755] Binding port 0 of memory 'input_local.10' to function 'dataflow_in_loop_VITIS_LOOP_149_4.1_Loop_VITIS_LOOP_158_5_proc4' (/home/simics/HMoE/HLS_HMoE/pseudo_block/run_11/src/pseudo_moe.cpp:151) 
INFO: [HLS 200-755] Binding port 1 of memory 'input_local.10' to function 'dataflow_in_loop_VITIS_LOOP_149_4.1_Loop_VITIS_LOOP_201_9_proc7' (/home/simics/HMoE/HLS_HMoE/pseudo_block/run_11/src/pseudo_moe.cpp:201:20) 
INFO: [HLS 200-778] Automatically marking array 'input_local.11' as shared between two reader processes.
INFO: [HLS 200-755] Binding port 0 of memory 'input_local.11' to function 'dataflow_in_loop_VITIS_LOOP_149_4.1_Loop_VITIS_LOOP_158_5_proc4' (/home/simics/HMoE/HLS_HMoE/pseudo_block/run_11/src/pseudo_moe.cpp:151) 
INFO: [HLS 200-755] Binding port 1 of memory 'input_local.11' to function 'dataflow_in_loop_VITIS_LOOP_149_4.1_Loop_VITIS_LOOP_201_9_proc7' (/home/simics/HMoE/HLS_HMoE/pseudo_block/run_11/src/pseudo_moe.cpp:201:20) 
INFO: [HLS 200-778] Automatically marking array 'input_local.12' as shared between two reader processes.
INFO: [HLS 200-755] Binding port 0 of memory 'input_local.12' to function 'dataflow_in_loop_VITIS_LOOP_149_4.1_Loop_VITIS_LOOP_158_5_proc4' (/home/simics/HMoE/HLS_HMoE/pseudo_block/run_11/src/pseudo_moe.cpp:151) 
INFO: [HLS 200-755] Binding port 1 of memory 'input_local.12' to function 'dataflow_in_loop_VITIS_LOOP_149_4.1_Loop_VITIS_LOOP_201_9_proc7' (/home/simics/HMoE/HLS_HMoE/pseudo_block/run_11/src/pseudo_moe.cpp:201:20) 
INFO: [HLS 200-778] Automatically marking array 'input_local.13' as shared between two reader processes.
INFO: [HLS 200-755] Binding port 0 of memory 'input_local.13' to function 'dataflow_in_loop_VITIS_LOOP_149_4.1_Loop_VITIS_LOOP_158_5_proc4' (/home/simics/HMoE/HLS_HMoE/pseudo_block/run_11/src/pseudo_moe.cpp:151) 
INFO: [HLS 200-755] Binding port 1 of memory 'input_local.13' to function 'dataflow_in_loop_VITIS_LOOP_149_4.1_Loop_VITIS_LOOP_201_9_proc7' (/home/simics/HMoE/HLS_HMoE/pseudo_block/run_11/src/pseudo_moe.cpp:201:20) 
INFO: [HLS 200-778] Automatically marking array 'input_local.14' as shared between two reader processes.
INFO: [HLS 200-755] Binding port 0 of memory 'input_local.14' to function 'dataflow_in_loop_VITIS_LOOP_149_4.1_Loop_VITIS_LOOP_158_5_proc4' (/home/simics/HMoE/HLS_HMoE/pseudo_block/run_11/src/pseudo_moe.cpp:151) 
INFO: [HLS 200-755] Binding port 1 of memory 'input_local.14' to function 'dataflow_in_loop_VITIS_LOOP_149_4.1_Loop_VITIS_LOOP_201_9_proc7' (/home/simics/HMoE/HLS_HMoE/pseudo_block/run_11/src/pseudo_moe.cpp:201:20) 
INFO: [HLS 200-778] Automatically marking array 'input_local.15' as shared between two reader processes.
INFO: [HLS 200-755] Binding port 0 of memory 'input_local.15' to function 'dataflow_in_loop_VITIS_LOOP_149_4.1_Loop_VITIS_LOOP_158_5_proc4' (/home/simics/HMoE/HLS_HMoE/pseudo_block/run_11/src/pseudo_moe.cpp:151) 
INFO: [HLS 200-755] Binding port 1 of memory 'input_local.15' to function 'dataflow_in_loop_VITIS_LOOP_149_4.1_Loop_VITIS_LOOP_201_9_proc7' (/home/simics/HMoE/HLS_HMoE/pseudo_block/run_11/src/pseudo_moe.cpp:201:20) 
INFO: [XFORM 203-712] Applying dataflow to function 'dataflow_in_loop_VITIS_LOOP_149_4.1' (/home/simics/HMoE/HLS_HMoE/pseudo_block/run_11/src/pseudo_moe.cpp:152:15), detected/extracted 11 process function(s): 
	 'entry_proc'
	 'dataflow_in_loop_VITIS_LOOP_149_4.1_Loop_VITIS_LOOP_158_5_proc4'
	 'dataflow_in_loop_VITIS_LOOP_149_4.1_Loop_VITIS_LOOP_175_7_proc5'
	 'dataflow_in_loop_VITIS_LOOP_149_4.1_Loop_VITIS_LOOP_181_8_proc6'
	 'dataflow_in_loop_VITIS_LOOP_149_4.1_Loop_VITIS_LOOP_201_9_proc7'
	 'compute_expert<0>8'
	 'compute_expert<1>9'
	 'compute_expert<2>10'
	 'compute_expert<3>11'
	 'combine_experts12'
	 'dataflow_in_loop_VITIS_LOOP_149_4.1_Loop_VITIS_LOOP_238_10_proc13'.
Command           transform done; 0.39 sec.
INFO-FLOW: Presyn 2...
Execute           transform -hls -keep-callgraph -scalarrepl -mem2reg -port-alignment -attach-range -dce -pipe-mux-gen -indvars -loop-bound -inst-simplify -instcombine -dce -merge-array-access -mem2reg -dce -clean-region -mergereturn -if-conv -instcombine -dce -constprop -basicaa -aggr-aa -aggrmodref-aa -aggr-aa -gvn -gvn -basicaa -aggr-aa -aggrmodref-aa -aggr-aa -dse -adse -adce -scalarrepl -mem2reg -global-constprop -deadargelim -deadargelim -instcombine -dce -simplifycfg -ptrArgReplace -mem2reg -function-inline -globaldce -mem2reg -instcombine -dce -expr-balance -instcombine -dce -bitwidthmin2 -bitwidthmin2 -interface-preproc -directive-preproc -inst-rectify -instcombine -dce -functionattrs -constprop -instcombine -bit-constprop -simplify-global-access -globalopt -globaldce -inst-simplify -instcombine -elimdeaddata -dce -loop-delete -simplifycfg -loop-simplify -barrier -norm-name /home/simics/HMoE/HLS_HMoE/pseudo_block/run_11/project/solution1/.autopilot/db/a.o.1.tmp.bc -o /home/simics/HMoE/HLS_HMoE/pseudo_block/run_11/project/solution1/.autopilot/db/a.o.2.bc -f -phase presyn 
Command           transform done; 0.12 sec.
INFO: [HLS 200-111] Finished Loop, function and other optimizations: CPU user time: 0.51 seconds. CPU system time: 0.01 seconds. Elapsed time: 0.52 seconds; current allocated memory: 317.570 MB.
INFO-FLOW: Building ssdm...
Execute           transform -hls -auto-function-inline -globaldce -ptrArgReplace -mem2reg -dce -reset-lda -loop-simplify -indvars -aggr-aa -licm -loop-dep -loop-bound -licm -loop-simplify -loop-sink-hoist -flattenloopnest -array-flatten -gvn -instcombine -dce -array-map -dce -func-legal -gvn -adce -instcombine -cfgopt -simplifycfg-lite -loop-simplify -array-burst -promote-global-argument -dce -array-seg-normalize -basicaa -aggrmodref-aa -globalsmodref-aa -aggr-aa -gvn -gvn -basicaa -aggrmodref-aa -globalsmodref-aa -aggr-aa -dse -adse -adce -licm -inst-simplify -dce -globaldce -instcombine -array-stream -eliminate-keepreads -instcombine -dce -deadargelim -doublePtrSimplify -doublePtrElim -dce -doublePtrSimplify -promote-dbg-pointer -dce -scalarrepl -mem2reg -norm-name -mem2reg -instcombine -dse -adse -adce -ptrLegalization -dce -array-flatten -dce -instcombine -check-doubleptr -loop-rot -constprop -cfgopt -simplifycfg-lite -loop-simplify -indvars -pointer-simplify -dce -loop-bound -loop-simplify -loop-preproc -constprop -global-constprop -gvn -mem2reg -instcombine -dce -loop-bound -loop-merge -dce -deadargelim -dce -canonicalize-dataflow -dce -deadargelim -globaldce -mem2reg -bram-byte-enable -inst-simplify -inst-rectify -instcombine -adce -deadargelim -load-elim -read-loop-dep -loop-simplify -loop-extract-inner -directive-preproc -bitwidthmin2 -bitwidthmin2 -read-loop-dep -interface-preproc -directive-preproc -interface-gen -bram-byte-enable-spec-prop -deadargelim -inst-simplify -dce -mem2reg -instcombine -gvn -dce -adse -loop-bound -instcombine -cfgopt -simplifycfg-lite -loop-simplify -clean-region -io-protocol -find-region -mem2reg -bitop-raise -complex-op-raise -inst-simplify -inst-rectify -instcombine -adce -deadargelim -float-op-raise -loop-simplify -phi-opt -bitop-raise -cfgopt -simplifycfg-lite -strip-dead-prototypes -interface-lower -bitop-lower -intrinsic-lower -auto-function-inline -basicaa -aggrmodref-aa -globalsmodref-aa -aggr-aa -inst-simplify -simplifycfg-lite -loop-simplify -mergereturn -inst-simplify -inst-rectify -globaldce -dce -load-elim -bitop-lower -float-op-raise -fma-raise -loop-rewind -pointer-simplify -dce -cfgopt -dce -loop-bound -loop-dep -read-loop-dep -dce -dyn-mem-reuse -dce -recurrence-min -dce -share-scalar-alloca -deadargelim -dce -check-stream -norm-name -legalize -validate-dataflow -inst-clarity -bitwidth -dce -dump-loop-dep-to-ir -check-all-ssdm -dump-complexity-metric -cdfg-build /home/simics/HMoE/HLS_HMoE/pseudo_block/run_11/project/solution1/.autopilot/db/a.o.2.bc -o /home/simics/HMoE/HLS_HMoE/pseudo_block/run_11/project/solution1/.autopilot/db/a.o.3.bc -f -phase build-ssdm 
INFO: [HLS 200-2061] Successfully converted nested loops 'VITIS_LOOP_128_1'(/home/simics/HMoE/HLS_HMoE/pseudo_block/run_11/src/pseudo_moe.cpp:128:20) and 'VITIS_LOOP_129_2'(/home/simics/HMoE/HLS_HMoE/pseudo_block/run_11/src/pseudo_moe.cpp:129:27) in function 'pseudo_moe' into perfectly nested loops.
INFO: [HLS 200-2061] Successfully converted nested loops 'VITIS_LOOP_22_1'(/home/simics/HMoE/HLS_HMoE/pseudo_block/run_11/src/pseudo_moe.cpp:22:19) and 'VITIS_LOOP_31_3'(/home/simics/HMoE/HLS_HMoE/pseudo_block/run_11/src/pseudo_moe.cpp:31:26) in function 'compute_expert<3>11' into perfectly nested loops.
INFO: [HLS 200-2061] Successfully converted nested loops 'VITIS_LOOP_22_1'(/home/simics/HMoE/HLS_HMoE/pseudo_block/run_11/src/pseudo_moe.cpp:22:19) and 'VITIS_LOOP_31_3'(/home/simics/HMoE/HLS_HMoE/pseudo_block/run_11/src/pseudo_moe.cpp:31:26) in function 'compute_expert<2>10' into perfectly nested loops.
INFO: [HLS 200-2061] Successfully converted nested loops 'VITIS_LOOP_22_1'(/home/simics/HMoE/HLS_HMoE/pseudo_block/run_11/src/pseudo_moe.cpp:22:19) and 'VITIS_LOOP_31_3'(/home/simics/HMoE/HLS_HMoE/pseudo_block/run_11/src/pseudo_moe.cpp:31:26) in function 'compute_expert<1>9' into perfectly nested loops.
INFO: [HLS 200-2061] Successfully converted nested loops 'VITIS_LOOP_22_1'(/home/simics/HMoE/HLS_HMoE/pseudo_block/run_11/src/pseudo_moe.cpp:22:19) and 'VITIS_LOOP_31_3'(/home/simics/HMoE/HLS_HMoE/pseudo_block/run_11/src/pseudo_moe.cpp:31:26) in function 'compute_expert<0>8' into perfectly nested loops.
INFO: [XFORM 203-541] Flattening a loop nest 'VITIS_LOOP_128_1' (/home/simics/HMoE/HLS_HMoE/pseudo_block/run_11/src/pseudo_moe.cpp:128:20) in function 'pseudo_moe'.
INFO: [XFORM 203-541] Flattening a loop nest 'VITIS_LOOP_22_1' (/home/simics/HMoE/HLS_HMoE/pseudo_block/run_11/src/pseudo_moe.cpp:22:19) in function 'compute_expert<3>11'.
INFO: [XFORM 203-541] Flattening a loop nest 'VITIS_LOOP_22_1' (/home/simics/HMoE/HLS_HMoE/pseudo_block/run_11/src/pseudo_moe.cpp:22:19) in function 'compute_expert<2>10'.
INFO: [XFORM 203-541] Flattening a loop nest 'VITIS_LOOP_22_1' (/home/simics/HMoE/HLS_HMoE/pseudo_block/run_11/src/pseudo_moe.cpp:22:19) in function 'compute_expert<1>9'.
INFO: [XFORM 203-541] Flattening a loop nest 'VITIS_LOOP_22_1' (/home/simics/HMoE/HLS_HMoE/pseudo_block/run_11/src/pseudo_moe.cpp:22:19) in function 'compute_expert<0>8'.
Execute             auto_get_db
INFO: [HLS 200-634] Sharing array input_local among processes dataflow_in_loop_VITIS_LOOP_149_4.1_Loop_VITIS_LOOP_158_5_proc4 and dataflow_in_loop_VITIS_LOOP_149_4.1_Loop_VITIS_LOOP_201_9_proc7
INFO: [HLS 200-634] Sharing array input_local_1 among processes dataflow_in_loop_VITIS_LOOP_149_4.1_Loop_VITIS_LOOP_158_5_proc4 and dataflow_in_loop_VITIS_LOOP_149_4.1_Loop_VITIS_LOOP_201_9_proc7
INFO: [HLS 200-634] Sharing array input_local_2 among processes dataflow_in_loop_VITIS_LOOP_149_4.1_Loop_VITIS_LOOP_158_5_proc4 and dataflow_in_loop_VITIS_LOOP_149_4.1_Loop_VITIS_LOOP_201_9_proc7
INFO: [HLS 200-634] Sharing array input_local_3 among processes dataflow_in_loop_VITIS_LOOP_149_4.1_Loop_VITIS_LOOP_158_5_proc4 and dataflow_in_loop_VITIS_LOOP_149_4.1_Loop_VITIS_LOOP_201_9_proc7
INFO: [HLS 200-634] Sharing array input_local_4 among processes dataflow_in_loop_VITIS_LOOP_149_4.1_Loop_VITIS_LOOP_158_5_proc4 and dataflow_in_loop_VITIS_LOOP_149_4.1_Loop_VITIS_LOOP_201_9_proc7
INFO: [HLS 200-634] Sharing array input_local_5 among processes dataflow_in_loop_VITIS_LOOP_149_4.1_Loop_VITIS_LOOP_158_5_proc4 and dataflow_in_loop_VITIS_LOOP_149_4.1_Loop_VITIS_LOOP_201_9_proc7
INFO: [HLS 200-634] Sharing array input_local_6 among processes dataflow_in_loop_VITIS_LOOP_149_4.1_Loop_VITIS_LOOP_158_5_proc4 and dataflow_in_loop_VITIS_LOOP_149_4.1_Loop_VITIS_LOOP_201_9_proc7
INFO: [HLS 200-634] Sharing array input_local_7 among processes dataflow_in_loop_VITIS_LOOP_149_4.1_Loop_VITIS_LOOP_158_5_proc4 and dataflow_in_loop_VITIS_LOOP_149_4.1_Loop_VITIS_LOOP_201_9_proc7
INFO: [HLS 200-634] Sharing array input_local_8 among processes dataflow_in_loop_VITIS_LOOP_149_4.1_Loop_VITIS_LOOP_158_5_proc4 and dataflow_in_loop_VITIS_LOOP_149_4.1_Loop_VITIS_LOOP_201_9_proc7
INFO: [HLS 200-634] Sharing array input_local_9 among processes dataflow_in_loop_VITIS_LOOP_149_4.1_Loop_VITIS_LOOP_158_5_proc4 and dataflow_in_loop_VITIS_LOOP_149_4.1_Loop_VITIS_LOOP_201_9_proc7
INFO: [HLS 200-634] Sharing array input_local_10 among processes dataflow_in_loop_VITIS_LOOP_149_4.1_Loop_VITIS_LOOP_158_5_proc4 and dataflow_in_loop_VITIS_LOOP_149_4.1_Loop_VITIS_LOOP_201_9_proc7
INFO: [HLS 200-634] Sharing array input_local_11 among processes dataflow_in_loop_VITIS_LOOP_149_4.1_Loop_VITIS_LOOP_158_5_proc4 and dataflow_in_loop_VITIS_LOOP_149_4.1_Loop_VITIS_LOOP_201_9_proc7
INFO: [HLS 200-634] Sharing array input_local_12 among processes dataflow_in_loop_VITIS_LOOP_149_4.1_Loop_VITIS_LOOP_158_5_proc4 and dataflow_in_loop_VITIS_LOOP_149_4.1_Loop_VITIS_LOOP_201_9_proc7
INFO: [HLS 200-634] Sharing array input_local_13 among processes dataflow_in_loop_VITIS_LOOP_149_4.1_Loop_VITIS_LOOP_158_5_proc4 and dataflow_in_loop_VITIS_LOOP_149_4.1_Loop_VITIS_LOOP_201_9_proc7
INFO: [HLS 200-634] Sharing array input_local_14 among processes dataflow_in_loop_VITIS_LOOP_149_4.1_Loop_VITIS_LOOP_158_5_proc4 and dataflow_in_loop_VITIS_LOOP_149_4.1_Loop_VITIS_LOOP_201_9_proc7
INFO: [HLS 200-634] Sharing array input_local_15 among processes dataflow_in_loop_VITIS_LOOP_149_4.1_Loop_VITIS_LOOP_158_5_proc4 and dataflow_in_loop_VITIS_LOOP_149_4.1_Loop_VITIS_LOOP_201_9_proc7
WARNING: [HLS 200-1450] Process dataflow_in_loop_VITIS_LOOP_149_4.1_Loop_VITIS_LOOP_181_8_proc6 has both a successor and writes an output to its caller (see the GUI dataflow viewer). This may lead to lower throughput. Consider copying this output via a successor process.
WARNING: [HLS 200-1449] Process compute_expert<0>8 has both a predecessor and reads an input from its caller (see the GUI dataflow viewer). This may lead to lower throughput. Consider copying this input via a predecessor process.
WARNING: [HLS 200-1449] Process compute_expert<1>9 has both a predecessor and reads an input from its caller (see the GUI dataflow viewer). This may lead to lower throughput. Consider copying this input via a predecessor process.
WARNING: [HLS 200-1449] Process compute_expert<2>10 has both a predecessor and reads an input from its caller (see the GUI dataflow viewer). This may lead to lower throughput. Consider copying this input via a predecessor process.
WARNING: [HLS 200-1449] Process compute_expert<3>11 has both a predecessor and reads an input from its caller (see the GUI dataflow viewer). This may lead to lower throughput. Consider copying this input via a predecessor process.
WARNING: [HLS 200-1449] Process dataflow_in_loop_VITIS_LOOP_149_4.1 has both a predecessor and reads an input from its caller (see the GUI dataflow viewer). This may lead to lower throughput. Consider copying this input via a predecessor process.
Command           transform done; 0.46 sec.
INFO: [HLS 200-111] Finished Architecture Synthesis: CPU user time: 0.4 seconds. CPU system time: 0.06 seconds. Elapsed time: 0.46 seconds; current allocated memory: 482.250 MB.
INFO-FLOW: Finish building internal data model.
Command         opt_and_import_c done; 1.17 sec.
Command       elaborate done; 11.38 sec.
Execute       ap_eval exec zip -j /home/simics/HMoE/HLS_HMoE/pseudo_block/run_11/project/solution1/.autopilot/db/dut.hcp $dbDir/a.o.3.bc $dbDir/${topname}.rtl_wrap.cfg.tcl $dbDir/apatb_${topname}.cpp $dbDir/apatb_${topname}_util.cpp $dbDir/apatb_${topname}_ir.ll $dbDir/mapper_${topname}.cpp $dbDir/top-io-fe.xml $dbDir/kernel.internal.xml $workdir/../hls.app 
Execute       autosyn -from_csynth_design=1 
INFO: [HLS 200-10] Starting hardware synthesis ...
INFO-FLOW: Synthesizing C/C++ design ...
INFO: [HLS 200-10] Synthesizing 'pseudo_moe' ...
Execute         ap_set_top_model pseudo_moe 
WARNING: [SYN 201-103] Legalizing function name 'dataflow_in_loop_VITIS_LOOP_149_4.1_Loop_VITIS_LOOP_158_5_proc4_Pipeline_VITIS_L' to 'dataflow_in_loop_VITIS_LOOP_149_4_1_Loop_VITIS_LOOP_158_5_proc4_Pipeline_VITIS_L'.
WARNING: [SYN 201-103] Legalizing function name 'dataflow_in_loop_VITIS_LOOP_149_4.1_Loop_VITIS_LOOP_158_5_proc4' to 'dataflow_in_loop_VITIS_LOOP_149_4_1_Loop_VITIS_LOOP_158_5_proc4'.
WARNING: [SYN 201-103] Legalizing function name 'dataflow_in_loop_VITIS_LOOP_149_4.1_Loop_VITIS_LOOP_175_7_proc5' to 'dataflow_in_loop_VITIS_LOOP_149_4_1_Loop_VITIS_LOOP_175_7_proc5'.
WARNING: [SYN 201-103] Legalizing function name 'dataflow_in_loop_VITIS_LOOP_149_4.1_Loop_VITIS_LOOP_181_8_proc6' to 'dataflow_in_loop_VITIS_LOOP_149_4_1_Loop_VITIS_LOOP_181_8_proc6'.
WARNING: [SYN 201-103] Legalizing function name 'dataflow_in_loop_VITIS_LOOP_149_4.1_Loop_VITIS_LOOP_201_9_proc7' to 'dataflow_in_loop_VITIS_LOOP_149_4_1_Loop_VITIS_LOOP_201_9_proc7'.
WARNING: [SYN 201-103] Legalizing function name 'compute_expert<0>8' to 'compute_expert_0_8'.
WARNING: [SYN 201-103] Legalizing function name 'compute_expert<1>9' to 'compute_expert_1_9'.
WARNING: [SYN 201-103] Legalizing function name 'compute_expert<2>10' to 'compute_expert_2_10'.
WARNING: [SYN 201-103] Legalizing function name 'compute_expert<3>11' to 'compute_expert_3_11'.
WARNING: [SYN 201-103] Legalizing function name 'dataflow_in_loop_VITIS_LOOP_149_4.1_Loop_VITIS_LOOP_238_10_proc13' to 'dataflow_in_loop_VITIS_LOOP_149_4_1_Loop_VITIS_LOOP_238_10_proc13'.
WARNING: [SYN 201-103] Legalizing function name 'dataflow_in_loop_VITIS_LOOP_149_4.1' to 'dataflow_in_loop_VITIS_LOOP_149_4_1'.
Execute         get_model_list pseudo_moe -filter all-wo-channel -topdown 
Execute         preproc_iomode -model pseudo_moe 
Execute         preproc_iomode -model dataflow_parent_loop_proc 
Execute         preproc_iomode -model dataflow_in_loop_VITIS_LOOP_149_4.1 
Execute         preproc_iomode -model dataflow_in_loop_VITIS_LOOP_149_4.1_Loop_VITIS_LOOP_238_10_proc13 
Execute         preproc_iomode -model combine_experts12 
Execute         preproc_iomode -model combine_experts12_Pipeline_VITIS_LOOP_64_1 
Execute         preproc_iomode -model compute_expert<3>11 
Execute         preproc_iomode -model compute_expert<2>10 
Execute         preproc_iomode -model compute_expert<1>9 
Execute         preproc_iomode -model compute_expert<0>8 
Execute         preproc_iomode -model dataflow_in_loop_VITIS_LOOP_149_4.1_Loop_VITIS_LOOP_201_9_proc7 
Execute         preproc_iomode -model dataflow_in_loop_VITIS_LOOP_149_4.1_Loop_VITIS_LOOP_181_8_proc6 
Execute         preproc_iomode -model dataflow_in_loop_VITIS_LOOP_149_4.1_Loop_VITIS_LOOP_175_7_proc5 
Execute         preproc_iomode -model dataflow_in_loop_VITIS_LOOP_149_4.1_Loop_VITIS_LOOP_158_5_proc4 
Execute         preproc_iomode -model dataflow_in_loop_VITIS_LOOP_149_4.1_Loop_VITIS_LOOP_158_5_proc4_Pipeline_VITIS_L 
Execute         preproc_iomode -model entry_proc 
Execute         preproc_iomode -model pseudo_moe_Pipeline_VITIS_LOOP_138_3 
Execute         preproc_iomode -model pseudo_moe_Pipeline_VITIS_LOOP_128_1_VITIS_LOOP_129_2 
Execute         get_model_list pseudo_moe -filter all-wo-channel 
INFO-FLOW: Model list for configure: pseudo_moe_Pipeline_VITIS_LOOP_128_1_VITIS_LOOP_129_2 pseudo_moe_Pipeline_VITIS_LOOP_138_3 entry_proc dataflow_in_loop_VITIS_LOOP_149_4.1_Loop_VITIS_LOOP_158_5_proc4_Pipeline_VITIS_L dataflow_in_loop_VITIS_LOOP_149_4.1_Loop_VITIS_LOOP_158_5_proc4 dataflow_in_loop_VITIS_LOOP_149_4.1_Loop_VITIS_LOOP_175_7_proc5 dataflow_in_loop_VITIS_LOOP_149_4.1_Loop_VITIS_LOOP_181_8_proc6 dataflow_in_loop_VITIS_LOOP_149_4.1_Loop_VITIS_LOOP_201_9_proc7 compute_expert<0>8 compute_expert<1>9 compute_expert<2>10 compute_expert<3>11 combine_experts12_Pipeline_VITIS_LOOP_64_1 combine_experts12 dataflow_in_loop_VITIS_LOOP_149_4.1_Loop_VITIS_LOOP_238_10_proc13 dataflow_in_loop_VITIS_LOOP_149_4.1 dataflow_parent_loop_proc pseudo_moe
INFO-FLOW: Configuring Module : pseudo_moe_Pipeline_VITIS_LOOP_128_1_VITIS_LOOP_129_2 ...
Execute         set_default_model pseudo_moe_Pipeline_VITIS_LOOP_128_1_VITIS_LOOP_129_2 
Execute         apply_spec_resource_limit pseudo_moe_Pipeline_VITIS_LOOP_128_1_VITIS_LOOP_129_2 
INFO-FLOW: Configuring Module : pseudo_moe_Pipeline_VITIS_LOOP_138_3 ...
Execute         set_default_model pseudo_moe_Pipeline_VITIS_LOOP_138_3 
Execute         apply_spec_resource_limit pseudo_moe_Pipeline_VITIS_LOOP_138_3 
INFO-FLOW: Configuring Module : entry_proc ...
Execute         set_default_model entry_proc 
Execute         apply_spec_resource_limit entry_proc 
INFO-FLOW: Configuring Module : dataflow_in_loop_VITIS_LOOP_149_4.1_Loop_VITIS_LOOP_158_5_proc4_Pipeline_VITIS_L ...
Execute         set_default_model dataflow_in_loop_VITIS_LOOP_149_4.1_Loop_VITIS_LOOP_158_5_proc4_Pipeline_VITIS_L 
Execute         apply_spec_resource_limit dataflow_in_loop_VITIS_LOOP_149_4.1_Loop_VITIS_LOOP_158_5_proc4_Pipeline_VITIS_L 
INFO-FLOW: Configuring Module : dataflow_in_loop_VITIS_LOOP_149_4.1_Loop_VITIS_LOOP_158_5_proc4 ...
Execute         set_default_model dataflow_in_loop_VITIS_LOOP_149_4.1_Loop_VITIS_LOOP_158_5_proc4 
Execute         apply_spec_resource_limit dataflow_in_loop_VITIS_LOOP_149_4.1_Loop_VITIS_LOOP_158_5_proc4 
INFO-FLOW: Configuring Module : dataflow_in_loop_VITIS_LOOP_149_4.1_Loop_VITIS_LOOP_175_7_proc5 ...
Execute         set_default_model dataflow_in_loop_VITIS_LOOP_149_4.1_Loop_VITIS_LOOP_175_7_proc5 
Execute         apply_spec_resource_limit dataflow_in_loop_VITIS_LOOP_149_4.1_Loop_VITIS_LOOP_175_7_proc5 
INFO-FLOW: Configuring Module : dataflow_in_loop_VITIS_LOOP_149_4.1_Loop_VITIS_LOOP_181_8_proc6 ...
Execute         set_default_model dataflow_in_loop_VITIS_LOOP_149_4.1_Loop_VITIS_LOOP_181_8_proc6 
Execute         apply_spec_resource_limit dataflow_in_loop_VITIS_LOOP_149_4.1_Loop_VITIS_LOOP_181_8_proc6 
INFO-FLOW: Configuring Module : dataflow_in_loop_VITIS_LOOP_149_4.1_Loop_VITIS_LOOP_201_9_proc7 ...
Execute         set_default_model dataflow_in_loop_VITIS_LOOP_149_4.1_Loop_VITIS_LOOP_201_9_proc7 
Execute         apply_spec_resource_limit dataflow_in_loop_VITIS_LOOP_149_4.1_Loop_VITIS_LOOP_201_9_proc7 
INFO-FLOW: Configuring Module : compute_expert<0>8 ...
Execute         set_default_model compute_expert<0>8 
Execute         apply_spec_resource_limit compute_expert<0>8 
INFO-FLOW: Configuring Module : compute_expert<1>9 ...
Execute         set_default_model compute_expert<1>9 
Execute         apply_spec_resource_limit compute_expert<1>9 
INFO-FLOW: Configuring Module : compute_expert<2>10 ...
Execute         set_default_model compute_expert<2>10 
Execute         apply_spec_resource_limit compute_expert<2>10 
INFO-FLOW: Configuring Module : compute_expert<3>11 ...
Execute         set_default_model compute_expert<3>11 
Execute         apply_spec_resource_limit compute_expert<3>11 
INFO-FLOW: Configuring Module : combine_experts12_Pipeline_VITIS_LOOP_64_1 ...
Execute         set_default_model combine_experts12_Pipeline_VITIS_LOOP_64_1 
Execute         apply_spec_resource_limit combine_experts12_Pipeline_VITIS_LOOP_64_1 
INFO-FLOW: Configuring Module : combine_experts12 ...
Execute         set_default_model combine_experts12 
Execute         apply_spec_resource_limit combine_experts12 
INFO-FLOW: Configuring Module : dataflow_in_loop_VITIS_LOOP_149_4.1_Loop_VITIS_LOOP_238_10_proc13 ...
Execute         set_default_model dataflow_in_loop_VITIS_LOOP_149_4.1_Loop_VITIS_LOOP_238_10_proc13 
Execute         apply_spec_resource_limit dataflow_in_loop_VITIS_LOOP_149_4.1_Loop_VITIS_LOOP_238_10_proc13 
INFO-FLOW: Configuring Module : dataflow_in_loop_VITIS_LOOP_149_4.1 ...
Execute         set_default_model dataflow_in_loop_VITIS_LOOP_149_4.1 
Execute         apply_spec_resource_limit dataflow_in_loop_VITIS_LOOP_149_4.1 
INFO-FLOW: Configuring Module : dataflow_parent_loop_proc ...
Execute         set_default_model dataflow_parent_loop_proc 
Execute         apply_spec_resource_limit dataflow_parent_loop_proc 
INFO-FLOW: Configuring Module : pseudo_moe ...
Execute         set_default_model pseudo_moe 
Execute         apply_spec_resource_limit pseudo_moe 
INFO-FLOW: Model list for preprocess: pseudo_moe_Pipeline_VITIS_LOOP_128_1_VITIS_LOOP_129_2 pseudo_moe_Pipeline_VITIS_LOOP_138_3 entry_proc dataflow_in_loop_VITIS_LOOP_149_4.1_Loop_VITIS_LOOP_158_5_proc4_Pipeline_VITIS_L dataflow_in_loop_VITIS_LOOP_149_4.1_Loop_VITIS_LOOP_158_5_proc4 dataflow_in_loop_VITIS_LOOP_149_4.1_Loop_VITIS_LOOP_175_7_proc5 dataflow_in_loop_VITIS_LOOP_149_4.1_Loop_VITIS_LOOP_181_8_proc6 dataflow_in_loop_VITIS_LOOP_149_4.1_Loop_VITIS_LOOP_201_9_proc7 compute_expert<0>8 compute_expert<1>9 compute_expert<2>10 compute_expert<3>11 combine_experts12_Pipeline_VITIS_LOOP_64_1 combine_experts12 dataflow_in_loop_VITIS_LOOP_149_4.1_Loop_VITIS_LOOP_238_10_proc13 dataflow_in_loop_VITIS_LOOP_149_4.1 dataflow_parent_loop_proc pseudo_moe
INFO-FLOW: Preprocessing Module: pseudo_moe_Pipeline_VITIS_LOOP_128_1_VITIS_LOOP_129_2 ...
Execute         set_default_model pseudo_moe_Pipeline_VITIS_LOOP_128_1_VITIS_LOOP_129_2 
Execute         cdfg_preprocess -model pseudo_moe_Pipeline_VITIS_LOOP_128_1_VITIS_LOOP_129_2 
Execute         rtl_gen_preprocess pseudo_moe_Pipeline_VITIS_LOOP_128_1_VITIS_LOOP_129_2 
INFO-FLOW: Preprocessing Module: pseudo_moe_Pipeline_VITIS_LOOP_138_3 ...
Execute         set_default_model pseudo_moe_Pipeline_VITIS_LOOP_138_3 
Execute         cdfg_preprocess -model pseudo_moe_Pipeline_VITIS_LOOP_138_3 
Execute         rtl_gen_preprocess pseudo_moe_Pipeline_VITIS_LOOP_138_3 
INFO-FLOW: Preprocessing Module: entry_proc ...
Execute         set_default_model entry_proc 
Execute         cdfg_preprocess -model entry_proc 
Execute         rtl_gen_preprocess entry_proc 
INFO-FLOW: Preprocessing Module: dataflow_in_loop_VITIS_LOOP_149_4.1_Loop_VITIS_LOOP_158_5_proc4_Pipeline_VITIS_L ...
Execute         set_default_model dataflow_in_loop_VITIS_LOOP_149_4.1_Loop_VITIS_LOOP_158_5_proc4_Pipeline_VITIS_L 
Execute         cdfg_preprocess -model dataflow_in_loop_VITIS_LOOP_149_4.1_Loop_VITIS_LOOP_158_5_proc4_Pipeline_VITIS_L 
Execute         rtl_gen_preprocess dataflow_in_loop_VITIS_LOOP_149_4.1_Loop_VITIS_LOOP_158_5_proc4_Pipeline_VITIS_L 
INFO-FLOW: Preprocessing Module: dataflow_in_loop_VITIS_LOOP_149_4.1_Loop_VITIS_LOOP_158_5_proc4 ...
Execute         set_default_model dataflow_in_loop_VITIS_LOOP_149_4.1_Loop_VITIS_LOOP_158_5_proc4 
Execute         cdfg_preprocess -model dataflow_in_loop_VITIS_LOOP_149_4.1_Loop_VITIS_LOOP_158_5_proc4 
Execute         rtl_gen_preprocess dataflow_in_loop_VITIS_LOOP_149_4.1_Loop_VITIS_LOOP_158_5_proc4 
INFO-FLOW: Preprocessing Module: dataflow_in_loop_VITIS_LOOP_149_4.1_Loop_VITIS_LOOP_175_7_proc5 ...
Execute         set_default_model dataflow_in_loop_VITIS_LOOP_149_4.1_Loop_VITIS_LOOP_175_7_proc5 
Execute         cdfg_preprocess -model dataflow_in_loop_VITIS_LOOP_149_4.1_Loop_VITIS_LOOP_175_7_proc5 
Execute         rtl_gen_preprocess dataflow_in_loop_VITIS_LOOP_149_4.1_Loop_VITIS_LOOP_175_7_proc5 
INFO-FLOW: Preprocessing Module: dataflow_in_loop_VITIS_LOOP_149_4.1_Loop_VITIS_LOOP_181_8_proc6 ...
Execute         set_default_model dataflow_in_loop_VITIS_LOOP_149_4.1_Loop_VITIS_LOOP_181_8_proc6 
Execute         cdfg_preprocess -model dataflow_in_loop_VITIS_LOOP_149_4.1_Loop_VITIS_LOOP_181_8_proc6 
Execute         rtl_gen_preprocess dataflow_in_loop_VITIS_LOOP_149_4.1_Loop_VITIS_LOOP_181_8_proc6 
INFO-FLOW: Preprocessing Module: dataflow_in_loop_VITIS_LOOP_149_4.1_Loop_VITIS_LOOP_201_9_proc7 ...
Execute         set_default_model dataflow_in_loop_VITIS_LOOP_149_4.1_Loop_VITIS_LOOP_201_9_proc7 
Execute         cdfg_preprocess -model dataflow_in_loop_VITIS_LOOP_149_4.1_Loop_VITIS_LOOP_201_9_proc7 
Execute         rtl_gen_preprocess dataflow_in_loop_VITIS_LOOP_149_4.1_Loop_VITIS_LOOP_201_9_proc7 
INFO-FLOW: Preprocessing Module: compute_expert<0>8 ...
Execute         set_default_model compute_expert<0>8 
Execute         cdfg_preprocess -model compute_expert<0>8 
Execute         rtl_gen_preprocess compute_expert<0>8 
INFO-FLOW: Preprocessing Module: compute_expert<1>9 ...
Execute         set_default_model compute_expert<1>9 
Execute         cdfg_preprocess -model compute_expert<1>9 
Execute         rtl_gen_preprocess compute_expert<1>9 
INFO-FLOW: Preprocessing Module: compute_expert<2>10 ...
Execute         set_default_model compute_expert<2>10 
Execute         cdfg_preprocess -model compute_expert<2>10 
Execute         rtl_gen_preprocess compute_expert<2>10 
INFO-FLOW: Preprocessing Module: compute_expert<3>11 ...
Execute         set_default_model compute_expert<3>11 
Execute         cdfg_preprocess -model compute_expert<3>11 
Execute         rtl_gen_preprocess compute_expert<3>11 
INFO-FLOW: Preprocessing Module: combine_experts12_Pipeline_VITIS_LOOP_64_1 ...
Execute         set_default_model combine_experts12_Pipeline_VITIS_LOOP_64_1 
Execute         cdfg_preprocess -model combine_experts12_Pipeline_VITIS_LOOP_64_1 
Execute         rtl_gen_preprocess combine_experts12_Pipeline_VITIS_LOOP_64_1 
INFO-FLOW: Preprocessing Module: combine_experts12 ...
Execute         set_default_model combine_experts12 
Execute         cdfg_preprocess -model combine_experts12 
Execute         rtl_gen_preprocess combine_experts12 
INFO-FLOW: Preprocessing Module: dataflow_in_loop_VITIS_LOOP_149_4.1_Loop_VITIS_LOOP_238_10_proc13 ...
Execute         set_default_model dataflow_in_loop_VITIS_LOOP_149_4.1_Loop_VITIS_LOOP_238_10_proc13 
Execute         cdfg_preprocess -model dataflow_in_loop_VITIS_LOOP_149_4.1_Loop_VITIS_LOOP_238_10_proc13 
Execute         rtl_gen_preprocess dataflow_in_loop_VITIS_LOOP_149_4.1_Loop_VITIS_LOOP_238_10_proc13 
INFO-FLOW: Preprocessing Module: dataflow_in_loop_VITIS_LOOP_149_4.1 ...
Execute         set_default_model dataflow_in_loop_VITIS_LOOP_149_4.1 
Execute         cdfg_preprocess -model dataflow_in_loop_VITIS_LOOP_149_4.1 
Execute         rtl_gen_preprocess dataflow_in_loop_VITIS_LOOP_149_4.1 
INFO-FLOW: Preprocessing Module: dataflow_parent_loop_proc ...
Execute         set_default_model dataflow_parent_loop_proc 
Execute         cdfg_preprocess -model dataflow_parent_loop_proc 
Execute         rtl_gen_preprocess dataflow_parent_loop_proc 
INFO-FLOW: Preprocessing Module: pseudo_moe ...
Execute         set_default_model pseudo_moe 
Execute         cdfg_preprocess -model pseudo_moe 
Execute         rtl_gen_preprocess pseudo_moe 
INFO-FLOW: Model list for synthesis: pseudo_moe_Pipeline_VITIS_LOOP_128_1_VITIS_LOOP_129_2 pseudo_moe_Pipeline_VITIS_LOOP_138_3 entry_proc dataflow_in_loop_VITIS_LOOP_149_4.1_Loop_VITIS_LOOP_158_5_proc4_Pipeline_VITIS_L dataflow_in_loop_VITIS_LOOP_149_4.1_Loop_VITIS_LOOP_158_5_proc4 dataflow_in_loop_VITIS_LOOP_149_4.1_Loop_VITIS_LOOP_175_7_proc5 dataflow_in_loop_VITIS_LOOP_149_4.1_Loop_VITIS_LOOP_181_8_proc6 dataflow_in_loop_VITIS_LOOP_149_4.1_Loop_VITIS_LOOP_201_9_proc7 compute_expert<0>8 compute_expert<1>9 compute_expert<2>10 compute_expert<3>11 combine_experts12_Pipeline_VITIS_LOOP_64_1 combine_experts12 dataflow_in_loop_VITIS_LOOP_149_4.1_Loop_VITIS_LOOP_238_10_proc13 dataflow_in_loop_VITIS_LOOP_149_4.1 dataflow_parent_loop_proc pseudo_moe
INFO: [HLS 200-10] ----------------------------------------------------------------
INFO: [HLS 200-42] -- Implementing module 'pseudo_moe_Pipeline_VITIS_LOOP_128_1_VITIS_LOOP_129_2' 
INFO: [HLS 200-10] ----------------------------------------------------------------
Execute         set_default_model pseudo_moe_Pipeline_VITIS_LOOP_128_1_VITIS_LOOP_129_2 
Execute         schedule -model pseudo_moe_Pipeline_VITIS_LOOP_128_1_VITIS_LOOP_129_2 
INFO: [SCHED 204-11] Starting scheduling ...
INFO: [HLS 200-1457] Automatically inferring inferring RAM_1WNR storage type for array 'input_local_15'. Use bind_storage pragma to override this type.
INFO: [HLS 200-1457] Automatically inferring inferring RAM_1WNR storage type for array 'input_local'. Use bind_storage pragma to override this type.
INFO: [HLS 200-1457] Automatically inferring inferring RAM_1WNR storage type for array 'input_local_1'. Use bind_storage pragma to override this type.
INFO: [HLS 200-1457] Automatically inferring inferring RAM_1WNR storage type for array 'input_local_2'. Use bind_storage pragma to override this type.
INFO: [HLS 200-1457] Automatically inferring inferring RAM_1WNR storage type for array 'input_local_3'. Use bind_storage pragma to override this type.
INFO: [HLS 200-1457] Automatically inferring inferring RAM_1WNR storage type for array 'input_local_4'. Use bind_storage pragma to override this type.
INFO: [HLS 200-1457] Automatically inferring inferring RAM_1WNR storage type for array 'input_local_5'. Use bind_storage pragma to override this type.
INFO: [HLS 200-1457] Automatically inferring inferring RAM_1WNR storage type for array 'input_local_6'. Use bind_storage pragma to override this type.
INFO: [HLS 200-1457] Automatically inferring inferring RAM_1WNR storage type for array 'input_local_7'. Use bind_storage pragma to override this type.
INFO: [HLS 200-1457] Automatically inferring inferring RAM_1WNR storage type for array 'input_local_8'. Use bind_storage pragma to override this type.
INFO: [HLS 200-1457] Automatically inferring inferring RAM_1WNR storage type for array 'input_local_9'. Use bind_storage pragma to override this type.
INFO: [HLS 200-1457] Automatically inferring inferring RAM_1WNR storage type for array 'input_local_10'. Use bind_storage pragma to override this type.
INFO: [HLS 200-1457] Automatically inferring inferring RAM_1WNR storage type for array 'input_local_11'. Use bind_storage pragma to override this type.
INFO: [HLS 200-1457] Automatically inferring inferring RAM_1WNR storage type for array 'input_local_12'. Use bind_storage pragma to override this type.
INFO: [HLS 200-1457] Automatically inferring inferring RAM_1WNR storage type for array 'input_local_13'. Use bind_storage pragma to override this type.
INFO: [HLS 200-1457] Automatically inferring inferring RAM_1WNR storage type for array 'input_local_14'. Use bind_storage pragma to override this type.
INFO: [SCHED 204-61] Pipelining loop 'VITIS_LOOP_128_1_VITIS_LOOP_129_2'.
INFO: [HLS 200-1470] Pipelining result : Target II = 1, Final II = 1, Depth = 3, loop 'VITIS_LOOP_128_1_VITIS_LOOP_129_2'
INFO: [SCHED 204-11] Finished scheduling.
INFO: [HLS 200-111] Finished Scheduling: CPU user time: 0.15 seconds. CPU system time: 0.01 seconds. Elapsed time: 0.18 seconds; current allocated memory: 485.246 MB.
Execute         syn_report -verbosereport -o /home/simics/HMoE/HLS_HMoE/pseudo_block/run_11/project/solution1/.autopilot/db/pseudo_moe_Pipeline_VITIS_LOOP_128_1_VITIS_LOOP_129_2.verbose.sched.rpt 
Execute           list_part -family xcvu13p_CIV-figd2104-3-e 
Execute             ap_family_info -name xcvu13p_CIV-figd2104-3-e -data names 
Execute             ap_part_info -quiet -name xcvu13p_CIV-figd2104-3-e -data family 
Execute         db_write -o /home/simics/HMoE/HLS_HMoE/pseudo_block/run_11/project/solution1/.autopilot/db/pseudo_moe_Pipeline_VITIS_LOOP_128_1_VITIS_LOOP_129_2.sched.adb -f 
INFO-FLOW: Finish scheduling pseudo_moe_Pipeline_VITIS_LOOP_128_1_VITIS_LOOP_129_2.
Execute         set_default_model pseudo_moe_Pipeline_VITIS_LOOP_128_1_VITIS_LOOP_129_2 
Execute         bind -model pseudo_moe_Pipeline_VITIS_LOOP_128_1_VITIS_LOOP_129_2 
INFO: [BIND 205-100] Starting micro-architecture generation ...
INFO: [BIND 205-101] Performing variable lifetime analysis.
INFO: [BIND 205-101] Exploring resource sharing.
INFO: [BIND 205-101] Binding ...
INFO: [BIND 205-100] Finished micro-architecture generation.
INFO: [HLS 200-111] Finished Binding: CPU user time: 0.03 seconds. CPU system time: 0 seconds. Elapsed time: 0.02 seconds; current allocated memory: 485.246 MB.
Execute         syn_report -verbosereport -o /home/simics/HMoE/HLS_HMoE/pseudo_block/run_11/project/solution1/.autopilot/db/pseudo_moe_Pipeline_VITIS_LOOP_128_1_VITIS_LOOP_129_2.verbose.bind.rpt 
Execute           list_part -family xcvu13p_CIV-figd2104-3-e 
Execute             ap_family_info -name xcvu13p_CIV-figd2104-3-e -data names 
Execute             ap_part_info -quiet -name xcvu13p_CIV-figd2104-3-e -data family 
Execute         db_write -o /home/simics/HMoE/HLS_HMoE/pseudo_block/run_11/project/solution1/.autopilot/db/pseudo_moe_Pipeline_VITIS_LOOP_128_1_VITIS_LOOP_129_2.bind.adb -f 
INFO-FLOW: Finish binding pseudo_moe_Pipeline_VITIS_LOOP_128_1_VITIS_LOOP_129_2.
INFO: [HLS 200-10] ----------------------------------------------------------------
INFO: [HLS 200-42] -- Implementing module 'pseudo_moe_Pipeline_VITIS_LOOP_138_3' 
INFO: [HLS 200-10] ----------------------------------------------------------------
Execute         set_default_model pseudo_moe_Pipeline_VITIS_LOOP_138_3 
Execute         schedule -model pseudo_moe_Pipeline_VITIS_LOOP_138_3 
INFO: [SCHED 204-11] Starting scheduling ...
INFO: [SCHED 204-61] Pipelining loop 'VITIS_LOOP_138_3'.
INFO: [HLS 200-1470] Pipelining result : Target II = 1, Final II = 1, Depth = 3, loop 'VITIS_LOOP_138_3'
INFO: [SCHED 204-11] Finished scheduling.
INFO: [HLS 200-111] Finished Scheduling: CPU user time: 0.1 seconds. CPU system time: 0 seconds. Elapsed time: 0.11 seconds; current allocated memory: 487.172 MB.
Execute         syn_report -verbosereport -o /home/simics/HMoE/HLS_HMoE/pseudo_block/run_11/project/solution1/.autopilot/db/pseudo_moe_Pipeline_VITIS_LOOP_138_3.verbose.sched.rpt 
Execute           list_part -family xcvu13p_CIV-figd2104-3-e 
Execute             ap_family_info -name xcvu13p_CIV-figd2104-3-e -data names 
Execute             ap_part_info -quiet -name xcvu13p_CIV-figd2104-3-e -data family 
Execute         db_write -o /home/simics/HMoE/HLS_HMoE/pseudo_block/run_11/project/solution1/.autopilot/db/pseudo_moe_Pipeline_VITIS_LOOP_138_3.sched.adb -f 
INFO-FLOW: Finish scheduling pseudo_moe_Pipeline_VITIS_LOOP_138_3.
Execute         set_default_model pseudo_moe_Pipeline_VITIS_LOOP_138_3 
Execute         bind -model pseudo_moe_Pipeline_VITIS_LOOP_138_3 
INFO: [BIND 205-100] Starting micro-architecture generation ...
INFO: [BIND 205-101] Performing variable lifetime analysis.
INFO: [BIND 205-101] Exploring resource sharing.
INFO: [BIND 205-101] Binding ...
INFO: [BIND 205-100] Finished micro-architecture generation.
INFO: [HLS 200-111] Finished Binding: CPU user time: 0.03 seconds. CPU system time: 0 seconds. Elapsed time: 0.03 seconds; current allocated memory: 487.172 MB.
Execute         syn_report -verbosereport -o /home/simics/HMoE/HLS_HMoE/pseudo_block/run_11/project/solution1/.autopilot/db/pseudo_moe_Pipeline_VITIS_LOOP_138_3.verbose.bind.rpt 
Execute           list_part -family xcvu13p_CIV-figd2104-3-e 
Execute             ap_family_info -name xcvu13p_CIV-figd2104-3-e -data names 
Execute             ap_part_info -quiet -name xcvu13p_CIV-figd2104-3-e -data family 
Execute         db_write -o /home/simics/HMoE/HLS_HMoE/pseudo_block/run_11/project/solution1/.autopilot/db/pseudo_moe_Pipeline_VITIS_LOOP_138_3.bind.adb -f 
INFO-FLOW: Finish binding pseudo_moe_Pipeline_VITIS_LOOP_138_3.
INFO: [HLS 200-10] ----------------------------------------------------------------
INFO: [HLS 200-42] -- Implementing module 'entry_proc' 
INFO: [HLS 200-10] ----------------------------------------------------------------
Execute         set_default_model entry_proc 
Execute         schedule -model entry_proc 
INFO: [SCHED 204-11] Starting scheduling ...
INFO: [SCHED 204-11] Finished scheduling.
INFO: [HLS 200-111] Finished Scheduling: CPU user time: 0.03 seconds. CPU system time: 0.01 seconds. Elapsed time: 0.03 seconds; current allocated memory: 487.172 MB.
Execute         syn_report -verbosereport -o /home/simics/HMoE/HLS_HMoE/pseudo_block/run_11/project/solution1/.autopilot/db/entry_proc.verbose.sched.rpt 
Execute           list_part -family xcvu13p_CIV-figd2104-3-e 
Execute             ap_family_info -name xcvu13p_CIV-figd2104-3-e -data names 
Execute             ap_part_info -quiet -name xcvu13p_CIV-figd2104-3-e -data family 
Execute         db_write -o /home/simics/HMoE/HLS_HMoE/pseudo_block/run_11/project/solution1/.autopilot/db/entry_proc.sched.adb -f 
INFO-FLOW: Finish scheduling entry_proc.
Execute         set_default_model entry_proc 
Execute         bind -model entry_proc 
INFO: [BIND 205-100] Starting micro-architecture generation ...
INFO: [BIND 205-101] Performing variable lifetime analysis.
INFO: [BIND 205-101] Exploring resource sharing.
INFO: [BIND 205-101] Binding ...
INFO: [BIND 205-100] Finished micro-architecture generation.
INFO: [HLS 200-111] Finished Binding: CPU user time: 0.01 seconds. CPU system time: 0 seconds. Elapsed time: 0.01 seconds; current allocated memory: 487.172 MB.
Execute         syn_report -verbosereport -o /home/simics/HMoE/HLS_HMoE/pseudo_block/run_11/project/solution1/.autopilot/db/entry_proc.verbose.bind.rpt 
Execute           list_part -family xcvu13p_CIV-figd2104-3-e 
Execute             ap_family_info -name xcvu13p_CIV-figd2104-3-e -data names 
Execute             ap_part_info -quiet -name xcvu13p_CIV-figd2104-3-e -data family 
Execute         db_write -o /home/simics/HMoE/HLS_HMoE/pseudo_block/run_11/project/solution1/.autopilot/db/entry_proc.bind.adb -f 
INFO-FLOW: Finish binding entry_proc.
INFO: [HLS 200-10] ----------------------------------------------------------------
INFO: [HLS 200-42] -- Implementing module 'dataflow_in_loop_VITIS_LOOP_149_4_1_Loop_VITIS_LOOP_158_5_proc4_Pipeline_VITIS_L' 
INFO: [HLS 200-10] ----------------------------------------------------------------
Execute         set_default_model dataflow_in_loop_VITIS_LOOP_149_4.1_Loop_VITIS_LOOP_158_5_proc4_Pipeline_VITIS_L 
Execute         schedule -model dataflow_in_loop_VITIS_LOOP_149_4.1_Loop_VITIS_LOOP_158_5_proc4_Pipeline_VITIS_L 
INFO: [SCHED 204-11] Starting scheduling ...
INFO: [HLS 200-1457] Automatically inferring inferring RAM_1WNR storage type for array 'input_local_15'. Use bind_storage pragma to override this type.
INFO: [HLS 200-1457] Automatically inferring inferring RAM_1WNR storage type for array 'input_local_14'. Use bind_storage pragma to override this type.
INFO: [HLS 200-1457] Automatically inferring inferring RAM_1WNR storage type for array 'input_local_13'. Use bind_storage pragma to override this type.
INFO: [HLS 200-1457] Automatically inferring inferring RAM_1WNR storage type for array 'input_local_12'. Use bind_storage pragma to override this type.
INFO: [HLS 200-1457] Automatically inferring inferring RAM_1WNR storage type for array 'input_local_11'. Use bind_storage pragma to override this type.
INFO: [HLS 200-1457] Automatically inferring inferring RAM_1WNR storage type for array 'input_local_10'. Use bind_storage pragma to override this type.
INFO: [HLS 200-1457] Automatically inferring inferring RAM_1WNR storage type for array 'input_local_9'. Use bind_storage pragma to override this type.
INFO: [HLS 200-1457] Automatically inferring inferring RAM_1WNR storage type for array 'input_local_8'. Use bind_storage pragma to override this type.
INFO: [HLS 200-1457] Automatically inferring inferring RAM_1WNR storage type for array 'input_local_7'. Use bind_storage pragma to override this type.
INFO: [HLS 200-1457] Automatically inferring inferring RAM_1WNR storage type for array 'input_local_6'. Use bind_storage pragma to override this type.
INFO: [HLS 200-1457] Automatically inferring inferring RAM_1WNR storage type for array 'input_local_5'. Use bind_storage pragma to override this type.
INFO: [HLS 200-1457] Automatically inferring inferring RAM_1WNR storage type for array 'input_local_4'. Use bind_storage pragma to override this type.
INFO: [HLS 200-1457] Automatically inferring inferring RAM_1WNR storage type for array 'input_local_3'. Use bind_storage pragma to override this type.
INFO: [HLS 200-1457] Automatically inferring inferring RAM_1WNR storage type for array 'input_local_2'. Use bind_storage pragma to override this type.
INFO: [HLS 200-1457] Automatically inferring inferring RAM_1WNR storage type for array 'input_local_1'. Use bind_storage pragma to override this type.
INFO: [HLS 200-1457] Automatically inferring inferring RAM_1WNR storage type for array 'input_local_0'. Use bind_storage pragma to override this type.
INFO: [SCHED 204-61] Pipelining loop 'VITIS_LOOP_158_5'.
WARNING: [HLS 200-880] The II Violation in module 'dataflow_in_loop_VITIS_LOOP_149_4_1_Loop_VITIS_LOOP_158_5_proc4_Pipeline_VITIS_L' (loop 'VITIS_LOOP_158_5'): Unable to enforce a carried dependence constraint (II = 1, distance = 1, offset = 1) between bus read operation ('gmem1_addr_read_63', /home/simics/HMoE/HLS_HMoE/pseudo_block/run_11/src/pseudo_moe.cpp:162) on port 'gmem1' (/home/simics/HMoE/HLS_HMoE/pseudo_block/run_11/src/pseudo_moe.cpp:162) and bus read operation ('gmem1_addr_read', /home/simics/HMoE/HLS_HMoE/pseudo_block/run_11/src/pseudo_moe.cpp:162) on port 'gmem1' (/home/simics/HMoE/HLS_HMoE/pseudo_block/run_11/src/pseudo_moe.cpp:162).
WARNING: [HLS 200-880] The II Violation in module 'dataflow_in_loop_VITIS_LOOP_149_4_1_Loop_VITIS_LOOP_158_5_proc4_Pipeline_VITIS_L' (loop 'VITIS_LOOP_158_5'): Unable to enforce a carried dependence constraint (II = 2, distance = 1, offset = 1) between bus read operation ('gmem1_addr_read_63', /home/simics/HMoE/HLS_HMoE/pseudo_block/run_11/src/pseudo_moe.cpp:162) on port 'gmem1' (/home/simics/HMoE/HLS_HMoE/pseudo_block/run_11/src/pseudo_moe.cpp:162) and bus read operation ('gmem1_addr_read', /home/simics/HMoE/HLS_HMoE/pseudo_block/run_11/src/pseudo_moe.cpp:162) on port 'gmem1' (/home/simics/HMoE/HLS_HMoE/pseudo_block/run_11/src/pseudo_moe.cpp:162).
WARNING: [HLS 200-880] The II Violation in module 'dataflow_in_loop_VITIS_LOOP_149_4_1_Loop_VITIS_LOOP_158_5_proc4_Pipeline_VITIS_L' (loop 'VITIS_LOOP_158_5'): Unable to enforce a carried dependence constraint (II = 3, distance = 1, offset = 1) between bus read operation ('gmem1_addr_read_63', /home/simics/HMoE/HLS_HMoE/pseudo_block/run_11/src/pseudo_moe.cpp:162) on port 'gmem1' (/home/simics/HMoE/HLS_HMoE/pseudo_block/run_11/src/pseudo_moe.cpp:162) and bus read operation ('gmem1_addr_read', /home/simics/HMoE/HLS_HMoE/pseudo_block/run_11/src/pseudo_moe.cpp:162) on port 'gmem1' (/home/simics/HMoE/HLS_HMoE/pseudo_block/run_11/src/pseudo_moe.cpp:162).
WARNING: [HLS 200-880] The II Violation in module 'dataflow_in_loop_VITIS_LOOP_149_4_1_Loop_VITIS_LOOP_158_5_proc4_Pipeline_VITIS_L' (loop 'VITIS_LOOP_158_5'): Unable to enforce a carried dependence constraint (II = 4, distance = 1, offset = 1) between bus read operation ('gmem1_addr_read_63', /home/simics/HMoE/HLS_HMoE/pseudo_block/run_11/src/pseudo_moe.cpp:162) on port 'gmem1' (/home/simics/HMoE/HLS_HMoE/pseudo_block/run_11/src/pseudo_moe.cpp:162) and bus read operation ('gmem1_addr_read', /home/simics/HMoE/HLS_HMoE/pseudo_block/run_11/src/pseudo_moe.cpp:162) on port 'gmem1' (/home/simics/HMoE/HLS_HMoE/pseudo_block/run_11/src/pseudo_moe.cpp:162).
WARNING: [HLS 200-880] The II Violation in module 'dataflow_in_loop_VITIS_LOOP_149_4_1_Loop_VITIS_LOOP_158_5_proc4_Pipeline_VITIS_L' (loop 'VITIS_LOOP_158_5'): Unable to enforce a carried dependence constraint (II = 35, distance = 1, offset = 1) between bus read operation ('gmem1_addr_read_63', /home/simics/HMoE/HLS_HMoE/pseudo_block/run_11/src/pseudo_moe.cpp:162) on port 'gmem1' (/home/simics/HMoE/HLS_HMoE/pseudo_block/run_11/src/pseudo_moe.cpp:162) and bus read operation ('gmem1_addr_read', /home/simics/HMoE/HLS_HMoE/pseudo_block/run_11/src/pseudo_moe.cpp:162) on port 'gmem1' (/home/simics/HMoE/HLS_HMoE/pseudo_block/run_11/src/pseudo_moe.cpp:162).
WARNING: [HLS 200-880] The II Violation in module 'dataflow_in_loop_VITIS_LOOP_149_4_1_Loop_VITIS_LOOP_158_5_proc4_Pipeline_VITIS_L' (loop 'VITIS_LOOP_158_5'): Unable to enforce a carried dependence constraint (II = 51, distance = 1, offset = 1) between bus read operation ('gmem1_addr_read_63', /home/simics/HMoE/HLS_HMoE/pseudo_block/run_11/src/pseudo_moe.cpp:162) on port 'gmem1' (/home/simics/HMoE/HLS_HMoE/pseudo_block/run_11/src/pseudo_moe.cpp:162) and bus read operation ('gmem1_addr_read', /home/simics/HMoE/HLS_HMoE/pseudo_block/run_11/src/pseudo_moe.cpp:162) on port 'gmem1' (/home/simics/HMoE/HLS_HMoE/pseudo_block/run_11/src/pseudo_moe.cpp:162).
WARNING: [HLS 200-880] The II Violation in module 'dataflow_in_loop_VITIS_LOOP_149_4_1_Loop_VITIS_LOOP_158_5_proc4_Pipeline_VITIS_L' (loop 'VITIS_LOOP_158_5'): Unable to enforce a carried dependence constraint (II = 59, distance = 1, offset = 1) between bus read operation ('gmem1_addr_read_63', /home/simics/HMoE/HLS_HMoE/pseudo_block/run_11/src/pseudo_moe.cpp:162) on port 'gmem1' (/home/simics/HMoE/HLS_HMoE/pseudo_block/run_11/src/pseudo_moe.cpp:162) and bus read operation ('gmem1_addr_read', /home/simics/HMoE/HLS_HMoE/pseudo_block/run_11/src/pseudo_moe.cpp:162) on port 'gmem1' (/home/simics/HMoE/HLS_HMoE/pseudo_block/run_11/src/pseudo_moe.cpp:162).
WARNING: [HLS 200-880] The II Violation in module 'dataflow_in_loop_VITIS_LOOP_149_4_1_Loop_VITIS_LOOP_158_5_proc4_Pipeline_VITIS_L' (loop 'VITIS_LOOP_158_5'): Unable to enforce a carried dependence constraint (II = 63, distance = 1, offset = 1) between bus read operation ('gmem1_addr_read_63', /home/simics/HMoE/HLS_HMoE/pseudo_block/run_11/src/pseudo_moe.cpp:162) on port 'gmem1' (/home/simics/HMoE/HLS_HMoE/pseudo_block/run_11/src/pseudo_moe.cpp:162) and bus read operation ('gmem1_addr_read', /home/simics/HMoE/HLS_HMoE/pseudo_block/run_11/src/pseudo_moe.cpp:162) on port 'gmem1' (/home/simics/HMoE/HLS_HMoE/pseudo_block/run_11/src/pseudo_moe.cpp:162).
INFO: [HLS 200-1470] Pipelining result : Target II = NA, Final II = 64, Depth = 135, loop 'VITIS_LOOP_158_5'
INFO: [SCHED 204-11] Finished scheduling.
Command         schedule done; 0.52 sec.
INFO: [HLS 200-111] Finished Scheduling: CPU user time: 0.52 seconds. CPU system time: 0.01 seconds. Elapsed time: 0.53 seconds; current allocated memory: 490.727 MB.
Execute         syn_report -verbosereport -o /home/simics/HMoE/HLS_HMoE/pseudo_block/run_11/project/solution1/.autopilot/db/dataflow_in_loop_VITIS_LOOP_149_4_1_Loop_VITIS_LOOP_158_5_proc4_Pipeline_VITIS_L.verbose.sched.rpt 
Execute           list_part -family xcvu13p_CIV-figd2104-3-e 
Execute             ap_family_info -name xcvu13p_CIV-figd2104-3-e -data names 
Execute             ap_part_info -quiet -name xcvu13p_CIV-figd2104-3-e -data family 
Execute         db_write -o /home/simics/HMoE/HLS_HMoE/pseudo_block/run_11/project/solution1/.autopilot/db/dataflow_in_loop_VITIS_LOOP_149_4_1_Loop_VITIS_LOOP_158_5_proc4_Pipeline_VITIS_L.sched.adb -f 
INFO-FLOW: Finish scheduling dataflow_in_loop_VITIS_LOOP_149_4.1_Loop_VITIS_LOOP_158_5_proc4_Pipeline_VITIS_L.
Execute         set_default_model dataflow_in_loop_VITIS_LOOP_149_4.1_Loop_VITIS_LOOP_158_5_proc4_Pipeline_VITIS_L 
Execute         bind -model dataflow_in_loop_VITIS_LOOP_149_4.1_Loop_VITIS_LOOP_158_5_proc4_Pipeline_VITIS_L 
INFO: [BIND 205-100] Starting micro-architecture generation ...
INFO: [BIND 205-101] Performing variable lifetime analysis.
INFO: [BIND 205-101] Exploring resource sharing.
INFO: [BIND 205-101] Binding ...
INFO: [BIND 205-100] Finished micro-architecture generation.
INFO: [HLS 200-111] Finished Binding: CPU user time: 0.09 seconds. CPU system time: 0 seconds. Elapsed time: 0.1 seconds; current allocated memory: 490.727 MB.
Execute         syn_report -verbosereport -o /home/simics/HMoE/HLS_HMoE/pseudo_block/run_11/project/solution1/.autopilot/db/dataflow_in_loop_VITIS_LOOP_149_4_1_Loop_VITIS_LOOP_158_5_proc4_Pipeline_VITIS_L.verbose.bind.rpt 
Execute           list_part -family xcvu13p_CIV-figd2104-3-e 
Execute             ap_family_info -name xcvu13p_CIV-figd2104-3-e -data names 
Execute             ap_part_info -quiet -name xcvu13p_CIV-figd2104-3-e -data family 
Execute         db_write -o /home/simics/HMoE/HLS_HMoE/pseudo_block/run_11/project/solution1/.autopilot/db/dataflow_in_loop_VITIS_LOOP_149_4_1_Loop_VITIS_LOOP_158_5_proc4_Pipeline_VITIS_L.bind.adb -f 
INFO-FLOW: Finish binding dataflow_in_loop_VITIS_LOOP_149_4.1_Loop_VITIS_LOOP_158_5_proc4_Pipeline_VITIS_L.
INFO: [HLS 200-10] ----------------------------------------------------------------
INFO: [HLS 200-42] -- Implementing module 'dataflow_in_loop_VITIS_LOOP_149_4_1_Loop_VITIS_LOOP_158_5_proc4' 
INFO: [HLS 200-10] ----------------------------------------------------------------
Execute         set_default_model dataflow_in_loop_VITIS_LOOP_149_4.1_Loop_VITIS_LOOP_158_5_proc4 
Execute         schedule -model dataflow_in_loop_VITIS_LOOP_149_4.1_Loop_VITIS_LOOP_158_5_proc4 
INFO: [SCHED 204-11] Starting scheduling ...
INFO: [SCHED 204-11] Finished scheduling.
INFO: [HLS 200-111] Finished Scheduling: CPU user time: 0.06 seconds. CPU system time: 0.01 seconds. Elapsed time: 0.07 seconds; current allocated memory: 491.324 MB.
Execute         syn_report -verbosereport -o /home/simics/HMoE/HLS_HMoE/pseudo_block/run_11/project/solution1/.autopilot/db/dataflow_in_loop_VITIS_LOOP_149_4_1_Loop_VITIS_LOOP_158_5_proc4.verbose.sched.rpt 
Execute           list_part -family xcvu13p_CIV-figd2104-3-e 
Execute             ap_family_info -name xcvu13p_CIV-figd2104-3-e -data names 
Execute             ap_part_info -quiet -name xcvu13p_CIV-figd2104-3-e -data family 
Execute         db_write -o /home/simics/HMoE/HLS_HMoE/pseudo_block/run_11/project/solution1/.autopilot/db/dataflow_in_loop_VITIS_LOOP_149_4_1_Loop_VITIS_LOOP_158_5_proc4.sched.adb -f 
INFO-FLOW: Finish scheduling dataflow_in_loop_VITIS_LOOP_149_4.1_Loop_VITIS_LOOP_158_5_proc4.
Execute         set_default_model dataflow_in_loop_VITIS_LOOP_149_4.1_Loop_VITIS_LOOP_158_5_proc4 
Execute         bind -model dataflow_in_loop_VITIS_LOOP_149_4.1_Loop_VITIS_LOOP_158_5_proc4 
INFO: [BIND 205-100] Starting micro-architecture generation ...
INFO: [BIND 205-101] Performing variable lifetime analysis.
INFO: [BIND 205-101] Exploring resource sharing.
INFO: [BIND 205-101] Binding ...
INFO: [BIND 205-100] Finished micro-architecture generation.
INFO: [HLS 200-111] Finished Binding: CPU user time: 0.03 seconds. CPU system time: 0 seconds. Elapsed time: 0.03 seconds; current allocated memory: 491.324 MB.
Execute         syn_report -verbosereport -o /home/simics/HMoE/HLS_HMoE/pseudo_block/run_11/project/solution1/.autopilot/db/dataflow_in_loop_VITIS_LOOP_149_4_1_Loop_VITIS_LOOP_158_5_proc4.verbose.bind.rpt 
Execute           list_part -family xcvu13p_CIV-figd2104-3-e 
Execute             ap_family_info -name xcvu13p_CIV-figd2104-3-e -data names 
Execute             ap_part_info -quiet -name xcvu13p_CIV-figd2104-3-e -data family 
Execute         db_write -o /home/simics/HMoE/HLS_HMoE/pseudo_block/run_11/project/solution1/.autopilot/db/dataflow_in_loop_VITIS_LOOP_149_4_1_Loop_VITIS_LOOP_158_5_proc4.bind.adb -f 
INFO-FLOW: Finish binding dataflow_in_loop_VITIS_LOOP_149_4.1_Loop_VITIS_LOOP_158_5_proc4.
INFO: [HLS 200-10] ----------------------------------------------------------------
INFO: [HLS 200-42] -- Implementing module 'dataflow_in_loop_VITIS_LOOP_149_4_1_Loop_VITIS_LOOP_175_7_proc5' 
INFO: [HLS 200-10] ----------------------------------------------------------------
Execute         set_default_model dataflow_in_loop_VITIS_LOOP_149_4.1_Loop_VITIS_LOOP_175_7_proc5 
Execute         schedule -model dataflow_in_loop_VITIS_LOOP_149_4.1_Loop_VITIS_LOOP_175_7_proc5 
INFO: [SCHED 204-11] Starting scheduling ...
INFO: [SCHED 204-61] Pipelining loop 'VITIS_LOOP_175_7'.
INFO: [HLS 200-1470] Pipelining result : Target II = 1, Final II = 1, Depth = 10, loop 'VITIS_LOOP_175_7'
INFO: [SCHED 204-11] Finished scheduling.
INFO: [HLS 200-111] Finished Scheduling: CPU user time: 0.04 seconds. CPU system time: 0 seconds. Elapsed time: 0.04 seconds; current allocated memory: 491.891 MB.
Execute         syn_report -verbosereport -o /home/simics/HMoE/HLS_HMoE/pseudo_block/run_11/project/solution1/.autopilot/db/dataflow_in_loop_VITIS_LOOP_149_4_1_Loop_VITIS_LOOP_175_7_proc5.verbose.sched.rpt 
Execute           list_part -family xcvu13p_CIV-figd2104-3-e 
Execute             ap_family_info -name xcvu13p_CIV-figd2104-3-e -data names 
Execute             ap_part_info -quiet -name xcvu13p_CIV-figd2104-3-e -data family 
Execute         db_write -o /home/simics/HMoE/HLS_HMoE/pseudo_block/run_11/project/solution1/.autopilot/db/dataflow_in_loop_VITIS_LOOP_149_4_1_Loop_VITIS_LOOP_175_7_proc5.sched.adb -f 
INFO-FLOW: Finish scheduling dataflow_in_loop_VITIS_LOOP_149_4.1_Loop_VITIS_LOOP_175_7_proc5.
Execute         set_default_model dataflow_in_loop_VITIS_LOOP_149_4.1_Loop_VITIS_LOOP_175_7_proc5 
Execute         bind -model dataflow_in_loop_VITIS_LOOP_149_4.1_Loop_VITIS_LOOP_175_7_proc5 
INFO: [BIND 205-100] Starting micro-architecture generation ...
INFO: [BIND 205-101] Performing variable lifetime analysis.
INFO: [BIND 205-101] Exploring resource sharing.
INFO: [BIND 205-101] Binding ...
INFO: [BIND 205-100] Finished micro-architecture generation.
INFO: [HLS 200-111] Finished Binding: CPU user time: 0.02 seconds. CPU system time: 0 seconds. Elapsed time: 0.02 seconds; current allocated memory: 491.891 MB.
Execute         syn_report -verbosereport -o /home/simics/HMoE/HLS_HMoE/pseudo_block/run_11/project/solution1/.autopilot/db/dataflow_in_loop_VITIS_LOOP_149_4_1_Loop_VITIS_LOOP_175_7_proc5.verbose.bind.rpt 
Execute           list_part -family xcvu13p_CIV-figd2104-3-e 
Execute             ap_family_info -name xcvu13p_CIV-figd2104-3-e -data names 
Execute             ap_part_info -quiet -name xcvu13p_CIV-figd2104-3-e -data family 
Execute         db_write -o /home/simics/HMoE/HLS_HMoE/pseudo_block/run_11/project/solution1/.autopilot/db/dataflow_in_loop_VITIS_LOOP_149_4_1_Loop_VITIS_LOOP_175_7_proc5.bind.adb -f 
INFO-FLOW: Finish binding dataflow_in_loop_VITIS_LOOP_149_4.1_Loop_VITIS_LOOP_175_7_proc5.
INFO: [HLS 200-10] ----------------------------------------------------------------
INFO: [HLS 200-42] -- Implementing module 'dataflow_in_loop_VITIS_LOOP_149_4_1_Loop_VITIS_LOOP_181_8_proc6' 
INFO: [HLS 200-10] ----------------------------------------------------------------
Execute         set_default_model dataflow_in_loop_VITIS_LOOP_149_4.1_Loop_VITIS_LOOP_181_8_proc6 
Execute         schedule -model dataflow_in_loop_VITIS_LOOP_149_4.1_Loop_VITIS_LOOP_181_8_proc6 
INFO: [SCHED 204-11] Starting scheduling ...
INFO: [SCHED 204-61] Pipelining loop 'VITIS_LOOP_181_8'.
INFO: [HLS 200-1470] Pipelining result : Target II = 1, Final II = 1, Depth = 14, loop 'VITIS_LOOP_181_8'
INFO: [SCHED 204-11] Finished scheduling.
INFO: [HLS 200-111] Finished Scheduling: CPU user time: 0.04 seconds. CPU system time: 0 seconds. Elapsed time: 0.04 seconds; current allocated memory: 492.391 MB.
Execute         syn_report -verbosereport -o /home/simics/HMoE/HLS_HMoE/pseudo_block/run_11/project/solution1/.autopilot/db/dataflow_in_loop_VITIS_LOOP_149_4_1_Loop_VITIS_LOOP_181_8_proc6.verbose.sched.rpt 
Execute           list_part -family xcvu13p_CIV-figd2104-3-e 
Execute             ap_family_info -name xcvu13p_CIV-figd2104-3-e -data names 
Execute             ap_part_info -quiet -name xcvu13p_CIV-figd2104-3-e -data family 
Execute         db_write -o /home/simics/HMoE/HLS_HMoE/pseudo_block/run_11/project/solution1/.autopilot/db/dataflow_in_loop_VITIS_LOOP_149_4_1_Loop_VITIS_LOOP_181_8_proc6.sched.adb -f 
INFO-FLOW: Finish scheduling dataflow_in_loop_VITIS_LOOP_149_4.1_Loop_VITIS_LOOP_181_8_proc6.
Execute         set_default_model dataflow_in_loop_VITIS_LOOP_149_4.1_Loop_VITIS_LOOP_181_8_proc6 
Execute         bind -model dataflow_in_loop_VITIS_LOOP_149_4.1_Loop_VITIS_LOOP_181_8_proc6 
INFO: [BIND 205-100] Starting micro-architecture generation ...
INFO: [BIND 205-101] Performing variable lifetime analysis.
INFO: [BIND 205-101] Exploring resource sharing.
INFO: [BIND 205-101] Binding ...
INFO: [BIND 205-100] Finished micro-architecture generation.
INFO: [HLS 200-111] Finished Binding: CPU user time: 0.02 seconds. CPU system time: 0 seconds. Elapsed time: 0.03 seconds; current allocated memory: 492.391 MB.
Execute         syn_report -verbosereport -o /home/simics/HMoE/HLS_HMoE/pseudo_block/run_11/project/solution1/.autopilot/db/dataflow_in_loop_VITIS_LOOP_149_4_1_Loop_VITIS_LOOP_181_8_proc6.verbose.bind.rpt 
Execute           list_part -family xcvu13p_CIV-figd2104-3-e 
Execute             ap_family_info -name xcvu13p_CIV-figd2104-3-e -data names 
Execute             ap_part_info -quiet -name xcvu13p_CIV-figd2104-3-e -data family 
Execute         db_write -o /home/simics/HMoE/HLS_HMoE/pseudo_block/run_11/project/solution1/.autopilot/db/dataflow_in_loop_VITIS_LOOP_149_4_1_Loop_VITIS_LOOP_181_8_proc6.bind.adb -f 
INFO-FLOW: Finish binding dataflow_in_loop_VITIS_LOOP_149_4.1_Loop_VITIS_LOOP_181_8_proc6.
INFO: [HLS 200-10] ----------------------------------------------------------------
INFO: [HLS 200-42] -- Implementing module 'dataflow_in_loop_VITIS_LOOP_149_4_1_Loop_VITIS_LOOP_201_9_proc7' 
INFO: [HLS 200-10] ----------------------------------------------------------------
Execute         set_default_model dataflow_in_loop_VITIS_LOOP_149_4.1_Loop_VITIS_LOOP_201_9_proc7 
Execute         schedule -model dataflow_in_loop_VITIS_LOOP_149_4.1_Loop_VITIS_LOOP_201_9_proc7 
INFO: [SCHED 204-11] Starting scheduling ...
INFO: [HLS 200-1457] Automatically inferring inferring RAM_1WNR storage type for array 'input_local_15'. Use bind_storage pragma to override this type.
INFO: [HLS 200-1457] Automatically inferring inferring RAM_1WNR storage type for array 'input_local_14'. Use bind_storage pragma to override this type.
INFO: [HLS 200-1457] Automatically inferring inferring RAM_1WNR storage type for array 'input_local_13'. Use bind_storage pragma to override this type.
INFO: [HLS 200-1457] Automatically inferring inferring RAM_1WNR storage type for array 'input_local_12'. Use bind_storage pragma to override this type.
INFO: [HLS 200-1457] Automatically inferring inferring RAM_1WNR storage type for array 'input_local_11'. Use bind_storage pragma to override this type.
INFO: [HLS 200-1457] Automatically inferring inferring RAM_1WNR storage type for array 'input_local_10'. Use bind_storage pragma to override this type.
INFO: [HLS 200-1457] Automatically inferring inferring RAM_1WNR storage type for array 'input_local_9'. Use bind_storage pragma to override this type.
INFO: [HLS 200-1457] Automatically inferring inferring RAM_1WNR storage type for array 'input_local_8'. Use bind_storage pragma to override this type.
INFO: [HLS 200-1457] Automatically inferring inferring RAM_1WNR storage type for array 'input_local_7'. Use bind_storage pragma to override this type.
INFO: [HLS 200-1457] Automatically inferring inferring RAM_1WNR storage type for array 'input_local_6'. Use bind_storage pragma to override this type.
INFO: [HLS 200-1457] Automatically inferring inferring RAM_1WNR storage type for array 'input_local_5'. Use bind_storage pragma to override this type.
INFO: [HLS 200-1457] Automatically inferring inferring RAM_1WNR storage type for array 'input_local_4'. Use bind_storage pragma to override this type.
INFO: [HLS 200-1457] Automatically inferring inferring RAM_1WNR storage type for array 'input_local_3'. Use bind_storage pragma to override this type.
INFO: [HLS 200-1457] Automatically inferring inferring RAM_1WNR storage type for array 'input_local_2'. Use bind_storage pragma to override this type.
INFO: [HLS 200-1457] Automatically inferring inferring RAM_1WNR storage type for array 'input_local_1'. Use bind_storage pragma to override this type.
INFO: [HLS 200-1457] Automatically inferring inferring RAM_1WNR storage type for array 'input_local_0'. Use bind_storage pragma to override this type.
INFO: [SCHED 204-61] Pipelining loop 'VITIS_LOOP_201_9'.
INFO: [HLS 200-1470] Pipelining result : Target II = 1, Final II = 1, Depth = 2, loop 'VITIS_LOOP_201_9'
INFO: [SCHED 204-11] Finished scheduling.
Command         schedule done; 0.43 sec.
INFO: [HLS 200-111] Finished Scheduling: CPU user time: 0.36 seconds. CPU system time: 0.01 seconds. Elapsed time: 0.45 seconds; current allocated memory: 494.383 MB.
Execute         syn_report -verbosereport -o /home/simics/HMoE/HLS_HMoE/pseudo_block/run_11/project/solution1/.autopilot/db/dataflow_in_loop_VITIS_LOOP_149_4_1_Loop_VITIS_LOOP_201_9_proc7.verbose.sched.rpt 
Execute           list_part -family xcvu13p_CIV-figd2104-3-e 
Execute             ap_family_info -name xcvu13p_CIV-figd2104-3-e -data names 
Execute             ap_part_info -quiet -name xcvu13p_CIV-figd2104-3-e -data family 
Execute         db_write -o /home/simics/HMoE/HLS_HMoE/pseudo_block/run_11/project/solution1/.autopilot/db/dataflow_in_loop_VITIS_LOOP_149_4_1_Loop_VITIS_LOOP_201_9_proc7.sched.adb -f 
INFO-FLOW: Finish scheduling dataflow_in_loop_VITIS_LOOP_149_4.1_Loop_VITIS_LOOP_201_9_proc7.
Execute         set_default_model dataflow_in_loop_VITIS_LOOP_149_4.1_Loop_VITIS_LOOP_201_9_proc7 
Execute         bind -model dataflow_in_loop_VITIS_LOOP_149_4.1_Loop_VITIS_LOOP_201_9_proc7 
INFO: [BIND 205-100] Starting micro-architecture generation ...
INFO: [BIND 205-101] Performing variable lifetime analysis.
INFO: [BIND 205-101] Exploring resource sharing.
INFO: [BIND 205-101] Binding ...
INFO: [BIND 205-100] Finished micro-architecture generation.
INFO: [HLS 200-111] Finished Binding: CPU user time: 0.04 seconds. CPU system time: 0.01 seconds. Elapsed time: 0.05 seconds; current allocated memory: 494.383 MB.
Execute         syn_report -verbosereport -o /home/simics/HMoE/HLS_HMoE/pseudo_block/run_11/project/solution1/.autopilot/db/dataflow_in_loop_VITIS_LOOP_149_4_1_Loop_VITIS_LOOP_201_9_proc7.verbose.bind.rpt 
Execute           list_part -family xcvu13p_CIV-figd2104-3-e 
Execute             ap_family_info -name xcvu13p_CIV-figd2104-3-e -data names 
Execute             ap_part_info -quiet -name xcvu13p_CIV-figd2104-3-e -data family 
Execute         db_write -o /home/simics/HMoE/HLS_HMoE/pseudo_block/run_11/project/solution1/.autopilot/db/dataflow_in_loop_VITIS_LOOP_149_4_1_Loop_VITIS_LOOP_201_9_proc7.bind.adb -f 
INFO-FLOW: Finish binding dataflow_in_loop_VITIS_LOOP_149_4.1_Loop_VITIS_LOOP_201_9_proc7.
INFO: [HLS 200-10] ----------------------------------------------------------------
INFO: [HLS 200-42] -- Implementing module 'compute_expert_0_8' 
INFO: [HLS 200-10] ----------------------------------------------------------------
Execute         set_default_model compute_expert<0>8 
Execute         schedule -model compute_expert<0>8 
INFO: [SCHED 204-11] Starting scheduling ...
INFO: [SCHED 204-61] Pipelining loop 'VITIS_LOOP_22_1_VITIS_LOOP_31_3'.
INFO: [HLS 200-1470] Pipelining result : Target II = 1, Final II = 1, Depth = 42, loop 'VITIS_LOOP_22_1_VITIS_LOOP_31_3'
INFO: [SCHED 204-11] Finished scheduling.
Command         schedule done; 0.12 sec.
INFO: [HLS 200-111] Finished Scheduling: CPU user time: 0.15 seconds. CPU system time: 0 seconds. Elapsed time: 0.15 seconds; current allocated memory: 496.523 MB.
Execute         syn_report -verbosereport -o /home/simics/HMoE/HLS_HMoE/pseudo_block/run_11/project/solution1/.autopilot/db/compute_expert_0_8.verbose.sched.rpt 
Execute           list_part -family xcvu13p_CIV-figd2104-3-e 
Execute             ap_family_info -name xcvu13p_CIV-figd2104-3-e -data names 
Execute             ap_part_info -quiet -name xcvu13p_CIV-figd2104-3-e -data family 
Execute         db_write -o /home/simics/HMoE/HLS_HMoE/pseudo_block/run_11/project/solution1/.autopilot/db/compute_expert_0_8.sched.adb -f 
INFO-FLOW: Finish scheduling compute_expert<0>8.
Execute         set_default_model compute_expert<0>8 
Execute         bind -model compute_expert<0>8 
INFO: [BIND 205-100] Starting micro-architecture generation ...
INFO: [BIND 205-101] Performing variable lifetime analysis.
INFO: [BIND 205-101] Exploring resource sharing.
INFO: [BIND 205-101] Binding ...
INFO: [BIND 205-100] Finished micro-architecture generation.
INFO: [HLS 200-111] Finished Binding: CPU user time: 0.04 seconds. CPU system time: 0 seconds. Elapsed time: 0.05 seconds; current allocated memory: 496.523 MB.
Execute         syn_report -verbosereport -o /home/simics/HMoE/HLS_HMoE/pseudo_block/run_11/project/solution1/.autopilot/db/compute_expert_0_8.verbose.bind.rpt 
Execute           list_part -family xcvu13p_CIV-figd2104-3-e 
Execute             ap_family_info -name xcvu13p_CIV-figd2104-3-e -data names 
Execute             ap_part_info -quiet -name xcvu13p_CIV-figd2104-3-e -data family 
Execute         db_write -o /home/simics/HMoE/HLS_HMoE/pseudo_block/run_11/project/solution1/.autopilot/db/compute_expert_0_8.bind.adb -f 
INFO-FLOW: Finish binding compute_expert<0>8.
INFO: [HLS 200-10] ----------------------------------------------------------------
INFO: [HLS 200-42] -- Implementing module 'compute_expert_1_9' 
INFO: [HLS 200-10] ----------------------------------------------------------------
Execute         set_default_model compute_expert<1>9 
Execute         schedule -model compute_expert<1>9 
INFO: [SCHED 204-11] Starting scheduling ...
INFO: [SCHED 204-61] Pipelining loop 'VITIS_LOOP_22_1_VITIS_LOOP_31_3'.
INFO: [HLS 200-1470] Pipelining result : Target II = 1, Final II = 1, Depth = 42, loop 'VITIS_LOOP_22_1_VITIS_LOOP_31_3'
INFO: [SCHED 204-11] Finished scheduling.
Command         schedule done; 0.11 sec.
INFO: [HLS 200-111] Finished Scheduling: CPU user time: 0.15 seconds. CPU system time: 0 seconds. Elapsed time: 0.15 seconds; current allocated memory: 498.824 MB.
Execute         syn_report -verbosereport -o /home/simics/HMoE/HLS_HMoE/pseudo_block/run_11/project/solution1/.autopilot/db/compute_expert_1_9.verbose.sched.rpt 
Execute           list_part -family xcvu13p_CIV-figd2104-3-e 
Execute             ap_family_info -name xcvu13p_CIV-figd2104-3-e -data names 
Execute             ap_part_info -quiet -name xcvu13p_CIV-figd2104-3-e -data family 
Execute         db_write -o /home/simics/HMoE/HLS_HMoE/pseudo_block/run_11/project/solution1/.autopilot/db/compute_expert_1_9.sched.adb -f 
INFO-FLOW: Finish scheduling compute_expert<1>9.
Execute         set_default_model compute_expert<1>9 
Execute         bind -model compute_expert<1>9 
INFO: [BIND 205-100] Starting micro-architecture generation ...
INFO: [BIND 205-101] Performing variable lifetime analysis.
INFO: [BIND 205-101] Exploring resource sharing.
INFO: [BIND 205-101] Binding ...
INFO: [BIND 205-100] Finished micro-architecture generation.
INFO: [HLS 200-111] Finished Binding: CPU user time: 0.04 seconds. CPU system time: 0 seconds. Elapsed time: 0.04 seconds; current allocated memory: 498.824 MB.
Execute         syn_report -verbosereport -o /home/simics/HMoE/HLS_HMoE/pseudo_block/run_11/project/solution1/.autopilot/db/compute_expert_1_9.verbose.bind.rpt 
Execute           list_part -family xcvu13p_CIV-figd2104-3-e 
Execute             ap_family_info -name xcvu13p_CIV-figd2104-3-e -data names 
Execute             ap_part_info -quiet -name xcvu13p_CIV-figd2104-3-e -data family 
Execute         db_write -o /home/simics/HMoE/HLS_HMoE/pseudo_block/run_11/project/solution1/.autopilot/db/compute_expert_1_9.bind.adb -f 
INFO-FLOW: Finish binding compute_expert<1>9.
INFO: [HLS 200-10] ----------------------------------------------------------------
INFO: [HLS 200-42] -- Implementing module 'compute_expert_2_10' 
INFO: [HLS 200-10] ----------------------------------------------------------------
Execute         set_default_model compute_expert<2>10 
Execute         schedule -model compute_expert<2>10 
INFO: [SCHED 204-11] Starting scheduling ...
INFO: [SCHED 204-61] Pipelining loop 'VITIS_LOOP_22_1_VITIS_LOOP_31_3'.
INFO: [HLS 200-1470] Pipelining result : Target II = 1, Final II = 1, Depth = 42, loop 'VITIS_LOOP_22_1_VITIS_LOOP_31_3'
INFO: [SCHED 204-11] Finished scheduling.
Command         schedule done; 0.11 sec.
INFO: [HLS 200-111] Finished Scheduling: CPU user time: 0.15 seconds. CPU system time: 0.01 seconds. Elapsed time: 0.15 seconds; current allocated memory: 500.930 MB.
Execute         syn_report -verbosereport -o /home/simics/HMoE/HLS_HMoE/pseudo_block/run_11/project/solution1/.autopilot/db/compute_expert_2_10.verbose.sched.rpt 
Execute           list_part -family xcvu13p_CIV-figd2104-3-e 
Execute             ap_family_info -name xcvu13p_CIV-figd2104-3-e -data names 
Execute             ap_part_info -quiet -name xcvu13p_CIV-figd2104-3-e -data family 
Execute         db_write -o /home/simics/HMoE/HLS_HMoE/pseudo_block/run_11/project/solution1/.autopilot/db/compute_expert_2_10.sched.adb -f 
INFO-FLOW: Finish scheduling compute_expert<2>10.
Execute         set_default_model compute_expert<2>10 
Execute         bind -model compute_expert<2>10 
INFO: [BIND 205-100] Starting micro-architecture generation ...
INFO: [BIND 205-101] Performing variable lifetime analysis.
INFO: [BIND 205-101] Exploring resource sharing.
INFO: [BIND 205-101] Binding ...
INFO: [BIND 205-100] Finished micro-architecture generation.
INFO: [HLS 200-111] Finished Binding: CPU user time: 0.05 seconds. CPU system time: 0 seconds. Elapsed time: 0.04 seconds; current allocated memory: 500.930 MB.
Execute         syn_report -verbosereport -o /home/simics/HMoE/HLS_HMoE/pseudo_block/run_11/project/solution1/.autopilot/db/compute_expert_2_10.verbose.bind.rpt 
Execute           list_part -family xcvu13p_CIV-figd2104-3-e 
Execute             ap_family_info -name xcvu13p_CIV-figd2104-3-e -data names 
Execute             ap_part_info -quiet -name xcvu13p_CIV-figd2104-3-e -data family 
Execute         db_write -o /home/simics/HMoE/HLS_HMoE/pseudo_block/run_11/project/solution1/.autopilot/db/compute_expert_2_10.bind.adb -f 
INFO-FLOW: Finish binding compute_expert<2>10.
INFO: [HLS 200-10] ----------------------------------------------------------------
INFO: [HLS 200-42] -- Implementing module 'compute_expert_3_11' 
INFO: [HLS 200-10] ----------------------------------------------------------------
Execute         set_default_model compute_expert<3>11 
Execute         schedule -model compute_expert<3>11 
INFO: [SCHED 204-11] Starting scheduling ...
INFO: [SCHED 204-61] Pipelining loop 'VITIS_LOOP_22_1_VITIS_LOOP_31_3'.
INFO: [HLS 200-1470] Pipelining result : Target II = 1, Final II = 1, Depth = 42, loop 'VITIS_LOOP_22_1_VITIS_LOOP_31_3'
INFO: [SCHED 204-11] Finished scheduling.
Command         schedule done; 0.11 sec.
INFO: [HLS 200-111] Finished Scheduling: CPU user time: 0.14 seconds. CPU system time: 0 seconds. Elapsed time: 0.14 seconds; current allocated memory: 503.250 MB.
Execute         syn_report -verbosereport -o /home/simics/HMoE/HLS_HMoE/pseudo_block/run_11/project/solution1/.autopilot/db/compute_expert_3_11.verbose.sched.rpt 
Execute           list_part -family xcvu13p_CIV-figd2104-3-e 
Execute             ap_family_info -name xcvu13p_CIV-figd2104-3-e -data names 
Execute             ap_part_info -quiet -name xcvu13p_CIV-figd2104-3-e -data family 
Execute         db_write -o /home/simics/HMoE/HLS_HMoE/pseudo_block/run_11/project/solution1/.autopilot/db/compute_expert_3_11.sched.adb -f 
INFO-FLOW: Finish scheduling compute_expert<3>11.
Execute         set_default_model compute_expert<3>11 
Execute         bind -model compute_expert<3>11 
INFO: [BIND 205-100] Starting micro-architecture generation ...
INFO: [BIND 205-101] Performing variable lifetime analysis.
INFO: [BIND 205-101] Exploring resource sharing.
INFO: [BIND 205-101] Binding ...
INFO: [BIND 205-100] Finished micro-architecture generation.
INFO: [HLS 200-111] Finished Binding: CPU user time: 0.04 seconds. CPU system time: 0 seconds. Elapsed time: 0.05 seconds; current allocated memory: 503.250 MB.
Execute         syn_report -verbosereport -o /home/simics/HMoE/HLS_HMoE/pseudo_block/run_11/project/solution1/.autopilot/db/compute_expert_3_11.verbose.bind.rpt 
Execute           list_part -family xcvu13p_CIV-figd2104-3-e 
Execute             ap_family_info -name xcvu13p_CIV-figd2104-3-e -data names 
Execute             ap_part_info -quiet -name xcvu13p_CIV-figd2104-3-e -data family 
Execute         db_write -o /home/simics/HMoE/HLS_HMoE/pseudo_block/run_11/project/solution1/.autopilot/db/compute_expert_3_11.bind.adb -f 
INFO-FLOW: Finish binding compute_expert<3>11.
INFO: [HLS 200-10] ----------------------------------------------------------------
INFO: [HLS 200-42] -- Implementing module 'combine_experts12_Pipeline_VITIS_LOOP_64_1' 
INFO: [HLS 200-10] ----------------------------------------------------------------
Execute         set_default_model combine_experts12_Pipeline_VITIS_LOOP_64_1 
Execute         schedule -model combine_experts12_Pipeline_VITIS_LOOP_64_1 
INFO: [SCHED 204-11] Starting scheduling ...
INFO: [SCHED 204-61] Pipelining loop 'VITIS_LOOP_64_1'.
INFO: [HLS 200-1470] Pipelining result : Target II = 1, Final II = 1, Depth = 9, loop 'VITIS_LOOP_64_1'
INFO: [SCHED 204-11] Finished scheduling.
INFO: [HLS 200-111] Finished Scheduling: CPU user time: 0.06 seconds. CPU system time: 0.01 seconds. Elapsed time: 0.06 seconds; current allocated memory: 504.395 MB.
Execute         syn_report -verbosereport -o /home/simics/HMoE/HLS_HMoE/pseudo_block/run_11/project/solution1/.autopilot/db/combine_experts12_Pipeline_VITIS_LOOP_64_1.verbose.sched.rpt 
Execute           list_part -family xcvu13p_CIV-figd2104-3-e 
Execute             ap_family_info -name xcvu13p_CIV-figd2104-3-e -data names 
Execute             ap_part_info -quiet -name xcvu13p_CIV-figd2104-3-e -data family 
Execute         db_write -o /home/simics/HMoE/HLS_HMoE/pseudo_block/run_11/project/solution1/.autopilot/db/combine_experts12_Pipeline_VITIS_LOOP_64_1.sched.adb -f 
INFO-FLOW: Finish scheduling combine_experts12_Pipeline_VITIS_LOOP_64_1.
Execute         set_default_model combine_experts12_Pipeline_VITIS_LOOP_64_1 
Execute         bind -model combine_experts12_Pipeline_VITIS_LOOP_64_1 
INFO: [BIND 205-100] Starting micro-architecture generation ...
INFO: [BIND 205-101] Performing variable lifetime analysis.
INFO: [BIND 205-101] Exploring resource sharing.
INFO: [BIND 205-101] Binding ...
INFO: [BIND 205-100] Finished micro-architecture generation.
INFO: [HLS 200-111] Finished Binding: CPU user time: 0.02 seconds. CPU system time: 0 seconds. Elapsed time: 0.03 seconds; current allocated memory: 504.395 MB.
Execute         syn_report -verbosereport -o /home/simics/HMoE/HLS_HMoE/pseudo_block/run_11/project/solution1/.autopilot/db/combine_experts12_Pipeline_VITIS_LOOP_64_1.verbose.bind.rpt 
Execute           list_part -family xcvu13p_CIV-figd2104-3-e 
Execute             ap_family_info -name xcvu13p_CIV-figd2104-3-e -data names 
Execute             ap_part_info -quiet -name xcvu13p_CIV-figd2104-3-e -data family 
Execute         db_write -o /home/simics/HMoE/HLS_HMoE/pseudo_block/run_11/project/solution1/.autopilot/db/combine_experts12_Pipeline_VITIS_LOOP_64_1.bind.adb -f 
INFO-FLOW: Finish binding combine_experts12_Pipeline_VITIS_LOOP_64_1.
INFO: [HLS 200-10] ----------------------------------------------------------------
INFO: [HLS 200-42] -- Implementing module 'combine_experts12' 
INFO: [HLS 200-10] ----------------------------------------------------------------
Execute         set_default_model combine_experts12 
Execute         schedule -model combine_experts12 
INFO: [SCHED 204-11] Starting scheduling ...
INFO: [SCHED 204-11] Finished scheduling.
INFO: [HLS 200-111] Finished Scheduling: CPU user time: 0.03 seconds. CPU system time: 0 seconds. Elapsed time: 0.03 seconds; current allocated memory: 504.395 MB.
Execute         syn_report -verbosereport -o /home/simics/HMoE/HLS_HMoE/pseudo_block/run_11/project/solution1/.autopilot/db/combine_experts12.verbose.sched.rpt 
Execute           list_part -family xcvu13p_CIV-figd2104-3-e 
Execute             ap_family_info -name xcvu13p_CIV-figd2104-3-e -data names 
Execute             ap_part_info -quiet -name xcvu13p_CIV-figd2104-3-e -data family 
Execute         db_write -o /home/simics/HMoE/HLS_HMoE/pseudo_block/run_11/project/solution1/.autopilot/db/combine_experts12.sched.adb -f 
INFO-FLOW: Finish scheduling combine_experts12.
Execute         set_default_model combine_experts12 
Execute         bind -model combine_experts12 
INFO: [BIND 205-100] Starting micro-architecture generation ...
INFO: [BIND 205-101] Performing variable lifetime analysis.
INFO: [BIND 205-101] Exploring resource sharing.
INFO: [BIND 205-101] Binding ...
INFO: [BIND 205-100] Finished micro-architecture generation.
INFO: [HLS 200-111] Finished Binding: CPU user time: 0.02 seconds. CPU system time: 0 seconds. Elapsed time: 0.02 seconds; current allocated memory: 504.395 MB.
Execute         syn_report -verbosereport -o /home/simics/HMoE/HLS_HMoE/pseudo_block/run_11/project/solution1/.autopilot/db/combine_experts12.verbose.bind.rpt 
Execute           list_part -family xcvu13p_CIV-figd2104-3-e 
Execute             ap_family_info -name xcvu13p_CIV-figd2104-3-e -data names 
Execute             ap_part_info -quiet -name xcvu13p_CIV-figd2104-3-e -data family 
Execute         db_write -o /home/simics/HMoE/HLS_HMoE/pseudo_block/run_11/project/solution1/.autopilot/db/combine_experts12.bind.adb -f 
INFO-FLOW: Finish binding combine_experts12.
INFO: [HLS 200-10] ----------------------------------------------------------------
INFO: [HLS 200-42] -- Implementing module 'dataflow_in_loop_VITIS_LOOP_149_4_1_Loop_VITIS_LOOP_238_10_proc13' 
INFO: [HLS 200-10] ----------------------------------------------------------------
Execute         set_default_model dataflow_in_loop_VITIS_LOOP_149_4.1_Loop_VITIS_LOOP_238_10_proc13 
Execute         schedule -model dataflow_in_loop_VITIS_LOOP_149_4.1_Loop_VITIS_LOOP_238_10_proc13 
INFO: [SCHED 204-11] Starting scheduling ...
INFO: [SCHED 204-61] Pipelining loop 'VITIS_LOOP_238_10'.
INFO: [HLS 200-1470] Pipelining result : Target II = 1, Final II = 1, Depth = 9, loop 'VITIS_LOOP_238_10'
INFO: [SCHED 204-11] Finished scheduling.
INFO: [HLS 200-111] Finished Scheduling: CPU user time: 0.04 seconds. CPU system time: 0 seconds. Elapsed time: 0.04 seconds; current allocated memory: 504.953 MB.
Execute         syn_report -verbosereport -o /home/simics/HMoE/HLS_HMoE/pseudo_block/run_11/project/solution1/.autopilot/db/dataflow_in_loop_VITIS_LOOP_149_4_1_Loop_VITIS_LOOP_238_10_proc13.verbose.sched.rpt 
Execute           list_part -family xcvu13p_CIV-figd2104-3-e 
Execute             ap_family_info -name xcvu13p_CIV-figd2104-3-e -data names 
Execute             ap_part_info -quiet -name xcvu13p_CIV-figd2104-3-e -data family 
Execute         db_write -o /home/simics/HMoE/HLS_HMoE/pseudo_block/run_11/project/solution1/.autopilot/db/dataflow_in_loop_VITIS_LOOP_149_4_1_Loop_VITIS_LOOP_238_10_proc13.sched.adb -f 
INFO-FLOW: Finish scheduling dataflow_in_loop_VITIS_LOOP_149_4.1_Loop_VITIS_LOOP_238_10_proc13.
Execute         set_default_model dataflow_in_loop_VITIS_LOOP_149_4.1_Loop_VITIS_LOOP_238_10_proc13 
Execute         bind -model dataflow_in_loop_VITIS_LOOP_149_4.1_Loop_VITIS_LOOP_238_10_proc13 
INFO: [BIND 205-100] Starting micro-architecture generation ...
INFO: [BIND 205-101] Performing variable lifetime analysis.
INFO: [BIND 205-101] Exploring resource sharing.
INFO: [BIND 205-101] Binding ...
INFO: [BIND 205-100] Finished micro-architecture generation.
INFO: [HLS 200-111] Finished Binding: CPU user time: 0.02 seconds. CPU system time: 0 seconds. Elapsed time: 0.02 seconds; current allocated memory: 504.953 MB.
Execute         syn_report -verbosereport -o /home/simics/HMoE/HLS_HMoE/pseudo_block/run_11/project/solution1/.autopilot/db/dataflow_in_loop_VITIS_LOOP_149_4_1_Loop_VITIS_LOOP_238_10_proc13.verbose.bind.rpt 
Execute           list_part -family xcvu13p_CIV-figd2104-3-e 
Execute             ap_family_info -name xcvu13p_CIV-figd2104-3-e -data names 
Execute             ap_part_info -quiet -name xcvu13p_CIV-figd2104-3-e -data family 
Execute         db_write -o /home/simics/HMoE/HLS_HMoE/pseudo_block/run_11/project/solution1/.autopilot/db/dataflow_in_loop_VITIS_LOOP_149_4_1_Loop_VITIS_LOOP_238_10_proc13.bind.adb -f 
INFO-FLOW: Finish binding dataflow_in_loop_VITIS_LOOP_149_4.1_Loop_VITIS_LOOP_238_10_proc13.
INFO: [HLS 200-10] ----------------------------------------------------------------
INFO: [HLS 200-42] -- Implementing module 'dataflow_in_loop_VITIS_LOOP_149_4_1' 
INFO: [HLS 200-10] ----------------------------------------------------------------
Execute         set_default_model dataflow_in_loop_VITIS_LOOP_149_4.1 
Execute         schedule -model dataflow_in_loop_VITIS_LOOP_149_4.1 
INFO: [SCHED 204-11] Starting scheduling ...
INFO: [SCHED 204-11] Finished scheduling.
WARNING: [HLS 200-1020] Increasing the depth of FIFO n_1_c_channel (from dataflow_in_loop_VITIS_LOOP_149_4_1_Loop_VITIS_LOOP_181_8_proc6_U0 to dataflow_in_loop_VITIS_LOOP_149_4_1_Loop_VITIS_LOOP_238_10_proc13_U0) to 3 to improve performance and/or avoid deadlocks.
WARNING: [HLS 200-1019] Consider increasing the depth of PIPO expert_result0 (from compute_expert_0_8_U0 to combine_experts12_U0) to 3 to improve performance and/or avoid deadlocks.
WARNING: [HLS 200-1019] Consider increasing the depth of PIPO expert_result1 (from compute_expert_1_9_U0 to combine_experts12_U0) to 3 to improve performance and/or avoid deadlocks.
WARNING: [HLS 200-1019] Consider increasing the depth of PIPO expert_result2 (from compute_expert_2_10_U0 to combine_experts12_U0) to 3 to improve performance and/or avoid deadlocks.
WARNING: [HLS 200-1019] Consider increasing the depth of PIPO expert_result3 (from compute_expert_3_11_U0 to combine_experts12_U0) to 3 to improve performance and/or avoid deadlocks.
INFO: [HLS 200-111] Finished Scheduling: CPU user time: 0.07 seconds. CPU system time: 0.01 seconds. Elapsed time: 0.08 seconds; current allocated memory: 505.590 MB.
Execute         syn_report -verbosereport -o /home/simics/HMoE/HLS_HMoE/pseudo_block/run_11/project/solution1/.autopilot/db/dataflow_in_loop_VITIS_LOOP_149_4_1.verbose.sched.rpt 
Execute           list_part -family xcvu13p_CIV-figd2104-3-e 
Execute             ap_family_info -name xcvu13p_CIV-figd2104-3-e -data names 
Execute             ap_part_info -quiet -name xcvu13p_CIV-figd2104-3-e -data family 
Execute         db_write -o /home/simics/HMoE/HLS_HMoE/pseudo_block/run_11/project/solution1/.autopilot/db/dataflow_in_loop_VITIS_LOOP_149_4_1.sched.adb -f 
INFO-FLOW: Finish scheduling dataflow_in_loop_VITIS_LOOP_149_4.1.
Execute         set_default_model dataflow_in_loop_VITIS_LOOP_149_4.1 
Execute         bind -model dataflow_in_loop_VITIS_LOOP_149_4.1 
INFO: [BIND 205-100] Starting micro-architecture generation ...
INFO: [BIND 205-101] Performing variable lifetime analysis.
INFO: [BIND 205-101] Exploring resource sharing.
INFO: [BIND 205-101] Binding ...
INFO: [BIND 205-100] Finished micro-architecture generation.
INFO: [HLS 200-111] Finished Binding: CPU user time: 0.05 seconds. CPU system time: 0 seconds. Elapsed time: 0.05 seconds; current allocated memory: 505.875 MB.
Execute         syn_report -verbosereport -o /home/simics/HMoE/HLS_HMoE/pseudo_block/run_11/project/solution1/.autopilot/db/dataflow_in_loop_VITIS_LOOP_149_4_1.verbose.bind.rpt 
Execute           list_part -family xcvu13p_CIV-figd2104-3-e 
Execute             ap_family_info -name xcvu13p_CIV-figd2104-3-e -data names 
Execute             ap_part_info -quiet -name xcvu13p_CIV-figd2104-3-e -data family 
Execute         db_write -o /home/simics/HMoE/HLS_HMoE/pseudo_block/run_11/project/solution1/.autopilot/db/dataflow_in_loop_VITIS_LOOP_149_4_1.bind.adb -f 
INFO-FLOW: Finish binding dataflow_in_loop_VITIS_LOOP_149_4.1.
INFO: [HLS 200-10] ----------------------------------------------------------------
INFO: [HLS 200-42] -- Implementing module 'dataflow_parent_loop_proc' 
INFO: [HLS 200-10] ----------------------------------------------------------------
Execute         set_default_model dataflow_parent_loop_proc 
Execute         schedule -model dataflow_parent_loop_proc 
INFO: [SCHED 204-11] Starting scheduling ...
INFO: [SCHED 204-11] Finished scheduling.
INFO: [HLS 200-111] Finished Scheduling: CPU user time: 0.07 seconds. CPU system time: 0 seconds. Elapsed time: 0.07 seconds; current allocated memory: 506.820 MB.
Execute         syn_report -verbosereport -o /home/simics/HMoE/HLS_HMoE/pseudo_block/run_11/project/solution1/.autopilot/db/dataflow_parent_loop_proc.verbose.sched.rpt 
Execute           list_part -family xcvu13p_CIV-figd2104-3-e 
Execute             ap_family_info -name xcvu13p_CIV-figd2104-3-e -data names 
Execute             ap_part_info -quiet -name xcvu13p_CIV-figd2104-3-e -data family 
Execute         db_write -o /home/simics/HMoE/HLS_HMoE/pseudo_block/run_11/project/solution1/.autopilot/db/dataflow_parent_loop_proc.sched.adb -f 
INFO-FLOW: Finish scheduling dataflow_parent_loop_proc.
Execute         set_default_model dataflow_parent_loop_proc 
Execute         bind -model dataflow_parent_loop_proc 
INFO: [BIND 205-100] Starting micro-architecture generation ...
INFO: [BIND 205-101] Performing variable lifetime analysis.
INFO: [BIND 205-101] Exploring resource sharing.
INFO: [BIND 205-101] Binding ...
INFO: [BIND 205-100] Finished micro-architecture generation.
INFO: [HLS 200-111] Finished Binding: CPU user time: 0.05 seconds. CPU system time: 0 seconds. Elapsed time: 0.04 seconds; current allocated memory: 506.820 MB.
Execute         syn_report -verbosereport -o /home/simics/HMoE/HLS_HMoE/pseudo_block/run_11/project/solution1/.autopilot/db/dataflow_parent_loop_proc.verbose.bind.rpt 
Execute           list_part -family xcvu13p_CIV-figd2104-3-e 
Execute             ap_family_info -name xcvu13p_CIV-figd2104-3-e -data names 
Execute             ap_part_info -quiet -name xcvu13p_CIV-figd2104-3-e -data family 
Execute         db_write -o /home/simics/HMoE/HLS_HMoE/pseudo_block/run_11/project/solution1/.autopilot/db/dataflow_parent_loop_proc.bind.adb -f 
INFO-FLOW: Finish binding dataflow_parent_loop_proc.
INFO: [HLS 200-10] ----------------------------------------------------------------
INFO: [HLS 200-42] -- Implementing module 'pseudo_moe' 
INFO: [HLS 200-10] ----------------------------------------------------------------
Execute         set_default_model pseudo_moe 
Execute         schedule -model pseudo_moe 
INFO: [SCHED 204-11] Starting scheduling ...
INFO: [SCHED 204-11] Finished scheduling.
INFO: [HLS 200-111] Finished Scheduling: CPU user time: 0.11 seconds. CPU system time: 0 seconds. Elapsed time: 0.11 seconds; current allocated memory: 507.742 MB.
Execute         syn_report -verbosereport -o /home/simics/HMoE/HLS_HMoE/pseudo_block/run_11/project/solution1/.autopilot/db/pseudo_moe.verbose.sched.rpt 
Execute           list_part -family xcvu13p_CIV-figd2104-3-e 
Execute             ap_family_info -name xcvu13p_CIV-figd2104-3-e -data names 
Execute             ap_part_info -quiet -name xcvu13p_CIV-figd2104-3-e -data family 
Execute         db_write -o /home/simics/HMoE/HLS_HMoE/pseudo_block/run_11/project/solution1/.autopilot/db/pseudo_moe.sched.adb -f 
INFO-FLOW: Finish scheduling pseudo_moe.
Execute         set_default_model pseudo_moe 
Execute         bind -model pseudo_moe 
INFO: [BIND 205-100] Starting micro-architecture generation ...
INFO: [BIND 205-101] Performing variable lifetime analysis.
INFO: [BIND 205-101] Exploring resource sharing.
INFO: [BIND 205-101] Binding ...
INFO: [BIND 205-100] Finished micro-architecture generation.
INFO: [HLS 200-111] Finished Binding: CPU user time: 0.05 seconds. CPU system time: 0.01 seconds. Elapsed time: 0.06 seconds; current allocated memory: 508.141 MB.
Execute         syn_report -verbosereport -o /home/simics/HMoE/HLS_HMoE/pseudo_block/run_11/project/solution1/.autopilot/db/pseudo_moe.verbose.bind.rpt 
Execute           list_part -family xcvu13p_CIV-figd2104-3-e 
Execute             ap_family_info -name xcvu13p_CIV-figd2104-3-e -data names 
Execute             ap_part_info -quiet -name xcvu13p_CIV-figd2104-3-e -data family 
Execute         db_write -o /home/simics/HMoE/HLS_HMoE/pseudo_block/run_11/project/solution1/.autopilot/db/pseudo_moe.bind.adb -f 
INFO-FLOW: Finish binding pseudo_moe.
Execute         get_model_list pseudo_moe -filter all-wo-channel 
INFO-FLOW: Preprocessing for RTLGen ...
Execute         rtl_gen_preprocess pseudo_moe_Pipeline_VITIS_LOOP_128_1_VITIS_LOOP_129_2 
Execute         rtl_gen_preprocess pseudo_moe_Pipeline_VITIS_LOOP_138_3 
Execute         rtl_gen_preprocess entry_proc 
Execute         rtl_gen_preprocess dataflow_in_loop_VITIS_LOOP_149_4.1_Loop_VITIS_LOOP_158_5_proc4_Pipeline_VITIS_L 
Execute         rtl_gen_preprocess dataflow_in_loop_VITIS_LOOP_149_4.1_Loop_VITIS_LOOP_158_5_proc4 
Execute         rtl_gen_preprocess dataflow_in_loop_VITIS_LOOP_149_4.1_Loop_VITIS_LOOP_175_7_proc5 
Execute         rtl_gen_preprocess dataflow_in_loop_VITIS_LOOP_149_4.1_Loop_VITIS_LOOP_181_8_proc6 
Execute         rtl_gen_preprocess dataflow_in_loop_VITIS_LOOP_149_4.1_Loop_VITIS_LOOP_201_9_proc7 
Execute         rtl_gen_preprocess compute_expert<0>8 
Execute         rtl_gen_preprocess compute_expert<1>9 
Execute         rtl_gen_preprocess compute_expert<2>10 
Execute         rtl_gen_preprocess compute_expert<3>11 
Execute         rtl_gen_preprocess combine_experts12_Pipeline_VITIS_LOOP_64_1 
Execute         rtl_gen_preprocess combine_experts12 
Execute         rtl_gen_preprocess dataflow_in_loop_VITIS_LOOP_149_4.1_Loop_VITIS_LOOP_238_10_proc13 
Execute         rtl_gen_preprocess dataflow_in_loop_VITIS_LOOP_149_4.1 
Execute         rtl_gen_preprocess dataflow_parent_loop_proc 
Execute         rtl_gen_preprocess pseudo_moe 
INFO-FLOW: Model list for RTL generation: pseudo_moe_Pipeline_VITIS_LOOP_128_1_VITIS_LOOP_129_2 pseudo_moe_Pipeline_VITIS_LOOP_138_3 entry_proc dataflow_in_loop_VITIS_LOOP_149_4.1_Loop_VITIS_LOOP_158_5_proc4_Pipeline_VITIS_L dataflow_in_loop_VITIS_LOOP_149_4.1_Loop_VITIS_LOOP_158_5_proc4 dataflow_in_loop_VITIS_LOOP_149_4.1_Loop_VITIS_LOOP_175_7_proc5 dataflow_in_loop_VITIS_LOOP_149_4.1_Loop_VITIS_LOOP_181_8_proc6 dataflow_in_loop_VITIS_LOOP_149_4.1_Loop_VITIS_LOOP_201_9_proc7 compute_expert<0>8 compute_expert<1>9 compute_expert<2>10 compute_expert<3>11 combine_experts12_Pipeline_VITIS_LOOP_64_1 combine_experts12 dataflow_in_loop_VITIS_LOOP_149_4.1_Loop_VITIS_LOOP_238_10_proc13 dataflow_in_loop_VITIS_LOOP_149_4.1 dataflow_parent_loop_proc pseudo_moe
INFO: [HLS 200-10] ----------------------------------------------------------------
INFO: [HLS 200-10] -- Generating RTL for module 'pseudo_moe_Pipeline_VITIS_LOOP_128_1_VITIS_LOOP_129_2' 
INFO: [HLS 200-10] ----------------------------------------------------------------
Execute         create_rtl_model pseudo_moe_Pipeline_VITIS_LOOP_128_1_VITIS_LOOP_129_2 -top_prefix pseudo_moe_ -sub_prefix pseudo_moe_ -mg_file /home/simics/HMoE/HLS_HMoE/pseudo_block/run_11/project/solution1/.autopilot/db/pseudo_moe_Pipeline_VITIS_LOOP_128_1_VITIS_LOOP_129_2.compgen.tcl 
INFO: [HLS 200-1030] Apply Unified Pipeline Control on module 'pseudo_moe_Pipeline_VITIS_LOOP_128_1_VITIS_LOOP_129_2' pipeline 'VITIS_LOOP_128_1_VITIS_LOOP_129_2' pipeline type 'loop pipeline'
WARNING: [RTGEN 206-101] Setting dangling out port 'pseudo_moe_Pipeline_VITIS_LOOP_128_1_VITIS_LOOP_129_2/m_axi_gmem0_ARVALID' to 0.
WARNING: [RTGEN 206-101] Setting dangling out port 'pseudo_moe_Pipeline_VITIS_LOOP_128_1_VITIS_LOOP_129_2/m_axi_gmem0_ARADDR' to 0.
WARNING: [RTGEN 206-101] Setting dangling out port 'pseudo_moe_Pipeline_VITIS_LOOP_128_1_VITIS_LOOP_129_2/m_axi_gmem0_ARID' to 0.
WARNING: [RTGEN 206-101] Setting dangling out port 'pseudo_moe_Pipeline_VITIS_LOOP_128_1_VITIS_LOOP_129_2/m_axi_gmem0_ARLEN' to 0.
WARNING: [RTGEN 206-101] Setting dangling out port 'pseudo_moe_Pipeline_VITIS_LOOP_128_1_VITIS_LOOP_129_2/m_axi_gmem0_ARSIZE' to 0.
WARNING: [RTGEN 206-101] Setting dangling out port 'pseudo_moe_Pipeline_VITIS_LOOP_128_1_VITIS_LOOP_129_2/m_axi_gmem0_ARBURST' to 0.
WARNING: [RTGEN 206-101] Setting dangling out port 'pseudo_moe_Pipeline_VITIS_LOOP_128_1_VITIS_LOOP_129_2/m_axi_gmem0_ARLOCK' to 0.
WARNING: [RTGEN 206-101] Setting dangling out port 'pseudo_moe_Pipeline_VITIS_LOOP_128_1_VITIS_LOOP_129_2/m_axi_gmem0_ARCACHE' to 0.
WARNING: [RTGEN 206-101] Setting dangling out port 'pseudo_moe_Pipeline_VITIS_LOOP_128_1_VITIS_LOOP_129_2/m_axi_gmem0_ARPROT' to 0.
WARNING: [RTGEN 206-101] Setting dangling out port 'pseudo_moe_Pipeline_VITIS_LOOP_128_1_VITIS_LOOP_129_2/m_axi_gmem0_ARQOS' to 0.
WARNING: [RTGEN 206-101] Setting dangling out port 'pseudo_moe_Pipeline_VITIS_LOOP_128_1_VITIS_LOOP_129_2/m_axi_gmem0_ARREGION' to 0.
WARNING: [RTGEN 206-101] Setting dangling out port 'pseudo_moe_Pipeline_VITIS_LOOP_128_1_VITIS_LOOP_129_2/m_axi_gmem0_ARUSER' to 0.
INFO: [RTGEN 206-100] Finished creating RTL model for 'pseudo_moe_Pipeline_VITIS_LOOP_128_1_VITIS_LOOP_129_2'.
INFO: [HLS 200-111] Finished Creating RTL model: CPU user time: 0.13 seconds. CPU system time: 0 seconds. Elapsed time: 0.14 seconds; current allocated memory: 509.090 MB.
Execute         source /home/simics/HMoE/HLS_HMoE/pseudo_block/run_11/project/solution1/.autopilot/db/pseudo_moe.rtl_wrap.cfg.tcl 
Execute         gen_rtl pseudo_moe_Pipeline_VITIS_LOOP_128_1_VITIS_LOOP_129_2 -style xilinx -f -lang vhdl -o /home/simics/HMoE/HLS_HMoE/pseudo_block/run_11/project/solution1/syn/vhdl/pseudo_moe_pseudo_moe_Pipeline_VITIS_LOOP_128_1_VITIS_LOOP_129_2 
Execute         gen_rtl pseudo_moe_Pipeline_VITIS_LOOP_128_1_VITIS_LOOP_129_2 -style xilinx -f -lang vlog -o /home/simics/HMoE/HLS_HMoE/pseudo_block/run_11/project/solution1/syn/verilog/pseudo_moe_pseudo_moe_Pipeline_VITIS_LOOP_128_1_VITIS_LOOP_129_2 
Execute         syn_report -csynth -model pseudo_moe_Pipeline_VITIS_LOOP_128_1_VITIS_LOOP_129_2 -o /home/simics/HMoE/HLS_HMoE/pseudo_block/run_11/project/solution1/syn/report/pseudo_moe_Pipeline_VITIS_LOOP_128_1_VITIS_LOOP_129_2_csynth.rpt 
Execute           list_part -family xcvu13p_CIV-figd2104-3-e 
Execute             ap_family_info -name xcvu13p_CIV-figd2104-3-e -data names 
Execute             ap_part_info -quiet -name xcvu13p_CIV-figd2104-3-e -data family 
Execute         syn_report -rtlxml -model pseudo_moe_Pipeline_VITIS_LOOP_128_1_VITIS_LOOP_129_2 -o /home/simics/HMoE/HLS_HMoE/pseudo_block/run_11/project/solution1/syn/report/pseudo_moe_Pipeline_VITIS_LOOP_128_1_VITIS_LOOP_129_2_csynth.xml 
Execute           list_part -family xcvu13p_CIV-figd2104-3-e 
Execute             ap_family_info -name xcvu13p_CIV-figd2104-3-e -data names 
Execute             ap_part_info -quiet -name xcvu13p_CIV-figd2104-3-e -data family 
Execute         syn_report -verbosereport -model pseudo_moe_Pipeline_VITIS_LOOP_128_1_VITIS_LOOP_129_2 -o /home/simics/HMoE/HLS_HMoE/pseudo_block/run_11/project/solution1/.autopilot/db/pseudo_moe_Pipeline_VITIS_LOOP_128_1_VITIS_LOOP_129_2.verbose.rpt 
Execute           list_part -family xcvu13p_CIV-figd2104-3-e 
Execute             ap_family_info -name xcvu13p_CIV-figd2104-3-e -data names 
Execute             ap_part_info -quiet -name xcvu13p_CIV-figd2104-3-e -data family 
Execute         db_write -model pseudo_moe_Pipeline_VITIS_LOOP_128_1_VITIS_LOOP_129_2 -f -o /home/simics/HMoE/HLS_HMoE/pseudo_block/run_11/project/solution1/.autopilot/db/pseudo_moe_Pipeline_VITIS_LOOP_128_1_VITIS_LOOP_129_2.adb 
Execute         db_write -model pseudo_moe_Pipeline_VITIS_LOOP_128_1_VITIS_LOOP_129_2 -bindview -o /home/simics/HMoE/HLS_HMoE/pseudo_block/run_11/project/solution1/.autopilot/db/design.bindinfo.xml 
Execute         gen_tb_info pseudo_moe_Pipeline_VITIS_LOOP_128_1_VITIS_LOOP_129_2 -p /home/simics/HMoE/HLS_HMoE/pseudo_block/run_11/project/solution1/.autopilot/db -o /home/simics/HMoE/HLS_HMoE/pseudo_block/run_11/project/solution1/.autopilot/db/pseudo_moe_Pipeline_VITIS_LOOP_128_1_VITIS_LOOP_129_2 
INFO: [HLS 200-10] ----------------------------------------------------------------
INFO: [HLS 200-10] -- Generating RTL for module 'pseudo_moe_Pipeline_VITIS_LOOP_138_3' 
INFO: [HLS 200-10] ----------------------------------------------------------------
Execute         create_rtl_model pseudo_moe_Pipeline_VITIS_LOOP_138_3 -top_prefix pseudo_moe_ -sub_prefix pseudo_moe_ -mg_file /home/simics/HMoE/HLS_HMoE/pseudo_block/run_11/project/solution1/.autopilot/db/pseudo_moe_Pipeline_VITIS_LOOP_138_3.compgen.tcl 
INFO: [HLS 200-1030] Apply Unified Pipeline Control on module 'pseudo_moe_Pipeline_VITIS_LOOP_138_3' pipeline 'VITIS_LOOP_138_3' pipeline type 'loop pipeline'
WARNING: [RTGEN 206-101] Setting dangling out port 'pseudo_moe_Pipeline_VITIS_LOOP_138_3/m_axi_gmem3_ARVALID' to 0.
WARNING: [RTGEN 206-101] Setting dangling out port 'pseudo_moe_Pipeline_VITIS_LOOP_138_3/m_axi_gmem3_ARADDR' to 0.
WARNING: [RTGEN 206-101] Setting dangling out port 'pseudo_moe_Pipeline_VITIS_LOOP_138_3/m_axi_gmem3_ARID' to 0.
WARNING: [RTGEN 206-101] Setting dangling out port 'pseudo_moe_Pipeline_VITIS_LOOP_138_3/m_axi_gmem3_ARLEN' to 0.
WARNING: [RTGEN 206-101] Setting dangling out port 'pseudo_moe_Pipeline_VITIS_LOOP_138_3/m_axi_gmem3_ARSIZE' to 0.
WARNING: [RTGEN 206-101] Setting dangling out port 'pseudo_moe_Pipeline_VITIS_LOOP_138_3/m_axi_gmem3_ARBURST' to 0.
WARNING: [RTGEN 206-101] Setting dangling out port 'pseudo_moe_Pipeline_VITIS_LOOP_138_3/m_axi_gmem3_ARLOCK' to 0.
WARNING: [RTGEN 206-101] Setting dangling out port 'pseudo_moe_Pipeline_VITIS_LOOP_138_3/m_axi_gmem3_ARCACHE' to 0.
WARNING: [RTGEN 206-101] Setting dangling out port 'pseudo_moe_Pipeline_VITIS_LOOP_138_3/m_axi_gmem3_ARPROT' to 0.
WARNING: [RTGEN 206-101] Setting dangling out port 'pseudo_moe_Pipeline_VITIS_LOOP_138_3/m_axi_gmem3_ARQOS' to 0.
WARNING: [RTGEN 206-101] Setting dangling out port 'pseudo_moe_Pipeline_VITIS_LOOP_138_3/m_axi_gmem3_ARREGION' to 0.
WARNING: [RTGEN 206-101] Setting dangling out port 'pseudo_moe_Pipeline_VITIS_LOOP_138_3/m_axi_gmem3_ARUSER' to 0.
WARNING: [RTGEN 206-101] Setting dangling out port 'pseudo_moe_Pipeline_VITIS_LOOP_138_3/m_axi_gmem5_ARVALID' to 0.
WARNING: [RTGEN 206-101] Setting dangling out port 'pseudo_moe_Pipeline_VITIS_LOOP_138_3/m_axi_gmem5_ARADDR' to 0.
WARNING: [RTGEN 206-101] Setting dangling out port 'pseudo_moe_Pipeline_VITIS_LOOP_138_3/m_axi_gmem5_ARID' to 0.
WARNING: [RTGEN 206-101] Setting dangling out port 'pseudo_moe_Pipeline_VITIS_LOOP_138_3/m_axi_gmem5_ARLEN' to 0.
WARNING: [RTGEN 206-101] Setting dangling out port 'pseudo_moe_Pipeline_VITIS_LOOP_138_3/m_axi_gmem5_ARSIZE' to 0.
WARNING: [RTGEN 206-101] Setting dangling out port 'pseudo_moe_Pipeline_VITIS_LOOP_138_3/m_axi_gmem5_ARBURST' to 0.
WARNING: [RTGEN 206-101] Setting dangling out port 'pseudo_moe_Pipeline_VITIS_LOOP_138_3/m_axi_gmem5_ARLOCK' to 0.
WARNING: [RTGEN 206-101] Setting dangling out port 'pseudo_moe_Pipeline_VITIS_LOOP_138_3/m_axi_gmem5_ARCACHE' to 0.
WARNING: [RTGEN 206-101] Setting dangling out port 'pseudo_moe_Pipeline_VITIS_LOOP_138_3/m_axi_gmem5_ARPROT' to 0.
WARNING: [RTGEN 206-101] Setting dangling out port 'pseudo_moe_Pipeline_VITIS_LOOP_138_3/m_axi_gmem5_ARQOS' to 0.
WARNING: [RTGEN 206-101] Setting dangling out port 'pseudo_moe_Pipeline_VITIS_LOOP_138_3/m_axi_gmem5_ARREGION' to 0.
WARNING: [RTGEN 206-101] Setting dangling out port 'pseudo_moe_Pipeline_VITIS_LOOP_138_3/m_axi_gmem5_ARUSER' to 0.
WARNING: [RTGEN 206-101] Setting dangling out port 'pseudo_moe_Pipeline_VITIS_LOOP_138_3/m_axi_gmem7_ARVALID' to 0.
WARNING: [RTGEN 206-101] Setting dangling out port 'pseudo_moe_Pipeline_VITIS_LOOP_138_3/m_axi_gmem7_ARADDR' to 0.
WARNING: [RTGEN 206-101] Setting dangling out port 'pseudo_moe_Pipeline_VITIS_LOOP_138_3/m_axi_gmem7_ARID' to 0.
WARNING: [RTGEN 206-101] Setting dangling out port 'pseudo_moe_Pipeline_VITIS_LOOP_138_3/m_axi_gmem7_ARLEN' to 0.
WARNING: [RTGEN 206-101] Setting dangling out port 'pseudo_moe_Pipeline_VITIS_LOOP_138_3/m_axi_gmem7_ARSIZE' to 0.
WARNING: [RTGEN 206-101] Setting dangling out port 'pseudo_moe_Pipeline_VITIS_LOOP_138_3/m_axi_gmem7_ARBURST' to 0.
WARNING: [RTGEN 206-101] Setting dangling out port 'pseudo_moe_Pipeline_VITIS_LOOP_138_3/m_axi_gmem7_ARLOCK' to 0.
WARNING: [RTGEN 206-101] Setting dangling out port 'pseudo_moe_Pipeline_VITIS_LOOP_138_3/m_axi_gmem7_ARCACHE' to 0.
WARNING: [RTGEN 206-101] Setting dangling out port 'pseudo_moe_Pipeline_VITIS_LOOP_138_3/m_axi_gmem7_ARPROT' to 0.
WARNING: [RTGEN 206-101] Setting dangling out port 'pseudo_moe_Pipeline_VITIS_LOOP_138_3/m_axi_gmem7_ARQOS' to 0.
WARNING: [RTGEN 206-101] Setting dangling out port 'pseudo_moe_Pipeline_VITIS_LOOP_138_3/m_axi_gmem7_ARREGION' to 0.
WARNING: [RTGEN 206-101] Setting dangling out port 'pseudo_moe_Pipeline_VITIS_LOOP_138_3/m_axi_gmem7_ARUSER' to 0.
WARNING: [RTGEN 206-101] Setting dangling out port 'pseudo_moe_Pipeline_VITIS_LOOP_138_3/m_axi_gmem9_ARVALID' to 0.
WARNING: [RTGEN 206-101] Setting dangling out port 'pseudo_moe_Pipeline_VITIS_LOOP_138_3/m_axi_gmem9_ARADDR' to 0.
WARNING: [RTGEN 206-101] Setting dangling out port 'pseudo_moe_Pipeline_VITIS_LOOP_138_3/m_axi_gmem9_ARID' to 0.
WARNING: [RTGEN 206-101] Setting dangling out port 'pseudo_moe_Pipeline_VITIS_LOOP_138_3/m_axi_gmem9_ARLEN' to 0.
WARNING: [RTGEN 206-101] Setting dangling out port 'pseudo_moe_Pipeline_VITIS_LOOP_138_3/m_axi_gmem9_ARSIZE' to 0.
WARNING: [RTGEN 206-101] Setting dangling out port 'pseudo_moe_Pipeline_VITIS_LOOP_138_3/m_axi_gmem9_ARBURST' to 0.
WARNING: [RTGEN 206-101] Setting dangling out port 'pseudo_moe_Pipeline_VITIS_LOOP_138_3/m_axi_gmem9_ARLOCK' to 0.
WARNING: [RTGEN 206-101] Setting dangling out port 'pseudo_moe_Pipeline_VITIS_LOOP_138_3/m_axi_gmem9_ARCACHE' to 0.
WARNING: [RTGEN 206-101] Setting dangling out port 'pseudo_moe_Pipeline_VITIS_LOOP_138_3/m_axi_gmem9_ARPROT' to 0.
WARNING: [RTGEN 206-101] Setting dangling out port 'pseudo_moe_Pipeline_VITIS_LOOP_138_3/m_axi_gmem9_ARQOS' to 0.
WARNING: [RTGEN 206-101] Setting dangling out port 'pseudo_moe_Pipeline_VITIS_LOOP_138_3/m_axi_gmem9_ARREGION' to 0.
WARNING: [RTGEN 206-101] Setting dangling out port 'pseudo_moe_Pipeline_VITIS_LOOP_138_3/m_axi_gmem9_ARUSER' to 0.
INFO: [RTGEN 206-100] Finished creating RTL model for 'pseudo_moe_Pipeline_VITIS_LOOP_138_3'.
Command         create_rtl_model done; 0.17 sec.
INFO: [HLS 200-111] Finished Creating RTL model: CPU user time: 0.22 seconds. CPU system time: 0.02 seconds. Elapsed time: 0.24 seconds; current allocated memory: 512.605 MB.
Execute         source /home/simics/HMoE/HLS_HMoE/pseudo_block/run_11/project/solution1/.autopilot/db/pseudo_moe.rtl_wrap.cfg.tcl 
Execute         gen_rtl pseudo_moe_Pipeline_VITIS_LOOP_138_3 -style xilinx -f -lang vhdl -o /home/simics/HMoE/HLS_HMoE/pseudo_block/run_11/project/solution1/syn/vhdl/pseudo_moe_pseudo_moe_Pipeline_VITIS_LOOP_138_3 
Execute         gen_rtl pseudo_moe_Pipeline_VITIS_LOOP_138_3 -style xilinx -f -lang vlog -o /home/simics/HMoE/HLS_HMoE/pseudo_block/run_11/project/solution1/syn/verilog/pseudo_moe_pseudo_moe_Pipeline_VITIS_LOOP_138_3 
Execute         syn_report -csynth -model pseudo_moe_Pipeline_VITIS_LOOP_138_3 -o /home/simics/HMoE/HLS_HMoE/pseudo_block/run_11/project/solution1/syn/report/pseudo_moe_Pipeline_VITIS_LOOP_138_3_csynth.rpt 
Execute           list_part -family xcvu13p_CIV-figd2104-3-e 
Execute             ap_family_info -name xcvu13p_CIV-figd2104-3-e -data names 
Execute             ap_part_info -quiet -name xcvu13p_CIV-figd2104-3-e -data family 
Execute         syn_report -rtlxml -model pseudo_moe_Pipeline_VITIS_LOOP_138_3 -o /home/simics/HMoE/HLS_HMoE/pseudo_block/run_11/project/solution1/syn/report/pseudo_moe_Pipeline_VITIS_LOOP_138_3_csynth.xml 
Execute           list_part -family xcvu13p_CIV-figd2104-3-e 
Execute             ap_family_info -name xcvu13p_CIV-figd2104-3-e -data names 
Execute             ap_part_info -quiet -name xcvu13p_CIV-figd2104-3-e -data family 
Execute         syn_report -verbosereport -model pseudo_moe_Pipeline_VITIS_LOOP_138_3 -o /home/simics/HMoE/HLS_HMoE/pseudo_block/run_11/project/solution1/.autopilot/db/pseudo_moe_Pipeline_VITIS_LOOP_138_3.verbose.rpt 
Execute           list_part -family xcvu13p_CIV-figd2104-3-e 
Execute             ap_family_info -name xcvu13p_CIV-figd2104-3-e -data names 
Execute             ap_part_info -quiet -name xcvu13p_CIV-figd2104-3-e -data family 
Execute         db_write -model pseudo_moe_Pipeline_VITIS_LOOP_138_3 -f -o /home/simics/HMoE/HLS_HMoE/pseudo_block/run_11/project/solution1/.autopilot/db/pseudo_moe_Pipeline_VITIS_LOOP_138_3.adb 
Execute         db_write -model pseudo_moe_Pipeline_VITIS_LOOP_138_3 -bindview -o /home/simics/HMoE/HLS_HMoE/pseudo_block/run_11/project/solution1/.autopilot/db/design.bindinfo.xml 
Execute         gen_tb_info pseudo_moe_Pipeline_VITIS_LOOP_138_3 -p /home/simics/HMoE/HLS_HMoE/pseudo_block/run_11/project/solution1/.autopilot/db -o /home/simics/HMoE/HLS_HMoE/pseudo_block/run_11/project/solution1/.autopilot/db/pseudo_moe_Pipeline_VITIS_LOOP_138_3 
INFO: [HLS 200-10] ----------------------------------------------------------------
INFO: [HLS 200-10] -- Generating RTL for module 'entry_proc' 
INFO: [HLS 200-10] ----------------------------------------------------------------
Execute         create_rtl_model entry_proc -top_prefix pseudo_moe_ -sub_prefix pseudo_moe_ -mg_file /home/simics/HMoE/HLS_HMoE/pseudo_block/run_11/project/solution1/.autopilot/db/entry_proc.compgen.tcl 
INFO: [RTGEN 206-100] Finished creating RTL model for 'entry_proc'.
INFO: [HLS 200-111] Finished Creating RTL model: CPU user time: 0.09 seconds. CPU system time: 0.01 seconds. Elapsed time: 0.11 seconds; current allocated memory: 516.020 MB.
Execute         source /home/simics/HMoE/HLS_HMoE/pseudo_block/run_11/project/solution1/.autopilot/db/pseudo_moe.rtl_wrap.cfg.tcl 
Execute         gen_rtl entry_proc -style xilinx -f -lang vhdl -o /home/simics/HMoE/HLS_HMoE/pseudo_block/run_11/project/solution1/syn/vhdl/pseudo_moe_entry_proc 
Execute         gen_rtl entry_proc -style xilinx -f -lang vlog -o /home/simics/HMoE/HLS_HMoE/pseudo_block/run_11/project/solution1/syn/verilog/pseudo_moe_entry_proc 
Execute         syn_report -csynth -model entry_proc -o /home/simics/HMoE/HLS_HMoE/pseudo_block/run_11/project/solution1/syn/report/entry_proc_csynth.rpt 
Execute           list_part -family xcvu13p_CIV-figd2104-3-e 
Execute             ap_family_info -name xcvu13p_CIV-figd2104-3-e -data names 
Execute             ap_part_info -quiet -name xcvu13p_CIV-figd2104-3-e -data family 
Execute         syn_report -rtlxml -model entry_proc -o /home/simics/HMoE/HLS_HMoE/pseudo_block/run_11/project/solution1/syn/report/entry_proc_csynth.xml 
Execute           list_part -family xcvu13p_CIV-figd2104-3-e 
Execute             ap_family_info -name xcvu13p_CIV-figd2104-3-e -data names 
Execute             ap_part_info -quiet -name xcvu13p_CIV-figd2104-3-e -data family 
Execute         syn_report -verbosereport -model entry_proc -o /home/simics/HMoE/HLS_HMoE/pseudo_block/run_11/project/solution1/.autopilot/db/entry_proc.verbose.rpt 
Execute           list_part -family xcvu13p_CIV-figd2104-3-e 
Execute             ap_family_info -name xcvu13p_CIV-figd2104-3-e -data names 
Execute             ap_part_info -quiet -name xcvu13p_CIV-figd2104-3-e -data family 
Execute         db_write -model entry_proc -f -o /home/simics/HMoE/HLS_HMoE/pseudo_block/run_11/project/solution1/.autopilot/db/entry_proc.adb 
Execute         db_write -model entry_proc -bindview -o /home/simics/HMoE/HLS_HMoE/pseudo_block/run_11/project/solution1/.autopilot/db/design.bindinfo.xml 
Execute         gen_tb_info entry_proc -p /home/simics/HMoE/HLS_HMoE/pseudo_block/run_11/project/solution1/.autopilot/db -o /home/simics/HMoE/HLS_HMoE/pseudo_block/run_11/project/solution1/.autopilot/db/entry_proc 
INFO: [HLS 200-10] ----------------------------------------------------------------
INFO: [HLS 200-10] -- Generating RTL for module 'dataflow_in_loop_VITIS_LOOP_149_4_1_Loop_VITIS_LOOP_158_5_proc4_Pipeline_VITIS_L' 
INFO: [HLS 200-10] ----------------------------------------------------------------
Execute         create_rtl_model dataflow_in_loop_VITIS_LOOP_149_4.1_Loop_VITIS_LOOP_158_5_proc4_Pipeline_VITIS_L -top_prefix pseudo_moe_ -sub_prefix pseudo_moe_ -mg_file /home/simics/HMoE/HLS_HMoE/pseudo_block/run_11/project/solution1/.autopilot/db/dataflow_in_loop_VITIS_LOOP_149_4_1_Loop_VITIS_LOOP_158_5_proc4_Pipeline_VITIS_L.compgen.tcl 
INFO: [HLS 200-1030] Apply Unified Pipeline Control on module 'dataflow_in_loop_VITIS_LOOP_149_4_1_Loop_VITIS_LOOP_158_5_proc4_Pipeline_VITIS_L' pipeline 'VITIS_LOOP_158_5' pipeline type 'loop pipeline'
WARNING: [RTGEN 206-101] Setting dangling out port 'dataflow_in_loop_VITIS_LOOP_149_4_1_Loop_VITIS_LOOP_158_5_proc4_Pipeline_VITIS_L/m_axi_gmem1_ARVALID' to 0.
WARNING: [RTGEN 206-101] Setting dangling out port 'dataflow_in_loop_VITIS_LOOP_149_4_1_Loop_VITIS_LOOP_158_5_proc4_Pipeline_VITIS_L/m_axi_gmem1_ARADDR' to 0.
WARNING: [RTGEN 206-101] Setting dangling out port 'dataflow_in_loop_VITIS_LOOP_149_4_1_Loop_VITIS_LOOP_158_5_proc4_Pipeline_VITIS_L/m_axi_gmem1_ARID' to 0.
WARNING: [RTGEN 206-101] Setting dangling out port 'dataflow_in_loop_VITIS_LOOP_149_4_1_Loop_VITIS_LOOP_158_5_proc4_Pipeline_VITIS_L/m_axi_gmem1_ARLEN' to 0.
WARNING: [RTGEN 206-101] Setting dangling out port 'dataflow_in_loop_VITIS_LOOP_149_4_1_Loop_VITIS_LOOP_158_5_proc4_Pipeline_VITIS_L/m_axi_gmem1_ARSIZE' to 0.
WARNING: [RTGEN 206-101] Setting dangling out port 'dataflow_in_loop_VITIS_LOOP_149_4_1_Loop_VITIS_LOOP_158_5_proc4_Pipeline_VITIS_L/m_axi_gmem1_ARBURST' to 0.
WARNING: [RTGEN 206-101] Setting dangling out port 'dataflow_in_loop_VITIS_LOOP_149_4_1_Loop_VITIS_LOOP_158_5_proc4_Pipeline_VITIS_L/m_axi_gmem1_ARLOCK' to 0.
WARNING: [RTGEN 206-101] Setting dangling out port 'dataflow_in_loop_VITIS_LOOP_149_4_1_Loop_VITIS_LOOP_158_5_proc4_Pipeline_VITIS_L/m_axi_gmem1_ARCACHE' to 0.
WARNING: [RTGEN 206-101] Setting dangling out port 'dataflow_in_loop_VITIS_LOOP_149_4_1_Loop_VITIS_LOOP_158_5_proc4_Pipeline_VITIS_L/m_axi_gmem1_ARPROT' to 0.
WARNING: [RTGEN 206-101] Setting dangling out port 'dataflow_in_loop_VITIS_LOOP_149_4_1_Loop_VITIS_LOOP_158_5_proc4_Pipeline_VITIS_L/m_axi_gmem1_ARQOS' to 0.
WARNING: [RTGEN 206-101] Setting dangling out port 'dataflow_in_loop_VITIS_LOOP_149_4_1_Loop_VITIS_LOOP_158_5_proc4_Pipeline_VITIS_L/m_axi_gmem1_ARREGION' to 0.
WARNING: [RTGEN 206-101] Setting dangling out port 'dataflow_in_loop_VITIS_LOOP_149_4_1_Loop_VITIS_LOOP_158_5_proc4_Pipeline_VITIS_L/m_axi_gmem1_ARUSER' to 0.
WARNING: [RTGEN 206-101] Setting dangling out port 'dataflow_in_loop_VITIS_LOOP_149_4_1_Loop_VITIS_LOOP_158_5_proc4_Pipeline_VITIS_L/m_axi_gmem2_ARVALID' to 0.
WARNING: [RTGEN 206-101] Setting dangling out port 'dataflow_in_loop_VITIS_LOOP_149_4_1_Loop_VITIS_LOOP_158_5_proc4_Pipeline_VITIS_L/m_axi_gmem2_ARADDR' to 0.
WARNING: [RTGEN 206-101] Setting dangling out port 'dataflow_in_loop_VITIS_LOOP_149_4_1_Loop_VITIS_LOOP_158_5_proc4_Pipeline_VITIS_L/m_axi_gmem2_ARID' to 0.
WARNING: [RTGEN 206-101] Setting dangling out port 'dataflow_in_loop_VITIS_LOOP_149_4_1_Loop_VITIS_LOOP_158_5_proc4_Pipeline_VITIS_L/m_axi_gmem2_ARLEN' to 0.
WARNING: [RTGEN 206-101] Setting dangling out port 'dataflow_in_loop_VITIS_LOOP_149_4_1_Loop_VITIS_LOOP_158_5_proc4_Pipeline_VITIS_L/m_axi_gmem2_ARSIZE' to 0.
WARNING: [RTGEN 206-101] Setting dangling out port 'dataflow_in_loop_VITIS_LOOP_149_4_1_Loop_VITIS_LOOP_158_5_proc4_Pipeline_VITIS_L/m_axi_gmem2_ARBURST' to 0.
WARNING: [RTGEN 206-101] Setting dangling out port 'dataflow_in_loop_VITIS_LOOP_149_4_1_Loop_VITIS_LOOP_158_5_proc4_Pipeline_VITIS_L/m_axi_gmem2_ARLOCK' to 0.
WARNING: [RTGEN 206-101] Setting dangling out port 'dataflow_in_loop_VITIS_LOOP_149_4_1_Loop_VITIS_LOOP_158_5_proc4_Pipeline_VITIS_L/m_axi_gmem2_ARCACHE' to 0.
WARNING: [RTGEN 206-101] Setting dangling out port 'dataflow_in_loop_VITIS_LOOP_149_4_1_Loop_VITIS_LOOP_158_5_proc4_Pipeline_VITIS_L/m_axi_gmem2_ARPROT' to 0.
WARNING: [RTGEN 206-101] Setting dangling out port 'dataflow_in_loop_VITIS_LOOP_149_4_1_Loop_VITIS_LOOP_158_5_proc4_Pipeline_VITIS_L/m_axi_gmem2_ARQOS' to 0.
WARNING: [RTGEN 206-101] Setting dangling out port 'dataflow_in_loop_VITIS_LOOP_149_4_1_Loop_VITIS_LOOP_158_5_proc4_Pipeline_VITIS_L/m_axi_gmem2_ARREGION' to 0.
WARNING: [RTGEN 206-101] Setting dangling out port 'dataflow_in_loop_VITIS_LOOP_149_4_1_Loop_VITIS_LOOP_158_5_proc4_Pipeline_VITIS_L/m_axi_gmem2_ARUSER' to 0.
INFO: [RTGEN 206-100] Generating core module 'fadd_32ns_32ns_32_2_full_dsp_1': 1 instance(s).
INFO: [RTGEN 206-100] Generating core module 'fcmp_32ns_32ns_1_1_no_dsp_1': 1 instance(s).
INFO: [RTGEN 206-100] Generating core module 'fmul_32ns_32ns_32_2_max_dsp_1': 1 instance(s).
INFO: [RTGEN 206-100] Finished creating RTL model for 'dataflow_in_loop_VITIS_LOOP_149_4_1_Loop_VITIS_LOOP_158_5_proc4_Pipeline_VITIS_L'.
Command         create_rtl_model done; 0.2 sec.
INFO: [HLS 200-111] Finished Creating RTL model: CPU user time: 0.21 seconds. CPU system time: 0.01 seconds. Elapsed time: 0.23 seconds; current allocated memory: 521.664 MB.
Execute         source /home/simics/HMoE/HLS_HMoE/pseudo_block/run_11/project/solution1/.autopilot/db/pseudo_moe.rtl_wrap.cfg.tcl 
Execute         gen_rtl dataflow_in_loop_VITIS_LOOP_149_4.1_Loop_VITIS_LOOP_158_5_proc4_Pipeline_VITIS_L -style xilinx -f -lang vhdl -o /home/simics/HMoE/HLS_HMoE/pseudo_block/run_11/project/solution1/syn/vhdl/pseudo_moe_dataflow_in_loop_VITIS_LOOP_149_4_1_Loop_VITIS_LOOP_158_5_proc4_Pipeline_VITIS_L 
Execute         gen_rtl dataflow_in_loop_VITIS_LOOP_149_4.1_Loop_VITIS_LOOP_158_5_proc4_Pipeline_VITIS_L -style xilinx -f -lang vlog -o /home/simics/HMoE/HLS_HMoE/pseudo_block/run_11/project/solution1/syn/verilog/pseudo_moe_dataflow_in_loop_VITIS_LOOP_149_4_1_Loop_VITIS_LOOP_158_5_proc4_Pipeline_VITIS_L 
Execute         syn_report -csynth -model dataflow_in_loop_VITIS_LOOP_149_4.1_Loop_VITIS_LOOP_158_5_proc4_Pipeline_VITIS_L -o /home/simics/HMoE/HLS_HMoE/pseudo_block/run_11/project/solution1/syn/report/dataflow_in_loop_VITIS_LOOP_149_4_1_Loop_VITIS_LOOP_158_5_proc4_Pipeline_VITIS_L_csynth.rpt 
Execute           list_part -family xcvu13p_CIV-figd2104-3-e 
Execute             ap_family_info -name xcvu13p_CIV-figd2104-3-e -data names 
Execute             ap_part_info -quiet -name xcvu13p_CIV-figd2104-3-e -data family 
Execute         syn_report -rtlxml -model dataflow_in_loop_VITIS_LOOP_149_4.1_Loop_VITIS_LOOP_158_5_proc4_Pipeline_VITIS_L -o /home/simics/HMoE/HLS_HMoE/pseudo_block/run_11/project/solution1/syn/report/dataflow_in_loop_VITIS_LOOP_149_4_1_Loop_VITIS_LOOP_158_5_proc4_Pipeline_VITIS_L_csynth.xml 
Execute           list_part -family xcvu13p_CIV-figd2104-3-e 
Execute             ap_family_info -name xcvu13p_CIV-figd2104-3-e -data names 
Execute             ap_part_info -quiet -name xcvu13p_CIV-figd2104-3-e -data family 
Execute         syn_report -verbosereport -model dataflow_in_loop_VITIS_LOOP_149_4.1_Loop_VITIS_LOOP_158_5_proc4_Pipeline_VITIS_L -o /home/simics/HMoE/HLS_HMoE/pseudo_block/run_11/project/solution1/.autopilot/db/dataflow_in_loop_VITIS_LOOP_149_4_1_Loop_VITIS_LOOP_158_5_proc4_Pipeline_VITIS_L.verbose.rpt 
Execute           list_part -family xcvu13p_CIV-figd2104-3-e 
Execute             ap_family_info -name xcvu13p_CIV-figd2104-3-e -data names 
Execute             ap_part_info -quiet -name xcvu13p_CIV-figd2104-3-e -data family 
Execute         db_write -model dataflow_in_loop_VITIS_LOOP_149_4.1_Loop_VITIS_LOOP_158_5_proc4_Pipeline_VITIS_L -f -o /home/simics/HMoE/HLS_HMoE/pseudo_block/run_11/project/solution1/.autopilot/db/dataflow_in_loop_VITIS_LOOP_149_4_1_Loop_VITIS_LOOP_158_5_proc4_Pipeline_VITIS_L.adb 
Execute         db_write -model dataflow_in_loop_VITIS_LOOP_149_4.1_Loop_VITIS_LOOP_158_5_proc4_Pipeline_VITIS_L -bindview -o /home/simics/HMoE/HLS_HMoE/pseudo_block/run_11/project/solution1/.autopilot/db/design.bindinfo.xml 
Execute         gen_tb_info dataflow_in_loop_VITIS_LOOP_149_4.1_Loop_VITIS_LOOP_158_5_proc4_Pipeline_VITIS_L -p /home/simics/HMoE/HLS_HMoE/pseudo_block/run_11/project/solution1/.autopilot/db -o /home/simics/HMoE/HLS_HMoE/pseudo_block/run_11/project/solution1/.autopilot/db/dataflow_in_loop_VITIS_LOOP_149_4_1_Loop_VITIS_LOOP_158_5_proc4_Pipeline_VITIS_L 
INFO: [HLS 200-10] ----------------------------------------------------------------
INFO: [HLS 200-10] -- Generating RTL for module 'dataflow_in_loop_VITIS_LOOP_149_4_1_Loop_VITIS_LOOP_158_5_proc4' 
INFO: [HLS 200-10] ----------------------------------------------------------------
Execute         create_rtl_model dataflow_in_loop_VITIS_LOOP_149_4.1_Loop_VITIS_LOOP_158_5_proc4 -top_prefix pseudo_moe_ -sub_prefix pseudo_moe_ -mg_file /home/simics/HMoE/HLS_HMoE/pseudo_block/run_11/project/solution1/.autopilot/db/dataflow_in_loop_VITIS_LOOP_149_4_1_Loop_VITIS_LOOP_158_5_proc4.compgen.tcl 
INFO: [RTGEN 206-100] Finished creating RTL model for 'dataflow_in_loop_VITIS_LOOP_149_4_1_Loop_VITIS_LOOP_158_5_proc4'.
INFO: [HLS 200-111] Finished Creating RTL model: CPU user time: 0.19 seconds. CPU system time: 0.02 seconds. Elapsed time: 0.2 seconds; current allocated memory: 530.148 MB.
Execute         source /home/simics/HMoE/HLS_HMoE/pseudo_block/run_11/project/solution1/.autopilot/db/pseudo_moe.rtl_wrap.cfg.tcl 
Execute         gen_rtl dataflow_in_loop_VITIS_LOOP_149_4.1_Loop_VITIS_LOOP_158_5_proc4 -style xilinx -f -lang vhdl -o /home/simics/HMoE/HLS_HMoE/pseudo_block/run_11/project/solution1/syn/vhdl/pseudo_moe_dataflow_in_loop_VITIS_LOOP_149_4_1_Loop_VITIS_LOOP_158_5_proc4 
Execute         gen_rtl dataflow_in_loop_VITIS_LOOP_149_4.1_Loop_VITIS_LOOP_158_5_proc4 -style xilinx -f -lang vlog -o /home/simics/HMoE/HLS_HMoE/pseudo_block/run_11/project/solution1/syn/verilog/pseudo_moe_dataflow_in_loop_VITIS_LOOP_149_4_1_Loop_VITIS_LOOP_158_5_proc4 
Execute         syn_report -csynth -model dataflow_in_loop_VITIS_LOOP_149_4.1_Loop_VITIS_LOOP_158_5_proc4 -o /home/simics/HMoE/HLS_HMoE/pseudo_block/run_11/project/solution1/syn/report/dataflow_in_loop_VITIS_LOOP_149_4_1_Loop_VITIS_LOOP_158_5_proc4_csynth.rpt 
Execute           list_part -family xcvu13p_CIV-figd2104-3-e 
Execute             ap_family_info -name xcvu13p_CIV-figd2104-3-e -data names 
Execute             ap_part_info -quiet -name xcvu13p_CIV-figd2104-3-e -data family 
Execute         syn_report -rtlxml -model dataflow_in_loop_VITIS_LOOP_149_4.1_Loop_VITIS_LOOP_158_5_proc4 -o /home/simics/HMoE/HLS_HMoE/pseudo_block/run_11/project/solution1/syn/report/dataflow_in_loop_VITIS_LOOP_149_4_1_Loop_VITIS_LOOP_158_5_proc4_csynth.xml 
Execute           list_part -family xcvu13p_CIV-figd2104-3-e 
Execute             ap_family_info -name xcvu13p_CIV-figd2104-3-e -data names 
Execute             ap_part_info -quiet -name xcvu13p_CIV-figd2104-3-e -data family 
Execute         syn_report -verbosereport -model dataflow_in_loop_VITIS_LOOP_149_4.1_Loop_VITIS_LOOP_158_5_proc4 -o /home/simics/HMoE/HLS_HMoE/pseudo_block/run_11/project/solution1/.autopilot/db/dataflow_in_loop_VITIS_LOOP_149_4_1_Loop_VITIS_LOOP_158_5_proc4.verbose.rpt 
Execute           list_part -family xcvu13p_CIV-figd2104-3-e 
Execute             ap_family_info -name xcvu13p_CIV-figd2104-3-e -data names 
Execute             ap_part_info -quiet -name xcvu13p_CIV-figd2104-3-e -data family 
Execute         db_write -model dataflow_in_loop_VITIS_LOOP_149_4.1_Loop_VITIS_LOOP_158_5_proc4 -f -o /home/simics/HMoE/HLS_HMoE/pseudo_block/run_11/project/solution1/.autopilot/db/dataflow_in_loop_VITIS_LOOP_149_4_1_Loop_VITIS_LOOP_158_5_proc4.adb 
Execute         db_write -model dataflow_in_loop_VITIS_LOOP_149_4.1_Loop_VITIS_LOOP_158_5_proc4 -bindview -o /home/simics/HMoE/HLS_HMoE/pseudo_block/run_11/project/solution1/.autopilot/db/design.bindinfo.xml 
Execute         gen_tb_info dataflow_in_loop_VITIS_LOOP_149_4.1_Loop_VITIS_LOOP_158_5_proc4 -p /home/simics/HMoE/HLS_HMoE/pseudo_block/run_11/project/solution1/.autopilot/db -o /home/simics/HMoE/HLS_HMoE/pseudo_block/run_11/project/solution1/.autopilot/db/dataflow_in_loop_VITIS_LOOP_149_4_1_Loop_VITIS_LOOP_158_5_proc4 
INFO: [HLS 200-10] ----------------------------------------------------------------
INFO: [HLS 200-10] -- Generating RTL for module 'dataflow_in_loop_VITIS_LOOP_149_4_1_Loop_VITIS_LOOP_175_7_proc5' 
INFO: [HLS 200-10] ----------------------------------------------------------------
Execute         create_rtl_model dataflow_in_loop_VITIS_LOOP_149_4.1_Loop_VITIS_LOOP_175_7_proc5 -top_prefix pseudo_moe_ -sub_prefix pseudo_moe_ -mg_file /home/simics/HMoE/HLS_HMoE/pseudo_block/run_11/project/solution1/.autopilot/db/dataflow_in_loop_VITIS_LOOP_149_4_1_Loop_VITIS_LOOP_175_7_proc5.compgen.tcl 
INFO: [HLS 200-1030] Apply Unified Pipeline Control on module 'dataflow_in_loop_VITIS_LOOP_149_4_1_Loop_VITIS_LOOP_175_7_proc5' pipeline 'VITIS_LOOP_175_7' pipeline type 'loop pipeline'
INFO: [RTGEN 206-100] Generating core module 'fadd_32ns_32ns_32_2_full_dsp_1': 1 instance(s).
INFO: [RTGEN 206-100] Generating core module 'fexp_32ns_32ns_32_4_full_dsp_1': 1 instance(s).
INFO: [RTGEN 206-100] Generating core module 'fsub_32ns_32ns_32_2_full_dsp_1': 1 instance(s).
INFO: [RTGEN 206-100] Finished creating RTL model for 'dataflow_in_loop_VITIS_LOOP_149_4_1_Loop_VITIS_LOOP_175_7_proc5'.
INFO: [HLS 200-111] Finished Creating RTL model: CPU user time: 0.09 seconds. CPU system time: 0 seconds. Elapsed time: 0.09 seconds; current allocated memory: 531.523 MB.
Execute         source /home/simics/HMoE/HLS_HMoE/pseudo_block/run_11/project/solution1/.autopilot/db/pseudo_moe.rtl_wrap.cfg.tcl 
Execute         gen_rtl dataflow_in_loop_VITIS_LOOP_149_4.1_Loop_VITIS_LOOP_175_7_proc5 -style xilinx -f -lang vhdl -o /home/simics/HMoE/HLS_HMoE/pseudo_block/run_11/project/solution1/syn/vhdl/pseudo_moe_dataflow_in_loop_VITIS_LOOP_149_4_1_Loop_VITIS_LOOP_175_7_proc5 
Execute         gen_rtl dataflow_in_loop_VITIS_LOOP_149_4.1_Loop_VITIS_LOOP_175_7_proc5 -style xilinx -f -lang vlog -o /home/simics/HMoE/HLS_HMoE/pseudo_block/run_11/project/solution1/syn/verilog/pseudo_moe_dataflow_in_loop_VITIS_LOOP_149_4_1_Loop_VITIS_LOOP_175_7_proc5 
Execute         syn_report -csynth -model dataflow_in_loop_VITIS_LOOP_149_4.1_Loop_VITIS_LOOP_175_7_proc5 -o /home/simics/HMoE/HLS_HMoE/pseudo_block/run_11/project/solution1/syn/report/dataflow_in_loop_VITIS_LOOP_149_4_1_Loop_VITIS_LOOP_175_7_proc5_csynth.rpt 
Execute           list_part -family xcvu13p_CIV-figd2104-3-e 
Execute             ap_family_info -name xcvu13p_CIV-figd2104-3-e -data names 
Execute             ap_part_info -quiet -name xcvu13p_CIV-figd2104-3-e -data family 
Execute         syn_report -rtlxml -model dataflow_in_loop_VITIS_LOOP_149_4.1_Loop_VITIS_LOOP_175_7_proc5 -o /home/simics/HMoE/HLS_HMoE/pseudo_block/run_11/project/solution1/syn/report/dataflow_in_loop_VITIS_LOOP_149_4_1_Loop_VITIS_LOOP_175_7_proc5_csynth.xml 
Execute           list_part -family xcvu13p_CIV-figd2104-3-e 
Execute             ap_family_info -name xcvu13p_CIV-figd2104-3-e -data names 
Execute             ap_part_info -quiet -name xcvu13p_CIV-figd2104-3-e -data family 
Execute         syn_report -verbosereport -model dataflow_in_loop_VITIS_LOOP_149_4.1_Loop_VITIS_LOOP_175_7_proc5 -o /home/simics/HMoE/HLS_HMoE/pseudo_block/run_11/project/solution1/.autopilot/db/dataflow_in_loop_VITIS_LOOP_149_4_1_Loop_VITIS_LOOP_175_7_proc5.verbose.rpt 
Execute           list_part -family xcvu13p_CIV-figd2104-3-e 
Execute             ap_family_info -name xcvu13p_CIV-figd2104-3-e -data names 
Execute             ap_part_info -quiet -name xcvu13p_CIV-figd2104-3-e -data family 
Execute         db_write -model dataflow_in_loop_VITIS_LOOP_149_4.1_Loop_VITIS_LOOP_175_7_proc5 -f -o /home/simics/HMoE/HLS_HMoE/pseudo_block/run_11/project/solution1/.autopilot/db/dataflow_in_loop_VITIS_LOOP_149_4_1_Loop_VITIS_LOOP_175_7_proc5.adb 
Execute         db_write -model dataflow_in_loop_VITIS_LOOP_149_4.1_Loop_VITIS_LOOP_175_7_proc5 -bindview -o /home/simics/HMoE/HLS_HMoE/pseudo_block/run_11/project/solution1/.autopilot/db/design.bindinfo.xml 
Execute         gen_tb_info dataflow_in_loop_VITIS_LOOP_149_4.1_Loop_VITIS_LOOP_175_7_proc5 -p /home/simics/HMoE/HLS_HMoE/pseudo_block/run_11/project/solution1/.autopilot/db -o /home/simics/HMoE/HLS_HMoE/pseudo_block/run_11/project/solution1/.autopilot/db/dataflow_in_loop_VITIS_LOOP_149_4_1_Loop_VITIS_LOOP_175_7_proc5 
INFO: [HLS 200-10] ----------------------------------------------------------------
INFO: [HLS 200-10] -- Generating RTL for module 'dataflow_in_loop_VITIS_LOOP_149_4_1_Loop_VITIS_LOOP_181_8_proc6' 
INFO: [HLS 200-10] ----------------------------------------------------------------
Execute         create_rtl_model dataflow_in_loop_VITIS_LOOP_149_4.1_Loop_VITIS_LOOP_181_8_proc6 -top_prefix pseudo_moe_ -sub_prefix pseudo_moe_ -mg_file /home/simics/HMoE/HLS_HMoE/pseudo_block/run_11/project/solution1/.autopilot/db/dataflow_in_loop_VITIS_LOOP_149_4_1_Loop_VITIS_LOOP_181_8_proc6.compgen.tcl 
INFO: [HLS 200-1030] Apply Unified Pipeline Control on module 'dataflow_in_loop_VITIS_LOOP_149_4_1_Loop_VITIS_LOOP_181_8_proc6' pipeline 'VITIS_LOOP_181_8' pipeline type 'loop pipeline'
INFO: [RTGEN 206-100] Generating core module 'fdiv_32ns_32ns_32_6_no_dsp_1': 1 instance(s).
INFO: [RTGEN 206-100] Finished creating RTL model for 'dataflow_in_loop_VITIS_LOOP_149_4_1_Loop_VITIS_LOOP_181_8_proc6'.
INFO: [HLS 200-111] Finished Creating RTL model: CPU user time: 0.07 seconds. CPU system time: 0.01 seconds. Elapsed time: 0.08 seconds; current allocated memory: 532.660 MB.
Execute         source /home/simics/HMoE/HLS_HMoE/pseudo_block/run_11/project/solution1/.autopilot/db/pseudo_moe.rtl_wrap.cfg.tcl 
Execute         gen_rtl dataflow_in_loop_VITIS_LOOP_149_4.1_Loop_VITIS_LOOP_181_8_proc6 -style xilinx -f -lang vhdl -o /home/simics/HMoE/HLS_HMoE/pseudo_block/run_11/project/solution1/syn/vhdl/pseudo_moe_dataflow_in_loop_VITIS_LOOP_149_4_1_Loop_VITIS_LOOP_181_8_proc6 
Execute         gen_rtl dataflow_in_loop_VITIS_LOOP_149_4.1_Loop_VITIS_LOOP_181_8_proc6 -style xilinx -f -lang vlog -o /home/simics/HMoE/HLS_HMoE/pseudo_block/run_11/project/solution1/syn/verilog/pseudo_moe_dataflow_in_loop_VITIS_LOOP_149_4_1_Loop_VITIS_LOOP_181_8_proc6 
Execute         syn_report -csynth -model dataflow_in_loop_VITIS_LOOP_149_4.1_Loop_VITIS_LOOP_181_8_proc6 -o /home/simics/HMoE/HLS_HMoE/pseudo_block/run_11/project/solution1/syn/report/dataflow_in_loop_VITIS_LOOP_149_4_1_Loop_VITIS_LOOP_181_8_proc6_csynth.rpt 
Execute           list_part -family xcvu13p_CIV-figd2104-3-e 
Execute             ap_family_info -name xcvu13p_CIV-figd2104-3-e -data names 
Execute             ap_part_info -quiet -name xcvu13p_CIV-figd2104-3-e -data family 
Execute         syn_report -rtlxml -model dataflow_in_loop_VITIS_LOOP_149_4.1_Loop_VITIS_LOOP_181_8_proc6 -o /home/simics/HMoE/HLS_HMoE/pseudo_block/run_11/project/solution1/syn/report/dataflow_in_loop_VITIS_LOOP_149_4_1_Loop_VITIS_LOOP_181_8_proc6_csynth.xml 
Execute           list_part -family xcvu13p_CIV-figd2104-3-e 
Execute             ap_family_info -name xcvu13p_CIV-figd2104-3-e -data names 
Execute             ap_part_info -quiet -name xcvu13p_CIV-figd2104-3-e -data family 
Execute         syn_report -verbosereport -model dataflow_in_loop_VITIS_LOOP_149_4.1_Loop_VITIS_LOOP_181_8_proc6 -o /home/simics/HMoE/HLS_HMoE/pseudo_block/run_11/project/solution1/.autopilot/db/dataflow_in_loop_VITIS_LOOP_149_4_1_Loop_VITIS_LOOP_181_8_proc6.verbose.rpt 
Execute           list_part -family xcvu13p_CIV-figd2104-3-e 
Execute             ap_family_info -name xcvu13p_CIV-figd2104-3-e -data names 
Execute             ap_part_info -quiet -name xcvu13p_CIV-figd2104-3-e -data family 
Execute         db_write -model dataflow_in_loop_VITIS_LOOP_149_4.1_Loop_VITIS_LOOP_181_8_proc6 -f -o /home/simics/HMoE/HLS_HMoE/pseudo_block/run_11/project/solution1/.autopilot/db/dataflow_in_loop_VITIS_LOOP_149_4_1_Loop_VITIS_LOOP_181_8_proc6.adb 
Execute         db_write -model dataflow_in_loop_VITIS_LOOP_149_4.1_Loop_VITIS_LOOP_181_8_proc6 -bindview -o /home/simics/HMoE/HLS_HMoE/pseudo_block/run_11/project/solution1/.autopilot/db/design.bindinfo.xml 
Execute         gen_tb_info dataflow_in_loop_VITIS_LOOP_149_4.1_Loop_VITIS_LOOP_181_8_proc6 -p /home/simics/HMoE/HLS_HMoE/pseudo_block/run_11/project/solution1/.autopilot/db -o /home/simics/HMoE/HLS_HMoE/pseudo_block/run_11/project/solution1/.autopilot/db/dataflow_in_loop_VITIS_LOOP_149_4_1_Loop_VITIS_LOOP_181_8_proc6 
INFO: [HLS 200-10] ----------------------------------------------------------------
INFO: [HLS 200-10] -- Generating RTL for module 'dataflow_in_loop_VITIS_LOOP_149_4_1_Loop_VITIS_LOOP_201_9_proc7' 
INFO: [HLS 200-10] ----------------------------------------------------------------
Execute         create_rtl_model dataflow_in_loop_VITIS_LOOP_149_4.1_Loop_VITIS_LOOP_201_9_proc7 -top_prefix pseudo_moe_ -sub_prefix pseudo_moe_ -mg_file /home/simics/HMoE/HLS_HMoE/pseudo_block/run_11/project/solution1/.autopilot/db/dataflow_in_loop_VITIS_LOOP_149_4_1_Loop_VITIS_LOOP_201_9_proc7.compgen.tcl 
INFO: [HLS 200-1030] Apply Unified Pipeline Control on module 'dataflow_in_loop_VITIS_LOOP_149_4_1_Loop_VITIS_LOOP_201_9_proc7' pipeline 'VITIS_LOOP_201_9' pipeline type 'loop pipeline'
INFO: [RTGEN 206-100] Generating core module 'sparsemux_33_4_32_1_1': 1 instance(s).
INFO: [RTGEN 206-100] Finished creating RTL model for 'dataflow_in_loop_VITIS_LOOP_149_4_1_Loop_VITIS_LOOP_201_9_proc7'.
INFO: [HLS 200-111] Finished Creating RTL model: CPU user time: 0.09 seconds. CPU system time: 0.01 seconds. Elapsed time: 0.1 seconds; current allocated memory: 535.309 MB.
Execute         source /home/simics/HMoE/HLS_HMoE/pseudo_block/run_11/project/solution1/.autopilot/db/pseudo_moe.rtl_wrap.cfg.tcl 
Execute         gen_rtl dataflow_in_loop_VITIS_LOOP_149_4.1_Loop_VITIS_LOOP_201_9_proc7 -style xilinx -f -lang vhdl -o /home/simics/HMoE/HLS_HMoE/pseudo_block/run_11/project/solution1/syn/vhdl/pseudo_moe_dataflow_in_loop_VITIS_LOOP_149_4_1_Loop_VITIS_LOOP_201_9_proc7 
Execute         gen_rtl dataflow_in_loop_VITIS_LOOP_149_4.1_Loop_VITIS_LOOP_201_9_proc7 -style xilinx -f -lang vlog -o /home/simics/HMoE/HLS_HMoE/pseudo_block/run_11/project/solution1/syn/verilog/pseudo_moe_dataflow_in_loop_VITIS_LOOP_149_4_1_Loop_VITIS_LOOP_201_9_proc7 
Execute         syn_report -csynth -model dataflow_in_loop_VITIS_LOOP_149_4.1_Loop_VITIS_LOOP_201_9_proc7 -o /home/simics/HMoE/HLS_HMoE/pseudo_block/run_11/project/solution1/syn/report/dataflow_in_loop_VITIS_LOOP_149_4_1_Loop_VITIS_LOOP_201_9_proc7_csynth.rpt 
Execute           list_part -family xcvu13p_CIV-figd2104-3-e 
Execute             ap_family_info -name xcvu13p_CIV-figd2104-3-e -data names 
Execute             ap_part_info -quiet -name xcvu13p_CIV-figd2104-3-e -data family 
Execute         syn_report -rtlxml -model dataflow_in_loop_VITIS_LOOP_149_4.1_Loop_VITIS_LOOP_201_9_proc7 -o /home/simics/HMoE/HLS_HMoE/pseudo_block/run_11/project/solution1/syn/report/dataflow_in_loop_VITIS_LOOP_149_4_1_Loop_VITIS_LOOP_201_9_proc7_csynth.xml 
Execute           list_part -family xcvu13p_CIV-figd2104-3-e 
Execute             ap_family_info -name xcvu13p_CIV-figd2104-3-e -data names 
Execute             ap_part_info -quiet -name xcvu13p_CIV-figd2104-3-e -data family 
Execute         syn_report -verbosereport -model dataflow_in_loop_VITIS_LOOP_149_4.1_Loop_VITIS_LOOP_201_9_proc7 -o /home/simics/HMoE/HLS_HMoE/pseudo_block/run_11/project/solution1/.autopilot/db/dataflow_in_loop_VITIS_LOOP_149_4_1_Loop_VITIS_LOOP_201_9_proc7.verbose.rpt 
Execute           list_part -family xcvu13p_CIV-figd2104-3-e 
Execute             ap_family_info -name xcvu13p_CIV-figd2104-3-e -data names 
Execute             ap_part_info -quiet -name xcvu13p_CIV-figd2104-3-e -data family 
Execute         db_write -model dataflow_in_loop_VITIS_LOOP_149_4.1_Loop_VITIS_LOOP_201_9_proc7 -f -o /home/simics/HMoE/HLS_HMoE/pseudo_block/run_11/project/solution1/.autopilot/db/dataflow_in_loop_VITIS_LOOP_149_4_1_Loop_VITIS_LOOP_201_9_proc7.adb 
Execute         db_write -model dataflow_in_loop_VITIS_LOOP_149_4.1_Loop_VITIS_LOOP_201_9_proc7 -bindview -o /home/simics/HMoE/HLS_HMoE/pseudo_block/run_11/project/solution1/.autopilot/db/design.bindinfo.xml 
Execute         gen_tb_info dataflow_in_loop_VITIS_LOOP_149_4.1_Loop_VITIS_LOOP_201_9_proc7 -p /home/simics/HMoE/HLS_HMoE/pseudo_block/run_11/project/solution1/.autopilot/db -o /home/simics/HMoE/HLS_HMoE/pseudo_block/run_11/project/solution1/.autopilot/db/dataflow_in_loop_VITIS_LOOP_149_4_1_Loop_VITIS_LOOP_201_9_proc7 
INFO: [HLS 200-10] ----------------------------------------------------------------
INFO: [HLS 200-10] -- Generating RTL for module 'compute_expert_0_8' 
INFO: [HLS 200-10] ----------------------------------------------------------------
Execute         create_rtl_model compute_expert<0>8 -top_prefix pseudo_moe_ -sub_prefix pseudo_moe_ -mg_file /home/simics/HMoE/HLS_HMoE/pseudo_block/run_11/project/solution1/.autopilot/db/compute_expert_0_8.compgen.tcl 
INFO: [HLS 200-1030] Apply Unified Pipeline Control on module 'compute_expert_0_8' pipeline 'VITIS_LOOP_22_1_VITIS_LOOP_31_3' pipeline type 'loop pipeline'
INFO: [RTGEN 206-104] Estimated max fanout for 'compute_expert_0_8' is 6316 from HDL expression: (1'b0 == ap_block_pp0_stage0_11001)
INFO: [RTGEN 206-100] Generating core module 'fadd_32ns_32ns_32_2_full_dsp_1': 32 instance(s).
INFO: [RTGEN 206-100] Generating core module 'fmul_32ns_32ns_32_2_max_dsp_1': 16 instance(s).
INFO: [RTGEN 206-100] Finished creating RTL model for 'compute_expert_0_8'.
INFO: [HLS 200-111] Finished Creating RTL model: CPU user time: 0.18 seconds. CPU system time: 0.01 seconds. Elapsed time: 0.2 seconds; current allocated memory: 543.293 MB.
Execute         source /home/simics/HMoE/HLS_HMoE/pseudo_block/run_11/project/solution1/.autopilot/db/pseudo_moe.rtl_wrap.cfg.tcl 
Execute         gen_rtl compute_expert<0>8 -style xilinx -f -lang vhdl -o /home/simics/HMoE/HLS_HMoE/pseudo_block/run_11/project/solution1/syn/vhdl/pseudo_moe_compute_expert_0_8 
Execute         gen_rtl compute_expert<0>8 -style xilinx -f -lang vlog -o /home/simics/HMoE/HLS_HMoE/pseudo_block/run_11/project/solution1/syn/verilog/pseudo_moe_compute_expert_0_8 
Execute         syn_report -csynth -model compute_expert<0>8 -o /home/simics/HMoE/HLS_HMoE/pseudo_block/run_11/project/solution1/syn/report/compute_expert_0_8_csynth.rpt 
Execute           list_part -family xcvu13p_CIV-figd2104-3-e 
Execute             ap_family_info -name xcvu13p_CIV-figd2104-3-e -data names 
Execute             ap_part_info -quiet -name xcvu13p_CIV-figd2104-3-e -data family 
Execute         syn_report -rtlxml -model compute_expert<0>8 -o /home/simics/HMoE/HLS_HMoE/pseudo_block/run_11/project/solution1/syn/report/compute_expert_0_8_csynth.xml 
Execute           list_part -family xcvu13p_CIV-figd2104-3-e 
Execute             ap_family_info -name xcvu13p_CIV-figd2104-3-e -data names 
Execute             ap_part_info -quiet -name xcvu13p_CIV-figd2104-3-e -data family 
Execute         syn_report -verbosereport -model compute_expert<0>8 -o /home/simics/HMoE/HLS_HMoE/pseudo_block/run_11/project/solution1/.autopilot/db/compute_expert_0_8.verbose.rpt 
Execute           list_part -family xcvu13p_CIV-figd2104-3-e 
Execute             ap_family_info -name xcvu13p_CIV-figd2104-3-e -data names 
Execute             ap_part_info -quiet -name xcvu13p_CIV-figd2104-3-e -data family 
Execute         db_write -model compute_expert<0>8 -f -o /home/simics/HMoE/HLS_HMoE/pseudo_block/run_11/project/solution1/.autopilot/db/compute_expert_0_8.adb 
Execute         db_write -model compute_expert<0>8 -bindview -o /home/simics/HMoE/HLS_HMoE/pseudo_block/run_11/project/solution1/.autopilot/db/design.bindinfo.xml 
Execute         gen_tb_info compute_expert<0>8 -p /home/simics/HMoE/HLS_HMoE/pseudo_block/run_11/project/solution1/.autopilot/db -o /home/simics/HMoE/HLS_HMoE/pseudo_block/run_11/project/solution1/.autopilot/db/compute_expert_0_8 
INFO: [HLS 200-10] ----------------------------------------------------------------
INFO: [HLS 200-10] -- Generating RTL for module 'compute_expert_1_9' 
INFO: [HLS 200-10] ----------------------------------------------------------------
Execute         create_rtl_model compute_expert<1>9 -top_prefix pseudo_moe_ -sub_prefix pseudo_moe_ -mg_file /home/simics/HMoE/HLS_HMoE/pseudo_block/run_11/project/solution1/.autopilot/db/compute_expert_1_9.compgen.tcl 
INFO: [HLS 200-1030] Apply Unified Pipeline Control on module 'compute_expert_1_9' pipeline 'VITIS_LOOP_22_1_VITIS_LOOP_31_3' pipeline type 'loop pipeline'
INFO: [RTGEN 206-104] Estimated max fanout for 'compute_expert_1_9' is 6316 from HDL expression: (1'b0 == ap_block_pp0_stage0_11001)
INFO: [RTGEN 206-100] Generating core module 'fadd_32ns_32ns_32_2_full_dsp_1': 32 instance(s).
INFO: [RTGEN 206-100] Generating core module 'fmul_32ns_32ns_32_2_max_dsp_1': 16 instance(s).
INFO: [RTGEN 206-100] Finished creating RTL model for 'compute_expert_1_9'.
INFO: [HLS 200-111] Finished Creating RTL model: CPU user time: 0.23 seconds. CPU system time: 0.01 seconds. Elapsed time: 0.24 seconds; current allocated memory: 552.242 MB.
Execute         source /home/simics/HMoE/HLS_HMoE/pseudo_block/run_11/project/solution1/.autopilot/db/pseudo_moe.rtl_wrap.cfg.tcl 
Execute         gen_rtl compute_expert<1>9 -style xilinx -f -lang vhdl -o /home/simics/HMoE/HLS_HMoE/pseudo_block/run_11/project/solution1/syn/vhdl/pseudo_moe_compute_expert_1_9 
Execute         gen_rtl compute_expert<1>9 -style xilinx -f -lang vlog -o /home/simics/HMoE/HLS_HMoE/pseudo_block/run_11/project/solution1/syn/verilog/pseudo_moe_compute_expert_1_9 
Execute         syn_report -csynth -model compute_expert<1>9 -o /home/simics/HMoE/HLS_HMoE/pseudo_block/run_11/project/solution1/syn/report/compute_expert_1_9_csynth.rpt 
Execute           list_part -family xcvu13p_CIV-figd2104-3-e 
Execute             ap_family_info -name xcvu13p_CIV-figd2104-3-e -data names 
Execute             ap_part_info -quiet -name xcvu13p_CIV-figd2104-3-e -data family 
Execute         syn_report -rtlxml -model compute_expert<1>9 -o /home/simics/HMoE/HLS_HMoE/pseudo_block/run_11/project/solution1/syn/report/compute_expert_1_9_csynth.xml 
Execute           list_part -family xcvu13p_CIV-figd2104-3-e 
Execute             ap_family_info -name xcvu13p_CIV-figd2104-3-e -data names 
Execute             ap_part_info -quiet -name xcvu13p_CIV-figd2104-3-e -data family 
Execute         syn_report -verbosereport -model compute_expert<1>9 -o /home/simics/HMoE/HLS_HMoE/pseudo_block/run_11/project/solution1/.autopilot/db/compute_expert_1_9.verbose.rpt 
Execute           list_part -family xcvu13p_CIV-figd2104-3-e 
Execute             ap_family_info -name xcvu13p_CIV-figd2104-3-e -data names 
Execute             ap_part_info -quiet -name xcvu13p_CIV-figd2104-3-e -data family 
Execute         db_write -model compute_expert<1>9 -f -o /home/simics/HMoE/HLS_HMoE/pseudo_block/run_11/project/solution1/.autopilot/db/compute_expert_1_9.adb 
Execute         db_write -model compute_expert<1>9 -bindview -o /home/simics/HMoE/HLS_HMoE/pseudo_block/run_11/project/solution1/.autopilot/db/design.bindinfo.xml 
Execute         gen_tb_info compute_expert<1>9 -p /home/simics/HMoE/HLS_HMoE/pseudo_block/run_11/project/solution1/.autopilot/db -o /home/simics/HMoE/HLS_HMoE/pseudo_block/run_11/project/solution1/.autopilot/db/compute_expert_1_9 
INFO: [HLS 200-10] ----------------------------------------------------------------
INFO: [HLS 200-10] -- Generating RTL for module 'compute_expert_2_10' 
INFO: [HLS 200-10] ----------------------------------------------------------------
Execute         create_rtl_model compute_expert<2>10 -top_prefix pseudo_moe_ -sub_prefix pseudo_moe_ -mg_file /home/simics/HMoE/HLS_HMoE/pseudo_block/run_11/project/solution1/.autopilot/db/compute_expert_2_10.compgen.tcl 
INFO: [HLS 200-1030] Apply Unified Pipeline Control on module 'compute_expert_2_10' pipeline 'VITIS_LOOP_22_1_VITIS_LOOP_31_3' pipeline type 'loop pipeline'
INFO: [RTGEN 206-104] Estimated max fanout for 'compute_expert_2_10' is 6316 from HDL expression: (1'b0 == ap_block_pp0_stage0_11001)
INFO: [RTGEN 206-100] Generating core module 'fadd_32ns_32ns_32_2_full_dsp_1': 32 instance(s).
INFO: [RTGEN 206-100] Generating core module 'fmul_32ns_32ns_32_2_max_dsp_1': 16 instance(s).
INFO: [RTGEN 206-100] Finished creating RTL model for 'compute_expert_2_10'.
INFO: [HLS 200-111] Finished Creating RTL model: CPU user time: 0.22 seconds. CPU system time: 0.01 seconds. Elapsed time: 0.25 seconds; current allocated memory: 561.191 MB.
Execute         source /home/simics/HMoE/HLS_HMoE/pseudo_block/run_11/project/solution1/.autopilot/db/pseudo_moe.rtl_wrap.cfg.tcl 
Execute         gen_rtl compute_expert<2>10 -style xilinx -f -lang vhdl -o /home/simics/HMoE/HLS_HMoE/pseudo_block/run_11/project/solution1/syn/vhdl/pseudo_moe_compute_expert_2_10 
Execute         gen_rtl compute_expert<2>10 -style xilinx -f -lang vlog -o /home/simics/HMoE/HLS_HMoE/pseudo_block/run_11/project/solution1/syn/verilog/pseudo_moe_compute_expert_2_10 
Execute         syn_report -csynth -model compute_expert<2>10 -o /home/simics/HMoE/HLS_HMoE/pseudo_block/run_11/project/solution1/syn/report/compute_expert_2_10_csynth.rpt 
Execute           list_part -family xcvu13p_CIV-figd2104-3-e 
Execute             ap_family_info -name xcvu13p_CIV-figd2104-3-e -data names 
Execute             ap_part_info -quiet -name xcvu13p_CIV-figd2104-3-e -data family 
Execute         syn_report -rtlxml -model compute_expert<2>10 -o /home/simics/HMoE/HLS_HMoE/pseudo_block/run_11/project/solution1/syn/report/compute_expert_2_10_csynth.xml 
Execute           list_part -family xcvu13p_CIV-figd2104-3-e 
Execute             ap_family_info -name xcvu13p_CIV-figd2104-3-e -data names 
Execute             ap_part_info -quiet -name xcvu13p_CIV-figd2104-3-e -data family 
Execute         syn_report -verbosereport -model compute_expert<2>10 -o /home/simics/HMoE/HLS_HMoE/pseudo_block/run_11/project/solution1/.autopilot/db/compute_expert_2_10.verbose.rpt 
Execute           list_part -family xcvu13p_CIV-figd2104-3-e 
Execute             ap_family_info -name xcvu13p_CIV-figd2104-3-e -data names 
Execute             ap_part_info -quiet -name xcvu13p_CIV-figd2104-3-e -data family 
Execute         db_write -model compute_expert<2>10 -f -o /home/simics/HMoE/HLS_HMoE/pseudo_block/run_11/project/solution1/.autopilot/db/compute_expert_2_10.adb 
Execute         db_write -model compute_expert<2>10 -bindview -o /home/simics/HMoE/HLS_HMoE/pseudo_block/run_11/project/solution1/.autopilot/db/design.bindinfo.xml 
Execute         gen_tb_info compute_expert<2>10 -p /home/simics/HMoE/HLS_HMoE/pseudo_block/run_11/project/solution1/.autopilot/db -o /home/simics/HMoE/HLS_HMoE/pseudo_block/run_11/project/solution1/.autopilot/db/compute_expert_2_10 
INFO: [HLS 200-10] ----------------------------------------------------------------
INFO: [HLS 200-10] -- Generating RTL for module 'compute_expert_3_11' 
INFO: [HLS 200-10] ----------------------------------------------------------------
Execute         create_rtl_model compute_expert<3>11 -top_prefix pseudo_moe_ -sub_prefix pseudo_moe_ -mg_file /home/simics/HMoE/HLS_HMoE/pseudo_block/run_11/project/solution1/.autopilot/db/compute_expert_3_11.compgen.tcl 
INFO: [HLS 200-1030] Apply Unified Pipeline Control on module 'compute_expert_3_11' pipeline 'VITIS_LOOP_22_1_VITIS_LOOP_31_3' pipeline type 'loop pipeline'
INFO: [RTGEN 206-104] Estimated max fanout for 'compute_expert_3_11' is 6316 from HDL expression: (1'b0 == ap_block_pp0_stage0_11001)
INFO: [RTGEN 206-100] Generating core module 'fadd_32ns_32ns_32_2_full_dsp_1': 32 instance(s).
INFO: [RTGEN 206-100] Generating core module 'fmul_32ns_32ns_32_2_max_dsp_1': 16 instance(s).
INFO: [RTGEN 206-100] Finished creating RTL model for 'compute_expert_3_11'.
INFO: [HLS 200-111] Finished Creating RTL model: CPU user time: 0.24 seconds. CPU system time: 0.01 seconds. Elapsed time: 0.25 seconds; current allocated memory: 570.152 MB.
Execute         source /home/simics/HMoE/HLS_HMoE/pseudo_block/run_11/project/solution1/.autopilot/db/pseudo_moe.rtl_wrap.cfg.tcl 
Execute         gen_rtl compute_expert<3>11 -style xilinx -f -lang vhdl -o /home/simics/HMoE/HLS_HMoE/pseudo_block/run_11/project/solution1/syn/vhdl/pseudo_moe_compute_expert_3_11 
Execute         gen_rtl compute_expert<3>11 -style xilinx -f -lang vlog -o /home/simics/HMoE/HLS_HMoE/pseudo_block/run_11/project/solution1/syn/verilog/pseudo_moe_compute_expert_3_11 
Execute         syn_report -csynth -model compute_expert<3>11 -o /home/simics/HMoE/HLS_HMoE/pseudo_block/run_11/project/solution1/syn/report/compute_expert_3_11_csynth.rpt 
Execute           list_part -family xcvu13p_CIV-figd2104-3-e 
Execute             ap_family_info -name xcvu13p_CIV-figd2104-3-e -data names 
Execute             ap_part_info -quiet -name xcvu13p_CIV-figd2104-3-e -data family 
Execute         syn_report -rtlxml -model compute_expert<3>11 -o /home/simics/HMoE/HLS_HMoE/pseudo_block/run_11/project/solution1/syn/report/compute_expert_3_11_csynth.xml 
Execute           list_part -family xcvu13p_CIV-figd2104-3-e 
Execute             ap_family_info -name xcvu13p_CIV-figd2104-3-e -data names 
Execute             ap_part_info -quiet -name xcvu13p_CIV-figd2104-3-e -data family 
Execute         syn_report -verbosereport -model compute_expert<3>11 -o /home/simics/HMoE/HLS_HMoE/pseudo_block/run_11/project/solution1/.autopilot/db/compute_expert_3_11.verbose.rpt 
Execute           list_part -family xcvu13p_CIV-figd2104-3-e 
Execute             ap_family_info -name xcvu13p_CIV-figd2104-3-e -data names 
Execute             ap_part_info -quiet -name xcvu13p_CIV-figd2104-3-e -data family 
Execute         db_write -model compute_expert<3>11 -f -o /home/simics/HMoE/HLS_HMoE/pseudo_block/run_11/project/solution1/.autopilot/db/compute_expert_3_11.adb 
Execute         db_write -model compute_expert<3>11 -bindview -o /home/simics/HMoE/HLS_HMoE/pseudo_block/run_11/project/solution1/.autopilot/db/design.bindinfo.xml 
Execute         gen_tb_info compute_expert<3>11 -p /home/simics/HMoE/HLS_HMoE/pseudo_block/run_11/project/solution1/.autopilot/db -o /home/simics/HMoE/HLS_HMoE/pseudo_block/run_11/project/solution1/.autopilot/db/compute_expert_3_11 
INFO: [HLS 200-10] ----------------------------------------------------------------
INFO: [HLS 200-10] -- Generating RTL for module 'combine_experts12_Pipeline_VITIS_LOOP_64_1' 
INFO: [HLS 200-10] ----------------------------------------------------------------
Execute         create_rtl_model combine_experts12_Pipeline_VITIS_LOOP_64_1 -top_prefix pseudo_moe_ -sub_prefix pseudo_moe_ -mg_file /home/simics/HMoE/HLS_HMoE/pseudo_block/run_11/project/solution1/.autopilot/db/combine_experts12_Pipeline_VITIS_LOOP_64_1.compgen.tcl 
INFO: [HLS 200-1030] Apply Unified Pipeline Control on module 'combine_experts12_Pipeline_VITIS_LOOP_64_1' pipeline 'VITIS_LOOP_64_1' pipeline type 'loop pipeline'
INFO: [RTGEN 206-100] Generating core module 'fadd_32ns_32ns_32_2_full_dsp_1': 3 instance(s).
INFO: [RTGEN 206-100] Generating core module 'fmul_32ns_32ns_32_2_max_dsp_1': 4 instance(s).
INFO: [RTGEN 206-100] Finished creating RTL model for 'combine_experts12_Pipeline_VITIS_LOOP_64_1'.
INFO: [HLS 200-111] Finished Creating RTL model: CPU user time: 0.16 seconds. CPU system time: 0.02 seconds. Elapsed time: 0.17 seconds; current allocated memory: 575.418 MB.
Execute         source /home/simics/HMoE/HLS_HMoE/pseudo_block/run_11/project/solution1/.autopilot/db/pseudo_moe.rtl_wrap.cfg.tcl 
Execute         gen_rtl combine_experts12_Pipeline_VITIS_LOOP_64_1 -style xilinx -f -lang vhdl -o /home/simics/HMoE/HLS_HMoE/pseudo_block/run_11/project/solution1/syn/vhdl/pseudo_moe_combine_experts12_Pipeline_VITIS_LOOP_64_1 
Execute         gen_rtl combine_experts12_Pipeline_VITIS_LOOP_64_1 -style xilinx -f -lang vlog -o /home/simics/HMoE/HLS_HMoE/pseudo_block/run_11/project/solution1/syn/verilog/pseudo_moe_combine_experts12_Pipeline_VITIS_LOOP_64_1 
Execute         syn_report -csynth -model combine_experts12_Pipeline_VITIS_LOOP_64_1 -o /home/simics/HMoE/HLS_HMoE/pseudo_block/run_11/project/solution1/syn/report/combine_experts12_Pipeline_VITIS_LOOP_64_1_csynth.rpt 
Execute           list_part -family xcvu13p_CIV-figd2104-3-e 
Execute             ap_family_info -name xcvu13p_CIV-figd2104-3-e -data names 
Execute             ap_part_info -quiet -name xcvu13p_CIV-figd2104-3-e -data family 
Execute         syn_report -rtlxml -model combine_experts12_Pipeline_VITIS_LOOP_64_1 -o /home/simics/HMoE/HLS_HMoE/pseudo_block/run_11/project/solution1/syn/report/combine_experts12_Pipeline_VITIS_LOOP_64_1_csynth.xml 
Execute           list_part -family xcvu13p_CIV-figd2104-3-e 
Execute             ap_family_info -name xcvu13p_CIV-figd2104-3-e -data names 
Execute             ap_part_info -quiet -name xcvu13p_CIV-figd2104-3-e -data family 
Execute         syn_report -verbosereport -model combine_experts12_Pipeline_VITIS_LOOP_64_1 -o /home/simics/HMoE/HLS_HMoE/pseudo_block/run_11/project/solution1/.autopilot/db/combine_experts12_Pipeline_VITIS_LOOP_64_1.verbose.rpt 
Execute           list_part -family xcvu13p_CIV-figd2104-3-e 
Execute             ap_family_info -name xcvu13p_CIV-figd2104-3-e -data names 
Execute             ap_part_info -quiet -name xcvu13p_CIV-figd2104-3-e -data family 
Execute         db_write -model combine_experts12_Pipeline_VITIS_LOOP_64_1 -f -o /home/simics/HMoE/HLS_HMoE/pseudo_block/run_11/project/solution1/.autopilot/db/combine_experts12_Pipeline_VITIS_LOOP_64_1.adb 
Execute         db_write -model combine_experts12_Pipeline_VITIS_LOOP_64_1 -bindview -o /home/simics/HMoE/HLS_HMoE/pseudo_block/run_11/project/solution1/.autopilot/db/design.bindinfo.xml 
Execute         gen_tb_info combine_experts12_Pipeline_VITIS_LOOP_64_1 -p /home/simics/HMoE/HLS_HMoE/pseudo_block/run_11/project/solution1/.autopilot/db -o /home/simics/HMoE/HLS_HMoE/pseudo_block/run_11/project/solution1/.autopilot/db/combine_experts12_Pipeline_VITIS_LOOP_64_1 
INFO: [HLS 200-10] ----------------------------------------------------------------
INFO: [HLS 200-10] -- Generating RTL for module 'combine_experts12' 
INFO: [HLS 200-10] ----------------------------------------------------------------
Execute         create_rtl_model combine_experts12 -top_prefix pseudo_moe_ -sub_prefix pseudo_moe_ -mg_file /home/simics/HMoE/HLS_HMoE/pseudo_block/run_11/project/solution1/.autopilot/db/combine_experts12.compgen.tcl 
INFO: [RTGEN 206-100] Finished creating RTL model for 'combine_experts12'.
INFO: [HLS 200-111] Finished Creating RTL model: CPU user time: 0.05 seconds. CPU system time: 0 seconds. Elapsed time: 0.07 seconds; current allocated memory: 577.047 MB.
Execute         source /home/simics/HMoE/HLS_HMoE/pseudo_block/run_11/project/solution1/.autopilot/db/pseudo_moe.rtl_wrap.cfg.tcl 
Execute         gen_rtl combine_experts12 -style xilinx -f -lang vhdl -o /home/simics/HMoE/HLS_HMoE/pseudo_block/run_11/project/solution1/syn/vhdl/pseudo_moe_combine_experts12 
Execute         gen_rtl combine_experts12 -style xilinx -f -lang vlog -o /home/simics/HMoE/HLS_HMoE/pseudo_block/run_11/project/solution1/syn/verilog/pseudo_moe_combine_experts12 
Execute         syn_report -csynth -model combine_experts12 -o /home/simics/HMoE/HLS_HMoE/pseudo_block/run_11/project/solution1/syn/report/combine_experts12_csynth.rpt 
Execute           list_part -family xcvu13p_CIV-figd2104-3-e 
Execute             ap_family_info -name xcvu13p_CIV-figd2104-3-e -data names 
Execute             ap_part_info -quiet -name xcvu13p_CIV-figd2104-3-e -data family 
Execute         syn_report -rtlxml -model combine_experts12 -o /home/simics/HMoE/HLS_HMoE/pseudo_block/run_11/project/solution1/syn/report/combine_experts12_csynth.xml 
Execute           list_part -family xcvu13p_CIV-figd2104-3-e 
Execute             ap_family_info -name xcvu13p_CIV-figd2104-3-e -data names 
Execute             ap_part_info -quiet -name xcvu13p_CIV-figd2104-3-e -data family 
Execute         syn_report -verbosereport -model combine_experts12 -o /home/simics/HMoE/HLS_HMoE/pseudo_block/run_11/project/solution1/.autopilot/db/combine_experts12.verbose.rpt 
Execute           list_part -family xcvu13p_CIV-figd2104-3-e 
Execute             ap_family_info -name xcvu13p_CIV-figd2104-3-e -data names 
Execute             ap_part_info -quiet -name xcvu13p_CIV-figd2104-3-e -data family 
Execute         db_write -model combine_experts12 -f -o /home/simics/HMoE/HLS_HMoE/pseudo_block/run_11/project/solution1/.autopilot/db/combine_experts12.adb 
Execute         db_write -model combine_experts12 -bindview -o /home/simics/HMoE/HLS_HMoE/pseudo_block/run_11/project/solution1/.autopilot/db/design.bindinfo.xml 
Execute         gen_tb_info combine_experts12 -p /home/simics/HMoE/HLS_HMoE/pseudo_block/run_11/project/solution1/.autopilot/db -o /home/simics/HMoE/HLS_HMoE/pseudo_block/run_11/project/solution1/.autopilot/db/combine_experts12 
INFO: [HLS 200-10] ----------------------------------------------------------------
INFO: [HLS 200-10] -- Generating RTL for module 'dataflow_in_loop_VITIS_LOOP_149_4_1_Loop_VITIS_LOOP_238_10_proc13' 
INFO: [HLS 200-10] ----------------------------------------------------------------
Execute         create_rtl_model dataflow_in_loop_VITIS_LOOP_149_4.1_Loop_VITIS_LOOP_238_10_proc13 -top_prefix pseudo_moe_ -sub_prefix pseudo_moe_ -mg_file /home/simics/HMoE/HLS_HMoE/pseudo_block/run_11/project/solution1/.autopilot/db/dataflow_in_loop_VITIS_LOOP_149_4_1_Loop_VITIS_LOOP_238_10_proc13.compgen.tcl 
INFO: [HLS 200-1030] Apply Unified Pipeline Control on module 'dataflow_in_loop_VITIS_LOOP_149_4_1_Loop_VITIS_LOOP_238_10_proc13' pipeline 'VITIS_LOOP_238_10' pipeline type 'loop pipeline'
INFO: [RTGEN 206-100] Finished creating RTL model for 'dataflow_in_loop_VITIS_LOOP_149_4_1_Loop_VITIS_LOOP_238_10_proc13'.
INFO: [HLS 200-111] Finished Creating RTL model: CPU user time: 0.06 seconds. CPU system time: 0 seconds. Elapsed time: 0.07 seconds; current allocated memory: 578.176 MB.
Execute         source /home/simics/HMoE/HLS_HMoE/pseudo_block/run_11/project/solution1/.autopilot/db/pseudo_moe.rtl_wrap.cfg.tcl 
Execute         gen_rtl dataflow_in_loop_VITIS_LOOP_149_4.1_Loop_VITIS_LOOP_238_10_proc13 -style xilinx -f -lang vhdl -o /home/simics/HMoE/HLS_HMoE/pseudo_block/run_11/project/solution1/syn/vhdl/pseudo_moe_dataflow_in_loop_VITIS_LOOP_149_4_1_Loop_VITIS_LOOP_238_10_proc13 
Execute         gen_rtl dataflow_in_loop_VITIS_LOOP_149_4.1_Loop_VITIS_LOOP_238_10_proc13 -style xilinx -f -lang vlog -o /home/simics/HMoE/HLS_HMoE/pseudo_block/run_11/project/solution1/syn/verilog/pseudo_moe_dataflow_in_loop_VITIS_LOOP_149_4_1_Loop_VITIS_LOOP_238_10_proc13 
Execute         syn_report -csynth -model dataflow_in_loop_VITIS_LOOP_149_4.1_Loop_VITIS_LOOP_238_10_proc13 -o /home/simics/HMoE/HLS_HMoE/pseudo_block/run_11/project/solution1/syn/report/dataflow_in_loop_VITIS_LOOP_149_4_1_Loop_VITIS_LOOP_238_10_proc13_csynth.rpt 
Execute           list_part -family xcvu13p_CIV-figd2104-3-e 
Execute             ap_family_info -name xcvu13p_CIV-figd2104-3-e -data names 
Execute             ap_part_info -quiet -name xcvu13p_CIV-figd2104-3-e -data family 
Execute         syn_report -rtlxml -model dataflow_in_loop_VITIS_LOOP_149_4.1_Loop_VITIS_LOOP_238_10_proc13 -o /home/simics/HMoE/HLS_HMoE/pseudo_block/run_11/project/solution1/syn/report/dataflow_in_loop_VITIS_LOOP_149_4_1_Loop_VITIS_LOOP_238_10_proc13_csynth.xml 
Execute           list_part -family xcvu13p_CIV-figd2104-3-e 
Execute             ap_family_info -name xcvu13p_CIV-figd2104-3-e -data names 
Execute             ap_part_info -quiet -name xcvu13p_CIV-figd2104-3-e -data family 
Execute         syn_report -verbosereport -model dataflow_in_loop_VITIS_LOOP_149_4.1_Loop_VITIS_LOOP_238_10_proc13 -o /home/simics/HMoE/HLS_HMoE/pseudo_block/run_11/project/solution1/.autopilot/db/dataflow_in_loop_VITIS_LOOP_149_4_1_Loop_VITIS_LOOP_238_10_proc13.verbose.rpt 
Execute           list_part -family xcvu13p_CIV-figd2104-3-e 
Execute             ap_family_info -name xcvu13p_CIV-figd2104-3-e -data names 
Execute             ap_part_info -quiet -name xcvu13p_CIV-figd2104-3-e -data family 
Execute         db_write -model dataflow_in_loop_VITIS_LOOP_149_4.1_Loop_VITIS_LOOP_238_10_proc13 -f -o /home/simics/HMoE/HLS_HMoE/pseudo_block/run_11/project/solution1/.autopilot/db/dataflow_in_loop_VITIS_LOOP_149_4_1_Loop_VITIS_LOOP_238_10_proc13.adb 
Execute         db_write -model dataflow_in_loop_VITIS_LOOP_149_4.1_Loop_VITIS_LOOP_238_10_proc13 -bindview -o /home/simics/HMoE/HLS_HMoE/pseudo_block/run_11/project/solution1/.autopilot/db/design.bindinfo.xml 
Execute         gen_tb_info dataflow_in_loop_VITIS_LOOP_149_4.1_Loop_VITIS_LOOP_238_10_proc13 -p /home/simics/HMoE/HLS_HMoE/pseudo_block/run_11/project/solution1/.autopilot/db -o /home/simics/HMoE/HLS_HMoE/pseudo_block/run_11/project/solution1/.autopilot/db/dataflow_in_loop_VITIS_LOOP_149_4_1_Loop_VITIS_LOOP_238_10_proc13 
INFO: [HLS 200-10] ----------------------------------------------------------------
INFO: [HLS 200-10] -- Generating RTL for module 'dataflow_in_loop_VITIS_LOOP_149_4_1' 
INFO: [HLS 200-10] ----------------------------------------------------------------
Execute         create_rtl_model dataflow_in_loop_VITIS_LOOP_149_4.1 -top_prefix pseudo_moe_ -sub_prefix pseudo_moe_ -mg_file /home/simics/HMoE/HLS_HMoE/pseudo_block/run_11/project/solution1/.autopilot/db/dataflow_in_loop_VITIS_LOOP_149_4_1.compgen.tcl 
WARNING: [HLS 200-656] Deadlocks can occur since process dataflow_in_loop_VITIS_LOOP_149_4.1_Loop_VITIS_LOOP_201_9_proc7 is instantiated in a dataflow region with ap_ctrl_none or without start propagation and contains an auto-rewind pipeline.
WARNING: [RTGEN 206-101] Setting dangling out port 'dataflow_in_loop_VITIS_LOOP_149_4_1/m_axi_gmem1_AWVALID' to 0.
WARNING: [RTGEN 206-101] Setting dangling out port 'dataflow_in_loop_VITIS_LOOP_149_4_1/m_axi_gmem1_AWADDR' to 0.
WARNING: [RTGEN 206-101] Setting dangling out port 'dataflow_in_loop_VITIS_LOOP_149_4_1/m_axi_gmem1_AWID' to 0.
WARNING: [RTGEN 206-101] Setting dangling out port 'dataflow_in_loop_VITIS_LOOP_149_4_1/m_axi_gmem1_AWLEN' to 0.
WARNING: [RTGEN 206-101] Setting dangling out port 'dataflow_in_loop_VITIS_LOOP_149_4_1/m_axi_gmem1_AWSIZE' to 0.
WARNING: [RTGEN 206-101] Setting dangling out port 'dataflow_in_loop_VITIS_LOOP_149_4_1/m_axi_gmem1_AWBURST' to 0.
WARNING: [RTGEN 206-101] Setting dangling out port 'dataflow_in_loop_VITIS_LOOP_149_4_1/m_axi_gmem1_AWLOCK' to 0.
WARNING: [RTGEN 206-101] Setting dangling out port 'dataflow_in_loop_VITIS_LOOP_149_4_1/m_axi_gmem1_AWCACHE' to 0.
WARNING: [RTGEN 206-101] Setting dangling out port 'dataflow_in_loop_VITIS_LOOP_149_4_1/m_axi_gmem1_AWPROT' to 0.
WARNING: [RTGEN 206-101] Setting dangling out port 'dataflow_in_loop_VITIS_LOOP_149_4_1/m_axi_gmem1_AWQOS' to 0.
WARNING: [RTGEN 206-101] Setting dangling out port 'dataflow_in_loop_VITIS_LOOP_149_4_1/m_axi_gmem1_AWREGION' to 0.
WARNING: [RTGEN 206-101] Setting dangling out port 'dataflow_in_loop_VITIS_LOOP_149_4_1/m_axi_gmem1_AWUSER' to 0.
WARNING: [RTGEN 206-101] Setting dangling out port 'dataflow_in_loop_VITIS_LOOP_149_4_1/m_axi_gmem1_WVALID' to 0.
WARNING: [RTGEN 206-101] Setting dangling out port 'dataflow_in_loop_VITIS_LOOP_149_4_1/m_axi_gmem1_WDATA' to 0.
WARNING: [RTGEN 206-101] Setting dangling out port 'dataflow_in_loop_VITIS_LOOP_149_4_1/m_axi_gmem1_WSTRB' to 0.
WARNING: [RTGEN 206-101] Setting dangling out port 'dataflow_in_loop_VITIS_LOOP_149_4_1/m_axi_gmem1_WLAST' to 0.
WARNING: [RTGEN 206-101] Setting dangling out port 'dataflow_in_loop_VITIS_LOOP_149_4_1/m_axi_gmem1_WID' to 0.
WARNING: [RTGEN 206-101] Setting dangling out port 'dataflow_in_loop_VITIS_LOOP_149_4_1/m_axi_gmem1_WUSER' to 0.
WARNING: [RTGEN 206-101] Setting dangling out port 'dataflow_in_loop_VITIS_LOOP_149_4_1/m_axi_gmem1_BREADY' to 0.
WARNING: [RTGEN 206-101] Setting dangling out port 'dataflow_in_loop_VITIS_LOOP_149_4_1/m_axi_gmem2_AWVALID' to 0.
WARNING: [RTGEN 206-101] Setting dangling out port 'dataflow_in_loop_VITIS_LOOP_149_4_1/m_axi_gmem2_AWADDR' to 0.
WARNING: [RTGEN 206-101] Setting dangling out port 'dataflow_in_loop_VITIS_LOOP_149_4_1/m_axi_gmem2_AWID' to 0.
WARNING: [RTGEN 206-101] Setting dangling out port 'dataflow_in_loop_VITIS_LOOP_149_4_1/m_axi_gmem2_AWLEN' to 0.
WARNING: [RTGEN 206-101] Setting dangling out port 'dataflow_in_loop_VITIS_LOOP_149_4_1/m_axi_gmem2_AWSIZE' to 0.
WARNING: [RTGEN 206-101] Setting dangling out port 'dataflow_in_loop_VITIS_LOOP_149_4_1/m_axi_gmem2_AWBURST' to 0.
WARNING: [RTGEN 206-101] Setting dangling out port 'dataflow_in_loop_VITIS_LOOP_149_4_1/m_axi_gmem2_AWLOCK' to 0.
WARNING: [RTGEN 206-101] Setting dangling out port 'dataflow_in_loop_VITIS_LOOP_149_4_1/m_axi_gmem2_AWCACHE' to 0.
WARNING: [RTGEN 206-101] Setting dangling out port 'dataflow_in_loop_VITIS_LOOP_149_4_1/m_axi_gmem2_AWPROT' to 0.
WARNING: [RTGEN 206-101] Setting dangling out port 'dataflow_in_loop_VITIS_LOOP_149_4_1/m_axi_gmem2_AWQOS' to 0.
WARNING: [RTGEN 206-101] Setting dangling out port 'dataflow_in_loop_VITIS_LOOP_149_4_1/m_axi_gmem2_AWREGION' to 0.
WARNING: [RTGEN 206-101] Setting dangling out port 'dataflow_in_loop_VITIS_LOOP_149_4_1/m_axi_gmem2_AWUSER' to 0.
WARNING: [RTGEN 206-101] Setting dangling out port 'dataflow_in_loop_VITIS_LOOP_149_4_1/m_axi_gmem2_WVALID' to 0.
WARNING: [RTGEN 206-101] Setting dangling out port 'dataflow_in_loop_VITIS_LOOP_149_4_1/m_axi_gmem2_WDATA' to 0.
WARNING: [RTGEN 206-101] Setting dangling out port 'dataflow_in_loop_VITIS_LOOP_149_4_1/m_axi_gmem2_WSTRB' to 0.
WARNING: [RTGEN 206-101] Setting dangling out port 'dataflow_in_loop_VITIS_LOOP_149_4_1/m_axi_gmem2_WLAST' to 0.
WARNING: [RTGEN 206-101] Setting dangling out port 'dataflow_in_loop_VITIS_LOOP_149_4_1/m_axi_gmem2_WID' to 0.
WARNING: [RTGEN 206-101] Setting dangling out port 'dataflow_in_loop_VITIS_LOOP_149_4_1/m_axi_gmem2_WUSER' to 0.
WARNING: [RTGEN 206-101] Setting dangling out port 'dataflow_in_loop_VITIS_LOOP_149_4_1/m_axi_gmem2_BREADY' to 0.
WARNING: [RTGEN 206-101] Setting dangling out port 'dataflow_in_loop_VITIS_LOOP_149_4_1/m_axi_gmem11_ARVALID' to 0.
WARNING: [RTGEN 206-101] Setting dangling out port 'dataflow_in_loop_VITIS_LOOP_149_4_1/m_axi_gmem11_ARADDR' to 0.
WARNING: [RTGEN 206-101] Setting dangling out port 'dataflow_in_loop_VITIS_LOOP_149_4_1/m_axi_gmem11_ARID' to 0.
WARNING: [RTGEN 206-101] Setting dangling out port 'dataflow_in_loop_VITIS_LOOP_149_4_1/m_axi_gmem11_ARLEN' to 0.
WARNING: [RTGEN 206-101] Setting dangling out port 'dataflow_in_loop_VITIS_LOOP_149_4_1/m_axi_gmem11_ARSIZE' to 0.
WARNING: [RTGEN 206-101] Setting dangling out port 'dataflow_in_loop_VITIS_LOOP_149_4_1/m_axi_gmem11_ARBURST' to 0.
WARNING: [RTGEN 206-101] Setting dangling out port 'dataflow_in_loop_VITIS_LOOP_149_4_1/m_axi_gmem11_ARLOCK' to 0.
WARNING: [RTGEN 206-101] Setting dangling out port 'dataflow_in_loop_VITIS_LOOP_149_4_1/m_axi_gmem11_ARCACHE' to 0.
WARNING: [RTGEN 206-101] Setting dangling out port 'dataflow_in_loop_VITIS_LOOP_149_4_1/m_axi_gmem11_ARPROT' to 0.
WARNING: [RTGEN 206-101] Setting dangling out port 'dataflow_in_loop_VITIS_LOOP_149_4_1/m_axi_gmem11_ARQOS' to 0.
WARNING: [RTGEN 206-101] Setting dangling out port 'dataflow_in_loop_VITIS_LOOP_149_4_1/m_axi_gmem11_ARREGION' to 0.
WARNING: [RTGEN 206-101] Setting dangling out port 'dataflow_in_loop_VITIS_LOOP_149_4_1/m_axi_gmem11_ARUSER' to 0.
WARNING: [RTGEN 206-101] Setting dangling out port 'dataflow_in_loop_VITIS_LOOP_149_4_1/m_axi_gmem11_RREADY' to 0.
WARNING: [RTGEN 206-101] Setting dangling out port 'dataflow_in_loop_VITIS_LOOP_149_4_1/m_axi_gmem4_AWVALID' to 0.
WARNING: [RTGEN 206-101] Setting dangling out port 'dataflow_in_loop_VITIS_LOOP_149_4_1/m_axi_gmem4_AWADDR' to 0.
WARNING: [RTGEN 206-101] Setting dangling out port 'dataflow_in_loop_VITIS_LOOP_149_4_1/m_axi_gmem4_AWID' to 0.
WARNING: [RTGEN 206-101] Setting dangling out port 'dataflow_in_loop_VITIS_LOOP_149_4_1/m_axi_gmem4_AWLEN' to 0.
WARNING: [RTGEN 206-101] Setting dangling out port 'dataflow_in_loop_VITIS_LOOP_149_4_1/m_axi_gmem4_AWSIZE' to 0.
WARNING: [RTGEN 206-101] Setting dangling out port 'dataflow_in_loop_VITIS_LOOP_149_4_1/m_axi_gmem4_AWBURST' to 0.
WARNING: [RTGEN 206-101] Setting dangling out port 'dataflow_in_loop_VITIS_LOOP_149_4_1/m_axi_gmem4_AWLOCK' to 0.
WARNING: [RTGEN 206-101] Setting dangling out port 'dataflow_in_loop_VITIS_LOOP_149_4_1/m_axi_gmem4_AWCACHE' to 0.
WARNING: [RTGEN 206-101] Setting dangling out port 'dataflow_in_loop_VITIS_LOOP_149_4_1/m_axi_gmem4_AWPROT' to 0.
WARNING: [RTGEN 206-101] Setting dangling out port 'dataflow_in_loop_VITIS_LOOP_149_4_1/m_axi_gmem4_AWQOS' to 0.
WARNING: [RTGEN 206-101] Setting dangling out port 'dataflow_in_loop_VITIS_LOOP_149_4_1/m_axi_gmem4_AWREGION' to 0.
WARNING: [RTGEN 206-101] Setting dangling out port 'dataflow_in_loop_VITIS_LOOP_149_4_1/m_axi_gmem4_AWUSER' to 0.
WARNING: [RTGEN 206-101] Setting dangling out port 'dataflow_in_loop_VITIS_LOOP_149_4_1/m_axi_gmem4_WVALID' to 0.
WARNING: [RTGEN 206-101] Setting dangling out port 'dataflow_in_loop_VITIS_LOOP_149_4_1/m_axi_gmem4_WDATA' to 0.
WARNING: [RTGEN 206-101] Setting dangling out port 'dataflow_in_loop_VITIS_LOOP_149_4_1/m_axi_gmem4_WSTRB' to 0.
WARNING: [RTGEN 206-101] Setting dangling out port 'dataflow_in_loop_VITIS_LOOP_149_4_1/m_axi_gmem4_WLAST' to 0.
WARNING: [RTGEN 206-101] Setting dangling out port 'dataflow_in_loop_VITIS_LOOP_149_4_1/m_axi_gmem4_WID' to 0.
WARNING: [RTGEN 206-101] Setting dangling out port 'dataflow_in_loop_VITIS_LOOP_149_4_1/m_axi_gmem4_WUSER' to 0.
WARNING: [RTGEN 206-101] Setting dangling out port 'dataflow_in_loop_VITIS_LOOP_149_4_1/m_axi_gmem4_BREADY' to 0.
WARNING: [RTGEN 206-101] Setting dangling out port 'dataflow_in_loop_VITIS_LOOP_149_4_1/m_axi_gmem6_AWVALID' to 0.
WARNING: [RTGEN 206-101] Setting dangling out port 'dataflow_in_loop_VITIS_LOOP_149_4_1/m_axi_gmem6_AWADDR' to 0.
WARNING: [RTGEN 206-101] Setting dangling out port 'dataflow_in_loop_VITIS_LOOP_149_4_1/m_axi_gmem6_AWID' to 0.
WARNING: [RTGEN 206-101] Setting dangling out port 'dataflow_in_loop_VITIS_LOOP_149_4_1/m_axi_gmem6_AWLEN' to 0.
WARNING: [RTGEN 206-101] Setting dangling out port 'dataflow_in_loop_VITIS_LOOP_149_4_1/m_axi_gmem6_AWSIZE' to 0.
WARNING: [RTGEN 206-101] Setting dangling out port 'dataflow_in_loop_VITIS_LOOP_149_4_1/m_axi_gmem6_AWBURST' to 0.
WARNING: [RTGEN 206-101] Setting dangling out port 'dataflow_in_loop_VITIS_LOOP_149_4_1/m_axi_gmem6_AWLOCK' to 0.
WARNING: [RTGEN 206-101] Setting dangling out port 'dataflow_in_loop_VITIS_LOOP_149_4_1/m_axi_gmem6_AWCACHE' to 0.
WARNING: [RTGEN 206-101] Setting dangling out port 'dataflow_in_loop_VITIS_LOOP_149_4_1/m_axi_gmem6_AWPROT' to 0.
WARNING: [RTGEN 206-101] Setting dangling out port 'dataflow_in_loop_VITIS_LOOP_149_4_1/m_axi_gmem6_AWQOS' to 0.
WARNING: [RTGEN 206-101] Setting dangling out port 'dataflow_in_loop_VITIS_LOOP_149_4_1/m_axi_gmem6_AWREGION' to 0.
WARNING: [RTGEN 206-101] Setting dangling out port 'dataflow_in_loop_VITIS_LOOP_149_4_1/m_axi_gmem6_AWUSER' to 0.
WARNING: [RTGEN 206-101] Setting dangling out port 'dataflow_in_loop_VITIS_LOOP_149_4_1/m_axi_gmem6_WVALID' to 0.
WARNING: [RTGEN 206-101] Setting dangling out port 'dataflow_in_loop_VITIS_LOOP_149_4_1/m_axi_gmem6_WDATA' to 0.
WARNING: [RTGEN 206-101] Setting dangling out port 'dataflow_in_loop_VITIS_LOOP_149_4_1/m_axi_gmem6_WSTRB' to 0.
WARNING: [RTGEN 206-101] Setting dangling out port 'dataflow_in_loop_VITIS_LOOP_149_4_1/m_axi_gmem6_WLAST' to 0.
WARNING: [RTGEN 206-101] Setting dangling out port 'dataflow_in_loop_VITIS_LOOP_149_4_1/m_axi_gmem6_WID' to 0.
WARNING: [RTGEN 206-101] Setting dangling out port 'dataflow_in_loop_VITIS_LOOP_149_4_1/m_axi_gmem6_WUSER' to 0.
WARNING: [RTGEN 206-101] Setting dangling out port 'dataflow_in_loop_VITIS_LOOP_149_4_1/m_axi_gmem6_BREADY' to 0.
WARNING: [RTGEN 206-101] Setting dangling out port 'dataflow_in_loop_VITIS_LOOP_149_4_1/m_axi_gmem8_AWVALID' to 0.
WARNING: [RTGEN 206-101] Setting dangling out port 'dataflow_in_loop_VITIS_LOOP_149_4_1/m_axi_gmem8_AWADDR' to 0.
WARNING: [RTGEN 206-101] Setting dangling out port 'dataflow_in_loop_VITIS_LOOP_149_4_1/m_axi_gmem8_AWID' to 0.
WARNING: [RTGEN 206-101] Setting dangling out port 'dataflow_in_loop_VITIS_LOOP_149_4_1/m_axi_gmem8_AWLEN' to 0.
WARNING: [RTGEN 206-101] Setting dangling out port 'dataflow_in_loop_VITIS_LOOP_149_4_1/m_axi_gmem8_AWSIZE' to 0.
WARNING: [RTGEN 206-101] Setting dangling out port 'dataflow_in_loop_VITIS_LOOP_149_4_1/m_axi_gmem8_AWBURST' to 0.
WARNING: [RTGEN 206-101] Setting dangling out port 'dataflow_in_loop_VITIS_LOOP_149_4_1/m_axi_gmem8_AWLOCK' to 0.
WARNING: [RTGEN 206-101] Setting dangling out port 'dataflow_in_loop_VITIS_LOOP_149_4_1/m_axi_gmem8_AWCACHE' to 0.
WARNING: [RTGEN 206-101] Setting dangling out port 'dataflow_in_loop_VITIS_LOOP_149_4_1/m_axi_gmem8_AWPROT' to 0.
WARNING: [RTGEN 206-101] Setting dangling out port 'dataflow_in_loop_VITIS_LOOP_149_4_1/m_axi_gmem8_AWQOS' to 0.
WARNING: [RTGEN 206-101] Setting dangling out port 'dataflow_in_loop_VITIS_LOOP_149_4_1/m_axi_gmem8_AWREGION' to 0.
WARNING: [RTGEN 206-101] Setting dangling out port 'dataflow_in_loop_VITIS_LOOP_149_4_1/m_axi_gmem8_AWUSER' to 0.
WARNING: [RTGEN 206-101] Setting dangling out port 'dataflow_in_loop_VITIS_LOOP_149_4_1/m_axi_gmem8_WVALID' to 0.
WARNING: [RTGEN 206-101] Setting dangling out port 'dataflow_in_loop_VITIS_LOOP_149_4_1/m_axi_gmem8_WDATA' to 0.
WARNING: [RTGEN 206-101] Setting dangling out port 'dataflow_in_loop_VITIS_LOOP_149_4_1/m_axi_gmem8_WSTRB' to 0.
WARNING: [RTGEN 206-101] Setting dangling out port 'dataflow_in_loop_VITIS_LOOP_149_4_1/m_axi_gmem8_WLAST' to 0.
WARNING: [RTGEN 206-101] Setting dangling out port 'dataflow_in_loop_VITIS_LOOP_149_4_1/m_axi_gmem8_WID' to 0.
WARNING: [RTGEN 206-101] Setting dangling out port 'dataflow_in_loop_VITIS_LOOP_149_4_1/m_axi_gmem8_WUSER' to 0.
WARNING: [RTGEN 206-101] Setting dangling out port 'dataflow_in_loop_VITIS_LOOP_149_4_1/m_axi_gmem8_BREADY' to 0.
WARNING: [RTGEN 206-101] Setting dangling out port 'dataflow_in_loop_VITIS_LOOP_149_4_1/m_axi_gmem10_AWVALID' to 0.
WARNING: [RTGEN 206-101] Setting dangling out port 'dataflow_in_loop_VITIS_LOOP_149_4_1/m_axi_gmem10_AWADDR' to 0.
WARNING: [RTGEN 206-101] Setting dangling out port 'dataflow_in_loop_VITIS_LOOP_149_4_1/m_axi_gmem10_AWID' to 0.
WARNING: [RTGEN 206-101] Setting dangling out port 'dataflow_in_loop_VITIS_LOOP_149_4_1/m_axi_gmem10_AWLEN' to 0.
WARNING: [RTGEN 206-101] Setting dangling out port 'dataflow_in_loop_VITIS_LOOP_149_4_1/m_axi_gmem10_AWSIZE' to 0.
WARNING: [RTGEN 206-101] Setting dangling out port 'dataflow_in_loop_VITIS_LOOP_149_4_1/m_axi_gmem10_AWBURST' to 0.
WARNING: [RTGEN 206-101] Setting dangling out port 'dataflow_in_loop_VITIS_LOOP_149_4_1/m_axi_gmem10_AWLOCK' to 0.
WARNING: [RTGEN 206-101] Setting dangling out port 'dataflow_in_loop_VITIS_LOOP_149_4_1/m_axi_gmem10_AWCACHE' to 0.
WARNING: [RTGEN 206-101] Setting dangling out port 'dataflow_in_loop_VITIS_LOOP_149_4_1/m_axi_gmem10_AWPROT' to 0.
WARNING: [RTGEN 206-101] Setting dangling out port 'dataflow_in_loop_VITIS_LOOP_149_4_1/m_axi_gmem10_AWQOS' to 0.
WARNING: [RTGEN 206-101] Setting dangling out port 'dataflow_in_loop_VITIS_LOOP_149_4_1/m_axi_gmem10_AWREGION' to 0.
WARNING: [RTGEN 206-101] Setting dangling out port 'dataflow_in_loop_VITIS_LOOP_149_4_1/m_axi_gmem10_AWUSER' to 0.
WARNING: [RTGEN 206-101] Setting dangling out port 'dataflow_in_loop_VITIS_LOOP_149_4_1/m_axi_gmem10_WVALID' to 0.
WARNING: [RTGEN 206-101] Setting dangling out port 'dataflow_in_loop_VITIS_LOOP_149_4_1/m_axi_gmem10_WDATA' to 0.
WARNING: [RTGEN 206-101] Setting dangling out port 'dataflow_in_loop_VITIS_LOOP_149_4_1/m_axi_gmem10_WSTRB' to 0.
WARNING: [RTGEN 206-101] Setting dangling out port 'dataflow_in_loop_VITIS_LOOP_149_4_1/m_axi_gmem10_WLAST' to 0.
WARNING: [RTGEN 206-101] Setting dangling out port 'dataflow_in_loop_VITIS_LOOP_149_4_1/m_axi_gmem10_WID' to 0.
WARNING: [RTGEN 206-101] Setting dangling out port 'dataflow_in_loop_VITIS_LOOP_149_4_1/m_axi_gmem10_WUSER' to 0.
WARNING: [RTGEN 206-101] Setting dangling out port 'dataflow_in_loop_VITIS_LOOP_149_4_1/m_axi_gmem10_BREADY' to 0.
WARNING: [RTGEN 206-101] Setting dangling out port 'dataflow_in_loop_VITIS_LOOP_149_4_1/m_axi_gmem12_ARVALID' to 0.
WARNING: [RTGEN 206-101] Setting dangling out port 'dataflow_in_loop_VITIS_LOOP_149_4_1/m_axi_gmem12_ARADDR' to 0.
WARNING: [RTGEN 206-101] Setting dangling out port 'dataflow_in_loop_VITIS_LOOP_149_4_1/m_axi_gmem12_ARID' to 0.
WARNING: [RTGEN 206-101] Setting dangling out port 'dataflow_in_loop_VITIS_LOOP_149_4_1/m_axi_gmem12_ARLEN' to 0.
WARNING: [RTGEN 206-101] Setting dangling out port 'dataflow_in_loop_VITIS_LOOP_149_4_1/m_axi_gmem12_ARSIZE' to 0.
WARNING: [RTGEN 206-101] Setting dangling out port 'dataflow_in_loop_VITIS_LOOP_149_4_1/m_axi_gmem12_ARBURST' to 0.
WARNING: [RTGEN 206-101] Setting dangling out port 'dataflow_in_loop_VITIS_LOOP_149_4_1/m_axi_gmem12_ARLOCK' to 0.
WARNING: [RTGEN 206-101] Setting dangling out port 'dataflow_in_loop_VITIS_LOOP_149_4_1/m_axi_gmem12_ARCACHE' to 0.
WARNING: [RTGEN 206-101] Setting dangling out port 'dataflow_in_loop_VITIS_LOOP_149_4_1/m_axi_gmem12_ARPROT' to 0.
WARNING: [RTGEN 206-101] Setting dangling out port 'dataflow_in_loop_VITIS_LOOP_149_4_1/m_axi_gmem12_ARQOS' to 0.
WARNING: [RTGEN 206-101] Setting dangling out port 'dataflow_in_loop_VITIS_LOOP_149_4_1/m_axi_gmem12_ARREGION' to 0.
WARNING: [RTGEN 206-101] Setting dangling out port 'dataflow_in_loop_VITIS_LOOP_149_4_1/m_axi_gmem12_ARUSER' to 0.
WARNING: [RTGEN 206-101] Setting dangling out port 'dataflow_in_loop_VITIS_LOOP_149_4_1/m_axi_gmem12_RREADY' to 0.
INFO: [RTGEN 206-100] Finished creating RTL model for 'dataflow_in_loop_VITIS_LOOP_149_4_1'.
INFO: [HLS 200-741] Implementing PIPO pseudo_moe_dataflow_in_loop_VITIS_LOOP_149_4_1_combined_result_RAM_AUTO_1R1W using a single memory for all blocks
INFO: [RTMG 210-278] Implementing memory 'pseudo_moe_dataflow_in_loop_VITIS_LOOP_149_4_1_combined_result_RAM_AUTO_1R1W_memcore' using auto RAMs.
INFO: [HLS 200-741] Implementing PIPO pseudo_moe_dataflow_in_loop_VITIS_LOOP_149_4_1_x3_RAM_AUTO_1R1W using a single memory for all blocks
INFO: [RTMG 210-278] Implementing memory 'pseudo_moe_dataflow_in_loop_VITIS_LOOP_149_4_1_x3_RAM_AUTO_1R1W_memcore' using auto RAMs.
INFO: [HLS 200-740] Implementing PIPO pseudo_moe_dataflow_in_loop_VITIS_LOOP_149_4_1_gates_RAM_AUTO_1R1W using a separate memory for each block
INFO: [RTMG 210-278] Implementing memory 'pseudo_moe_dataflow_in_loop_VITIS_LOOP_149_4_1_gates_RAM_AUTO_1R1W_memcore' using auto RAMs.
INFO: [RTMG 210-285] Implementing FIFO 'gates_out_c_U(pseudo_moe_fifo_w64_d4_S)' using Shift Registers.
INFO: [RTMG 210-285] Implementing FIFO 'output_r_c_U(pseudo_moe_fifo_w64_d6_S)' using Shift Registers.
INFO: [RTMG 210-285] Implementing FIFO 'logits_i_channel_U(pseudo_moe_fifo_w32_d4_S)' using Shift Registers.
INFO: [RTMG 210-285] Implementing FIFO 'n_1_c1_U(pseudo_moe_fifo_w4_d3_S)' using Shift Registers.
INFO: [RTMG 210-285] Implementing FIFO 'max_logit_loc_i_channel1_U(pseudo_moe_fifo_w32_d2_S)' using Shift Registers.
INFO: [RTMG 210-285] Implementing FIFO 'exp_values_U(pseudo_moe_fifo_w32_d4_S)' using Shift Registers.
INFO: [RTMG 210-285] Implementing FIFO 'exp_sum_loc_i_channel_U(pseudo_moe_fifo_w32_d2_S)' using Shift Registers.
INFO: [RTMG 210-285] Implementing FIFO 'n_1_c_channel_U(pseudo_moe_fifo_w4_d3_S)' using Shift Registers.
Command         create_rtl_model done; 1.26 sec.
INFO: [HLS 200-111] Finished Creating RTL model: CPU user time: 1.09 seconds. CPU system time: 0.07 seconds. Elapsed time: 1.32 seconds; current allocated memory: 593.535 MB.
Execute         source /home/simics/HMoE/HLS_HMoE/pseudo_block/run_11/project/solution1/.autopilot/db/pseudo_moe.rtl_wrap.cfg.tcl 
Execute         gen_rtl dataflow_in_loop_VITIS_LOOP_149_4.1 -style xilinx -f -lang vhdl -o /home/simics/HMoE/HLS_HMoE/pseudo_block/run_11/project/solution1/syn/vhdl/pseudo_moe_dataflow_in_loop_VITIS_LOOP_149_4_1 
Execute         gen_rtl dataflow_in_loop_VITIS_LOOP_149_4.1 -style xilinx -f -lang vlog -o /home/simics/HMoE/HLS_HMoE/pseudo_block/run_11/project/solution1/syn/verilog/pseudo_moe_dataflow_in_loop_VITIS_LOOP_149_4_1 
Execute         syn_report -csynth -model dataflow_in_loop_VITIS_LOOP_149_4.1 -o /home/simics/HMoE/HLS_HMoE/pseudo_block/run_11/project/solution1/syn/report/dataflow_in_loop_VITIS_LOOP_149_4_1_csynth.rpt 
Execute           list_part -family xcvu13p_CIV-figd2104-3-e 
Execute             ap_family_info -name xcvu13p_CIV-figd2104-3-e -data names 
Execute             ap_part_info -quiet -name xcvu13p_CIV-figd2104-3-e -data family 
Execute         syn_report -rtlxml -model dataflow_in_loop_VITIS_LOOP_149_4.1 -o /home/simics/HMoE/HLS_HMoE/pseudo_block/run_11/project/solution1/syn/report/dataflow_in_loop_VITIS_LOOP_149_4_1_csynth.xml 
Execute           list_part -family xcvu13p_CIV-figd2104-3-e 
Execute             ap_family_info -name xcvu13p_CIV-figd2104-3-e -data names 
Execute             ap_part_info -quiet -name xcvu13p_CIV-figd2104-3-e -data family 
Execute         syn_report -verbosereport -model dataflow_in_loop_VITIS_LOOP_149_4.1 -o /home/simics/HMoE/HLS_HMoE/pseudo_block/run_11/project/solution1/.autopilot/db/dataflow_in_loop_VITIS_LOOP_149_4_1.verbose.rpt 
Execute           list_part -family xcvu13p_CIV-figd2104-3-e 
Execute             ap_family_info -name xcvu13p_CIV-figd2104-3-e -data names 
Execute             ap_part_info -quiet -name xcvu13p_CIV-figd2104-3-e -data family 
Execute         db_write -model dataflow_in_loop_VITIS_LOOP_149_4.1 -f -o /home/simics/HMoE/HLS_HMoE/pseudo_block/run_11/project/solution1/.autopilot/db/dataflow_in_loop_VITIS_LOOP_149_4_1.adb 
Execute         db_write -model dataflow_in_loop_VITIS_LOOP_149_4.1 -bindview -o /home/simics/HMoE/HLS_HMoE/pseudo_block/run_11/project/solution1/.autopilot/db/design.bindinfo.xml 
Execute         gen_tb_info dataflow_in_loop_VITIS_LOOP_149_4.1 -p /home/simics/HMoE/HLS_HMoE/pseudo_block/run_11/project/solution1/.autopilot/db -o /home/simics/HMoE/HLS_HMoE/pseudo_block/run_11/project/solution1/.autopilot/db/dataflow_in_loop_VITIS_LOOP_149_4_1 
INFO: [HLS 200-10] ----------------------------------------------------------------
INFO: [HLS 200-10] -- Generating RTL for module 'dataflow_parent_loop_proc' 
INFO: [HLS 200-10] ----------------------------------------------------------------
Execute         create_rtl_model dataflow_parent_loop_proc -top_prefix pseudo_moe_ -sub_prefix pseudo_moe_ -mg_file /home/simics/HMoE/HLS_HMoE/pseudo_block/run_11/project/solution1/.autopilot/db/dataflow_parent_loop_proc.compgen.tcl 
WARNING: [HLS 200-656] Deadlocks can occur since process dataflow_in_loop_VITIS_LOOP_149_4.1_Loop_VITIS_LOOP_201_9_proc7 is instantiated in a dataflow region with ap_ctrl_none or without start propagation and contains an auto-rewind pipeline.
WARNING: [RTGEN 206-101] Setting dangling out port 'dataflow_parent_loop_proc/m_axi_gmem1_AWVALID' to 0.
WARNING: [RTGEN 206-101] Setting dangling out port 'dataflow_parent_loop_proc/m_axi_gmem1_AWADDR' to 0.
WARNING: [RTGEN 206-101] Setting dangling out port 'dataflow_parent_loop_proc/m_axi_gmem1_AWID' to 0.
WARNING: [RTGEN 206-101] Setting dangling out port 'dataflow_parent_loop_proc/m_axi_gmem1_AWLEN' to 0.
WARNING: [RTGEN 206-101] Setting dangling out port 'dataflow_parent_loop_proc/m_axi_gmem1_AWSIZE' to 0.
WARNING: [RTGEN 206-101] Setting dangling out port 'dataflow_parent_loop_proc/m_axi_gmem1_AWBURST' to 0.
WARNING: [RTGEN 206-101] Setting dangling out port 'dataflow_parent_loop_proc/m_axi_gmem1_AWLOCK' to 0.
WARNING: [RTGEN 206-101] Setting dangling out port 'dataflow_parent_loop_proc/m_axi_gmem1_AWCACHE' to 0.
WARNING: [RTGEN 206-101] Setting dangling out port 'dataflow_parent_loop_proc/m_axi_gmem1_AWPROT' to 0.
WARNING: [RTGEN 206-101] Setting dangling out port 'dataflow_parent_loop_proc/m_axi_gmem1_AWQOS' to 0.
WARNING: [RTGEN 206-101] Setting dangling out port 'dataflow_parent_loop_proc/m_axi_gmem1_AWREGION' to 0.
WARNING: [RTGEN 206-101] Setting dangling out port 'dataflow_parent_loop_proc/m_axi_gmem1_AWUSER' to 0.
WARNING: [RTGEN 206-101] Setting dangling out port 'dataflow_parent_loop_proc/m_axi_gmem1_WVALID' to 0.
WARNING: [RTGEN 206-101] Setting dangling out port 'dataflow_parent_loop_proc/m_axi_gmem1_WDATA' to 0.
WARNING: [RTGEN 206-101] Setting dangling out port 'dataflow_parent_loop_proc/m_axi_gmem1_WSTRB' to 0.
WARNING: [RTGEN 206-101] Setting dangling out port 'dataflow_parent_loop_proc/m_axi_gmem1_WLAST' to 0.
WARNING: [RTGEN 206-101] Setting dangling out port 'dataflow_parent_loop_proc/m_axi_gmem1_WID' to 0.
WARNING: [RTGEN 206-101] Setting dangling out port 'dataflow_parent_loop_proc/m_axi_gmem1_WUSER' to 0.
WARNING: [RTGEN 206-101] Setting dangling out port 'dataflow_parent_loop_proc/m_axi_gmem1_BREADY' to 0.
WARNING: [RTGEN 206-101] Setting dangling out port 'dataflow_parent_loop_proc/m_axi_gmem2_AWVALID' to 0.
WARNING: [RTGEN 206-101] Setting dangling out port 'dataflow_parent_loop_proc/m_axi_gmem2_AWADDR' to 0.
WARNING: [RTGEN 206-101] Setting dangling out port 'dataflow_parent_loop_proc/m_axi_gmem2_AWID' to 0.
WARNING: [RTGEN 206-101] Setting dangling out port 'dataflow_parent_loop_proc/m_axi_gmem2_AWLEN' to 0.
WARNING: [RTGEN 206-101] Setting dangling out port 'dataflow_parent_loop_proc/m_axi_gmem2_AWSIZE' to 0.
WARNING: [RTGEN 206-101] Setting dangling out port 'dataflow_parent_loop_proc/m_axi_gmem2_AWBURST' to 0.
WARNING: [RTGEN 206-101] Setting dangling out port 'dataflow_parent_loop_proc/m_axi_gmem2_AWLOCK' to 0.
WARNING: [RTGEN 206-101] Setting dangling out port 'dataflow_parent_loop_proc/m_axi_gmem2_AWCACHE' to 0.
WARNING: [RTGEN 206-101] Setting dangling out port 'dataflow_parent_loop_proc/m_axi_gmem2_AWPROT' to 0.
WARNING: [RTGEN 206-101] Setting dangling out port 'dataflow_parent_loop_proc/m_axi_gmem2_AWQOS' to 0.
WARNING: [RTGEN 206-101] Setting dangling out port 'dataflow_parent_loop_proc/m_axi_gmem2_AWREGION' to 0.
WARNING: [RTGEN 206-101] Setting dangling out port 'dataflow_parent_loop_proc/m_axi_gmem2_AWUSER' to 0.
WARNING: [RTGEN 206-101] Setting dangling out port 'dataflow_parent_loop_proc/m_axi_gmem2_WVALID' to 0.
WARNING: [RTGEN 206-101] Setting dangling out port 'dataflow_parent_loop_proc/m_axi_gmem2_WDATA' to 0.
WARNING: [RTGEN 206-101] Setting dangling out port 'dataflow_parent_loop_proc/m_axi_gmem2_WSTRB' to 0.
WARNING: [RTGEN 206-101] Setting dangling out port 'dataflow_parent_loop_proc/m_axi_gmem2_WLAST' to 0.
WARNING: [RTGEN 206-101] Setting dangling out port 'dataflow_parent_loop_proc/m_axi_gmem2_WID' to 0.
WARNING: [RTGEN 206-101] Setting dangling out port 'dataflow_parent_loop_proc/m_axi_gmem2_WUSER' to 0.
WARNING: [RTGEN 206-101] Setting dangling out port 'dataflow_parent_loop_proc/m_axi_gmem2_BREADY' to 0.
WARNING: [RTGEN 206-101] Setting dangling out port 'dataflow_parent_loop_proc/m_axi_gmem11_ARVALID' to 0.
WARNING: [RTGEN 206-101] Setting dangling out port 'dataflow_parent_loop_proc/m_axi_gmem11_ARADDR' to 0.
WARNING: [RTGEN 206-101] Setting dangling out port 'dataflow_parent_loop_proc/m_axi_gmem11_ARID' to 0.
WARNING: [RTGEN 206-101] Setting dangling out port 'dataflow_parent_loop_proc/m_axi_gmem11_ARLEN' to 0.
WARNING: [RTGEN 206-101] Setting dangling out port 'dataflow_parent_loop_proc/m_axi_gmem11_ARSIZE' to 0.
WARNING: [RTGEN 206-101] Setting dangling out port 'dataflow_parent_loop_proc/m_axi_gmem11_ARBURST' to 0.
WARNING: [RTGEN 206-101] Setting dangling out port 'dataflow_parent_loop_proc/m_axi_gmem11_ARLOCK' to 0.
WARNING: [RTGEN 206-101] Setting dangling out port 'dataflow_parent_loop_proc/m_axi_gmem11_ARCACHE' to 0.
WARNING: [RTGEN 206-101] Setting dangling out port 'dataflow_parent_loop_proc/m_axi_gmem11_ARPROT' to 0.
WARNING: [RTGEN 206-101] Setting dangling out port 'dataflow_parent_loop_proc/m_axi_gmem11_ARQOS' to 0.
WARNING: [RTGEN 206-101] Setting dangling out port 'dataflow_parent_loop_proc/m_axi_gmem11_ARREGION' to 0.
WARNING: [RTGEN 206-101] Setting dangling out port 'dataflow_parent_loop_proc/m_axi_gmem11_ARUSER' to 0.
WARNING: [RTGEN 206-101] Setting dangling out port 'dataflow_parent_loop_proc/m_axi_gmem11_RREADY' to 0.
WARNING: [RTGEN 206-101] Setting dangling out port 'dataflow_parent_loop_proc/m_axi_gmem4_AWVALID' to 0.
WARNING: [RTGEN 206-101] Setting dangling out port 'dataflow_parent_loop_proc/m_axi_gmem4_AWADDR' to 0.
WARNING: [RTGEN 206-101] Setting dangling out port 'dataflow_parent_loop_proc/m_axi_gmem4_AWID' to 0.
WARNING: [RTGEN 206-101] Setting dangling out port 'dataflow_parent_loop_proc/m_axi_gmem4_AWLEN' to 0.
WARNING: [RTGEN 206-101] Setting dangling out port 'dataflow_parent_loop_proc/m_axi_gmem4_AWSIZE' to 0.
WARNING: [RTGEN 206-101] Setting dangling out port 'dataflow_parent_loop_proc/m_axi_gmem4_AWBURST' to 0.
WARNING: [RTGEN 206-101] Setting dangling out port 'dataflow_parent_loop_proc/m_axi_gmem4_AWLOCK' to 0.
WARNING: [RTGEN 206-101] Setting dangling out port 'dataflow_parent_loop_proc/m_axi_gmem4_AWCACHE' to 0.
WARNING: [RTGEN 206-101] Setting dangling out port 'dataflow_parent_loop_proc/m_axi_gmem4_AWPROT' to 0.
WARNING: [RTGEN 206-101] Setting dangling out port 'dataflow_parent_loop_proc/m_axi_gmem4_AWQOS' to 0.
WARNING: [RTGEN 206-101] Setting dangling out port 'dataflow_parent_loop_proc/m_axi_gmem4_AWREGION' to 0.
WARNING: [RTGEN 206-101] Setting dangling out port 'dataflow_parent_loop_proc/m_axi_gmem4_AWUSER' to 0.
WARNING: [RTGEN 206-101] Setting dangling out port 'dataflow_parent_loop_proc/m_axi_gmem4_WVALID' to 0.
WARNING: [RTGEN 206-101] Setting dangling out port 'dataflow_parent_loop_proc/m_axi_gmem4_WDATA' to 0.
WARNING: [RTGEN 206-101] Setting dangling out port 'dataflow_parent_loop_proc/m_axi_gmem4_WSTRB' to 0.
WARNING: [RTGEN 206-101] Setting dangling out port 'dataflow_parent_loop_proc/m_axi_gmem4_WLAST' to 0.
WARNING: [RTGEN 206-101] Setting dangling out port 'dataflow_parent_loop_proc/m_axi_gmem4_WID' to 0.
WARNING: [RTGEN 206-101] Setting dangling out port 'dataflow_parent_loop_proc/m_axi_gmem4_WUSER' to 0.
WARNING: [RTGEN 206-101] Setting dangling out port 'dataflow_parent_loop_proc/m_axi_gmem4_BREADY' to 0.
WARNING: [RTGEN 206-101] Setting dangling out port 'dataflow_parent_loop_proc/m_axi_gmem6_AWVALID' to 0.
WARNING: [RTGEN 206-101] Setting dangling out port 'dataflow_parent_loop_proc/m_axi_gmem6_AWADDR' to 0.
WARNING: [RTGEN 206-101] Setting dangling out port 'dataflow_parent_loop_proc/m_axi_gmem6_AWID' to 0.
WARNING: [RTGEN 206-101] Setting dangling out port 'dataflow_parent_loop_proc/m_axi_gmem6_AWLEN' to 0.
WARNING: [RTGEN 206-101] Setting dangling out port 'dataflow_parent_loop_proc/m_axi_gmem6_AWSIZE' to 0.
WARNING: [RTGEN 206-101] Setting dangling out port 'dataflow_parent_loop_proc/m_axi_gmem6_AWBURST' to 0.
WARNING: [RTGEN 206-101] Setting dangling out port 'dataflow_parent_loop_proc/m_axi_gmem6_AWLOCK' to 0.
WARNING: [RTGEN 206-101] Setting dangling out port 'dataflow_parent_loop_proc/m_axi_gmem6_AWCACHE' to 0.
WARNING: [RTGEN 206-101] Setting dangling out port 'dataflow_parent_loop_proc/m_axi_gmem6_AWPROT' to 0.
WARNING: [RTGEN 206-101] Setting dangling out port 'dataflow_parent_loop_proc/m_axi_gmem6_AWQOS' to 0.
WARNING: [RTGEN 206-101] Setting dangling out port 'dataflow_parent_loop_proc/m_axi_gmem6_AWREGION' to 0.
WARNING: [RTGEN 206-101] Setting dangling out port 'dataflow_parent_loop_proc/m_axi_gmem6_AWUSER' to 0.
WARNING: [RTGEN 206-101] Setting dangling out port 'dataflow_parent_loop_proc/m_axi_gmem6_WVALID' to 0.
WARNING: [RTGEN 206-101] Setting dangling out port 'dataflow_parent_loop_proc/m_axi_gmem6_WDATA' to 0.
WARNING: [RTGEN 206-101] Setting dangling out port 'dataflow_parent_loop_proc/m_axi_gmem6_WSTRB' to 0.
WARNING: [RTGEN 206-101] Setting dangling out port 'dataflow_parent_loop_proc/m_axi_gmem6_WLAST' to 0.
WARNING: [RTGEN 206-101] Setting dangling out port 'dataflow_parent_loop_proc/m_axi_gmem6_WID' to 0.
WARNING: [RTGEN 206-101] Setting dangling out port 'dataflow_parent_loop_proc/m_axi_gmem6_WUSER' to 0.
WARNING: [RTGEN 206-101] Setting dangling out port 'dataflow_parent_loop_proc/m_axi_gmem6_BREADY' to 0.
WARNING: [RTGEN 206-101] Setting dangling out port 'dataflow_parent_loop_proc/m_axi_gmem8_AWVALID' to 0.
WARNING: [RTGEN 206-101] Setting dangling out port 'dataflow_parent_loop_proc/m_axi_gmem8_AWADDR' to 0.
WARNING: [RTGEN 206-101] Setting dangling out port 'dataflow_parent_loop_proc/m_axi_gmem8_AWID' to 0.
WARNING: [RTGEN 206-101] Setting dangling out port 'dataflow_parent_loop_proc/m_axi_gmem8_AWLEN' to 0.
WARNING: [RTGEN 206-101] Setting dangling out port 'dataflow_parent_loop_proc/m_axi_gmem8_AWSIZE' to 0.
WARNING: [RTGEN 206-101] Setting dangling out port 'dataflow_parent_loop_proc/m_axi_gmem8_AWBURST' to 0.
WARNING: [RTGEN 206-101] Setting dangling out port 'dataflow_parent_loop_proc/m_axi_gmem8_AWLOCK' to 0.
WARNING: [RTGEN 206-101] Setting dangling out port 'dataflow_parent_loop_proc/m_axi_gmem8_AWCACHE' to 0.
WARNING: [RTGEN 206-101] Setting dangling out port 'dataflow_parent_loop_proc/m_axi_gmem8_AWPROT' to 0.
WARNING: [RTGEN 206-101] Setting dangling out port 'dataflow_parent_loop_proc/m_axi_gmem8_AWQOS' to 0.
WARNING: [RTGEN 206-101] Setting dangling out port 'dataflow_parent_loop_proc/m_axi_gmem8_AWREGION' to 0.
WARNING: [RTGEN 206-101] Setting dangling out port 'dataflow_parent_loop_proc/m_axi_gmem8_AWUSER' to 0.
WARNING: [RTGEN 206-101] Setting dangling out port 'dataflow_parent_loop_proc/m_axi_gmem8_WVALID' to 0.
WARNING: [RTGEN 206-101] Setting dangling out port 'dataflow_parent_loop_proc/m_axi_gmem8_WDATA' to 0.
WARNING: [RTGEN 206-101] Setting dangling out port 'dataflow_parent_loop_proc/m_axi_gmem8_WSTRB' to 0.
WARNING: [RTGEN 206-101] Setting dangling out port 'dataflow_parent_loop_proc/m_axi_gmem8_WLAST' to 0.
WARNING: [RTGEN 206-101] Setting dangling out port 'dataflow_parent_loop_proc/m_axi_gmem8_WID' to 0.
WARNING: [RTGEN 206-101] Setting dangling out port 'dataflow_parent_loop_proc/m_axi_gmem8_WUSER' to 0.
WARNING: [RTGEN 206-101] Setting dangling out port 'dataflow_parent_loop_proc/m_axi_gmem8_BREADY' to 0.
WARNING: [RTGEN 206-101] Setting dangling out port 'dataflow_parent_loop_proc/m_axi_gmem10_AWVALID' to 0.
WARNING: [RTGEN 206-101] Setting dangling out port 'dataflow_parent_loop_proc/m_axi_gmem10_AWADDR' to 0.
WARNING: [RTGEN 206-101] Setting dangling out port 'dataflow_parent_loop_proc/m_axi_gmem10_AWID' to 0.
WARNING: [RTGEN 206-101] Setting dangling out port 'dataflow_parent_loop_proc/m_axi_gmem10_AWLEN' to 0.
WARNING: [RTGEN 206-101] Setting dangling out port 'dataflow_parent_loop_proc/m_axi_gmem10_AWSIZE' to 0.
WARNING: [RTGEN 206-101] Setting dangling out port 'dataflow_parent_loop_proc/m_axi_gmem10_AWBURST' to 0.
WARNING: [RTGEN 206-101] Setting dangling out port 'dataflow_parent_loop_proc/m_axi_gmem10_AWLOCK' to 0.
WARNING: [RTGEN 206-101] Setting dangling out port 'dataflow_parent_loop_proc/m_axi_gmem10_AWCACHE' to 0.
WARNING: [RTGEN 206-101] Setting dangling out port 'dataflow_parent_loop_proc/m_axi_gmem10_AWPROT' to 0.
WARNING: [RTGEN 206-101] Setting dangling out port 'dataflow_parent_loop_proc/m_axi_gmem10_AWQOS' to 0.
WARNING: [RTGEN 206-101] Setting dangling out port 'dataflow_parent_loop_proc/m_axi_gmem10_AWREGION' to 0.
WARNING: [RTGEN 206-101] Setting dangling out port 'dataflow_parent_loop_proc/m_axi_gmem10_AWUSER' to 0.
WARNING: [RTGEN 206-101] Setting dangling out port 'dataflow_parent_loop_proc/m_axi_gmem10_WVALID' to 0.
WARNING: [RTGEN 206-101] Setting dangling out port 'dataflow_parent_loop_proc/m_axi_gmem10_WDATA' to 0.
WARNING: [RTGEN 206-101] Setting dangling out port 'dataflow_parent_loop_proc/m_axi_gmem10_WSTRB' to 0.
WARNING: [RTGEN 206-101] Setting dangling out port 'dataflow_parent_loop_proc/m_axi_gmem10_WLAST' to 0.
WARNING: [RTGEN 206-101] Setting dangling out port 'dataflow_parent_loop_proc/m_axi_gmem10_WID' to 0.
WARNING: [RTGEN 206-101] Setting dangling out port 'dataflow_parent_loop_proc/m_axi_gmem10_WUSER' to 0.
WARNING: [RTGEN 206-101] Setting dangling out port 'dataflow_parent_loop_proc/m_axi_gmem10_BREADY' to 0.
WARNING: [RTGEN 206-101] Setting dangling out port 'dataflow_parent_loop_proc/m_axi_gmem12_ARVALID' to 0.
WARNING: [RTGEN 206-101] Setting dangling out port 'dataflow_parent_loop_proc/m_axi_gmem12_ARADDR' to 0.
WARNING: [RTGEN 206-101] Setting dangling out port 'dataflow_parent_loop_proc/m_axi_gmem12_ARID' to 0.
WARNING: [RTGEN 206-101] Setting dangling out port 'dataflow_parent_loop_proc/m_axi_gmem12_ARLEN' to 0.
WARNING: [RTGEN 206-101] Setting dangling out port 'dataflow_parent_loop_proc/m_axi_gmem12_ARSIZE' to 0.
WARNING: [RTGEN 206-101] Setting dangling out port 'dataflow_parent_loop_proc/m_axi_gmem12_ARBURST' to 0.
WARNING: [RTGEN 206-101] Setting dangling out port 'dataflow_parent_loop_proc/m_axi_gmem12_ARLOCK' to 0.
WARNING: [RTGEN 206-101] Setting dangling out port 'dataflow_parent_loop_proc/m_axi_gmem12_ARCACHE' to 0.
WARNING: [RTGEN 206-101] Setting dangling out port 'dataflow_parent_loop_proc/m_axi_gmem12_ARPROT' to 0.
WARNING: [RTGEN 206-101] Setting dangling out port 'dataflow_parent_loop_proc/m_axi_gmem12_ARQOS' to 0.
WARNING: [RTGEN 206-101] Setting dangling out port 'dataflow_parent_loop_proc/m_axi_gmem12_ARREGION' to 0.
WARNING: [RTGEN 206-101] Setting dangling out port 'dataflow_parent_loop_proc/m_axi_gmem12_ARUSER' to 0.
WARNING: [RTGEN 206-101] Setting dangling out port 'dataflow_parent_loop_proc/m_axi_gmem12_RREADY' to 0.
INFO: [RTGEN 206-100] Finished creating RTL model for 'dataflow_parent_loop_proc'.
Command         create_rtl_model done; 0.77 sec.
INFO: [HLS 200-111] Finished Creating RTL model: CPU user time: 1 seconds. CPU system time: 0.05 seconds. Elapsed time: 1.05 seconds; current allocated memory: 611.754 MB.
Execute         source /home/simics/HMoE/HLS_HMoE/pseudo_block/run_11/project/solution1/.autopilot/db/pseudo_moe.rtl_wrap.cfg.tcl 
Execute         gen_rtl dataflow_parent_loop_proc -style xilinx -f -lang vhdl -o /home/simics/HMoE/HLS_HMoE/pseudo_block/run_11/project/solution1/syn/vhdl/pseudo_moe_dataflow_parent_loop_proc 
Execute         gen_rtl dataflow_parent_loop_proc -style xilinx -f -lang vlog -o /home/simics/HMoE/HLS_HMoE/pseudo_block/run_11/project/solution1/syn/verilog/pseudo_moe_dataflow_parent_loop_proc 
Execute         syn_report -csynth -model dataflow_parent_loop_proc -o /home/simics/HMoE/HLS_HMoE/pseudo_block/run_11/project/solution1/syn/report/dataflow_parent_loop_proc_csynth.rpt 
Execute           list_part -family xcvu13p_CIV-figd2104-3-e 
Execute             ap_family_info -name xcvu13p_CIV-figd2104-3-e -data names 
Execute             ap_part_info -quiet -name xcvu13p_CIV-figd2104-3-e -data family 
Execute         syn_report -rtlxml -model dataflow_parent_loop_proc -o /home/simics/HMoE/HLS_HMoE/pseudo_block/run_11/project/solution1/syn/report/dataflow_parent_loop_proc_csynth.xml 
Execute           list_part -family xcvu13p_CIV-figd2104-3-e 
Execute             ap_family_info -name xcvu13p_CIV-figd2104-3-e -data names 
Execute             ap_part_info -quiet -name xcvu13p_CIV-figd2104-3-e -data family 
Execute         syn_report -verbosereport -model dataflow_parent_loop_proc -o /home/simics/HMoE/HLS_HMoE/pseudo_block/run_11/project/solution1/.autopilot/db/dataflow_parent_loop_proc.verbose.rpt 
Execute           list_part -family xcvu13p_CIV-figd2104-3-e 
Execute             ap_family_info -name xcvu13p_CIV-figd2104-3-e -data names 
Execute             ap_part_info -quiet -name xcvu13p_CIV-figd2104-3-e -data family 
Execute         db_write -model dataflow_parent_loop_proc -f -o /home/simics/HMoE/HLS_HMoE/pseudo_block/run_11/project/solution1/.autopilot/db/dataflow_parent_loop_proc.adb 
Execute         db_write -model dataflow_parent_loop_proc -bindview -o /home/simics/HMoE/HLS_HMoE/pseudo_block/run_11/project/solution1/.autopilot/db/design.bindinfo.xml 
Execute         gen_tb_info dataflow_parent_loop_proc -p /home/simics/HMoE/HLS_HMoE/pseudo_block/run_11/project/solution1/.autopilot/db -o /home/simics/HMoE/HLS_HMoE/pseudo_block/run_11/project/solution1/.autopilot/db/dataflow_parent_loop_proc 
INFO: [HLS 200-10] ----------------------------------------------------------------
INFO: [HLS 200-10] -- Generating RTL for module 'pseudo_moe' 
INFO: [HLS 200-10] ----------------------------------------------------------------
Execute         create_rtl_model pseudo_moe -top_prefix  -sub_prefix pseudo_moe_ -mg_file /home/simics/HMoE/HLS_HMoE/pseudo_block/run_11/project/solution1/.autopilot/db/pseudo_moe.compgen.tcl 
WARNING: [RTGEN 206-101] Design contains AXI ports. Reset is fixed to synchronous and active low.
INFO: [RTGEN 206-500] Setting interface mode on port 'pseudo_moe/gmem0' to 'm_axi'.
INFO: [RTGEN 206-500] Setting interface mode on port 'pseudo_moe/gmem1' to 'm_axi'.
INFO: [RTGEN 206-500] Setting interface mode on port 'pseudo_moe/gmem2' to 'm_axi'.
INFO: [RTGEN 206-500] Setting interface mode on port 'pseudo_moe/gmem3' to 'm_axi'.
INFO: [RTGEN 206-500] Setting interface mode on port 'pseudo_moe/gmem4' to 'm_axi'.
INFO: [RTGEN 206-500] Setting interface mode on port 'pseudo_moe/gmem5' to 'm_axi'.
INFO: [RTGEN 206-500] Setting interface mode on port 'pseudo_moe/gmem6' to 'm_axi'.
INFO: [RTGEN 206-500] Setting interface mode on port 'pseudo_moe/gmem7' to 'm_axi'.
INFO: [RTGEN 206-500] Setting interface mode on port 'pseudo_moe/gmem8' to 'm_axi'.
INFO: [RTGEN 206-500] Setting interface mode on port 'pseudo_moe/gmem9' to 'm_axi'.
INFO: [RTGEN 206-500] Setting interface mode on port 'pseudo_moe/gmem10' to 'm_axi'.
INFO: [RTGEN 206-500] Setting interface mode on port 'pseudo_moe/gmem11' to 'm_axi'.
INFO: [RTGEN 206-500] Setting interface mode on port 'pseudo_moe/gmem12' to 'm_axi'.
INFO: [RTGEN 206-500] Setting interface mode on port 'pseudo_moe/input_r' to 's_axilite & ap_none'.
INFO: [RTGEN 206-500] Setting interface mode on port 'pseudo_moe/w_gate' to 's_axilite & ap_none'.
INFO: [RTGEN 206-500] Setting interface mode on port 'pseudo_moe/b_gate' to 's_axilite & ap_none'.
INFO: [RTGEN 206-500] Setting interface mode on port 'pseudo_moe/w0' to 's_axilite & ap_none'.
INFO: [RTGEN 206-500] Setting interface mode on port 'pseudo_moe/b0' to 's_axilite & ap_none'.
INFO: [RTGEN 206-500] Setting interface mode on port 'pseudo_moe/w1' to 's_axilite & ap_none'.
INFO: [RTGEN 206-500] Setting interface mode on port 'pseudo_moe/b1' to 's_axilite & ap_none'.
INFO: [RTGEN 206-500] Setting interface mode on port 'pseudo_moe/w2' to 's_axilite & ap_none'.
INFO: [RTGEN 206-500] Setting interface mode on port 'pseudo_moe/b2' to 's_axilite & ap_none'.
INFO: [RTGEN 206-500] Setting interface mode on port 'pseudo_moe/w3' to 's_axilite & ap_none'.
INFO: [RTGEN 206-500] Setting interface mode on port 'pseudo_moe/b3' to 's_axilite & ap_none'.
INFO: [RTGEN 206-500] Setting interface mode on port 'pseudo_moe/gates_out' to 's_axilite & ap_none'.
INFO: [RTGEN 206-500] Setting interface mode on port 'pseudo_moe/output_r' to 's_axilite & ap_none'.
INFO: [RTGEN 206-500] Setting interface mode on function 'pseudo_moe' to 's_axilite & ap_ctrl_hs'.
INFO: [RTGEN 206-100] Bundling port 'return' to AXI-Lite port control.
INFO: [RTGEN 206-100] Bundling port 'input_r', 'w_gate', 'b_gate', 'w0', 'b0', 'w1', 'b1', 'w2', 'b2', 'w3', 'b3', 'gates_out' and 'output_r' to AXI-Lite port control_r.
INFO: [RTGEN 206-100] Finished creating RTL model for 'pseudo_moe'.
INFO: [RTMG 210-278] Implementing memory 'pseudo_moe_input_local_RAM_1WNR_AUTO_1R1W' using auto RAMs.
INFO: [RTMG 210-278] Implementing memory 'pseudo_moe_w0_local_RAM_AUTO_1R1W' using auto RAMs.
Command         create_rtl_model done; 0.3 sec.
INFO: [HLS 200-111] Finished Creating RTL model: CPU user time: 0.46 seconds. CPU system time: 0.03 seconds. Elapsed time: 0.49 seconds; current allocated memory: 629.570 MB.
Execute         source /home/simics/HMoE/HLS_HMoE/pseudo_block/run_11/project/solution1/.autopilot/db/pseudo_moe.rtl_wrap.cfg.tcl 
Execute         gen_rtl pseudo_moe -istop -style xilinx -f -lang vhdl -o /home/simics/HMoE/HLS_HMoE/pseudo_block/run_11/project/solution1/syn/vhdl/pseudo_moe 
Execute         gen_rtl pseudo_moe -istop -style xilinx -f -lang vlog -o /home/simics/HMoE/HLS_HMoE/pseudo_block/run_11/project/solution1/syn/verilog/pseudo_moe 
Execute         syn_report -csynth -model pseudo_moe -o /home/simics/HMoE/HLS_HMoE/pseudo_block/run_11/project/solution1/syn/report/pseudo_moe_csynth.rpt 
Execute           list_part -family xcvu13p_CIV-figd2104-3-e 
Execute             ap_family_info -name xcvu13p_CIV-figd2104-3-e -data names 
Execute             ap_part_info -quiet -name xcvu13p_CIV-figd2104-3-e -data family 
Execute         syn_report -rtlxml -model pseudo_moe -o /home/simics/HMoE/HLS_HMoE/pseudo_block/run_11/project/solution1/syn/report/pseudo_moe_csynth.xml 
Execute           list_part -family xcvu13p_CIV-figd2104-3-e 
Execute             ap_family_info -name xcvu13p_CIV-figd2104-3-e -data names 
Execute             ap_part_info -quiet -name xcvu13p_CIV-figd2104-3-e -data family 
Execute         syn_report -verbosereport -model pseudo_moe -o /home/simics/HMoE/HLS_HMoE/pseudo_block/run_11/project/solution1/.autopilot/db/pseudo_moe.verbose.rpt 
Execute           list_part -family xcvu13p_CIV-figd2104-3-e 
Execute             ap_family_info -name xcvu13p_CIV-figd2104-3-e -data names 
Execute             ap_part_info -quiet -name xcvu13p_CIV-figd2104-3-e -data family 
Execute         db_write -model pseudo_moe -f -o /home/simics/HMoE/HLS_HMoE/pseudo_block/run_11/project/solution1/.autopilot/db/pseudo_moe.adb 
Execute         db_write -model pseudo_moe -bindview -o /home/simics/HMoE/HLS_HMoE/pseudo_block/run_11/project/solution1/.autopilot/db/design.bindinfo.xml 
Execute         gen_tb_info pseudo_moe -p /home/simics/HMoE/HLS_HMoE/pseudo_block/run_11/project/solution1/.autopilot/db -o /home/simics/HMoE/HLS_HMoE/pseudo_block/run_11/project/solution1/.autopilot/db/pseudo_moe 
Execute         export_constraint_db -f -tool general -o /home/simics/HMoE/HLS_HMoE/pseudo_block/run_11/project/solution1/.autopilot/db/pseudo_moe.constraint.tcl 
Execute         syn_report -designview -model pseudo_moe -o /home/simics/HMoE/HLS_HMoE/pseudo_block/run_11/project/solution1/.autopilot/db/pseudo_moe.design.xml 
Command         syn_report done; 0.15 sec.
Execute         syn_report -csynthDesign -model pseudo_moe -o /home/simics/HMoE/HLS_HMoE/pseudo_block/run_11/project/solution1/syn/report/csynth.rpt -MHOut /home/simics/HMoE/HLS_HMoE/pseudo_block/run_11/project/solution1/.autopilot/db/kernel_module_hierarchy.tcl 
Execute           list_part -family xcvu13p_CIV-figd2104-3-e 
Execute             ap_family_info -name xcvu13p_CIV-figd2104-3-e -data names 
Execute             ap_part_info -quiet -name xcvu13p_CIV-figd2104-3-e -data family 
Execute         syn_report -wcfg -model pseudo_moe -o /home/simics/HMoE/HLS_HMoE/pseudo_block/run_11/project/solution1/.autopilot/db/pseudo_moe_dataflow_ana.wcfg 
Execute         syn_report -protoinst -model pseudo_moe -o /home/simics/HMoE/HLS_HMoE/pseudo_block/run_11/project/solution1/.autopilot/db/pseudo_moe.protoinst 
Execute         sc_get_clocks pseudo_moe 
Execute         sc_get_portdomain pseudo_moe 
INFO-FLOW: Model list for RTL component generation: pseudo_moe_Pipeline_VITIS_LOOP_128_1_VITIS_LOOP_129_2 pseudo_moe_Pipeline_VITIS_LOOP_138_3 entry_proc dataflow_in_loop_VITIS_LOOP_149_4.1_Loop_VITIS_LOOP_158_5_proc4_Pipeline_VITIS_L dataflow_in_loop_VITIS_LOOP_149_4.1_Loop_VITIS_LOOP_158_5_proc4 dataflow_in_loop_VITIS_LOOP_149_4.1_Loop_VITIS_LOOP_175_7_proc5 dataflow_in_loop_VITIS_LOOP_149_4.1_Loop_VITIS_LOOP_181_8_proc6 dataflow_in_loop_VITIS_LOOP_149_4.1_Loop_VITIS_LOOP_201_9_proc7 compute_expert<0>8 compute_expert<1>9 compute_expert<2>10 compute_expert<3>11 combine_experts12_Pipeline_VITIS_LOOP_64_1 combine_experts12 dataflow_in_loop_VITIS_LOOP_149_4.1_Loop_VITIS_LOOP_238_10_proc13 dataflow_in_loop_VITIS_LOOP_149_4.1 dataflow_parent_loop_proc pseudo_moe
INFO-FLOW: Handling components in module [pseudo_moe_Pipeline_VITIS_LOOP_128_1_VITIS_LOOP_129_2] ... 
Execute         source /home/simics/HMoE/HLS_HMoE/pseudo_block/run_11/project/solution1/.autopilot/db/pseudo_moe_Pipeline_VITIS_LOOP_128_1_VITIS_LOOP_129_2.compgen.tcl 
INFO-FLOW: Found component pseudo_moe_flow_control_loop_pipe_sequential_init.
INFO-FLOW: Append model pseudo_moe_flow_control_loop_pipe_sequential_init
INFO-FLOW: Handling components in module [pseudo_moe_Pipeline_VITIS_LOOP_138_3] ... 
Execute         source /home/simics/HMoE/HLS_HMoE/pseudo_block/run_11/project/solution1/.autopilot/db/pseudo_moe_Pipeline_VITIS_LOOP_138_3.compgen.tcl 
INFO-FLOW: Found component pseudo_moe_flow_control_loop_pipe_sequential_init.
INFO-FLOW: Append model pseudo_moe_flow_control_loop_pipe_sequential_init
INFO-FLOW: Handling components in module [entry_proc] ... 
Execute         source /home/simics/HMoE/HLS_HMoE/pseudo_block/run_11/project/solution1/.autopilot/db/entry_proc.compgen.tcl 
INFO-FLOW: Handling components in module [dataflow_in_loop_VITIS_LOOP_149_4_1_Loop_VITIS_LOOP_158_5_proc4_Pipeline_VITIS_L] ... 
Execute         source /home/simics/HMoE/HLS_HMoE/pseudo_block/run_11/project/solution1/.autopilot/db/dataflow_in_loop_VITIS_LOOP_149_4_1_Loop_VITIS_LOOP_158_5_proc4_Pipeline_VITIS_L.compgen.tcl 
INFO-FLOW: Found component pseudo_moe_fadd_32ns_32ns_32_2_full_dsp_1.
INFO-FLOW: Append model pseudo_moe_fadd_32ns_32ns_32_2_full_dsp_1
INFO-FLOW: Found component pseudo_moe_fmul_32ns_32ns_32_2_max_dsp_1.
INFO-FLOW: Append model pseudo_moe_fmul_32ns_32ns_32_2_max_dsp_1
INFO-FLOW: Found component pseudo_moe_fcmp_32ns_32ns_1_1_no_dsp_1.
INFO-FLOW: Append model pseudo_moe_fcmp_32ns_32ns_1_1_no_dsp_1
INFO-FLOW: Found component pseudo_moe_flow_control_loop_pipe_sequential_init.
INFO-FLOW: Append model pseudo_moe_flow_control_loop_pipe_sequential_init
INFO-FLOW: Handling components in module [dataflow_in_loop_VITIS_LOOP_149_4_1_Loop_VITIS_LOOP_158_5_proc4] ... 
Execute         source /home/simics/HMoE/HLS_HMoE/pseudo_block/run_11/project/solution1/.autopilot/db/dataflow_in_loop_VITIS_LOOP_149_4_1_Loop_VITIS_LOOP_158_5_proc4.compgen.tcl 
INFO-FLOW: Handling components in module [dataflow_in_loop_VITIS_LOOP_149_4_1_Loop_VITIS_LOOP_175_7_proc5] ... 
Execute         source /home/simics/HMoE/HLS_HMoE/pseudo_block/run_11/project/solution1/.autopilot/db/dataflow_in_loop_VITIS_LOOP_149_4_1_Loop_VITIS_LOOP_175_7_proc5.compgen.tcl 
INFO-FLOW: Found component pseudo_moe_fsub_32ns_32ns_32_2_full_dsp_1.
INFO-FLOW: Append model pseudo_moe_fsub_32ns_32ns_32_2_full_dsp_1
INFO-FLOW: Found component pseudo_moe_fexp_32ns_32ns_32_4_full_dsp_1.
INFO-FLOW: Append model pseudo_moe_fexp_32ns_32ns_32_4_full_dsp_1
INFO-FLOW: Found component pseudo_moe_flow_control_loop_pipe.
INFO-FLOW: Append model pseudo_moe_flow_control_loop_pipe
INFO-FLOW: Handling components in module [dataflow_in_loop_VITIS_LOOP_149_4_1_Loop_VITIS_LOOP_181_8_proc6] ... 
Execute         source /home/simics/HMoE/HLS_HMoE/pseudo_block/run_11/project/solution1/.autopilot/db/dataflow_in_loop_VITIS_LOOP_149_4_1_Loop_VITIS_LOOP_181_8_proc6.compgen.tcl 
INFO-FLOW: Found component pseudo_moe_fdiv_32ns_32ns_32_6_no_dsp_1.
INFO-FLOW: Append model pseudo_moe_fdiv_32ns_32ns_32_6_no_dsp_1
INFO-FLOW: Found component pseudo_moe_flow_control_loop_delay_pipe.
INFO-FLOW: Append model pseudo_moe_flow_control_loop_delay_pipe
INFO-FLOW: Handling components in module [dataflow_in_loop_VITIS_LOOP_149_4_1_Loop_VITIS_LOOP_201_9_proc7] ... 
Execute         source /home/simics/HMoE/HLS_HMoE/pseudo_block/run_11/project/solution1/.autopilot/db/dataflow_in_loop_VITIS_LOOP_149_4_1_Loop_VITIS_LOOP_201_9_proc7.compgen.tcl 
INFO-FLOW: Found component pseudo_moe_sparsemux_33_4_32_1_1.
INFO-FLOW: Append model pseudo_moe_sparsemux_33_4_32_1_1
INFO-FLOW: Found component pseudo_moe_flow_control_loop_pipe.
INFO-FLOW: Append model pseudo_moe_flow_control_loop_pipe
INFO-FLOW: Handling components in module [compute_expert_0_8] ... 
Execute         source /home/simics/HMoE/HLS_HMoE/pseudo_block/run_11/project/solution1/.autopilot/db/compute_expert_0_8.compgen.tcl 
INFO-FLOW: Found component pseudo_moe_flow_control_loop_delay_pipe.
INFO-FLOW: Append model pseudo_moe_flow_control_loop_delay_pipe
INFO-FLOW: Handling components in module [compute_expert_1_9] ... 
Execute         source /home/simics/HMoE/HLS_HMoE/pseudo_block/run_11/project/solution1/.autopilot/db/compute_expert_1_9.compgen.tcl 
INFO-FLOW: Found component pseudo_moe_flow_control_loop_delay_pipe.
INFO-FLOW: Append model pseudo_moe_flow_control_loop_delay_pipe
INFO-FLOW: Handling components in module [compute_expert_2_10] ... 
Execute         source /home/simics/HMoE/HLS_HMoE/pseudo_block/run_11/project/solution1/.autopilot/db/compute_expert_2_10.compgen.tcl 
INFO-FLOW: Found component pseudo_moe_flow_control_loop_delay_pipe.
INFO-FLOW: Append model pseudo_moe_flow_control_loop_delay_pipe
INFO-FLOW: Handling components in module [compute_expert_3_11] ... 
Execute         source /home/simics/HMoE/HLS_HMoE/pseudo_block/run_11/project/solution1/.autopilot/db/compute_expert_3_11.compgen.tcl 
INFO-FLOW: Found component pseudo_moe_flow_control_loop_delay_pipe.
INFO-FLOW: Append model pseudo_moe_flow_control_loop_delay_pipe
INFO-FLOW: Handling components in module [combine_experts12_Pipeline_VITIS_LOOP_64_1] ... 
Execute         source /home/simics/HMoE/HLS_HMoE/pseudo_block/run_11/project/solution1/.autopilot/db/combine_experts12_Pipeline_VITIS_LOOP_64_1.compgen.tcl 
INFO-FLOW: Found component pseudo_moe_flow_control_loop_pipe_sequential_init.
INFO-FLOW: Append model pseudo_moe_flow_control_loop_pipe_sequential_init
INFO-FLOW: Handling components in module [combine_experts12] ... 
Execute         source /home/simics/HMoE/HLS_HMoE/pseudo_block/run_11/project/solution1/.autopilot/db/combine_experts12.compgen.tcl 
INFO-FLOW: Handling components in module [dataflow_in_loop_VITIS_LOOP_149_4_1_Loop_VITIS_LOOP_238_10_proc13] ... 
Execute         source /home/simics/HMoE/HLS_HMoE/pseudo_block/run_11/project/solution1/.autopilot/db/dataflow_in_loop_VITIS_LOOP_149_4_1_Loop_VITIS_LOOP_238_10_proc13.compgen.tcl 
INFO-FLOW: Found component pseudo_moe_flow_control_loop_pipe.
INFO-FLOW: Append model pseudo_moe_flow_control_loop_pipe
INFO-FLOW: Handling components in module [dataflow_in_loop_VITIS_LOOP_149_4_1] ... 
Execute         source /home/simics/HMoE/HLS_HMoE/pseudo_block/run_11/project/solution1/.autopilot/db/dataflow_in_loop_VITIS_LOOP_149_4_1.compgen.tcl 
INFO-FLOW: Found component pseudo_moe_dataflow_in_loop_VITIS_LOOP_149_4_1_combined_result_RAM_AUTO_1R1W_memcore.
INFO-FLOW: Append model pseudo_moe_dataflow_in_loop_VITIS_LOOP_149_4_1_combined_result_RAM_AUTO_1R1W_memcore
INFO-FLOW: Found component pseudo_moe_dataflow_in_loop_VITIS_LOOP_149_4_1_combined_result_RAM_AUTO_1R1W.
INFO-FLOW: Append model pseudo_moe_dataflow_in_loop_VITIS_LOOP_149_4_1_combined_result_RAM_AUTO_1R1W
INFO-FLOW: Found component pseudo_moe_dataflow_in_loop_VITIS_LOOP_149_4_1_x3_RAM_AUTO_1R1W_memcore.
INFO-FLOW: Append model pseudo_moe_dataflow_in_loop_VITIS_LOOP_149_4_1_x3_RAM_AUTO_1R1W_memcore
INFO-FLOW: Found component pseudo_moe_dataflow_in_loop_VITIS_LOOP_149_4_1_x3_RAM_AUTO_1R1W.
INFO-FLOW: Append model pseudo_moe_dataflow_in_loop_VITIS_LOOP_149_4_1_x3_RAM_AUTO_1R1W
INFO-FLOW: Found component pseudo_moe_dataflow_in_loop_VITIS_LOOP_149_4_1_gates_RAM_AUTO_1R1W_memcore.
INFO-FLOW: Append model pseudo_moe_dataflow_in_loop_VITIS_LOOP_149_4_1_gates_RAM_AUTO_1R1W_memcore
INFO-FLOW: Found component pseudo_moe_dataflow_in_loop_VITIS_LOOP_149_4_1_gates_RAM_AUTO_1R1W.
INFO-FLOW: Append model pseudo_moe_dataflow_in_loop_VITIS_LOOP_149_4_1_gates_RAM_AUTO_1R1W
INFO-FLOW: Found component pseudo_moe_fifo_w64_d4_S.
INFO-FLOW: Append model pseudo_moe_fifo_w64_d4_S
INFO-FLOW: Found component pseudo_moe_fifo_w64_d6_S.
INFO-FLOW: Append model pseudo_moe_fifo_w64_d6_S
INFO-FLOW: Found component pseudo_moe_fifo_w32_d4_S.
INFO-FLOW: Append model pseudo_moe_fifo_w32_d4_S
INFO-FLOW: Found component pseudo_moe_fifo_w4_d3_S.
INFO-FLOW: Append model pseudo_moe_fifo_w4_d3_S
INFO-FLOW: Found component pseudo_moe_fifo_w32_d2_S.
INFO-FLOW: Append model pseudo_moe_fifo_w32_d2_S
INFO-FLOW: Found component pseudo_moe_fifo_w32_d4_S.
INFO-FLOW: Append model pseudo_moe_fifo_w32_d4_S
INFO-FLOW: Found component pseudo_moe_fifo_w32_d2_S.
INFO-FLOW: Append model pseudo_moe_fifo_w32_d2_S
INFO-FLOW: Found component pseudo_moe_fifo_w4_d3_S.
INFO-FLOW: Append model pseudo_moe_fifo_w4_d3_S
INFO-FLOW: Handling components in module [dataflow_parent_loop_proc] ... 
Execute         source /home/simics/HMoE/HLS_HMoE/pseudo_block/run_11/project/solution1/.autopilot/db/dataflow_parent_loop_proc.compgen.tcl 
INFO-FLOW: Handling components in module [pseudo_moe] ... 
Execute         source /home/simics/HMoE/HLS_HMoE/pseudo_block/run_11/project/solution1/.autopilot/db/pseudo_moe.compgen.tcl 
INFO-FLOW: Found component pseudo_moe_input_local_RAM_1WNR_AUTO_1R1W.
INFO-FLOW: Append model pseudo_moe_input_local_RAM_1WNR_AUTO_1R1W
INFO-FLOW: Found component pseudo_moe_w0_local_RAM_AUTO_1R1W.
INFO-FLOW: Append model pseudo_moe_w0_local_RAM_AUTO_1R1W
INFO-FLOW: Found component pseudo_moe_gmem0_m_axi.
INFO-FLOW: Append model pseudo_moe_gmem0_m_axi
INFO-FLOW: Found component pseudo_moe_gmem1_m_axi.
INFO-FLOW: Append model pseudo_moe_gmem1_m_axi
INFO-FLOW: Found component pseudo_moe_gmem2_m_axi.
INFO-FLOW: Append model pseudo_moe_gmem2_m_axi
INFO-FLOW: Found component pseudo_moe_gmem3_m_axi.
INFO-FLOW: Append model pseudo_moe_gmem3_m_axi
INFO-FLOW: Found component pseudo_moe_gmem4_m_axi.
INFO-FLOW: Append model pseudo_moe_gmem4_m_axi
INFO-FLOW: Found component pseudo_moe_gmem5_m_axi.
INFO-FLOW: Append model pseudo_moe_gmem5_m_axi
INFO-FLOW: Found component pseudo_moe_gmem6_m_axi.
INFO-FLOW: Append model pseudo_moe_gmem6_m_axi
INFO-FLOW: Found component pseudo_moe_gmem7_m_axi.
INFO-FLOW: Append model pseudo_moe_gmem7_m_axi
INFO-FLOW: Found component pseudo_moe_gmem8_m_axi.
INFO-FLOW: Append model pseudo_moe_gmem8_m_axi
INFO-FLOW: Found component pseudo_moe_gmem9_m_axi.
INFO-FLOW: Append model pseudo_moe_gmem9_m_axi
INFO-FLOW: Found component pseudo_moe_gmem10_m_axi.
INFO-FLOW: Append model pseudo_moe_gmem10_m_axi
INFO-FLOW: Found component pseudo_moe_gmem11_m_axi.
INFO-FLOW: Append model pseudo_moe_gmem11_m_axi
INFO-FLOW: Found component pseudo_moe_gmem12_m_axi.
INFO-FLOW: Append model pseudo_moe_gmem12_m_axi
INFO-FLOW: Found component pseudo_moe_control_s_axi.
INFO-FLOW: Append model pseudo_moe_control_s_axi
INFO-FLOW: Found component pseudo_moe_control_r_s_axi.
INFO-FLOW: Append model pseudo_moe_control_r_s_axi
INFO-FLOW: Append model pseudo_moe_Pipeline_VITIS_LOOP_128_1_VITIS_LOOP_129_2
INFO-FLOW: Append model pseudo_moe_Pipeline_VITIS_LOOP_138_3
INFO-FLOW: Append model entry_proc
INFO-FLOW: Append model dataflow_in_loop_VITIS_LOOP_149_4_1_Loop_VITIS_LOOP_158_5_proc4_Pipeline_VITIS_L
INFO-FLOW: Append model dataflow_in_loop_VITIS_LOOP_149_4_1_Loop_VITIS_LOOP_158_5_proc4
INFO-FLOW: Append model dataflow_in_loop_VITIS_LOOP_149_4_1_Loop_VITIS_LOOP_175_7_proc5
INFO-FLOW: Append model dataflow_in_loop_VITIS_LOOP_149_4_1_Loop_VITIS_LOOP_181_8_proc6
INFO-FLOW: Append model dataflow_in_loop_VITIS_LOOP_149_4_1_Loop_VITIS_LOOP_201_9_proc7
INFO-FLOW: Append model compute_expert_0_8
INFO-FLOW: Append model compute_expert_1_9
INFO-FLOW: Append model compute_expert_2_10
INFO-FLOW: Append model compute_expert_3_11
INFO-FLOW: Append model combine_experts12_Pipeline_VITIS_LOOP_64_1
INFO-FLOW: Append model combine_experts12
INFO-FLOW: Append model dataflow_in_loop_VITIS_LOOP_149_4_1_Loop_VITIS_LOOP_238_10_proc13
INFO-FLOW: Append model dataflow_in_loop_VITIS_LOOP_149_4_1
INFO-FLOW: Append model dataflow_parent_loop_proc
INFO-FLOW: Append model pseudo_moe
INFO-FLOW: Generating RTL model list ...
INFO-FLOW: All models in this session: pseudo_moe_flow_control_loop_pipe_sequential_init pseudo_moe_flow_control_loop_pipe_sequential_init pseudo_moe_fadd_32ns_32ns_32_2_full_dsp_1 pseudo_moe_fmul_32ns_32ns_32_2_max_dsp_1 pseudo_moe_fcmp_32ns_32ns_1_1_no_dsp_1 pseudo_moe_flow_control_loop_pipe_sequential_init pseudo_moe_fsub_32ns_32ns_32_2_full_dsp_1 pseudo_moe_fexp_32ns_32ns_32_4_full_dsp_1 pseudo_moe_flow_control_loop_pipe pseudo_moe_fdiv_32ns_32ns_32_6_no_dsp_1 pseudo_moe_flow_control_loop_delay_pipe pseudo_moe_sparsemux_33_4_32_1_1 pseudo_moe_flow_control_loop_pipe pseudo_moe_flow_control_loop_delay_pipe pseudo_moe_flow_control_loop_delay_pipe pseudo_moe_flow_control_loop_delay_pipe pseudo_moe_flow_control_loop_delay_pipe pseudo_moe_flow_control_loop_pipe_sequential_init pseudo_moe_flow_control_loop_pipe pseudo_moe_dataflow_in_loop_VITIS_LOOP_149_4_1_combined_result_RAM_AUTO_1R1W_memcore pseudo_moe_dataflow_in_loop_VITIS_LOOP_149_4_1_combined_result_RAM_AUTO_1R1W pseudo_moe_dataflow_in_loop_VITIS_LOOP_149_4_1_x3_RAM_AUTO_1R1W_memcore pseudo_moe_dataflow_in_loop_VITIS_LOOP_149_4_1_x3_RAM_AUTO_1R1W pseudo_moe_dataflow_in_loop_VITIS_LOOP_149_4_1_gates_RAM_AUTO_1R1W_memcore pseudo_moe_dataflow_in_loop_VITIS_LOOP_149_4_1_gates_RAM_AUTO_1R1W pseudo_moe_fifo_w64_d4_S pseudo_moe_fifo_w64_d6_S pseudo_moe_fifo_w32_d4_S pseudo_moe_fifo_w4_d3_S pseudo_moe_fifo_w32_d2_S pseudo_moe_fifo_w32_d4_S pseudo_moe_fifo_w32_d2_S pseudo_moe_fifo_w4_d3_S pseudo_moe_input_local_RAM_1WNR_AUTO_1R1W pseudo_moe_w0_local_RAM_AUTO_1R1W pseudo_moe_gmem0_m_axi pseudo_moe_gmem1_m_axi pseudo_moe_gmem2_m_axi pseudo_moe_gmem3_m_axi pseudo_moe_gmem4_m_axi pseudo_moe_gmem5_m_axi pseudo_moe_gmem6_m_axi pseudo_moe_gmem7_m_axi pseudo_moe_gmem8_m_axi pseudo_moe_gmem9_m_axi pseudo_moe_gmem10_m_axi pseudo_moe_gmem11_m_axi pseudo_moe_gmem12_m_axi pseudo_moe_control_s_axi pseudo_moe_control_r_s_axi pseudo_moe_Pipeline_VITIS_LOOP_128_1_VITIS_LOOP_129_2 pseudo_moe_Pipeline_VITIS_LOOP_138_3 entry_proc dataflow_in_loop_VITIS_LOOP_149_4_1_Loop_VITIS_LOOP_158_5_proc4_Pipeline_VITIS_L dataflow_in_loop_VITIS_LOOP_149_4_1_Loop_VITIS_LOOP_158_5_proc4 dataflow_in_loop_VITIS_LOOP_149_4_1_Loop_VITIS_LOOP_175_7_proc5 dataflow_in_loop_VITIS_LOOP_149_4_1_Loop_VITIS_LOOP_181_8_proc6 dataflow_in_loop_VITIS_LOOP_149_4_1_Loop_VITIS_LOOP_201_9_proc7 compute_expert_0_8 compute_expert_1_9 compute_expert_2_10 compute_expert_3_11 combine_experts12_Pipeline_VITIS_LOOP_64_1 combine_experts12 dataflow_in_loop_VITIS_LOOP_149_4_1_Loop_VITIS_LOOP_238_10_proc13 dataflow_in_loop_VITIS_LOOP_149_4_1 dataflow_parent_loop_proc pseudo_moe
INFO-FLOW: Generating /home/simics/HMoE/HLS_HMoE/pseudo_block/run_11/project/solution1/.autopilot/db/autopilot.rtl.models.txt file...
INFO-FLOW: To file: write model pseudo_moe_flow_control_loop_pipe_sequential_init
INFO-FLOW: To file: write model pseudo_moe_flow_control_loop_pipe_sequential_init
INFO-FLOW: To file: write model pseudo_moe_fadd_32ns_32ns_32_2_full_dsp_1
INFO-FLOW: To file: write model pseudo_moe_fmul_32ns_32ns_32_2_max_dsp_1
INFO-FLOW: To file: write model pseudo_moe_fcmp_32ns_32ns_1_1_no_dsp_1
INFO-FLOW: To file: write model pseudo_moe_flow_control_loop_pipe_sequential_init
INFO-FLOW: To file: write model pseudo_moe_fsub_32ns_32ns_32_2_full_dsp_1
INFO-FLOW: To file: write model pseudo_moe_fexp_32ns_32ns_32_4_full_dsp_1
INFO-FLOW: To file: write model pseudo_moe_flow_control_loop_pipe
INFO-FLOW: To file: write model pseudo_moe_fdiv_32ns_32ns_32_6_no_dsp_1
INFO-FLOW: To file: write model pseudo_moe_flow_control_loop_delay_pipe
INFO-FLOW: To file: write model pseudo_moe_sparsemux_33_4_32_1_1
INFO-FLOW: To file: write model pseudo_moe_flow_control_loop_pipe
INFO-FLOW: To file: write model pseudo_moe_flow_control_loop_delay_pipe
INFO-FLOW: To file: write model pseudo_moe_flow_control_loop_delay_pipe
INFO-FLOW: To file: write model pseudo_moe_flow_control_loop_delay_pipe
INFO-FLOW: To file: write model pseudo_moe_flow_control_loop_delay_pipe
INFO-FLOW: To file: write model pseudo_moe_flow_control_loop_pipe_sequential_init
INFO-FLOW: To file: write model pseudo_moe_flow_control_loop_pipe
INFO-FLOW: To file: write model pseudo_moe_dataflow_in_loop_VITIS_LOOP_149_4_1_combined_result_RAM_AUTO_1R1W_memcore
INFO-FLOW: To file: write model pseudo_moe_dataflow_in_loop_VITIS_LOOP_149_4_1_combined_result_RAM_AUTO_1R1W
INFO-FLOW: To file: write model pseudo_moe_dataflow_in_loop_VITIS_LOOP_149_4_1_x3_RAM_AUTO_1R1W_memcore
INFO-FLOW: To file: write model pseudo_moe_dataflow_in_loop_VITIS_LOOP_149_4_1_x3_RAM_AUTO_1R1W
INFO-FLOW: To file: write model pseudo_moe_dataflow_in_loop_VITIS_LOOP_149_4_1_gates_RAM_AUTO_1R1W_memcore
INFO-FLOW: To file: write model pseudo_moe_dataflow_in_loop_VITIS_LOOP_149_4_1_gates_RAM_AUTO_1R1W
INFO-FLOW: To file: write model pseudo_moe_fifo_w64_d4_S
INFO-FLOW: To file: write model pseudo_moe_fifo_w64_d6_S
INFO-FLOW: To file: write model pseudo_moe_fifo_w32_d4_S
INFO-FLOW: To file: write model pseudo_moe_fifo_w4_d3_S
INFO-FLOW: To file: write model pseudo_moe_fifo_w32_d2_S
INFO-FLOW: To file: write model pseudo_moe_fifo_w32_d4_S
INFO-FLOW: To file: write model pseudo_moe_fifo_w32_d2_S
INFO-FLOW: To file: write model pseudo_moe_fifo_w4_d3_S
INFO-FLOW: To file: write model pseudo_moe_input_local_RAM_1WNR_AUTO_1R1W
INFO-FLOW: To file: write model pseudo_moe_w0_local_RAM_AUTO_1R1W
INFO-FLOW: To file: write model pseudo_moe_gmem0_m_axi
INFO-FLOW: To file: write model pseudo_moe_gmem1_m_axi
INFO-FLOW: To file: write model pseudo_moe_gmem2_m_axi
INFO-FLOW: To file: write model pseudo_moe_gmem3_m_axi
INFO-FLOW: To file: write model pseudo_moe_gmem4_m_axi
INFO-FLOW: To file: write model pseudo_moe_gmem5_m_axi
INFO-FLOW: To file: write model pseudo_moe_gmem6_m_axi
INFO-FLOW: To file: write model pseudo_moe_gmem7_m_axi
INFO-FLOW: To file: write model pseudo_moe_gmem8_m_axi
INFO-FLOW: To file: write model pseudo_moe_gmem9_m_axi
INFO-FLOW: To file: write model pseudo_moe_gmem10_m_axi
INFO-FLOW: To file: write model pseudo_moe_gmem11_m_axi
INFO-FLOW: To file: write model pseudo_moe_gmem12_m_axi
INFO-FLOW: To file: write model pseudo_moe_control_s_axi
INFO-FLOW: To file: write model pseudo_moe_control_r_s_axi
INFO-FLOW: To file: write model pseudo_moe_Pipeline_VITIS_LOOP_128_1_VITIS_LOOP_129_2
INFO-FLOW: To file: write model pseudo_moe_Pipeline_VITIS_LOOP_138_3
INFO-FLOW: To file: write model entry_proc
INFO-FLOW: To file: write model dataflow_in_loop_VITIS_LOOP_149_4_1_Loop_VITIS_LOOP_158_5_proc4_Pipeline_VITIS_L
INFO-FLOW: To file: write model dataflow_in_loop_VITIS_LOOP_149_4_1_Loop_VITIS_LOOP_158_5_proc4
INFO-FLOW: To file: write model dataflow_in_loop_VITIS_LOOP_149_4_1_Loop_VITIS_LOOP_175_7_proc5
INFO-FLOW: To file: write model dataflow_in_loop_VITIS_LOOP_149_4_1_Loop_VITIS_LOOP_181_8_proc6
INFO-FLOW: To file: write model dataflow_in_loop_VITIS_LOOP_149_4_1_Loop_VITIS_LOOP_201_9_proc7
INFO-FLOW: To file: write model compute_expert_0_8
INFO-FLOW: To file: write model compute_expert_1_9
INFO-FLOW: To file: write model compute_expert_2_10
INFO-FLOW: To file: write model compute_expert_3_11
INFO-FLOW: To file: write model combine_experts12_Pipeline_VITIS_LOOP_64_1
INFO-FLOW: To file: write model combine_experts12
INFO-FLOW: To file: write model dataflow_in_loop_VITIS_LOOP_149_4_1_Loop_VITIS_LOOP_238_10_proc13
INFO-FLOW: To file: write model dataflow_in_loop_VITIS_LOOP_149_4_1
INFO-FLOW: To file: write model dataflow_parent_loop_proc
INFO-FLOW: To file: write model pseudo_moe
INFO-FLOW: Generating /home/simics/HMoE/HLS_HMoE/pseudo_block/run_11/project/solution1/.autopilot/db/autopilot.rtl.models.tcl file...
INFO-FLOW: Finished generating RTL model list.


INFO-FLOW: RTL Generation done.
INFO-FLOW: CAS Generation done.
INFO-FLOW: CBC Generation done.
INFO-FLOW: DBG:PROC: ::AESL_AUTOMG::auto_generate_csynth_design
INFO-FLOW: DBG:PUTS: read_platform_lib /home/simics/HMoE/HLS_HMoE/pseudo_block/run_11/project/solution1/.autopilot/db/global.setting.tcl
Execute         source /home/simics/HMoE/Vitis_HLS/2023.2/common/technology/generic/autopilot/common.gen 
Execute           source /home/simics/HMoE/Vitis_HLS/2023.2/common/technology/generic/autopilot/APCoreGen.gen 
Execute         source /home/simics/HMoE/Vitis_HLS/2023.2/common/technology/generic/autopilot/op.gen 
Execute         source /home/simics/HMoE/Vitis_HLS/2023.2/common/technology/generic/autopilot/op_simcore.gen 
Execute         source /home/simics/HMoE/Vitis_HLS/2023.2/common/technology/generic/autopilot/interface.gen 
Execute         source /home/simics/HMoE/HLS_HMoE/pseudo_block/run_11/project/solution1/.autopilot/db/global.setting.tcl 
Execute         source /home/simics/HMoE/Vitis_HLS/2023.2/common/technology/xilinx/common/xilinx.gen 
Execute           source /home/simics/HMoE/Vitis_HLS/2023.2/common/technology/xilinx/interface/plb46.gen 
Execute           source /home/simics/HMoE/Vitis_HLS/2023.2/common/technology/xilinx/interface/axi4.gen 
Execute           source /home/simics/HMoE/Vitis_HLS/2023.2/common/technology/xilinx/interface/nativeAXI4.gen 
Execute             source /home/simics/HMoE/Vitis_HLS/2023.2/common/technology/xilinx/interface/saxilite.gen 
Execute           source /home/simics/HMoE/Vitis_HLS/2023.2/common/technology/xilinx/scripts/xilinxcoregen.gen 
Execute           source /home/simics/HMoE/Vitis_HLS/2023.2/common/technology/xilinx/interface/XilEDKCoreGen.gen 
Execute           source /home/simics/HMoE/Vitis_HLS/2023.2/common/technology/xilinx/ip/util.gen 
Execute           source /home/simics/HMoE/Vitis_HLS/2023.2/common/technology/xilinx/ip/dds_compiler.gen 
Execute           source /home/simics/HMoE/Vitis_HLS/2023.2/common/technology/xilinx/ip/xfft.gen 
Execute           source /home/simics/HMoE/Vitis_HLS/2023.2/common/technology/xilinx/ip/xfir.gen 
Execute           source /home/simics/HMoE/Vitis_HLS/2023.2/common/technology/xilinx/DSP48/dsp48.gen 
INFO-FLOW: DBG:PUTS:   using AESL_AUTOCG::g_clock_period=10.000 (was NA)
INFO-FLOW: DBG:PROC: ::AESL_AUTOMG::generate_ip_cores gen_sim_model='1' gen_fp_models='0' gen_for_export='0' dstSCDir='' dstVhdlDir='/home/simics/HMoE/HLS_HMoE/pseudo_block/run_11/project/solution1/.autopilot/db/vhdl' dstVlogDir='/home/simics/HMoE/HLS_HMoE/pseudo_block/run_11/project/solution1/.autopilot/db/vlog' tclDir='/home/simics/HMoE/HLS_HMoE/pseudo_block/run_11/project/solution1/.autopilot/db' modelList='pseudo_moe_flow_control_loop_pipe_sequential_init
pseudo_moe_flow_control_loop_pipe_sequential_init
pseudo_moe_fadd_32ns_32ns_32_2_full_dsp_1
pseudo_moe_fmul_32ns_32ns_32_2_max_dsp_1
pseudo_moe_fcmp_32ns_32ns_1_1_no_dsp_1
pseudo_moe_flow_control_loop_pipe_sequential_init
pseudo_moe_fsub_32ns_32ns_32_2_full_dsp_1
pseudo_moe_fexp_32ns_32ns_32_4_full_dsp_1
pseudo_moe_flow_control_loop_pipe
pseudo_moe_fdiv_32ns_32ns_32_6_no_dsp_1
pseudo_moe_flow_control_loop_delay_pipe
pseudo_moe_sparsemux_33_4_32_1_1
pseudo_moe_flow_control_loop_pipe
pseudo_moe_flow_control_loop_delay_pipe
pseudo_moe_flow_control_loop_delay_pipe
pseudo_moe_flow_control_loop_delay_pipe
pseudo_moe_flow_control_loop_delay_pipe
pseudo_moe_flow_control_loop_pipe_sequential_init
pseudo_moe_flow_control_loop_pipe
pseudo_moe_dataflow_in_loop_VITIS_LOOP_149_4_1_combined_result_RAM_AUTO_1R1W_memcore
pseudo_moe_dataflow_in_loop_VITIS_LOOP_149_4_1_combined_result_RAM_AUTO_1R1W
pseudo_moe_dataflow_in_loop_VITIS_LOOP_149_4_1_x3_RAM_AUTO_1R1W_memcore
pseudo_moe_dataflow_in_loop_VITIS_LOOP_149_4_1_x3_RAM_AUTO_1R1W
pseudo_moe_dataflow_in_loop_VITIS_LOOP_149_4_1_gates_RAM_AUTO_1R1W_memcore
pseudo_moe_dataflow_in_loop_VITIS_LOOP_149_4_1_gates_RAM_AUTO_1R1W
pseudo_moe_fifo_w64_d4_S
pseudo_moe_fifo_w64_d6_S
pseudo_moe_fifo_w32_d4_S
pseudo_moe_fifo_w4_d3_S
pseudo_moe_fifo_w32_d2_S
pseudo_moe_fifo_w32_d4_S
pseudo_moe_fifo_w32_d2_S
pseudo_moe_fifo_w4_d3_S
pseudo_moe_input_local_RAM_1WNR_AUTO_1R1W
pseudo_moe_w0_local_RAM_AUTO_1R1W
pseudo_moe_gmem0_m_axi
pseudo_moe_gmem1_m_axi
pseudo_moe_gmem2_m_axi
pseudo_moe_gmem3_m_axi
pseudo_moe_gmem4_m_axi
pseudo_moe_gmem5_m_axi
pseudo_moe_gmem6_m_axi
pseudo_moe_gmem7_m_axi
pseudo_moe_gmem8_m_axi
pseudo_moe_gmem9_m_axi
pseudo_moe_gmem10_m_axi
pseudo_moe_gmem11_m_axi
pseudo_moe_gmem12_m_axi
pseudo_moe_control_s_axi
pseudo_moe_control_r_s_axi
pseudo_moe_Pipeline_VITIS_LOOP_128_1_VITIS_LOOP_129_2
pseudo_moe_Pipeline_VITIS_LOOP_138_3
entry_proc
dataflow_in_loop_VITIS_LOOP_149_4_1_Loop_VITIS_LOOP_158_5_proc4_Pipeline_VITIS_L
dataflow_in_loop_VITIS_LOOP_149_4_1_Loop_VITIS_LOOP_158_5_proc4
dataflow_in_loop_VITIS_LOOP_149_4_1_Loop_VITIS_LOOP_175_7_proc5
dataflow_in_loop_VITIS_LOOP_149_4_1_Loop_VITIS_LOOP_181_8_proc6
dataflow_in_loop_VITIS_LOOP_149_4_1_Loop_VITIS_LOOP_201_9_proc7
compute_expert_0_8
compute_expert_1_9
compute_expert_2_10
compute_expert_3_11
combine_experts12_Pipeline_VITIS_LOOP_64_1
combine_experts12
dataflow_in_loop_VITIS_LOOP_149_4_1_Loop_VITIS_LOOP_238_10_proc13
dataflow_in_loop_VITIS_LOOP_149_4_1
dataflow_parent_loop_proc
pseudo_moe
' expOnly='0'
Execute         source /home/simics/HMoE/HLS_HMoE/pseudo_block/run_11/project/solution1/.autopilot/db/global.setting.tcl 
Execute         ap_part_info -name xcvu13p_CIV-figd2104-3-e -data names -quiet 
Execute         ap_part_info -name xcvu13p_CIV-figd2104-3-e -data info -quiet 
Execute         source /home/simics/HMoE/HLS_HMoE/pseudo_block/run_11/project/solution1/.autopilot/db/global.setting.tcl 
Execute         source /home/simics/HMoE/HLS_HMoE/pseudo_block/run_11/project/solution1/.autopilot/db/global.setting.tcl 
Execute         source /home/simics/HMoE/HLS_HMoE/pseudo_block/run_11/project/solution1/.autopilot/db/pseudo_moe_Pipeline_VITIS_LOOP_128_1_VITIS_LOOP_129_2.compgen.tcl 
Execute         source /home/simics/HMoE/HLS_HMoE/pseudo_block/run_11/project/solution1/.autopilot/db/pseudo_moe_Pipeline_VITIS_LOOP_138_3.compgen.tcl 
Execute         source /home/simics/HMoE/HLS_HMoE/pseudo_block/run_11/project/solution1/.autopilot/db/entry_proc.compgen.tcl 
Execute         source /home/simics/HMoE/HLS_HMoE/pseudo_block/run_11/project/solution1/.autopilot/db/dataflow_in_loop_VITIS_LOOP_149_4_1_Loop_VITIS_LOOP_158_5_proc4_Pipeline_VITIS_L.compgen.tcl 
Execute         source /home/simics/HMoE/HLS_HMoE/pseudo_block/run_11/project/solution1/.autopilot/db/dataflow_in_loop_VITIS_LOOP_149_4_1_Loop_VITIS_LOOP_158_5_proc4.compgen.tcl 
Execute         source /home/simics/HMoE/HLS_HMoE/pseudo_block/run_11/project/solution1/.autopilot/db/dataflow_in_loop_VITIS_LOOP_149_4_1_Loop_VITIS_LOOP_175_7_proc5.compgen.tcl 
Execute         source /home/simics/HMoE/HLS_HMoE/pseudo_block/run_11/project/solution1/.autopilot/db/dataflow_in_loop_VITIS_LOOP_149_4_1_Loop_VITIS_LOOP_181_8_proc6.compgen.tcl 
Execute         source /home/simics/HMoE/HLS_HMoE/pseudo_block/run_11/project/solution1/.autopilot/db/dataflow_in_loop_VITIS_LOOP_149_4_1_Loop_VITIS_LOOP_201_9_proc7.compgen.tcl 
Execute         source /home/simics/HMoE/HLS_HMoE/pseudo_block/run_11/project/solution1/.autopilot/db/compute_expert_0_8.compgen.tcl 
Execute         source /home/simics/HMoE/HLS_HMoE/pseudo_block/run_11/project/solution1/.autopilot/db/compute_expert_1_9.compgen.tcl 
Execute         source /home/simics/HMoE/HLS_HMoE/pseudo_block/run_11/project/solution1/.autopilot/db/compute_expert_2_10.compgen.tcl 
Execute         source /home/simics/HMoE/HLS_HMoE/pseudo_block/run_11/project/solution1/.autopilot/db/compute_expert_3_11.compgen.tcl 
Execute         source /home/simics/HMoE/HLS_HMoE/pseudo_block/run_11/project/solution1/.autopilot/db/combine_experts12_Pipeline_VITIS_LOOP_64_1.compgen.tcl 
Execute         source /home/simics/HMoE/HLS_HMoE/pseudo_block/run_11/project/solution1/.autopilot/db/combine_experts12.compgen.tcl 
Execute         source /home/simics/HMoE/HLS_HMoE/pseudo_block/run_11/project/solution1/.autopilot/db/dataflow_in_loop_VITIS_LOOP_149_4_1_Loop_VITIS_LOOP_238_10_proc13.compgen.tcl 
Execute         source /home/simics/HMoE/HLS_HMoE/pseudo_block/run_11/project/solution1/.autopilot/db/dataflow_in_loop_VITIS_LOOP_149_4_1.compgen.tcl 
Execute         source /home/simics/HMoE/HLS_HMoE/pseudo_block/run_11/project/solution1/.autopilot/db/dataflow_parent_loop_proc.compgen.tcl 
Execute         source /home/simics/HMoE/HLS_HMoE/pseudo_block/run_11/project/solution1/.autopilot/db/pseudo_moe.compgen.tcl 
Execute           source ./control.slave.tcl 
Execute           source ./control.slave.tcl 
Execute           source ./control_r.slave.tcl 
INFO: [HLS 200-111] Finished Generating all RTL models: CPU user time: 0.55 seconds. CPU system time: 0.05 seconds. Elapsed time: 0.59 seconds; current allocated memory: 641.980 MB.
INFO-FLOW: DBG:PROC: ::HLSREPORTS::create_csynth_xml bind_info_var='bind_info' RtlSubPrefix='pseudo_moe_' outfile=''
INFO-FLOW: Running: create_csynth_xml read xml data
INFO-FLOW: Done: create_csynth_xml read xml data time: 0 seconds per iteration
INFO-FLOW: Running: create_csynth_xml bind info
INFO-FLOW: No bind nodes found for module_name entry_proc
INFO-FLOW: No bind nodes found for module_name dataflow_in_loop_VITIS_LOOP_149_4_1_Loop_VITIS_LOOP_158_5_proc4
INFO-FLOW: No bind nodes found for module_name combine_experts12
INFO-FLOW: No bind nodes found for module_name dataflow_parent_loop_proc
INFO-FLOW: Done: create_csynth_xml bind info time: 0.1 seconds per iteration
INFO-FLOW: Running: create_csynth_xml config info
INFO-FLOW: Done: create_csynth_xml config info time: 0 seconds per iteration
INFO-FLOW: Running: create_csynth_xml write xml
INFO-FLOW: Done: create_csynth_xml write xml time: 0 seconds per iteration
INFO-FLOW: DBG:PUTS:      create_csynth_xml wrote csynth_xml=/home/simics/HMoE/HLS_HMoE/pseudo_block/run_11/project/solution1/syn/report/csynth.xml
INFO-FLOW: DBG:PROC: ::AP::DESIGN_DATA::generate_json generate_bd_files='0' generate_xo_files='0' modelList='pseudo_moe_flow_control_loop_pipe_sequential_init
pseudo_moe_flow_control_loop_pipe_sequential_init
pseudo_moe_fadd_32ns_32ns_32_2_full_dsp_1
pseudo_moe_fmul_32ns_32ns_32_2_max_dsp_1
pseudo_moe_fcmp_32ns_32ns_1_1_no_dsp_1
pseudo_moe_flow_control_loop_pipe_sequential_init
pseudo_moe_fsub_32ns_32ns_32_2_full_dsp_1
pseudo_moe_fexp_32ns_32ns_32_4_full_dsp_1
pseudo_moe_flow_control_loop_pipe
pseudo_moe_fdiv_32ns_32ns_32_6_no_dsp_1
pseudo_moe_flow_control_loop_delay_pipe
pseudo_moe_sparsemux_33_4_32_1_1
pseudo_moe_flow_control_loop_pipe
pseudo_moe_flow_control_loop_delay_pipe
pseudo_moe_flow_control_loop_delay_pipe
pseudo_moe_flow_control_loop_delay_pipe
pseudo_moe_flow_control_loop_delay_pipe
pseudo_moe_flow_control_loop_pipe_sequential_init
pseudo_moe_flow_control_loop_pipe
pseudo_moe_dataflow_in_loop_VITIS_LOOP_149_4_1_combined_result_RAM_AUTO_1R1W_memcore
pseudo_moe_dataflow_in_loop_VITIS_LOOP_149_4_1_combined_result_RAM_AUTO_1R1W
pseudo_moe_dataflow_in_loop_VITIS_LOOP_149_4_1_x3_RAM_AUTO_1R1W_memcore
pseudo_moe_dataflow_in_loop_VITIS_LOOP_149_4_1_x3_RAM_AUTO_1R1W
pseudo_moe_dataflow_in_loop_VITIS_LOOP_149_4_1_gates_RAM_AUTO_1R1W_memcore
pseudo_moe_dataflow_in_loop_VITIS_LOOP_149_4_1_gates_RAM_AUTO_1R1W
pseudo_moe_fifo_w64_d4_S
pseudo_moe_fifo_w64_d6_S
pseudo_moe_fifo_w32_d4_S
pseudo_moe_fifo_w4_d3_S
pseudo_moe_fifo_w32_d2_S
pseudo_moe_fifo_w32_d4_S
pseudo_moe_fifo_w32_d2_S
pseudo_moe_fifo_w4_d3_S
pseudo_moe_input_local_RAM_1WNR_AUTO_1R1W
pseudo_moe_w0_local_RAM_AUTO_1R1W
pseudo_moe_gmem0_m_axi
pseudo_moe_gmem1_m_axi
pseudo_moe_gmem2_m_axi
pseudo_moe_gmem3_m_axi
pseudo_moe_gmem4_m_axi
pseudo_moe_gmem5_m_axi
pseudo_moe_gmem6_m_axi
pseudo_moe_gmem7_m_axi
pseudo_moe_gmem8_m_axi
pseudo_moe_gmem9_m_axi
pseudo_moe_gmem10_m_axi
pseudo_moe_gmem11_m_axi
pseudo_moe_gmem12_m_axi
pseudo_moe_control_s_axi
pseudo_moe_control_r_s_axi
pseudo_moe_Pipeline_VITIS_LOOP_128_1_VITIS_LOOP_129_2
pseudo_moe_Pipeline_VITIS_LOOP_138_3
entry_proc
dataflow_in_loop_VITIS_LOOP_149_4_1_Loop_VITIS_LOOP_158_5_proc4_Pipeline_VITIS_L
dataflow_in_loop_VITIS_LOOP_149_4_1_Loop_VITIS_LOOP_158_5_proc4
dataflow_in_loop_VITIS_LOOP_149_4_1_Loop_VITIS_LOOP_175_7_proc5
dataflow_in_loop_VITIS_LOOP_149_4_1_Loop_VITIS_LOOP_181_8_proc6
dataflow_in_loop_VITIS_LOOP_149_4_1_Loop_VITIS_LOOP_201_9_proc7
compute_expert_0_8
compute_expert_1_9
compute_expert_2_10
compute_expert_3_11
combine_experts12_Pipeline_VITIS_LOOP_64_1
combine_experts12
dataflow_in_loop_VITIS_LOOP_149_4_1_Loop_VITIS_LOOP_238_10_proc13
dataflow_in_loop_VITIS_LOOP_149_4_1
dataflow_parent_loop_proc
pseudo_moe
' rtl_lang='both' bootstrap_tcl='false' outdir='' outfilename=''
Execute         source /home/simics/HMoE/HLS_HMoE/pseudo_block/run_11/project/solution1/.autopilot/db/global.setting.tcl 
Execute         source /home/simics/HMoE/HLS_HMoE/pseudo_block/run_11/project/solution1/.autopilot/db/global.setting.tcl 
Execute         source /home/simics/HMoE/HLS_HMoE/pseudo_block/run_11/project/solution1/.autopilot/db/top-io-be.tcl 
Execute         source /home/simics/HMoE/HLS_HMoE/pseudo_block/run_11/project/solution1/.autopilot/db/pseudo_moe.tbgen.tcl 
Execute         source /home/simics/HMoE/HLS_HMoE/pseudo_block/run_11/project/solution1/.autopilot/db/pseudo_moe.compgen.dataonly.tcl 
Execute         source /home/simics/HMoE/HLS_HMoE/pseudo_block/run_11/project/solution1/.autopilot/db/pseudo_moe.compgen.dataonly.tcl 
Execute         source /home/simics/HMoE/HLS_HMoE/pseudo_block/run_11/project/solution1/.autopilot/db/pseudo_moe.compgen.dataonly.tcl 
Execute         source /home/simics/HMoE/HLS_HMoE/pseudo_block/run_11/project/solution1/.autopilot/db/pseudo_moe.compgen.dataonly.tcl 
Execute         source /home/simics/HMoE/HLS_HMoE/pseudo_block/run_11/project/solution1/.autopilot/db/pseudo_moe.rtl_wrap.cfg.tcl 
Execute         source /home/simics/HMoE/HLS_HMoE/pseudo_block/run_11/project/solution1/.autopilot/db/pseudo_moe.compgen.dataonly.tcl 
Execute         source /home/simics/HMoE/HLS_HMoE/pseudo_block/run_11/project/solution1/.autopilot/db/pseudo_moe_Pipeline_VITIS_LOOP_128_1_VITIS_LOOP_129_2.tbgen.tcl 
Execute         source /home/simics/HMoE/HLS_HMoE/pseudo_block/run_11/project/solution1/.autopilot/db/pseudo_moe_Pipeline_VITIS_LOOP_138_3.tbgen.tcl 
Execute         source /home/simics/HMoE/HLS_HMoE/pseudo_block/run_11/project/solution1/.autopilot/db/entry_proc.tbgen.tcl 
Execute         source /home/simics/HMoE/HLS_HMoE/pseudo_block/run_11/project/solution1/.autopilot/db/dataflow_in_loop_VITIS_LOOP_149_4_1_Loop_VITIS_LOOP_158_5_proc4_Pipeline_VITIS_L.tbgen.tcl 
Execute         source /home/simics/HMoE/HLS_HMoE/pseudo_block/run_11/project/solution1/.autopilot/db/dataflow_in_loop_VITIS_LOOP_149_4_1_Loop_VITIS_LOOP_158_5_proc4.tbgen.tcl 
Execute         source /home/simics/HMoE/HLS_HMoE/pseudo_block/run_11/project/solution1/.autopilot/db/dataflow_in_loop_VITIS_LOOP_149_4_1_Loop_VITIS_LOOP_175_7_proc5.tbgen.tcl 
Execute         source /home/simics/HMoE/HLS_HMoE/pseudo_block/run_11/project/solution1/.autopilot/db/dataflow_in_loop_VITIS_LOOP_149_4_1_Loop_VITIS_LOOP_181_8_proc6.tbgen.tcl 
Execute         source /home/simics/HMoE/HLS_HMoE/pseudo_block/run_11/project/solution1/.autopilot/db/dataflow_in_loop_VITIS_LOOP_149_4_1_Loop_VITIS_LOOP_201_9_proc7.tbgen.tcl 
Execute         source /home/simics/HMoE/HLS_HMoE/pseudo_block/run_11/project/solution1/.autopilot/db/compute_expert_0_8.tbgen.tcl 
Execute         source /home/simics/HMoE/HLS_HMoE/pseudo_block/run_11/project/solution1/.autopilot/db/compute_expert_1_9.tbgen.tcl 
Execute         source /home/simics/HMoE/HLS_HMoE/pseudo_block/run_11/project/solution1/.autopilot/db/compute_expert_2_10.tbgen.tcl 
Execute         source /home/simics/HMoE/HLS_HMoE/pseudo_block/run_11/project/solution1/.autopilot/db/compute_expert_3_11.tbgen.tcl 
Execute         source /home/simics/HMoE/HLS_HMoE/pseudo_block/run_11/project/solution1/.autopilot/db/combine_experts12_Pipeline_VITIS_LOOP_64_1.tbgen.tcl 
Execute         source /home/simics/HMoE/HLS_HMoE/pseudo_block/run_11/project/solution1/.autopilot/db/combine_experts12.tbgen.tcl 
Execute         source /home/simics/HMoE/HLS_HMoE/pseudo_block/run_11/project/solution1/.autopilot/db/dataflow_in_loop_VITIS_LOOP_149_4_1_Loop_VITIS_LOOP_238_10_proc13.tbgen.tcl 
Execute         source /home/simics/HMoE/HLS_HMoE/pseudo_block/run_11/project/solution1/.autopilot/db/dataflow_in_loop_VITIS_LOOP_149_4_1.tbgen.tcl 
Execute         source /home/simics/HMoE/HLS_HMoE/pseudo_block/run_11/project/solution1/.autopilot/db/dataflow_parent_loop_proc.tbgen.tcl 
Execute         source /home/simics/HMoE/HLS_HMoE/pseudo_block/run_11/project/solution1/.autopilot/db/pseudo_moe.tbgen.tcl 
Execute         source /home/simics/HMoE/HLS_HMoE/pseudo_block/run_11/project/solution1/.autopilot/db/global.setting.tcl 
Execute         ap_part_info -name xcvu13p_CIV-figd2104-3-e -data names -quiet 
Execute         ap_part_info -name xcvu13p_CIV-figd2104-3-e -data info -quiet 
Execute         source /home/simics/HMoE/HLS_HMoE/pseudo_block/run_11/project/solution1/.autopilot/db/pseudo_moe.constraint.tcl 
Execute         sc_get_clocks pseudo_moe 
Execute         source /home/simics/HMoE/HLS_HMoE/pseudo_block/run_11/project/solution1/.autopilot/db/global.setting.tcl 
Execute         source /home/simics/HMoE/HLS_HMoE/pseudo_block/run_11/project/solution1/impl/misc/pseudo_moe_fadd_32ns_32ns_32_2_full_dsp_1_ip.tcl 
Execute         source /home/simics/HMoE/HLS_HMoE/pseudo_block/run_11/project/solution1/impl/misc/pseudo_moe_fcmp_32ns_32ns_1_1_no_dsp_1_ip.tcl 
Execute         source /home/simics/HMoE/HLS_HMoE/pseudo_block/run_11/project/solution1/impl/misc/pseudo_moe_fdiv_32ns_32ns_32_6_no_dsp_1_ip.tcl 
Execute         source /home/simics/HMoE/HLS_HMoE/pseudo_block/run_11/project/solution1/impl/misc/pseudo_moe_fexp_32ns_32ns_32_4_full_dsp_1_ip.tcl 
Execute         source /home/simics/HMoE/HLS_HMoE/pseudo_block/run_11/project/solution1/impl/misc/pseudo_moe_fmul_32ns_32ns_32_2_max_dsp_1_ip.tcl 
Execute         source /home/simics/HMoE/HLS_HMoE/pseudo_block/run_11/project/solution1/impl/misc/pseudo_moe_fsub_32ns_32ns_32_2_full_dsp_1_ip.tcl 
INFO-FLOW: DBG:PROC: ::HLSREPORTS::add_csynth_report_sections bind_info_dict='adapter_nodes {{BINDTYPE adapter ID {} IMPL {} LATENCY {} OPTYPE {} PRAGMA {} RTLNAME control_s_axi_U SOURCE {} VARIABLE {} LOOP {} BUNDLEDNAME control DSP 0 BRAM 0 URAM 0 STORAGESUBTYPE s_axilite STORAGESIZE {} STORAGEUSAGE interface DISPNAME {bind_adapter }} {BINDTYPE adapter ID {} IMPL {} LATENCY {} OPTYPE {} PRAGMA {} RTLNAME control_r_s_axi_U SOURCE {} VARIABLE {} LOOP {} BUNDLEDNAME control_r DSP 0 BRAM 0 URAM 0 STORAGESUBTYPE s_axilite STORAGESIZE {} STORAGEUSAGE interface DISPNAME {bind_adapter }} {BINDTYPE adapter ID {} IMPL {} LATENCY {} OPTYPE {} PRAGMA {} RTLNAME gmem0_m_axi_U SOURCE {} VARIABLE {} LOOP {} BUNDLEDNAME gmem0 DSP 0 BRAM 4 URAM 0 STORAGESUBTYPE m_axi STORAGESIZE {} STORAGEUSAGE interface DISPNAME {bind_adapter }} {BINDTYPE adapter ID {} IMPL {} LATENCY {} OPTYPE {} PRAGMA {} RTLNAME gmem1_m_axi_U SOURCE {} VARIABLE {} LOOP {} BUNDLEDNAME gmem1 DSP 0 BRAM 4 URAM 0 STORAGESUBTYPE m_axi STORAGESIZE {} STORAGEUSAGE interface DISPNAME {bind_adapter }} {BINDTYPE adapter ID {} IMPL {} LATENCY {} OPTYPE {} PRAGMA {} RTLNAME gmem10_m_axi_U SOURCE {} VARIABLE {} LOOP {} BUNDLEDNAME gmem10 DSP 0 BRAM 4 URAM 0 STORAGESUBTYPE m_axi STORAGESIZE {} STORAGEUSAGE interface DISPNAME {bind_adapter }} {BINDTYPE adapter ID {} IMPL {} LATENCY {} OPTYPE {} PRAGMA {} RTLNAME gmem11_m_axi_U SOURCE {} VARIABLE {} LOOP {} BUNDLEDNAME gmem11 DSP 0 BRAM 4 URAM 0 STORAGESUBTYPE m_axi STORAGESIZE {} STORAGEUSAGE interface DISPNAME {bind_adapter }} {BINDTYPE adapter ID {} IMPL {} LATENCY {} OPTYPE {} PRAGMA {} RTLNAME gmem12_m_axi_U SOURCE {} VARIABLE {} LOOP {} BUNDLEDNAME gmem12 DSP 0 BRAM 4 URAM 0 STORAGESUBTYPE m_axi STORAGESIZE {} STORAGEUSAGE interface DISPNAME {bind_adapter }} {BINDTYPE adapter ID {} IMPL {} LATENCY {} OPTYPE {} PRAGMA {} RTLNAME gmem2_m_axi_U SOURCE {} VARIABLE {} LOOP {} BUNDLEDNAME gmem2 DSP 0 BRAM 4 URAM 0 STORAGESUBTYPE m_axi STORAGESIZE {} STORAGEUSAGE interface DISPNAME {bind_adapter }} {BINDTYPE adapter ID {} IMPL {} LATENCY {} OPTYPE {} PRAGMA {} RTLNAME gmem3_m_axi_U SOURCE {} VARIABLE {} LOOP {} BUNDLEDNAME gmem3 DSP 0 BRAM 4 URAM 0 STORAGESUBTYPE m_axi STORAGESIZE {} STORAGEUSAGE interface DISPNAME {bind_adapter }} {BINDTYPE adapter ID {} IMPL {} LATENCY {} OPTYPE {} PRAGMA {} RTLNAME gmem4_m_axi_U SOURCE {} VARIABLE {} LOOP {} BUNDLEDNAME gmem4 DSP 0 BRAM 4 URAM 0 STORAGESUBTYPE m_axi STORAGESIZE {} STORAGEUSAGE interface DISPNAME {bind_adapter }} {BINDTYPE adapter ID {} IMPL {} LATENCY {} OPTYPE {} PRAGMA {} RTLNAME gmem5_m_axi_U SOURCE {} VARIABLE {} LOOP {} BUNDLEDNAME gmem5 DSP 0 BRAM 4 URAM 0 STORAGESUBTYPE m_axi STORAGESIZE {} STORAGEUSAGE interface DISPNAME {bind_adapter }} {BINDTYPE adapter ID {} IMPL {} LATENCY {} OPTYPE {} PRAGMA {} RTLNAME gmem6_m_axi_U SOURCE {} VARIABLE {} LOOP {} BUNDLEDNAME gmem6 DSP 0 BRAM 4 URAM 0 STORAGESUBTYPE m_axi STORAGESIZE {} STORAGEUSAGE interface DISPNAME {bind_adapter }} {BINDTYPE adapter ID {} IMPL {} LATENCY {} OPTYPE {} PRAGMA {} RTLNAME gmem7_m_axi_U SOURCE {} VARIABLE {} LOOP {} BUNDLEDNAME gmem7 DSP 0 BRAM 4 URAM 0 STORAGESUBTYPE m_axi STORAGESIZE {} STORAGEUSAGE interface DISPNAME {bind_adapter }} {BINDTYPE adapter ID {} IMPL {} LATENCY {} OPTYPE {} PRAGMA {} RTLNAME gmem8_m_axi_U SOURCE {} VARIABLE {} LOOP {} BUNDLEDNAME gmem8 DSP 0 BRAM 4 URAM 0 STORAGESUBTYPE m_axi STORAGESIZE {} STORAGEUSAGE interface DISPNAME {bind_adapter }} {BINDTYPE adapter ID {} IMPL {} LATENCY {} OPTYPE {} PRAGMA {} RTLNAME gmem9_m_axi_U SOURCE {} VARIABLE {} LOOP {} BUNDLEDNAME gmem9 DSP 0 BRAM 4 URAM 0 STORAGESUBTYPE m_axi STORAGESIZE {} STORAGEUSAGE interface DISPNAME {bind_adapter }}} report_dict {TOPINST pseudo_moe MODULE2INSTS {pseudo_moe pseudo_moe pseudo_moe_Pipeline_VITIS_LOOP_128_1_VITIS_LOOP_129_2 grp_pseudo_moe_Pipeline_VITIS_LOOP_128_1_VITIS_LOOP_129_2_fu_589 pseudo_moe_Pipeline_VITIS_LOOP_138_3 grp_pseudo_moe_Pipeline_VITIS_LOOP_138_3_fu_612 dataflow_parent_loop_proc grp_dataflow_parent_loop_proc_fu_692 dataflow_in_loop_VITIS_LOOP_149_4_1 dataflow_in_loop_VITIS_LOOP_149_4_1_U0 entry_proc entry_proc_U0 dataflow_in_loop_VITIS_LOOP_149_4_1_Loop_VITIS_LOOP_158_5_proc4 dataflow_in_loop_VITIS_LOOP_149_4_1_Loop_VITIS_LOOP_158_5_proc4_U0 dataflow_in_loop_VITIS_LOOP_149_4_1_Loop_VITIS_LOOP_158_5_proc4_Pipeline_VITIS_L grp_dataflow_in_loop_VITIS_LOOP_149_4_1_Loop_VITIS_LOOP_158_5_proc4_Pipeline_VITIS_L_fu_150 dataflow_in_loop_VITIS_LOOP_149_4_1_Loop_VITIS_LOOP_175_7_proc5 dataflow_in_loop_VITIS_LOOP_149_4_1_Loop_VITIS_LOOP_175_7_proc5_U0 dataflow_in_loop_VITIS_LOOP_149_4_1_Loop_VITIS_LOOP_201_9_proc7 dataflow_in_loop_VITIS_LOOP_149_4_1_Loop_VITIS_LOOP_201_9_proc7_U0 dataflow_in_loop_VITIS_LOOP_149_4_1_Loop_VITIS_LOOP_181_8_proc6 dataflow_in_loop_VITIS_LOOP_149_4_1_Loop_VITIS_LOOP_181_8_proc6_U0 compute_expert_0_8 compute_expert_0_8_U0 compute_expert_1_9 compute_expert_1_9_U0 compute_expert_2_10 compute_expert_2_10_U0 compute_expert_3_11 compute_expert_3_11_U0 combine_experts12 combine_experts12_U0 combine_experts12_Pipeline_VITIS_LOOP_64_1 grp_combine_experts12_Pipeline_VITIS_LOOP_64_1_fu_67 dataflow_in_loop_VITIS_LOOP_149_4_1_Loop_VITIS_LOOP_238_10_proc13 dataflow_in_loop_VITIS_LOOP_149_4_1_Loop_VITIS_LOOP_238_10_proc13_U0} INST2MODULE {pseudo_moe pseudo_moe grp_pseudo_moe_Pipeline_VITIS_LOOP_128_1_VITIS_LOOP_129_2_fu_589 pseudo_moe_Pipeline_VITIS_LOOP_128_1_VITIS_LOOP_129_2 grp_pseudo_moe_Pipeline_VITIS_LOOP_138_3_fu_612 pseudo_moe_Pipeline_VITIS_LOOP_138_3 grp_dataflow_parent_loop_proc_fu_692 dataflow_parent_loop_proc dataflow_in_loop_VITIS_LOOP_149_4_1_U0 dataflow_in_loop_VITIS_LOOP_149_4_1 entry_proc_U0 entry_proc dataflow_in_loop_VITIS_LOOP_149_4_1_Loop_VITIS_LOOP_158_5_proc4_U0 dataflow_in_loop_VITIS_LOOP_149_4_1_Loop_VITIS_LOOP_158_5_proc4 grp_dataflow_in_loop_VITIS_LOOP_149_4_1_Loop_VITIS_LOOP_158_5_proc4_Pipeline_VITIS_L_fu_150 dataflow_in_loop_VITIS_LOOP_149_4_1_Loop_VITIS_LOOP_158_5_proc4_Pipeline_VITIS_L dataflow_in_loop_VITIS_LOOP_149_4_1_Loop_VITIS_LOOP_175_7_proc5_U0 dataflow_in_loop_VITIS_LOOP_149_4_1_Loop_VITIS_LOOP_175_7_proc5 dataflow_in_loop_VITIS_LOOP_149_4_1_Loop_VITIS_LOOP_201_9_proc7_U0 dataflow_in_loop_VITIS_LOOP_149_4_1_Loop_VITIS_LOOP_201_9_proc7 dataflow_in_loop_VITIS_LOOP_149_4_1_Loop_VITIS_LOOP_181_8_proc6_U0 dataflow_in_loop_VITIS_LOOP_149_4_1_Loop_VITIS_LOOP_181_8_proc6 compute_expert_0_8_U0 compute_expert_0_8 compute_expert_1_9_U0 compute_expert_1_9 compute_expert_2_10_U0 compute_expert_2_10 compute_expert_3_11_U0 compute_expert_3_11 combine_experts12_U0 combine_experts12 grp_combine_experts12_Pipeline_VITIS_LOOP_64_1_fu_67 combine_experts12_Pipeline_VITIS_LOOP_64_1 dataflow_in_loop_VITIS_LOOP_149_4_1_Loop_VITIS_LOOP_238_10_proc13_U0 dataflow_in_loop_VITIS_LOOP_149_4_1_Loop_VITIS_LOOP_238_10_proc13} INSTDATA {pseudo_moe {DEPTH 1 CHILDREN {grp_pseudo_moe_Pipeline_VITIS_LOOP_128_1_VITIS_LOOP_129_2_fu_589 grp_pseudo_moe_Pipeline_VITIS_LOOP_138_3_fu_612 grp_dataflow_parent_loop_proc_fu_692}} grp_pseudo_moe_Pipeline_VITIS_LOOP_128_1_VITIS_LOOP_129_2_fu_589 {DEPTH 2 CHILDREN {}} grp_pseudo_moe_Pipeline_VITIS_LOOP_138_3_fu_612 {DEPTH 2 CHILDREN {}} grp_dataflow_parent_loop_proc_fu_692 {DEPTH 2 CHILDREN dataflow_in_loop_VITIS_LOOP_149_4_1_U0} dataflow_in_loop_VITIS_LOOP_149_4_1_U0 {DEPTH 3 CHILDREN {entry_proc_U0 dataflow_in_loop_VITIS_LOOP_149_4_1_Loop_VITIS_LOOP_158_5_proc4_U0 dataflow_in_loop_VITIS_LOOP_149_4_1_Loop_VITIS_LOOP_175_7_proc5_U0 dataflow_in_loop_VITIS_LOOP_149_4_1_Loop_VITIS_LOOP_201_9_proc7_U0 dataflow_in_loop_VITIS_LOOP_149_4_1_Loop_VITIS_LOOP_181_8_proc6_U0 compute_expert_0_8_U0 compute_expert_1_9_U0 compute_expert_2_10_U0 compute_expert_3_11_U0 combine_experts12_U0 dataflow_in_loop_VITIS_LOOP_149_4_1_Loop_VITIS_LOOP_238_10_proc13_U0}} entry_proc_U0 {DEPTH 4 CHILDREN {}} dataflow_in_loop_VITIS_LOOP_149_4_1_Loop_VITIS_LOOP_158_5_proc4_U0 {DEPTH 4 CHILDREN grp_dataflow_in_loop_VITIS_LOOP_149_4_1_Loop_VITIS_LOOP_158_5_proc4_Pipeline_VITIS_L_fu_150} grp_dataflow_in_loop_VITIS_LOOP_149_4_1_Loop_VITIS_LOOP_158_5_proc4_Pipeline_VITIS_L_fu_150 {DEPTH 5 CHILDREN {}} dataflow_in_loop_VITIS_LOOP_149_4_1_Loop_VITIS_LOOP_175_7_proc5_U0 {DEPTH 4 CHILDREN {}} dataflow_in_loop_VITIS_LOOP_149_4_1_Loop_VITIS_LOOP_201_9_proc7_U0 {DEPTH 4 CHILDREN {}} dataflow_in_loop_VITIS_LOOP_149_4_1_Loop_VITIS_LOOP_181_8_proc6_U0 {DEPTH 4 CHILDREN {}} compute_expert_0_8_U0 {DEPTH 4 CHILDREN {}} compute_expert_1_9_U0 {DEPTH 4 CHILDREN {}} compute_expert_2_10_U0 {DEPTH 4 CHILDREN {}} compute_expert_3_11_U0 {DEPTH 4 CHILDREN {}} combine_experts12_U0 {DEPTH 4 CHILDREN grp_combine_experts12_Pipeline_VITIS_LOOP_64_1_fu_67} grp_combine_experts12_Pipeline_VITIS_LOOP_64_1_fu_67 {DEPTH 5 CHILDREN {}} dataflow_in_loop_VITIS_LOOP_149_4_1_Loop_VITIS_LOOP_238_10_proc13_U0 {DEPTH 4 CHILDREN {}}} MODULEDATA {pseudo_moe_Pipeline_VITIS_LOOP_128_1_VITIS_LOOP_129_2 {BINDINFO {{BINDTYPE op ID {} IMPL fabric LATENCY 0 OPTYPE add PRAGMA {} RTLNAME add_ln128_1_fu_381_p2 SOURCE /home/simics/HMoE/HLS_HMoE/pseudo_block/run_11/src/pseudo_moe.cpp:128 VARIABLE add_ln128_1 LOOP VITIS_LOOP_128_1_VITIS_LOOP_129_2 BUNDLEDNAME {} DSP 0 BRAM 0 URAM 0 STORAGESUBTYPE {} DISPNAME {bind_op add}} {BINDTYPE op ID {} IMPL fabric LATENCY 0 OPTYPE add PRAGMA {} RTLNAME add_ln128_fu_408_p2 SOURCE /home/simics/HMoE/HLS_HMoE/pseudo_block/run_11/src/pseudo_moe.cpp:128 VARIABLE add_ln128 LOOP VITIS_LOOP_128_1_VITIS_LOOP_129_2 BUNDLEDNAME {} DSP 0 BRAM 0 URAM 0 STORAGESUBTYPE {} DISPNAME {bind_op add}} {BINDTYPE op ID {} IMPL fabric LATENCY 0 OPTYPE add PRAGMA {} RTLNAME add_ln129_fu_478_p2 SOURCE /home/simics/HMoE/HLS_HMoE/pseudo_block/run_11/src/pseudo_moe.cpp:129 VARIABLE add_ln129 LOOP VITIS_LOOP_128_1_VITIS_LOOP_129_2 BUNDLEDNAME {} DSP 0 BRAM 0 URAM 0 STORAGESUBTYPE {} DISPNAME {bind_op add}}} AREA {DSP 0 BRAM 0 URAM 0}} pseudo_moe_Pipeline_VITIS_LOOP_138_3 {BINDINFO {{BINDTYPE op ID {} IMPL fabric LATENCY 0 OPTYPE add PRAGMA {} RTLNAME add_ln138_fu_1138_p2 SOURCE /home/simics/HMoE/HLS_HMoE/pseudo_block/run_11/src/pseudo_moe.cpp:138 VARIABLE add_ln138 LOOP VITIS_LOOP_138_3 BUNDLEDNAME {} DSP 0 BRAM 0 URAM 0 STORAGESUBTYPE {} DISPNAME {bind_op add}}} AREA {DSP 0 BRAM 0 URAM 0}} dataflow_in_loop_VITIS_LOOP_149_4_1_Loop_VITIS_LOOP_158_5_proc4_Pipeline_VITIS_L {BINDINFO {{BINDTYPE op ID {} IMPL fabric LATENCY 0 OPTYPE add PRAGMA {} RTLNAME add_ln158_fu_934_p2 SOURCE /home/simics/HMoE/HLS_HMoE/pseudo_block/run_11/src/pseudo_moe.cpp:158 VARIABLE add_ln158 LOOP VITIS_LOOP_158_5 BUNDLEDNAME {} DSP 0 BRAM 0 URAM 0 STORAGESUBTYPE {} DISPNAME {bind_op add}} {BINDTYPE op ID {} IMPL maxdsp LATENCY 1 OPTYPE fmul PRAGMA {} RTLNAME fmul_32ns_32ns_32_2_max_dsp_1_U96 SOURCE /home/simics/HMoE/HLS_HMoE/pseudo_block/run_11/src/pseudo_moe.cpp:162 VARIABLE mul LOOP VITIS_LOOP_158_5 BUNDLEDNAME {} DSP 3 BRAM 0 URAM 0 STORAGESUBTYPE {} DISPNAME {bind_op fmul}} {BINDTYPE op ID {} IMPL fulldsp LATENCY 1 OPTYPE fadd PRAGMA {} RTLNAME fadd_32ns_32ns_32_2_full_dsp_1_U95 SOURCE /home/simics/HMoE/HLS_HMoE/pseudo_block/run_11/src/pseudo_moe.cpp:162 VARIABLE acc_1 LOOP VITIS_LOOP_158_5 BUNDLEDNAME {} DSP 2 BRAM 0 URAM 0 STORAGESUBTYPE {} DISPNAME {bind_op fadd}} {BINDTYPE op ID {} IMPL maxdsp LATENCY 1 OPTYPE fmul PRAGMA {} RTLNAME fmul_32ns_32ns_32_2_max_dsp_1_U96 SOURCE /home/simics/HMoE/HLS_HMoE/pseudo_block/run_11/src/pseudo_moe.cpp:162 VARIABLE mul59_1 LOOP VITIS_LOOP_158_5 BUNDLEDNAME {} DSP 3 BRAM 0 URAM 0 STORAGESUBTYPE {} DISPNAME {bind_op fmul}} {BINDTYPE op ID {} IMPL fulldsp LATENCY 1 OPTYPE fadd PRAGMA {} RTLNAME fadd_32ns_32ns_32_2_full_dsp_1_U95 SOURCE /home/simics/HMoE/HLS_HMoE/pseudo_block/run_11/src/pseudo_moe.cpp:162 VARIABLE acc_2 LOOP VITIS_LOOP_158_5 BUNDLEDNAME {} DSP 2 BRAM 0 URAM 0 STORAGESUBTYPE {} DISPNAME {bind_op fadd}} {BINDTYPE op ID {} IMPL maxdsp LATENCY 1 OPTYPE fmul PRAGMA {} RTLNAME fmul_32ns_32ns_32_2_max_dsp_1_U96 SOURCE /home/simics/HMoE/HLS_HMoE/pseudo_block/run_11/src/pseudo_moe.cpp:162 VARIABLE mul59_2 LOOP VITIS_LOOP_158_5 BUNDLEDNAME {} DSP 3 BRAM 0 URAM 0 STORAGESUBTYPE {} DISPNAME {bind_op fmul}} {BINDTYPE op ID {} IMPL fulldsp LATENCY 1 OPTYPE fadd PRAGMA {} RTLNAME fadd_32ns_32ns_32_2_full_dsp_1_U95 SOURCE /home/simics/HMoE/HLS_HMoE/pseudo_block/run_11/src/pseudo_moe.cpp:162 VARIABLE acc_3 LOOP VITIS_LOOP_158_5 BUNDLEDNAME {} DSP 2 BRAM 0 URAM 0 STORAGESUBTYPE {} DISPNAME {bind_op fadd}} {BINDTYPE op ID {} IMPL maxdsp LATENCY 1 OPTYPE fmul PRAGMA {} RTLNAME fmul_32ns_32ns_32_2_max_dsp_1_U96 SOURCE /home/simics/HMoE/HLS_HMoE/pseudo_block/run_11/src/pseudo_moe.cpp:162 VARIABLE mul59_3 LOOP VITIS_LOOP_158_5 BUNDLEDNAME {} DSP 3 BRAM 0 URAM 0 STORAGESUBTYPE {} DISPNAME {bind_op fmul}} {BINDTYPE op ID {} IMPL fulldsp LATENCY 1 OPTYPE fadd PRAGMA {} RTLNAME fadd_32ns_32ns_32_2_full_dsp_1_U95 SOURCE /home/simics/HMoE/HLS_HMoE/pseudo_block/run_11/src/pseudo_moe.cpp:162 VARIABLE acc_4 LOOP VITIS_LOOP_158_5 BUNDLEDNAME {} DSP 2 BRAM 0 URAM 0 STORAGESUBTYPE {} DISPNAME {bind_op fadd}} {BINDTYPE op ID {} IMPL maxdsp LATENCY 1 OPTYPE fmul PRAGMA {} RTLNAME fmul_32ns_32ns_32_2_max_dsp_1_U96 SOURCE /home/simics/HMoE/HLS_HMoE/pseudo_block/run_11/src/pseudo_moe.cpp:162 VARIABLE mul59_4 LOOP VITIS_LOOP_158_5 BUNDLEDNAME {} DSP 3 BRAM 0 URAM 0 STORAGESUBTYPE {} DISPNAME {bind_op fmul}} {BINDTYPE op ID {} IMPL fulldsp LATENCY 1 OPTYPE fadd PRAGMA {} RTLNAME fadd_32ns_32ns_32_2_full_dsp_1_U95 SOURCE /home/simics/HMoE/HLS_HMoE/pseudo_block/run_11/src/pseudo_moe.cpp:162 VARIABLE acc_5 LOOP VITIS_LOOP_158_5 BUNDLEDNAME {} DSP 2 BRAM 0 URAM 0 STORAGESUBTYPE {} DISPNAME {bind_op fadd}} {BINDTYPE op ID {} IMPL maxdsp LATENCY 1 OPTYPE fmul PRAGMA {} RTLNAME fmul_32ns_32ns_32_2_max_dsp_1_U96 SOURCE /home/simics/HMoE/HLS_HMoE/pseudo_block/run_11/src/pseudo_moe.cpp:162 VARIABLE mul59_5 LOOP VITIS_LOOP_158_5 BUNDLEDNAME {} DSP 3 BRAM 0 URAM 0 STORAGESUBTYPE {} DISPNAME {bind_op fmul}} {BINDTYPE op ID {} IMPL fulldsp LATENCY 1 OPTYPE fadd PRAGMA {} RTLNAME fadd_32ns_32ns_32_2_full_dsp_1_U95 SOURCE /home/simics/HMoE/HLS_HMoE/pseudo_block/run_11/src/pseudo_moe.cpp:162 VARIABLE acc_6 LOOP VITIS_LOOP_158_5 BUNDLEDNAME {} DSP 2 BRAM 0 URAM 0 STORAGESUBTYPE {} DISPNAME {bind_op fadd}} {BINDTYPE op ID {} IMPL maxdsp LATENCY 1 OPTYPE fmul PRAGMA {} RTLNAME fmul_32ns_32ns_32_2_max_dsp_1_U96 SOURCE /home/simics/HMoE/HLS_HMoE/pseudo_block/run_11/src/pseudo_moe.cpp:162 VARIABLE mul59_6 LOOP VITIS_LOOP_158_5 BUNDLEDNAME {} DSP 3 BRAM 0 URAM 0 STORAGESUBTYPE {} DISPNAME {bind_op fmul}} {BINDTYPE op ID {} IMPL fulldsp LATENCY 1 OPTYPE fadd PRAGMA {} RTLNAME fadd_32ns_32ns_32_2_full_dsp_1_U95 SOURCE /home/simics/HMoE/HLS_HMoE/pseudo_block/run_11/src/pseudo_moe.cpp:162 VARIABLE acc_7 LOOP VITIS_LOOP_158_5 BUNDLEDNAME {} DSP 2 BRAM 0 URAM 0 STORAGESUBTYPE {} DISPNAME {bind_op fadd}} {BINDTYPE op ID {} IMPL maxdsp LATENCY 1 OPTYPE fmul PRAGMA {} RTLNAME fmul_32ns_32ns_32_2_max_dsp_1_U96 SOURCE /home/simics/HMoE/HLS_HMoE/pseudo_block/run_11/src/pseudo_moe.cpp:162 VARIABLE mul59_7 LOOP VITIS_LOOP_158_5 BUNDLEDNAME {} DSP 3 BRAM 0 URAM 0 STORAGESUBTYPE {} DISPNAME {bind_op fmul}} {BINDTYPE op ID {} IMPL fulldsp LATENCY 1 OPTYPE fadd PRAGMA {} RTLNAME fadd_32ns_32ns_32_2_full_dsp_1_U95 SOURCE /home/simics/HMoE/HLS_HMoE/pseudo_block/run_11/src/pseudo_moe.cpp:162 VARIABLE acc_8 LOOP VITIS_LOOP_158_5 BUNDLEDNAME {} DSP 2 BRAM 0 URAM 0 STORAGESUBTYPE {} DISPNAME {bind_op fadd}} {BINDTYPE op ID {} IMPL maxdsp LATENCY 1 OPTYPE fmul PRAGMA {} RTLNAME fmul_32ns_32ns_32_2_max_dsp_1_U96 SOURCE /home/simics/HMoE/HLS_HMoE/pseudo_block/run_11/src/pseudo_moe.cpp:162 VARIABLE mul59_8 LOOP VITIS_LOOP_158_5 BUNDLEDNAME {} DSP 3 BRAM 0 URAM 0 STORAGESUBTYPE {} DISPNAME {bind_op fmul}} {BINDTYPE op ID {} IMPL fulldsp LATENCY 1 OPTYPE fadd PRAGMA {} RTLNAME fadd_32ns_32ns_32_2_full_dsp_1_U95 SOURCE /home/simics/HMoE/HLS_HMoE/pseudo_block/run_11/src/pseudo_moe.cpp:162 VARIABLE acc_9 LOOP VITIS_LOOP_158_5 BUNDLEDNAME {} DSP 2 BRAM 0 URAM 0 STORAGESUBTYPE {} DISPNAME {bind_op fadd}} {BINDTYPE op ID {} IMPL maxdsp LATENCY 1 OPTYPE fmul PRAGMA {} RTLNAME fmul_32ns_32ns_32_2_max_dsp_1_U96 SOURCE /home/simics/HMoE/HLS_HMoE/pseudo_block/run_11/src/pseudo_moe.cpp:162 VARIABLE mul59_9 LOOP VITIS_LOOP_158_5 BUNDLEDNAME {} DSP 3 BRAM 0 URAM 0 STORAGESUBTYPE {} DISPNAME {bind_op fmul}} {BINDTYPE op ID {} IMPL fulldsp LATENCY 1 OPTYPE fadd PRAGMA {} RTLNAME fadd_32ns_32ns_32_2_full_dsp_1_U95 SOURCE /home/simics/HMoE/HLS_HMoE/pseudo_block/run_11/src/pseudo_moe.cpp:162 VARIABLE acc_10 LOOP VITIS_LOOP_158_5 BUNDLEDNAME {} DSP 2 BRAM 0 URAM 0 STORAGESUBTYPE {} DISPNAME {bind_op fadd}} {BINDTYPE op ID {} IMPL maxdsp LATENCY 1 OPTYPE fmul PRAGMA {} RTLNAME fmul_32ns_32ns_32_2_max_dsp_1_U96 SOURCE /home/simics/HMoE/HLS_HMoE/pseudo_block/run_11/src/pseudo_moe.cpp:162 VARIABLE mul59_s LOOP VITIS_LOOP_158_5 BUNDLEDNAME {} DSP 3 BRAM 0 URAM 0 STORAGESUBTYPE {} DISPNAME {bind_op fmul}} {BINDTYPE op ID {} IMPL fulldsp LATENCY 1 OPTYPE fadd PRAGMA {} RTLNAME fadd_32ns_32ns_32_2_full_dsp_1_U95 SOURCE /home/simics/HMoE/HLS_HMoE/pseudo_block/run_11/src/pseudo_moe.cpp:162 VARIABLE acc_11 LOOP VITIS_LOOP_158_5 BUNDLEDNAME {} DSP 2 BRAM 0 URAM 0 STORAGESUBTYPE {} DISPNAME {bind_op fadd}} {BINDTYPE op ID {} IMPL maxdsp LATENCY 1 OPTYPE fmul PRAGMA {} RTLNAME fmul_32ns_32ns_32_2_max_dsp_1_U96 SOURCE /home/simics/HMoE/HLS_HMoE/pseudo_block/run_11/src/pseudo_moe.cpp:162 VARIABLE mul59_10 LOOP VITIS_LOOP_158_5 BUNDLEDNAME {} DSP 3 BRAM 0 URAM 0 STORAGESUBTYPE {} DISPNAME {bind_op fmul}} {BINDTYPE op ID {} IMPL fulldsp LATENCY 1 OPTYPE fadd PRAGMA {} RTLNAME fadd_32ns_32ns_32_2_full_dsp_1_U95 SOURCE /home/simics/HMoE/HLS_HMoE/pseudo_block/run_11/src/pseudo_moe.cpp:162 VARIABLE acc_12 LOOP VITIS_LOOP_158_5 BUNDLEDNAME {} DSP 2 BRAM 0 URAM 0 STORAGESUBTYPE {} DISPNAME {bind_op fadd}} {BINDTYPE op ID {} IMPL maxdsp LATENCY 1 OPTYPE fmul PRAGMA {} RTLNAME fmul_32ns_32ns_32_2_max_dsp_1_U96 SOURCE /home/simics/HMoE/HLS_HMoE/pseudo_block/run_11/src/pseudo_moe.cpp:162 VARIABLE mul59_11 LOOP VITIS_LOOP_158_5 BUNDLEDNAME {} DSP 3 BRAM 0 URAM 0 STORAGESUBTYPE {} DISPNAME {bind_op fmul}} {BINDTYPE op ID {} IMPL fulldsp LATENCY 1 OPTYPE fadd PRAGMA {} RTLNAME fadd_32ns_32ns_32_2_full_dsp_1_U95 SOURCE /home/simics/HMoE/HLS_HMoE/pseudo_block/run_11/src/pseudo_moe.cpp:162 VARIABLE acc_13 LOOP VITIS_LOOP_158_5 BUNDLEDNAME {} DSP 2 BRAM 0 URAM 0 STORAGESUBTYPE {} DISPNAME {bind_op fadd}} {BINDTYPE op ID {} IMPL maxdsp LATENCY 1 OPTYPE fmul PRAGMA {} RTLNAME fmul_32ns_32ns_32_2_max_dsp_1_U96 SOURCE /home/simics/HMoE/HLS_HMoE/pseudo_block/run_11/src/pseudo_moe.cpp:162 VARIABLE mul59_12 LOOP VITIS_LOOP_158_5 BUNDLEDNAME {} DSP 3 BRAM 0 URAM 0 STORAGESUBTYPE {} DISPNAME {bind_op fmul}} {BINDTYPE op ID {} IMPL fulldsp LATENCY 1 OPTYPE fadd PRAGMA {} RTLNAME fadd_32ns_32ns_32_2_full_dsp_1_U95 SOURCE /home/simics/HMoE/HLS_HMoE/pseudo_block/run_11/src/pseudo_moe.cpp:162 VARIABLE acc_14 LOOP VITIS_LOOP_158_5 BUNDLEDNAME {} DSP 2 BRAM 0 URAM 0 STORAGESUBTYPE {} DISPNAME {bind_op fadd}} {BINDTYPE op ID {} IMPL maxdsp LATENCY 1 OPTYPE fmul PRAGMA {} RTLNAME fmul_32ns_32ns_32_2_max_dsp_1_U96 SOURCE /home/simics/HMoE/HLS_HMoE/pseudo_block/run_11/src/pseudo_moe.cpp:162 VARIABLE mul59_13 LOOP VITIS_LOOP_158_5 BUNDLEDNAME {} DSP 3 BRAM 0 URAM 0 STORAGESUBTYPE {} DISPNAME {bind_op fmul}} {BINDTYPE op ID {} IMPL fulldsp LATENCY 1 OPTYPE fadd PRAGMA {} RTLNAME fadd_32ns_32ns_32_2_full_dsp_1_U95 SOURCE /home/simics/HMoE/HLS_HMoE/pseudo_block/run_11/src/pseudo_moe.cpp:162 VARIABLE acc_15 LOOP VITIS_LOOP_158_5 BUNDLEDNAME {} DSP 2 BRAM 0 URAM 0 STORAGESUBTYPE {} DISPNAME {bind_op fadd}} {BINDTYPE op ID {} IMPL maxdsp LATENCY 1 OPTYPE fmul PRAGMA {} RTLNAME fmul_32ns_32ns_32_2_max_dsp_1_U96 SOURCE /home/simics/HMoE/HLS_HMoE/pseudo_block/run_11/src/pseudo_moe.cpp:162 VARIABLE mul59_14 LOOP VITIS_LOOP_158_5 BUNDLEDNAME {} DSP 3 BRAM 0 URAM 0 STORAGESUBTYPE {} DISPNAME {bind_op fmul}} {BINDTYPE op ID {} IMPL fulldsp LATENCY 1 OPTYPE fadd PRAGMA {} RTLNAME fadd_32ns_32ns_32_2_full_dsp_1_U95 SOURCE /home/simics/HMoE/HLS_HMoE/pseudo_block/run_11/src/pseudo_moe.cpp:162 VARIABLE acc_16 LOOP VITIS_LOOP_158_5 BUNDLEDNAME {} DSP 2 BRAM 0 URAM 0 STORAGESUBTYPE {} DISPNAME {bind_op fadd}} {BINDTYPE op ID {} IMPL maxdsp LATENCY 1 OPTYPE fmul PRAGMA {} RTLNAME fmul_32ns_32ns_32_2_max_dsp_1_U96 SOURCE /home/simics/HMoE/HLS_HMoE/pseudo_block/run_11/src/pseudo_moe.cpp:162 VARIABLE mul59_15 LOOP VITIS_LOOP_158_5 BUNDLEDNAME {} DSP 3 BRAM 0 URAM 0 STORAGESUBTYPE {} DISPNAME {bind_op fmul}} {BINDTYPE op ID {} IMPL fulldsp LATENCY 1 OPTYPE fadd PRAGMA {} RTLNAME fadd_32ns_32ns_32_2_full_dsp_1_U95 SOURCE /home/simics/HMoE/HLS_HMoE/pseudo_block/run_11/src/pseudo_moe.cpp:162 VARIABLE acc_17 LOOP VITIS_LOOP_158_5 BUNDLEDNAME {} DSP 2 BRAM 0 URAM 0 STORAGESUBTYPE {} DISPNAME {bind_op fadd}} {BINDTYPE op ID {} IMPL maxdsp LATENCY 1 OPTYPE fmul PRAGMA {} RTLNAME fmul_32ns_32ns_32_2_max_dsp_1_U96 SOURCE /home/simics/HMoE/HLS_HMoE/pseudo_block/run_11/src/pseudo_moe.cpp:162 VARIABLE mul59_16 LOOP VITIS_LOOP_158_5 BUNDLEDNAME {} DSP 3 BRAM 0 URAM 0 STORAGESUBTYPE {} DISPNAME {bind_op fmul}} {BINDTYPE op ID {} IMPL fulldsp LATENCY 1 OPTYPE fadd PRAGMA {} RTLNAME fadd_32ns_32ns_32_2_full_dsp_1_U95 SOURCE /home/simics/HMoE/HLS_HMoE/pseudo_block/run_11/src/pseudo_moe.cpp:162 VARIABLE acc_18 LOOP VITIS_LOOP_158_5 BUNDLEDNAME {} DSP 2 BRAM 0 URAM 0 STORAGESUBTYPE {} DISPNAME {bind_op fadd}} {BINDTYPE op ID {} IMPL maxdsp LATENCY 1 OPTYPE fmul PRAGMA {} RTLNAME fmul_32ns_32ns_32_2_max_dsp_1_U96 SOURCE /home/simics/HMoE/HLS_HMoE/pseudo_block/run_11/src/pseudo_moe.cpp:162 VARIABLE mul59_17 LOOP VITIS_LOOP_158_5 BUNDLEDNAME {} DSP 3 BRAM 0 URAM 0 STORAGESUBTYPE {} DISPNAME {bind_op fmul}} {BINDTYPE op ID {} IMPL fulldsp LATENCY 1 OPTYPE fadd PRAGMA {} RTLNAME fadd_32ns_32ns_32_2_full_dsp_1_U95 SOURCE /home/simics/HMoE/HLS_HMoE/pseudo_block/run_11/src/pseudo_moe.cpp:162 VARIABLE acc_19 LOOP VITIS_LOOP_158_5 BUNDLEDNAME {} DSP 2 BRAM 0 URAM 0 STORAGESUBTYPE {} DISPNAME {bind_op fadd}} {BINDTYPE op ID {} IMPL maxdsp LATENCY 1 OPTYPE fmul PRAGMA {} RTLNAME fmul_32ns_32ns_32_2_max_dsp_1_U96 SOURCE /home/simics/HMoE/HLS_HMoE/pseudo_block/run_11/src/pseudo_moe.cpp:162 VARIABLE mul59_18 LOOP VITIS_LOOP_158_5 BUNDLEDNAME {} DSP 3 BRAM 0 URAM 0 STORAGESUBTYPE {} DISPNAME {bind_op fmul}} {BINDTYPE op ID {} IMPL fulldsp LATENCY 1 OPTYPE fadd PRAGMA {} RTLNAME fadd_32ns_32ns_32_2_full_dsp_1_U95 SOURCE /home/simics/HMoE/HLS_HMoE/pseudo_block/run_11/src/pseudo_moe.cpp:162 VARIABLE acc_20 LOOP VITIS_LOOP_158_5 BUNDLEDNAME {} DSP 2 BRAM 0 URAM 0 STORAGESUBTYPE {} DISPNAME {bind_op fadd}} {BINDTYPE op ID {} IMPL maxdsp LATENCY 1 OPTYPE fmul PRAGMA {} RTLNAME fmul_32ns_32ns_32_2_max_dsp_1_U96 SOURCE /home/simics/HMoE/HLS_HMoE/pseudo_block/run_11/src/pseudo_moe.cpp:162 VARIABLE mul59_19 LOOP VITIS_LOOP_158_5 BUNDLEDNAME {} DSP 3 BRAM 0 URAM 0 STORAGESUBTYPE {} DISPNAME {bind_op fmul}} {BINDTYPE op ID {} IMPL fulldsp LATENCY 1 OPTYPE fadd PRAGMA {} RTLNAME fadd_32ns_32ns_32_2_full_dsp_1_U95 SOURCE /home/simics/HMoE/HLS_HMoE/pseudo_block/run_11/src/pseudo_moe.cpp:162 VARIABLE acc_21 LOOP VITIS_LOOP_158_5 BUNDLEDNAME {} DSP 2 BRAM 0 URAM 0 STORAGESUBTYPE {} DISPNAME {bind_op fadd}} {BINDTYPE op ID {} IMPL maxdsp LATENCY 1 OPTYPE fmul PRAGMA {} RTLNAME fmul_32ns_32ns_32_2_max_dsp_1_U96 SOURCE /home/simics/HMoE/HLS_HMoE/pseudo_block/run_11/src/pseudo_moe.cpp:162 VARIABLE mul59_20 LOOP VITIS_LOOP_158_5 BUNDLEDNAME {} DSP 3 BRAM 0 URAM 0 STORAGESUBTYPE {} DISPNAME {bind_op fmul}} {BINDTYPE op ID {} IMPL fulldsp LATENCY 1 OPTYPE fadd PRAGMA {} RTLNAME fadd_32ns_32ns_32_2_full_dsp_1_U95 SOURCE /home/simics/HMoE/HLS_HMoE/pseudo_block/run_11/src/pseudo_moe.cpp:162 VARIABLE acc_22 LOOP VITIS_LOOP_158_5 BUNDLEDNAME {} DSP 2 BRAM 0 URAM 0 STORAGESUBTYPE {} DISPNAME {bind_op fadd}} {BINDTYPE op ID {} IMPL maxdsp LATENCY 1 OPTYPE fmul PRAGMA {} RTLNAME fmul_32ns_32ns_32_2_max_dsp_1_U96 SOURCE /home/simics/HMoE/HLS_HMoE/pseudo_block/run_11/src/pseudo_moe.cpp:162 VARIABLE mul59_21 LOOP VITIS_LOOP_158_5 BUNDLEDNAME {} DSP 3 BRAM 0 URAM 0 STORAGESUBTYPE {} DISPNAME {bind_op fmul}} {BINDTYPE op ID {} IMPL fulldsp LATENCY 1 OPTYPE fadd PRAGMA {} RTLNAME fadd_32ns_32ns_32_2_full_dsp_1_U95 SOURCE /home/simics/HMoE/HLS_HMoE/pseudo_block/run_11/src/pseudo_moe.cpp:162 VARIABLE acc_23 LOOP VITIS_LOOP_158_5 BUNDLEDNAME {} DSP 2 BRAM 0 URAM 0 STORAGESUBTYPE {} DISPNAME {bind_op fadd}} {BINDTYPE op ID {} IMPL maxdsp LATENCY 1 OPTYPE fmul PRAGMA {} RTLNAME fmul_32ns_32ns_32_2_max_dsp_1_U96 SOURCE /home/simics/HMoE/HLS_HMoE/pseudo_block/run_11/src/pseudo_moe.cpp:162 VARIABLE mul59_22 LOOP VITIS_LOOP_158_5 BUNDLEDNAME {} DSP 3 BRAM 0 URAM 0 STORAGESUBTYPE {} DISPNAME {bind_op fmul}} {BINDTYPE op ID {} IMPL fulldsp LATENCY 1 OPTYPE fadd PRAGMA {} RTLNAME fadd_32ns_32ns_32_2_full_dsp_1_U95 SOURCE /home/simics/HMoE/HLS_HMoE/pseudo_block/run_11/src/pseudo_moe.cpp:162 VARIABLE acc_24 LOOP VITIS_LOOP_158_5 BUNDLEDNAME {} DSP 2 BRAM 0 URAM 0 STORAGESUBTYPE {} DISPNAME {bind_op fadd}} {BINDTYPE op ID {} IMPL maxdsp LATENCY 1 OPTYPE fmul PRAGMA {} RTLNAME fmul_32ns_32ns_32_2_max_dsp_1_U96 SOURCE /home/simics/HMoE/HLS_HMoE/pseudo_block/run_11/src/pseudo_moe.cpp:162 VARIABLE mul59_23 LOOP VITIS_LOOP_158_5 BUNDLEDNAME {} DSP 3 BRAM 0 URAM 0 STORAGESUBTYPE {} DISPNAME {bind_op fmul}} {BINDTYPE op ID {} IMPL fulldsp LATENCY 1 OPTYPE fadd PRAGMA {} RTLNAME fadd_32ns_32ns_32_2_full_dsp_1_U95 SOURCE /home/simics/HMoE/HLS_HMoE/pseudo_block/run_11/src/pseudo_moe.cpp:162 VARIABLE acc_25 LOOP VITIS_LOOP_158_5 BUNDLEDNAME {} DSP 2 BRAM 0 URAM 0 STORAGESUBTYPE {} DISPNAME {bind_op fadd}} {BINDTYPE op ID {} IMPL maxdsp LATENCY 1 OPTYPE fmul PRAGMA {} RTLNAME fmul_32ns_32ns_32_2_max_dsp_1_U96 SOURCE /home/simics/HMoE/HLS_HMoE/pseudo_block/run_11/src/pseudo_moe.cpp:162 VARIABLE mul59_24 LOOP VITIS_LOOP_158_5 BUNDLEDNAME {} DSP 3 BRAM 0 URAM 0 STORAGESUBTYPE {} DISPNAME {bind_op fmul}} {BINDTYPE op ID {} IMPL fulldsp LATENCY 1 OPTYPE fadd PRAGMA {} RTLNAME fadd_32ns_32ns_32_2_full_dsp_1_U95 SOURCE /home/simics/HMoE/HLS_HMoE/pseudo_block/run_11/src/pseudo_moe.cpp:162 VARIABLE acc_26 LOOP VITIS_LOOP_158_5 BUNDLEDNAME {} DSP 2 BRAM 0 URAM 0 STORAGESUBTYPE {} DISPNAME {bind_op fadd}} {BINDTYPE op ID {} IMPL maxdsp LATENCY 1 OPTYPE fmul PRAGMA {} RTLNAME fmul_32ns_32ns_32_2_max_dsp_1_U96 SOURCE /home/simics/HMoE/HLS_HMoE/pseudo_block/run_11/src/pseudo_moe.cpp:162 VARIABLE mul59_25 LOOP VITIS_LOOP_158_5 BUNDLEDNAME {} DSP 3 BRAM 0 URAM 0 STORAGESUBTYPE {} DISPNAME {bind_op fmul}} {BINDTYPE op ID {} IMPL fulldsp LATENCY 1 OPTYPE fadd PRAGMA {} RTLNAME fadd_32ns_32ns_32_2_full_dsp_1_U95 SOURCE /home/simics/HMoE/HLS_HMoE/pseudo_block/run_11/src/pseudo_moe.cpp:162 VARIABLE acc_27 LOOP VITIS_LOOP_158_5 BUNDLEDNAME {} DSP 2 BRAM 0 URAM 0 STORAGESUBTYPE {} DISPNAME {bind_op fadd}} {BINDTYPE op ID {} IMPL maxdsp LATENCY 1 OPTYPE fmul PRAGMA {} RTLNAME fmul_32ns_32ns_32_2_max_dsp_1_U96 SOURCE /home/simics/HMoE/HLS_HMoE/pseudo_block/run_11/src/pseudo_moe.cpp:162 VARIABLE mul59_26 LOOP VITIS_LOOP_158_5 BUNDLEDNAME {} DSP 3 BRAM 0 URAM 0 STORAGESUBTYPE {} DISPNAME {bind_op fmul}} {BINDTYPE op ID {} IMPL fulldsp LATENCY 1 OPTYPE fadd PRAGMA {} RTLNAME fadd_32ns_32ns_32_2_full_dsp_1_U95 SOURCE /home/simics/HMoE/HLS_HMoE/pseudo_block/run_11/src/pseudo_moe.cpp:162 VARIABLE acc_28 LOOP VITIS_LOOP_158_5 BUNDLEDNAME {} DSP 2 BRAM 0 URAM 0 STORAGESUBTYPE {} DISPNAME {bind_op fadd}} {BINDTYPE op ID {} IMPL maxdsp LATENCY 1 OPTYPE fmul PRAGMA {} RTLNAME fmul_32ns_32ns_32_2_max_dsp_1_U96 SOURCE /home/simics/HMoE/HLS_HMoE/pseudo_block/run_11/src/pseudo_moe.cpp:162 VARIABLE mul59_27 LOOP VITIS_LOOP_158_5 BUNDLEDNAME {} DSP 3 BRAM 0 URAM 0 STORAGESUBTYPE {} DISPNAME {bind_op fmul}} {BINDTYPE op ID {} IMPL fulldsp LATENCY 1 OPTYPE fadd PRAGMA {} RTLNAME fadd_32ns_32ns_32_2_full_dsp_1_U95 SOURCE /home/simics/HMoE/HLS_HMoE/pseudo_block/run_11/src/pseudo_moe.cpp:162 VARIABLE acc_29 LOOP VITIS_LOOP_158_5 BUNDLEDNAME {} DSP 2 BRAM 0 URAM 0 STORAGESUBTYPE {} DISPNAME {bind_op fadd}} {BINDTYPE op ID {} IMPL maxdsp LATENCY 1 OPTYPE fmul PRAGMA {} RTLNAME fmul_32ns_32ns_32_2_max_dsp_1_U96 SOURCE /home/simics/HMoE/HLS_HMoE/pseudo_block/run_11/src/pseudo_moe.cpp:162 VARIABLE mul59_28 LOOP VITIS_LOOP_158_5 BUNDLEDNAME {} DSP 3 BRAM 0 URAM 0 STORAGESUBTYPE {} DISPNAME {bind_op fmul}} {BINDTYPE op ID {} IMPL fulldsp LATENCY 1 OPTYPE fadd PRAGMA {} RTLNAME fadd_32ns_32ns_32_2_full_dsp_1_U95 SOURCE /home/simics/HMoE/HLS_HMoE/pseudo_block/run_11/src/pseudo_moe.cpp:162 VARIABLE acc_30 LOOP VITIS_LOOP_158_5 BUNDLEDNAME {} DSP 2 BRAM 0 URAM 0 STORAGESUBTYPE {} DISPNAME {bind_op fadd}} {BINDTYPE op ID {} IMPL maxdsp LATENCY 1 OPTYPE fmul PRAGMA {} RTLNAME fmul_32ns_32ns_32_2_max_dsp_1_U96 SOURCE /home/simics/HMoE/HLS_HMoE/pseudo_block/run_11/src/pseudo_moe.cpp:162 VARIABLE mul59_29 LOOP VITIS_LOOP_158_5 BUNDLEDNAME {} DSP 3 BRAM 0 URAM 0 STORAGESUBTYPE {} DISPNAME {bind_op fmul}} {BINDTYPE op ID {} IMPL fulldsp LATENCY 1 OPTYPE fadd PRAGMA {} RTLNAME fadd_32ns_32ns_32_2_full_dsp_1_U95 SOURCE /home/simics/HMoE/HLS_HMoE/pseudo_block/run_11/src/pseudo_moe.cpp:162 VARIABLE acc_31 LOOP VITIS_LOOP_158_5 BUNDLEDNAME {} DSP 2 BRAM 0 URAM 0 STORAGESUBTYPE {} DISPNAME {bind_op fadd}} {BINDTYPE op ID {} IMPL maxdsp LATENCY 1 OPTYPE fmul PRAGMA {} RTLNAME fmul_32ns_32ns_32_2_max_dsp_1_U96 SOURCE /home/simics/HMoE/HLS_HMoE/pseudo_block/run_11/src/pseudo_moe.cpp:162 VARIABLE mul59_30 LOOP VITIS_LOOP_158_5 BUNDLEDNAME {} DSP 3 BRAM 0 URAM 0 STORAGESUBTYPE {} DISPNAME {bind_op fmul}} {BINDTYPE op ID {} IMPL fulldsp LATENCY 1 OPTYPE fadd PRAGMA {} RTLNAME fadd_32ns_32ns_32_2_full_dsp_1_U95 SOURCE /home/simics/HMoE/HLS_HMoE/pseudo_block/run_11/src/pseudo_moe.cpp:162 VARIABLE acc_32 LOOP VITIS_LOOP_158_5 BUNDLEDNAME {} DSP 2 BRAM 0 URAM 0 STORAGESUBTYPE {} DISPNAME {bind_op fadd}} {BINDTYPE op ID {} IMPL maxdsp LATENCY 1 OPTYPE fmul PRAGMA {} RTLNAME fmul_32ns_32ns_32_2_max_dsp_1_U96 SOURCE /home/simics/HMoE/HLS_HMoE/pseudo_block/run_11/src/pseudo_moe.cpp:162 VARIABLE mul59_31 LOOP VITIS_LOOP_158_5 BUNDLEDNAME {} DSP 3 BRAM 0 URAM 0 STORAGESUBTYPE {} DISPNAME {bind_op fmul}} {BINDTYPE op ID {} IMPL fulldsp LATENCY 1 OPTYPE fadd PRAGMA {} RTLNAME fadd_32ns_32ns_32_2_full_dsp_1_U95 SOURCE /home/simics/HMoE/HLS_HMoE/pseudo_block/run_11/src/pseudo_moe.cpp:162 VARIABLE acc_33 LOOP VITIS_LOOP_158_5 BUNDLEDNAME {} DSP 2 BRAM 0 URAM 0 STORAGESUBTYPE {} DISPNAME {bind_op fadd}} {BINDTYPE op ID {} IMPL maxdsp LATENCY 1 OPTYPE fmul PRAGMA {} RTLNAME fmul_32ns_32ns_32_2_max_dsp_1_U96 SOURCE /home/simics/HMoE/HLS_HMoE/pseudo_block/run_11/src/pseudo_moe.cpp:162 VARIABLE mul59_32 LOOP VITIS_LOOP_158_5 BUNDLEDNAME {} DSP 3 BRAM 0 URAM 0 STORAGESUBTYPE {} DISPNAME {bind_op fmul}} {BINDTYPE op ID {} IMPL fulldsp LATENCY 1 OPTYPE fadd PRAGMA {} RTLNAME fadd_32ns_32ns_32_2_full_dsp_1_U95 SOURCE /home/simics/HMoE/HLS_HMoE/pseudo_block/run_11/src/pseudo_moe.cpp:162 VARIABLE acc_34 LOOP VITIS_LOOP_158_5 BUNDLEDNAME {} DSP 2 BRAM 0 URAM 0 STORAGESUBTYPE {} DISPNAME {bind_op fadd}} {BINDTYPE op ID {} IMPL maxdsp LATENCY 1 OPTYPE fmul PRAGMA {} RTLNAME fmul_32ns_32ns_32_2_max_dsp_1_U96 SOURCE /home/simics/HMoE/HLS_HMoE/pseudo_block/run_11/src/pseudo_moe.cpp:162 VARIABLE mul59_33 LOOP VITIS_LOOP_158_5 BUNDLEDNAME {} DSP 3 BRAM 0 URAM 0 STORAGESUBTYPE {} DISPNAME {bind_op fmul}} {BINDTYPE op ID {} IMPL fulldsp LATENCY 1 OPTYPE fadd PRAGMA {} RTLNAME fadd_32ns_32ns_32_2_full_dsp_1_U95 SOURCE /home/simics/HMoE/HLS_HMoE/pseudo_block/run_11/src/pseudo_moe.cpp:162 VARIABLE acc_35 LOOP VITIS_LOOP_158_5 BUNDLEDNAME {} DSP 2 BRAM 0 URAM 0 STORAGESUBTYPE {} DISPNAME {bind_op fadd}} {BINDTYPE op ID {} IMPL maxdsp LATENCY 1 OPTYPE fmul PRAGMA {} RTLNAME fmul_32ns_32ns_32_2_max_dsp_1_U96 SOURCE /home/simics/HMoE/HLS_HMoE/pseudo_block/run_11/src/pseudo_moe.cpp:162 VARIABLE mul59_34 LOOP VITIS_LOOP_158_5 BUNDLEDNAME {} DSP 3 BRAM 0 URAM 0 STORAGESUBTYPE {} DISPNAME {bind_op fmul}} {BINDTYPE op ID {} IMPL fulldsp LATENCY 1 OPTYPE fadd PRAGMA {} RTLNAME fadd_32ns_32ns_32_2_full_dsp_1_U95 SOURCE /home/simics/HMoE/HLS_HMoE/pseudo_block/run_11/src/pseudo_moe.cpp:162 VARIABLE acc_36 LOOP VITIS_LOOP_158_5 BUNDLEDNAME {} DSP 2 BRAM 0 URAM 0 STORAGESUBTYPE {} DISPNAME {bind_op fadd}} {BINDTYPE op ID {} IMPL maxdsp LATENCY 1 OPTYPE fmul PRAGMA {} RTLNAME fmul_32ns_32ns_32_2_max_dsp_1_U96 SOURCE /home/simics/HMoE/HLS_HMoE/pseudo_block/run_11/src/pseudo_moe.cpp:162 VARIABLE mul59_35 LOOP VITIS_LOOP_158_5 BUNDLEDNAME {} DSP 3 BRAM 0 URAM 0 STORAGESUBTYPE {} DISPNAME {bind_op fmul}} {BINDTYPE op ID {} IMPL fulldsp LATENCY 1 OPTYPE fadd PRAGMA {} RTLNAME fadd_32ns_32ns_32_2_full_dsp_1_U95 SOURCE /home/simics/HMoE/HLS_HMoE/pseudo_block/run_11/src/pseudo_moe.cpp:162 VARIABLE acc_37 LOOP VITIS_LOOP_158_5 BUNDLEDNAME {} DSP 2 BRAM 0 URAM 0 STORAGESUBTYPE {} DISPNAME {bind_op fadd}} {BINDTYPE op ID {} IMPL maxdsp LATENCY 1 OPTYPE fmul PRAGMA {} RTLNAME fmul_32ns_32ns_32_2_max_dsp_1_U96 SOURCE /home/simics/HMoE/HLS_HMoE/pseudo_block/run_11/src/pseudo_moe.cpp:162 VARIABLE mul59_36 LOOP VITIS_LOOP_158_5 BUNDLEDNAME {} DSP 3 BRAM 0 URAM 0 STORAGESUBTYPE {} DISPNAME {bind_op fmul}} {BINDTYPE op ID {} IMPL fulldsp LATENCY 1 OPTYPE fadd PRAGMA {} RTLNAME fadd_32ns_32ns_32_2_full_dsp_1_U95 SOURCE /home/simics/HMoE/HLS_HMoE/pseudo_block/run_11/src/pseudo_moe.cpp:162 VARIABLE acc_38 LOOP VITIS_LOOP_158_5 BUNDLEDNAME {} DSP 2 BRAM 0 URAM 0 STORAGESUBTYPE {} DISPNAME {bind_op fadd}} {BINDTYPE op ID {} IMPL maxdsp LATENCY 1 OPTYPE fmul PRAGMA {} RTLNAME fmul_32ns_32ns_32_2_max_dsp_1_U96 SOURCE /home/simics/HMoE/HLS_HMoE/pseudo_block/run_11/src/pseudo_moe.cpp:162 VARIABLE mul59_37 LOOP VITIS_LOOP_158_5 BUNDLEDNAME {} DSP 3 BRAM 0 URAM 0 STORAGESUBTYPE {} DISPNAME {bind_op fmul}} {BINDTYPE op ID {} IMPL fulldsp LATENCY 1 OPTYPE fadd PRAGMA {} RTLNAME fadd_32ns_32ns_32_2_full_dsp_1_U95 SOURCE /home/simics/HMoE/HLS_HMoE/pseudo_block/run_11/src/pseudo_moe.cpp:162 VARIABLE acc_39 LOOP VITIS_LOOP_158_5 BUNDLEDNAME {} DSP 2 BRAM 0 URAM 0 STORAGESUBTYPE {} DISPNAME {bind_op fadd}} {BINDTYPE op ID {} IMPL maxdsp LATENCY 1 OPTYPE fmul PRAGMA {} RTLNAME fmul_32ns_32ns_32_2_max_dsp_1_U96 SOURCE /home/simics/HMoE/HLS_HMoE/pseudo_block/run_11/src/pseudo_moe.cpp:162 VARIABLE mul59_38 LOOP VITIS_LOOP_158_5 BUNDLEDNAME {} DSP 3 BRAM 0 URAM 0 STORAGESUBTYPE {} DISPNAME {bind_op fmul}} {BINDTYPE op ID {} IMPL fulldsp LATENCY 1 OPTYPE fadd PRAGMA {} RTLNAME fadd_32ns_32ns_32_2_full_dsp_1_U95 SOURCE /home/simics/HMoE/HLS_HMoE/pseudo_block/run_11/src/pseudo_moe.cpp:162 VARIABLE acc_40 LOOP VITIS_LOOP_158_5 BUNDLEDNAME {} DSP 2 BRAM 0 URAM 0 STORAGESUBTYPE {} DISPNAME {bind_op fadd}} {BINDTYPE op ID {} IMPL maxdsp LATENCY 1 OPTYPE fmul PRAGMA {} RTLNAME fmul_32ns_32ns_32_2_max_dsp_1_U96 SOURCE /home/simics/HMoE/HLS_HMoE/pseudo_block/run_11/src/pseudo_moe.cpp:162 VARIABLE mul59_39 LOOP VITIS_LOOP_158_5 BUNDLEDNAME {} DSP 3 BRAM 0 URAM 0 STORAGESUBTYPE {} DISPNAME {bind_op fmul}} {BINDTYPE op ID {} IMPL fulldsp LATENCY 1 OPTYPE fadd PRAGMA {} RTLNAME fadd_32ns_32ns_32_2_full_dsp_1_U95 SOURCE /home/simics/HMoE/HLS_HMoE/pseudo_block/run_11/src/pseudo_moe.cpp:162 VARIABLE acc_41 LOOP VITIS_LOOP_158_5 BUNDLEDNAME {} DSP 2 BRAM 0 URAM 0 STORAGESUBTYPE {} DISPNAME {bind_op fadd}} {BINDTYPE op ID {} IMPL maxdsp LATENCY 1 OPTYPE fmul PRAGMA {} RTLNAME fmul_32ns_32ns_32_2_max_dsp_1_U96 SOURCE /home/simics/HMoE/HLS_HMoE/pseudo_block/run_11/src/pseudo_moe.cpp:162 VARIABLE mul59_40 LOOP VITIS_LOOP_158_5 BUNDLEDNAME {} DSP 3 BRAM 0 URAM 0 STORAGESUBTYPE {} DISPNAME {bind_op fmul}} {BINDTYPE op ID {} IMPL fulldsp LATENCY 1 OPTYPE fadd PRAGMA {} RTLNAME fadd_32ns_32ns_32_2_full_dsp_1_U95 SOURCE /home/simics/HMoE/HLS_HMoE/pseudo_block/run_11/src/pseudo_moe.cpp:162 VARIABLE acc_42 LOOP VITIS_LOOP_158_5 BUNDLEDNAME {} DSP 2 BRAM 0 URAM 0 STORAGESUBTYPE {} DISPNAME {bind_op fadd}} {BINDTYPE op ID {} IMPL maxdsp LATENCY 1 OPTYPE fmul PRAGMA {} RTLNAME fmul_32ns_32ns_32_2_max_dsp_1_U96 SOURCE /home/simics/HMoE/HLS_HMoE/pseudo_block/run_11/src/pseudo_moe.cpp:162 VARIABLE mul59_41 LOOP VITIS_LOOP_158_5 BUNDLEDNAME {} DSP 3 BRAM 0 URAM 0 STORAGESUBTYPE {} DISPNAME {bind_op fmul}} {BINDTYPE op ID {} IMPL fulldsp LATENCY 1 OPTYPE fadd PRAGMA {} RTLNAME fadd_32ns_32ns_32_2_full_dsp_1_U95 SOURCE /home/simics/HMoE/HLS_HMoE/pseudo_block/run_11/src/pseudo_moe.cpp:162 VARIABLE acc_43 LOOP VITIS_LOOP_158_5 BUNDLEDNAME {} DSP 2 BRAM 0 URAM 0 STORAGESUBTYPE {} DISPNAME {bind_op fadd}} {BINDTYPE op ID {} IMPL maxdsp LATENCY 1 OPTYPE fmul PRAGMA {} RTLNAME fmul_32ns_32ns_32_2_max_dsp_1_U96 SOURCE /home/simics/HMoE/HLS_HMoE/pseudo_block/run_11/src/pseudo_moe.cpp:162 VARIABLE mul59_42 LOOP VITIS_LOOP_158_5 BUNDLEDNAME {} DSP 3 BRAM 0 URAM 0 STORAGESUBTYPE {} DISPNAME {bind_op fmul}} {BINDTYPE op ID {} IMPL fulldsp LATENCY 1 OPTYPE fadd PRAGMA {} RTLNAME fadd_32ns_32ns_32_2_full_dsp_1_U95 SOURCE /home/simics/HMoE/HLS_HMoE/pseudo_block/run_11/src/pseudo_moe.cpp:162 VARIABLE acc_44 LOOP VITIS_LOOP_158_5 BUNDLEDNAME {} DSP 2 BRAM 0 URAM 0 STORAGESUBTYPE {} DISPNAME {bind_op fadd}} {BINDTYPE op ID {} IMPL maxdsp LATENCY 1 OPTYPE fmul PRAGMA {} RTLNAME fmul_32ns_32ns_32_2_max_dsp_1_U96 SOURCE /home/simics/HMoE/HLS_HMoE/pseudo_block/run_11/src/pseudo_moe.cpp:162 VARIABLE mul59_43 LOOP VITIS_LOOP_158_5 BUNDLEDNAME {} DSP 3 BRAM 0 URAM 0 STORAGESUBTYPE {} DISPNAME {bind_op fmul}} {BINDTYPE op ID {} IMPL fulldsp LATENCY 1 OPTYPE fadd PRAGMA {} RTLNAME fadd_32ns_32ns_32_2_full_dsp_1_U95 SOURCE /home/simics/HMoE/HLS_HMoE/pseudo_block/run_11/src/pseudo_moe.cpp:162 VARIABLE acc_45 LOOP VITIS_LOOP_158_5 BUNDLEDNAME {} DSP 2 BRAM 0 URAM 0 STORAGESUBTYPE {} DISPNAME {bind_op fadd}} {BINDTYPE op ID {} IMPL maxdsp LATENCY 1 OPTYPE fmul PRAGMA {} RTLNAME fmul_32ns_32ns_32_2_max_dsp_1_U96 SOURCE /home/simics/HMoE/HLS_HMoE/pseudo_block/run_11/src/pseudo_moe.cpp:162 VARIABLE mul59_44 LOOP VITIS_LOOP_158_5 BUNDLEDNAME {} DSP 3 BRAM 0 URAM 0 STORAGESUBTYPE {} DISPNAME {bind_op fmul}} {BINDTYPE op ID {} IMPL fulldsp LATENCY 1 OPTYPE fadd PRAGMA {} RTLNAME fadd_32ns_32ns_32_2_full_dsp_1_U95 SOURCE /home/simics/HMoE/HLS_HMoE/pseudo_block/run_11/src/pseudo_moe.cpp:162 VARIABLE acc_46 LOOP VITIS_LOOP_158_5 BUNDLEDNAME {} DSP 2 BRAM 0 URAM 0 STORAGESUBTYPE {} DISPNAME {bind_op fadd}} {BINDTYPE op ID {} IMPL maxdsp LATENCY 1 OPTYPE fmul PRAGMA {} RTLNAME fmul_32ns_32ns_32_2_max_dsp_1_U96 SOURCE /home/simics/HMoE/HLS_HMoE/pseudo_block/run_11/src/pseudo_moe.cpp:162 VARIABLE mul59_45 LOOP VITIS_LOOP_158_5 BUNDLEDNAME {} DSP 3 BRAM 0 URAM 0 STORAGESUBTYPE {} DISPNAME {bind_op fmul}} {BINDTYPE op ID {} IMPL fulldsp LATENCY 1 OPTYPE fadd PRAGMA {} RTLNAME fadd_32ns_32ns_32_2_full_dsp_1_U95 SOURCE /home/simics/HMoE/HLS_HMoE/pseudo_block/run_11/src/pseudo_moe.cpp:162 VARIABLE acc_47 LOOP VITIS_LOOP_158_5 BUNDLEDNAME {} DSP 2 BRAM 0 URAM 0 STORAGESUBTYPE {} DISPNAME {bind_op fadd}} {BINDTYPE op ID {} IMPL maxdsp LATENCY 1 OPTYPE fmul PRAGMA {} RTLNAME fmul_32ns_32ns_32_2_max_dsp_1_U96 SOURCE /home/simics/HMoE/HLS_HMoE/pseudo_block/run_11/src/pseudo_moe.cpp:162 VARIABLE mul59_46 LOOP VITIS_LOOP_158_5 BUNDLEDNAME {} DSP 3 BRAM 0 URAM 0 STORAGESUBTYPE {} DISPNAME {bind_op fmul}} {BINDTYPE op ID {} IMPL fulldsp LATENCY 1 OPTYPE fadd PRAGMA {} RTLNAME fadd_32ns_32ns_32_2_full_dsp_1_U95 SOURCE /home/simics/HMoE/HLS_HMoE/pseudo_block/run_11/src/pseudo_moe.cpp:162 VARIABLE acc_48 LOOP VITIS_LOOP_158_5 BUNDLEDNAME {} DSP 2 BRAM 0 URAM 0 STORAGESUBTYPE {} DISPNAME {bind_op fadd}} {BINDTYPE op ID {} IMPL maxdsp LATENCY 1 OPTYPE fmul PRAGMA {} RTLNAME fmul_32ns_32ns_32_2_max_dsp_1_U96 SOURCE /home/simics/HMoE/HLS_HMoE/pseudo_block/run_11/src/pseudo_moe.cpp:162 VARIABLE mul59_47 LOOP VITIS_LOOP_158_5 BUNDLEDNAME {} DSP 3 BRAM 0 URAM 0 STORAGESUBTYPE {} DISPNAME {bind_op fmul}} {BINDTYPE op ID {} IMPL fulldsp LATENCY 1 OPTYPE fadd PRAGMA {} RTLNAME fadd_32ns_32ns_32_2_full_dsp_1_U95 SOURCE /home/simics/HMoE/HLS_HMoE/pseudo_block/run_11/src/pseudo_moe.cpp:162 VARIABLE acc_49 LOOP VITIS_LOOP_158_5 BUNDLEDNAME {} DSP 2 BRAM 0 URAM 0 STORAGESUBTYPE {} DISPNAME {bind_op fadd}} {BINDTYPE op ID {} IMPL maxdsp LATENCY 1 OPTYPE fmul PRAGMA {} RTLNAME fmul_32ns_32ns_32_2_max_dsp_1_U96 SOURCE /home/simics/HMoE/HLS_HMoE/pseudo_block/run_11/src/pseudo_moe.cpp:162 VARIABLE mul59_48 LOOP VITIS_LOOP_158_5 BUNDLEDNAME {} DSP 3 BRAM 0 URAM 0 STORAGESUBTYPE {} DISPNAME {bind_op fmul}} {BINDTYPE op ID {} IMPL fulldsp LATENCY 1 OPTYPE fadd PRAGMA {} RTLNAME fadd_32ns_32ns_32_2_full_dsp_1_U95 SOURCE /home/simics/HMoE/HLS_HMoE/pseudo_block/run_11/src/pseudo_moe.cpp:162 VARIABLE acc_50 LOOP VITIS_LOOP_158_5 BUNDLEDNAME {} DSP 2 BRAM 0 URAM 0 STORAGESUBTYPE {} DISPNAME {bind_op fadd}} {BINDTYPE op ID {} IMPL maxdsp LATENCY 1 OPTYPE fmul PRAGMA {} RTLNAME fmul_32ns_32ns_32_2_max_dsp_1_U96 SOURCE /home/simics/HMoE/HLS_HMoE/pseudo_block/run_11/src/pseudo_moe.cpp:162 VARIABLE mul59_49 LOOP VITIS_LOOP_158_5 BUNDLEDNAME {} DSP 3 BRAM 0 URAM 0 STORAGESUBTYPE {} DISPNAME {bind_op fmul}} {BINDTYPE op ID {} IMPL fulldsp LATENCY 1 OPTYPE fadd PRAGMA {} RTLNAME fadd_32ns_32ns_32_2_full_dsp_1_U95 SOURCE /home/simics/HMoE/HLS_HMoE/pseudo_block/run_11/src/pseudo_moe.cpp:162 VARIABLE acc_51 LOOP VITIS_LOOP_158_5 BUNDLEDNAME {} DSP 2 BRAM 0 URAM 0 STORAGESUBTYPE {} DISPNAME {bind_op fadd}} {BINDTYPE op ID {} IMPL maxdsp LATENCY 1 OPTYPE fmul PRAGMA {} RTLNAME fmul_32ns_32ns_32_2_max_dsp_1_U96 SOURCE /home/simics/HMoE/HLS_HMoE/pseudo_block/run_11/src/pseudo_moe.cpp:162 VARIABLE mul59_50 LOOP VITIS_LOOP_158_5 BUNDLEDNAME {} DSP 3 BRAM 0 URAM 0 STORAGESUBTYPE {} DISPNAME {bind_op fmul}} {BINDTYPE op ID {} IMPL fulldsp LATENCY 1 OPTYPE fadd PRAGMA {} RTLNAME fadd_32ns_32ns_32_2_full_dsp_1_U95 SOURCE /home/simics/HMoE/HLS_HMoE/pseudo_block/run_11/src/pseudo_moe.cpp:162 VARIABLE acc_52 LOOP VITIS_LOOP_158_5 BUNDLEDNAME {} DSP 2 BRAM 0 URAM 0 STORAGESUBTYPE {} DISPNAME {bind_op fadd}} {BINDTYPE op ID {} IMPL maxdsp LATENCY 1 OPTYPE fmul PRAGMA {} RTLNAME fmul_32ns_32ns_32_2_max_dsp_1_U96 SOURCE /home/simics/HMoE/HLS_HMoE/pseudo_block/run_11/src/pseudo_moe.cpp:162 VARIABLE mul59_51 LOOP VITIS_LOOP_158_5 BUNDLEDNAME {} DSP 3 BRAM 0 URAM 0 STORAGESUBTYPE {} DISPNAME {bind_op fmul}} {BINDTYPE op ID {} IMPL fulldsp LATENCY 1 OPTYPE fadd PRAGMA {} RTLNAME fadd_32ns_32ns_32_2_full_dsp_1_U95 SOURCE /home/simics/HMoE/HLS_HMoE/pseudo_block/run_11/src/pseudo_moe.cpp:162 VARIABLE acc_53 LOOP VITIS_LOOP_158_5 BUNDLEDNAME {} DSP 2 BRAM 0 URAM 0 STORAGESUBTYPE {} DISPNAME {bind_op fadd}} {BINDTYPE op ID {} IMPL maxdsp LATENCY 1 OPTYPE fmul PRAGMA {} RTLNAME fmul_32ns_32ns_32_2_max_dsp_1_U96 SOURCE /home/simics/HMoE/HLS_HMoE/pseudo_block/run_11/src/pseudo_moe.cpp:162 VARIABLE mul59_52 LOOP VITIS_LOOP_158_5 BUNDLEDNAME {} DSP 3 BRAM 0 URAM 0 STORAGESUBTYPE {} DISPNAME {bind_op fmul}} {BINDTYPE op ID {} IMPL fulldsp LATENCY 1 OPTYPE fadd PRAGMA {} RTLNAME fadd_32ns_32ns_32_2_full_dsp_1_U95 SOURCE /home/simics/HMoE/HLS_HMoE/pseudo_block/run_11/src/pseudo_moe.cpp:162 VARIABLE acc_54 LOOP VITIS_LOOP_158_5 BUNDLEDNAME {} DSP 2 BRAM 0 URAM 0 STORAGESUBTYPE {} DISPNAME {bind_op fadd}} {BINDTYPE op ID {} IMPL maxdsp LATENCY 1 OPTYPE fmul PRAGMA {} RTLNAME fmul_32ns_32ns_32_2_max_dsp_1_U96 SOURCE /home/simics/HMoE/HLS_HMoE/pseudo_block/run_11/src/pseudo_moe.cpp:162 VARIABLE mul59_53 LOOP VITIS_LOOP_158_5 BUNDLEDNAME {} DSP 3 BRAM 0 URAM 0 STORAGESUBTYPE {} DISPNAME {bind_op fmul}} {BINDTYPE op ID {} IMPL fulldsp LATENCY 1 OPTYPE fadd PRAGMA {} RTLNAME fadd_32ns_32ns_32_2_full_dsp_1_U95 SOURCE /home/simics/HMoE/HLS_HMoE/pseudo_block/run_11/src/pseudo_moe.cpp:162 VARIABLE acc_55 LOOP VITIS_LOOP_158_5 BUNDLEDNAME {} DSP 2 BRAM 0 URAM 0 STORAGESUBTYPE {} DISPNAME {bind_op fadd}} {BINDTYPE op ID {} IMPL maxdsp LATENCY 1 OPTYPE fmul PRAGMA {} RTLNAME fmul_32ns_32ns_32_2_max_dsp_1_U96 SOURCE /home/simics/HMoE/HLS_HMoE/pseudo_block/run_11/src/pseudo_moe.cpp:162 VARIABLE mul59_54 LOOP VITIS_LOOP_158_5 BUNDLEDNAME {} DSP 3 BRAM 0 URAM 0 STORAGESUBTYPE {} DISPNAME {bind_op fmul}} {BINDTYPE op ID {} IMPL fulldsp LATENCY 1 OPTYPE fadd PRAGMA {} RTLNAME fadd_32ns_32ns_32_2_full_dsp_1_U95 SOURCE /home/simics/HMoE/HLS_HMoE/pseudo_block/run_11/src/pseudo_moe.cpp:162 VARIABLE acc_56 LOOP VITIS_LOOP_158_5 BUNDLEDNAME {} DSP 2 BRAM 0 URAM 0 STORAGESUBTYPE {} DISPNAME {bind_op fadd}} {BINDTYPE op ID {} IMPL maxdsp LATENCY 1 OPTYPE fmul PRAGMA {} RTLNAME fmul_32ns_32ns_32_2_max_dsp_1_U96 SOURCE /home/simics/HMoE/HLS_HMoE/pseudo_block/run_11/src/pseudo_moe.cpp:162 VARIABLE mul59_55 LOOP VITIS_LOOP_158_5 BUNDLEDNAME {} DSP 3 BRAM 0 URAM 0 STORAGESUBTYPE {} DISPNAME {bind_op fmul}} {BINDTYPE op ID {} IMPL fulldsp LATENCY 1 OPTYPE fadd PRAGMA {} RTLNAME fadd_32ns_32ns_32_2_full_dsp_1_U95 SOURCE /home/simics/HMoE/HLS_HMoE/pseudo_block/run_11/src/pseudo_moe.cpp:162 VARIABLE acc_57 LOOP VITIS_LOOP_158_5 BUNDLEDNAME {} DSP 2 BRAM 0 URAM 0 STORAGESUBTYPE {} DISPNAME {bind_op fadd}} {BINDTYPE op ID {} IMPL maxdsp LATENCY 1 OPTYPE fmul PRAGMA {} RTLNAME fmul_32ns_32ns_32_2_max_dsp_1_U96 SOURCE /home/simics/HMoE/HLS_HMoE/pseudo_block/run_11/src/pseudo_moe.cpp:162 VARIABLE mul59_56 LOOP VITIS_LOOP_158_5 BUNDLEDNAME {} DSP 3 BRAM 0 URAM 0 STORAGESUBTYPE {} DISPNAME {bind_op fmul}} {BINDTYPE op ID {} IMPL fulldsp LATENCY 1 OPTYPE fadd PRAGMA {} RTLNAME fadd_32ns_32ns_32_2_full_dsp_1_U95 SOURCE /home/simics/HMoE/HLS_HMoE/pseudo_block/run_11/src/pseudo_moe.cpp:162 VARIABLE acc_58 LOOP VITIS_LOOP_158_5 BUNDLEDNAME {} DSP 2 BRAM 0 URAM 0 STORAGESUBTYPE {} DISPNAME {bind_op fadd}} {BINDTYPE op ID {} IMPL maxdsp LATENCY 1 OPTYPE fmul PRAGMA {} RTLNAME fmul_32ns_32ns_32_2_max_dsp_1_U96 SOURCE /home/simics/HMoE/HLS_HMoE/pseudo_block/run_11/src/pseudo_moe.cpp:162 VARIABLE mul59_57 LOOP VITIS_LOOP_158_5 BUNDLEDNAME {} DSP 3 BRAM 0 URAM 0 STORAGESUBTYPE {} DISPNAME {bind_op fmul}} {BINDTYPE op ID {} IMPL fulldsp LATENCY 1 OPTYPE fadd PRAGMA {} RTLNAME fadd_32ns_32ns_32_2_full_dsp_1_U95 SOURCE /home/simics/HMoE/HLS_HMoE/pseudo_block/run_11/src/pseudo_moe.cpp:162 VARIABLE acc_59 LOOP VITIS_LOOP_158_5 BUNDLEDNAME {} DSP 2 BRAM 0 URAM 0 STORAGESUBTYPE {} DISPNAME {bind_op fadd}} {BINDTYPE op ID {} IMPL maxdsp LATENCY 1 OPTYPE fmul PRAGMA {} RTLNAME fmul_32ns_32ns_32_2_max_dsp_1_U96 SOURCE /home/simics/HMoE/HLS_HMoE/pseudo_block/run_11/src/pseudo_moe.cpp:162 VARIABLE mul59_58 LOOP VITIS_LOOP_158_5 BUNDLEDNAME {} DSP 3 BRAM 0 URAM 0 STORAGESUBTYPE {} DISPNAME {bind_op fmul}} {BINDTYPE op ID {} IMPL fulldsp LATENCY 1 OPTYPE fadd PRAGMA {} RTLNAME fadd_32ns_32ns_32_2_full_dsp_1_U95 SOURCE /home/simics/HMoE/HLS_HMoE/pseudo_block/run_11/src/pseudo_moe.cpp:162 VARIABLE acc_60 LOOP VITIS_LOOP_158_5 BUNDLEDNAME {} DSP 2 BRAM 0 URAM 0 STORAGESUBTYPE {} DISPNAME {bind_op fadd}} {BINDTYPE op ID {} IMPL maxdsp LATENCY 1 OPTYPE fmul PRAGMA {} RTLNAME fmul_32ns_32ns_32_2_max_dsp_1_U96 SOURCE /home/simics/HMoE/HLS_HMoE/pseudo_block/run_11/src/pseudo_moe.cpp:162 VARIABLE mul59_59 LOOP VITIS_LOOP_158_5 BUNDLEDNAME {} DSP 3 BRAM 0 URAM 0 STORAGESUBTYPE {} DISPNAME {bind_op fmul}} {BINDTYPE op ID {} IMPL fulldsp LATENCY 1 OPTYPE fadd PRAGMA {} RTLNAME fadd_32ns_32ns_32_2_full_dsp_1_U95 SOURCE /home/simics/HMoE/HLS_HMoE/pseudo_block/run_11/src/pseudo_moe.cpp:162 VARIABLE acc_61 LOOP VITIS_LOOP_158_5 BUNDLEDNAME {} DSP 2 BRAM 0 URAM 0 STORAGESUBTYPE {} DISPNAME {bind_op fadd}} {BINDTYPE op ID {} IMPL maxdsp LATENCY 1 OPTYPE fmul PRAGMA {} RTLNAME fmul_32ns_32ns_32_2_max_dsp_1_U96 SOURCE /home/simics/HMoE/HLS_HMoE/pseudo_block/run_11/src/pseudo_moe.cpp:162 VARIABLE mul59_60 LOOP VITIS_LOOP_158_5 BUNDLEDNAME {} DSP 3 BRAM 0 URAM 0 STORAGESUBTYPE {} DISPNAME {bind_op fmul}} {BINDTYPE op ID {} IMPL fulldsp LATENCY 1 OPTYPE fadd PRAGMA {} RTLNAME fadd_32ns_32ns_32_2_full_dsp_1_U95 SOURCE /home/simics/HMoE/HLS_HMoE/pseudo_block/run_11/src/pseudo_moe.cpp:162 VARIABLE acc_62 LOOP VITIS_LOOP_158_5 BUNDLEDNAME {} DSP 2 BRAM 0 URAM 0 STORAGESUBTYPE {} DISPNAME {bind_op fadd}} {BINDTYPE op ID {} IMPL maxdsp LATENCY 1 OPTYPE fmul PRAGMA {} RTLNAME fmul_32ns_32ns_32_2_max_dsp_1_U96 SOURCE /home/simics/HMoE/HLS_HMoE/pseudo_block/run_11/src/pseudo_moe.cpp:162 VARIABLE mul59_61 LOOP VITIS_LOOP_158_5 BUNDLEDNAME {} DSP 3 BRAM 0 URAM 0 STORAGESUBTYPE {} DISPNAME {bind_op fmul}} {BINDTYPE op ID {} IMPL fulldsp LATENCY 1 OPTYPE fadd PRAGMA {} RTLNAME fadd_32ns_32ns_32_2_full_dsp_1_U95 SOURCE /home/simics/HMoE/HLS_HMoE/pseudo_block/run_11/src/pseudo_moe.cpp:162 VARIABLE acc_63 LOOP VITIS_LOOP_158_5 BUNDLEDNAME {} DSP 2 BRAM 0 URAM 0 STORAGESUBTYPE {} DISPNAME {bind_op fadd}} {BINDTYPE op ID {} IMPL maxdsp LATENCY 1 OPTYPE fmul PRAGMA {} RTLNAME fmul_32ns_32ns_32_2_max_dsp_1_U96 SOURCE /home/simics/HMoE/HLS_HMoE/pseudo_block/run_11/src/pseudo_moe.cpp:162 VARIABLE mul59_62 LOOP VITIS_LOOP_158_5 BUNDLEDNAME {} DSP 3 BRAM 0 URAM 0 STORAGESUBTYPE {} DISPNAME {bind_op fmul}} {BINDTYPE op ID {} IMPL fulldsp LATENCY 1 OPTYPE fadd PRAGMA {} RTLNAME fadd_32ns_32ns_32_2_full_dsp_1_U95 SOURCE /home/simics/HMoE/HLS_HMoE/pseudo_block/run_11/src/pseudo_moe.cpp:162 VARIABLE acc_64 LOOP VITIS_LOOP_158_5 BUNDLEDNAME {} DSP 2 BRAM 0 URAM 0 STORAGESUBTYPE {} DISPNAME {bind_op fadd}}} AREA {DSP 5 BRAM 0 URAM 0}} dataflow_in_loop_VITIS_LOOP_149_4_1_Loop_VITIS_LOOP_175_7_proc5 {BINDINFO {{BINDTYPE op ID {} IMPL fabric LATENCY 0 OPTYPE add PRAGMA {} RTLNAME add_ln175_fu_109_p2 SOURCE /home/simics/HMoE/HLS_HMoE/pseudo_block/run_11/src/pseudo_moe.cpp:175 VARIABLE add_ln175 LOOP VITIS_LOOP_175_7 BUNDLEDNAME {} DSP 0 BRAM 0 URAM 0 STORAGESUBTYPE {} DISPNAME {bind_op add}} {BINDTYPE op ID {} IMPL fulldsp LATENCY 1 OPTYPE fsub PRAGMA {} RTLNAME fsub_32ns_32ns_32_2_full_dsp_1_U150 SOURCE /home/simics/HMoE/HLS_HMoE/pseudo_block/run_11/src/pseudo_moe.cpp:177 VARIABLE sub_i LOOP VITIS_LOOP_175_7 BUNDLEDNAME {} DSP 2 BRAM 0 URAM 0 STORAGESUBTYPE {} DISPNAME {bind_op fsub}} {BINDTYPE op ID {} IMPL fulldsp LATENCY 3 OPTYPE fexp PRAGMA {} RTLNAME fexp_32ns_32ns_32_4_full_dsp_1_U152 SOURCE /home/simics/HMoE/HLS_HMoE/pseudo_block/run_11/src/pseudo_moe.cpp:177 VARIABLE tmp_i LOOP VITIS_LOOP_175_7 BUNDLEDNAME {} DSP 7 BRAM 0 URAM 0 STORAGESUBTYPE {} DISPNAME {bind_op fexp}} {BINDTYPE op ID {} IMPL fulldsp LATENCY 1 OPTYPE fadd PRAGMA {} RTLNAME fadd_32ns_32ns_32_2_full_dsp_1_U151 SOURCE /home/simics/HMoE/HLS_HMoE/pseudo_block/run_11/src/pseudo_moe.cpp:178 VARIABLE exp_sum_1 LOOP VITIS_LOOP_175_7 BUNDLEDNAME {} DSP 2 BRAM 0 URAM 0 STORAGESUBTYPE {} DISPNAME {bind_op fadd}}} AREA {DSP 11 BRAM 0 URAM 0}} dataflow_in_loop_VITIS_LOOP_149_4_1_Loop_VITIS_LOOP_181_8_proc6 {BINDINFO {{BINDTYPE op ID {} IMPL fabric LATENCY 0 OPTYPE add PRAGMA {} RTLNAME add_ln181_fu_186_p2 SOURCE /home/simics/HMoE/HLS_HMoE/pseudo_block/run_11/src/pseudo_moe.cpp:181 VARIABLE add_ln181 LOOP VITIS_LOOP_181_8 BUNDLEDNAME {} DSP 0 BRAM 0 URAM 0 STORAGESUBTYPE {} DISPNAME {bind_op add}} {BINDTYPE op ID {} IMPL fabric LATENCY 0 OPTYPE add PRAGMA {} RTLNAME add_ln149_fu_215_p2 SOURCE /home/simics/HMoE/HLS_HMoE/pseudo_block/run_11/src/pseudo_moe.cpp:149 VARIABLE add_ln149 LOOP VITIS_LOOP_181_8 BUNDLEDNAME {} DSP 0 BRAM 0 URAM 0 STORAGESUBTYPE {} DISPNAME {bind_op add}} {BINDTYPE op ID {} IMPL fabric LATENCY 5 OPTYPE fdiv PRAGMA {} RTLNAME fdiv_32ns_32ns_32_6_no_dsp_1_U158 SOURCE /home/simics/HMoE/HLS_HMoE/pseudo_block/run_11/src/pseudo_moe.cpp:183 VARIABLE div_i_i LOOP VITIS_LOOP_181_8 BUNDLEDNAME {} DSP 0 BRAM 0 URAM 0 STORAGESUBTYPE {} DISPNAME {bind_op fdiv}}} AREA {DSP 0 BRAM 0 URAM 0}} dataflow_in_loop_VITIS_LOOP_149_4_1_Loop_VITIS_LOOP_201_9_proc7 {BINDINFO {{BINDTYPE op ID {} IMPL fabric LATENCY 0 OPTYPE add PRAGMA {} RTLNAME add_ln201_fu_1376_p2 SOURCE /home/simics/HMoE/HLS_HMoE/pseudo_block/run_11/src/pseudo_moe.cpp:201 VARIABLE add_ln201 LOOP VITIS_LOOP_201_9 BUNDLEDNAME {} DSP 0 BRAM 0 URAM 0 STORAGESUBTYPE {} DISPNAME {bind_op add}} {BINDTYPE op ID {} IMPL fabric LATENCY 0 OPTYPE add PRAGMA {} RTLNAME add_ln203_fu_1400_p2 SOURCE /home/simics/HMoE/HLS_HMoE/pseudo_block/run_11/src/pseudo_moe.cpp:203 VARIABLE add_ln203 LOOP VITIS_LOOP_201_9 BUNDLEDNAME {} DSP 0 BRAM 0 URAM 0 STORAGESUBTYPE {} DISPNAME {bind_op add}}} AREA {DSP 0 BRAM 0 URAM 0}} compute_expert_0_8 {BINDINFO {{BINDTYPE op ID {} IMPL fabric LATENCY 0 OPTYPE add PRAGMA {} RTLNAME add_ln22_4_fu_1003_p2 SOURCE /home/simics/HMoE/HLS_HMoE/pseudo_block/run_11/src/pseudo_moe.cpp:22 VARIABLE add_ln22_4 LOOP VITIS_LOOP_22_1_VITIS_LOOP_31_3 BUNDLEDNAME {} DSP 0 BRAM 0 URAM 0 STORAGESUBTYPE {} DISPNAME {bind_op add}} {BINDTYPE op ID {} IMPL fabric LATENCY 0 OPTYPE add PRAGMA {} RTLNAME add_ln22_fu_1040_p2 SOURCE /home/simics/HMoE/HLS_HMoE/pseudo_block/run_11/src/pseudo_moe.cpp:22 VARIABLE add_ln22 LOOP VITIS_LOOP_22_1_VITIS_LOOP_31_3 BUNDLEDNAME {} DSP 0 BRAM 0 URAM 0 STORAGESUBTYPE {} DISPNAME {bind_op add}} {BINDTYPE op ID {} IMPL fabric LATENCY 0 OPTYPE add PRAGMA {} RTLNAME add_ln36_fu_1094_p2 SOURCE /home/simics/HMoE/HLS_HMoE/pseudo_block/run_11/src/pseudo_moe.cpp:36 VARIABLE add_ln36 LOOP VITIS_LOOP_22_1_VITIS_LOOP_31_3 BUNDLEDNAME {} DSP 0 BRAM 0 URAM 0 STORAGESUBTYPE {} DISPNAME {bind_op add}} {BINDTYPE op ID {} IMPL maxdsp LATENCY 1 OPTYPE fmul PRAGMA {} RTLNAME fmul_32ns_32ns_32_2_max_dsp_1_U281 SOURCE /home/simics/HMoE/HLS_HMoE/pseudo_block/run_11/src/pseudo_moe.cpp:36 VARIABLE mul LOOP VITIS_LOOP_22_1_VITIS_LOOP_31_3 BUNDLEDNAME {} DSP 3 BRAM 0 URAM 0 STORAGESUBTYPE {} DISPNAME {bind_op fmul}} {BINDTYPE op ID {} IMPL fulldsp LATENCY 1 OPTYPE fadd PRAGMA {} RTLNAME fadd_32ns_32ns_32_2_full_dsp_1_U249 SOURCE /home/simics/HMoE/HLS_HMoE/pseudo_block/run_11/src/pseudo_moe.cpp:36 VARIABLE add LOOP VITIS_LOOP_22_1_VITIS_LOOP_31_3 BUNDLEDNAME {} DSP 2 BRAM 0 URAM 0 STORAGESUBTYPE {} DISPNAME {bind_op fadd}} {BINDTYPE op ID {} IMPL maxdsp LATENCY 1 OPTYPE fmul PRAGMA {} RTLNAME fmul_32ns_32ns_32_2_max_dsp_1_U282 SOURCE /home/simics/HMoE/HLS_HMoE/pseudo_block/run_11/src/pseudo_moe.cpp:36 VARIABLE mul20_1 LOOP VITIS_LOOP_22_1_VITIS_LOOP_31_3 BUNDLEDNAME {} DSP 3 BRAM 0 URAM 0 STORAGESUBTYPE {} DISPNAME {bind_op fmul}} {BINDTYPE op ID {} IMPL fulldsp LATENCY 1 OPTYPE fadd PRAGMA {} RTLNAME fadd_32ns_32ns_32_2_full_dsp_1_U250 SOURCE /home/simics/HMoE/HLS_HMoE/pseudo_block/run_11/src/pseudo_moe.cpp:36 VARIABLE add23_1 LOOP VITIS_LOOP_22_1_VITIS_LOOP_31_3 BUNDLEDNAME {} DSP 2 BRAM 0 URAM 0 STORAGESUBTYPE {} DISPNAME {bind_op fadd}} {BINDTYPE op ID {} IMPL maxdsp LATENCY 1 OPTYPE fmul PRAGMA {} RTLNAME fmul_32ns_32ns_32_2_max_dsp_1_U283 SOURCE /home/simics/HMoE/HLS_HMoE/pseudo_block/run_11/src/pseudo_moe.cpp:36 VARIABLE mul20_2 LOOP VITIS_LOOP_22_1_VITIS_LOOP_31_3 BUNDLEDNAME {} DSP 3 BRAM 0 URAM 0 STORAGESUBTYPE {} DISPNAME {bind_op fmul}} {BINDTYPE op ID {} IMPL fulldsp LATENCY 1 OPTYPE fadd PRAGMA {} RTLNAME fadd_32ns_32ns_32_2_full_dsp_1_U252 SOURCE /home/simics/HMoE/HLS_HMoE/pseudo_block/run_11/src/pseudo_moe.cpp:36 VARIABLE add23_2 LOOP VITIS_LOOP_22_1_VITIS_LOOP_31_3 BUNDLEDNAME {} DSP 2 BRAM 0 URAM 0 STORAGESUBTYPE {} DISPNAME {bind_op fadd}} {BINDTYPE op ID {} IMPL maxdsp LATENCY 1 OPTYPE fmul PRAGMA {} RTLNAME fmul_32ns_32ns_32_2_max_dsp_1_U284 SOURCE /home/simics/HMoE/HLS_HMoE/pseudo_block/run_11/src/pseudo_moe.cpp:36 VARIABLE mul20_3 LOOP VITIS_LOOP_22_1_VITIS_LOOP_31_3 BUNDLEDNAME {} DSP 3 BRAM 0 URAM 0 STORAGESUBTYPE {} DISPNAME {bind_op fmul}} {BINDTYPE op ID {} IMPL fulldsp LATENCY 1 OPTYPE fadd PRAGMA {} RTLNAME fadd_32ns_32ns_32_2_full_dsp_1_U254 SOURCE /home/simics/HMoE/HLS_HMoE/pseudo_block/run_11/src/pseudo_moe.cpp:36 VARIABLE add23_3 LOOP VITIS_LOOP_22_1_VITIS_LOOP_31_3 BUNDLEDNAME {} DSP 2 BRAM 0 URAM 0 STORAGESUBTYPE {} DISPNAME {bind_op fadd}} {BINDTYPE op ID {} IMPL maxdsp LATENCY 1 OPTYPE fmul PRAGMA {} RTLNAME fmul_32ns_32ns_32_2_max_dsp_1_U285 SOURCE /home/simics/HMoE/HLS_HMoE/pseudo_block/run_11/src/pseudo_moe.cpp:36 VARIABLE mul20_4 LOOP VITIS_LOOP_22_1_VITIS_LOOP_31_3 BUNDLEDNAME {} DSP 3 BRAM 0 URAM 0 STORAGESUBTYPE {} DISPNAME {bind_op fmul}} {BINDTYPE op ID {} IMPL fulldsp LATENCY 1 OPTYPE fadd PRAGMA {} RTLNAME fadd_32ns_32ns_32_2_full_dsp_1_U256 SOURCE /home/simics/HMoE/HLS_HMoE/pseudo_block/run_11/src/pseudo_moe.cpp:36 VARIABLE add23_4 LOOP VITIS_LOOP_22_1_VITIS_LOOP_31_3 BUNDLEDNAME {} DSP 2 BRAM 0 URAM 0 STORAGESUBTYPE {} DISPNAME {bind_op fadd}} {BINDTYPE op ID {} IMPL maxdsp LATENCY 1 OPTYPE fmul PRAGMA {} RTLNAME fmul_32ns_32ns_32_2_max_dsp_1_U286 SOURCE /home/simics/HMoE/HLS_HMoE/pseudo_block/run_11/src/pseudo_moe.cpp:36 VARIABLE mul20_5 LOOP VITIS_LOOP_22_1_VITIS_LOOP_31_3 BUNDLEDNAME {} DSP 3 BRAM 0 URAM 0 STORAGESUBTYPE {} DISPNAME {bind_op fmul}} {BINDTYPE op ID {} IMPL fulldsp LATENCY 1 OPTYPE fadd PRAGMA {} RTLNAME fadd_32ns_32ns_32_2_full_dsp_1_U258 SOURCE /home/simics/HMoE/HLS_HMoE/pseudo_block/run_11/src/pseudo_moe.cpp:36 VARIABLE add23_5 LOOP VITIS_LOOP_22_1_VITIS_LOOP_31_3 BUNDLEDNAME {} DSP 2 BRAM 0 URAM 0 STORAGESUBTYPE {} DISPNAME {bind_op fadd}} {BINDTYPE op ID {} IMPL maxdsp LATENCY 1 OPTYPE fmul PRAGMA {} RTLNAME fmul_32ns_32ns_32_2_max_dsp_1_U287 SOURCE /home/simics/HMoE/HLS_HMoE/pseudo_block/run_11/src/pseudo_moe.cpp:36 VARIABLE mul20_6 LOOP VITIS_LOOP_22_1_VITIS_LOOP_31_3 BUNDLEDNAME {} DSP 3 BRAM 0 URAM 0 STORAGESUBTYPE {} DISPNAME {bind_op fmul}} {BINDTYPE op ID {} IMPL fulldsp LATENCY 1 OPTYPE fadd PRAGMA {} RTLNAME fadd_32ns_32ns_32_2_full_dsp_1_U260 SOURCE /home/simics/HMoE/HLS_HMoE/pseudo_block/run_11/src/pseudo_moe.cpp:36 VARIABLE add23_6 LOOP VITIS_LOOP_22_1_VITIS_LOOP_31_3 BUNDLEDNAME {} DSP 2 BRAM 0 URAM 0 STORAGESUBTYPE {} DISPNAME {bind_op fadd}} {BINDTYPE op ID {} IMPL maxdsp LATENCY 1 OPTYPE fmul PRAGMA {} RTLNAME fmul_32ns_32ns_32_2_max_dsp_1_U288 SOURCE /home/simics/HMoE/HLS_HMoE/pseudo_block/run_11/src/pseudo_moe.cpp:36 VARIABLE mul20_7 LOOP VITIS_LOOP_22_1_VITIS_LOOP_31_3 BUNDLEDNAME {} DSP 3 BRAM 0 URAM 0 STORAGESUBTYPE {} DISPNAME {bind_op fmul}} {BINDTYPE op ID {} IMPL fulldsp LATENCY 1 OPTYPE fadd PRAGMA {} RTLNAME fadd_32ns_32ns_32_2_full_dsp_1_U262 SOURCE /home/simics/HMoE/HLS_HMoE/pseudo_block/run_11/src/pseudo_moe.cpp:36 VARIABLE add23_7 LOOP VITIS_LOOP_22_1_VITIS_LOOP_31_3 BUNDLEDNAME {} DSP 2 BRAM 0 URAM 0 STORAGESUBTYPE {} DISPNAME {bind_op fadd}} {BINDTYPE op ID {} IMPL maxdsp LATENCY 1 OPTYPE fmul PRAGMA {} RTLNAME fmul_32ns_32ns_32_2_max_dsp_1_U289 SOURCE /home/simics/HMoE/HLS_HMoE/pseudo_block/run_11/src/pseudo_moe.cpp:36 VARIABLE mul20_8 LOOP VITIS_LOOP_22_1_VITIS_LOOP_31_3 BUNDLEDNAME {} DSP 3 BRAM 0 URAM 0 STORAGESUBTYPE {} DISPNAME {bind_op fmul}} {BINDTYPE op ID {} IMPL fulldsp LATENCY 1 OPTYPE fadd PRAGMA {} RTLNAME fadd_32ns_32ns_32_2_full_dsp_1_U264 SOURCE /home/simics/HMoE/HLS_HMoE/pseudo_block/run_11/src/pseudo_moe.cpp:36 VARIABLE add23_8 LOOP VITIS_LOOP_22_1_VITIS_LOOP_31_3 BUNDLEDNAME {} DSP 2 BRAM 0 URAM 0 STORAGESUBTYPE {} DISPNAME {bind_op fadd}} {BINDTYPE op ID {} IMPL maxdsp LATENCY 1 OPTYPE fmul PRAGMA {} RTLNAME fmul_32ns_32ns_32_2_max_dsp_1_U290 SOURCE /home/simics/HMoE/HLS_HMoE/pseudo_block/run_11/src/pseudo_moe.cpp:36 VARIABLE mul20_9 LOOP VITIS_LOOP_22_1_VITIS_LOOP_31_3 BUNDLEDNAME {} DSP 3 BRAM 0 URAM 0 STORAGESUBTYPE {} DISPNAME {bind_op fmul}} {BINDTYPE op ID {} IMPL fulldsp LATENCY 1 OPTYPE fadd PRAGMA {} RTLNAME fadd_32ns_32ns_32_2_full_dsp_1_U266 SOURCE /home/simics/HMoE/HLS_HMoE/pseudo_block/run_11/src/pseudo_moe.cpp:36 VARIABLE add23_9 LOOP VITIS_LOOP_22_1_VITIS_LOOP_31_3 BUNDLEDNAME {} DSP 2 BRAM 0 URAM 0 STORAGESUBTYPE {} DISPNAME {bind_op fadd}} {BINDTYPE op ID {} IMPL maxdsp LATENCY 1 OPTYPE fmul PRAGMA {} RTLNAME fmul_32ns_32ns_32_2_max_dsp_1_U291 SOURCE /home/simics/HMoE/HLS_HMoE/pseudo_block/run_11/src/pseudo_moe.cpp:36 VARIABLE mul20_10 LOOP VITIS_LOOP_22_1_VITIS_LOOP_31_3 BUNDLEDNAME {} DSP 3 BRAM 0 URAM 0 STORAGESUBTYPE {} DISPNAME {bind_op fmul}} {BINDTYPE op ID {} IMPL fulldsp LATENCY 1 OPTYPE fadd PRAGMA {} RTLNAME fadd_32ns_32ns_32_2_full_dsp_1_U268 SOURCE /home/simics/HMoE/HLS_HMoE/pseudo_block/run_11/src/pseudo_moe.cpp:36 VARIABLE add23_10 LOOP VITIS_LOOP_22_1_VITIS_LOOP_31_3 BUNDLEDNAME {} DSP 2 BRAM 0 URAM 0 STORAGESUBTYPE {} DISPNAME {bind_op fadd}} {BINDTYPE op ID {} IMPL maxdsp LATENCY 1 OPTYPE fmul PRAGMA {} RTLNAME fmul_32ns_32ns_32_2_max_dsp_1_U292 SOURCE /home/simics/HMoE/HLS_HMoE/pseudo_block/run_11/src/pseudo_moe.cpp:36 VARIABLE mul20_11 LOOP VITIS_LOOP_22_1_VITIS_LOOP_31_3 BUNDLEDNAME {} DSP 3 BRAM 0 URAM 0 STORAGESUBTYPE {} DISPNAME {bind_op fmul}} {BINDTYPE op ID {} IMPL fulldsp LATENCY 1 OPTYPE fadd PRAGMA {} RTLNAME fadd_32ns_32ns_32_2_full_dsp_1_U270 SOURCE /home/simics/HMoE/HLS_HMoE/pseudo_block/run_11/src/pseudo_moe.cpp:36 VARIABLE add23_11 LOOP VITIS_LOOP_22_1_VITIS_LOOP_31_3 BUNDLEDNAME {} DSP 2 BRAM 0 URAM 0 STORAGESUBTYPE {} DISPNAME {bind_op fadd}} {BINDTYPE op ID {} IMPL maxdsp LATENCY 1 OPTYPE fmul PRAGMA {} RTLNAME fmul_32ns_32ns_32_2_max_dsp_1_U293 SOURCE /home/simics/HMoE/HLS_HMoE/pseudo_block/run_11/src/pseudo_moe.cpp:36 VARIABLE mul20_12 LOOP VITIS_LOOP_22_1_VITIS_LOOP_31_3 BUNDLEDNAME {} DSP 3 BRAM 0 URAM 0 STORAGESUBTYPE {} DISPNAME {bind_op fmul}} {BINDTYPE op ID {} IMPL fulldsp LATENCY 1 OPTYPE fadd PRAGMA {} RTLNAME fadd_32ns_32ns_32_2_full_dsp_1_U272 SOURCE /home/simics/HMoE/HLS_HMoE/pseudo_block/run_11/src/pseudo_moe.cpp:36 VARIABLE add23_12 LOOP VITIS_LOOP_22_1_VITIS_LOOP_31_3 BUNDLEDNAME {} DSP 2 BRAM 0 URAM 0 STORAGESUBTYPE {} DISPNAME {bind_op fadd}} {BINDTYPE op ID {} IMPL maxdsp LATENCY 1 OPTYPE fmul PRAGMA {} RTLNAME fmul_32ns_32ns_32_2_max_dsp_1_U294 SOURCE /home/simics/HMoE/HLS_HMoE/pseudo_block/run_11/src/pseudo_moe.cpp:36 VARIABLE mul20_13 LOOP VITIS_LOOP_22_1_VITIS_LOOP_31_3 BUNDLEDNAME {} DSP 3 BRAM 0 URAM 0 STORAGESUBTYPE {} DISPNAME {bind_op fmul}} {BINDTYPE op ID {} IMPL fulldsp LATENCY 1 OPTYPE fadd PRAGMA {} RTLNAME fadd_32ns_32ns_32_2_full_dsp_1_U274 SOURCE /home/simics/HMoE/HLS_HMoE/pseudo_block/run_11/src/pseudo_moe.cpp:36 VARIABLE add23_13 LOOP VITIS_LOOP_22_1_VITIS_LOOP_31_3 BUNDLEDNAME {} DSP 2 BRAM 0 URAM 0 STORAGESUBTYPE {} DISPNAME {bind_op fadd}} {BINDTYPE op ID {} IMPL maxdsp LATENCY 1 OPTYPE fmul PRAGMA {} RTLNAME fmul_32ns_32ns_32_2_max_dsp_1_U295 SOURCE /home/simics/HMoE/HLS_HMoE/pseudo_block/run_11/src/pseudo_moe.cpp:36 VARIABLE mul20_14 LOOP VITIS_LOOP_22_1_VITIS_LOOP_31_3 BUNDLEDNAME {} DSP 3 BRAM 0 URAM 0 STORAGESUBTYPE {} DISPNAME {bind_op fmul}} {BINDTYPE op ID {} IMPL fulldsp LATENCY 1 OPTYPE fadd PRAGMA {} RTLNAME fadd_32ns_32ns_32_2_full_dsp_1_U276 SOURCE /home/simics/HMoE/HLS_HMoE/pseudo_block/run_11/src/pseudo_moe.cpp:36 VARIABLE add23_14 LOOP VITIS_LOOP_22_1_VITIS_LOOP_31_3 BUNDLEDNAME {} DSP 2 BRAM 0 URAM 0 STORAGESUBTYPE {} DISPNAME {bind_op fadd}} {BINDTYPE op ID {} IMPL maxdsp LATENCY 1 OPTYPE fmul PRAGMA {} RTLNAME fmul_32ns_32ns_32_2_max_dsp_1_U296 SOURCE /home/simics/HMoE/HLS_HMoE/pseudo_block/run_11/src/pseudo_moe.cpp:36 VARIABLE mul20_s LOOP VITIS_LOOP_22_1_VITIS_LOOP_31_3 BUNDLEDNAME {} DSP 3 BRAM 0 URAM 0 STORAGESUBTYPE {} DISPNAME {bind_op fmul}} {BINDTYPE op ID {} IMPL fulldsp LATENCY 1 OPTYPE fadd PRAGMA {} RTLNAME fadd_32ns_32ns_32_2_full_dsp_1_U278 SOURCE /home/simics/HMoE/HLS_HMoE/pseudo_block/run_11/src/pseudo_moe.cpp:36 VARIABLE add23_s LOOP VITIS_LOOP_22_1_VITIS_LOOP_31_3 BUNDLEDNAME {} DSP 2 BRAM 0 URAM 0 STORAGESUBTYPE {} DISPNAME {bind_op fadd}} {BINDTYPE op ID {} IMPL fabric LATENCY 0 OPTYPE add PRAGMA {} RTLNAME add_ln31_fu_1105_p2 SOURCE /home/simics/HMoE/HLS_HMoE/pseudo_block/run_11/src/pseudo_moe.cpp:31 VARIABLE add_ln31 LOOP VITIS_LOOP_22_1_VITIS_LOOP_31_3 BUNDLEDNAME {} DSP 0 BRAM 0 URAM 0 STORAGESUBTYPE {} DISPNAME {bind_op add}} {BINDTYPE op ID {} IMPL fulldsp LATENCY 1 OPTYPE fadd PRAGMA {} RTLNAME fadd_32ns_32ns_32_2_full_dsp_1_U251 SOURCE /home/simics/HMoE/HLS_HMoE/pseudo_block/run_11/src/pseudo_moe.cpp:44 VARIABLE acc_113 LOOP VITIS_LOOP_22_1_VITIS_LOOP_31_3 BUNDLEDNAME {} DSP 2 BRAM 0 URAM 0 STORAGESUBTYPE {} DISPNAME {bind_op fadd}} {BINDTYPE op ID {} IMPL fulldsp LATENCY 1 OPTYPE fadd PRAGMA {} RTLNAME fadd_32ns_32ns_32_2_full_dsp_1_U253 SOURCE /home/simics/HMoE/HLS_HMoE/pseudo_block/run_11/src/pseudo_moe.cpp:44 VARIABLE acc_114 LOOP VITIS_LOOP_22_1_VITIS_LOOP_31_3 BUNDLEDNAME {} DSP 2 BRAM 0 URAM 0 STORAGESUBTYPE {} DISPNAME {bind_op fadd}} {BINDTYPE op ID {} IMPL fulldsp LATENCY 1 OPTYPE fadd PRAGMA {} RTLNAME fadd_32ns_32ns_32_2_full_dsp_1_U255 SOURCE /home/simics/HMoE/HLS_HMoE/pseudo_block/run_11/src/pseudo_moe.cpp:44 VARIABLE acc_115 LOOP VITIS_LOOP_22_1_VITIS_LOOP_31_3 BUNDLEDNAME {} DSP 2 BRAM 0 URAM 0 STORAGESUBTYPE {} DISPNAME {bind_op fadd}} {BINDTYPE op ID {} IMPL fulldsp LATENCY 1 OPTYPE fadd PRAGMA {} RTLNAME fadd_32ns_32ns_32_2_full_dsp_1_U257 SOURCE /home/simics/HMoE/HLS_HMoE/pseudo_block/run_11/src/pseudo_moe.cpp:44 VARIABLE acc_116 LOOP VITIS_LOOP_22_1_VITIS_LOOP_31_3 BUNDLEDNAME {} DSP 2 BRAM 0 URAM 0 STORAGESUBTYPE {} DISPNAME {bind_op fadd}} {BINDTYPE op ID {} IMPL fulldsp LATENCY 1 OPTYPE fadd PRAGMA {} RTLNAME fadd_32ns_32ns_32_2_full_dsp_1_U259 SOURCE /home/simics/HMoE/HLS_HMoE/pseudo_block/run_11/src/pseudo_moe.cpp:44 VARIABLE acc_117 LOOP VITIS_LOOP_22_1_VITIS_LOOP_31_3 BUNDLEDNAME {} DSP 2 BRAM 0 URAM 0 STORAGESUBTYPE {} DISPNAME {bind_op fadd}} {BINDTYPE op ID {} IMPL fulldsp LATENCY 1 OPTYPE fadd PRAGMA {} RTLNAME fadd_32ns_32ns_32_2_full_dsp_1_U261 SOURCE /home/simics/HMoE/HLS_HMoE/pseudo_block/run_11/src/pseudo_moe.cpp:44 VARIABLE acc_118 LOOP VITIS_LOOP_22_1_VITIS_LOOP_31_3 BUNDLEDNAME {} DSP 2 BRAM 0 URAM 0 STORAGESUBTYPE {} DISPNAME {bind_op fadd}} {BINDTYPE op ID {} IMPL fulldsp LATENCY 1 OPTYPE fadd PRAGMA {} RTLNAME fadd_32ns_32ns_32_2_full_dsp_1_U263 SOURCE /home/simics/HMoE/HLS_HMoE/pseudo_block/run_11/src/pseudo_moe.cpp:44 VARIABLE acc_119 LOOP VITIS_LOOP_22_1_VITIS_LOOP_31_3 BUNDLEDNAME {} DSP 2 BRAM 0 URAM 0 STORAGESUBTYPE {} DISPNAME {bind_op fadd}} {BINDTYPE op ID {} IMPL fulldsp LATENCY 1 OPTYPE fadd PRAGMA {} RTLNAME fadd_32ns_32ns_32_2_full_dsp_1_U265 SOURCE /home/simics/HMoE/HLS_HMoE/pseudo_block/run_11/src/pseudo_moe.cpp:44 VARIABLE acc_120 LOOP VITIS_LOOP_22_1_VITIS_LOOP_31_3 BUNDLEDNAME {} DSP 2 BRAM 0 URAM 0 STORAGESUBTYPE {} DISPNAME {bind_op fadd}} {BINDTYPE op ID {} IMPL fulldsp LATENCY 1 OPTYPE fadd PRAGMA {} RTLNAME fadd_32ns_32ns_32_2_full_dsp_1_U267 SOURCE /home/simics/HMoE/HLS_HMoE/pseudo_block/run_11/src/pseudo_moe.cpp:44 VARIABLE acc_121 LOOP VITIS_LOOP_22_1_VITIS_LOOP_31_3 BUNDLEDNAME {} DSP 2 BRAM 0 URAM 0 STORAGESUBTYPE {} DISPNAME {bind_op fadd}} {BINDTYPE op ID {} IMPL fulldsp LATENCY 1 OPTYPE fadd PRAGMA {} RTLNAME fadd_32ns_32ns_32_2_full_dsp_1_U269 SOURCE /home/simics/HMoE/HLS_HMoE/pseudo_block/run_11/src/pseudo_moe.cpp:44 VARIABLE acc_122 LOOP VITIS_LOOP_22_1_VITIS_LOOP_31_3 BUNDLEDNAME {} DSP 2 BRAM 0 URAM 0 STORAGESUBTYPE {} DISPNAME {bind_op fadd}} {BINDTYPE op ID {} IMPL fulldsp LATENCY 1 OPTYPE fadd PRAGMA {} RTLNAME fadd_32ns_32ns_32_2_full_dsp_1_U271 SOURCE /home/simics/HMoE/HLS_HMoE/pseudo_block/run_11/src/pseudo_moe.cpp:44 VARIABLE acc_123 LOOP VITIS_LOOP_22_1_VITIS_LOOP_31_3 BUNDLEDNAME {} DSP 2 BRAM 0 URAM 0 STORAGESUBTYPE {} DISPNAME {bind_op fadd}} {BINDTYPE op ID {} IMPL fulldsp LATENCY 1 OPTYPE fadd PRAGMA {} RTLNAME fadd_32ns_32ns_32_2_full_dsp_1_U273 SOURCE /home/simics/HMoE/HLS_HMoE/pseudo_block/run_11/src/pseudo_moe.cpp:44 VARIABLE acc_124 LOOP VITIS_LOOP_22_1_VITIS_LOOP_31_3 BUNDLEDNAME {} DSP 2 BRAM 0 URAM 0 STORAGESUBTYPE {} DISPNAME {bind_op fadd}} {BINDTYPE op ID {} IMPL fulldsp LATENCY 1 OPTYPE fadd PRAGMA {} RTLNAME fadd_32ns_32ns_32_2_full_dsp_1_U275 SOURCE /home/simics/HMoE/HLS_HMoE/pseudo_block/run_11/src/pseudo_moe.cpp:44 VARIABLE acc_125 LOOP VITIS_LOOP_22_1_VITIS_LOOP_31_3 BUNDLEDNAME {} DSP 2 BRAM 0 URAM 0 STORAGESUBTYPE {} DISPNAME {bind_op fadd}} {BINDTYPE op ID {} IMPL fulldsp LATENCY 1 OPTYPE fadd PRAGMA {} RTLNAME fadd_32ns_32ns_32_2_full_dsp_1_U277 SOURCE /home/simics/HMoE/HLS_HMoE/pseudo_block/run_11/src/pseudo_moe.cpp:44 VARIABLE acc_126 LOOP VITIS_LOOP_22_1_VITIS_LOOP_31_3 BUNDLEDNAME {} DSP 2 BRAM 0 URAM 0 STORAGESUBTYPE {} DISPNAME {bind_op fadd}} {BINDTYPE op ID {} IMPL fulldsp LATENCY 1 OPTYPE fadd PRAGMA {} RTLNAME fadd_32ns_32ns_32_2_full_dsp_1_U279 SOURCE /home/simics/HMoE/HLS_HMoE/pseudo_block/run_11/src/pseudo_moe.cpp:44 VARIABLE acc_127 LOOP VITIS_LOOP_22_1_VITIS_LOOP_31_3 BUNDLEDNAME {} DSP 2 BRAM 0 URAM 0 STORAGESUBTYPE {} DISPNAME {bind_op fadd}} {BINDTYPE op ID {} IMPL fulldsp LATENCY 1 OPTYPE fadd PRAGMA {} RTLNAME fadd_32ns_32ns_32_2_full_dsp_1_U280 SOURCE /home/simics/HMoE/HLS_HMoE/pseudo_block/run_11/src/pseudo_moe.cpp:44 VARIABLE acc_128 LOOP VITIS_LOOP_22_1_VITIS_LOOP_31_3 BUNDLEDNAME {} DSP 2 BRAM 0 URAM 0 STORAGESUBTYPE {} DISPNAME {bind_op fadd}}} AREA {DSP 112 BRAM 0 URAM 0}} compute_expert_1_9 {BINDINFO {{BINDTYPE op ID {} IMPL fabric LATENCY 0 OPTYPE add PRAGMA {} RTLNAME add_ln22_3_fu_1003_p2 SOURCE /home/simics/HMoE/HLS_HMoE/pseudo_block/run_11/src/pseudo_moe.cpp:22 VARIABLE add_ln22_3 LOOP VITIS_LOOP_22_1_VITIS_LOOP_31_3 BUNDLEDNAME {} DSP 0 BRAM 0 URAM 0 STORAGESUBTYPE {} DISPNAME {bind_op add}} {BINDTYPE op ID {} IMPL fabric LATENCY 0 OPTYPE add PRAGMA {} RTLNAME add_ln22_fu_1040_p2 SOURCE /home/simics/HMoE/HLS_HMoE/pseudo_block/run_11/src/pseudo_moe.cpp:22 VARIABLE add_ln22 LOOP VITIS_LOOP_22_1_VITIS_LOOP_31_3 BUNDLEDNAME {} DSP 0 BRAM 0 URAM 0 STORAGESUBTYPE {} DISPNAME {bind_op add}} {BINDTYPE op ID {} IMPL fabric LATENCY 0 OPTYPE add PRAGMA {} RTLNAME add_ln36_fu_1094_p2 SOURCE /home/simics/HMoE/HLS_HMoE/pseudo_block/run_11/src/pseudo_moe.cpp:36 VARIABLE add_ln36 LOOP VITIS_LOOP_22_1_VITIS_LOOP_31_3 BUNDLEDNAME {} DSP 0 BRAM 0 URAM 0 STORAGESUBTYPE {} DISPNAME {bind_op add}} {BINDTYPE op ID {} IMPL maxdsp LATENCY 1 OPTYPE fmul PRAGMA {} RTLNAME fmul_32ns_32ns_32_2_max_dsp_1_U364 SOURCE /home/simics/HMoE/HLS_HMoE/pseudo_block/run_11/src/pseudo_moe.cpp:36 VARIABLE mul LOOP VITIS_LOOP_22_1_VITIS_LOOP_31_3 BUNDLEDNAME {} DSP 3 BRAM 0 URAM 0 STORAGESUBTYPE {} DISPNAME {bind_op fmul}} {BINDTYPE op ID {} IMPL fulldsp LATENCY 1 OPTYPE fadd PRAGMA {} RTLNAME fadd_32ns_32ns_32_2_full_dsp_1_U332 SOURCE /home/simics/HMoE/HLS_HMoE/pseudo_block/run_11/src/pseudo_moe.cpp:36 VARIABLE add LOOP VITIS_LOOP_22_1_VITIS_LOOP_31_3 BUNDLEDNAME {} DSP 2 BRAM 0 URAM 0 STORAGESUBTYPE {} DISPNAME {bind_op fadd}} {BINDTYPE op ID {} IMPL maxdsp LATENCY 1 OPTYPE fmul PRAGMA {} RTLNAME fmul_32ns_32ns_32_2_max_dsp_1_U365 SOURCE /home/simics/HMoE/HLS_HMoE/pseudo_block/run_11/src/pseudo_moe.cpp:36 VARIABLE mul20_1 LOOP VITIS_LOOP_22_1_VITIS_LOOP_31_3 BUNDLEDNAME {} DSP 3 BRAM 0 URAM 0 STORAGESUBTYPE {} DISPNAME {bind_op fmul}} {BINDTYPE op ID {} IMPL fulldsp LATENCY 1 OPTYPE fadd PRAGMA {} RTLNAME fadd_32ns_32ns_32_2_full_dsp_1_U333 SOURCE /home/simics/HMoE/HLS_HMoE/pseudo_block/run_11/src/pseudo_moe.cpp:36 VARIABLE add23_1 LOOP VITIS_LOOP_22_1_VITIS_LOOP_31_3 BUNDLEDNAME {} DSP 2 BRAM 0 URAM 0 STORAGESUBTYPE {} DISPNAME {bind_op fadd}} {BINDTYPE op ID {} IMPL maxdsp LATENCY 1 OPTYPE fmul PRAGMA {} RTLNAME fmul_32ns_32ns_32_2_max_dsp_1_U366 SOURCE /home/simics/HMoE/HLS_HMoE/pseudo_block/run_11/src/pseudo_moe.cpp:36 VARIABLE mul20_2 LOOP VITIS_LOOP_22_1_VITIS_LOOP_31_3 BUNDLEDNAME {} DSP 3 BRAM 0 URAM 0 STORAGESUBTYPE {} DISPNAME {bind_op fmul}} {BINDTYPE op ID {} IMPL fulldsp LATENCY 1 OPTYPE fadd PRAGMA {} RTLNAME fadd_32ns_32ns_32_2_full_dsp_1_U335 SOURCE /home/simics/HMoE/HLS_HMoE/pseudo_block/run_11/src/pseudo_moe.cpp:36 VARIABLE add23_2 LOOP VITIS_LOOP_22_1_VITIS_LOOP_31_3 BUNDLEDNAME {} DSP 2 BRAM 0 URAM 0 STORAGESUBTYPE {} DISPNAME {bind_op fadd}} {BINDTYPE op ID {} IMPL maxdsp LATENCY 1 OPTYPE fmul PRAGMA {} RTLNAME fmul_32ns_32ns_32_2_max_dsp_1_U367 SOURCE /home/simics/HMoE/HLS_HMoE/pseudo_block/run_11/src/pseudo_moe.cpp:36 VARIABLE mul20_3 LOOP VITIS_LOOP_22_1_VITIS_LOOP_31_3 BUNDLEDNAME {} DSP 3 BRAM 0 URAM 0 STORAGESUBTYPE {} DISPNAME {bind_op fmul}} {BINDTYPE op ID {} IMPL fulldsp LATENCY 1 OPTYPE fadd PRAGMA {} RTLNAME fadd_32ns_32ns_32_2_full_dsp_1_U337 SOURCE /home/simics/HMoE/HLS_HMoE/pseudo_block/run_11/src/pseudo_moe.cpp:36 VARIABLE add23_3 LOOP VITIS_LOOP_22_1_VITIS_LOOP_31_3 BUNDLEDNAME {} DSP 2 BRAM 0 URAM 0 STORAGESUBTYPE {} DISPNAME {bind_op fadd}} {BINDTYPE op ID {} IMPL maxdsp LATENCY 1 OPTYPE fmul PRAGMA {} RTLNAME fmul_32ns_32ns_32_2_max_dsp_1_U368 SOURCE /home/simics/HMoE/HLS_HMoE/pseudo_block/run_11/src/pseudo_moe.cpp:36 VARIABLE mul20_4 LOOP VITIS_LOOP_22_1_VITIS_LOOP_31_3 BUNDLEDNAME {} DSP 3 BRAM 0 URAM 0 STORAGESUBTYPE {} DISPNAME {bind_op fmul}} {BINDTYPE op ID {} IMPL fulldsp LATENCY 1 OPTYPE fadd PRAGMA {} RTLNAME fadd_32ns_32ns_32_2_full_dsp_1_U339 SOURCE /home/simics/HMoE/HLS_HMoE/pseudo_block/run_11/src/pseudo_moe.cpp:36 VARIABLE add23_4 LOOP VITIS_LOOP_22_1_VITIS_LOOP_31_3 BUNDLEDNAME {} DSP 2 BRAM 0 URAM 0 STORAGESUBTYPE {} DISPNAME {bind_op fadd}} {BINDTYPE op ID {} IMPL maxdsp LATENCY 1 OPTYPE fmul PRAGMA {} RTLNAME fmul_32ns_32ns_32_2_max_dsp_1_U369 SOURCE /home/simics/HMoE/HLS_HMoE/pseudo_block/run_11/src/pseudo_moe.cpp:36 VARIABLE mul20_5 LOOP VITIS_LOOP_22_1_VITIS_LOOP_31_3 BUNDLEDNAME {} DSP 3 BRAM 0 URAM 0 STORAGESUBTYPE {} DISPNAME {bind_op fmul}} {BINDTYPE op ID {} IMPL fulldsp LATENCY 1 OPTYPE fadd PRAGMA {} RTLNAME fadd_32ns_32ns_32_2_full_dsp_1_U341 SOURCE /home/simics/HMoE/HLS_HMoE/pseudo_block/run_11/src/pseudo_moe.cpp:36 VARIABLE add23_5 LOOP VITIS_LOOP_22_1_VITIS_LOOP_31_3 BUNDLEDNAME {} DSP 2 BRAM 0 URAM 0 STORAGESUBTYPE {} DISPNAME {bind_op fadd}} {BINDTYPE op ID {} IMPL maxdsp LATENCY 1 OPTYPE fmul PRAGMA {} RTLNAME fmul_32ns_32ns_32_2_max_dsp_1_U370 SOURCE /home/simics/HMoE/HLS_HMoE/pseudo_block/run_11/src/pseudo_moe.cpp:36 VARIABLE mul20_6 LOOP VITIS_LOOP_22_1_VITIS_LOOP_31_3 BUNDLEDNAME {} DSP 3 BRAM 0 URAM 0 STORAGESUBTYPE {} DISPNAME {bind_op fmul}} {BINDTYPE op ID {} IMPL fulldsp LATENCY 1 OPTYPE fadd PRAGMA {} RTLNAME fadd_32ns_32ns_32_2_full_dsp_1_U343 SOURCE /home/simics/HMoE/HLS_HMoE/pseudo_block/run_11/src/pseudo_moe.cpp:36 VARIABLE add23_6 LOOP VITIS_LOOP_22_1_VITIS_LOOP_31_3 BUNDLEDNAME {} DSP 2 BRAM 0 URAM 0 STORAGESUBTYPE {} DISPNAME {bind_op fadd}} {BINDTYPE op ID {} IMPL maxdsp LATENCY 1 OPTYPE fmul PRAGMA {} RTLNAME fmul_32ns_32ns_32_2_max_dsp_1_U371 SOURCE /home/simics/HMoE/HLS_HMoE/pseudo_block/run_11/src/pseudo_moe.cpp:36 VARIABLE mul20_7 LOOP VITIS_LOOP_22_1_VITIS_LOOP_31_3 BUNDLEDNAME {} DSP 3 BRAM 0 URAM 0 STORAGESUBTYPE {} DISPNAME {bind_op fmul}} {BINDTYPE op ID {} IMPL fulldsp LATENCY 1 OPTYPE fadd PRAGMA {} RTLNAME fadd_32ns_32ns_32_2_full_dsp_1_U345 SOURCE /home/simics/HMoE/HLS_HMoE/pseudo_block/run_11/src/pseudo_moe.cpp:36 VARIABLE add23_7 LOOP VITIS_LOOP_22_1_VITIS_LOOP_31_3 BUNDLEDNAME {} DSP 2 BRAM 0 URAM 0 STORAGESUBTYPE {} DISPNAME {bind_op fadd}} {BINDTYPE op ID {} IMPL maxdsp LATENCY 1 OPTYPE fmul PRAGMA {} RTLNAME fmul_32ns_32ns_32_2_max_dsp_1_U372 SOURCE /home/simics/HMoE/HLS_HMoE/pseudo_block/run_11/src/pseudo_moe.cpp:36 VARIABLE mul20_8 LOOP VITIS_LOOP_22_1_VITIS_LOOP_31_3 BUNDLEDNAME {} DSP 3 BRAM 0 URAM 0 STORAGESUBTYPE {} DISPNAME {bind_op fmul}} {BINDTYPE op ID {} IMPL fulldsp LATENCY 1 OPTYPE fadd PRAGMA {} RTLNAME fadd_32ns_32ns_32_2_full_dsp_1_U347 SOURCE /home/simics/HMoE/HLS_HMoE/pseudo_block/run_11/src/pseudo_moe.cpp:36 VARIABLE add23_8 LOOP VITIS_LOOP_22_1_VITIS_LOOP_31_3 BUNDLEDNAME {} DSP 2 BRAM 0 URAM 0 STORAGESUBTYPE {} DISPNAME {bind_op fadd}} {BINDTYPE op ID {} IMPL maxdsp LATENCY 1 OPTYPE fmul PRAGMA {} RTLNAME fmul_32ns_32ns_32_2_max_dsp_1_U373 SOURCE /home/simics/HMoE/HLS_HMoE/pseudo_block/run_11/src/pseudo_moe.cpp:36 VARIABLE mul20_9 LOOP VITIS_LOOP_22_1_VITIS_LOOP_31_3 BUNDLEDNAME {} DSP 3 BRAM 0 URAM 0 STORAGESUBTYPE {} DISPNAME {bind_op fmul}} {BINDTYPE op ID {} IMPL fulldsp LATENCY 1 OPTYPE fadd PRAGMA {} RTLNAME fadd_32ns_32ns_32_2_full_dsp_1_U349 SOURCE /home/simics/HMoE/HLS_HMoE/pseudo_block/run_11/src/pseudo_moe.cpp:36 VARIABLE add23_9 LOOP VITIS_LOOP_22_1_VITIS_LOOP_31_3 BUNDLEDNAME {} DSP 2 BRAM 0 URAM 0 STORAGESUBTYPE {} DISPNAME {bind_op fadd}} {BINDTYPE op ID {} IMPL maxdsp LATENCY 1 OPTYPE fmul PRAGMA {} RTLNAME fmul_32ns_32ns_32_2_max_dsp_1_U374 SOURCE /home/simics/HMoE/HLS_HMoE/pseudo_block/run_11/src/pseudo_moe.cpp:36 VARIABLE mul20_10 LOOP VITIS_LOOP_22_1_VITIS_LOOP_31_3 BUNDLEDNAME {} DSP 3 BRAM 0 URAM 0 STORAGESUBTYPE {} DISPNAME {bind_op fmul}} {BINDTYPE op ID {} IMPL fulldsp LATENCY 1 OPTYPE fadd PRAGMA {} RTLNAME fadd_32ns_32ns_32_2_full_dsp_1_U351 SOURCE /home/simics/HMoE/HLS_HMoE/pseudo_block/run_11/src/pseudo_moe.cpp:36 VARIABLE add23_10 LOOP VITIS_LOOP_22_1_VITIS_LOOP_31_3 BUNDLEDNAME {} DSP 2 BRAM 0 URAM 0 STORAGESUBTYPE {} DISPNAME {bind_op fadd}} {BINDTYPE op ID {} IMPL maxdsp LATENCY 1 OPTYPE fmul PRAGMA {} RTLNAME fmul_32ns_32ns_32_2_max_dsp_1_U375 SOURCE /home/simics/HMoE/HLS_HMoE/pseudo_block/run_11/src/pseudo_moe.cpp:36 VARIABLE mul20_11 LOOP VITIS_LOOP_22_1_VITIS_LOOP_31_3 BUNDLEDNAME {} DSP 3 BRAM 0 URAM 0 STORAGESUBTYPE {} DISPNAME {bind_op fmul}} {BINDTYPE op ID {} IMPL fulldsp LATENCY 1 OPTYPE fadd PRAGMA {} RTLNAME fadd_32ns_32ns_32_2_full_dsp_1_U353 SOURCE /home/simics/HMoE/HLS_HMoE/pseudo_block/run_11/src/pseudo_moe.cpp:36 VARIABLE add23_11 LOOP VITIS_LOOP_22_1_VITIS_LOOP_31_3 BUNDLEDNAME {} DSP 2 BRAM 0 URAM 0 STORAGESUBTYPE {} DISPNAME {bind_op fadd}} {BINDTYPE op ID {} IMPL maxdsp LATENCY 1 OPTYPE fmul PRAGMA {} RTLNAME fmul_32ns_32ns_32_2_max_dsp_1_U376 SOURCE /home/simics/HMoE/HLS_HMoE/pseudo_block/run_11/src/pseudo_moe.cpp:36 VARIABLE mul20_12 LOOP VITIS_LOOP_22_1_VITIS_LOOP_31_3 BUNDLEDNAME {} DSP 3 BRAM 0 URAM 0 STORAGESUBTYPE {} DISPNAME {bind_op fmul}} {BINDTYPE op ID {} IMPL fulldsp LATENCY 1 OPTYPE fadd PRAGMA {} RTLNAME fadd_32ns_32ns_32_2_full_dsp_1_U355 SOURCE /home/simics/HMoE/HLS_HMoE/pseudo_block/run_11/src/pseudo_moe.cpp:36 VARIABLE add23_12 LOOP VITIS_LOOP_22_1_VITIS_LOOP_31_3 BUNDLEDNAME {} DSP 2 BRAM 0 URAM 0 STORAGESUBTYPE {} DISPNAME {bind_op fadd}} {BINDTYPE op ID {} IMPL maxdsp LATENCY 1 OPTYPE fmul PRAGMA {} RTLNAME fmul_32ns_32ns_32_2_max_dsp_1_U377 SOURCE /home/simics/HMoE/HLS_HMoE/pseudo_block/run_11/src/pseudo_moe.cpp:36 VARIABLE mul20_13 LOOP VITIS_LOOP_22_1_VITIS_LOOP_31_3 BUNDLEDNAME {} DSP 3 BRAM 0 URAM 0 STORAGESUBTYPE {} DISPNAME {bind_op fmul}} {BINDTYPE op ID {} IMPL fulldsp LATENCY 1 OPTYPE fadd PRAGMA {} RTLNAME fadd_32ns_32ns_32_2_full_dsp_1_U357 SOURCE /home/simics/HMoE/HLS_HMoE/pseudo_block/run_11/src/pseudo_moe.cpp:36 VARIABLE add23_13 LOOP VITIS_LOOP_22_1_VITIS_LOOP_31_3 BUNDLEDNAME {} DSP 2 BRAM 0 URAM 0 STORAGESUBTYPE {} DISPNAME {bind_op fadd}} {BINDTYPE op ID {} IMPL maxdsp LATENCY 1 OPTYPE fmul PRAGMA {} RTLNAME fmul_32ns_32ns_32_2_max_dsp_1_U378 SOURCE /home/simics/HMoE/HLS_HMoE/pseudo_block/run_11/src/pseudo_moe.cpp:36 VARIABLE mul20_14 LOOP VITIS_LOOP_22_1_VITIS_LOOP_31_3 BUNDLEDNAME {} DSP 3 BRAM 0 URAM 0 STORAGESUBTYPE {} DISPNAME {bind_op fmul}} {BINDTYPE op ID {} IMPL fulldsp LATENCY 1 OPTYPE fadd PRAGMA {} RTLNAME fadd_32ns_32ns_32_2_full_dsp_1_U359 SOURCE /home/simics/HMoE/HLS_HMoE/pseudo_block/run_11/src/pseudo_moe.cpp:36 VARIABLE add23_14 LOOP VITIS_LOOP_22_1_VITIS_LOOP_31_3 BUNDLEDNAME {} DSP 2 BRAM 0 URAM 0 STORAGESUBTYPE {} DISPNAME {bind_op fadd}} {BINDTYPE op ID {} IMPL maxdsp LATENCY 1 OPTYPE fmul PRAGMA {} RTLNAME fmul_32ns_32ns_32_2_max_dsp_1_U379 SOURCE /home/simics/HMoE/HLS_HMoE/pseudo_block/run_11/src/pseudo_moe.cpp:36 VARIABLE mul20_s LOOP VITIS_LOOP_22_1_VITIS_LOOP_31_3 BUNDLEDNAME {} DSP 3 BRAM 0 URAM 0 STORAGESUBTYPE {} DISPNAME {bind_op fmul}} {BINDTYPE op ID {} IMPL fulldsp LATENCY 1 OPTYPE fadd PRAGMA {} RTLNAME fadd_32ns_32ns_32_2_full_dsp_1_U361 SOURCE /home/simics/HMoE/HLS_HMoE/pseudo_block/run_11/src/pseudo_moe.cpp:36 VARIABLE add23_s LOOP VITIS_LOOP_22_1_VITIS_LOOP_31_3 BUNDLEDNAME {} DSP 2 BRAM 0 URAM 0 STORAGESUBTYPE {} DISPNAME {bind_op fadd}} {BINDTYPE op ID {} IMPL fabric LATENCY 0 OPTYPE add PRAGMA {} RTLNAME add_ln31_fu_1105_p2 SOURCE /home/simics/HMoE/HLS_HMoE/pseudo_block/run_11/src/pseudo_moe.cpp:31 VARIABLE add_ln31 LOOP VITIS_LOOP_22_1_VITIS_LOOP_31_3 BUNDLEDNAME {} DSP 0 BRAM 0 URAM 0 STORAGESUBTYPE {} DISPNAME {bind_op add}} {BINDTYPE op ID {} IMPL fulldsp LATENCY 1 OPTYPE fadd PRAGMA {} RTLNAME fadd_32ns_32ns_32_2_full_dsp_1_U334 SOURCE /home/simics/HMoE/HLS_HMoE/pseudo_block/run_11/src/pseudo_moe.cpp:44 VARIABLE acc_97 LOOP VITIS_LOOP_22_1_VITIS_LOOP_31_3 BUNDLEDNAME {} DSP 2 BRAM 0 URAM 0 STORAGESUBTYPE {} DISPNAME {bind_op fadd}} {BINDTYPE op ID {} IMPL fulldsp LATENCY 1 OPTYPE fadd PRAGMA {} RTLNAME fadd_32ns_32ns_32_2_full_dsp_1_U336 SOURCE /home/simics/HMoE/HLS_HMoE/pseudo_block/run_11/src/pseudo_moe.cpp:44 VARIABLE acc_98 LOOP VITIS_LOOP_22_1_VITIS_LOOP_31_3 BUNDLEDNAME {} DSP 2 BRAM 0 URAM 0 STORAGESUBTYPE {} DISPNAME {bind_op fadd}} {BINDTYPE op ID {} IMPL fulldsp LATENCY 1 OPTYPE fadd PRAGMA {} RTLNAME fadd_32ns_32ns_32_2_full_dsp_1_U338 SOURCE /home/simics/HMoE/HLS_HMoE/pseudo_block/run_11/src/pseudo_moe.cpp:44 VARIABLE acc_99 LOOP VITIS_LOOP_22_1_VITIS_LOOP_31_3 BUNDLEDNAME {} DSP 2 BRAM 0 URAM 0 STORAGESUBTYPE {} DISPNAME {bind_op fadd}} {BINDTYPE op ID {} IMPL fulldsp LATENCY 1 OPTYPE fadd PRAGMA {} RTLNAME fadd_32ns_32ns_32_2_full_dsp_1_U340 SOURCE /home/simics/HMoE/HLS_HMoE/pseudo_block/run_11/src/pseudo_moe.cpp:44 VARIABLE acc_100 LOOP VITIS_LOOP_22_1_VITIS_LOOP_31_3 BUNDLEDNAME {} DSP 2 BRAM 0 URAM 0 STORAGESUBTYPE {} DISPNAME {bind_op fadd}} {BINDTYPE op ID {} IMPL fulldsp LATENCY 1 OPTYPE fadd PRAGMA {} RTLNAME fadd_32ns_32ns_32_2_full_dsp_1_U342 SOURCE /home/simics/HMoE/HLS_HMoE/pseudo_block/run_11/src/pseudo_moe.cpp:44 VARIABLE acc_101 LOOP VITIS_LOOP_22_1_VITIS_LOOP_31_3 BUNDLEDNAME {} DSP 2 BRAM 0 URAM 0 STORAGESUBTYPE {} DISPNAME {bind_op fadd}} {BINDTYPE op ID {} IMPL fulldsp LATENCY 1 OPTYPE fadd PRAGMA {} RTLNAME fadd_32ns_32ns_32_2_full_dsp_1_U344 SOURCE /home/simics/HMoE/HLS_HMoE/pseudo_block/run_11/src/pseudo_moe.cpp:44 VARIABLE acc_102 LOOP VITIS_LOOP_22_1_VITIS_LOOP_31_3 BUNDLEDNAME {} DSP 2 BRAM 0 URAM 0 STORAGESUBTYPE {} DISPNAME {bind_op fadd}} {BINDTYPE op ID {} IMPL fulldsp LATENCY 1 OPTYPE fadd PRAGMA {} RTLNAME fadd_32ns_32ns_32_2_full_dsp_1_U346 SOURCE /home/simics/HMoE/HLS_HMoE/pseudo_block/run_11/src/pseudo_moe.cpp:44 VARIABLE acc_103 LOOP VITIS_LOOP_22_1_VITIS_LOOP_31_3 BUNDLEDNAME {} DSP 2 BRAM 0 URAM 0 STORAGESUBTYPE {} DISPNAME {bind_op fadd}} {BINDTYPE op ID {} IMPL fulldsp LATENCY 1 OPTYPE fadd PRAGMA {} RTLNAME fadd_32ns_32ns_32_2_full_dsp_1_U348 SOURCE /home/simics/HMoE/HLS_HMoE/pseudo_block/run_11/src/pseudo_moe.cpp:44 VARIABLE acc_104 LOOP VITIS_LOOP_22_1_VITIS_LOOP_31_3 BUNDLEDNAME {} DSP 2 BRAM 0 URAM 0 STORAGESUBTYPE {} DISPNAME {bind_op fadd}} {BINDTYPE op ID {} IMPL fulldsp LATENCY 1 OPTYPE fadd PRAGMA {} RTLNAME fadd_32ns_32ns_32_2_full_dsp_1_U350 SOURCE /home/simics/HMoE/HLS_HMoE/pseudo_block/run_11/src/pseudo_moe.cpp:44 VARIABLE acc_105 LOOP VITIS_LOOP_22_1_VITIS_LOOP_31_3 BUNDLEDNAME {} DSP 2 BRAM 0 URAM 0 STORAGESUBTYPE {} DISPNAME {bind_op fadd}} {BINDTYPE op ID {} IMPL fulldsp LATENCY 1 OPTYPE fadd PRAGMA {} RTLNAME fadd_32ns_32ns_32_2_full_dsp_1_U352 SOURCE /home/simics/HMoE/HLS_HMoE/pseudo_block/run_11/src/pseudo_moe.cpp:44 VARIABLE acc_106 LOOP VITIS_LOOP_22_1_VITIS_LOOP_31_3 BUNDLEDNAME {} DSP 2 BRAM 0 URAM 0 STORAGESUBTYPE {} DISPNAME {bind_op fadd}} {BINDTYPE op ID {} IMPL fulldsp LATENCY 1 OPTYPE fadd PRAGMA {} RTLNAME fadd_32ns_32ns_32_2_full_dsp_1_U354 SOURCE /home/simics/HMoE/HLS_HMoE/pseudo_block/run_11/src/pseudo_moe.cpp:44 VARIABLE acc_107 LOOP VITIS_LOOP_22_1_VITIS_LOOP_31_3 BUNDLEDNAME {} DSP 2 BRAM 0 URAM 0 STORAGESUBTYPE {} DISPNAME {bind_op fadd}} {BINDTYPE op ID {} IMPL fulldsp LATENCY 1 OPTYPE fadd PRAGMA {} RTLNAME fadd_32ns_32ns_32_2_full_dsp_1_U356 SOURCE /home/simics/HMoE/HLS_HMoE/pseudo_block/run_11/src/pseudo_moe.cpp:44 VARIABLE acc_108 LOOP VITIS_LOOP_22_1_VITIS_LOOP_31_3 BUNDLEDNAME {} DSP 2 BRAM 0 URAM 0 STORAGESUBTYPE {} DISPNAME {bind_op fadd}} {BINDTYPE op ID {} IMPL fulldsp LATENCY 1 OPTYPE fadd PRAGMA {} RTLNAME fadd_32ns_32ns_32_2_full_dsp_1_U358 SOURCE /home/simics/HMoE/HLS_HMoE/pseudo_block/run_11/src/pseudo_moe.cpp:44 VARIABLE acc_109 LOOP VITIS_LOOP_22_1_VITIS_LOOP_31_3 BUNDLEDNAME {} DSP 2 BRAM 0 URAM 0 STORAGESUBTYPE {} DISPNAME {bind_op fadd}} {BINDTYPE op ID {} IMPL fulldsp LATENCY 1 OPTYPE fadd PRAGMA {} RTLNAME fadd_32ns_32ns_32_2_full_dsp_1_U360 SOURCE /home/simics/HMoE/HLS_HMoE/pseudo_block/run_11/src/pseudo_moe.cpp:44 VARIABLE acc_110 LOOP VITIS_LOOP_22_1_VITIS_LOOP_31_3 BUNDLEDNAME {} DSP 2 BRAM 0 URAM 0 STORAGESUBTYPE {} DISPNAME {bind_op fadd}} {BINDTYPE op ID {} IMPL fulldsp LATENCY 1 OPTYPE fadd PRAGMA {} RTLNAME fadd_32ns_32ns_32_2_full_dsp_1_U362 SOURCE /home/simics/HMoE/HLS_HMoE/pseudo_block/run_11/src/pseudo_moe.cpp:44 VARIABLE acc_111 LOOP VITIS_LOOP_22_1_VITIS_LOOP_31_3 BUNDLEDNAME {} DSP 2 BRAM 0 URAM 0 STORAGESUBTYPE {} DISPNAME {bind_op fadd}} {BINDTYPE op ID {} IMPL fulldsp LATENCY 1 OPTYPE fadd PRAGMA {} RTLNAME fadd_32ns_32ns_32_2_full_dsp_1_U363 SOURCE /home/simics/HMoE/HLS_HMoE/pseudo_block/run_11/src/pseudo_moe.cpp:44 VARIABLE acc_112 LOOP VITIS_LOOP_22_1_VITIS_LOOP_31_3 BUNDLEDNAME {} DSP 2 BRAM 0 URAM 0 STORAGESUBTYPE {} DISPNAME {bind_op fadd}}} AREA {DSP 112 BRAM 0 URAM 0}} compute_expert_2_10 {BINDINFO {{BINDTYPE op ID {} IMPL fabric LATENCY 0 OPTYPE add PRAGMA {} RTLNAME add_ln22_2_fu_1003_p2 SOURCE /home/simics/HMoE/HLS_HMoE/pseudo_block/run_11/src/pseudo_moe.cpp:22 VARIABLE add_ln22_2 LOOP VITIS_LOOP_22_1_VITIS_LOOP_31_3 BUNDLEDNAME {} DSP 0 BRAM 0 URAM 0 STORAGESUBTYPE {} DISPNAME {bind_op add}} {BINDTYPE op ID {} IMPL fabric LATENCY 0 OPTYPE add PRAGMA {} RTLNAME add_ln22_fu_1040_p2 SOURCE /home/simics/HMoE/HLS_HMoE/pseudo_block/run_11/src/pseudo_moe.cpp:22 VARIABLE add_ln22 LOOP VITIS_LOOP_22_1_VITIS_LOOP_31_3 BUNDLEDNAME {} DSP 0 BRAM 0 URAM 0 STORAGESUBTYPE {} DISPNAME {bind_op add}} {BINDTYPE op ID {} IMPL fabric LATENCY 0 OPTYPE add PRAGMA {} RTLNAME add_ln36_fu_1094_p2 SOURCE /home/simics/HMoE/HLS_HMoE/pseudo_block/run_11/src/pseudo_moe.cpp:36 VARIABLE add_ln36 LOOP VITIS_LOOP_22_1_VITIS_LOOP_31_3 BUNDLEDNAME {} DSP 0 BRAM 0 URAM 0 STORAGESUBTYPE {} DISPNAME {bind_op add}} {BINDTYPE op ID {} IMPL maxdsp LATENCY 1 OPTYPE fmul PRAGMA {} RTLNAME fmul_32ns_32ns_32_2_max_dsp_1_U447 SOURCE /home/simics/HMoE/HLS_HMoE/pseudo_block/run_11/src/pseudo_moe.cpp:36 VARIABLE mul LOOP VITIS_LOOP_22_1_VITIS_LOOP_31_3 BUNDLEDNAME {} DSP 3 BRAM 0 URAM 0 STORAGESUBTYPE {} DISPNAME {bind_op fmul}} {BINDTYPE op ID {} IMPL fulldsp LATENCY 1 OPTYPE fadd PRAGMA {} RTLNAME fadd_32ns_32ns_32_2_full_dsp_1_U415 SOURCE /home/simics/HMoE/HLS_HMoE/pseudo_block/run_11/src/pseudo_moe.cpp:36 VARIABLE add LOOP VITIS_LOOP_22_1_VITIS_LOOP_31_3 BUNDLEDNAME {} DSP 2 BRAM 0 URAM 0 STORAGESUBTYPE {} DISPNAME {bind_op fadd}} {BINDTYPE op ID {} IMPL maxdsp LATENCY 1 OPTYPE fmul PRAGMA {} RTLNAME fmul_32ns_32ns_32_2_max_dsp_1_U448 SOURCE /home/simics/HMoE/HLS_HMoE/pseudo_block/run_11/src/pseudo_moe.cpp:36 VARIABLE mul20_1 LOOP VITIS_LOOP_22_1_VITIS_LOOP_31_3 BUNDLEDNAME {} DSP 3 BRAM 0 URAM 0 STORAGESUBTYPE {} DISPNAME {bind_op fmul}} {BINDTYPE op ID {} IMPL fulldsp LATENCY 1 OPTYPE fadd PRAGMA {} RTLNAME fadd_32ns_32ns_32_2_full_dsp_1_U416 SOURCE /home/simics/HMoE/HLS_HMoE/pseudo_block/run_11/src/pseudo_moe.cpp:36 VARIABLE add23_1 LOOP VITIS_LOOP_22_1_VITIS_LOOP_31_3 BUNDLEDNAME {} DSP 2 BRAM 0 URAM 0 STORAGESUBTYPE {} DISPNAME {bind_op fadd}} {BINDTYPE op ID {} IMPL maxdsp LATENCY 1 OPTYPE fmul PRAGMA {} RTLNAME fmul_32ns_32ns_32_2_max_dsp_1_U449 SOURCE /home/simics/HMoE/HLS_HMoE/pseudo_block/run_11/src/pseudo_moe.cpp:36 VARIABLE mul20_2 LOOP VITIS_LOOP_22_1_VITIS_LOOP_31_3 BUNDLEDNAME {} DSP 3 BRAM 0 URAM 0 STORAGESUBTYPE {} DISPNAME {bind_op fmul}} {BINDTYPE op ID {} IMPL fulldsp LATENCY 1 OPTYPE fadd PRAGMA {} RTLNAME fadd_32ns_32ns_32_2_full_dsp_1_U418 SOURCE /home/simics/HMoE/HLS_HMoE/pseudo_block/run_11/src/pseudo_moe.cpp:36 VARIABLE add23_2 LOOP VITIS_LOOP_22_1_VITIS_LOOP_31_3 BUNDLEDNAME {} DSP 2 BRAM 0 URAM 0 STORAGESUBTYPE {} DISPNAME {bind_op fadd}} {BINDTYPE op ID {} IMPL maxdsp LATENCY 1 OPTYPE fmul PRAGMA {} RTLNAME fmul_32ns_32ns_32_2_max_dsp_1_U450 SOURCE /home/simics/HMoE/HLS_HMoE/pseudo_block/run_11/src/pseudo_moe.cpp:36 VARIABLE mul20_3 LOOP VITIS_LOOP_22_1_VITIS_LOOP_31_3 BUNDLEDNAME {} DSP 3 BRAM 0 URAM 0 STORAGESUBTYPE {} DISPNAME {bind_op fmul}} {BINDTYPE op ID {} IMPL fulldsp LATENCY 1 OPTYPE fadd PRAGMA {} RTLNAME fadd_32ns_32ns_32_2_full_dsp_1_U420 SOURCE /home/simics/HMoE/HLS_HMoE/pseudo_block/run_11/src/pseudo_moe.cpp:36 VARIABLE add23_3 LOOP VITIS_LOOP_22_1_VITIS_LOOP_31_3 BUNDLEDNAME {} DSP 2 BRAM 0 URAM 0 STORAGESUBTYPE {} DISPNAME {bind_op fadd}} {BINDTYPE op ID {} IMPL maxdsp LATENCY 1 OPTYPE fmul PRAGMA {} RTLNAME fmul_32ns_32ns_32_2_max_dsp_1_U451 SOURCE /home/simics/HMoE/HLS_HMoE/pseudo_block/run_11/src/pseudo_moe.cpp:36 VARIABLE mul20_4 LOOP VITIS_LOOP_22_1_VITIS_LOOP_31_3 BUNDLEDNAME {} DSP 3 BRAM 0 URAM 0 STORAGESUBTYPE {} DISPNAME {bind_op fmul}} {BINDTYPE op ID {} IMPL fulldsp LATENCY 1 OPTYPE fadd PRAGMA {} RTLNAME fadd_32ns_32ns_32_2_full_dsp_1_U422 SOURCE /home/simics/HMoE/HLS_HMoE/pseudo_block/run_11/src/pseudo_moe.cpp:36 VARIABLE add23_4 LOOP VITIS_LOOP_22_1_VITIS_LOOP_31_3 BUNDLEDNAME {} DSP 2 BRAM 0 URAM 0 STORAGESUBTYPE {} DISPNAME {bind_op fadd}} {BINDTYPE op ID {} IMPL maxdsp LATENCY 1 OPTYPE fmul PRAGMA {} RTLNAME fmul_32ns_32ns_32_2_max_dsp_1_U452 SOURCE /home/simics/HMoE/HLS_HMoE/pseudo_block/run_11/src/pseudo_moe.cpp:36 VARIABLE mul20_5 LOOP VITIS_LOOP_22_1_VITIS_LOOP_31_3 BUNDLEDNAME {} DSP 3 BRAM 0 URAM 0 STORAGESUBTYPE {} DISPNAME {bind_op fmul}} {BINDTYPE op ID {} IMPL fulldsp LATENCY 1 OPTYPE fadd PRAGMA {} RTLNAME fadd_32ns_32ns_32_2_full_dsp_1_U424 SOURCE /home/simics/HMoE/HLS_HMoE/pseudo_block/run_11/src/pseudo_moe.cpp:36 VARIABLE add23_5 LOOP VITIS_LOOP_22_1_VITIS_LOOP_31_3 BUNDLEDNAME {} DSP 2 BRAM 0 URAM 0 STORAGESUBTYPE {} DISPNAME {bind_op fadd}} {BINDTYPE op ID {} IMPL maxdsp LATENCY 1 OPTYPE fmul PRAGMA {} RTLNAME fmul_32ns_32ns_32_2_max_dsp_1_U453 SOURCE /home/simics/HMoE/HLS_HMoE/pseudo_block/run_11/src/pseudo_moe.cpp:36 VARIABLE mul20_6 LOOP VITIS_LOOP_22_1_VITIS_LOOP_31_3 BUNDLEDNAME {} DSP 3 BRAM 0 URAM 0 STORAGESUBTYPE {} DISPNAME {bind_op fmul}} {BINDTYPE op ID {} IMPL fulldsp LATENCY 1 OPTYPE fadd PRAGMA {} RTLNAME fadd_32ns_32ns_32_2_full_dsp_1_U426 SOURCE /home/simics/HMoE/HLS_HMoE/pseudo_block/run_11/src/pseudo_moe.cpp:36 VARIABLE add23_6 LOOP VITIS_LOOP_22_1_VITIS_LOOP_31_3 BUNDLEDNAME {} DSP 2 BRAM 0 URAM 0 STORAGESUBTYPE {} DISPNAME {bind_op fadd}} {BINDTYPE op ID {} IMPL maxdsp LATENCY 1 OPTYPE fmul PRAGMA {} RTLNAME fmul_32ns_32ns_32_2_max_dsp_1_U454 SOURCE /home/simics/HMoE/HLS_HMoE/pseudo_block/run_11/src/pseudo_moe.cpp:36 VARIABLE mul20_7 LOOP VITIS_LOOP_22_1_VITIS_LOOP_31_3 BUNDLEDNAME {} DSP 3 BRAM 0 URAM 0 STORAGESUBTYPE {} DISPNAME {bind_op fmul}} {BINDTYPE op ID {} IMPL fulldsp LATENCY 1 OPTYPE fadd PRAGMA {} RTLNAME fadd_32ns_32ns_32_2_full_dsp_1_U428 SOURCE /home/simics/HMoE/HLS_HMoE/pseudo_block/run_11/src/pseudo_moe.cpp:36 VARIABLE add23_7 LOOP VITIS_LOOP_22_1_VITIS_LOOP_31_3 BUNDLEDNAME {} DSP 2 BRAM 0 URAM 0 STORAGESUBTYPE {} DISPNAME {bind_op fadd}} {BINDTYPE op ID {} IMPL maxdsp LATENCY 1 OPTYPE fmul PRAGMA {} RTLNAME fmul_32ns_32ns_32_2_max_dsp_1_U455 SOURCE /home/simics/HMoE/HLS_HMoE/pseudo_block/run_11/src/pseudo_moe.cpp:36 VARIABLE mul20_8 LOOP VITIS_LOOP_22_1_VITIS_LOOP_31_3 BUNDLEDNAME {} DSP 3 BRAM 0 URAM 0 STORAGESUBTYPE {} DISPNAME {bind_op fmul}} {BINDTYPE op ID {} IMPL fulldsp LATENCY 1 OPTYPE fadd PRAGMA {} RTLNAME fadd_32ns_32ns_32_2_full_dsp_1_U430 SOURCE /home/simics/HMoE/HLS_HMoE/pseudo_block/run_11/src/pseudo_moe.cpp:36 VARIABLE add23_8 LOOP VITIS_LOOP_22_1_VITIS_LOOP_31_3 BUNDLEDNAME {} DSP 2 BRAM 0 URAM 0 STORAGESUBTYPE {} DISPNAME {bind_op fadd}} {BINDTYPE op ID {} IMPL maxdsp LATENCY 1 OPTYPE fmul PRAGMA {} RTLNAME fmul_32ns_32ns_32_2_max_dsp_1_U456 SOURCE /home/simics/HMoE/HLS_HMoE/pseudo_block/run_11/src/pseudo_moe.cpp:36 VARIABLE mul20_9 LOOP VITIS_LOOP_22_1_VITIS_LOOP_31_3 BUNDLEDNAME {} DSP 3 BRAM 0 URAM 0 STORAGESUBTYPE {} DISPNAME {bind_op fmul}} {BINDTYPE op ID {} IMPL fulldsp LATENCY 1 OPTYPE fadd PRAGMA {} RTLNAME fadd_32ns_32ns_32_2_full_dsp_1_U432 SOURCE /home/simics/HMoE/HLS_HMoE/pseudo_block/run_11/src/pseudo_moe.cpp:36 VARIABLE add23_9 LOOP VITIS_LOOP_22_1_VITIS_LOOP_31_3 BUNDLEDNAME {} DSP 2 BRAM 0 URAM 0 STORAGESUBTYPE {} DISPNAME {bind_op fadd}} {BINDTYPE op ID {} IMPL maxdsp LATENCY 1 OPTYPE fmul PRAGMA {} RTLNAME fmul_32ns_32ns_32_2_max_dsp_1_U457 SOURCE /home/simics/HMoE/HLS_HMoE/pseudo_block/run_11/src/pseudo_moe.cpp:36 VARIABLE mul20_10 LOOP VITIS_LOOP_22_1_VITIS_LOOP_31_3 BUNDLEDNAME {} DSP 3 BRAM 0 URAM 0 STORAGESUBTYPE {} DISPNAME {bind_op fmul}} {BINDTYPE op ID {} IMPL fulldsp LATENCY 1 OPTYPE fadd PRAGMA {} RTLNAME fadd_32ns_32ns_32_2_full_dsp_1_U434 SOURCE /home/simics/HMoE/HLS_HMoE/pseudo_block/run_11/src/pseudo_moe.cpp:36 VARIABLE add23_10 LOOP VITIS_LOOP_22_1_VITIS_LOOP_31_3 BUNDLEDNAME {} DSP 2 BRAM 0 URAM 0 STORAGESUBTYPE {} DISPNAME {bind_op fadd}} {BINDTYPE op ID {} IMPL maxdsp LATENCY 1 OPTYPE fmul PRAGMA {} RTLNAME fmul_32ns_32ns_32_2_max_dsp_1_U458 SOURCE /home/simics/HMoE/HLS_HMoE/pseudo_block/run_11/src/pseudo_moe.cpp:36 VARIABLE mul20_11 LOOP VITIS_LOOP_22_1_VITIS_LOOP_31_3 BUNDLEDNAME {} DSP 3 BRAM 0 URAM 0 STORAGESUBTYPE {} DISPNAME {bind_op fmul}} {BINDTYPE op ID {} IMPL fulldsp LATENCY 1 OPTYPE fadd PRAGMA {} RTLNAME fadd_32ns_32ns_32_2_full_dsp_1_U436 SOURCE /home/simics/HMoE/HLS_HMoE/pseudo_block/run_11/src/pseudo_moe.cpp:36 VARIABLE add23_11 LOOP VITIS_LOOP_22_1_VITIS_LOOP_31_3 BUNDLEDNAME {} DSP 2 BRAM 0 URAM 0 STORAGESUBTYPE {} DISPNAME {bind_op fadd}} {BINDTYPE op ID {} IMPL maxdsp LATENCY 1 OPTYPE fmul PRAGMA {} RTLNAME fmul_32ns_32ns_32_2_max_dsp_1_U459 SOURCE /home/simics/HMoE/HLS_HMoE/pseudo_block/run_11/src/pseudo_moe.cpp:36 VARIABLE mul20_12 LOOP VITIS_LOOP_22_1_VITIS_LOOP_31_3 BUNDLEDNAME {} DSP 3 BRAM 0 URAM 0 STORAGESUBTYPE {} DISPNAME {bind_op fmul}} {BINDTYPE op ID {} IMPL fulldsp LATENCY 1 OPTYPE fadd PRAGMA {} RTLNAME fadd_32ns_32ns_32_2_full_dsp_1_U438 SOURCE /home/simics/HMoE/HLS_HMoE/pseudo_block/run_11/src/pseudo_moe.cpp:36 VARIABLE add23_12 LOOP VITIS_LOOP_22_1_VITIS_LOOP_31_3 BUNDLEDNAME {} DSP 2 BRAM 0 URAM 0 STORAGESUBTYPE {} DISPNAME {bind_op fadd}} {BINDTYPE op ID {} IMPL maxdsp LATENCY 1 OPTYPE fmul PRAGMA {} RTLNAME fmul_32ns_32ns_32_2_max_dsp_1_U460 SOURCE /home/simics/HMoE/HLS_HMoE/pseudo_block/run_11/src/pseudo_moe.cpp:36 VARIABLE mul20_13 LOOP VITIS_LOOP_22_1_VITIS_LOOP_31_3 BUNDLEDNAME {} DSP 3 BRAM 0 URAM 0 STORAGESUBTYPE {} DISPNAME {bind_op fmul}} {BINDTYPE op ID {} IMPL fulldsp LATENCY 1 OPTYPE fadd PRAGMA {} RTLNAME fadd_32ns_32ns_32_2_full_dsp_1_U440 SOURCE /home/simics/HMoE/HLS_HMoE/pseudo_block/run_11/src/pseudo_moe.cpp:36 VARIABLE add23_13 LOOP VITIS_LOOP_22_1_VITIS_LOOP_31_3 BUNDLEDNAME {} DSP 2 BRAM 0 URAM 0 STORAGESUBTYPE {} DISPNAME {bind_op fadd}} {BINDTYPE op ID {} IMPL maxdsp LATENCY 1 OPTYPE fmul PRAGMA {} RTLNAME fmul_32ns_32ns_32_2_max_dsp_1_U461 SOURCE /home/simics/HMoE/HLS_HMoE/pseudo_block/run_11/src/pseudo_moe.cpp:36 VARIABLE mul20_14 LOOP VITIS_LOOP_22_1_VITIS_LOOP_31_3 BUNDLEDNAME {} DSP 3 BRAM 0 URAM 0 STORAGESUBTYPE {} DISPNAME {bind_op fmul}} {BINDTYPE op ID {} IMPL fulldsp LATENCY 1 OPTYPE fadd PRAGMA {} RTLNAME fadd_32ns_32ns_32_2_full_dsp_1_U442 SOURCE /home/simics/HMoE/HLS_HMoE/pseudo_block/run_11/src/pseudo_moe.cpp:36 VARIABLE add23_14 LOOP VITIS_LOOP_22_1_VITIS_LOOP_31_3 BUNDLEDNAME {} DSP 2 BRAM 0 URAM 0 STORAGESUBTYPE {} DISPNAME {bind_op fadd}} {BINDTYPE op ID {} IMPL maxdsp LATENCY 1 OPTYPE fmul PRAGMA {} RTLNAME fmul_32ns_32ns_32_2_max_dsp_1_U462 SOURCE /home/simics/HMoE/HLS_HMoE/pseudo_block/run_11/src/pseudo_moe.cpp:36 VARIABLE mul20_s LOOP VITIS_LOOP_22_1_VITIS_LOOP_31_3 BUNDLEDNAME {} DSP 3 BRAM 0 URAM 0 STORAGESUBTYPE {} DISPNAME {bind_op fmul}} {BINDTYPE op ID {} IMPL fulldsp LATENCY 1 OPTYPE fadd PRAGMA {} RTLNAME fadd_32ns_32ns_32_2_full_dsp_1_U444 SOURCE /home/simics/HMoE/HLS_HMoE/pseudo_block/run_11/src/pseudo_moe.cpp:36 VARIABLE add23_s LOOP VITIS_LOOP_22_1_VITIS_LOOP_31_3 BUNDLEDNAME {} DSP 2 BRAM 0 URAM 0 STORAGESUBTYPE {} DISPNAME {bind_op fadd}} {BINDTYPE op ID {} IMPL fabric LATENCY 0 OPTYPE add PRAGMA {} RTLNAME add_ln31_fu_1105_p2 SOURCE /home/simics/HMoE/HLS_HMoE/pseudo_block/run_11/src/pseudo_moe.cpp:31 VARIABLE add_ln31 LOOP VITIS_LOOP_22_1_VITIS_LOOP_31_3 BUNDLEDNAME {} DSP 0 BRAM 0 URAM 0 STORAGESUBTYPE {} DISPNAME {bind_op add}} {BINDTYPE op ID {} IMPL fulldsp LATENCY 1 OPTYPE fadd PRAGMA {} RTLNAME fadd_32ns_32ns_32_2_full_dsp_1_U417 SOURCE /home/simics/HMoE/HLS_HMoE/pseudo_block/run_11/src/pseudo_moe.cpp:44 VARIABLE acc_81 LOOP VITIS_LOOP_22_1_VITIS_LOOP_31_3 BUNDLEDNAME {} DSP 2 BRAM 0 URAM 0 STORAGESUBTYPE {} DISPNAME {bind_op fadd}} {BINDTYPE op ID {} IMPL fulldsp LATENCY 1 OPTYPE fadd PRAGMA {} RTLNAME fadd_32ns_32ns_32_2_full_dsp_1_U419 SOURCE /home/simics/HMoE/HLS_HMoE/pseudo_block/run_11/src/pseudo_moe.cpp:44 VARIABLE acc_82 LOOP VITIS_LOOP_22_1_VITIS_LOOP_31_3 BUNDLEDNAME {} DSP 2 BRAM 0 URAM 0 STORAGESUBTYPE {} DISPNAME {bind_op fadd}} {BINDTYPE op ID {} IMPL fulldsp LATENCY 1 OPTYPE fadd PRAGMA {} RTLNAME fadd_32ns_32ns_32_2_full_dsp_1_U421 SOURCE /home/simics/HMoE/HLS_HMoE/pseudo_block/run_11/src/pseudo_moe.cpp:44 VARIABLE acc_83 LOOP VITIS_LOOP_22_1_VITIS_LOOP_31_3 BUNDLEDNAME {} DSP 2 BRAM 0 URAM 0 STORAGESUBTYPE {} DISPNAME {bind_op fadd}} {BINDTYPE op ID {} IMPL fulldsp LATENCY 1 OPTYPE fadd PRAGMA {} RTLNAME fadd_32ns_32ns_32_2_full_dsp_1_U423 SOURCE /home/simics/HMoE/HLS_HMoE/pseudo_block/run_11/src/pseudo_moe.cpp:44 VARIABLE acc_84 LOOP VITIS_LOOP_22_1_VITIS_LOOP_31_3 BUNDLEDNAME {} DSP 2 BRAM 0 URAM 0 STORAGESUBTYPE {} DISPNAME {bind_op fadd}} {BINDTYPE op ID {} IMPL fulldsp LATENCY 1 OPTYPE fadd PRAGMA {} RTLNAME fadd_32ns_32ns_32_2_full_dsp_1_U425 SOURCE /home/simics/HMoE/HLS_HMoE/pseudo_block/run_11/src/pseudo_moe.cpp:44 VARIABLE acc_85 LOOP VITIS_LOOP_22_1_VITIS_LOOP_31_3 BUNDLEDNAME {} DSP 2 BRAM 0 URAM 0 STORAGESUBTYPE {} DISPNAME {bind_op fadd}} {BINDTYPE op ID {} IMPL fulldsp LATENCY 1 OPTYPE fadd PRAGMA {} RTLNAME fadd_32ns_32ns_32_2_full_dsp_1_U427 SOURCE /home/simics/HMoE/HLS_HMoE/pseudo_block/run_11/src/pseudo_moe.cpp:44 VARIABLE acc_86 LOOP VITIS_LOOP_22_1_VITIS_LOOP_31_3 BUNDLEDNAME {} DSP 2 BRAM 0 URAM 0 STORAGESUBTYPE {} DISPNAME {bind_op fadd}} {BINDTYPE op ID {} IMPL fulldsp LATENCY 1 OPTYPE fadd PRAGMA {} RTLNAME fadd_32ns_32ns_32_2_full_dsp_1_U429 SOURCE /home/simics/HMoE/HLS_HMoE/pseudo_block/run_11/src/pseudo_moe.cpp:44 VARIABLE acc_87 LOOP VITIS_LOOP_22_1_VITIS_LOOP_31_3 BUNDLEDNAME {} DSP 2 BRAM 0 URAM 0 STORAGESUBTYPE {} DISPNAME {bind_op fadd}} {BINDTYPE op ID {} IMPL fulldsp LATENCY 1 OPTYPE fadd PRAGMA {} RTLNAME fadd_32ns_32ns_32_2_full_dsp_1_U431 SOURCE /home/simics/HMoE/HLS_HMoE/pseudo_block/run_11/src/pseudo_moe.cpp:44 VARIABLE acc_88 LOOP VITIS_LOOP_22_1_VITIS_LOOP_31_3 BUNDLEDNAME {} DSP 2 BRAM 0 URAM 0 STORAGESUBTYPE {} DISPNAME {bind_op fadd}} {BINDTYPE op ID {} IMPL fulldsp LATENCY 1 OPTYPE fadd PRAGMA {} RTLNAME fadd_32ns_32ns_32_2_full_dsp_1_U433 SOURCE /home/simics/HMoE/HLS_HMoE/pseudo_block/run_11/src/pseudo_moe.cpp:44 VARIABLE acc_89 LOOP VITIS_LOOP_22_1_VITIS_LOOP_31_3 BUNDLEDNAME {} DSP 2 BRAM 0 URAM 0 STORAGESUBTYPE {} DISPNAME {bind_op fadd}} {BINDTYPE op ID {} IMPL fulldsp LATENCY 1 OPTYPE fadd PRAGMA {} RTLNAME fadd_32ns_32ns_32_2_full_dsp_1_U435 SOURCE /home/simics/HMoE/HLS_HMoE/pseudo_block/run_11/src/pseudo_moe.cpp:44 VARIABLE acc_90 LOOP VITIS_LOOP_22_1_VITIS_LOOP_31_3 BUNDLEDNAME {} DSP 2 BRAM 0 URAM 0 STORAGESUBTYPE {} DISPNAME {bind_op fadd}} {BINDTYPE op ID {} IMPL fulldsp LATENCY 1 OPTYPE fadd PRAGMA {} RTLNAME fadd_32ns_32ns_32_2_full_dsp_1_U437 SOURCE /home/simics/HMoE/HLS_HMoE/pseudo_block/run_11/src/pseudo_moe.cpp:44 VARIABLE acc_91 LOOP VITIS_LOOP_22_1_VITIS_LOOP_31_3 BUNDLEDNAME {} DSP 2 BRAM 0 URAM 0 STORAGESUBTYPE {} DISPNAME {bind_op fadd}} {BINDTYPE op ID {} IMPL fulldsp LATENCY 1 OPTYPE fadd PRAGMA {} RTLNAME fadd_32ns_32ns_32_2_full_dsp_1_U439 SOURCE /home/simics/HMoE/HLS_HMoE/pseudo_block/run_11/src/pseudo_moe.cpp:44 VARIABLE acc_92 LOOP VITIS_LOOP_22_1_VITIS_LOOP_31_3 BUNDLEDNAME {} DSP 2 BRAM 0 URAM 0 STORAGESUBTYPE {} DISPNAME {bind_op fadd}} {BINDTYPE op ID {} IMPL fulldsp LATENCY 1 OPTYPE fadd PRAGMA {} RTLNAME fadd_32ns_32ns_32_2_full_dsp_1_U441 SOURCE /home/simics/HMoE/HLS_HMoE/pseudo_block/run_11/src/pseudo_moe.cpp:44 VARIABLE acc_93 LOOP VITIS_LOOP_22_1_VITIS_LOOP_31_3 BUNDLEDNAME {} DSP 2 BRAM 0 URAM 0 STORAGESUBTYPE {} DISPNAME {bind_op fadd}} {BINDTYPE op ID {} IMPL fulldsp LATENCY 1 OPTYPE fadd PRAGMA {} RTLNAME fadd_32ns_32ns_32_2_full_dsp_1_U443 SOURCE /home/simics/HMoE/HLS_HMoE/pseudo_block/run_11/src/pseudo_moe.cpp:44 VARIABLE acc_94 LOOP VITIS_LOOP_22_1_VITIS_LOOP_31_3 BUNDLEDNAME {} DSP 2 BRAM 0 URAM 0 STORAGESUBTYPE {} DISPNAME {bind_op fadd}} {BINDTYPE op ID {} IMPL fulldsp LATENCY 1 OPTYPE fadd PRAGMA {} RTLNAME fadd_32ns_32ns_32_2_full_dsp_1_U445 SOURCE /home/simics/HMoE/HLS_HMoE/pseudo_block/run_11/src/pseudo_moe.cpp:44 VARIABLE acc_95 LOOP VITIS_LOOP_22_1_VITIS_LOOP_31_3 BUNDLEDNAME {} DSP 2 BRAM 0 URAM 0 STORAGESUBTYPE {} DISPNAME {bind_op fadd}} {BINDTYPE op ID {} IMPL fulldsp LATENCY 1 OPTYPE fadd PRAGMA {} RTLNAME fadd_32ns_32ns_32_2_full_dsp_1_U446 SOURCE /home/simics/HMoE/HLS_HMoE/pseudo_block/run_11/src/pseudo_moe.cpp:44 VARIABLE acc_96 LOOP VITIS_LOOP_22_1_VITIS_LOOP_31_3 BUNDLEDNAME {} DSP 2 BRAM 0 URAM 0 STORAGESUBTYPE {} DISPNAME {bind_op fadd}}} AREA {DSP 112 BRAM 0 URAM 0}} compute_expert_3_11 {BINDINFO {{BINDTYPE op ID {} IMPL fabric LATENCY 0 OPTYPE add PRAGMA {} RTLNAME add_ln22_1_fu_1003_p2 SOURCE /home/simics/HMoE/HLS_HMoE/pseudo_block/run_11/src/pseudo_moe.cpp:22 VARIABLE add_ln22_1 LOOP VITIS_LOOP_22_1_VITIS_LOOP_31_3 BUNDLEDNAME {} DSP 0 BRAM 0 URAM 0 STORAGESUBTYPE {} DISPNAME {bind_op add}} {BINDTYPE op ID {} IMPL fabric LATENCY 0 OPTYPE add PRAGMA {} RTLNAME add_ln22_fu_1040_p2 SOURCE /home/simics/HMoE/HLS_HMoE/pseudo_block/run_11/src/pseudo_moe.cpp:22 VARIABLE add_ln22 LOOP VITIS_LOOP_22_1_VITIS_LOOP_31_3 BUNDLEDNAME {} DSP 0 BRAM 0 URAM 0 STORAGESUBTYPE {} DISPNAME {bind_op add}} {BINDTYPE op ID {} IMPL fabric LATENCY 0 OPTYPE add PRAGMA {} RTLNAME add_ln36_fu_1094_p2 SOURCE /home/simics/HMoE/HLS_HMoE/pseudo_block/run_11/src/pseudo_moe.cpp:36 VARIABLE add_ln36 LOOP VITIS_LOOP_22_1_VITIS_LOOP_31_3 BUNDLEDNAME {} DSP 0 BRAM 0 URAM 0 STORAGESUBTYPE {} DISPNAME {bind_op add}} {BINDTYPE op ID {} IMPL maxdsp LATENCY 1 OPTYPE fmul PRAGMA {} RTLNAME fmul_32ns_32ns_32_2_max_dsp_1_U530 SOURCE /home/simics/HMoE/HLS_HMoE/pseudo_block/run_11/src/pseudo_moe.cpp:36 VARIABLE mul LOOP VITIS_LOOP_22_1_VITIS_LOOP_31_3 BUNDLEDNAME {} DSP 3 BRAM 0 URAM 0 STORAGESUBTYPE {} DISPNAME {bind_op fmul}} {BINDTYPE op ID {} IMPL fulldsp LATENCY 1 OPTYPE fadd PRAGMA {} RTLNAME fadd_32ns_32ns_32_2_full_dsp_1_U498 SOURCE /home/simics/HMoE/HLS_HMoE/pseudo_block/run_11/src/pseudo_moe.cpp:36 VARIABLE add LOOP VITIS_LOOP_22_1_VITIS_LOOP_31_3 BUNDLEDNAME {} DSP 2 BRAM 0 URAM 0 STORAGESUBTYPE {} DISPNAME {bind_op fadd}} {BINDTYPE op ID {} IMPL maxdsp LATENCY 1 OPTYPE fmul PRAGMA {} RTLNAME fmul_32ns_32ns_32_2_max_dsp_1_U531 SOURCE /home/simics/HMoE/HLS_HMoE/pseudo_block/run_11/src/pseudo_moe.cpp:36 VARIABLE mul20_1 LOOP VITIS_LOOP_22_1_VITIS_LOOP_31_3 BUNDLEDNAME {} DSP 3 BRAM 0 URAM 0 STORAGESUBTYPE {} DISPNAME {bind_op fmul}} {BINDTYPE op ID {} IMPL fulldsp LATENCY 1 OPTYPE fadd PRAGMA {} RTLNAME fadd_32ns_32ns_32_2_full_dsp_1_U499 SOURCE /home/simics/HMoE/HLS_HMoE/pseudo_block/run_11/src/pseudo_moe.cpp:36 VARIABLE add23_1 LOOP VITIS_LOOP_22_1_VITIS_LOOP_31_3 BUNDLEDNAME {} DSP 2 BRAM 0 URAM 0 STORAGESUBTYPE {} DISPNAME {bind_op fadd}} {BINDTYPE op ID {} IMPL maxdsp LATENCY 1 OPTYPE fmul PRAGMA {} RTLNAME fmul_32ns_32ns_32_2_max_dsp_1_U532 SOURCE /home/simics/HMoE/HLS_HMoE/pseudo_block/run_11/src/pseudo_moe.cpp:36 VARIABLE mul20_2 LOOP VITIS_LOOP_22_1_VITIS_LOOP_31_3 BUNDLEDNAME {} DSP 3 BRAM 0 URAM 0 STORAGESUBTYPE {} DISPNAME {bind_op fmul}} {BINDTYPE op ID {} IMPL fulldsp LATENCY 1 OPTYPE fadd PRAGMA {} RTLNAME fadd_32ns_32ns_32_2_full_dsp_1_U501 SOURCE /home/simics/HMoE/HLS_HMoE/pseudo_block/run_11/src/pseudo_moe.cpp:36 VARIABLE add23_2 LOOP VITIS_LOOP_22_1_VITIS_LOOP_31_3 BUNDLEDNAME {} DSP 2 BRAM 0 URAM 0 STORAGESUBTYPE {} DISPNAME {bind_op fadd}} {BINDTYPE op ID {} IMPL maxdsp LATENCY 1 OPTYPE fmul PRAGMA {} RTLNAME fmul_32ns_32ns_32_2_max_dsp_1_U533 SOURCE /home/simics/HMoE/HLS_HMoE/pseudo_block/run_11/src/pseudo_moe.cpp:36 VARIABLE mul20_3 LOOP VITIS_LOOP_22_1_VITIS_LOOP_31_3 BUNDLEDNAME {} DSP 3 BRAM 0 URAM 0 STORAGESUBTYPE {} DISPNAME {bind_op fmul}} {BINDTYPE op ID {} IMPL fulldsp LATENCY 1 OPTYPE fadd PRAGMA {} RTLNAME fadd_32ns_32ns_32_2_full_dsp_1_U503 SOURCE /home/simics/HMoE/HLS_HMoE/pseudo_block/run_11/src/pseudo_moe.cpp:36 VARIABLE add23_3 LOOP VITIS_LOOP_22_1_VITIS_LOOP_31_3 BUNDLEDNAME {} DSP 2 BRAM 0 URAM 0 STORAGESUBTYPE {} DISPNAME {bind_op fadd}} {BINDTYPE op ID {} IMPL maxdsp LATENCY 1 OPTYPE fmul PRAGMA {} RTLNAME fmul_32ns_32ns_32_2_max_dsp_1_U534 SOURCE /home/simics/HMoE/HLS_HMoE/pseudo_block/run_11/src/pseudo_moe.cpp:36 VARIABLE mul20_4 LOOP VITIS_LOOP_22_1_VITIS_LOOP_31_3 BUNDLEDNAME {} DSP 3 BRAM 0 URAM 0 STORAGESUBTYPE {} DISPNAME {bind_op fmul}} {BINDTYPE op ID {} IMPL fulldsp LATENCY 1 OPTYPE fadd PRAGMA {} RTLNAME fadd_32ns_32ns_32_2_full_dsp_1_U505 SOURCE /home/simics/HMoE/HLS_HMoE/pseudo_block/run_11/src/pseudo_moe.cpp:36 VARIABLE add23_4 LOOP VITIS_LOOP_22_1_VITIS_LOOP_31_3 BUNDLEDNAME {} DSP 2 BRAM 0 URAM 0 STORAGESUBTYPE {} DISPNAME {bind_op fadd}} {BINDTYPE op ID {} IMPL maxdsp LATENCY 1 OPTYPE fmul PRAGMA {} RTLNAME fmul_32ns_32ns_32_2_max_dsp_1_U535 SOURCE /home/simics/HMoE/HLS_HMoE/pseudo_block/run_11/src/pseudo_moe.cpp:36 VARIABLE mul20_5 LOOP VITIS_LOOP_22_1_VITIS_LOOP_31_3 BUNDLEDNAME {} DSP 3 BRAM 0 URAM 0 STORAGESUBTYPE {} DISPNAME {bind_op fmul}} {BINDTYPE op ID {} IMPL fulldsp LATENCY 1 OPTYPE fadd PRAGMA {} RTLNAME fadd_32ns_32ns_32_2_full_dsp_1_U507 SOURCE /home/simics/HMoE/HLS_HMoE/pseudo_block/run_11/src/pseudo_moe.cpp:36 VARIABLE add23_5 LOOP VITIS_LOOP_22_1_VITIS_LOOP_31_3 BUNDLEDNAME {} DSP 2 BRAM 0 URAM 0 STORAGESUBTYPE {} DISPNAME {bind_op fadd}} {BINDTYPE op ID {} IMPL maxdsp LATENCY 1 OPTYPE fmul PRAGMA {} RTLNAME fmul_32ns_32ns_32_2_max_dsp_1_U536 SOURCE /home/simics/HMoE/HLS_HMoE/pseudo_block/run_11/src/pseudo_moe.cpp:36 VARIABLE mul20_6 LOOP VITIS_LOOP_22_1_VITIS_LOOP_31_3 BUNDLEDNAME {} DSP 3 BRAM 0 URAM 0 STORAGESUBTYPE {} DISPNAME {bind_op fmul}} {BINDTYPE op ID {} IMPL fulldsp LATENCY 1 OPTYPE fadd PRAGMA {} RTLNAME fadd_32ns_32ns_32_2_full_dsp_1_U509 SOURCE /home/simics/HMoE/HLS_HMoE/pseudo_block/run_11/src/pseudo_moe.cpp:36 VARIABLE add23_6 LOOP VITIS_LOOP_22_1_VITIS_LOOP_31_3 BUNDLEDNAME {} DSP 2 BRAM 0 URAM 0 STORAGESUBTYPE {} DISPNAME {bind_op fadd}} {BINDTYPE op ID {} IMPL maxdsp LATENCY 1 OPTYPE fmul PRAGMA {} RTLNAME fmul_32ns_32ns_32_2_max_dsp_1_U537 SOURCE /home/simics/HMoE/HLS_HMoE/pseudo_block/run_11/src/pseudo_moe.cpp:36 VARIABLE mul20_7 LOOP VITIS_LOOP_22_1_VITIS_LOOP_31_3 BUNDLEDNAME {} DSP 3 BRAM 0 URAM 0 STORAGESUBTYPE {} DISPNAME {bind_op fmul}} {BINDTYPE op ID {} IMPL fulldsp LATENCY 1 OPTYPE fadd PRAGMA {} RTLNAME fadd_32ns_32ns_32_2_full_dsp_1_U511 SOURCE /home/simics/HMoE/HLS_HMoE/pseudo_block/run_11/src/pseudo_moe.cpp:36 VARIABLE add23_7 LOOP VITIS_LOOP_22_1_VITIS_LOOP_31_3 BUNDLEDNAME {} DSP 2 BRAM 0 URAM 0 STORAGESUBTYPE {} DISPNAME {bind_op fadd}} {BINDTYPE op ID {} IMPL maxdsp LATENCY 1 OPTYPE fmul PRAGMA {} RTLNAME fmul_32ns_32ns_32_2_max_dsp_1_U538 SOURCE /home/simics/HMoE/HLS_HMoE/pseudo_block/run_11/src/pseudo_moe.cpp:36 VARIABLE mul20_8 LOOP VITIS_LOOP_22_1_VITIS_LOOP_31_3 BUNDLEDNAME {} DSP 3 BRAM 0 URAM 0 STORAGESUBTYPE {} DISPNAME {bind_op fmul}} {BINDTYPE op ID {} IMPL fulldsp LATENCY 1 OPTYPE fadd PRAGMA {} RTLNAME fadd_32ns_32ns_32_2_full_dsp_1_U513 SOURCE /home/simics/HMoE/HLS_HMoE/pseudo_block/run_11/src/pseudo_moe.cpp:36 VARIABLE add23_8 LOOP VITIS_LOOP_22_1_VITIS_LOOP_31_3 BUNDLEDNAME {} DSP 2 BRAM 0 URAM 0 STORAGESUBTYPE {} DISPNAME {bind_op fadd}} {BINDTYPE op ID {} IMPL maxdsp LATENCY 1 OPTYPE fmul PRAGMA {} RTLNAME fmul_32ns_32ns_32_2_max_dsp_1_U539 SOURCE /home/simics/HMoE/HLS_HMoE/pseudo_block/run_11/src/pseudo_moe.cpp:36 VARIABLE mul20_9 LOOP VITIS_LOOP_22_1_VITIS_LOOP_31_3 BUNDLEDNAME {} DSP 3 BRAM 0 URAM 0 STORAGESUBTYPE {} DISPNAME {bind_op fmul}} {BINDTYPE op ID {} IMPL fulldsp LATENCY 1 OPTYPE fadd PRAGMA {} RTLNAME fadd_32ns_32ns_32_2_full_dsp_1_U515 SOURCE /home/simics/HMoE/HLS_HMoE/pseudo_block/run_11/src/pseudo_moe.cpp:36 VARIABLE add23_9 LOOP VITIS_LOOP_22_1_VITIS_LOOP_31_3 BUNDLEDNAME {} DSP 2 BRAM 0 URAM 0 STORAGESUBTYPE {} DISPNAME {bind_op fadd}} {BINDTYPE op ID {} IMPL maxdsp LATENCY 1 OPTYPE fmul PRAGMA {} RTLNAME fmul_32ns_32ns_32_2_max_dsp_1_U540 SOURCE /home/simics/HMoE/HLS_HMoE/pseudo_block/run_11/src/pseudo_moe.cpp:36 VARIABLE mul20_s LOOP VITIS_LOOP_22_1_VITIS_LOOP_31_3 BUNDLEDNAME {} DSP 3 BRAM 0 URAM 0 STORAGESUBTYPE {} DISPNAME {bind_op fmul}} {BINDTYPE op ID {} IMPL fulldsp LATENCY 1 OPTYPE fadd PRAGMA {} RTLNAME fadd_32ns_32ns_32_2_full_dsp_1_U517 SOURCE /home/simics/HMoE/HLS_HMoE/pseudo_block/run_11/src/pseudo_moe.cpp:36 VARIABLE add23_s LOOP VITIS_LOOP_22_1_VITIS_LOOP_31_3 BUNDLEDNAME {} DSP 2 BRAM 0 URAM 0 STORAGESUBTYPE {} DISPNAME {bind_op fadd}} {BINDTYPE op ID {} IMPL maxdsp LATENCY 1 OPTYPE fmul PRAGMA {} RTLNAME fmul_32ns_32ns_32_2_max_dsp_1_U541 SOURCE /home/simics/HMoE/HLS_HMoE/pseudo_block/run_11/src/pseudo_moe.cpp:36 VARIABLE mul20_10 LOOP VITIS_LOOP_22_1_VITIS_LOOP_31_3 BUNDLEDNAME {} DSP 3 BRAM 0 URAM 0 STORAGESUBTYPE {} DISPNAME {bind_op fmul}} {BINDTYPE op ID {} IMPL fulldsp LATENCY 1 OPTYPE fadd PRAGMA {} RTLNAME fadd_32ns_32ns_32_2_full_dsp_1_U519 SOURCE /home/simics/HMoE/HLS_HMoE/pseudo_block/run_11/src/pseudo_moe.cpp:36 VARIABLE add23_10 LOOP VITIS_LOOP_22_1_VITIS_LOOP_31_3 BUNDLEDNAME {} DSP 2 BRAM 0 URAM 0 STORAGESUBTYPE {} DISPNAME {bind_op fadd}} {BINDTYPE op ID {} IMPL maxdsp LATENCY 1 OPTYPE fmul PRAGMA {} RTLNAME fmul_32ns_32ns_32_2_max_dsp_1_U542 SOURCE /home/simics/HMoE/HLS_HMoE/pseudo_block/run_11/src/pseudo_moe.cpp:36 VARIABLE mul20_11 LOOP VITIS_LOOP_22_1_VITIS_LOOP_31_3 BUNDLEDNAME {} DSP 3 BRAM 0 URAM 0 STORAGESUBTYPE {} DISPNAME {bind_op fmul}} {BINDTYPE op ID {} IMPL fulldsp LATENCY 1 OPTYPE fadd PRAGMA {} RTLNAME fadd_32ns_32ns_32_2_full_dsp_1_U521 SOURCE /home/simics/HMoE/HLS_HMoE/pseudo_block/run_11/src/pseudo_moe.cpp:36 VARIABLE add23_11 LOOP VITIS_LOOP_22_1_VITIS_LOOP_31_3 BUNDLEDNAME {} DSP 2 BRAM 0 URAM 0 STORAGESUBTYPE {} DISPNAME {bind_op fadd}} {BINDTYPE op ID {} IMPL maxdsp LATENCY 1 OPTYPE fmul PRAGMA {} RTLNAME fmul_32ns_32ns_32_2_max_dsp_1_U543 SOURCE /home/simics/HMoE/HLS_HMoE/pseudo_block/run_11/src/pseudo_moe.cpp:36 VARIABLE mul20_12 LOOP VITIS_LOOP_22_1_VITIS_LOOP_31_3 BUNDLEDNAME {} DSP 3 BRAM 0 URAM 0 STORAGESUBTYPE {} DISPNAME {bind_op fmul}} {BINDTYPE op ID {} IMPL fulldsp LATENCY 1 OPTYPE fadd PRAGMA {} RTLNAME fadd_32ns_32ns_32_2_full_dsp_1_U523 SOURCE /home/simics/HMoE/HLS_HMoE/pseudo_block/run_11/src/pseudo_moe.cpp:36 VARIABLE add23_12 LOOP VITIS_LOOP_22_1_VITIS_LOOP_31_3 BUNDLEDNAME {} DSP 2 BRAM 0 URAM 0 STORAGESUBTYPE {} DISPNAME {bind_op fadd}} {BINDTYPE op ID {} IMPL maxdsp LATENCY 1 OPTYPE fmul PRAGMA {} RTLNAME fmul_32ns_32ns_32_2_max_dsp_1_U544 SOURCE /home/simics/HMoE/HLS_HMoE/pseudo_block/run_11/src/pseudo_moe.cpp:36 VARIABLE mul20_13 LOOP VITIS_LOOP_22_1_VITIS_LOOP_31_3 BUNDLEDNAME {} DSP 3 BRAM 0 URAM 0 STORAGESUBTYPE {} DISPNAME {bind_op fmul}} {BINDTYPE op ID {} IMPL fulldsp LATENCY 1 OPTYPE fadd PRAGMA {} RTLNAME fadd_32ns_32ns_32_2_full_dsp_1_U525 SOURCE /home/simics/HMoE/HLS_HMoE/pseudo_block/run_11/src/pseudo_moe.cpp:36 VARIABLE add23_13 LOOP VITIS_LOOP_22_1_VITIS_LOOP_31_3 BUNDLEDNAME {} DSP 2 BRAM 0 URAM 0 STORAGESUBTYPE {} DISPNAME {bind_op fadd}} {BINDTYPE op ID {} IMPL maxdsp LATENCY 1 OPTYPE fmul PRAGMA {} RTLNAME fmul_32ns_32ns_32_2_max_dsp_1_U545 SOURCE /home/simics/HMoE/HLS_HMoE/pseudo_block/run_11/src/pseudo_moe.cpp:36 VARIABLE mul20_14 LOOP VITIS_LOOP_22_1_VITIS_LOOP_31_3 BUNDLEDNAME {} DSP 3 BRAM 0 URAM 0 STORAGESUBTYPE {} DISPNAME {bind_op fmul}} {BINDTYPE op ID {} IMPL fulldsp LATENCY 1 OPTYPE fadd PRAGMA {} RTLNAME fadd_32ns_32ns_32_2_full_dsp_1_U527 SOURCE /home/simics/HMoE/HLS_HMoE/pseudo_block/run_11/src/pseudo_moe.cpp:36 VARIABLE add23_14 LOOP VITIS_LOOP_22_1_VITIS_LOOP_31_3 BUNDLEDNAME {} DSP 2 BRAM 0 URAM 0 STORAGESUBTYPE {} DISPNAME {bind_op fadd}} {BINDTYPE op ID {} IMPL fabric LATENCY 0 OPTYPE add PRAGMA {} RTLNAME add_ln31_fu_1105_p2 SOURCE /home/simics/HMoE/HLS_HMoE/pseudo_block/run_11/src/pseudo_moe.cpp:31 VARIABLE add_ln31 LOOP VITIS_LOOP_22_1_VITIS_LOOP_31_3 BUNDLEDNAME {} DSP 0 BRAM 0 URAM 0 STORAGESUBTYPE {} DISPNAME {bind_op add}} {BINDTYPE op ID {} IMPL fulldsp LATENCY 1 OPTYPE fadd PRAGMA {} RTLNAME fadd_32ns_32ns_32_2_full_dsp_1_U500 SOURCE /home/simics/HMoE/HLS_HMoE/pseudo_block/run_11/src/pseudo_moe.cpp:44 VARIABLE acc_65 LOOP VITIS_LOOP_22_1_VITIS_LOOP_31_3 BUNDLEDNAME {} DSP 2 BRAM 0 URAM 0 STORAGESUBTYPE {} DISPNAME {bind_op fadd}} {BINDTYPE op ID {} IMPL fulldsp LATENCY 1 OPTYPE fadd PRAGMA {} RTLNAME fadd_32ns_32ns_32_2_full_dsp_1_U502 SOURCE /home/simics/HMoE/HLS_HMoE/pseudo_block/run_11/src/pseudo_moe.cpp:44 VARIABLE acc_66 LOOP VITIS_LOOP_22_1_VITIS_LOOP_31_3 BUNDLEDNAME {} DSP 2 BRAM 0 URAM 0 STORAGESUBTYPE {} DISPNAME {bind_op fadd}} {BINDTYPE op ID {} IMPL fulldsp LATENCY 1 OPTYPE fadd PRAGMA {} RTLNAME fadd_32ns_32ns_32_2_full_dsp_1_U504 SOURCE /home/simics/HMoE/HLS_HMoE/pseudo_block/run_11/src/pseudo_moe.cpp:44 VARIABLE acc_67 LOOP VITIS_LOOP_22_1_VITIS_LOOP_31_3 BUNDLEDNAME {} DSP 2 BRAM 0 URAM 0 STORAGESUBTYPE {} DISPNAME {bind_op fadd}} {BINDTYPE op ID {} IMPL fulldsp LATENCY 1 OPTYPE fadd PRAGMA {} RTLNAME fadd_32ns_32ns_32_2_full_dsp_1_U506 SOURCE /home/simics/HMoE/HLS_HMoE/pseudo_block/run_11/src/pseudo_moe.cpp:44 VARIABLE acc_68 LOOP VITIS_LOOP_22_1_VITIS_LOOP_31_3 BUNDLEDNAME {} DSP 2 BRAM 0 URAM 0 STORAGESUBTYPE {} DISPNAME {bind_op fadd}} {BINDTYPE op ID {} IMPL fulldsp LATENCY 1 OPTYPE fadd PRAGMA {} RTLNAME fadd_32ns_32ns_32_2_full_dsp_1_U508 SOURCE /home/simics/HMoE/HLS_HMoE/pseudo_block/run_11/src/pseudo_moe.cpp:44 VARIABLE acc_69 LOOP VITIS_LOOP_22_1_VITIS_LOOP_31_3 BUNDLEDNAME {} DSP 2 BRAM 0 URAM 0 STORAGESUBTYPE {} DISPNAME {bind_op fadd}} {BINDTYPE op ID {} IMPL fulldsp LATENCY 1 OPTYPE fadd PRAGMA {} RTLNAME fadd_32ns_32ns_32_2_full_dsp_1_U510 SOURCE /home/simics/HMoE/HLS_HMoE/pseudo_block/run_11/src/pseudo_moe.cpp:44 VARIABLE acc_70 LOOP VITIS_LOOP_22_1_VITIS_LOOP_31_3 BUNDLEDNAME {} DSP 2 BRAM 0 URAM 0 STORAGESUBTYPE {} DISPNAME {bind_op fadd}} {BINDTYPE op ID {} IMPL fulldsp LATENCY 1 OPTYPE fadd PRAGMA {} RTLNAME fadd_32ns_32ns_32_2_full_dsp_1_U512 SOURCE /home/simics/HMoE/HLS_HMoE/pseudo_block/run_11/src/pseudo_moe.cpp:44 VARIABLE acc_71 LOOP VITIS_LOOP_22_1_VITIS_LOOP_31_3 BUNDLEDNAME {} DSP 2 BRAM 0 URAM 0 STORAGESUBTYPE {} DISPNAME {bind_op fadd}} {BINDTYPE op ID {} IMPL fulldsp LATENCY 1 OPTYPE fadd PRAGMA {} RTLNAME fadd_32ns_32ns_32_2_full_dsp_1_U514 SOURCE /home/simics/HMoE/HLS_HMoE/pseudo_block/run_11/src/pseudo_moe.cpp:44 VARIABLE acc_72 LOOP VITIS_LOOP_22_1_VITIS_LOOP_31_3 BUNDLEDNAME {} DSP 2 BRAM 0 URAM 0 STORAGESUBTYPE {} DISPNAME {bind_op fadd}} {BINDTYPE op ID {} IMPL fulldsp LATENCY 1 OPTYPE fadd PRAGMA {} RTLNAME fadd_32ns_32ns_32_2_full_dsp_1_U516 SOURCE /home/simics/HMoE/HLS_HMoE/pseudo_block/run_11/src/pseudo_moe.cpp:44 VARIABLE acc_73 LOOP VITIS_LOOP_22_1_VITIS_LOOP_31_3 BUNDLEDNAME {} DSP 2 BRAM 0 URAM 0 STORAGESUBTYPE {} DISPNAME {bind_op fadd}} {BINDTYPE op ID {} IMPL fulldsp LATENCY 1 OPTYPE fadd PRAGMA {} RTLNAME fadd_32ns_32ns_32_2_full_dsp_1_U518 SOURCE /home/simics/HMoE/HLS_HMoE/pseudo_block/run_11/src/pseudo_moe.cpp:44 VARIABLE acc_74 LOOP VITIS_LOOP_22_1_VITIS_LOOP_31_3 BUNDLEDNAME {} DSP 2 BRAM 0 URAM 0 STORAGESUBTYPE {} DISPNAME {bind_op fadd}} {BINDTYPE op ID {} IMPL fulldsp LATENCY 1 OPTYPE fadd PRAGMA {} RTLNAME fadd_32ns_32ns_32_2_full_dsp_1_U520 SOURCE /home/simics/HMoE/HLS_HMoE/pseudo_block/run_11/src/pseudo_moe.cpp:44 VARIABLE acc_75 LOOP VITIS_LOOP_22_1_VITIS_LOOP_31_3 BUNDLEDNAME {} DSP 2 BRAM 0 URAM 0 STORAGESUBTYPE {} DISPNAME {bind_op fadd}} {BINDTYPE op ID {} IMPL fulldsp LATENCY 1 OPTYPE fadd PRAGMA {} RTLNAME fadd_32ns_32ns_32_2_full_dsp_1_U522 SOURCE /home/simics/HMoE/HLS_HMoE/pseudo_block/run_11/src/pseudo_moe.cpp:44 VARIABLE acc_76 LOOP VITIS_LOOP_22_1_VITIS_LOOP_31_3 BUNDLEDNAME {} DSP 2 BRAM 0 URAM 0 STORAGESUBTYPE {} DISPNAME {bind_op fadd}} {BINDTYPE op ID {} IMPL fulldsp LATENCY 1 OPTYPE fadd PRAGMA {} RTLNAME fadd_32ns_32ns_32_2_full_dsp_1_U524 SOURCE /home/simics/HMoE/HLS_HMoE/pseudo_block/run_11/src/pseudo_moe.cpp:44 VARIABLE acc_77 LOOP VITIS_LOOP_22_1_VITIS_LOOP_31_3 BUNDLEDNAME {} DSP 2 BRAM 0 URAM 0 STORAGESUBTYPE {} DISPNAME {bind_op fadd}} {BINDTYPE op ID {} IMPL fulldsp LATENCY 1 OPTYPE fadd PRAGMA {} RTLNAME fadd_32ns_32ns_32_2_full_dsp_1_U526 SOURCE /home/simics/HMoE/HLS_HMoE/pseudo_block/run_11/src/pseudo_moe.cpp:44 VARIABLE acc_78 LOOP VITIS_LOOP_22_1_VITIS_LOOP_31_3 BUNDLEDNAME {} DSP 2 BRAM 0 URAM 0 STORAGESUBTYPE {} DISPNAME {bind_op fadd}} {BINDTYPE op ID {} IMPL fulldsp LATENCY 1 OPTYPE fadd PRAGMA {} RTLNAME fadd_32ns_32ns_32_2_full_dsp_1_U528 SOURCE /home/simics/HMoE/HLS_HMoE/pseudo_block/run_11/src/pseudo_moe.cpp:44 VARIABLE acc_79 LOOP VITIS_LOOP_22_1_VITIS_LOOP_31_3 BUNDLEDNAME {} DSP 2 BRAM 0 URAM 0 STORAGESUBTYPE {} DISPNAME {bind_op fadd}} {BINDTYPE op ID {} IMPL fulldsp LATENCY 1 OPTYPE fadd PRAGMA {} RTLNAME fadd_32ns_32ns_32_2_full_dsp_1_U529 SOURCE /home/simics/HMoE/HLS_HMoE/pseudo_block/run_11/src/pseudo_moe.cpp:44 VARIABLE acc_80 LOOP VITIS_LOOP_22_1_VITIS_LOOP_31_3 BUNDLEDNAME {} DSP 2 BRAM 0 URAM 0 STORAGESUBTYPE {} DISPNAME {bind_op fadd}}} AREA {DSP 112 BRAM 0 URAM 0}} combine_experts12_Pipeline_VITIS_LOOP_64_1 {BINDINFO {{BINDTYPE op ID {} IMPL fabric LATENCY 0 OPTYPE add PRAGMA {} RTLNAME add_ln64_fu_184_p2 SOURCE /home/simics/HMoE/HLS_HMoE/pseudo_block/run_11/src/pseudo_moe.cpp:64 VARIABLE add_ln64 LOOP VITIS_LOOP_64_1 BUNDLEDNAME {} DSP 0 BRAM 0 URAM 0 STORAGESUBTYPE {} DISPNAME {bind_op add}} {BINDTYPE op ID {} IMPL maxdsp LATENCY 1 OPTYPE fmul PRAGMA {} RTLNAME fmul_32ns_32ns_32_2_max_dsp_1_U584 SOURCE /home/simics/HMoE/HLS_HMoE/pseudo_block/run_11/src/pseudo_moe.cpp:66 VARIABLE mul LOOP VITIS_LOOP_64_1 BUNDLEDNAME {} DSP 3 BRAM 0 URAM 0 STORAGESUBTYPE {} DISPNAME {bind_op fmul}} {BINDTYPE op ID {} IMPL maxdsp LATENCY 1 OPTYPE fmul PRAGMA {} RTLNAME fmul_32ns_32ns_32_2_max_dsp_1_U585 SOURCE /home/simics/HMoE/HLS_HMoE/pseudo_block/run_11/src/pseudo_moe.cpp:67 VARIABLE mul5 LOOP VITIS_LOOP_64_1 BUNDLEDNAME {} DSP 3 BRAM 0 URAM 0 STORAGESUBTYPE {} DISPNAME {bind_op fmul}} {BINDTYPE op ID {} IMPL fulldsp LATENCY 1 OPTYPE fadd PRAGMA {} RTLNAME fadd_32ns_32ns_32_2_full_dsp_1_U581 SOURCE /home/simics/HMoE/HLS_HMoE/pseudo_block/run_11/src/pseudo_moe.cpp:67 VARIABLE add LOOP VITIS_LOOP_64_1 BUNDLEDNAME {} DSP 2 BRAM 0 URAM 0 STORAGESUBTYPE {} DISPNAME {bind_op fadd}} {BINDTYPE op ID {} IMPL maxdsp LATENCY 1 OPTYPE fmul PRAGMA {} RTLNAME fmul_32ns_32ns_32_2_max_dsp_1_U586 SOURCE /home/simics/HMoE/HLS_HMoE/pseudo_block/run_11/src/pseudo_moe.cpp:68 VARIABLE mul9 LOOP VITIS_LOOP_64_1 BUNDLEDNAME {} DSP 3 BRAM 0 URAM 0 STORAGESUBTYPE {} DISPNAME {bind_op fmul}} {BINDTYPE op ID {} IMPL fulldsp LATENCY 1 OPTYPE fadd PRAGMA {} RTLNAME fadd_32ns_32ns_32_2_full_dsp_1_U582 SOURCE /home/simics/HMoE/HLS_HMoE/pseudo_block/run_11/src/pseudo_moe.cpp:68 VARIABLE add1 LOOP VITIS_LOOP_64_1 BUNDLEDNAME {} DSP 2 BRAM 0 URAM 0 STORAGESUBTYPE {} DISPNAME {bind_op fadd}} {BINDTYPE op ID {} IMPL maxdsp LATENCY 1 OPTYPE fmul PRAGMA {} RTLNAME fmul_32ns_32ns_32_2_max_dsp_1_U587 SOURCE /home/simics/HMoE/HLS_HMoE/pseudo_block/run_11/src/pseudo_moe.cpp:69 VARIABLE mul1 LOOP VITIS_LOOP_64_1 BUNDLEDNAME {} DSP 3 BRAM 0 URAM 0 STORAGESUBTYPE {} DISPNAME {bind_op fmul}} {BINDTYPE op ID {} IMPL fulldsp LATENCY 1 OPTYPE fadd PRAGMA {} RTLNAME fadd_32ns_32ns_32_2_full_dsp_1_U583 SOURCE /home/simics/HMoE/HLS_HMoE/pseudo_block/run_11/src/pseudo_moe.cpp:69 VARIABLE add2 LOOP VITIS_LOOP_64_1 BUNDLEDNAME {} DSP 2 BRAM 0 URAM 0 STORAGESUBTYPE {} DISPNAME {bind_op fadd}}} AREA {DSP 18 BRAM 0 URAM 0}} dataflow_in_loop_VITIS_LOOP_149_4_1_Loop_VITIS_LOOP_238_10_proc13 {BINDINFO {{BINDTYPE op ID {} IMPL fabric LATENCY 0 OPTYPE add PRAGMA {} RTLNAME add_ln238_fu_157_p2 SOURCE /home/simics/HMoE/HLS_HMoE/pseudo_block/run_11/src/pseudo_moe.cpp:238 VARIABLE add_ln238 LOOP VITIS_LOOP_238_10 BUNDLEDNAME {} DSP 0 BRAM 0 URAM 0 STORAGESUBTYPE {} DISPNAME {bind_op add}} {BINDTYPE op ID {} IMPL fabric LATENCY 0 OPTYPE add PRAGMA {} RTLNAME add_ln149_fu_185_p2 SOURCE /home/simics/HMoE/HLS_HMoE/pseudo_block/run_11/src/pseudo_moe.cpp:149 VARIABLE add_ln149 LOOP VITIS_LOOP_238_10 BUNDLEDNAME {} DSP 0 BRAM 0 URAM 0 STORAGESUBTYPE {} DISPNAME {bind_op add}}} AREA {DSP 0 BRAM 0 URAM 0}} dataflow_in_loop_VITIS_LOOP_149_4_1 {BINDINFO {{BINDTYPE storage ID {} IMPL srl LATENCY 0 OPTYPE fifo PRAGMA {} RTLNAME gates_out_c_U SOURCE :0 VARIABLE gates_out_c LOOP {} BUNDLEDNAME {} DSP 0 BRAM 0 URAM 0 STORAGESUBTYPE {scalar prop} STORAGESIZE {64 4 1} STORAGEUSAGE {fifo channel} DISPNAME {bind_storage fifo}} {BINDTYPE storage ID {} IMPL srl LATENCY 0 OPTYPE fifo PRAGMA {} RTLNAME output_r_c_U SOURCE :0 VARIABLE output_r_c LOOP {} BUNDLEDNAME {} DSP 0 BRAM 0 URAM 0 STORAGESUBTYPE {scalar prop} STORAGESIZE {64 6 1} STORAGEUSAGE {fifo channel} DISPNAME {bind_storage fifo}} {BINDTYPE storage ID {} IMPL srl LATENCY 0 OPTYPE fifo PRAGMA {} RTLNAME logits_i_channel_U SOURCE :0 VARIABLE logits_i_channel LOOP {} BUNDLEDNAME {} DSP 0 BRAM 0 URAM 0 STORAGESUBTYPE stream STORAGESIZE {32 4 1} STORAGEUSAGE {fifo channel} DISPNAME {bind_storage fifo}} {BINDTYPE storage ID {} IMPL srl LATENCY 0 OPTYPE fifo PRAGMA {} RTLNAME n_1_c1_U SOURCE :0 VARIABLE n_1_c1 LOOP {} BUNDLEDNAME {} DSP 0 BRAM 0 URAM 0 STORAGESUBTYPE {scalar prop} STORAGESIZE {4 3 1} STORAGEUSAGE {fifo channel} DISPNAME {bind_storage fifo}} {BINDTYPE storage ID {} IMPL srl LATENCY 0 OPTYPE fifo PRAGMA {} RTLNAME max_logit_loc_i_channel1_U SOURCE :0 VARIABLE max_logit_loc_i_channel1 LOOP {} BUNDLEDNAME {} DSP 0 BRAM 0 URAM 0 STORAGESUBTYPE {task level} STORAGESIZE {32 2 1} STORAGEUSAGE {fifo channel} DISPNAME {bind_storage fifo}} {BINDTYPE storage ID {} IMPL srl LATENCY 0 OPTYPE fifo PRAGMA {} RTLNAME exp_values_U SOURCE /home/simics/HMoE/HLS_HMoE/pseudo_block/run_11/src/pseudo_moe.cpp:152 VARIABLE exp_values LOOP {} BUNDLEDNAME {} DSP 0 BRAM 0 URAM 0 STORAGESUBTYPE stream STORAGESIZE {32 4 1} STORAGEUSAGE {fifo channel} DISPNAME {bind_storage fifo}} {BINDTYPE storage ID {} IMPL srl LATENCY 0 OPTYPE fifo PRAGMA {} RTLNAME exp_sum_loc_i_channel_U SOURCE :0 VARIABLE exp_sum_loc_i_channel LOOP {} BUNDLEDNAME {} DSP 0 BRAM 0 URAM 0 STORAGESUBTYPE {task level} STORAGESIZE {32 2 1} STORAGEUSAGE {fifo channel} DISPNAME {bind_storage fifo}} {BINDTYPE storage ID {} IMPL auto LATENCY 1 OPTYPE ram_s2p PRAGMA {} RTLNAME gates_U SOURCE /home/simics/HMoE/HLS_HMoE/pseudo_block/run_11/src/pseudo_moe.cpp:153 VARIABLE gates LOOP {} BUNDLEDNAME {} DSP 0 BRAM 0 URAM 0 STORAGESUBTYPE pipo STORAGESIZE {32 4 2} STORAGEUSAGE {ram_s2p channel} DISPNAME {bind_storage ram_s2p}} {BINDTYPE storage ID {} IMPL srl LATENCY 0 OPTYPE fifo PRAGMA {} RTLNAME n_1_c_channel_U SOURCE :0 VARIABLE n_1_c_channel LOOP {} BUNDLEDNAME {} DSP 0 BRAM 0 URAM 0 STORAGESUBTYPE {task level} STORAGESIZE {4 3 1} STORAGEUSAGE {fifo channel} DISPNAME {bind_storage fifo}} {BINDTYPE storage ID {} IMPL auto LATENCY 1 OPTYPE ram_1p PRAGMA {} RTLNAME x3_U SOURCE /home/simics/HMoE/HLS_HMoE/pseudo_block/run_11/src/pseudo_moe.cpp:194 VARIABLE x3 LOOP {} BUNDLEDNAME {} DSP 0 BRAM 0 URAM 0 STORAGESUBTYPE pipo STORAGESIZE {32 4 2} STORAGEUSAGE {ram_1p channel} DISPNAME {bind_storage ram_1p}} {BINDTYPE storage ID {} IMPL auto LATENCY 1 OPTYPE ram_1p PRAGMA {} RTLNAME x3_1_U SOURCE /home/simics/HMoE/HLS_HMoE/pseudo_block/run_11/src/pseudo_moe.cpp:194 VARIABLE x3_1 LOOP {} BUNDLEDNAME {} DSP 0 BRAM 0 URAM 0 STORAGESUBTYPE pipo STORAGESIZE {32 4 2} STORAGEUSAGE {ram_1p channel} DISPNAME {bind_storage ram_1p}} {BINDTYPE storage ID {} IMPL auto LATENCY 1 OPTYPE ram_1p PRAGMA {} RTLNAME x3_2_U SOURCE /home/simics/HMoE/HLS_HMoE/pseudo_block/run_11/src/pseudo_moe.cpp:194 VARIABLE x3_2 LOOP {} BUNDLEDNAME {} DSP 0 BRAM 0 URAM 0 STORAGESUBTYPE pipo STORAGESIZE {32 4 2} STORAGEUSAGE {ram_1p channel} DISPNAME {bind_storage ram_1p}} {BINDTYPE storage ID {} IMPL auto LATENCY 1 OPTYPE ram_1p PRAGMA {} RTLNAME x3_3_U SOURCE /home/simics/HMoE/HLS_HMoE/pseudo_block/run_11/src/pseudo_moe.cpp:194 VARIABLE x3_3 LOOP {} BUNDLEDNAME {} DSP 0 BRAM 0 URAM 0 STORAGESUBTYPE pipo STORAGESIZE {32 4 2} STORAGEUSAGE {ram_1p channel} DISPNAME {bind_storage ram_1p}} {BINDTYPE storage ID {} IMPL auto LATENCY 1 OPTYPE ram_1p PRAGMA {} RTLNAME x3_4_U SOURCE /home/simics/HMoE/HLS_HMoE/pseudo_block/run_11/src/pseudo_moe.cpp:194 VARIABLE x3_4 LOOP {} BUNDLEDNAME {} DSP 0 BRAM 0 URAM 0 STORAGESUBTYPE pipo STORAGESIZE {32 4 2} STORAGEUSAGE {ram_1p channel} DISPNAME {bind_storage ram_1p}} {BINDTYPE storage ID {} IMPL auto LATENCY 1 OPTYPE ram_1p PRAGMA {} RTLNAME x3_5_U SOURCE /home/simics/HMoE/HLS_HMoE/pseudo_block/run_11/src/pseudo_moe.cpp:194 VARIABLE x3_5 LOOP {} BUNDLEDNAME {} DSP 0 BRAM 0 URAM 0 STORAGESUBTYPE pipo STORAGESIZE {32 4 2} STORAGEUSAGE {ram_1p channel} DISPNAME {bind_storage ram_1p}} {BINDTYPE storage ID {} IMPL auto LATENCY 1 OPTYPE ram_1p PRAGMA {} RTLNAME x3_6_U SOURCE /home/simics/HMoE/HLS_HMoE/pseudo_block/run_11/src/pseudo_moe.cpp:194 VARIABLE x3_6 LOOP {} BUNDLEDNAME {} DSP 0 BRAM 0 URAM 0 STORAGESUBTYPE pipo STORAGESIZE {32 4 2} STORAGEUSAGE {ram_1p channel} DISPNAME {bind_storage ram_1p}} {BINDTYPE storage ID {} IMPL auto LATENCY 1 OPTYPE ram_1p PRAGMA {} RTLNAME x3_7_U SOURCE /home/simics/HMoE/HLS_HMoE/pseudo_block/run_11/src/pseudo_moe.cpp:194 VARIABLE x3_7 LOOP {} BUNDLEDNAME {} DSP 0 BRAM 0 URAM 0 STORAGESUBTYPE pipo STORAGESIZE {32 4 2} STORAGEUSAGE {ram_1p channel} DISPNAME {bind_storage ram_1p}} {BINDTYPE storage ID {} IMPL auto LATENCY 1 OPTYPE ram_1p PRAGMA {} RTLNAME x3_8_U SOURCE /home/simics/HMoE/HLS_HMoE/pseudo_block/run_11/src/pseudo_moe.cpp:194 VARIABLE x3_8 LOOP {} BUNDLEDNAME {} DSP 0 BRAM 0 URAM 0 STORAGESUBTYPE pipo STORAGESIZE {32 4 2} STORAGEUSAGE {ram_1p channel} DISPNAME {bind_storage ram_1p}} {BINDTYPE storage ID {} IMPL auto LATENCY 1 OPTYPE ram_1p PRAGMA {} RTLNAME x3_9_U SOURCE /home/simics/HMoE/HLS_HMoE/pseudo_block/run_11/src/pseudo_moe.cpp:194 VARIABLE x3_9 LOOP {} BUNDLEDNAME {} DSP 0 BRAM 0 URAM 0 STORAGESUBTYPE pipo STORAGESIZE {32 4 2} STORAGEUSAGE {ram_1p channel} DISPNAME {bind_storage ram_1p}} {BINDTYPE storage ID {} IMPL auto LATENCY 1 OPTYPE ram_1p PRAGMA {} RTLNAME x3_10_U SOURCE /home/simics/HMoE/HLS_HMoE/pseudo_block/run_11/src/pseudo_moe.cpp:194 VARIABLE x3_10 LOOP {} BUNDLEDNAME {} DSP 0 BRAM 0 URAM 0 STORAGESUBTYPE pipo STORAGESIZE {32 4 2} STORAGEUSAGE {ram_1p channel} DISPNAME {bind_storage ram_1p}} {BINDTYPE storage ID {} IMPL auto LATENCY 1 OPTYPE ram_1p PRAGMA {} RTLNAME x3_11_U SOURCE /home/simics/HMoE/HLS_HMoE/pseudo_block/run_11/src/pseudo_moe.cpp:194 VARIABLE x3_11 LOOP {} BUNDLEDNAME {} DSP 0 BRAM 0 URAM 0 STORAGESUBTYPE pipo STORAGESIZE {32 4 2} STORAGEUSAGE {ram_1p channel} DISPNAME {bind_storage ram_1p}} {BINDTYPE storage ID {} IMPL auto LATENCY 1 OPTYPE ram_1p PRAGMA {} RTLNAME x3_12_U SOURCE /home/simics/HMoE/HLS_HMoE/pseudo_block/run_11/src/pseudo_moe.cpp:194 VARIABLE x3_12 LOOP {} BUNDLEDNAME {} DSP 0 BRAM 0 URAM 0 STORAGESUBTYPE pipo STORAGESIZE {32 4 2} STORAGEUSAGE {ram_1p channel} DISPNAME {bind_storage ram_1p}} {BINDTYPE storage ID {} IMPL auto LATENCY 1 OPTYPE ram_1p PRAGMA {} RTLNAME x3_13_U SOURCE /home/simics/HMoE/HLS_HMoE/pseudo_block/run_11/src/pseudo_moe.cpp:194 VARIABLE x3_13 LOOP {} BUNDLEDNAME {} DSP 0 BRAM 0 URAM 0 STORAGESUBTYPE pipo STORAGESIZE {32 4 2} STORAGEUSAGE {ram_1p channel} DISPNAME {bind_storage ram_1p}} {BINDTYPE storage ID {} IMPL auto LATENCY 1 OPTYPE ram_1p PRAGMA {} RTLNAME x3_14_U SOURCE /home/simics/HMoE/HLS_HMoE/pseudo_block/run_11/src/pseudo_moe.cpp:194 VARIABLE x3_14 LOOP {} BUNDLEDNAME {} DSP 0 BRAM 0 URAM 0 STORAGESUBTYPE pipo STORAGESIZE {32 4 2} STORAGEUSAGE {ram_1p channel} DISPNAME {bind_storage ram_1p}} {BINDTYPE storage ID {} IMPL auto LATENCY 1 OPTYPE ram_1p PRAGMA {} RTLNAME x3_15_U SOURCE /home/simics/HMoE/HLS_HMoE/pseudo_block/run_11/src/pseudo_moe.cpp:194 VARIABLE x3_15 LOOP {} BUNDLEDNAME {} DSP 0 BRAM 0 URAM 0 STORAGESUBTYPE pipo STORAGESIZE {32 4 2} STORAGEUSAGE {ram_1p channel} DISPNAME {bind_storage ram_1p}} {BINDTYPE storage ID {} IMPL auto LATENCY 1 OPTYPE ram_1p PRAGMA {} RTLNAME x2_U SOURCE /home/simics/HMoE/HLS_HMoE/pseudo_block/run_11/src/pseudo_moe.cpp:193 VARIABLE x2 LOOP {} BUNDLEDNAME {} DSP 0 BRAM 0 URAM 0 STORAGESUBTYPE pipo STORAGESIZE {32 4 2} STORAGEUSAGE {ram_1p channel} DISPNAME {bind_storage ram_1p}} {BINDTYPE storage ID {} IMPL auto LATENCY 1 OPTYPE ram_1p PRAGMA {} RTLNAME x2_1_U SOURCE /home/simics/HMoE/HLS_HMoE/pseudo_block/run_11/src/pseudo_moe.cpp:193 VARIABLE x2_1 LOOP {} BUNDLEDNAME {} DSP 0 BRAM 0 URAM 0 STORAGESUBTYPE pipo STORAGESIZE {32 4 2} STORAGEUSAGE {ram_1p channel} DISPNAME {bind_storage ram_1p}} {BINDTYPE storage ID {} IMPL auto LATENCY 1 OPTYPE ram_1p PRAGMA {} RTLNAME x2_2_U SOURCE /home/simics/HMoE/HLS_HMoE/pseudo_block/run_11/src/pseudo_moe.cpp:193 VARIABLE x2_2 LOOP {} BUNDLEDNAME {} DSP 0 BRAM 0 URAM 0 STORAGESUBTYPE pipo STORAGESIZE {32 4 2} STORAGEUSAGE {ram_1p channel} DISPNAME {bind_storage ram_1p}} {BINDTYPE storage ID {} IMPL auto LATENCY 1 OPTYPE ram_1p PRAGMA {} RTLNAME x2_3_U SOURCE /home/simics/HMoE/HLS_HMoE/pseudo_block/run_11/src/pseudo_moe.cpp:193 VARIABLE x2_3 LOOP {} BUNDLEDNAME {} DSP 0 BRAM 0 URAM 0 STORAGESUBTYPE pipo STORAGESIZE {32 4 2} STORAGEUSAGE {ram_1p channel} DISPNAME {bind_storage ram_1p}} {BINDTYPE storage ID {} IMPL auto LATENCY 1 OPTYPE ram_1p PRAGMA {} RTLNAME x2_4_U SOURCE /home/simics/HMoE/HLS_HMoE/pseudo_block/run_11/src/pseudo_moe.cpp:193 VARIABLE x2_4 LOOP {} BUNDLEDNAME {} DSP 0 BRAM 0 URAM 0 STORAGESUBTYPE pipo STORAGESIZE {32 4 2} STORAGEUSAGE {ram_1p channel} DISPNAME {bind_storage ram_1p}} {BINDTYPE storage ID {} IMPL auto LATENCY 1 OPTYPE ram_1p PRAGMA {} RTLNAME x2_5_U SOURCE /home/simics/HMoE/HLS_HMoE/pseudo_block/run_11/src/pseudo_moe.cpp:193 VARIABLE x2_5 LOOP {} BUNDLEDNAME {} DSP 0 BRAM 0 URAM 0 STORAGESUBTYPE pipo STORAGESIZE {32 4 2} STORAGEUSAGE {ram_1p channel} DISPNAME {bind_storage ram_1p}} {BINDTYPE storage ID {} IMPL auto LATENCY 1 OPTYPE ram_1p PRAGMA {} RTLNAME x2_6_U SOURCE /home/simics/HMoE/HLS_HMoE/pseudo_block/run_11/src/pseudo_moe.cpp:193 VARIABLE x2_6 LOOP {} BUNDLEDNAME {} DSP 0 BRAM 0 URAM 0 STORAGESUBTYPE pipo STORAGESIZE {32 4 2} STORAGEUSAGE {ram_1p channel} DISPNAME {bind_storage ram_1p}} {BINDTYPE storage ID {} IMPL auto LATENCY 1 OPTYPE ram_1p PRAGMA {} RTLNAME x2_7_U SOURCE /home/simics/HMoE/HLS_HMoE/pseudo_block/run_11/src/pseudo_moe.cpp:193 VARIABLE x2_7 LOOP {} BUNDLEDNAME {} DSP 0 BRAM 0 URAM 0 STORAGESUBTYPE pipo STORAGESIZE {32 4 2} STORAGEUSAGE {ram_1p channel} DISPNAME {bind_storage ram_1p}} {BINDTYPE storage ID {} IMPL auto LATENCY 1 OPTYPE ram_1p PRAGMA {} RTLNAME x2_8_U SOURCE /home/simics/HMoE/HLS_HMoE/pseudo_block/run_11/src/pseudo_moe.cpp:193 VARIABLE x2_8 LOOP {} BUNDLEDNAME {} DSP 0 BRAM 0 URAM 0 STORAGESUBTYPE pipo STORAGESIZE {32 4 2} STORAGEUSAGE {ram_1p channel} DISPNAME {bind_storage ram_1p}} {BINDTYPE storage ID {} IMPL auto LATENCY 1 OPTYPE ram_1p PRAGMA {} RTLNAME x2_9_U SOURCE /home/simics/HMoE/HLS_HMoE/pseudo_block/run_11/src/pseudo_moe.cpp:193 VARIABLE x2_9 LOOP {} BUNDLEDNAME {} DSP 0 BRAM 0 URAM 0 STORAGESUBTYPE pipo STORAGESIZE {32 4 2} STORAGEUSAGE {ram_1p channel} DISPNAME {bind_storage ram_1p}} {BINDTYPE storage ID {} IMPL auto LATENCY 1 OPTYPE ram_1p PRAGMA {} RTLNAME x2_10_U SOURCE /home/simics/HMoE/HLS_HMoE/pseudo_block/run_11/src/pseudo_moe.cpp:193 VARIABLE x2_10 LOOP {} BUNDLEDNAME {} DSP 0 BRAM 0 URAM 0 STORAGESUBTYPE pipo STORAGESIZE {32 4 2} STORAGEUSAGE {ram_1p channel} DISPNAME {bind_storage ram_1p}} {BINDTYPE storage ID {} IMPL auto LATENCY 1 OPTYPE ram_1p PRAGMA {} RTLNAME x2_11_U SOURCE /home/simics/HMoE/HLS_HMoE/pseudo_block/run_11/src/pseudo_moe.cpp:193 VARIABLE x2_11 LOOP {} BUNDLEDNAME {} DSP 0 BRAM 0 URAM 0 STORAGESUBTYPE pipo STORAGESIZE {32 4 2} STORAGEUSAGE {ram_1p channel} DISPNAME {bind_storage ram_1p}} {BINDTYPE storage ID {} IMPL auto LATENCY 1 OPTYPE ram_1p PRAGMA {} RTLNAME x2_12_U SOURCE /home/simics/HMoE/HLS_HMoE/pseudo_block/run_11/src/pseudo_moe.cpp:193 VARIABLE x2_12 LOOP {} BUNDLEDNAME {} DSP 0 BRAM 0 URAM 0 STORAGESUBTYPE pipo STORAGESIZE {32 4 2} STORAGEUSAGE {ram_1p channel} DISPNAME {bind_storage ram_1p}} {BINDTYPE storage ID {} IMPL auto LATENCY 1 OPTYPE ram_1p PRAGMA {} RTLNAME x2_13_U SOURCE /home/simics/HMoE/HLS_HMoE/pseudo_block/run_11/src/pseudo_moe.cpp:193 VARIABLE x2_13 LOOP {} BUNDLEDNAME {} DSP 0 BRAM 0 URAM 0 STORAGESUBTYPE pipo STORAGESIZE {32 4 2} STORAGEUSAGE {ram_1p channel} DISPNAME {bind_storage ram_1p}} {BINDTYPE storage ID {} IMPL auto LATENCY 1 OPTYPE ram_1p PRAGMA {} RTLNAME x2_14_U SOURCE /home/simics/HMoE/HLS_HMoE/pseudo_block/run_11/src/pseudo_moe.cpp:193 VARIABLE x2_14 LOOP {} BUNDLEDNAME {} DSP 0 BRAM 0 URAM 0 STORAGESUBTYPE pipo STORAGESIZE {32 4 2} STORAGEUSAGE {ram_1p channel} DISPNAME {bind_storage ram_1p}} {BINDTYPE storage ID {} IMPL auto LATENCY 1 OPTYPE ram_1p PRAGMA {} RTLNAME x2_15_U SOURCE /home/simics/HMoE/HLS_HMoE/pseudo_block/run_11/src/pseudo_moe.cpp:193 VARIABLE x2_15 LOOP {} BUNDLEDNAME {} DSP 0 BRAM 0 URAM 0 STORAGESUBTYPE pipo STORAGESIZE {32 4 2} STORAGEUSAGE {ram_1p channel} DISPNAME {bind_storage ram_1p}} {BINDTYPE storage ID {} IMPL auto LATENCY 1 OPTYPE ram_1p PRAGMA {} RTLNAME x1_U SOURCE /home/simics/HMoE/HLS_HMoE/pseudo_block/run_11/src/pseudo_moe.cpp:192 VARIABLE x1 LOOP {} BUNDLEDNAME {} DSP 0 BRAM 0 URAM 0 STORAGESUBTYPE pipo STORAGESIZE {32 4 2} STORAGEUSAGE {ram_1p channel} DISPNAME {bind_storage ram_1p}} {BINDTYPE storage ID {} IMPL auto LATENCY 1 OPTYPE ram_1p PRAGMA {} RTLNAME x1_1_U SOURCE /home/simics/HMoE/HLS_HMoE/pseudo_block/run_11/src/pseudo_moe.cpp:192 VARIABLE x1_1 LOOP {} BUNDLEDNAME {} DSP 0 BRAM 0 URAM 0 STORAGESUBTYPE pipo STORAGESIZE {32 4 2} STORAGEUSAGE {ram_1p channel} DISPNAME {bind_storage ram_1p}} {BINDTYPE storage ID {} IMPL auto LATENCY 1 OPTYPE ram_1p PRAGMA {} RTLNAME x1_2_U SOURCE /home/simics/HMoE/HLS_HMoE/pseudo_block/run_11/src/pseudo_moe.cpp:192 VARIABLE x1_2 LOOP {} BUNDLEDNAME {} DSP 0 BRAM 0 URAM 0 STORAGESUBTYPE pipo STORAGESIZE {32 4 2} STORAGEUSAGE {ram_1p channel} DISPNAME {bind_storage ram_1p}} {BINDTYPE storage ID {} IMPL auto LATENCY 1 OPTYPE ram_1p PRAGMA {} RTLNAME x1_3_U SOURCE /home/simics/HMoE/HLS_HMoE/pseudo_block/run_11/src/pseudo_moe.cpp:192 VARIABLE x1_3 LOOP {} BUNDLEDNAME {} DSP 0 BRAM 0 URAM 0 STORAGESUBTYPE pipo STORAGESIZE {32 4 2} STORAGEUSAGE {ram_1p channel} DISPNAME {bind_storage ram_1p}} {BINDTYPE storage ID {} IMPL auto LATENCY 1 OPTYPE ram_1p PRAGMA {} RTLNAME x1_4_U SOURCE /home/simics/HMoE/HLS_HMoE/pseudo_block/run_11/src/pseudo_moe.cpp:192 VARIABLE x1_4 LOOP {} BUNDLEDNAME {} DSP 0 BRAM 0 URAM 0 STORAGESUBTYPE pipo STORAGESIZE {32 4 2} STORAGEUSAGE {ram_1p channel} DISPNAME {bind_storage ram_1p}} {BINDTYPE storage ID {} IMPL auto LATENCY 1 OPTYPE ram_1p PRAGMA {} RTLNAME x1_5_U SOURCE /home/simics/HMoE/HLS_HMoE/pseudo_block/run_11/src/pseudo_moe.cpp:192 VARIABLE x1_5 LOOP {} BUNDLEDNAME {} DSP 0 BRAM 0 URAM 0 STORAGESUBTYPE pipo STORAGESIZE {32 4 2} STORAGEUSAGE {ram_1p channel} DISPNAME {bind_storage ram_1p}} {BINDTYPE storage ID {} IMPL auto LATENCY 1 OPTYPE ram_1p PRAGMA {} RTLNAME x1_6_U SOURCE /home/simics/HMoE/HLS_HMoE/pseudo_block/run_11/src/pseudo_moe.cpp:192 VARIABLE x1_6 LOOP {} BUNDLEDNAME {} DSP 0 BRAM 0 URAM 0 STORAGESUBTYPE pipo STORAGESIZE {32 4 2} STORAGEUSAGE {ram_1p channel} DISPNAME {bind_storage ram_1p}} {BINDTYPE storage ID {} IMPL auto LATENCY 1 OPTYPE ram_1p PRAGMA {} RTLNAME x1_7_U SOURCE /home/simics/HMoE/HLS_HMoE/pseudo_block/run_11/src/pseudo_moe.cpp:192 VARIABLE x1_7 LOOP {} BUNDLEDNAME {} DSP 0 BRAM 0 URAM 0 STORAGESUBTYPE pipo STORAGESIZE {32 4 2} STORAGEUSAGE {ram_1p channel} DISPNAME {bind_storage ram_1p}} {BINDTYPE storage ID {} IMPL auto LATENCY 1 OPTYPE ram_1p PRAGMA {} RTLNAME x1_8_U SOURCE /home/simics/HMoE/HLS_HMoE/pseudo_block/run_11/src/pseudo_moe.cpp:192 VARIABLE x1_8 LOOP {} BUNDLEDNAME {} DSP 0 BRAM 0 URAM 0 STORAGESUBTYPE pipo STORAGESIZE {32 4 2} STORAGEUSAGE {ram_1p channel} DISPNAME {bind_storage ram_1p}} {BINDTYPE storage ID {} IMPL auto LATENCY 1 OPTYPE ram_1p PRAGMA {} RTLNAME x1_9_U SOURCE /home/simics/HMoE/HLS_HMoE/pseudo_block/run_11/src/pseudo_moe.cpp:192 VARIABLE x1_9 LOOP {} BUNDLEDNAME {} DSP 0 BRAM 0 URAM 0 STORAGESUBTYPE pipo STORAGESIZE {32 4 2} STORAGEUSAGE {ram_1p channel} DISPNAME {bind_storage ram_1p}} {BINDTYPE storage ID {} IMPL auto LATENCY 1 OPTYPE ram_1p PRAGMA {} RTLNAME x1_10_U SOURCE /home/simics/HMoE/HLS_HMoE/pseudo_block/run_11/src/pseudo_moe.cpp:192 VARIABLE x1_10 LOOP {} BUNDLEDNAME {} DSP 0 BRAM 0 URAM 0 STORAGESUBTYPE pipo STORAGESIZE {32 4 2} STORAGEUSAGE {ram_1p channel} DISPNAME {bind_storage ram_1p}} {BINDTYPE storage ID {} IMPL auto LATENCY 1 OPTYPE ram_1p PRAGMA {} RTLNAME x1_11_U SOURCE /home/simics/HMoE/HLS_HMoE/pseudo_block/run_11/src/pseudo_moe.cpp:192 VARIABLE x1_11 LOOP {} BUNDLEDNAME {} DSP 0 BRAM 0 URAM 0 STORAGESUBTYPE pipo STORAGESIZE {32 4 2} STORAGEUSAGE {ram_1p channel} DISPNAME {bind_storage ram_1p}} {BINDTYPE storage ID {} IMPL auto LATENCY 1 OPTYPE ram_1p PRAGMA {} RTLNAME x1_12_U SOURCE /home/simics/HMoE/HLS_HMoE/pseudo_block/run_11/src/pseudo_moe.cpp:192 VARIABLE x1_12 LOOP {} BUNDLEDNAME {} DSP 0 BRAM 0 URAM 0 STORAGESUBTYPE pipo STORAGESIZE {32 4 2} STORAGEUSAGE {ram_1p channel} DISPNAME {bind_storage ram_1p}} {BINDTYPE storage ID {} IMPL auto LATENCY 1 OPTYPE ram_1p PRAGMA {} RTLNAME x1_13_U SOURCE /home/simics/HMoE/HLS_HMoE/pseudo_block/run_11/src/pseudo_moe.cpp:192 VARIABLE x1_13 LOOP {} BUNDLEDNAME {} DSP 0 BRAM 0 URAM 0 STORAGESUBTYPE pipo STORAGESIZE {32 4 2} STORAGEUSAGE {ram_1p channel} DISPNAME {bind_storage ram_1p}} {BINDTYPE storage ID {} IMPL auto LATENCY 1 OPTYPE ram_1p PRAGMA {} RTLNAME x1_14_U SOURCE /home/simics/HMoE/HLS_HMoE/pseudo_block/run_11/src/pseudo_moe.cpp:192 VARIABLE x1_14 LOOP {} BUNDLEDNAME {} DSP 0 BRAM 0 URAM 0 STORAGESUBTYPE pipo STORAGESIZE {32 4 2} STORAGEUSAGE {ram_1p channel} DISPNAME {bind_storage ram_1p}} {BINDTYPE storage ID {} IMPL auto LATENCY 1 OPTYPE ram_1p PRAGMA {} RTLNAME x1_15_U SOURCE /home/simics/HMoE/HLS_HMoE/pseudo_block/run_11/src/pseudo_moe.cpp:192 VARIABLE x1_15 LOOP {} BUNDLEDNAME {} DSP 0 BRAM 0 URAM 0 STORAGESUBTYPE pipo STORAGESIZE {32 4 2} STORAGEUSAGE {ram_1p channel} DISPNAME {bind_storage ram_1p}} {BINDTYPE storage ID {} IMPL auto LATENCY 1 OPTYPE ram_1p PRAGMA {} RTLNAME x0_U SOURCE /home/simics/HMoE/HLS_HMoE/pseudo_block/run_11/src/pseudo_moe.cpp:191 VARIABLE x0 LOOP {} BUNDLEDNAME {} DSP 0 BRAM 0 URAM 0 STORAGESUBTYPE pipo STORAGESIZE {32 4 2} STORAGEUSAGE {ram_1p channel} DISPNAME {bind_storage ram_1p}} {BINDTYPE storage ID {} IMPL auto LATENCY 1 OPTYPE ram_1p PRAGMA {} RTLNAME x0_1_U SOURCE /home/simics/HMoE/HLS_HMoE/pseudo_block/run_11/src/pseudo_moe.cpp:191 VARIABLE x0_1 LOOP {} BUNDLEDNAME {} DSP 0 BRAM 0 URAM 0 STORAGESUBTYPE pipo STORAGESIZE {32 4 2} STORAGEUSAGE {ram_1p channel} DISPNAME {bind_storage ram_1p}} {BINDTYPE storage ID {} IMPL auto LATENCY 1 OPTYPE ram_1p PRAGMA {} RTLNAME x0_2_U SOURCE /home/simics/HMoE/HLS_HMoE/pseudo_block/run_11/src/pseudo_moe.cpp:191 VARIABLE x0_2 LOOP {} BUNDLEDNAME {} DSP 0 BRAM 0 URAM 0 STORAGESUBTYPE pipo STORAGESIZE {32 4 2} STORAGEUSAGE {ram_1p channel} DISPNAME {bind_storage ram_1p}} {BINDTYPE storage ID {} IMPL auto LATENCY 1 OPTYPE ram_1p PRAGMA {} RTLNAME x0_3_U SOURCE /home/simics/HMoE/HLS_HMoE/pseudo_block/run_11/src/pseudo_moe.cpp:191 VARIABLE x0_3 LOOP {} BUNDLEDNAME {} DSP 0 BRAM 0 URAM 0 STORAGESUBTYPE pipo STORAGESIZE {32 4 2} STORAGEUSAGE {ram_1p channel} DISPNAME {bind_storage ram_1p}} {BINDTYPE storage ID {} IMPL auto LATENCY 1 OPTYPE ram_1p PRAGMA {} RTLNAME x0_4_U SOURCE /home/simics/HMoE/HLS_HMoE/pseudo_block/run_11/src/pseudo_moe.cpp:191 VARIABLE x0_4 LOOP {} BUNDLEDNAME {} DSP 0 BRAM 0 URAM 0 STORAGESUBTYPE pipo STORAGESIZE {32 4 2} STORAGEUSAGE {ram_1p channel} DISPNAME {bind_storage ram_1p}} {BINDTYPE storage ID {} IMPL auto LATENCY 1 OPTYPE ram_1p PRAGMA {} RTLNAME x0_5_U SOURCE /home/simics/HMoE/HLS_HMoE/pseudo_block/run_11/src/pseudo_moe.cpp:191 VARIABLE x0_5 LOOP {} BUNDLEDNAME {} DSP 0 BRAM 0 URAM 0 STORAGESUBTYPE pipo STORAGESIZE {32 4 2} STORAGEUSAGE {ram_1p channel} DISPNAME {bind_storage ram_1p}} {BINDTYPE storage ID {} IMPL auto LATENCY 1 OPTYPE ram_1p PRAGMA {} RTLNAME x0_6_U SOURCE /home/simics/HMoE/HLS_HMoE/pseudo_block/run_11/src/pseudo_moe.cpp:191 VARIABLE x0_6 LOOP {} BUNDLEDNAME {} DSP 0 BRAM 0 URAM 0 STORAGESUBTYPE pipo STORAGESIZE {32 4 2} STORAGEUSAGE {ram_1p channel} DISPNAME {bind_storage ram_1p}} {BINDTYPE storage ID {} IMPL auto LATENCY 1 OPTYPE ram_1p PRAGMA {} RTLNAME x0_7_U SOURCE /home/simics/HMoE/HLS_HMoE/pseudo_block/run_11/src/pseudo_moe.cpp:191 VARIABLE x0_7 LOOP {} BUNDLEDNAME {} DSP 0 BRAM 0 URAM 0 STORAGESUBTYPE pipo STORAGESIZE {32 4 2} STORAGEUSAGE {ram_1p channel} DISPNAME {bind_storage ram_1p}} {BINDTYPE storage ID {} IMPL auto LATENCY 1 OPTYPE ram_1p PRAGMA {} RTLNAME x0_8_U SOURCE /home/simics/HMoE/HLS_HMoE/pseudo_block/run_11/src/pseudo_moe.cpp:191 VARIABLE x0_8 LOOP {} BUNDLEDNAME {} DSP 0 BRAM 0 URAM 0 STORAGESUBTYPE pipo STORAGESIZE {32 4 2} STORAGEUSAGE {ram_1p channel} DISPNAME {bind_storage ram_1p}} {BINDTYPE storage ID {} IMPL auto LATENCY 1 OPTYPE ram_1p PRAGMA {} RTLNAME x0_9_U SOURCE /home/simics/HMoE/HLS_HMoE/pseudo_block/run_11/src/pseudo_moe.cpp:191 VARIABLE x0_9 LOOP {} BUNDLEDNAME {} DSP 0 BRAM 0 URAM 0 STORAGESUBTYPE pipo STORAGESIZE {32 4 2} STORAGEUSAGE {ram_1p channel} DISPNAME {bind_storage ram_1p}} {BINDTYPE storage ID {} IMPL auto LATENCY 1 OPTYPE ram_1p PRAGMA {} RTLNAME x0_10_U SOURCE /home/simics/HMoE/HLS_HMoE/pseudo_block/run_11/src/pseudo_moe.cpp:191 VARIABLE x0_10 LOOP {} BUNDLEDNAME {} DSP 0 BRAM 0 URAM 0 STORAGESUBTYPE pipo STORAGESIZE {32 4 2} STORAGEUSAGE {ram_1p channel} DISPNAME {bind_storage ram_1p}} {BINDTYPE storage ID {} IMPL auto LATENCY 1 OPTYPE ram_1p PRAGMA {} RTLNAME x0_11_U SOURCE /home/simics/HMoE/HLS_HMoE/pseudo_block/run_11/src/pseudo_moe.cpp:191 VARIABLE x0_11 LOOP {} BUNDLEDNAME {} DSP 0 BRAM 0 URAM 0 STORAGESUBTYPE pipo STORAGESIZE {32 4 2} STORAGEUSAGE {ram_1p channel} DISPNAME {bind_storage ram_1p}} {BINDTYPE storage ID {} IMPL auto LATENCY 1 OPTYPE ram_1p PRAGMA {} RTLNAME x0_12_U SOURCE /home/simics/HMoE/HLS_HMoE/pseudo_block/run_11/src/pseudo_moe.cpp:191 VARIABLE x0_12 LOOP {} BUNDLEDNAME {} DSP 0 BRAM 0 URAM 0 STORAGESUBTYPE pipo STORAGESIZE {32 4 2} STORAGEUSAGE {ram_1p channel} DISPNAME {bind_storage ram_1p}} {BINDTYPE storage ID {} IMPL auto LATENCY 1 OPTYPE ram_1p PRAGMA {} RTLNAME x0_13_U SOURCE /home/simics/HMoE/HLS_HMoE/pseudo_block/run_11/src/pseudo_moe.cpp:191 VARIABLE x0_13 LOOP {} BUNDLEDNAME {} DSP 0 BRAM 0 URAM 0 STORAGESUBTYPE pipo STORAGESIZE {32 4 2} STORAGEUSAGE {ram_1p channel} DISPNAME {bind_storage ram_1p}} {BINDTYPE storage ID {} IMPL auto LATENCY 1 OPTYPE ram_1p PRAGMA {} RTLNAME x0_14_U SOURCE /home/simics/HMoE/HLS_HMoE/pseudo_block/run_11/src/pseudo_moe.cpp:191 VARIABLE x0_14 LOOP {} BUNDLEDNAME {} DSP 0 BRAM 0 URAM 0 STORAGESUBTYPE pipo STORAGESIZE {32 4 2} STORAGEUSAGE {ram_1p channel} DISPNAME {bind_storage ram_1p}} {BINDTYPE storage ID {} IMPL auto LATENCY 1 OPTYPE ram_1p PRAGMA {} RTLNAME x0_15_U SOURCE /home/simics/HMoE/HLS_HMoE/pseudo_block/run_11/src/pseudo_moe.cpp:191 VARIABLE x0_15 LOOP {} BUNDLEDNAME {} DSP 0 BRAM 0 URAM 0 STORAGESUBTYPE pipo STORAGESIZE {32 4 2} STORAGEUSAGE {ram_1p channel} DISPNAME {bind_storage ram_1p}} {BINDTYPE storage ID {} IMPL auto LATENCY 1 OPTYPE ram_1p PRAGMA {} RTLNAME expert_result0_U SOURCE /home/simics/HMoE/HLS_HMoE/pseudo_block/run_11/src/pseudo_moe.cpp:213 VARIABLE expert_result0 LOOP {} BUNDLEDNAME {} DSP 0 BRAM 1 URAM 0 STORAGESUBTYPE pipo STORAGESIZE {32 64 2} STORAGEUSAGE {ram_1p channel} DISPNAME {bind_storage ram_1p}} {BINDTYPE storage ID {} IMPL auto LATENCY 1 OPTYPE ram_1p PRAGMA {} RTLNAME expert_result1_U SOURCE /home/simics/HMoE/HLS_HMoE/pseudo_block/run_11/src/pseudo_moe.cpp:214 VARIABLE expert_result1 LOOP {} BUNDLEDNAME {} DSP 0 BRAM 1 URAM 0 STORAGESUBTYPE pipo STORAGESIZE {32 64 2} STORAGEUSAGE {ram_1p channel} DISPNAME {bind_storage ram_1p}} {BINDTYPE storage ID {} IMPL auto LATENCY 1 OPTYPE ram_1p PRAGMA {} RTLNAME expert_result2_U SOURCE /home/simics/HMoE/HLS_HMoE/pseudo_block/run_11/src/pseudo_moe.cpp:215 VARIABLE expert_result2 LOOP {} BUNDLEDNAME {} DSP 0 BRAM 1 URAM 0 STORAGESUBTYPE pipo STORAGESIZE {32 64 2} STORAGEUSAGE {ram_1p channel} DISPNAME {bind_storage ram_1p}} {BINDTYPE storage ID {} IMPL auto LATENCY 1 OPTYPE ram_1p PRAGMA {} RTLNAME expert_result3_U SOURCE /home/simics/HMoE/HLS_HMoE/pseudo_block/run_11/src/pseudo_moe.cpp:216 VARIABLE expert_result3 LOOP {} BUNDLEDNAME {} DSP 0 BRAM 1 URAM 0 STORAGESUBTYPE pipo STORAGESIZE {32 64 2} STORAGEUSAGE {ram_1p channel} DISPNAME {bind_storage ram_1p}} {BINDTYPE storage ID {} IMPL auto LATENCY 1 OPTYPE ram_1p PRAGMA {} RTLNAME combined_result_U SOURCE /home/simics/HMoE/HLS_HMoE/pseudo_block/run_11/src/pseudo_moe.cpp:217 VARIABLE combined_result LOOP {} BUNDLEDNAME {} DSP 0 BRAM 1 URAM 0 STORAGESUBTYPE pipo STORAGESIZE {32 64 2} STORAGEUSAGE {ram_1p channel} DISPNAME {bind_storage ram_1p}}} AREA {DSP 482 BRAM 5 URAM 0}} pseudo_moe {BINDINFO {{BINDTYPE storage ID {} IMPL auto LATENCY 1 OPTYPE rom_np PRAGMA {} RTLNAME input_local_U SOURCE /home/simics/HMoE/HLS_HMoE/pseudo_block/run_11/src/pseudo_moe.cpp:111 VARIABLE input_local LOOP {} BUNDLEDNAME {} DSP 0 BRAM 2 URAM 0 STORAGESUBTYPE {} STORAGESIZE {32 40 1} STORAGEUSAGE {rom_np array} DISPNAME {bind_storage rom_np}} {BINDTYPE storage ID {} IMPL auto LATENCY 1 OPTYPE rom_np PRAGMA {} RTLNAME input_local_1_U SOURCE /home/simics/HMoE/HLS_HMoE/pseudo_block/run_11/src/pseudo_moe.cpp:111 VARIABLE input_local_1 LOOP {} BUNDLEDNAME {} DSP 0 BRAM 2 URAM 0 STORAGESUBTYPE {} STORAGESIZE {32 40 1} STORAGEUSAGE {rom_np array} DISPNAME {bind_storage rom_np}} {BINDTYPE storage ID {} IMPL auto LATENCY 1 OPTYPE rom_np PRAGMA {} RTLNAME input_local_2_U SOURCE /home/simics/HMoE/HLS_HMoE/pseudo_block/run_11/src/pseudo_moe.cpp:111 VARIABLE input_local_2 LOOP {} BUNDLEDNAME {} DSP 0 BRAM 2 URAM 0 STORAGESUBTYPE {} STORAGESIZE {32 40 1} STORAGEUSAGE {rom_np array} DISPNAME {bind_storage rom_np}} {BINDTYPE storage ID {} IMPL auto LATENCY 1 OPTYPE rom_np PRAGMA {} RTLNAME input_local_3_U SOURCE /home/simics/HMoE/HLS_HMoE/pseudo_block/run_11/src/pseudo_moe.cpp:111 VARIABLE input_local_3 LOOP {} BUNDLEDNAME {} DSP 0 BRAM 2 URAM 0 STORAGESUBTYPE {} STORAGESIZE {32 40 1} STORAGEUSAGE {rom_np array} DISPNAME {bind_storage rom_np}} {BINDTYPE storage ID {} IMPL auto LATENCY 1 OPTYPE rom_np PRAGMA {} RTLNAME input_local_4_U SOURCE /home/simics/HMoE/HLS_HMoE/pseudo_block/run_11/src/pseudo_moe.cpp:111 VARIABLE input_local_4 LOOP {} BUNDLEDNAME {} DSP 0 BRAM 2 URAM 0 STORAGESUBTYPE {} STORAGESIZE {32 40 1} STORAGEUSAGE {rom_np array} DISPNAME {bind_storage rom_np}} {BINDTYPE storage ID {} IMPL auto LATENCY 1 OPTYPE rom_np PRAGMA {} RTLNAME input_local_5_U SOURCE /home/simics/HMoE/HLS_HMoE/pseudo_block/run_11/src/pseudo_moe.cpp:111 VARIABLE input_local_5 LOOP {} BUNDLEDNAME {} DSP 0 BRAM 2 URAM 0 STORAGESUBTYPE {} STORAGESIZE {32 40 1} STORAGEUSAGE {rom_np array} DISPNAME {bind_storage rom_np}} {BINDTYPE storage ID {} IMPL auto LATENCY 1 OPTYPE rom_np PRAGMA {} RTLNAME input_local_6_U SOURCE /home/simics/HMoE/HLS_HMoE/pseudo_block/run_11/src/pseudo_moe.cpp:111 VARIABLE input_local_6 LOOP {} BUNDLEDNAME {} DSP 0 BRAM 2 URAM 0 STORAGESUBTYPE {} STORAGESIZE {32 40 1} STORAGEUSAGE {rom_np array} DISPNAME {bind_storage rom_np}} {BINDTYPE storage ID {} IMPL auto LATENCY 1 OPTYPE rom_np PRAGMA {} RTLNAME input_local_7_U SOURCE /home/simics/HMoE/HLS_HMoE/pseudo_block/run_11/src/pseudo_moe.cpp:111 VARIABLE input_local_7 LOOP {} BUNDLEDNAME {} DSP 0 BRAM 2 URAM 0 STORAGESUBTYPE {} STORAGESIZE {32 40 1} STORAGEUSAGE {rom_np array} DISPNAME {bind_storage rom_np}} {BINDTYPE storage ID {} IMPL auto LATENCY 1 OPTYPE rom_np PRAGMA {} RTLNAME input_local_8_U SOURCE /home/simics/HMoE/HLS_HMoE/pseudo_block/run_11/src/pseudo_moe.cpp:111 VARIABLE input_local_8 LOOP {} BUNDLEDNAME {} DSP 0 BRAM 2 URAM 0 STORAGESUBTYPE {} STORAGESIZE {32 40 1} STORAGEUSAGE {rom_np array} DISPNAME {bind_storage rom_np}} {BINDTYPE storage ID {} IMPL auto LATENCY 1 OPTYPE rom_np PRAGMA {} RTLNAME input_local_9_U SOURCE /home/simics/HMoE/HLS_HMoE/pseudo_block/run_11/src/pseudo_moe.cpp:111 VARIABLE input_local_9 LOOP {} BUNDLEDNAME {} DSP 0 BRAM 2 URAM 0 STORAGESUBTYPE {} STORAGESIZE {32 40 1} STORAGEUSAGE {rom_np array} DISPNAME {bind_storage rom_np}} {BINDTYPE storage ID {} IMPL auto LATENCY 1 OPTYPE rom_np PRAGMA {} RTLNAME input_local_10_U SOURCE /home/simics/HMoE/HLS_HMoE/pseudo_block/run_11/src/pseudo_moe.cpp:111 VARIABLE input_local_10 LOOP {} BUNDLEDNAME {} DSP 0 BRAM 2 URAM 0 STORAGESUBTYPE {} STORAGESIZE {32 40 1} STORAGEUSAGE {rom_np array} DISPNAME {bind_storage rom_np}} {BINDTYPE storage ID {} IMPL auto LATENCY 1 OPTYPE rom_np PRAGMA {} RTLNAME input_local_11_U SOURCE /home/simics/HMoE/HLS_HMoE/pseudo_block/run_11/src/pseudo_moe.cpp:111 VARIABLE input_local_11 LOOP {} BUNDLEDNAME {} DSP 0 BRAM 2 URAM 0 STORAGESUBTYPE {} STORAGESIZE {32 40 1} STORAGEUSAGE {rom_np array} DISPNAME {bind_storage rom_np}} {BINDTYPE storage ID {} IMPL auto LATENCY 1 OPTYPE rom_np PRAGMA {} RTLNAME input_local_12_U SOURCE /home/simics/HMoE/HLS_HMoE/pseudo_block/run_11/src/pseudo_moe.cpp:111 VARIABLE input_local_12 LOOP {} BUNDLEDNAME {} DSP 0 BRAM 2 URAM 0 STORAGESUBTYPE {} STORAGESIZE {32 40 1} STORAGEUSAGE {rom_np array} DISPNAME {bind_storage rom_np}} {BINDTYPE storage ID {} IMPL auto LATENCY 1 OPTYPE rom_np PRAGMA {} RTLNAME input_local_13_U SOURCE /home/simics/HMoE/HLS_HMoE/pseudo_block/run_11/src/pseudo_moe.cpp:111 VARIABLE input_local_13 LOOP {} BUNDLEDNAME {} DSP 0 BRAM 2 URAM 0 STORAGESUBTYPE {} STORAGESIZE {32 40 1} STORAGEUSAGE {rom_np array} DISPNAME {bind_storage rom_np}} {BINDTYPE storage ID {} IMPL auto LATENCY 1 OPTYPE rom_np PRAGMA {} RTLNAME input_local_14_U SOURCE /home/simics/HMoE/HLS_HMoE/pseudo_block/run_11/src/pseudo_moe.cpp:111 VARIABLE input_local_14 LOOP {} BUNDLEDNAME {} DSP 0 BRAM 2 URAM 0 STORAGESUBTYPE {} STORAGESIZE {32 40 1} STORAGEUSAGE {rom_np array} DISPNAME {bind_storage rom_np}} {BINDTYPE storage ID {} IMPL auto LATENCY 1 OPTYPE rom_np PRAGMA {} RTLNAME input_local_15_U SOURCE /home/simics/HMoE/HLS_HMoE/pseudo_block/run_11/src/pseudo_moe.cpp:111 VARIABLE input_local_15 LOOP {} BUNDLEDNAME {} DSP 0 BRAM 2 URAM 0 STORAGESUBTYPE {} STORAGESIZE {32 40 1} STORAGEUSAGE {rom_np array} DISPNAME {bind_storage rom_np}} {BINDTYPE storage ID {} IMPL auto LATENCY 1 OPTYPE ram_1p PRAGMA {} RTLNAME w0_local_U SOURCE /home/simics/HMoE/HLS_HMoE/pseudo_block/run_11/src/pseudo_moe.cpp:113 VARIABLE w0_local LOOP {} BUNDLEDNAME {} DSP 0 BRAM 2 URAM 0 STORAGESUBTYPE {} STORAGESIZE {32 256 1} STORAGEUSAGE {ram_1p array} DISPNAME {bind_storage ram_1p}} {BINDTYPE storage ID {} IMPL auto LATENCY 1 OPTYPE ram_1p PRAGMA {} RTLNAME w0_local_1_U SOURCE /home/simics/HMoE/HLS_HMoE/pseudo_block/run_11/src/pseudo_moe.cpp:113 VARIABLE w0_local_1 LOOP {} BUNDLEDNAME {} DSP 0 BRAM 2 URAM 0 STORAGESUBTYPE {} STORAGESIZE {32 256 1} STORAGEUSAGE {ram_1p array} DISPNAME {bind_storage ram_1p}} {BINDTYPE storage ID {} IMPL auto LATENCY 1 OPTYPE ram_1p PRAGMA {} RTLNAME w0_local_2_U SOURCE /home/simics/HMoE/HLS_HMoE/pseudo_block/run_11/src/pseudo_moe.cpp:113 VARIABLE w0_local_2 LOOP {} BUNDLEDNAME {} DSP 0 BRAM 2 URAM 0 STORAGESUBTYPE {} STORAGESIZE {32 256 1} STORAGEUSAGE {ram_1p array} DISPNAME {bind_storage ram_1p}} {BINDTYPE storage ID {} IMPL auto LATENCY 1 OPTYPE ram_1p PRAGMA {} RTLNAME w0_local_3_U SOURCE /home/simics/HMoE/HLS_HMoE/pseudo_block/run_11/src/pseudo_moe.cpp:113 VARIABLE w0_local_3 LOOP {} BUNDLEDNAME {} DSP 0 BRAM 2 URAM 0 STORAGESUBTYPE {} STORAGESIZE {32 256 1} STORAGEUSAGE {ram_1p array} DISPNAME {bind_storage ram_1p}} {BINDTYPE storage ID {} IMPL auto LATENCY 1 OPTYPE ram_1p PRAGMA {} RTLNAME w0_local_4_U SOURCE /home/simics/HMoE/HLS_HMoE/pseudo_block/run_11/src/pseudo_moe.cpp:113 VARIABLE w0_local_4 LOOP {} BUNDLEDNAME {} DSP 0 BRAM 2 URAM 0 STORAGESUBTYPE {} STORAGESIZE {32 256 1} STORAGEUSAGE {ram_1p array} DISPNAME {bind_storage ram_1p}} {BINDTYPE storage ID {} IMPL auto LATENCY 1 OPTYPE ram_1p PRAGMA {} RTLNAME w0_local_5_U SOURCE /home/simics/HMoE/HLS_HMoE/pseudo_block/run_11/src/pseudo_moe.cpp:113 VARIABLE w0_local_5 LOOP {} BUNDLEDNAME {} DSP 0 BRAM 2 URAM 0 STORAGESUBTYPE {} STORAGESIZE {32 256 1} STORAGEUSAGE {ram_1p array} DISPNAME {bind_storage ram_1p}} {BINDTYPE storage ID {} IMPL auto LATENCY 1 OPTYPE ram_1p PRAGMA {} RTLNAME w0_local_6_U SOURCE /home/simics/HMoE/HLS_HMoE/pseudo_block/run_11/src/pseudo_moe.cpp:113 VARIABLE w0_local_6 LOOP {} BUNDLEDNAME {} DSP 0 BRAM 2 URAM 0 STORAGESUBTYPE {} STORAGESIZE {32 256 1} STORAGEUSAGE {ram_1p array} DISPNAME {bind_storage ram_1p}} {BINDTYPE storage ID {} IMPL auto LATENCY 1 OPTYPE ram_1p PRAGMA {} RTLNAME w0_local_7_U SOURCE /home/simics/HMoE/HLS_HMoE/pseudo_block/run_11/src/pseudo_moe.cpp:113 VARIABLE w0_local_7 LOOP {} BUNDLEDNAME {} DSP 0 BRAM 2 URAM 0 STORAGESUBTYPE {} STORAGESIZE {32 256 1} STORAGEUSAGE {ram_1p array} DISPNAME {bind_storage ram_1p}} {BINDTYPE storage ID {} IMPL auto LATENCY 1 OPTYPE ram_1p PRAGMA {} RTLNAME w0_local_8_U SOURCE /home/simics/HMoE/HLS_HMoE/pseudo_block/run_11/src/pseudo_moe.cpp:113 VARIABLE w0_local_8 LOOP {} BUNDLEDNAME {} DSP 0 BRAM 2 URAM 0 STORAGESUBTYPE {} STORAGESIZE {32 256 1} STORAGEUSAGE {ram_1p array} DISPNAME {bind_storage ram_1p}} {BINDTYPE storage ID {} IMPL auto LATENCY 1 OPTYPE ram_1p PRAGMA {} RTLNAME w0_local_9_U SOURCE /home/simics/HMoE/HLS_HMoE/pseudo_block/run_11/src/pseudo_moe.cpp:113 VARIABLE w0_local_9 LOOP {} BUNDLEDNAME {} DSP 0 BRAM 2 URAM 0 STORAGESUBTYPE {} STORAGESIZE {32 256 1} STORAGEUSAGE {ram_1p array} DISPNAME {bind_storage ram_1p}} {BINDTYPE storage ID {} IMPL auto LATENCY 1 OPTYPE ram_1p PRAGMA {} RTLNAME w0_local_10_U SOURCE /home/simics/HMoE/HLS_HMoE/pseudo_block/run_11/src/pseudo_moe.cpp:113 VARIABLE w0_local_10 LOOP {} BUNDLEDNAME {} DSP 0 BRAM 2 URAM 0 STORAGESUBTYPE {} STORAGESIZE {32 256 1} STORAGEUSAGE {ram_1p array} DISPNAME {bind_storage ram_1p}} {BINDTYPE storage ID {} IMPL auto LATENCY 1 OPTYPE ram_1p PRAGMA {} RTLNAME w0_local_11_U SOURCE /home/simics/HMoE/HLS_HMoE/pseudo_block/run_11/src/pseudo_moe.cpp:113 VARIABLE w0_local_11 LOOP {} BUNDLEDNAME {} DSP 0 BRAM 2 URAM 0 STORAGESUBTYPE {} STORAGESIZE {32 256 1} STORAGEUSAGE {ram_1p array} DISPNAME {bind_storage ram_1p}} {BINDTYPE storage ID {} IMPL auto LATENCY 1 OPTYPE ram_1p PRAGMA {} RTLNAME w0_local_12_U SOURCE /home/simics/HMoE/HLS_HMoE/pseudo_block/run_11/src/pseudo_moe.cpp:113 VARIABLE w0_local_12 LOOP {} BUNDLEDNAME {} DSP 0 BRAM 2 URAM 0 STORAGESUBTYPE {} STORAGESIZE {32 256 1} STORAGEUSAGE {ram_1p array} DISPNAME {bind_storage ram_1p}} {BINDTYPE storage ID {} IMPL auto LATENCY 1 OPTYPE ram_1p PRAGMA {} RTLNAME w0_local_13_U SOURCE /home/simics/HMoE/HLS_HMoE/pseudo_block/run_11/src/pseudo_moe.cpp:113 VARIABLE w0_local_13 LOOP {} BUNDLEDNAME {} DSP 0 BRAM 2 URAM 0 STORAGESUBTYPE {} STORAGESIZE {32 256 1} STORAGEUSAGE {ram_1p array} DISPNAME {bind_storage ram_1p}} {BINDTYPE storage ID {} IMPL auto LATENCY 1 OPTYPE ram_1p PRAGMA {} RTLNAME w0_local_14_U SOURCE /home/simics/HMoE/HLS_HMoE/pseudo_block/run_11/src/pseudo_moe.cpp:113 VARIABLE w0_local_14 LOOP {} BUNDLEDNAME {} DSP 0 BRAM 2 URAM 0 STORAGESUBTYPE {} STORAGESIZE {32 256 1} STORAGEUSAGE {ram_1p array} DISPNAME {bind_storage ram_1p}} {BINDTYPE storage ID {} IMPL auto LATENCY 1 OPTYPE ram_1p PRAGMA {} RTLNAME w0_local_15_U SOURCE /home/simics/HMoE/HLS_HMoE/pseudo_block/run_11/src/pseudo_moe.cpp:113 VARIABLE w0_local_15 LOOP {} BUNDLEDNAME {} DSP 0 BRAM 2 URAM 0 STORAGESUBTYPE {} STORAGESIZE {32 256 1} STORAGEUSAGE {ram_1p array} DISPNAME {bind_storage ram_1p}} {BINDTYPE storage ID {} IMPL auto LATENCY 1 OPTYPE ram_1p PRAGMA {} RTLNAME w1_local_U SOURCE /home/simics/HMoE/HLS_HMoE/pseudo_block/run_11/src/pseudo_moe.cpp:114 VARIABLE w1_local LOOP {} BUNDLEDNAME {} DSP 0 BRAM 2 URAM 0 STORAGESUBTYPE {} STORAGESIZE {32 256 1} STORAGEUSAGE {ram_1p array} DISPNAME {bind_storage ram_1p}} {BINDTYPE storage ID {} IMPL auto LATENCY 1 OPTYPE ram_1p PRAGMA {} RTLNAME w1_local_1_U SOURCE /home/simics/HMoE/HLS_HMoE/pseudo_block/run_11/src/pseudo_moe.cpp:114 VARIABLE w1_local_1 LOOP {} BUNDLEDNAME {} DSP 0 BRAM 2 URAM 0 STORAGESUBTYPE {} STORAGESIZE {32 256 1} STORAGEUSAGE {ram_1p array} DISPNAME {bind_storage ram_1p}} {BINDTYPE storage ID {} IMPL auto LATENCY 1 OPTYPE ram_1p PRAGMA {} RTLNAME w1_local_2_U SOURCE /home/simics/HMoE/HLS_HMoE/pseudo_block/run_11/src/pseudo_moe.cpp:114 VARIABLE w1_local_2 LOOP {} BUNDLEDNAME {} DSP 0 BRAM 2 URAM 0 STORAGESUBTYPE {} STORAGESIZE {32 256 1} STORAGEUSAGE {ram_1p array} DISPNAME {bind_storage ram_1p}} {BINDTYPE storage ID {} IMPL auto LATENCY 1 OPTYPE ram_1p PRAGMA {} RTLNAME w1_local_3_U SOURCE /home/simics/HMoE/HLS_HMoE/pseudo_block/run_11/src/pseudo_moe.cpp:114 VARIABLE w1_local_3 LOOP {} BUNDLEDNAME {} DSP 0 BRAM 2 URAM 0 STORAGESUBTYPE {} STORAGESIZE {32 256 1} STORAGEUSAGE {ram_1p array} DISPNAME {bind_storage ram_1p}} {BINDTYPE storage ID {} IMPL auto LATENCY 1 OPTYPE ram_1p PRAGMA {} RTLNAME w1_local_4_U SOURCE /home/simics/HMoE/HLS_HMoE/pseudo_block/run_11/src/pseudo_moe.cpp:114 VARIABLE w1_local_4 LOOP {} BUNDLEDNAME {} DSP 0 BRAM 2 URAM 0 STORAGESUBTYPE {} STORAGESIZE {32 256 1} STORAGEUSAGE {ram_1p array} DISPNAME {bind_storage ram_1p}} {BINDTYPE storage ID {} IMPL auto LATENCY 1 OPTYPE ram_1p PRAGMA {} RTLNAME w1_local_5_U SOURCE /home/simics/HMoE/HLS_HMoE/pseudo_block/run_11/src/pseudo_moe.cpp:114 VARIABLE w1_local_5 LOOP {} BUNDLEDNAME {} DSP 0 BRAM 2 URAM 0 STORAGESUBTYPE {} STORAGESIZE {32 256 1} STORAGEUSAGE {ram_1p array} DISPNAME {bind_storage ram_1p}} {BINDTYPE storage ID {} IMPL auto LATENCY 1 OPTYPE ram_1p PRAGMA {} RTLNAME w1_local_6_U SOURCE /home/simics/HMoE/HLS_HMoE/pseudo_block/run_11/src/pseudo_moe.cpp:114 VARIABLE w1_local_6 LOOP {} BUNDLEDNAME {} DSP 0 BRAM 2 URAM 0 STORAGESUBTYPE {} STORAGESIZE {32 256 1} STORAGEUSAGE {ram_1p array} DISPNAME {bind_storage ram_1p}} {BINDTYPE storage ID {} IMPL auto LATENCY 1 OPTYPE ram_1p PRAGMA {} RTLNAME w1_local_7_U SOURCE /home/simics/HMoE/HLS_HMoE/pseudo_block/run_11/src/pseudo_moe.cpp:114 VARIABLE w1_local_7 LOOP {} BUNDLEDNAME {} DSP 0 BRAM 2 URAM 0 STORAGESUBTYPE {} STORAGESIZE {32 256 1} STORAGEUSAGE {ram_1p array} DISPNAME {bind_storage ram_1p}} {BINDTYPE storage ID {} IMPL auto LATENCY 1 OPTYPE ram_1p PRAGMA {} RTLNAME w1_local_8_U SOURCE /home/simics/HMoE/HLS_HMoE/pseudo_block/run_11/src/pseudo_moe.cpp:114 VARIABLE w1_local_8 LOOP {} BUNDLEDNAME {} DSP 0 BRAM 2 URAM 0 STORAGESUBTYPE {} STORAGESIZE {32 256 1} STORAGEUSAGE {ram_1p array} DISPNAME {bind_storage ram_1p}} {BINDTYPE storage ID {} IMPL auto LATENCY 1 OPTYPE ram_1p PRAGMA {} RTLNAME w1_local_9_U SOURCE /home/simics/HMoE/HLS_HMoE/pseudo_block/run_11/src/pseudo_moe.cpp:114 VARIABLE w1_local_9 LOOP {} BUNDLEDNAME {} DSP 0 BRAM 2 URAM 0 STORAGESUBTYPE {} STORAGESIZE {32 256 1} STORAGEUSAGE {ram_1p array} DISPNAME {bind_storage ram_1p}} {BINDTYPE storage ID {} IMPL auto LATENCY 1 OPTYPE ram_1p PRAGMA {} RTLNAME w1_local_10_U SOURCE /home/simics/HMoE/HLS_HMoE/pseudo_block/run_11/src/pseudo_moe.cpp:114 VARIABLE w1_local_10 LOOP {} BUNDLEDNAME {} DSP 0 BRAM 2 URAM 0 STORAGESUBTYPE {} STORAGESIZE {32 256 1} STORAGEUSAGE {ram_1p array} DISPNAME {bind_storage ram_1p}} {BINDTYPE storage ID {} IMPL auto LATENCY 1 OPTYPE ram_1p PRAGMA {} RTLNAME w1_local_11_U SOURCE /home/simics/HMoE/HLS_HMoE/pseudo_block/run_11/src/pseudo_moe.cpp:114 VARIABLE w1_local_11 LOOP {} BUNDLEDNAME {} DSP 0 BRAM 2 URAM 0 STORAGESUBTYPE {} STORAGESIZE {32 256 1} STORAGEUSAGE {ram_1p array} DISPNAME {bind_storage ram_1p}} {BINDTYPE storage ID {} IMPL auto LATENCY 1 OPTYPE ram_1p PRAGMA {} RTLNAME w1_local_12_U SOURCE /home/simics/HMoE/HLS_HMoE/pseudo_block/run_11/src/pseudo_moe.cpp:114 VARIABLE w1_local_12 LOOP {} BUNDLEDNAME {} DSP 0 BRAM 2 URAM 0 STORAGESUBTYPE {} STORAGESIZE {32 256 1} STORAGEUSAGE {ram_1p array} DISPNAME {bind_storage ram_1p}} {BINDTYPE storage ID {} IMPL auto LATENCY 1 OPTYPE ram_1p PRAGMA {} RTLNAME w1_local_13_U SOURCE /home/simics/HMoE/HLS_HMoE/pseudo_block/run_11/src/pseudo_moe.cpp:114 VARIABLE w1_local_13 LOOP {} BUNDLEDNAME {} DSP 0 BRAM 2 URAM 0 STORAGESUBTYPE {} STORAGESIZE {32 256 1} STORAGEUSAGE {ram_1p array} DISPNAME {bind_storage ram_1p}} {BINDTYPE storage ID {} IMPL auto LATENCY 1 OPTYPE ram_1p PRAGMA {} RTLNAME w1_local_14_U SOURCE /home/simics/HMoE/HLS_HMoE/pseudo_block/run_11/src/pseudo_moe.cpp:114 VARIABLE w1_local_14 LOOP {} BUNDLEDNAME {} DSP 0 BRAM 2 URAM 0 STORAGESUBTYPE {} STORAGESIZE {32 256 1} STORAGEUSAGE {ram_1p array} DISPNAME {bind_storage ram_1p}} {BINDTYPE storage ID {} IMPL auto LATENCY 1 OPTYPE ram_1p PRAGMA {} RTLNAME w1_local_15_U SOURCE /home/simics/HMoE/HLS_HMoE/pseudo_block/run_11/src/pseudo_moe.cpp:114 VARIABLE w1_local_15 LOOP {} BUNDLEDNAME {} DSP 0 BRAM 2 URAM 0 STORAGESUBTYPE {} STORAGESIZE {32 256 1} STORAGEUSAGE {ram_1p array} DISPNAME {bind_storage ram_1p}} {BINDTYPE storage ID {} IMPL auto LATENCY 1 OPTYPE ram_1p PRAGMA {} RTLNAME w2_local_U SOURCE /home/simics/HMoE/HLS_HMoE/pseudo_block/run_11/src/pseudo_moe.cpp:115 VARIABLE w2_local LOOP {} BUNDLEDNAME {} DSP 0 BRAM 2 URAM 0 STORAGESUBTYPE {} STORAGESIZE {32 256 1} STORAGEUSAGE {ram_1p array} DISPNAME {bind_storage ram_1p}} {BINDTYPE storage ID {} IMPL auto LATENCY 1 OPTYPE ram_1p PRAGMA {} RTLNAME w2_local_1_U SOURCE /home/simics/HMoE/HLS_HMoE/pseudo_block/run_11/src/pseudo_moe.cpp:115 VARIABLE w2_local_1 LOOP {} BUNDLEDNAME {} DSP 0 BRAM 2 URAM 0 STORAGESUBTYPE {} STORAGESIZE {32 256 1} STORAGEUSAGE {ram_1p array} DISPNAME {bind_storage ram_1p}} {BINDTYPE storage ID {} IMPL auto LATENCY 1 OPTYPE ram_1p PRAGMA {} RTLNAME w2_local_2_U SOURCE /home/simics/HMoE/HLS_HMoE/pseudo_block/run_11/src/pseudo_moe.cpp:115 VARIABLE w2_local_2 LOOP {} BUNDLEDNAME {} DSP 0 BRAM 2 URAM 0 STORAGESUBTYPE {} STORAGESIZE {32 256 1} STORAGEUSAGE {ram_1p array} DISPNAME {bind_storage ram_1p}} {BINDTYPE storage ID {} IMPL auto LATENCY 1 OPTYPE ram_1p PRAGMA {} RTLNAME w2_local_3_U SOURCE /home/simics/HMoE/HLS_HMoE/pseudo_block/run_11/src/pseudo_moe.cpp:115 VARIABLE w2_local_3 LOOP {} BUNDLEDNAME {} DSP 0 BRAM 2 URAM 0 STORAGESUBTYPE {} STORAGESIZE {32 256 1} STORAGEUSAGE {ram_1p array} DISPNAME {bind_storage ram_1p}} {BINDTYPE storage ID {} IMPL auto LATENCY 1 OPTYPE ram_1p PRAGMA {} RTLNAME w2_local_4_U SOURCE /home/simics/HMoE/HLS_HMoE/pseudo_block/run_11/src/pseudo_moe.cpp:115 VARIABLE w2_local_4 LOOP {} BUNDLEDNAME {} DSP 0 BRAM 2 URAM 0 STORAGESUBTYPE {} STORAGESIZE {32 256 1} STORAGEUSAGE {ram_1p array} DISPNAME {bind_storage ram_1p}} {BINDTYPE storage ID {} IMPL auto LATENCY 1 OPTYPE ram_1p PRAGMA {} RTLNAME w2_local_5_U SOURCE /home/simics/HMoE/HLS_HMoE/pseudo_block/run_11/src/pseudo_moe.cpp:115 VARIABLE w2_local_5 LOOP {} BUNDLEDNAME {} DSP 0 BRAM 2 URAM 0 STORAGESUBTYPE {} STORAGESIZE {32 256 1} STORAGEUSAGE {ram_1p array} DISPNAME {bind_storage ram_1p}} {BINDTYPE storage ID {} IMPL auto LATENCY 1 OPTYPE ram_1p PRAGMA {} RTLNAME w2_local_6_U SOURCE /home/simics/HMoE/HLS_HMoE/pseudo_block/run_11/src/pseudo_moe.cpp:115 VARIABLE w2_local_6 LOOP {} BUNDLEDNAME {} DSP 0 BRAM 2 URAM 0 STORAGESUBTYPE {} STORAGESIZE {32 256 1} STORAGEUSAGE {ram_1p array} DISPNAME {bind_storage ram_1p}} {BINDTYPE storage ID {} IMPL auto LATENCY 1 OPTYPE ram_1p PRAGMA {} RTLNAME w2_local_7_U SOURCE /home/simics/HMoE/HLS_HMoE/pseudo_block/run_11/src/pseudo_moe.cpp:115 VARIABLE w2_local_7 LOOP {} BUNDLEDNAME {} DSP 0 BRAM 2 URAM 0 STORAGESUBTYPE {} STORAGESIZE {32 256 1} STORAGEUSAGE {ram_1p array} DISPNAME {bind_storage ram_1p}} {BINDTYPE storage ID {} IMPL auto LATENCY 1 OPTYPE ram_1p PRAGMA {} RTLNAME w2_local_8_U SOURCE /home/simics/HMoE/HLS_HMoE/pseudo_block/run_11/src/pseudo_moe.cpp:115 VARIABLE w2_local_8 LOOP {} BUNDLEDNAME {} DSP 0 BRAM 2 URAM 0 STORAGESUBTYPE {} STORAGESIZE {32 256 1} STORAGEUSAGE {ram_1p array} DISPNAME {bind_storage ram_1p}} {BINDTYPE storage ID {} IMPL auto LATENCY 1 OPTYPE ram_1p PRAGMA {} RTLNAME w2_local_9_U SOURCE /home/simics/HMoE/HLS_HMoE/pseudo_block/run_11/src/pseudo_moe.cpp:115 VARIABLE w2_local_9 LOOP {} BUNDLEDNAME {} DSP 0 BRAM 2 URAM 0 STORAGESUBTYPE {} STORAGESIZE {32 256 1} STORAGEUSAGE {ram_1p array} DISPNAME {bind_storage ram_1p}} {BINDTYPE storage ID {} IMPL auto LATENCY 1 OPTYPE ram_1p PRAGMA {} RTLNAME w2_local_10_U SOURCE /home/simics/HMoE/HLS_HMoE/pseudo_block/run_11/src/pseudo_moe.cpp:115 VARIABLE w2_local_10 LOOP {} BUNDLEDNAME {} DSP 0 BRAM 2 URAM 0 STORAGESUBTYPE {} STORAGESIZE {32 256 1} STORAGEUSAGE {ram_1p array} DISPNAME {bind_storage ram_1p}} {BINDTYPE storage ID {} IMPL auto LATENCY 1 OPTYPE ram_1p PRAGMA {} RTLNAME w2_local_11_U SOURCE /home/simics/HMoE/HLS_HMoE/pseudo_block/run_11/src/pseudo_moe.cpp:115 VARIABLE w2_local_11 LOOP {} BUNDLEDNAME {} DSP 0 BRAM 2 URAM 0 STORAGESUBTYPE {} STORAGESIZE {32 256 1} STORAGEUSAGE {ram_1p array} DISPNAME {bind_storage ram_1p}} {BINDTYPE storage ID {} IMPL auto LATENCY 1 OPTYPE ram_1p PRAGMA {} RTLNAME w2_local_12_U SOURCE /home/simics/HMoE/HLS_HMoE/pseudo_block/run_11/src/pseudo_moe.cpp:115 VARIABLE w2_local_12 LOOP {} BUNDLEDNAME {} DSP 0 BRAM 2 URAM 0 STORAGESUBTYPE {} STORAGESIZE {32 256 1} STORAGEUSAGE {ram_1p array} DISPNAME {bind_storage ram_1p}} {BINDTYPE storage ID {} IMPL auto LATENCY 1 OPTYPE ram_1p PRAGMA {} RTLNAME w2_local_13_U SOURCE /home/simics/HMoE/HLS_HMoE/pseudo_block/run_11/src/pseudo_moe.cpp:115 VARIABLE w2_local_13 LOOP {} BUNDLEDNAME {} DSP 0 BRAM 2 URAM 0 STORAGESUBTYPE {} STORAGESIZE {32 256 1} STORAGEUSAGE {ram_1p array} DISPNAME {bind_storage ram_1p}} {BINDTYPE storage ID {} IMPL auto LATENCY 1 OPTYPE ram_1p PRAGMA {} RTLNAME w2_local_14_U SOURCE /home/simics/HMoE/HLS_HMoE/pseudo_block/run_11/src/pseudo_moe.cpp:115 VARIABLE w2_local_14 LOOP {} BUNDLEDNAME {} DSP 0 BRAM 2 URAM 0 STORAGESUBTYPE {} STORAGESIZE {32 256 1} STORAGEUSAGE {ram_1p array} DISPNAME {bind_storage ram_1p}} {BINDTYPE storage ID {} IMPL auto LATENCY 1 OPTYPE ram_1p PRAGMA {} RTLNAME w2_local_15_U SOURCE /home/simics/HMoE/HLS_HMoE/pseudo_block/run_11/src/pseudo_moe.cpp:115 VARIABLE w2_local_15 LOOP {} BUNDLEDNAME {} DSP 0 BRAM 2 URAM 0 STORAGESUBTYPE {} STORAGESIZE {32 256 1} STORAGEUSAGE {ram_1p array} DISPNAME {bind_storage ram_1p}} {BINDTYPE storage ID {} IMPL auto LATENCY 1 OPTYPE ram_1p PRAGMA {} RTLNAME w3_local_U SOURCE /home/simics/HMoE/HLS_HMoE/pseudo_block/run_11/src/pseudo_moe.cpp:116 VARIABLE w3_local LOOP {} BUNDLEDNAME {} DSP 0 BRAM 2 URAM 0 STORAGESUBTYPE {} STORAGESIZE {32 256 1} STORAGEUSAGE {ram_1p array} DISPNAME {bind_storage ram_1p}} {BINDTYPE storage ID {} IMPL auto LATENCY 1 OPTYPE ram_1p PRAGMA {} RTLNAME w3_local_1_U SOURCE /home/simics/HMoE/HLS_HMoE/pseudo_block/run_11/src/pseudo_moe.cpp:116 VARIABLE w3_local_1 LOOP {} BUNDLEDNAME {} DSP 0 BRAM 2 URAM 0 STORAGESUBTYPE {} STORAGESIZE {32 256 1} STORAGEUSAGE {ram_1p array} DISPNAME {bind_storage ram_1p}} {BINDTYPE storage ID {} IMPL auto LATENCY 1 OPTYPE ram_1p PRAGMA {} RTLNAME w3_local_2_U SOURCE /home/simics/HMoE/HLS_HMoE/pseudo_block/run_11/src/pseudo_moe.cpp:116 VARIABLE w3_local_2 LOOP {} BUNDLEDNAME {} DSP 0 BRAM 2 URAM 0 STORAGESUBTYPE {} STORAGESIZE {32 256 1} STORAGEUSAGE {ram_1p array} DISPNAME {bind_storage ram_1p}} {BINDTYPE storage ID {} IMPL auto LATENCY 1 OPTYPE ram_1p PRAGMA {} RTLNAME w3_local_3_U SOURCE /home/simics/HMoE/HLS_HMoE/pseudo_block/run_11/src/pseudo_moe.cpp:116 VARIABLE w3_local_3 LOOP {} BUNDLEDNAME {} DSP 0 BRAM 2 URAM 0 STORAGESUBTYPE {} STORAGESIZE {32 256 1} STORAGEUSAGE {ram_1p array} DISPNAME {bind_storage ram_1p}} {BINDTYPE storage ID {} IMPL auto LATENCY 1 OPTYPE ram_1p PRAGMA {} RTLNAME w3_local_4_U SOURCE /home/simics/HMoE/HLS_HMoE/pseudo_block/run_11/src/pseudo_moe.cpp:116 VARIABLE w3_local_4 LOOP {} BUNDLEDNAME {} DSP 0 BRAM 2 URAM 0 STORAGESUBTYPE {} STORAGESIZE {32 256 1} STORAGEUSAGE {ram_1p array} DISPNAME {bind_storage ram_1p}} {BINDTYPE storage ID {} IMPL auto LATENCY 1 OPTYPE ram_1p PRAGMA {} RTLNAME w3_local_5_U SOURCE /home/simics/HMoE/HLS_HMoE/pseudo_block/run_11/src/pseudo_moe.cpp:116 VARIABLE w3_local_5 LOOP {} BUNDLEDNAME {} DSP 0 BRAM 2 URAM 0 STORAGESUBTYPE {} STORAGESIZE {32 256 1} STORAGEUSAGE {ram_1p array} DISPNAME {bind_storage ram_1p}} {BINDTYPE storage ID {} IMPL auto LATENCY 1 OPTYPE ram_1p PRAGMA {} RTLNAME w3_local_6_U SOURCE /home/simics/HMoE/HLS_HMoE/pseudo_block/run_11/src/pseudo_moe.cpp:116 VARIABLE w3_local_6 LOOP {} BUNDLEDNAME {} DSP 0 BRAM 2 URAM 0 STORAGESUBTYPE {} STORAGESIZE {32 256 1} STORAGEUSAGE {ram_1p array} DISPNAME {bind_storage ram_1p}} {BINDTYPE storage ID {} IMPL auto LATENCY 1 OPTYPE ram_1p PRAGMA {} RTLNAME w3_local_7_U SOURCE /home/simics/HMoE/HLS_HMoE/pseudo_block/run_11/src/pseudo_moe.cpp:116 VARIABLE w3_local_7 LOOP {} BUNDLEDNAME {} DSP 0 BRAM 2 URAM 0 STORAGESUBTYPE {} STORAGESIZE {32 256 1} STORAGEUSAGE {ram_1p array} DISPNAME {bind_storage ram_1p}} {BINDTYPE storage ID {} IMPL auto LATENCY 1 OPTYPE ram_1p PRAGMA {} RTLNAME w3_local_8_U SOURCE /home/simics/HMoE/HLS_HMoE/pseudo_block/run_11/src/pseudo_moe.cpp:116 VARIABLE w3_local_8 LOOP {} BUNDLEDNAME {} DSP 0 BRAM 2 URAM 0 STORAGESUBTYPE {} STORAGESIZE {32 256 1} STORAGEUSAGE {ram_1p array} DISPNAME {bind_storage ram_1p}} {BINDTYPE storage ID {} IMPL auto LATENCY 1 OPTYPE ram_1p PRAGMA {} RTLNAME w3_local_9_U SOURCE /home/simics/HMoE/HLS_HMoE/pseudo_block/run_11/src/pseudo_moe.cpp:116 VARIABLE w3_local_9 LOOP {} BUNDLEDNAME {} DSP 0 BRAM 2 URAM 0 STORAGESUBTYPE {} STORAGESIZE {32 256 1} STORAGEUSAGE {ram_1p array} DISPNAME {bind_storage ram_1p}} {BINDTYPE storage ID {} IMPL auto LATENCY 1 OPTYPE ram_1p PRAGMA {} RTLNAME w3_local_10_U SOURCE /home/simics/HMoE/HLS_HMoE/pseudo_block/run_11/src/pseudo_moe.cpp:116 VARIABLE w3_local_10 LOOP {} BUNDLEDNAME {} DSP 0 BRAM 2 URAM 0 STORAGESUBTYPE {} STORAGESIZE {32 256 1} STORAGEUSAGE {ram_1p array} DISPNAME {bind_storage ram_1p}} {BINDTYPE storage ID {} IMPL auto LATENCY 1 OPTYPE ram_1p PRAGMA {} RTLNAME w3_local_11_U SOURCE /home/simics/HMoE/HLS_HMoE/pseudo_block/run_11/src/pseudo_moe.cpp:116 VARIABLE w3_local_11 LOOP {} BUNDLEDNAME {} DSP 0 BRAM 2 URAM 0 STORAGESUBTYPE {} STORAGESIZE {32 256 1} STORAGEUSAGE {ram_1p array} DISPNAME {bind_storage ram_1p}} {BINDTYPE storage ID {} IMPL auto LATENCY 1 OPTYPE ram_1p PRAGMA {} RTLNAME w3_local_12_U SOURCE /home/simics/HMoE/HLS_HMoE/pseudo_block/run_11/src/pseudo_moe.cpp:116 VARIABLE w3_local_12 LOOP {} BUNDLEDNAME {} DSP 0 BRAM 2 URAM 0 STORAGESUBTYPE {} STORAGESIZE {32 256 1} STORAGEUSAGE {ram_1p array} DISPNAME {bind_storage ram_1p}} {BINDTYPE storage ID {} IMPL auto LATENCY 1 OPTYPE ram_1p PRAGMA {} RTLNAME w3_local_13_U SOURCE /home/simics/HMoE/HLS_HMoE/pseudo_block/run_11/src/pseudo_moe.cpp:116 VARIABLE w3_local_13 LOOP {} BUNDLEDNAME {} DSP 0 BRAM 2 URAM 0 STORAGESUBTYPE {} STORAGESIZE {32 256 1} STORAGEUSAGE {ram_1p array} DISPNAME {bind_storage ram_1p}} {BINDTYPE storage ID {} IMPL auto LATENCY 1 OPTYPE ram_1p PRAGMA {} RTLNAME w3_local_14_U SOURCE /home/simics/HMoE/HLS_HMoE/pseudo_block/run_11/src/pseudo_moe.cpp:116 VARIABLE w3_local_14 LOOP {} BUNDLEDNAME {} DSP 0 BRAM 2 URAM 0 STORAGESUBTYPE {} STORAGESIZE {32 256 1} STORAGEUSAGE {ram_1p array} DISPNAME {bind_storage ram_1p}} {BINDTYPE storage ID {} IMPL auto LATENCY 1 OPTYPE ram_1p PRAGMA {} RTLNAME w3_local_15_U SOURCE /home/simics/HMoE/HLS_HMoE/pseudo_block/run_11/src/pseudo_moe.cpp:116 VARIABLE w3_local_15 LOOP {} BUNDLEDNAME {} DSP 0 BRAM 2 URAM 0 STORAGESUBTYPE {} STORAGESIZE {32 256 1} STORAGEUSAGE {ram_1p array} DISPNAME {bind_storage ram_1p}}} AREA {DSP 482 BRAM 153 URAM 0}} entry_proc {AREA {DSP 0 BRAM 0 URAM 0}} dataflow_in_loop_VITIS_LOOP_149_4_1_Loop_VITIS_LOOP_158_5_proc4 {AREA {DSP 5 BRAM 0 URAM 0}} combine_experts12 {AREA {DSP 18 BRAM 0 URAM 0}} dataflow_parent_loop_proc {AREA {DSP 482 BRAM 5 URAM 0}}}}'
INFO-FLOW: DBG:PUTS:      update_csynth_reports json2rpt_hw_sw_interfaces
Execute         send_msg_by_id INFO @200-1603@%s  and missed bursts 
INFO: [HLS 200-1603] Design has inferred MAXI bursts and missed bursts, see Vitis HLS GUI synthesis summary report for detailed information.
INFO-FLOW: Running: gen_csynth_sec_pragma
INFO-FLOW: Done: gen_csynth_sec_pragma time: 0 seconds per iteration
INFO-FLOW: DBG:PUTS:      update_csynth_reports wrote xml
INFO-FLOW: DBG:PUTS:      update_csynth_reports appended to csynth rpt file
INFO: [HLS 200-111] Finished Updating report files: CPU user time: 6 seconds. CPU system time: 0.02 seconds. Elapsed time: 6.04 seconds; current allocated memory: 671.078 MB.
INFO: [VHDL 208-304] Generating VHDL RTL for pseudo_moe.
INFO: [VLOG 209-307] Generating Verilog RTL for pseudo_moe.
Execute         syn_report -model pseudo_moe -printsummary 
INFO: [HLS 200-790] **** Loop Constraint Status: All loop constraints were satisfied.
INFO: [HLS 200-789] **** Estimated Fmax: 136.99 MHz
Command       autosyn done; 15.23 sec.
Command     csynth_design done; 26.92 sec.
INFO: [HLS 200-111] Finished Command csynth_design CPU user time: 20.88 seconds. CPU system time: 1.69 seconds. Elapsed time: 26.92 seconds; current allocated memory: 388.945 MB.
Execute     cleanup_all 
