

================================================================
== Vitis HLS Report for 'generic_mlp_head45_Pipeline_VITIS_LOOP_736_3'
================================================================
* Date:           Sun Sep 13 20:13:34 2026

* Version:        2023.2 (Build 4023990 on Oct 11 2023)
* Project:        HLS_OutputMoE_Run11
* Solution:       solution1 (Vivado IP Flow Target)
* Product family: virtexuplus
* Target device:  xcvu13p_CIV-figd2104-3-e


================================================================
== Performance Estimates
================================================================
+ Timing: 
    * Summary: 
    +--------+----------+----------+------------+
    |  Clock |  Target  | Estimated| Uncertainty|
    +--------+----------+----------+------------+
    |ap_clk  |  10.00 ns|  7.028 ns|     2.70 ns|
    +--------+----------+----------+------------+

+ Latency: 
    * Summary: 
    +---------+---------+----------+----------+-----+-----+---------+
    |  Latency (cycles) |  Latency (absolute) |  Interval | Pipeline|
    |   min   |   max   |    min   |    max   | min | max |   Type  |
    +---------+---------+----------+----------+-----+-----+---------+
    |       89|       89|  0.890 us|  0.890 us|   89|   89|       no|
    +---------+---------+----------+----------+-----+-----+---------+

    + Detail: 
        * Instance: 
        N/A

        * Loop: 
        +--------------------+---------+---------+----------+-----------+-----------+------+----------+
        |                    |  Latency (cycles) | Iteration|  Initiation Interval  | Trip |          |
        |      Loop Name     |   min   |   max   |  Latency |  achieved |   target  | Count| Pipelined|
        +--------------------+---------+---------+----------+-----------+-----------+------+----------+
        |- VITIS_LOOP_736_3  |       87|       87|        73|          1|          1|    16|       yes|
        +--------------------+---------+---------+----------+-----------+-----------+------+----------+

============================================================
+ Verbose Summary: Synthesis Manager
============================================================
InlineROM: 1
ExposeGlobal: 0
============================================================
+ Verbose Summary: CDFG Model
============================================================
IsTopModel: 0
ResetActiveHigh: 1
IsCombinational: 0
IsDatapathOnly: 0
HasWiredReturn: 1
HasMFsm: 2
HasVarLatency: 1
IsPipeline: 0
IsRtlPipelined: 0
IsInstanceOverlapped: 0
IsDontTouch: 0
HasImplIP: 0
IsGatedGlobalClock: 0

+ Individual pipeline summary: 
  * Pipeline-0: initiation interval (II) = 1, depth = 73


============================================================
+ Verbose Summary: Schedule
============================================================
* Number of FSM states : 73
* Pipeline : 1
  Pipeline-0 : II = 1, D = 73, States = { 1 2 3 4 5 6 7 8 9 10 11 12 13 14 15 16 17 18 19 20 21 22 23 24 25 26 27 28 29 30 31 32 33 34 35 36 37 38 39 40 41 42 43 44 45 46 47 48 49 50 51 52 53 54 55 56 57 58 59 60 61 62 63 64 65 66 67 68 69 70 71 72 73 }
* Dataflow Pipeline: 0

* FSM state transitions: 
1 --> 2 
2 --> 3 
3 --> 4 
4 --> 5 
5 --> 6 
6 --> 7 
7 --> 8 
8 --> 9 
9 --> 10 
10 --> 11 
11 --> 12 
12 --> 13 
13 --> 14 
14 --> 15 
15 --> 16 
16 --> 17 
17 --> 18 
18 --> 19 
19 --> 20 
20 --> 21 
21 --> 22 
22 --> 23 
23 --> 24 
24 --> 25 
25 --> 26 
26 --> 27 
27 --> 28 
28 --> 29 
29 --> 30 
30 --> 31 
31 --> 32 
32 --> 33 
33 --> 34 
34 --> 35 
35 --> 36 
36 --> 37 
37 --> 38 
38 --> 39 
39 --> 40 
40 --> 41 
41 --> 42 
42 --> 43 
43 --> 44 
44 --> 45 
45 --> 46 
46 --> 47 
47 --> 48 
48 --> 49 
49 --> 50 
50 --> 51 
51 --> 52 
52 --> 53 
53 --> 54 
54 --> 55 
55 --> 56 
56 --> 57 
57 --> 58 
58 --> 59 
59 --> 60 
60 --> 61 
61 --> 62 
62 --> 63 
63 --> 64 
64 --> 65 
65 --> 66 
66 --> 67 
67 --> 68 
68 --> 69 
69 --> 70 
70 --> 71 
71 --> 72 
72 --> 73 
73 --> 

* FSM state operations: 

State 1 <SV = 0> <Delay = 1.37>
ST_1 : Operation 76 [1/1] (0.00ns)   --->   "%i_1 = alloca i32 1" [src/moe.cpp:736]   --->   Operation 76 'alloca' 'i_1' <Predicate = true> <Delay = 0.00>
ST_1 : Operation 77 [1/1] (0.00ns)   --->   "%mux_case_01162 = alloca i32 1"   --->   Operation 77 'alloca' 'mux_case_01162' <Predicate = true> <Delay = 0.00>
ST_1 : Operation 78 [1/1] (0.00ns)   --->   "%mux_case_110166 = alloca i32 1"   --->   Operation 78 'alloca' 'mux_case_110166' <Predicate = true> <Delay = 0.00>
ST_1 : Operation 79 [1/1] (0.00ns)   --->   "%mux_case_211170 = alloca i32 1"   --->   Operation 79 'alloca' 'mux_case_211170' <Predicate = true> <Delay = 0.00>
ST_1 : Operation 80 [1/1] (0.00ns)   --->   "%mux_case_312174 = alloca i32 1"   --->   Operation 80 'alloca' 'mux_case_312174' <Predicate = true> <Delay = 0.00>
ST_1 : Operation 81 [1/1] (0.00ns)   --->   "%mux_case_413178 = alloca i32 1"   --->   Operation 81 'alloca' 'mux_case_413178' <Predicate = true> <Delay = 0.00>
ST_1 : Operation 82 [1/1] (0.00ns)   --->   "%mux_case_514182 = alloca i32 1"   --->   Operation 82 'alloca' 'mux_case_514182' <Predicate = true> <Delay = 0.00>
ST_1 : Operation 83 [1/1] (0.00ns)   --->   "%mux_case_615186 = alloca i32 1"   --->   Operation 83 'alloca' 'mux_case_615186' <Predicate = true> <Delay = 0.00>
ST_1 : Operation 84 [1/1] (0.00ns)   --->   "%mux_case_716190 = alloca i32 1"   --->   Operation 84 'alloca' 'mux_case_716190' <Predicate = true> <Delay = 0.00>
ST_1 : Operation 85 [1/1] (0.00ns)   --->   "%mux_case_817194 = alloca i32 1"   --->   Operation 85 'alloca' 'mux_case_817194' <Predicate = true> <Delay = 0.00>
ST_1 : Operation 86 [1/1] (0.00ns)   --->   "%mux_case_918198 = alloca i32 1"   --->   Operation 86 'alloca' 'mux_case_918198' <Predicate = true> <Delay = 0.00>
ST_1 : Operation 87 [1/1] (0.00ns)   --->   "%mux_case_1019202 = alloca i32 1"   --->   Operation 87 'alloca' 'mux_case_1019202' <Predicate = true> <Delay = 0.00>
ST_1 : Operation 88 [1/1] (0.00ns)   --->   "%mux_case_1120206 = alloca i32 1"   --->   Operation 88 'alloca' 'mux_case_1120206' <Predicate = true> <Delay = 0.00>
ST_1 : Operation 89 [1/1] (0.00ns)   --->   "%mux_case_1221210 = alloca i32 1"   --->   Operation 89 'alloca' 'mux_case_1221210' <Predicate = true> <Delay = 0.00>
ST_1 : Operation 90 [1/1] (0.00ns)   --->   "%mux_case_1322214 = alloca i32 1"   --->   Operation 90 'alloca' 'mux_case_1322214' <Predicate = true> <Delay = 0.00>
ST_1 : Operation 91 [1/1] (0.00ns)   --->   "%mux_case_1423218 = alloca i32 1"   --->   Operation 91 'alloca' 'mux_case_1423218' <Predicate = true> <Delay = 0.00>
ST_1 : Operation 92 [1/1] (0.00ns)   --->   "%mux_case_1524222 = alloca i32 1"   --->   Operation 92 'alloca' 'mux_case_1524222' <Predicate = true> <Delay = 0.00>
ST_1 : Operation 93 [1/1] (0.00ns)   --->   "%mux_case_31158_read = read i32 @_ssdm_op_Read.ap_auto.float, i32 %mux_case_31158"   --->   Operation 93 'read' 'mux_case_31158_read' <Predicate = true> <Delay = 0.00>
ST_1 : Operation 94 [1/1] (0.00ns)   --->   "%mux_case_30154_read = read i32 @_ssdm_op_Read.ap_auto.float, i32 %mux_case_30154"   --->   Operation 94 'read' 'mux_case_30154_read' <Predicate = true> <Delay = 0.00>
ST_1 : Operation 95 [1/1] (0.00ns)   --->   "%mux_case_29150_read = read i32 @_ssdm_op_Read.ap_auto.float, i32 %mux_case_29150"   --->   Operation 95 'read' 'mux_case_29150_read' <Predicate = true> <Delay = 0.00>
ST_1 : Operation 96 [1/1] (0.00ns)   --->   "%mux_case_28146_read = read i32 @_ssdm_op_Read.ap_auto.float, i32 %mux_case_28146"   --->   Operation 96 'read' 'mux_case_28146_read' <Predicate = true> <Delay = 0.00>
ST_1 : Operation 97 [1/1] (0.00ns)   --->   "%mux_case_27142_read = read i32 @_ssdm_op_Read.ap_auto.float, i32 %mux_case_27142"   --->   Operation 97 'read' 'mux_case_27142_read' <Predicate = true> <Delay = 0.00>
ST_1 : Operation 98 [1/1] (0.00ns)   --->   "%mux_case_26138_read = read i32 @_ssdm_op_Read.ap_auto.float, i32 %mux_case_26138"   --->   Operation 98 'read' 'mux_case_26138_read' <Predicate = true> <Delay = 0.00>
ST_1 : Operation 99 [1/1] (0.00ns)   --->   "%mux_case_25134_read = read i32 @_ssdm_op_Read.ap_auto.float, i32 %mux_case_25134"   --->   Operation 99 'read' 'mux_case_25134_read' <Predicate = true> <Delay = 0.00>
ST_1 : Operation 100 [1/1] (0.00ns)   --->   "%mux_case_24130_read = read i32 @_ssdm_op_Read.ap_auto.float, i32 %mux_case_24130"   --->   Operation 100 'read' 'mux_case_24130_read' <Predicate = true> <Delay = 0.00>
ST_1 : Operation 101 [1/1] (0.00ns)   --->   "%mux_case_23126_read = read i32 @_ssdm_op_Read.ap_auto.float, i32 %mux_case_23126"   --->   Operation 101 'read' 'mux_case_23126_read' <Predicate = true> <Delay = 0.00>
ST_1 : Operation 102 [1/1] (0.00ns)   --->   "%mux_case_22122_read = read i32 @_ssdm_op_Read.ap_auto.float, i32 %mux_case_22122"   --->   Operation 102 'read' 'mux_case_22122_read' <Predicate = true> <Delay = 0.00>
ST_1 : Operation 103 [1/1] (0.00ns)   --->   "%mux_case_21118_read = read i32 @_ssdm_op_Read.ap_auto.float, i32 %mux_case_21118"   --->   Operation 103 'read' 'mux_case_21118_read' <Predicate = true> <Delay = 0.00>
ST_1 : Operation 104 [1/1] (0.00ns)   --->   "%mux_case_20114_read = read i32 @_ssdm_op_Read.ap_auto.float, i32 %mux_case_20114"   --->   Operation 104 'read' 'mux_case_20114_read' <Predicate = true> <Delay = 0.00>
ST_1 : Operation 105 [1/1] (0.00ns)   --->   "%mux_case_19110_read = read i32 @_ssdm_op_Read.ap_auto.float, i32 %mux_case_19110"   --->   Operation 105 'read' 'mux_case_19110_read' <Predicate = true> <Delay = 0.00>
ST_1 : Operation 106 [1/1] (0.00ns)   --->   "%mux_case_18106_read = read i32 @_ssdm_op_Read.ap_auto.float, i32 %mux_case_18106"   --->   Operation 106 'read' 'mux_case_18106_read' <Predicate = true> <Delay = 0.00>
ST_1 : Operation 107 [1/1] (0.00ns)   --->   "%mux_case_17102_read = read i32 @_ssdm_op_Read.ap_auto.float, i32 %mux_case_17102"   --->   Operation 107 'read' 'mux_case_17102_read' <Predicate = true> <Delay = 0.00>
ST_1 : Operation 108 [1/1] (0.00ns)   --->   "%mux_case_1698_read = read i32 @_ssdm_op_Read.ap_auto.float, i32 %mux_case_1698"   --->   Operation 108 'read' 'mux_case_1698_read' <Predicate = true> <Delay = 0.00>
ST_1 : Operation 109 [1/1] (0.00ns)   --->   "%mux_case_1594_read = read i32 @_ssdm_op_Read.ap_auto.float, i32 %mux_case_1594"   --->   Operation 109 'read' 'mux_case_1594_read' <Predicate = true> <Delay = 0.00>
ST_1 : Operation 110 [1/1] (0.00ns)   --->   "%mux_case_1490_read = read i32 @_ssdm_op_Read.ap_auto.float, i32 %mux_case_1490"   --->   Operation 110 'read' 'mux_case_1490_read' <Predicate = true> <Delay = 0.00>
ST_1 : Operation 111 [1/1] (0.00ns)   --->   "%mux_case_1386_read = read i32 @_ssdm_op_Read.ap_auto.float, i32 %mux_case_1386"   --->   Operation 111 'read' 'mux_case_1386_read' <Predicate = true> <Delay = 0.00>
ST_1 : Operation 112 [1/1] (0.00ns)   --->   "%mux_case_1282_read = read i32 @_ssdm_op_Read.ap_auto.float, i32 %mux_case_1282"   --->   Operation 112 'read' 'mux_case_1282_read' <Predicate = true> <Delay = 0.00>
ST_1 : Operation 113 [1/1] (0.00ns)   --->   "%mux_case_1178_read = read i32 @_ssdm_op_Read.ap_auto.float, i32 %mux_case_1178"   --->   Operation 113 'read' 'mux_case_1178_read' <Predicate = true> <Delay = 0.00>
ST_1 : Operation 114 [1/1] (0.00ns)   --->   "%mux_case_1074_read = read i32 @_ssdm_op_Read.ap_auto.float, i32 %mux_case_1074"   --->   Operation 114 'read' 'mux_case_1074_read' <Predicate = true> <Delay = 0.00>
ST_1 : Operation 115 [1/1] (0.00ns)   --->   "%mux_case_970_read = read i32 @_ssdm_op_Read.ap_auto.float, i32 %mux_case_970"   --->   Operation 115 'read' 'mux_case_970_read' <Predicate = true> <Delay = 0.00>
ST_1 : Operation 116 [1/1] (0.00ns)   --->   "%mux_case_866_read = read i32 @_ssdm_op_Read.ap_auto.float, i32 %mux_case_866"   --->   Operation 116 'read' 'mux_case_866_read' <Predicate = true> <Delay = 0.00>
ST_1 : Operation 117 [1/1] (0.00ns)   --->   "%mux_case_762_read = read i32 @_ssdm_op_Read.ap_auto.float, i32 %mux_case_762"   --->   Operation 117 'read' 'mux_case_762_read' <Predicate = true> <Delay = 0.00>
ST_1 : Operation 118 [1/1] (0.00ns)   --->   "%mux_case_658_read = read i32 @_ssdm_op_Read.ap_auto.float, i32 %mux_case_658"   --->   Operation 118 'read' 'mux_case_658_read' <Predicate = true> <Delay = 0.00>
ST_1 : Operation 119 [1/1] (0.00ns)   --->   "%mux_case_554_read = read i32 @_ssdm_op_Read.ap_auto.float, i32 %mux_case_554"   --->   Operation 119 'read' 'mux_case_554_read' <Predicate = true> <Delay = 0.00>
ST_1 : Operation 120 [1/1] (0.00ns)   --->   "%mux_case_450_read = read i32 @_ssdm_op_Read.ap_auto.float, i32 %mux_case_450"   --->   Operation 120 'read' 'mux_case_450_read' <Predicate = true> <Delay = 0.00>
ST_1 : Operation 121 [1/1] (0.00ns)   --->   "%mux_case_346_read = read i32 @_ssdm_op_Read.ap_auto.float, i32 %mux_case_346"   --->   Operation 121 'read' 'mux_case_346_read' <Predicate = true> <Delay = 0.00>
ST_1 : Operation 122 [1/1] (0.00ns)   --->   "%mux_case_242_read = read i32 @_ssdm_op_Read.ap_auto.float, i32 %mux_case_242"   --->   Operation 122 'read' 'mux_case_242_read' <Predicate = true> <Delay = 0.00>
ST_1 : Operation 123 [1/1] (0.00ns)   --->   "%mux_case_138_read = read i32 @_ssdm_op_Read.ap_auto.float, i32 %mux_case_138"   --->   Operation 123 'read' 'mux_case_138_read' <Predicate = true> <Delay = 0.00>
ST_1 : Operation 124 [1/1] (0.00ns)   --->   "%mux_case_034_read = read i32 @_ssdm_op_Read.ap_auto.float, i32 %mux_case_034"   --->   Operation 124 'read' 'mux_case_034_read' <Predicate = true> <Delay = 0.00>
ST_1 : Operation 125 [1/1] (0.36ns)   --->   "%store_ln736 = store i5 0, i5 %i_1" [src/moe.cpp:736]   --->   Operation 125 'store' 'store_ln736' <Predicate = true> <Delay = 0.36>
ST_1 : Operation 126 [1/1] (0.00ns)   --->   "%br_ln0 = br void %VITIS_LOOP_739_4"   --->   Operation 126 'br' 'br_ln0' <Predicate = true> <Delay = 0.00>
ST_1 : Operation 127 [1/1] (0.00ns)   --->   "%i = load i5 %i_1" [src/moe.cpp:736]   --->   Operation 127 'load' 'i' <Predicate = true> <Delay = 0.00>
ST_1 : Operation 128 [1/1] (0.64ns)   --->   "%icmp_ln736 = icmp_eq  i5 %i, i5 16" [src/moe.cpp:736]   --->   Operation 128 'icmp' 'icmp_ln736' <Predicate = true> <Delay = 0.64> <CoreInst = "Cmp">   --->   Core 9 'Cmp' <Latency = 0> <II = 1> <Delay = 0.64> <FuncUnit> <Opcode : 'icmp'> <InPorts = 2> <OutPorts = 1>
ST_1 : Operation 129 [1/1] (0.64ns)   --->   "%add_ln736 = add i5 %i, i5 1" [src/moe.cpp:736]   --->   Operation 129 'add' 'add_ln736' <Predicate = true> <Delay = 0.64> <CoreInst = "Adder">   --->   Core 1 'Adder' <Latency = 0> <II = 1> <Delay = 0.64> <FuncUnit> <Opcode : 'add' 'sub'> <InPorts = 2> <OutPorts = 1>
ST_1 : Operation 130 [1/1] (0.00ns)   --->   "%br_ln736 = br i1 %icmp_ln736, void %VITIS_LOOP_739_4.split, void %VITIS_LOOP_753_6.preheader.exitStub" [src/moe.cpp:736]   --->   Operation 130 'br' 'br_ln736' <Predicate = true> <Delay = 0.00>
ST_1 : Operation 131 [1/1] (0.00ns)   --->   "%zext_ln736 = zext i5 %i" [src/moe.cpp:736]   --->   Operation 131 'zext' 'zext_ln736' <Predicate = (!icmp_ln736)> <Delay = 0.00>
ST_1 : Operation 132 [1/1] (0.00ns)   --->   "%p_ZL9e3_lut_w1_0_addr = getelementptr i32 %p_ZL9e3_lut_w1_0, i64 0, i64 %zext_ln736" [src/moe.cpp:740]   --->   Operation 132 'getelementptr' 'p_ZL9e3_lut_w1_0_addr' <Predicate = (!icmp_ln736)> <Delay = 0.00>
ST_1 : Operation 133 [2/2] (0.54ns)   --->   "%p_ZL9e3_lut_w1_0_load = load i4 %p_ZL9e3_lut_w1_0_addr" [src/moe.cpp:740]   --->   Operation 133 'load' 'p_ZL9e3_lut_w1_0_load' <Predicate = (!icmp_ln736)> <Delay = 0.54> <CoreInst = "ROM">   --->   Core 101 'ROM' <Latency = 1> <II = 1> <Delay = 0.54> <Storage> <Opcode : 'load'> <Ports = 0> <Width = 32> <Depth = 16> <ROM>
ST_1 : Operation 134 [1/1] (0.00ns)   --->   "%trunc_ln736 = trunc i5 %i" [src/moe.cpp:736]   --->   Operation 134 'trunc' 'trunc_ln736' <Predicate = (!icmp_ln736)> <Delay = 0.00>
ST_1 : Operation 135 [1/1] (0.66ns)   --->   "%switch_ln743 = switch i4 %trunc_ln736, void %arrayidx42.case.15, i4 0, void %VITIS_LOOP_739_4.split.arrayidx42.exit_crit_edge, i4 1, void %VITIS_LOOP_739_4.split.arrayidx42.exit_crit_edge38, i4 2, void %arrayidx42.case.2, i4 3, void %arrayidx42.case.3, i4 4, void %arrayidx42.case.4, i4 5, void %arrayidx42.case.5, i4 6, void %arrayidx42.case.6, i4 7, void %arrayidx42.case.7, i4 8, void %arrayidx42.case.8, i4 9, void %arrayidx42.case.9, i4 10, void %arrayidx42.case.10, i4 11, void %arrayidx42.case.11, i4 12, void %arrayidx42.case.12, i4 13, void %arrayidx42.case.13, i4 14, void %arrayidx42.case.14" [src/moe.cpp:743]   --->   Operation 135 'switch' 'switch_ln743' <Predicate = (!icmp_ln736)> <Delay = 0.66>
ST_1 : Operation 136 [1/1] (0.36ns)   --->   "%store_ln736 = store i5 %add_ln736, i5 %i_1" [src/moe.cpp:736]   --->   Operation 136 'store' 'store_ln736' <Predicate = (!icmp_ln736)> <Delay = 0.36>
ST_1 : Operation 137 [1/1] (0.00ns)   --->   "%br_ln736 = br void %VITIS_LOOP_739_4" [src/moe.cpp:736]   --->   Operation 137 'br' 'br_ln736' <Predicate = (!icmp_ln736)> <Delay = 0.00>

State 2 <SV = 1> <Delay = 4.42>
ST_2 : Operation 138 [1/2] (0.54ns)   --->   "%p_ZL9e3_lut_w1_0_load = load i4 %p_ZL9e3_lut_w1_0_addr" [src/moe.cpp:740]   --->   Operation 138 'load' 'p_ZL9e3_lut_w1_0_load' <Predicate = true> <Delay = 0.54> <CoreInst = "ROM">   --->   Core 101 'ROM' <Latency = 1> <II = 1> <Delay = 0.54> <Storage> <Opcode : 'load'> <Ports = 0> <Width = 32> <Depth = 16> <ROM>
ST_2 : Operation 139 [2/2] (3.88ns)   --->   "%mul3 = fmul i32 %p_ZL9e3_lut_w1_0_load, i32 %mux_case_034_read" [src/moe.cpp:740]   --->   Operation 139 'fmul' 'mul3' <Predicate = true> <Delay = 3.88> <CoreInst = "FMul_maxdsp">   --->   Core 30 'FMul_maxdsp' <Latency = 1> <II = 1> <Delay = 3.88> <FuncUnit> <Opcode : 'fmul'> <InPorts = 2> <OutPorts = 1>

State 3 <SV = 2> <Delay = 3.88>
ST_3 : Operation 140 [1/1] (0.00ns)   --->   "%e3_lut_b1_addr = getelementptr i32 %e3_lut_b1, i64 0, i64 %zext_ln736" [src/moe.cpp:737]   --->   Operation 140 'getelementptr' 'e3_lut_b1_addr' <Predicate = true> <Delay = 0.00>
ST_3 : Operation 141 [2/2] (0.54ns)   --->   "%acc = load i4 %e3_lut_b1_addr" [src/moe.cpp:737]   --->   Operation 141 'load' 'acc' <Predicate = true> <Delay = 0.54> <CoreInst = "ROM">   --->   Core 101 'ROM' <Latency = 1> <II = 1> <Delay = 0.54> <Storage> <Opcode : 'load'> <Ports = 0> <Width = 32> <Depth = 16> <ROM>
ST_3 : Operation 142 [1/1] (0.00ns)   --->   "%p_ZL9e3_lut_w1_1_addr = getelementptr i32 %p_ZL9e3_lut_w1_1, i64 0, i64 %zext_ln736" [src/moe.cpp:740]   --->   Operation 142 'getelementptr' 'p_ZL9e3_lut_w1_1_addr' <Predicate = true> <Delay = 0.00>
ST_3 : Operation 143 [1/2] (3.88ns)   --->   "%mul3 = fmul i32 %p_ZL9e3_lut_w1_0_load, i32 %mux_case_034_read" [src/moe.cpp:740]   --->   Operation 143 'fmul' 'mul3' <Predicate = true> <Delay = 3.88> <CoreInst = "FMul_maxdsp">   --->   Core 30 'FMul_maxdsp' <Latency = 1> <II = 1> <Delay = 3.88> <FuncUnit> <Opcode : 'fmul'> <InPorts = 2> <OutPorts = 1>
ST_3 : Operation 144 [2/2] (0.54ns)   --->   "%p_ZL9e3_lut_w1_1_load = load i4 %p_ZL9e3_lut_w1_1_addr" [src/moe.cpp:740]   --->   Operation 144 'load' 'p_ZL9e3_lut_w1_1_load' <Predicate = true> <Delay = 0.54> <CoreInst = "ROM">   --->   Core 101 'ROM' <Latency = 1> <II = 1> <Delay = 0.54> <Storage> <Opcode : 'load'> <Ports = 0> <Width = 32> <Depth = 16> <ROM>

State 4 <SV = 3> <Delay = 6.58>
ST_4 : Operation 145 [1/2] (0.54ns)   --->   "%acc = load i4 %e3_lut_b1_addr" [src/moe.cpp:737]   --->   Operation 145 'load' 'acc' <Predicate = true> <Delay = 0.54> <CoreInst = "ROM">   --->   Core 101 'ROM' <Latency = 1> <II = 1> <Delay = 0.54> <Storage> <Opcode : 'load'> <Ports = 0> <Width = 32> <Depth = 16> <ROM>
ST_4 : Operation 146 [2/2] (6.04ns)   --->   "%acc_181 = fadd i32 %acc, i32 %mul3" [src/moe.cpp:740]   --->   Operation 146 'fadd' 'acc_181' <Predicate = true> <Delay = 6.04> <CoreInst = "FAddSub_fulldsp">   --->   Core 18 'FAddSub_fulldsp' <Latency = 1> <II = 1> <Delay = 6.04> <FuncUnit> <Opcode : 'fadd' 'fsub'> <InPorts = 2> <OutPorts = 1>
ST_4 : Operation 147 [1/2] (0.54ns)   --->   "%p_ZL9e3_lut_w1_1_load = load i4 %p_ZL9e3_lut_w1_1_addr" [src/moe.cpp:740]   --->   Operation 147 'load' 'p_ZL9e3_lut_w1_1_load' <Predicate = true> <Delay = 0.54> <CoreInst = "ROM">   --->   Core 101 'ROM' <Latency = 1> <II = 1> <Delay = 0.54> <Storage> <Opcode : 'load'> <Ports = 0> <Width = 32> <Depth = 16> <ROM>
ST_4 : Operation 148 [2/2] (3.88ns)   --->   "%mul35_1 = fmul i32 %p_ZL9e3_lut_w1_1_load, i32 %mux_case_138_read" [src/moe.cpp:740]   --->   Operation 148 'fmul' 'mul35_1' <Predicate = true> <Delay = 3.88> <CoreInst = "FMul_maxdsp">   --->   Core 30 'FMul_maxdsp' <Latency = 1> <II = 1> <Delay = 3.88> <FuncUnit> <Opcode : 'fmul'> <InPorts = 2> <OutPorts = 1>

State 5 <SV = 4> <Delay = 6.04>
ST_5 : Operation 149 [1/1] (0.00ns)   --->   "%p_ZL9e3_lut_w1_2_addr = getelementptr i32 %p_ZL9e3_lut_w1_2, i64 0, i64 %zext_ln736" [src/moe.cpp:740]   --->   Operation 149 'getelementptr' 'p_ZL9e3_lut_w1_2_addr' <Predicate = true> <Delay = 0.00>
ST_5 : Operation 150 [1/2] (6.04ns)   --->   "%acc_181 = fadd i32 %acc, i32 %mul3" [src/moe.cpp:740]   --->   Operation 150 'fadd' 'acc_181' <Predicate = true> <Delay = 6.04> <CoreInst = "FAddSub_fulldsp">   --->   Core 18 'FAddSub_fulldsp' <Latency = 1> <II = 1> <Delay = 6.04> <FuncUnit> <Opcode : 'fadd' 'fsub'> <InPorts = 2> <OutPorts = 1>
ST_5 : Operation 151 [1/2] (3.88ns)   --->   "%mul35_1 = fmul i32 %p_ZL9e3_lut_w1_1_load, i32 %mux_case_138_read" [src/moe.cpp:740]   --->   Operation 151 'fmul' 'mul35_1' <Predicate = true> <Delay = 3.88> <CoreInst = "FMul_maxdsp">   --->   Core 30 'FMul_maxdsp' <Latency = 1> <II = 1> <Delay = 3.88> <FuncUnit> <Opcode : 'fmul'> <InPorts = 2> <OutPorts = 1>
ST_5 : Operation 152 [2/2] (0.54ns)   --->   "%p_ZL9e3_lut_w1_2_load = load i4 %p_ZL9e3_lut_w1_2_addr" [src/moe.cpp:740]   --->   Operation 152 'load' 'p_ZL9e3_lut_w1_2_load' <Predicate = true> <Delay = 0.54> <CoreInst = "ROM">   --->   Core 101 'ROM' <Latency = 1> <II = 1> <Delay = 0.54> <Storage> <Opcode : 'load'> <Ports = 0> <Width = 32> <Depth = 16> <ROM>

State 6 <SV = 5> <Delay = 6.04>
ST_6 : Operation 153 [2/2] (6.04ns)   --->   "%acc_182 = fadd i32 %acc_181, i32 %mul35_1" [src/moe.cpp:740]   --->   Operation 153 'fadd' 'acc_182' <Predicate = true> <Delay = 6.04> <CoreInst = "FAddSub_fulldsp">   --->   Core 18 'FAddSub_fulldsp' <Latency = 1> <II = 1> <Delay = 6.04> <FuncUnit> <Opcode : 'fadd' 'fsub'> <InPorts = 2> <OutPorts = 1>
ST_6 : Operation 154 [1/2] (0.54ns)   --->   "%p_ZL9e3_lut_w1_2_load = load i4 %p_ZL9e3_lut_w1_2_addr" [src/moe.cpp:740]   --->   Operation 154 'load' 'p_ZL9e3_lut_w1_2_load' <Predicate = true> <Delay = 0.54> <CoreInst = "ROM">   --->   Core 101 'ROM' <Latency = 1> <II = 1> <Delay = 0.54> <Storage> <Opcode : 'load'> <Ports = 0> <Width = 32> <Depth = 16> <ROM>
ST_6 : Operation 155 [2/2] (3.88ns)   --->   "%mul35_2 = fmul i32 %p_ZL9e3_lut_w1_2_load, i32 %mux_case_242_read" [src/moe.cpp:740]   --->   Operation 155 'fmul' 'mul35_2' <Predicate = true> <Delay = 3.88> <CoreInst = "FMul_maxdsp">   --->   Core 30 'FMul_maxdsp' <Latency = 1> <II = 1> <Delay = 3.88> <FuncUnit> <Opcode : 'fmul'> <InPorts = 2> <OutPorts = 1>

State 7 <SV = 6> <Delay = 6.04>
ST_7 : Operation 156 [1/1] (0.00ns)   --->   "%p_ZL9e3_lut_w1_3_addr = getelementptr i32 %p_ZL9e3_lut_w1_3, i64 0, i64 %zext_ln736" [src/moe.cpp:740]   --->   Operation 156 'getelementptr' 'p_ZL9e3_lut_w1_3_addr' <Predicate = true> <Delay = 0.00>
ST_7 : Operation 157 [1/2] (6.04ns)   --->   "%acc_182 = fadd i32 %acc_181, i32 %mul35_1" [src/moe.cpp:740]   --->   Operation 157 'fadd' 'acc_182' <Predicate = true> <Delay = 6.04> <CoreInst = "FAddSub_fulldsp">   --->   Core 18 'FAddSub_fulldsp' <Latency = 1> <II = 1> <Delay = 6.04> <FuncUnit> <Opcode : 'fadd' 'fsub'> <InPorts = 2> <OutPorts = 1>
ST_7 : Operation 158 [1/2] (3.88ns)   --->   "%mul35_2 = fmul i32 %p_ZL9e3_lut_w1_2_load, i32 %mux_case_242_read" [src/moe.cpp:740]   --->   Operation 158 'fmul' 'mul35_2' <Predicate = true> <Delay = 3.88> <CoreInst = "FMul_maxdsp">   --->   Core 30 'FMul_maxdsp' <Latency = 1> <II = 1> <Delay = 3.88> <FuncUnit> <Opcode : 'fmul'> <InPorts = 2> <OutPorts = 1>
ST_7 : Operation 159 [2/2] (0.54ns)   --->   "%p_ZL9e3_lut_w1_3_load = load i4 %p_ZL9e3_lut_w1_3_addr" [src/moe.cpp:740]   --->   Operation 159 'load' 'p_ZL9e3_lut_w1_3_load' <Predicate = true> <Delay = 0.54> <CoreInst = "ROM">   --->   Core 101 'ROM' <Latency = 1> <II = 1> <Delay = 0.54> <Storage> <Opcode : 'load'> <Ports = 0> <Width = 32> <Depth = 16> <ROM>

State 8 <SV = 7> <Delay = 6.04>
ST_8 : Operation 160 [2/2] (6.04ns)   --->   "%acc_183 = fadd i32 %acc_182, i32 %mul35_2" [src/moe.cpp:740]   --->   Operation 160 'fadd' 'acc_183' <Predicate = true> <Delay = 6.04> <CoreInst = "FAddSub_fulldsp">   --->   Core 18 'FAddSub_fulldsp' <Latency = 1> <II = 1> <Delay = 6.04> <FuncUnit> <Opcode : 'fadd' 'fsub'> <InPorts = 2> <OutPorts = 1>
ST_8 : Operation 161 [1/2] (0.54ns)   --->   "%p_ZL9e3_lut_w1_3_load = load i4 %p_ZL9e3_lut_w1_3_addr" [src/moe.cpp:740]   --->   Operation 161 'load' 'p_ZL9e3_lut_w1_3_load' <Predicate = true> <Delay = 0.54> <CoreInst = "ROM">   --->   Core 101 'ROM' <Latency = 1> <II = 1> <Delay = 0.54> <Storage> <Opcode : 'load'> <Ports = 0> <Width = 32> <Depth = 16> <ROM>
ST_8 : Operation 162 [2/2] (3.88ns)   --->   "%mul35_3 = fmul i32 %p_ZL9e3_lut_w1_3_load, i32 %mux_case_346_read" [src/moe.cpp:740]   --->   Operation 162 'fmul' 'mul35_3' <Predicate = true> <Delay = 3.88> <CoreInst = "FMul_maxdsp">   --->   Core 30 'FMul_maxdsp' <Latency = 1> <II = 1> <Delay = 3.88> <FuncUnit> <Opcode : 'fmul'> <InPorts = 2> <OutPorts = 1>

State 9 <SV = 8> <Delay = 6.04>
ST_9 : Operation 163 [1/1] (0.00ns)   --->   "%p_ZL9e3_lut_w1_4_addr = getelementptr i32 %p_ZL9e3_lut_w1_4, i64 0, i64 %zext_ln736" [src/moe.cpp:740]   --->   Operation 163 'getelementptr' 'p_ZL9e3_lut_w1_4_addr' <Predicate = true> <Delay = 0.00>
ST_9 : Operation 164 [1/2] (6.04ns)   --->   "%acc_183 = fadd i32 %acc_182, i32 %mul35_2" [src/moe.cpp:740]   --->   Operation 164 'fadd' 'acc_183' <Predicate = true> <Delay = 6.04> <CoreInst = "FAddSub_fulldsp">   --->   Core 18 'FAddSub_fulldsp' <Latency = 1> <II = 1> <Delay = 6.04> <FuncUnit> <Opcode : 'fadd' 'fsub'> <InPorts = 2> <OutPorts = 1>
ST_9 : Operation 165 [1/2] (3.88ns)   --->   "%mul35_3 = fmul i32 %p_ZL9e3_lut_w1_3_load, i32 %mux_case_346_read" [src/moe.cpp:740]   --->   Operation 165 'fmul' 'mul35_3' <Predicate = true> <Delay = 3.88> <CoreInst = "FMul_maxdsp">   --->   Core 30 'FMul_maxdsp' <Latency = 1> <II = 1> <Delay = 3.88> <FuncUnit> <Opcode : 'fmul'> <InPorts = 2> <OutPorts = 1>
ST_9 : Operation 166 [2/2] (0.54ns)   --->   "%p_ZL9e3_lut_w1_4_load = load i4 %p_ZL9e3_lut_w1_4_addr" [src/moe.cpp:740]   --->   Operation 166 'load' 'p_ZL9e3_lut_w1_4_load' <Predicate = true> <Delay = 0.54> <CoreInst = "ROM">   --->   Core 101 'ROM' <Latency = 1> <II = 1> <Delay = 0.54> <Storage> <Opcode : 'load'> <Ports = 0> <Width = 32> <Depth = 16> <ROM>

State 10 <SV = 9> <Delay = 6.04>
ST_10 : Operation 167 [2/2] (6.04ns)   --->   "%acc_184 = fadd i32 %acc_183, i32 %mul35_3" [src/moe.cpp:740]   --->   Operation 167 'fadd' 'acc_184' <Predicate = true> <Delay = 6.04> <CoreInst = "FAddSub_fulldsp">   --->   Core 18 'FAddSub_fulldsp' <Latency = 1> <II = 1> <Delay = 6.04> <FuncUnit> <Opcode : 'fadd' 'fsub'> <InPorts = 2> <OutPorts = 1>
ST_10 : Operation 168 [1/2] (0.54ns)   --->   "%p_ZL9e3_lut_w1_4_load = load i4 %p_ZL9e3_lut_w1_4_addr" [src/moe.cpp:740]   --->   Operation 168 'load' 'p_ZL9e3_lut_w1_4_load' <Predicate = true> <Delay = 0.54> <CoreInst = "ROM">   --->   Core 101 'ROM' <Latency = 1> <II = 1> <Delay = 0.54> <Storage> <Opcode : 'load'> <Ports = 0> <Width = 32> <Depth = 16> <ROM>
ST_10 : Operation 169 [2/2] (3.88ns)   --->   "%mul35_4 = fmul i32 %p_ZL9e3_lut_w1_4_load, i32 %mux_case_450_read" [src/moe.cpp:740]   --->   Operation 169 'fmul' 'mul35_4' <Predicate = true> <Delay = 3.88> <CoreInst = "FMul_maxdsp">   --->   Core 30 'FMul_maxdsp' <Latency = 1> <II = 1> <Delay = 3.88> <FuncUnit> <Opcode : 'fmul'> <InPorts = 2> <OutPorts = 1>

State 11 <SV = 10> <Delay = 6.04>
ST_11 : Operation 170 [1/1] (0.00ns)   --->   "%p_ZL9e3_lut_w1_5_addr = getelementptr i32 %p_ZL9e3_lut_w1_5, i64 0, i64 %zext_ln736" [src/moe.cpp:740]   --->   Operation 170 'getelementptr' 'p_ZL9e3_lut_w1_5_addr' <Predicate = true> <Delay = 0.00>
ST_11 : Operation 171 [1/2] (6.04ns)   --->   "%acc_184 = fadd i32 %acc_183, i32 %mul35_3" [src/moe.cpp:740]   --->   Operation 171 'fadd' 'acc_184' <Predicate = true> <Delay = 6.04> <CoreInst = "FAddSub_fulldsp">   --->   Core 18 'FAddSub_fulldsp' <Latency = 1> <II = 1> <Delay = 6.04> <FuncUnit> <Opcode : 'fadd' 'fsub'> <InPorts = 2> <OutPorts = 1>
ST_11 : Operation 172 [1/2] (3.88ns)   --->   "%mul35_4 = fmul i32 %p_ZL9e3_lut_w1_4_load, i32 %mux_case_450_read" [src/moe.cpp:740]   --->   Operation 172 'fmul' 'mul35_4' <Predicate = true> <Delay = 3.88> <CoreInst = "FMul_maxdsp">   --->   Core 30 'FMul_maxdsp' <Latency = 1> <II = 1> <Delay = 3.88> <FuncUnit> <Opcode : 'fmul'> <InPorts = 2> <OutPorts = 1>
ST_11 : Operation 173 [2/2] (0.54ns)   --->   "%p_ZL9e3_lut_w1_5_load = load i4 %p_ZL9e3_lut_w1_5_addr" [src/moe.cpp:740]   --->   Operation 173 'load' 'p_ZL9e3_lut_w1_5_load' <Predicate = true> <Delay = 0.54> <CoreInst = "ROM">   --->   Core 101 'ROM' <Latency = 1> <II = 1> <Delay = 0.54> <Storage> <Opcode : 'load'> <Ports = 0> <Width = 32> <Depth = 16> <ROM>

State 12 <SV = 11> <Delay = 6.04>
ST_12 : Operation 174 [2/2] (6.04ns)   --->   "%acc_185 = fadd i32 %acc_184, i32 %mul35_4" [src/moe.cpp:740]   --->   Operation 174 'fadd' 'acc_185' <Predicate = true> <Delay = 6.04> <CoreInst = "FAddSub_fulldsp">   --->   Core 18 'FAddSub_fulldsp' <Latency = 1> <II = 1> <Delay = 6.04> <FuncUnit> <Opcode : 'fadd' 'fsub'> <InPorts = 2> <OutPorts = 1>
ST_12 : Operation 175 [1/2] (0.54ns)   --->   "%p_ZL9e3_lut_w1_5_load = load i4 %p_ZL9e3_lut_w1_5_addr" [src/moe.cpp:740]   --->   Operation 175 'load' 'p_ZL9e3_lut_w1_5_load' <Predicate = true> <Delay = 0.54> <CoreInst = "ROM">   --->   Core 101 'ROM' <Latency = 1> <II = 1> <Delay = 0.54> <Storage> <Opcode : 'load'> <Ports = 0> <Width = 32> <Depth = 16> <ROM>
ST_12 : Operation 176 [2/2] (3.88ns)   --->   "%mul35_5 = fmul i32 %p_ZL9e3_lut_w1_5_load, i32 %mux_case_554_read" [src/moe.cpp:740]   --->   Operation 176 'fmul' 'mul35_5' <Predicate = true> <Delay = 3.88> <CoreInst = "FMul_maxdsp">   --->   Core 30 'FMul_maxdsp' <Latency = 1> <II = 1> <Delay = 3.88> <FuncUnit> <Opcode : 'fmul'> <InPorts = 2> <OutPorts = 1>

State 13 <SV = 12> <Delay = 6.04>
ST_13 : Operation 177 [1/1] (0.00ns)   --->   "%p_ZL9e3_lut_w1_6_addr = getelementptr i32 %p_ZL9e3_lut_w1_6, i64 0, i64 %zext_ln736" [src/moe.cpp:740]   --->   Operation 177 'getelementptr' 'p_ZL9e3_lut_w1_6_addr' <Predicate = true> <Delay = 0.00>
ST_13 : Operation 178 [1/2] (6.04ns)   --->   "%acc_185 = fadd i32 %acc_184, i32 %mul35_4" [src/moe.cpp:740]   --->   Operation 178 'fadd' 'acc_185' <Predicate = true> <Delay = 6.04> <CoreInst = "FAddSub_fulldsp">   --->   Core 18 'FAddSub_fulldsp' <Latency = 1> <II = 1> <Delay = 6.04> <FuncUnit> <Opcode : 'fadd' 'fsub'> <InPorts = 2> <OutPorts = 1>
ST_13 : Operation 179 [1/2] (3.88ns)   --->   "%mul35_5 = fmul i32 %p_ZL9e3_lut_w1_5_load, i32 %mux_case_554_read" [src/moe.cpp:740]   --->   Operation 179 'fmul' 'mul35_5' <Predicate = true> <Delay = 3.88> <CoreInst = "FMul_maxdsp">   --->   Core 30 'FMul_maxdsp' <Latency = 1> <II = 1> <Delay = 3.88> <FuncUnit> <Opcode : 'fmul'> <InPorts = 2> <OutPorts = 1>
ST_13 : Operation 180 [2/2] (0.54ns)   --->   "%p_ZL9e3_lut_w1_6_load = load i4 %p_ZL9e3_lut_w1_6_addr" [src/moe.cpp:740]   --->   Operation 180 'load' 'p_ZL9e3_lut_w1_6_load' <Predicate = true> <Delay = 0.54> <CoreInst = "ROM">   --->   Core 101 'ROM' <Latency = 1> <II = 1> <Delay = 0.54> <Storage> <Opcode : 'load'> <Ports = 0> <Width = 32> <Depth = 16> <ROM>

State 14 <SV = 13> <Delay = 6.04>
ST_14 : Operation 181 [2/2] (6.04ns)   --->   "%acc_186 = fadd i32 %acc_185, i32 %mul35_5" [src/moe.cpp:740]   --->   Operation 181 'fadd' 'acc_186' <Predicate = true> <Delay = 6.04> <CoreInst = "FAddSub_fulldsp">   --->   Core 18 'FAddSub_fulldsp' <Latency = 1> <II = 1> <Delay = 6.04> <FuncUnit> <Opcode : 'fadd' 'fsub'> <InPorts = 2> <OutPorts = 1>
ST_14 : Operation 182 [1/2] (0.54ns)   --->   "%p_ZL9e3_lut_w1_6_load = load i4 %p_ZL9e3_lut_w1_6_addr" [src/moe.cpp:740]   --->   Operation 182 'load' 'p_ZL9e3_lut_w1_6_load' <Predicate = true> <Delay = 0.54> <CoreInst = "ROM">   --->   Core 101 'ROM' <Latency = 1> <II = 1> <Delay = 0.54> <Storage> <Opcode : 'load'> <Ports = 0> <Width = 32> <Depth = 16> <ROM>
ST_14 : Operation 183 [2/2] (3.88ns)   --->   "%mul35_6 = fmul i32 %p_ZL9e3_lut_w1_6_load, i32 %mux_case_658_read" [src/moe.cpp:740]   --->   Operation 183 'fmul' 'mul35_6' <Predicate = true> <Delay = 3.88> <CoreInst = "FMul_maxdsp">   --->   Core 30 'FMul_maxdsp' <Latency = 1> <II = 1> <Delay = 3.88> <FuncUnit> <Opcode : 'fmul'> <InPorts = 2> <OutPorts = 1>

State 15 <SV = 14> <Delay = 6.04>
ST_15 : Operation 184 [1/1] (0.00ns)   --->   "%p_ZL9e3_lut_w1_7_addr = getelementptr i32 %p_ZL9e3_lut_w1_7, i64 0, i64 %zext_ln736" [src/moe.cpp:740]   --->   Operation 184 'getelementptr' 'p_ZL9e3_lut_w1_7_addr' <Predicate = true> <Delay = 0.00>
ST_15 : Operation 185 [1/2] (6.04ns)   --->   "%acc_186 = fadd i32 %acc_185, i32 %mul35_5" [src/moe.cpp:740]   --->   Operation 185 'fadd' 'acc_186' <Predicate = true> <Delay = 6.04> <CoreInst = "FAddSub_fulldsp">   --->   Core 18 'FAddSub_fulldsp' <Latency = 1> <II = 1> <Delay = 6.04> <FuncUnit> <Opcode : 'fadd' 'fsub'> <InPorts = 2> <OutPorts = 1>
ST_15 : Operation 186 [1/2] (3.88ns)   --->   "%mul35_6 = fmul i32 %p_ZL9e3_lut_w1_6_load, i32 %mux_case_658_read" [src/moe.cpp:740]   --->   Operation 186 'fmul' 'mul35_6' <Predicate = true> <Delay = 3.88> <CoreInst = "FMul_maxdsp">   --->   Core 30 'FMul_maxdsp' <Latency = 1> <II = 1> <Delay = 3.88> <FuncUnit> <Opcode : 'fmul'> <InPorts = 2> <OutPorts = 1>
ST_15 : Operation 187 [2/2] (0.54ns)   --->   "%p_ZL9e3_lut_w1_7_load = load i4 %p_ZL9e3_lut_w1_7_addr" [src/moe.cpp:740]   --->   Operation 187 'load' 'p_ZL9e3_lut_w1_7_load' <Predicate = true> <Delay = 0.54> <CoreInst = "ROM">   --->   Core 101 'ROM' <Latency = 1> <II = 1> <Delay = 0.54> <Storage> <Opcode : 'load'> <Ports = 0> <Width = 32> <Depth = 16> <ROM>

State 16 <SV = 15> <Delay = 6.04>
ST_16 : Operation 188 [2/2] (6.04ns)   --->   "%acc_187 = fadd i32 %acc_186, i32 %mul35_6" [src/moe.cpp:740]   --->   Operation 188 'fadd' 'acc_187' <Predicate = true> <Delay = 6.04> <CoreInst = "FAddSub_fulldsp">   --->   Core 18 'FAddSub_fulldsp' <Latency = 1> <II = 1> <Delay = 6.04> <FuncUnit> <Opcode : 'fadd' 'fsub'> <InPorts = 2> <OutPorts = 1>
ST_16 : Operation 189 [1/2] (0.54ns)   --->   "%p_ZL9e3_lut_w1_7_load = load i4 %p_ZL9e3_lut_w1_7_addr" [src/moe.cpp:740]   --->   Operation 189 'load' 'p_ZL9e3_lut_w1_7_load' <Predicate = true> <Delay = 0.54> <CoreInst = "ROM">   --->   Core 101 'ROM' <Latency = 1> <II = 1> <Delay = 0.54> <Storage> <Opcode : 'load'> <Ports = 0> <Width = 32> <Depth = 16> <ROM>
ST_16 : Operation 190 [2/2] (3.88ns)   --->   "%mul35_7 = fmul i32 %p_ZL9e3_lut_w1_7_load, i32 %mux_case_762_read" [src/moe.cpp:740]   --->   Operation 190 'fmul' 'mul35_7' <Predicate = true> <Delay = 3.88> <CoreInst = "FMul_maxdsp">   --->   Core 30 'FMul_maxdsp' <Latency = 1> <II = 1> <Delay = 3.88> <FuncUnit> <Opcode : 'fmul'> <InPorts = 2> <OutPorts = 1>

State 17 <SV = 16> <Delay = 6.04>
ST_17 : Operation 191 [1/1] (0.00ns)   --->   "%p_ZL9e3_lut_w1_8_addr = getelementptr i32 %p_ZL9e3_lut_w1_8, i64 0, i64 %zext_ln736" [src/moe.cpp:740]   --->   Operation 191 'getelementptr' 'p_ZL9e3_lut_w1_8_addr' <Predicate = true> <Delay = 0.00>
ST_17 : Operation 192 [1/2] (6.04ns)   --->   "%acc_187 = fadd i32 %acc_186, i32 %mul35_6" [src/moe.cpp:740]   --->   Operation 192 'fadd' 'acc_187' <Predicate = true> <Delay = 6.04> <CoreInst = "FAddSub_fulldsp">   --->   Core 18 'FAddSub_fulldsp' <Latency = 1> <II = 1> <Delay = 6.04> <FuncUnit> <Opcode : 'fadd' 'fsub'> <InPorts = 2> <OutPorts = 1>
ST_17 : Operation 193 [1/2] (3.88ns)   --->   "%mul35_7 = fmul i32 %p_ZL9e3_lut_w1_7_load, i32 %mux_case_762_read" [src/moe.cpp:740]   --->   Operation 193 'fmul' 'mul35_7' <Predicate = true> <Delay = 3.88> <CoreInst = "FMul_maxdsp">   --->   Core 30 'FMul_maxdsp' <Latency = 1> <II = 1> <Delay = 3.88> <FuncUnit> <Opcode : 'fmul'> <InPorts = 2> <OutPorts = 1>
ST_17 : Operation 194 [2/2] (0.54ns)   --->   "%p_ZL9e3_lut_w1_8_load = load i4 %p_ZL9e3_lut_w1_8_addr" [src/moe.cpp:740]   --->   Operation 194 'load' 'p_ZL9e3_lut_w1_8_load' <Predicate = true> <Delay = 0.54> <CoreInst = "ROM">   --->   Core 101 'ROM' <Latency = 1> <II = 1> <Delay = 0.54> <Storage> <Opcode : 'load'> <Ports = 0> <Width = 32> <Depth = 16> <ROM>

State 18 <SV = 17> <Delay = 6.04>
ST_18 : Operation 195 [2/2] (6.04ns)   --->   "%acc_188 = fadd i32 %acc_187, i32 %mul35_7" [src/moe.cpp:740]   --->   Operation 195 'fadd' 'acc_188' <Predicate = true> <Delay = 6.04> <CoreInst = "FAddSub_fulldsp">   --->   Core 18 'FAddSub_fulldsp' <Latency = 1> <II = 1> <Delay = 6.04> <FuncUnit> <Opcode : 'fadd' 'fsub'> <InPorts = 2> <OutPorts = 1>
ST_18 : Operation 196 [1/2] (0.54ns)   --->   "%p_ZL9e3_lut_w1_8_load = load i4 %p_ZL9e3_lut_w1_8_addr" [src/moe.cpp:740]   --->   Operation 196 'load' 'p_ZL9e3_lut_w1_8_load' <Predicate = true> <Delay = 0.54> <CoreInst = "ROM">   --->   Core 101 'ROM' <Latency = 1> <II = 1> <Delay = 0.54> <Storage> <Opcode : 'load'> <Ports = 0> <Width = 32> <Depth = 16> <ROM>
ST_18 : Operation 197 [2/2] (3.88ns)   --->   "%mul35_8 = fmul i32 %p_ZL9e3_lut_w1_8_load, i32 %mux_case_866_read" [src/moe.cpp:740]   --->   Operation 197 'fmul' 'mul35_8' <Predicate = true> <Delay = 3.88> <CoreInst = "FMul_maxdsp">   --->   Core 30 'FMul_maxdsp' <Latency = 1> <II = 1> <Delay = 3.88> <FuncUnit> <Opcode : 'fmul'> <InPorts = 2> <OutPorts = 1>

State 19 <SV = 18> <Delay = 6.04>
ST_19 : Operation 198 [1/1] (0.00ns)   --->   "%p_ZL9e3_lut_w1_9_addr = getelementptr i32 %p_ZL9e3_lut_w1_9, i64 0, i64 %zext_ln736" [src/moe.cpp:740]   --->   Operation 198 'getelementptr' 'p_ZL9e3_lut_w1_9_addr' <Predicate = true> <Delay = 0.00>
ST_19 : Operation 199 [1/2] (6.04ns)   --->   "%acc_188 = fadd i32 %acc_187, i32 %mul35_7" [src/moe.cpp:740]   --->   Operation 199 'fadd' 'acc_188' <Predicate = true> <Delay = 6.04> <CoreInst = "FAddSub_fulldsp">   --->   Core 18 'FAddSub_fulldsp' <Latency = 1> <II = 1> <Delay = 6.04> <FuncUnit> <Opcode : 'fadd' 'fsub'> <InPorts = 2> <OutPorts = 1>
ST_19 : Operation 200 [1/2] (3.88ns)   --->   "%mul35_8 = fmul i32 %p_ZL9e3_lut_w1_8_load, i32 %mux_case_866_read" [src/moe.cpp:740]   --->   Operation 200 'fmul' 'mul35_8' <Predicate = true> <Delay = 3.88> <CoreInst = "FMul_maxdsp">   --->   Core 30 'FMul_maxdsp' <Latency = 1> <II = 1> <Delay = 3.88> <FuncUnit> <Opcode : 'fmul'> <InPorts = 2> <OutPorts = 1>
ST_19 : Operation 201 [2/2] (0.54ns)   --->   "%p_ZL9e3_lut_w1_9_load = load i4 %p_ZL9e3_lut_w1_9_addr" [src/moe.cpp:740]   --->   Operation 201 'load' 'p_ZL9e3_lut_w1_9_load' <Predicate = true> <Delay = 0.54> <CoreInst = "ROM">   --->   Core 101 'ROM' <Latency = 1> <II = 1> <Delay = 0.54> <Storage> <Opcode : 'load'> <Ports = 0> <Width = 32> <Depth = 16> <ROM>

State 20 <SV = 19> <Delay = 6.04>
ST_20 : Operation 202 [2/2] (6.04ns)   --->   "%acc_189 = fadd i32 %acc_188, i32 %mul35_8" [src/moe.cpp:740]   --->   Operation 202 'fadd' 'acc_189' <Predicate = true> <Delay = 6.04> <CoreInst = "FAddSub_fulldsp">   --->   Core 18 'FAddSub_fulldsp' <Latency = 1> <II = 1> <Delay = 6.04> <FuncUnit> <Opcode : 'fadd' 'fsub'> <InPorts = 2> <OutPorts = 1>
ST_20 : Operation 203 [1/2] (0.54ns)   --->   "%p_ZL9e3_lut_w1_9_load = load i4 %p_ZL9e3_lut_w1_9_addr" [src/moe.cpp:740]   --->   Operation 203 'load' 'p_ZL9e3_lut_w1_9_load' <Predicate = true> <Delay = 0.54> <CoreInst = "ROM">   --->   Core 101 'ROM' <Latency = 1> <II = 1> <Delay = 0.54> <Storage> <Opcode : 'load'> <Ports = 0> <Width = 32> <Depth = 16> <ROM>
ST_20 : Operation 204 [2/2] (3.88ns)   --->   "%mul35_9 = fmul i32 %p_ZL9e3_lut_w1_9_load, i32 %mux_case_970_read" [src/moe.cpp:740]   --->   Operation 204 'fmul' 'mul35_9' <Predicate = true> <Delay = 3.88> <CoreInst = "FMul_maxdsp">   --->   Core 30 'FMul_maxdsp' <Latency = 1> <II = 1> <Delay = 3.88> <FuncUnit> <Opcode : 'fmul'> <InPorts = 2> <OutPorts = 1>

State 21 <SV = 20> <Delay = 6.04>
ST_21 : Operation 205 [1/1] (0.00ns)   --->   "%p_ZL9e3_lut_w1_10_addr = getelementptr i32 %p_ZL9e3_lut_w1_10, i64 0, i64 %zext_ln736" [src/moe.cpp:740]   --->   Operation 205 'getelementptr' 'p_ZL9e3_lut_w1_10_addr' <Predicate = true> <Delay = 0.00>
ST_21 : Operation 206 [1/2] (6.04ns)   --->   "%acc_189 = fadd i32 %acc_188, i32 %mul35_8" [src/moe.cpp:740]   --->   Operation 206 'fadd' 'acc_189' <Predicate = true> <Delay = 6.04> <CoreInst = "FAddSub_fulldsp">   --->   Core 18 'FAddSub_fulldsp' <Latency = 1> <II = 1> <Delay = 6.04> <FuncUnit> <Opcode : 'fadd' 'fsub'> <InPorts = 2> <OutPorts = 1>
ST_21 : Operation 207 [1/2] (3.88ns)   --->   "%mul35_9 = fmul i32 %p_ZL9e3_lut_w1_9_load, i32 %mux_case_970_read" [src/moe.cpp:740]   --->   Operation 207 'fmul' 'mul35_9' <Predicate = true> <Delay = 3.88> <CoreInst = "FMul_maxdsp">   --->   Core 30 'FMul_maxdsp' <Latency = 1> <II = 1> <Delay = 3.88> <FuncUnit> <Opcode : 'fmul'> <InPorts = 2> <OutPorts = 1>
ST_21 : Operation 208 [2/2] (0.54ns)   --->   "%p_ZL9e3_lut_w1_10_load = load i4 %p_ZL9e3_lut_w1_10_addr" [src/moe.cpp:740]   --->   Operation 208 'load' 'p_ZL9e3_lut_w1_10_load' <Predicate = true> <Delay = 0.54> <CoreInst = "ROM">   --->   Core 101 'ROM' <Latency = 1> <II = 1> <Delay = 0.54> <Storage> <Opcode : 'load'> <Ports = 0> <Width = 32> <Depth = 16> <ROM>

State 22 <SV = 21> <Delay = 6.04>
ST_22 : Operation 209 [2/2] (6.04ns)   --->   "%acc_190 = fadd i32 %acc_189, i32 %mul35_9" [src/moe.cpp:740]   --->   Operation 209 'fadd' 'acc_190' <Predicate = true> <Delay = 6.04> <CoreInst = "FAddSub_fulldsp">   --->   Core 18 'FAddSub_fulldsp' <Latency = 1> <II = 1> <Delay = 6.04> <FuncUnit> <Opcode : 'fadd' 'fsub'> <InPorts = 2> <OutPorts = 1>
ST_22 : Operation 210 [1/2] (0.54ns)   --->   "%p_ZL9e3_lut_w1_10_load = load i4 %p_ZL9e3_lut_w1_10_addr" [src/moe.cpp:740]   --->   Operation 210 'load' 'p_ZL9e3_lut_w1_10_load' <Predicate = true> <Delay = 0.54> <CoreInst = "ROM">   --->   Core 101 'ROM' <Latency = 1> <II = 1> <Delay = 0.54> <Storage> <Opcode : 'load'> <Ports = 0> <Width = 32> <Depth = 16> <ROM>
ST_22 : Operation 211 [2/2] (3.88ns)   --->   "%mul35_s = fmul i32 %p_ZL9e3_lut_w1_10_load, i32 %mux_case_1074_read" [src/moe.cpp:740]   --->   Operation 211 'fmul' 'mul35_s' <Predicate = true> <Delay = 3.88> <CoreInst = "FMul_maxdsp">   --->   Core 30 'FMul_maxdsp' <Latency = 1> <II = 1> <Delay = 3.88> <FuncUnit> <Opcode : 'fmul'> <InPorts = 2> <OutPorts = 1>

State 23 <SV = 22> <Delay = 6.04>
ST_23 : Operation 212 [1/1] (0.00ns)   --->   "%p_ZL9e3_lut_w1_11_addr = getelementptr i32 %p_ZL9e3_lut_w1_11, i64 0, i64 %zext_ln736" [src/moe.cpp:740]   --->   Operation 212 'getelementptr' 'p_ZL9e3_lut_w1_11_addr' <Predicate = true> <Delay = 0.00>
ST_23 : Operation 213 [1/2] (6.04ns)   --->   "%acc_190 = fadd i32 %acc_189, i32 %mul35_9" [src/moe.cpp:740]   --->   Operation 213 'fadd' 'acc_190' <Predicate = true> <Delay = 6.04> <CoreInst = "FAddSub_fulldsp">   --->   Core 18 'FAddSub_fulldsp' <Latency = 1> <II = 1> <Delay = 6.04> <FuncUnit> <Opcode : 'fadd' 'fsub'> <InPorts = 2> <OutPorts = 1>
ST_23 : Operation 214 [1/2] (3.88ns)   --->   "%mul35_s = fmul i32 %p_ZL9e3_lut_w1_10_load, i32 %mux_case_1074_read" [src/moe.cpp:740]   --->   Operation 214 'fmul' 'mul35_s' <Predicate = true> <Delay = 3.88> <CoreInst = "FMul_maxdsp">   --->   Core 30 'FMul_maxdsp' <Latency = 1> <II = 1> <Delay = 3.88> <FuncUnit> <Opcode : 'fmul'> <InPorts = 2> <OutPorts = 1>
ST_23 : Operation 215 [2/2] (0.54ns)   --->   "%p_ZL9e3_lut_w1_11_load = load i4 %p_ZL9e3_lut_w1_11_addr" [src/moe.cpp:740]   --->   Operation 215 'load' 'p_ZL9e3_lut_w1_11_load' <Predicate = true> <Delay = 0.54> <CoreInst = "ROM">   --->   Core 101 'ROM' <Latency = 1> <II = 1> <Delay = 0.54> <Storage> <Opcode : 'load'> <Ports = 0> <Width = 32> <Depth = 16> <ROM>

State 24 <SV = 23> <Delay = 6.04>
ST_24 : Operation 216 [2/2] (6.04ns)   --->   "%acc_191 = fadd i32 %acc_190, i32 %mul35_s" [src/moe.cpp:740]   --->   Operation 216 'fadd' 'acc_191' <Predicate = true> <Delay = 6.04> <CoreInst = "FAddSub_fulldsp">   --->   Core 18 'FAddSub_fulldsp' <Latency = 1> <II = 1> <Delay = 6.04> <FuncUnit> <Opcode : 'fadd' 'fsub'> <InPorts = 2> <OutPorts = 1>
ST_24 : Operation 217 [1/2] (0.54ns)   --->   "%p_ZL9e3_lut_w1_11_load = load i4 %p_ZL9e3_lut_w1_11_addr" [src/moe.cpp:740]   --->   Operation 217 'load' 'p_ZL9e3_lut_w1_11_load' <Predicate = true> <Delay = 0.54> <CoreInst = "ROM">   --->   Core 101 'ROM' <Latency = 1> <II = 1> <Delay = 0.54> <Storage> <Opcode : 'load'> <Ports = 0> <Width = 32> <Depth = 16> <ROM>
ST_24 : Operation 218 [2/2] (3.88ns)   --->   "%mul35_10 = fmul i32 %p_ZL9e3_lut_w1_11_load, i32 %mux_case_1178_read" [src/moe.cpp:740]   --->   Operation 218 'fmul' 'mul35_10' <Predicate = true> <Delay = 3.88> <CoreInst = "FMul_maxdsp">   --->   Core 30 'FMul_maxdsp' <Latency = 1> <II = 1> <Delay = 3.88> <FuncUnit> <Opcode : 'fmul'> <InPorts = 2> <OutPorts = 1>

State 25 <SV = 24> <Delay = 6.04>
ST_25 : Operation 219 [1/1] (0.00ns)   --->   "%p_ZL9e3_lut_w1_12_addr = getelementptr i32 %p_ZL9e3_lut_w1_12, i64 0, i64 %zext_ln736" [src/moe.cpp:740]   --->   Operation 219 'getelementptr' 'p_ZL9e3_lut_w1_12_addr' <Predicate = true> <Delay = 0.00>
ST_25 : Operation 220 [1/2] (6.04ns)   --->   "%acc_191 = fadd i32 %acc_190, i32 %mul35_s" [src/moe.cpp:740]   --->   Operation 220 'fadd' 'acc_191' <Predicate = true> <Delay = 6.04> <CoreInst = "FAddSub_fulldsp">   --->   Core 18 'FAddSub_fulldsp' <Latency = 1> <II = 1> <Delay = 6.04> <FuncUnit> <Opcode : 'fadd' 'fsub'> <InPorts = 2> <OutPorts = 1>
ST_25 : Operation 221 [1/2] (3.88ns)   --->   "%mul35_10 = fmul i32 %p_ZL9e3_lut_w1_11_load, i32 %mux_case_1178_read" [src/moe.cpp:740]   --->   Operation 221 'fmul' 'mul35_10' <Predicate = true> <Delay = 3.88> <CoreInst = "FMul_maxdsp">   --->   Core 30 'FMul_maxdsp' <Latency = 1> <II = 1> <Delay = 3.88> <FuncUnit> <Opcode : 'fmul'> <InPorts = 2> <OutPorts = 1>
ST_25 : Operation 222 [2/2] (0.54ns)   --->   "%p_ZL9e3_lut_w1_12_load = load i4 %p_ZL9e3_lut_w1_12_addr" [src/moe.cpp:740]   --->   Operation 222 'load' 'p_ZL9e3_lut_w1_12_load' <Predicate = true> <Delay = 0.54> <CoreInst = "ROM">   --->   Core 101 'ROM' <Latency = 1> <II = 1> <Delay = 0.54> <Storage> <Opcode : 'load'> <Ports = 0> <Width = 32> <Depth = 16> <ROM>

State 26 <SV = 25> <Delay = 6.04>
ST_26 : Operation 223 [2/2] (6.04ns)   --->   "%acc_192 = fadd i32 %acc_191, i32 %mul35_10" [src/moe.cpp:740]   --->   Operation 223 'fadd' 'acc_192' <Predicate = true> <Delay = 6.04> <CoreInst = "FAddSub_fulldsp">   --->   Core 18 'FAddSub_fulldsp' <Latency = 1> <II = 1> <Delay = 6.04> <FuncUnit> <Opcode : 'fadd' 'fsub'> <InPorts = 2> <OutPorts = 1>
ST_26 : Operation 224 [1/2] (0.54ns)   --->   "%p_ZL9e3_lut_w1_12_load = load i4 %p_ZL9e3_lut_w1_12_addr" [src/moe.cpp:740]   --->   Operation 224 'load' 'p_ZL9e3_lut_w1_12_load' <Predicate = true> <Delay = 0.54> <CoreInst = "ROM">   --->   Core 101 'ROM' <Latency = 1> <II = 1> <Delay = 0.54> <Storage> <Opcode : 'load'> <Ports = 0> <Width = 32> <Depth = 16> <ROM>
ST_26 : Operation 225 [2/2] (3.88ns)   --->   "%mul35_11 = fmul i32 %p_ZL9e3_lut_w1_12_load, i32 %mux_case_1282_read" [src/moe.cpp:740]   --->   Operation 225 'fmul' 'mul35_11' <Predicate = true> <Delay = 3.88> <CoreInst = "FMul_maxdsp">   --->   Core 30 'FMul_maxdsp' <Latency = 1> <II = 1> <Delay = 3.88> <FuncUnit> <Opcode : 'fmul'> <InPorts = 2> <OutPorts = 1>

State 27 <SV = 26> <Delay = 6.04>
ST_27 : Operation 226 [1/1] (0.00ns)   --->   "%p_ZL9e3_lut_w1_13_addr = getelementptr i32 %p_ZL9e3_lut_w1_13, i64 0, i64 %zext_ln736" [src/moe.cpp:740]   --->   Operation 226 'getelementptr' 'p_ZL9e3_lut_w1_13_addr' <Predicate = true> <Delay = 0.00>
ST_27 : Operation 227 [1/2] (6.04ns)   --->   "%acc_192 = fadd i32 %acc_191, i32 %mul35_10" [src/moe.cpp:740]   --->   Operation 227 'fadd' 'acc_192' <Predicate = true> <Delay = 6.04> <CoreInst = "FAddSub_fulldsp">   --->   Core 18 'FAddSub_fulldsp' <Latency = 1> <II = 1> <Delay = 6.04> <FuncUnit> <Opcode : 'fadd' 'fsub'> <InPorts = 2> <OutPorts = 1>
ST_27 : Operation 228 [1/2] (3.88ns)   --->   "%mul35_11 = fmul i32 %p_ZL9e3_lut_w1_12_load, i32 %mux_case_1282_read" [src/moe.cpp:740]   --->   Operation 228 'fmul' 'mul35_11' <Predicate = true> <Delay = 3.88> <CoreInst = "FMul_maxdsp">   --->   Core 30 'FMul_maxdsp' <Latency = 1> <II = 1> <Delay = 3.88> <FuncUnit> <Opcode : 'fmul'> <InPorts = 2> <OutPorts = 1>
ST_27 : Operation 229 [2/2] (0.54ns)   --->   "%p_ZL9e3_lut_w1_13_load = load i4 %p_ZL9e3_lut_w1_13_addr" [src/moe.cpp:740]   --->   Operation 229 'load' 'p_ZL9e3_lut_w1_13_load' <Predicate = true> <Delay = 0.54> <CoreInst = "ROM">   --->   Core 101 'ROM' <Latency = 1> <II = 1> <Delay = 0.54> <Storage> <Opcode : 'load'> <Ports = 0> <Width = 32> <Depth = 16> <ROM>

State 28 <SV = 27> <Delay = 6.04>
ST_28 : Operation 230 [2/2] (6.04ns)   --->   "%acc_193 = fadd i32 %acc_192, i32 %mul35_11" [src/moe.cpp:740]   --->   Operation 230 'fadd' 'acc_193' <Predicate = true> <Delay = 6.04> <CoreInst = "FAddSub_fulldsp">   --->   Core 18 'FAddSub_fulldsp' <Latency = 1> <II = 1> <Delay = 6.04> <FuncUnit> <Opcode : 'fadd' 'fsub'> <InPorts = 2> <OutPorts = 1>
ST_28 : Operation 231 [1/2] (0.54ns)   --->   "%p_ZL9e3_lut_w1_13_load = load i4 %p_ZL9e3_lut_w1_13_addr" [src/moe.cpp:740]   --->   Operation 231 'load' 'p_ZL9e3_lut_w1_13_load' <Predicate = true> <Delay = 0.54> <CoreInst = "ROM">   --->   Core 101 'ROM' <Latency = 1> <II = 1> <Delay = 0.54> <Storage> <Opcode : 'load'> <Ports = 0> <Width = 32> <Depth = 16> <ROM>
ST_28 : Operation 232 [2/2] (3.88ns)   --->   "%mul35_12 = fmul i32 %p_ZL9e3_lut_w1_13_load, i32 %mux_case_1386_read" [src/moe.cpp:740]   --->   Operation 232 'fmul' 'mul35_12' <Predicate = true> <Delay = 3.88> <CoreInst = "FMul_maxdsp">   --->   Core 30 'FMul_maxdsp' <Latency = 1> <II = 1> <Delay = 3.88> <FuncUnit> <Opcode : 'fmul'> <InPorts = 2> <OutPorts = 1>

State 29 <SV = 28> <Delay = 6.04>
ST_29 : Operation 233 [1/1] (0.00ns)   --->   "%p_ZL9e3_lut_w1_14_addr = getelementptr i32 %p_ZL9e3_lut_w1_14, i64 0, i64 %zext_ln736" [src/moe.cpp:740]   --->   Operation 233 'getelementptr' 'p_ZL9e3_lut_w1_14_addr' <Predicate = true> <Delay = 0.00>
ST_29 : Operation 234 [1/2] (6.04ns)   --->   "%acc_193 = fadd i32 %acc_192, i32 %mul35_11" [src/moe.cpp:740]   --->   Operation 234 'fadd' 'acc_193' <Predicate = true> <Delay = 6.04> <CoreInst = "FAddSub_fulldsp">   --->   Core 18 'FAddSub_fulldsp' <Latency = 1> <II = 1> <Delay = 6.04> <FuncUnit> <Opcode : 'fadd' 'fsub'> <InPorts = 2> <OutPorts = 1>
ST_29 : Operation 235 [1/2] (3.88ns)   --->   "%mul35_12 = fmul i32 %p_ZL9e3_lut_w1_13_load, i32 %mux_case_1386_read" [src/moe.cpp:740]   --->   Operation 235 'fmul' 'mul35_12' <Predicate = true> <Delay = 3.88> <CoreInst = "FMul_maxdsp">   --->   Core 30 'FMul_maxdsp' <Latency = 1> <II = 1> <Delay = 3.88> <FuncUnit> <Opcode : 'fmul'> <InPorts = 2> <OutPorts = 1>
ST_29 : Operation 236 [2/2] (0.54ns)   --->   "%p_ZL9e3_lut_w1_14_load = load i4 %p_ZL9e3_lut_w1_14_addr" [src/moe.cpp:740]   --->   Operation 236 'load' 'p_ZL9e3_lut_w1_14_load' <Predicate = true> <Delay = 0.54> <CoreInst = "ROM">   --->   Core 101 'ROM' <Latency = 1> <II = 1> <Delay = 0.54> <Storage> <Opcode : 'load'> <Ports = 0> <Width = 32> <Depth = 16> <ROM>

State 30 <SV = 29> <Delay = 6.04>
ST_30 : Operation 237 [2/2] (6.04ns)   --->   "%acc_194 = fadd i32 %acc_193, i32 %mul35_12" [src/moe.cpp:740]   --->   Operation 237 'fadd' 'acc_194' <Predicate = true> <Delay = 6.04> <CoreInst = "FAddSub_fulldsp">   --->   Core 18 'FAddSub_fulldsp' <Latency = 1> <II = 1> <Delay = 6.04> <FuncUnit> <Opcode : 'fadd' 'fsub'> <InPorts = 2> <OutPorts = 1>
ST_30 : Operation 238 [1/2] (0.54ns)   --->   "%p_ZL9e3_lut_w1_14_load = load i4 %p_ZL9e3_lut_w1_14_addr" [src/moe.cpp:740]   --->   Operation 238 'load' 'p_ZL9e3_lut_w1_14_load' <Predicate = true> <Delay = 0.54> <CoreInst = "ROM">   --->   Core 101 'ROM' <Latency = 1> <II = 1> <Delay = 0.54> <Storage> <Opcode : 'load'> <Ports = 0> <Width = 32> <Depth = 16> <ROM>
ST_30 : Operation 239 [2/2] (3.88ns)   --->   "%mul35_13 = fmul i32 %p_ZL9e3_lut_w1_14_load, i32 %mux_case_1490_read" [src/moe.cpp:740]   --->   Operation 239 'fmul' 'mul35_13' <Predicate = true> <Delay = 3.88> <CoreInst = "FMul_maxdsp">   --->   Core 30 'FMul_maxdsp' <Latency = 1> <II = 1> <Delay = 3.88> <FuncUnit> <Opcode : 'fmul'> <InPorts = 2> <OutPorts = 1>

State 31 <SV = 30> <Delay = 6.04>
ST_31 : Operation 240 [1/1] (0.00ns)   --->   "%p_ZL9e3_lut_w1_15_addr = getelementptr i32 %p_ZL9e3_lut_w1_15, i64 0, i64 %zext_ln736" [src/moe.cpp:740]   --->   Operation 240 'getelementptr' 'p_ZL9e3_lut_w1_15_addr' <Predicate = true> <Delay = 0.00>
ST_31 : Operation 241 [1/2] (6.04ns)   --->   "%acc_194 = fadd i32 %acc_193, i32 %mul35_12" [src/moe.cpp:740]   --->   Operation 241 'fadd' 'acc_194' <Predicate = true> <Delay = 6.04> <CoreInst = "FAddSub_fulldsp">   --->   Core 18 'FAddSub_fulldsp' <Latency = 1> <II = 1> <Delay = 6.04> <FuncUnit> <Opcode : 'fadd' 'fsub'> <InPorts = 2> <OutPorts = 1>
ST_31 : Operation 242 [1/2] (3.88ns)   --->   "%mul35_13 = fmul i32 %p_ZL9e3_lut_w1_14_load, i32 %mux_case_1490_read" [src/moe.cpp:740]   --->   Operation 242 'fmul' 'mul35_13' <Predicate = true> <Delay = 3.88> <CoreInst = "FMul_maxdsp">   --->   Core 30 'FMul_maxdsp' <Latency = 1> <II = 1> <Delay = 3.88> <FuncUnit> <Opcode : 'fmul'> <InPorts = 2> <OutPorts = 1>
ST_31 : Operation 243 [2/2] (0.54ns)   --->   "%p_ZL9e3_lut_w1_15_load = load i4 %p_ZL9e3_lut_w1_15_addr" [src/moe.cpp:740]   --->   Operation 243 'load' 'p_ZL9e3_lut_w1_15_load' <Predicate = true> <Delay = 0.54> <CoreInst = "ROM">   --->   Core 101 'ROM' <Latency = 1> <II = 1> <Delay = 0.54> <Storage> <Opcode : 'load'> <Ports = 0> <Width = 32> <Depth = 16> <ROM>

State 32 <SV = 31> <Delay = 6.04>
ST_32 : Operation 244 [2/2] (6.04ns)   --->   "%acc_195 = fadd i32 %acc_194, i32 %mul35_13" [src/moe.cpp:740]   --->   Operation 244 'fadd' 'acc_195' <Predicate = true> <Delay = 6.04> <CoreInst = "FAddSub_fulldsp">   --->   Core 18 'FAddSub_fulldsp' <Latency = 1> <II = 1> <Delay = 6.04> <FuncUnit> <Opcode : 'fadd' 'fsub'> <InPorts = 2> <OutPorts = 1>
ST_32 : Operation 245 [1/2] (0.54ns)   --->   "%p_ZL9e3_lut_w1_15_load = load i4 %p_ZL9e3_lut_w1_15_addr" [src/moe.cpp:740]   --->   Operation 245 'load' 'p_ZL9e3_lut_w1_15_load' <Predicate = true> <Delay = 0.54> <CoreInst = "ROM">   --->   Core 101 'ROM' <Latency = 1> <II = 1> <Delay = 0.54> <Storage> <Opcode : 'load'> <Ports = 0> <Width = 32> <Depth = 16> <ROM>
ST_32 : Operation 246 [2/2] (3.88ns)   --->   "%mul35_14 = fmul i32 %p_ZL9e3_lut_w1_15_load, i32 %mux_case_1594_read" [src/moe.cpp:740]   --->   Operation 246 'fmul' 'mul35_14' <Predicate = true> <Delay = 3.88> <CoreInst = "FMul_maxdsp">   --->   Core 30 'FMul_maxdsp' <Latency = 1> <II = 1> <Delay = 3.88> <FuncUnit> <Opcode : 'fmul'> <InPorts = 2> <OutPorts = 1>

State 33 <SV = 32> <Delay = 6.04>
ST_33 : Operation 247 [1/1] (0.00ns)   --->   "%p_ZL9e3_lut_w1_16_addr = getelementptr i32 %p_ZL9e3_lut_w1_16, i64 0, i64 %zext_ln736" [src/moe.cpp:740]   --->   Operation 247 'getelementptr' 'p_ZL9e3_lut_w1_16_addr' <Predicate = true> <Delay = 0.00>
ST_33 : Operation 248 [1/2] (6.04ns)   --->   "%acc_195 = fadd i32 %acc_194, i32 %mul35_13" [src/moe.cpp:740]   --->   Operation 248 'fadd' 'acc_195' <Predicate = true> <Delay = 6.04> <CoreInst = "FAddSub_fulldsp">   --->   Core 18 'FAddSub_fulldsp' <Latency = 1> <II = 1> <Delay = 6.04> <FuncUnit> <Opcode : 'fadd' 'fsub'> <InPorts = 2> <OutPorts = 1>
ST_33 : Operation 249 [1/2] (3.88ns)   --->   "%mul35_14 = fmul i32 %p_ZL9e3_lut_w1_15_load, i32 %mux_case_1594_read" [src/moe.cpp:740]   --->   Operation 249 'fmul' 'mul35_14' <Predicate = true> <Delay = 3.88> <CoreInst = "FMul_maxdsp">   --->   Core 30 'FMul_maxdsp' <Latency = 1> <II = 1> <Delay = 3.88> <FuncUnit> <Opcode : 'fmul'> <InPorts = 2> <OutPorts = 1>
ST_33 : Operation 250 [2/2] (0.54ns)   --->   "%p_ZL9e3_lut_w1_16_load = load i4 %p_ZL9e3_lut_w1_16_addr" [src/moe.cpp:740]   --->   Operation 250 'load' 'p_ZL9e3_lut_w1_16_load' <Predicate = true> <Delay = 0.54> <CoreInst = "ROM">   --->   Core 101 'ROM' <Latency = 1> <II = 1> <Delay = 0.54> <Storage> <Opcode : 'load'> <Ports = 0> <Width = 32> <Depth = 16> <ROM>

State 34 <SV = 33> <Delay = 6.04>
ST_34 : Operation 251 [2/2] (6.04ns)   --->   "%acc_196 = fadd i32 %acc_195, i32 %mul35_14" [src/moe.cpp:740]   --->   Operation 251 'fadd' 'acc_196' <Predicate = true> <Delay = 6.04> <CoreInst = "FAddSub_fulldsp">   --->   Core 18 'FAddSub_fulldsp' <Latency = 1> <II = 1> <Delay = 6.04> <FuncUnit> <Opcode : 'fadd' 'fsub'> <InPorts = 2> <OutPorts = 1>
ST_34 : Operation 252 [1/2] (0.54ns)   --->   "%p_ZL9e3_lut_w1_16_load = load i4 %p_ZL9e3_lut_w1_16_addr" [src/moe.cpp:740]   --->   Operation 252 'load' 'p_ZL9e3_lut_w1_16_load' <Predicate = true> <Delay = 0.54> <CoreInst = "ROM">   --->   Core 101 'ROM' <Latency = 1> <II = 1> <Delay = 0.54> <Storage> <Opcode : 'load'> <Ports = 0> <Width = 32> <Depth = 16> <ROM>
ST_34 : Operation 253 [2/2] (3.88ns)   --->   "%mul35_15 = fmul i32 %p_ZL9e3_lut_w1_16_load, i32 %mux_case_1698_read" [src/moe.cpp:740]   --->   Operation 253 'fmul' 'mul35_15' <Predicate = true> <Delay = 3.88> <CoreInst = "FMul_maxdsp">   --->   Core 30 'FMul_maxdsp' <Latency = 1> <II = 1> <Delay = 3.88> <FuncUnit> <Opcode : 'fmul'> <InPorts = 2> <OutPorts = 1>

State 35 <SV = 34> <Delay = 6.04>
ST_35 : Operation 254 [1/1] (0.00ns)   --->   "%p_ZL9e3_lut_w1_17_addr = getelementptr i32 %p_ZL9e3_lut_w1_17, i64 0, i64 %zext_ln736" [src/moe.cpp:740]   --->   Operation 254 'getelementptr' 'p_ZL9e3_lut_w1_17_addr' <Predicate = true> <Delay = 0.00>
ST_35 : Operation 255 [1/2] (6.04ns)   --->   "%acc_196 = fadd i32 %acc_195, i32 %mul35_14" [src/moe.cpp:740]   --->   Operation 255 'fadd' 'acc_196' <Predicate = true> <Delay = 6.04> <CoreInst = "FAddSub_fulldsp">   --->   Core 18 'FAddSub_fulldsp' <Latency = 1> <II = 1> <Delay = 6.04> <FuncUnit> <Opcode : 'fadd' 'fsub'> <InPorts = 2> <OutPorts = 1>
ST_35 : Operation 256 [1/2] (3.88ns)   --->   "%mul35_15 = fmul i32 %p_ZL9e3_lut_w1_16_load, i32 %mux_case_1698_read" [src/moe.cpp:740]   --->   Operation 256 'fmul' 'mul35_15' <Predicate = true> <Delay = 3.88> <CoreInst = "FMul_maxdsp">   --->   Core 30 'FMul_maxdsp' <Latency = 1> <II = 1> <Delay = 3.88> <FuncUnit> <Opcode : 'fmul'> <InPorts = 2> <OutPorts = 1>
ST_35 : Operation 257 [2/2] (0.54ns)   --->   "%p_ZL9e3_lut_w1_17_load = load i4 %p_ZL9e3_lut_w1_17_addr" [src/moe.cpp:740]   --->   Operation 257 'load' 'p_ZL9e3_lut_w1_17_load' <Predicate = true> <Delay = 0.54> <CoreInst = "ROM">   --->   Core 101 'ROM' <Latency = 1> <II = 1> <Delay = 0.54> <Storage> <Opcode : 'load'> <Ports = 0> <Width = 32> <Depth = 16> <ROM>

State 36 <SV = 35> <Delay = 6.04>
ST_36 : Operation 258 [2/2] (6.04ns)   --->   "%acc_197 = fadd i32 %acc_196, i32 %mul35_15" [src/moe.cpp:740]   --->   Operation 258 'fadd' 'acc_197' <Predicate = true> <Delay = 6.04> <CoreInst = "FAddSub_fulldsp">   --->   Core 18 'FAddSub_fulldsp' <Latency = 1> <II = 1> <Delay = 6.04> <FuncUnit> <Opcode : 'fadd' 'fsub'> <InPorts = 2> <OutPorts = 1>
ST_36 : Operation 259 [1/2] (0.54ns)   --->   "%p_ZL9e3_lut_w1_17_load = load i4 %p_ZL9e3_lut_w1_17_addr" [src/moe.cpp:740]   --->   Operation 259 'load' 'p_ZL9e3_lut_w1_17_load' <Predicate = true> <Delay = 0.54> <CoreInst = "ROM">   --->   Core 101 'ROM' <Latency = 1> <II = 1> <Delay = 0.54> <Storage> <Opcode : 'load'> <Ports = 0> <Width = 32> <Depth = 16> <ROM>
ST_36 : Operation 260 [2/2] (3.88ns)   --->   "%mul35_16 = fmul i32 %p_ZL9e3_lut_w1_17_load, i32 %mux_case_17102_read" [src/moe.cpp:740]   --->   Operation 260 'fmul' 'mul35_16' <Predicate = true> <Delay = 3.88> <CoreInst = "FMul_maxdsp">   --->   Core 30 'FMul_maxdsp' <Latency = 1> <II = 1> <Delay = 3.88> <FuncUnit> <Opcode : 'fmul'> <InPorts = 2> <OutPorts = 1>

State 37 <SV = 36> <Delay = 6.04>
ST_37 : Operation 261 [1/1] (0.00ns)   --->   "%p_ZL9e3_lut_w1_18_addr = getelementptr i32 %p_ZL9e3_lut_w1_18, i64 0, i64 %zext_ln736" [src/moe.cpp:740]   --->   Operation 261 'getelementptr' 'p_ZL9e3_lut_w1_18_addr' <Predicate = true> <Delay = 0.00>
ST_37 : Operation 262 [1/2] (6.04ns)   --->   "%acc_197 = fadd i32 %acc_196, i32 %mul35_15" [src/moe.cpp:740]   --->   Operation 262 'fadd' 'acc_197' <Predicate = true> <Delay = 6.04> <CoreInst = "FAddSub_fulldsp">   --->   Core 18 'FAddSub_fulldsp' <Latency = 1> <II = 1> <Delay = 6.04> <FuncUnit> <Opcode : 'fadd' 'fsub'> <InPorts = 2> <OutPorts = 1>
ST_37 : Operation 263 [1/2] (3.88ns)   --->   "%mul35_16 = fmul i32 %p_ZL9e3_lut_w1_17_load, i32 %mux_case_17102_read" [src/moe.cpp:740]   --->   Operation 263 'fmul' 'mul35_16' <Predicate = true> <Delay = 3.88> <CoreInst = "FMul_maxdsp">   --->   Core 30 'FMul_maxdsp' <Latency = 1> <II = 1> <Delay = 3.88> <FuncUnit> <Opcode : 'fmul'> <InPorts = 2> <OutPorts = 1>
ST_37 : Operation 264 [2/2] (0.54ns)   --->   "%p_ZL9e3_lut_w1_18_load = load i4 %p_ZL9e3_lut_w1_18_addr" [src/moe.cpp:740]   --->   Operation 264 'load' 'p_ZL9e3_lut_w1_18_load' <Predicate = true> <Delay = 0.54> <CoreInst = "ROM">   --->   Core 101 'ROM' <Latency = 1> <II = 1> <Delay = 0.54> <Storage> <Opcode : 'load'> <Ports = 0> <Width = 32> <Depth = 16> <ROM>

State 38 <SV = 37> <Delay = 6.04>
ST_38 : Operation 265 [2/2] (6.04ns)   --->   "%acc_198 = fadd i32 %acc_197, i32 %mul35_16" [src/moe.cpp:740]   --->   Operation 265 'fadd' 'acc_198' <Predicate = true> <Delay = 6.04> <CoreInst = "FAddSub_fulldsp">   --->   Core 18 'FAddSub_fulldsp' <Latency = 1> <II = 1> <Delay = 6.04> <FuncUnit> <Opcode : 'fadd' 'fsub'> <InPorts = 2> <OutPorts = 1>
ST_38 : Operation 266 [1/2] (0.54ns)   --->   "%p_ZL9e3_lut_w1_18_load = load i4 %p_ZL9e3_lut_w1_18_addr" [src/moe.cpp:740]   --->   Operation 266 'load' 'p_ZL9e3_lut_w1_18_load' <Predicate = true> <Delay = 0.54> <CoreInst = "ROM">   --->   Core 101 'ROM' <Latency = 1> <II = 1> <Delay = 0.54> <Storage> <Opcode : 'load'> <Ports = 0> <Width = 32> <Depth = 16> <ROM>
ST_38 : Operation 267 [2/2] (3.88ns)   --->   "%mul35_17 = fmul i32 %p_ZL9e3_lut_w1_18_load, i32 %mux_case_18106_read" [src/moe.cpp:740]   --->   Operation 267 'fmul' 'mul35_17' <Predicate = true> <Delay = 3.88> <CoreInst = "FMul_maxdsp">   --->   Core 30 'FMul_maxdsp' <Latency = 1> <II = 1> <Delay = 3.88> <FuncUnit> <Opcode : 'fmul'> <InPorts = 2> <OutPorts = 1>

State 39 <SV = 38> <Delay = 6.04>
ST_39 : Operation 268 [1/1] (0.00ns)   --->   "%p_ZL9e3_lut_w1_19_addr = getelementptr i32 %p_ZL9e3_lut_w1_19, i64 0, i64 %zext_ln736" [src/moe.cpp:740]   --->   Operation 268 'getelementptr' 'p_ZL9e3_lut_w1_19_addr' <Predicate = true> <Delay = 0.00>
ST_39 : Operation 269 [1/2] (6.04ns)   --->   "%acc_198 = fadd i32 %acc_197, i32 %mul35_16" [src/moe.cpp:740]   --->   Operation 269 'fadd' 'acc_198' <Predicate = true> <Delay = 6.04> <CoreInst = "FAddSub_fulldsp">   --->   Core 18 'FAddSub_fulldsp' <Latency = 1> <II = 1> <Delay = 6.04> <FuncUnit> <Opcode : 'fadd' 'fsub'> <InPorts = 2> <OutPorts = 1>
ST_39 : Operation 270 [1/2] (3.88ns)   --->   "%mul35_17 = fmul i32 %p_ZL9e3_lut_w1_18_load, i32 %mux_case_18106_read" [src/moe.cpp:740]   --->   Operation 270 'fmul' 'mul35_17' <Predicate = true> <Delay = 3.88> <CoreInst = "FMul_maxdsp">   --->   Core 30 'FMul_maxdsp' <Latency = 1> <II = 1> <Delay = 3.88> <FuncUnit> <Opcode : 'fmul'> <InPorts = 2> <OutPorts = 1>
ST_39 : Operation 271 [2/2] (0.54ns)   --->   "%p_ZL9e3_lut_w1_19_load = load i4 %p_ZL9e3_lut_w1_19_addr" [src/moe.cpp:740]   --->   Operation 271 'load' 'p_ZL9e3_lut_w1_19_load' <Predicate = true> <Delay = 0.54> <CoreInst = "ROM">   --->   Core 101 'ROM' <Latency = 1> <II = 1> <Delay = 0.54> <Storage> <Opcode : 'load'> <Ports = 0> <Width = 32> <Depth = 16> <ROM>

State 40 <SV = 39> <Delay = 6.04>
ST_40 : Operation 272 [2/2] (6.04ns)   --->   "%acc_199 = fadd i32 %acc_198, i32 %mul35_17" [src/moe.cpp:740]   --->   Operation 272 'fadd' 'acc_199' <Predicate = true> <Delay = 6.04> <CoreInst = "FAddSub_fulldsp">   --->   Core 18 'FAddSub_fulldsp' <Latency = 1> <II = 1> <Delay = 6.04> <FuncUnit> <Opcode : 'fadd' 'fsub'> <InPorts = 2> <OutPorts = 1>
ST_40 : Operation 273 [1/2] (0.54ns)   --->   "%p_ZL9e3_lut_w1_19_load = load i4 %p_ZL9e3_lut_w1_19_addr" [src/moe.cpp:740]   --->   Operation 273 'load' 'p_ZL9e3_lut_w1_19_load' <Predicate = true> <Delay = 0.54> <CoreInst = "ROM">   --->   Core 101 'ROM' <Latency = 1> <II = 1> <Delay = 0.54> <Storage> <Opcode : 'load'> <Ports = 0> <Width = 32> <Depth = 16> <ROM>
ST_40 : Operation 274 [2/2] (3.88ns)   --->   "%mul35_18 = fmul i32 %p_ZL9e3_lut_w1_19_load, i32 %mux_case_19110_read" [src/moe.cpp:740]   --->   Operation 274 'fmul' 'mul35_18' <Predicate = true> <Delay = 3.88> <CoreInst = "FMul_maxdsp">   --->   Core 30 'FMul_maxdsp' <Latency = 1> <II = 1> <Delay = 3.88> <FuncUnit> <Opcode : 'fmul'> <InPorts = 2> <OutPorts = 1>

State 41 <SV = 40> <Delay = 6.04>
ST_41 : Operation 275 [1/1] (0.00ns)   --->   "%p_ZL9e3_lut_w1_20_addr = getelementptr i32 %p_ZL9e3_lut_w1_20, i64 0, i64 %zext_ln736" [src/moe.cpp:740]   --->   Operation 275 'getelementptr' 'p_ZL9e3_lut_w1_20_addr' <Predicate = true> <Delay = 0.00>
ST_41 : Operation 276 [1/2] (6.04ns)   --->   "%acc_199 = fadd i32 %acc_198, i32 %mul35_17" [src/moe.cpp:740]   --->   Operation 276 'fadd' 'acc_199' <Predicate = true> <Delay = 6.04> <CoreInst = "FAddSub_fulldsp">   --->   Core 18 'FAddSub_fulldsp' <Latency = 1> <II = 1> <Delay = 6.04> <FuncUnit> <Opcode : 'fadd' 'fsub'> <InPorts = 2> <OutPorts = 1>
ST_41 : Operation 277 [1/2] (3.88ns)   --->   "%mul35_18 = fmul i32 %p_ZL9e3_lut_w1_19_load, i32 %mux_case_19110_read" [src/moe.cpp:740]   --->   Operation 277 'fmul' 'mul35_18' <Predicate = true> <Delay = 3.88> <CoreInst = "FMul_maxdsp">   --->   Core 30 'FMul_maxdsp' <Latency = 1> <II = 1> <Delay = 3.88> <FuncUnit> <Opcode : 'fmul'> <InPorts = 2> <OutPorts = 1>
ST_41 : Operation 278 [2/2] (0.54ns)   --->   "%p_ZL9e3_lut_w1_20_load = load i4 %p_ZL9e3_lut_w1_20_addr" [src/moe.cpp:740]   --->   Operation 278 'load' 'p_ZL9e3_lut_w1_20_load' <Predicate = true> <Delay = 0.54> <CoreInst = "ROM">   --->   Core 101 'ROM' <Latency = 1> <II = 1> <Delay = 0.54> <Storage> <Opcode : 'load'> <Ports = 0> <Width = 32> <Depth = 16> <ROM>

State 42 <SV = 41> <Delay = 6.04>
ST_42 : Operation 279 [2/2] (6.04ns)   --->   "%acc_200 = fadd i32 %acc_199, i32 %mul35_18" [src/moe.cpp:740]   --->   Operation 279 'fadd' 'acc_200' <Predicate = true> <Delay = 6.04> <CoreInst = "FAddSub_fulldsp">   --->   Core 18 'FAddSub_fulldsp' <Latency = 1> <II = 1> <Delay = 6.04> <FuncUnit> <Opcode : 'fadd' 'fsub'> <InPorts = 2> <OutPorts = 1>
ST_42 : Operation 280 [1/2] (0.54ns)   --->   "%p_ZL9e3_lut_w1_20_load = load i4 %p_ZL9e3_lut_w1_20_addr" [src/moe.cpp:740]   --->   Operation 280 'load' 'p_ZL9e3_lut_w1_20_load' <Predicate = true> <Delay = 0.54> <CoreInst = "ROM">   --->   Core 101 'ROM' <Latency = 1> <II = 1> <Delay = 0.54> <Storage> <Opcode : 'load'> <Ports = 0> <Width = 32> <Depth = 16> <ROM>
ST_42 : Operation 281 [2/2] (3.88ns)   --->   "%mul35_19 = fmul i32 %p_ZL9e3_lut_w1_20_load, i32 %mux_case_20114_read" [src/moe.cpp:740]   --->   Operation 281 'fmul' 'mul35_19' <Predicate = true> <Delay = 3.88> <CoreInst = "FMul_maxdsp">   --->   Core 30 'FMul_maxdsp' <Latency = 1> <II = 1> <Delay = 3.88> <FuncUnit> <Opcode : 'fmul'> <InPorts = 2> <OutPorts = 1>

State 43 <SV = 42> <Delay = 6.04>
ST_43 : Operation 282 [1/1] (0.00ns)   --->   "%p_ZL9e3_lut_w1_21_addr = getelementptr i32 %p_ZL9e3_lut_w1_21, i64 0, i64 %zext_ln736" [src/moe.cpp:740]   --->   Operation 282 'getelementptr' 'p_ZL9e3_lut_w1_21_addr' <Predicate = true> <Delay = 0.00>
ST_43 : Operation 283 [1/2] (6.04ns)   --->   "%acc_200 = fadd i32 %acc_199, i32 %mul35_18" [src/moe.cpp:740]   --->   Operation 283 'fadd' 'acc_200' <Predicate = true> <Delay = 6.04> <CoreInst = "FAddSub_fulldsp">   --->   Core 18 'FAddSub_fulldsp' <Latency = 1> <II = 1> <Delay = 6.04> <FuncUnit> <Opcode : 'fadd' 'fsub'> <InPorts = 2> <OutPorts = 1>
ST_43 : Operation 284 [1/2] (3.88ns)   --->   "%mul35_19 = fmul i32 %p_ZL9e3_lut_w1_20_load, i32 %mux_case_20114_read" [src/moe.cpp:740]   --->   Operation 284 'fmul' 'mul35_19' <Predicate = true> <Delay = 3.88> <CoreInst = "FMul_maxdsp">   --->   Core 30 'FMul_maxdsp' <Latency = 1> <II = 1> <Delay = 3.88> <FuncUnit> <Opcode : 'fmul'> <InPorts = 2> <OutPorts = 1>
ST_43 : Operation 285 [2/2] (0.54ns)   --->   "%p_ZL9e3_lut_w1_21_load = load i4 %p_ZL9e3_lut_w1_21_addr" [src/moe.cpp:740]   --->   Operation 285 'load' 'p_ZL9e3_lut_w1_21_load' <Predicate = true> <Delay = 0.54> <CoreInst = "ROM">   --->   Core 101 'ROM' <Latency = 1> <II = 1> <Delay = 0.54> <Storage> <Opcode : 'load'> <Ports = 0> <Width = 32> <Depth = 16> <ROM>

State 44 <SV = 43> <Delay = 6.04>
ST_44 : Operation 286 [2/2] (6.04ns)   --->   "%acc_201 = fadd i32 %acc_200, i32 %mul35_19" [src/moe.cpp:740]   --->   Operation 286 'fadd' 'acc_201' <Predicate = true> <Delay = 6.04> <CoreInst = "FAddSub_fulldsp">   --->   Core 18 'FAddSub_fulldsp' <Latency = 1> <II = 1> <Delay = 6.04> <FuncUnit> <Opcode : 'fadd' 'fsub'> <InPorts = 2> <OutPorts = 1>
ST_44 : Operation 287 [1/2] (0.54ns)   --->   "%p_ZL9e3_lut_w1_21_load = load i4 %p_ZL9e3_lut_w1_21_addr" [src/moe.cpp:740]   --->   Operation 287 'load' 'p_ZL9e3_lut_w1_21_load' <Predicate = true> <Delay = 0.54> <CoreInst = "ROM">   --->   Core 101 'ROM' <Latency = 1> <II = 1> <Delay = 0.54> <Storage> <Opcode : 'load'> <Ports = 0> <Width = 32> <Depth = 16> <ROM>
ST_44 : Operation 288 [2/2] (3.88ns)   --->   "%mul35_20 = fmul i32 %p_ZL9e3_lut_w1_21_load, i32 %mux_case_21118_read" [src/moe.cpp:740]   --->   Operation 288 'fmul' 'mul35_20' <Predicate = true> <Delay = 3.88> <CoreInst = "FMul_maxdsp">   --->   Core 30 'FMul_maxdsp' <Latency = 1> <II = 1> <Delay = 3.88> <FuncUnit> <Opcode : 'fmul'> <InPorts = 2> <OutPorts = 1>

State 45 <SV = 44> <Delay = 6.04>
ST_45 : Operation 289 [1/1] (0.00ns)   --->   "%p_ZL9e3_lut_w1_22_addr = getelementptr i32 %p_ZL9e3_lut_w1_22, i64 0, i64 %zext_ln736" [src/moe.cpp:740]   --->   Operation 289 'getelementptr' 'p_ZL9e3_lut_w1_22_addr' <Predicate = true> <Delay = 0.00>
ST_45 : Operation 290 [1/2] (6.04ns)   --->   "%acc_201 = fadd i32 %acc_200, i32 %mul35_19" [src/moe.cpp:740]   --->   Operation 290 'fadd' 'acc_201' <Predicate = true> <Delay = 6.04> <CoreInst = "FAddSub_fulldsp">   --->   Core 18 'FAddSub_fulldsp' <Latency = 1> <II = 1> <Delay = 6.04> <FuncUnit> <Opcode : 'fadd' 'fsub'> <InPorts = 2> <OutPorts = 1>
ST_45 : Operation 291 [1/2] (3.88ns)   --->   "%mul35_20 = fmul i32 %p_ZL9e3_lut_w1_21_load, i32 %mux_case_21118_read" [src/moe.cpp:740]   --->   Operation 291 'fmul' 'mul35_20' <Predicate = true> <Delay = 3.88> <CoreInst = "FMul_maxdsp">   --->   Core 30 'FMul_maxdsp' <Latency = 1> <II = 1> <Delay = 3.88> <FuncUnit> <Opcode : 'fmul'> <InPorts = 2> <OutPorts = 1>
ST_45 : Operation 292 [2/2] (0.54ns)   --->   "%p_ZL9e3_lut_w1_22_load = load i4 %p_ZL9e3_lut_w1_22_addr" [src/moe.cpp:740]   --->   Operation 292 'load' 'p_ZL9e3_lut_w1_22_load' <Predicate = true> <Delay = 0.54> <CoreInst = "ROM">   --->   Core 101 'ROM' <Latency = 1> <II = 1> <Delay = 0.54> <Storage> <Opcode : 'load'> <Ports = 0> <Width = 32> <Depth = 16> <ROM>

State 46 <SV = 45> <Delay = 6.04>
ST_46 : Operation 293 [2/2] (6.04ns)   --->   "%acc_202 = fadd i32 %acc_201, i32 %mul35_20" [src/moe.cpp:740]   --->   Operation 293 'fadd' 'acc_202' <Predicate = true> <Delay = 6.04> <CoreInst = "FAddSub_fulldsp">   --->   Core 18 'FAddSub_fulldsp' <Latency = 1> <II = 1> <Delay = 6.04> <FuncUnit> <Opcode : 'fadd' 'fsub'> <InPorts = 2> <OutPorts = 1>
ST_46 : Operation 294 [1/2] (0.54ns)   --->   "%p_ZL9e3_lut_w1_22_load = load i4 %p_ZL9e3_lut_w1_22_addr" [src/moe.cpp:740]   --->   Operation 294 'load' 'p_ZL9e3_lut_w1_22_load' <Predicate = true> <Delay = 0.54> <CoreInst = "ROM">   --->   Core 101 'ROM' <Latency = 1> <II = 1> <Delay = 0.54> <Storage> <Opcode : 'load'> <Ports = 0> <Width = 32> <Depth = 16> <ROM>
ST_46 : Operation 295 [2/2] (3.88ns)   --->   "%mul35_21 = fmul i32 %p_ZL9e3_lut_w1_22_load, i32 %mux_case_22122_read" [src/moe.cpp:740]   --->   Operation 295 'fmul' 'mul35_21' <Predicate = true> <Delay = 3.88> <CoreInst = "FMul_maxdsp">   --->   Core 30 'FMul_maxdsp' <Latency = 1> <II = 1> <Delay = 3.88> <FuncUnit> <Opcode : 'fmul'> <InPorts = 2> <OutPorts = 1>

State 47 <SV = 46> <Delay = 6.04>
ST_47 : Operation 296 [1/1] (0.00ns)   --->   "%p_ZL9e3_lut_w1_23_addr = getelementptr i32 %p_ZL9e3_lut_w1_23, i64 0, i64 %zext_ln736" [src/moe.cpp:740]   --->   Operation 296 'getelementptr' 'p_ZL9e3_lut_w1_23_addr' <Predicate = true> <Delay = 0.00>
ST_47 : Operation 297 [1/2] (6.04ns)   --->   "%acc_202 = fadd i32 %acc_201, i32 %mul35_20" [src/moe.cpp:740]   --->   Operation 297 'fadd' 'acc_202' <Predicate = true> <Delay = 6.04> <CoreInst = "FAddSub_fulldsp">   --->   Core 18 'FAddSub_fulldsp' <Latency = 1> <II = 1> <Delay = 6.04> <FuncUnit> <Opcode : 'fadd' 'fsub'> <InPorts = 2> <OutPorts = 1>
ST_47 : Operation 298 [1/2] (3.88ns)   --->   "%mul35_21 = fmul i32 %p_ZL9e3_lut_w1_22_load, i32 %mux_case_22122_read" [src/moe.cpp:740]   --->   Operation 298 'fmul' 'mul35_21' <Predicate = true> <Delay = 3.88> <CoreInst = "FMul_maxdsp">   --->   Core 30 'FMul_maxdsp' <Latency = 1> <II = 1> <Delay = 3.88> <FuncUnit> <Opcode : 'fmul'> <InPorts = 2> <OutPorts = 1>
ST_47 : Operation 299 [2/2] (0.54ns)   --->   "%p_ZL9e3_lut_w1_23_load = load i4 %p_ZL9e3_lut_w1_23_addr" [src/moe.cpp:740]   --->   Operation 299 'load' 'p_ZL9e3_lut_w1_23_load' <Predicate = true> <Delay = 0.54> <CoreInst = "ROM">   --->   Core 101 'ROM' <Latency = 1> <II = 1> <Delay = 0.54> <Storage> <Opcode : 'load'> <Ports = 0> <Width = 32> <Depth = 16> <ROM>

State 48 <SV = 47> <Delay = 6.04>
ST_48 : Operation 300 [2/2] (6.04ns)   --->   "%acc_203 = fadd i32 %acc_202, i32 %mul35_21" [src/moe.cpp:740]   --->   Operation 300 'fadd' 'acc_203' <Predicate = true> <Delay = 6.04> <CoreInst = "FAddSub_fulldsp">   --->   Core 18 'FAddSub_fulldsp' <Latency = 1> <II = 1> <Delay = 6.04> <FuncUnit> <Opcode : 'fadd' 'fsub'> <InPorts = 2> <OutPorts = 1>
ST_48 : Operation 301 [1/2] (0.54ns)   --->   "%p_ZL9e3_lut_w1_23_load = load i4 %p_ZL9e3_lut_w1_23_addr" [src/moe.cpp:740]   --->   Operation 301 'load' 'p_ZL9e3_lut_w1_23_load' <Predicate = true> <Delay = 0.54> <CoreInst = "ROM">   --->   Core 101 'ROM' <Latency = 1> <II = 1> <Delay = 0.54> <Storage> <Opcode : 'load'> <Ports = 0> <Width = 32> <Depth = 16> <ROM>
ST_48 : Operation 302 [2/2] (3.88ns)   --->   "%mul35_22 = fmul i32 %p_ZL9e3_lut_w1_23_load, i32 %mux_case_23126_read" [src/moe.cpp:740]   --->   Operation 302 'fmul' 'mul35_22' <Predicate = true> <Delay = 3.88> <CoreInst = "FMul_maxdsp">   --->   Core 30 'FMul_maxdsp' <Latency = 1> <II = 1> <Delay = 3.88> <FuncUnit> <Opcode : 'fmul'> <InPorts = 2> <OutPorts = 1>

State 49 <SV = 48> <Delay = 6.04>
ST_49 : Operation 303 [1/1] (0.00ns)   --->   "%p_ZL9e3_lut_w1_24_addr = getelementptr i32 %p_ZL9e3_lut_w1_24, i64 0, i64 %zext_ln736" [src/moe.cpp:740]   --->   Operation 303 'getelementptr' 'p_ZL9e3_lut_w1_24_addr' <Predicate = true> <Delay = 0.00>
ST_49 : Operation 304 [1/2] (6.04ns)   --->   "%acc_203 = fadd i32 %acc_202, i32 %mul35_21" [src/moe.cpp:740]   --->   Operation 304 'fadd' 'acc_203' <Predicate = true> <Delay = 6.04> <CoreInst = "FAddSub_fulldsp">   --->   Core 18 'FAddSub_fulldsp' <Latency = 1> <II = 1> <Delay = 6.04> <FuncUnit> <Opcode : 'fadd' 'fsub'> <InPorts = 2> <OutPorts = 1>
ST_49 : Operation 305 [1/2] (3.88ns)   --->   "%mul35_22 = fmul i32 %p_ZL9e3_lut_w1_23_load, i32 %mux_case_23126_read" [src/moe.cpp:740]   --->   Operation 305 'fmul' 'mul35_22' <Predicate = true> <Delay = 3.88> <CoreInst = "FMul_maxdsp">   --->   Core 30 'FMul_maxdsp' <Latency = 1> <II = 1> <Delay = 3.88> <FuncUnit> <Opcode : 'fmul'> <InPorts = 2> <OutPorts = 1>
ST_49 : Operation 306 [2/2] (0.54ns)   --->   "%p_ZL9e3_lut_w1_24_load = load i4 %p_ZL9e3_lut_w1_24_addr" [src/moe.cpp:740]   --->   Operation 306 'load' 'p_ZL9e3_lut_w1_24_load' <Predicate = true> <Delay = 0.54> <CoreInst = "ROM">   --->   Core 101 'ROM' <Latency = 1> <II = 1> <Delay = 0.54> <Storage> <Opcode : 'load'> <Ports = 0> <Width = 32> <Depth = 16> <ROM>

State 50 <SV = 49> <Delay = 6.04>
ST_50 : Operation 307 [2/2] (6.04ns)   --->   "%acc_204 = fadd i32 %acc_203, i32 %mul35_22" [src/moe.cpp:740]   --->   Operation 307 'fadd' 'acc_204' <Predicate = true> <Delay = 6.04> <CoreInst = "FAddSub_fulldsp">   --->   Core 18 'FAddSub_fulldsp' <Latency = 1> <II = 1> <Delay = 6.04> <FuncUnit> <Opcode : 'fadd' 'fsub'> <InPorts = 2> <OutPorts = 1>
ST_50 : Operation 308 [1/2] (0.54ns)   --->   "%p_ZL9e3_lut_w1_24_load = load i4 %p_ZL9e3_lut_w1_24_addr" [src/moe.cpp:740]   --->   Operation 308 'load' 'p_ZL9e3_lut_w1_24_load' <Predicate = true> <Delay = 0.54> <CoreInst = "ROM">   --->   Core 101 'ROM' <Latency = 1> <II = 1> <Delay = 0.54> <Storage> <Opcode : 'load'> <Ports = 0> <Width = 32> <Depth = 16> <ROM>
ST_50 : Operation 309 [2/2] (3.88ns)   --->   "%mul35_23 = fmul i32 %p_ZL9e3_lut_w1_24_load, i32 %mux_case_24130_read" [src/moe.cpp:740]   --->   Operation 309 'fmul' 'mul35_23' <Predicate = true> <Delay = 3.88> <CoreInst = "FMul_maxdsp">   --->   Core 30 'FMul_maxdsp' <Latency = 1> <II = 1> <Delay = 3.88> <FuncUnit> <Opcode : 'fmul'> <InPorts = 2> <OutPorts = 1>

State 51 <SV = 50> <Delay = 6.04>
ST_51 : Operation 310 [1/1] (0.00ns)   --->   "%p_ZL9e3_lut_w1_25_addr = getelementptr i32 %p_ZL9e3_lut_w1_25, i64 0, i64 %zext_ln736" [src/moe.cpp:740]   --->   Operation 310 'getelementptr' 'p_ZL9e3_lut_w1_25_addr' <Predicate = true> <Delay = 0.00>
ST_51 : Operation 311 [1/2] (6.04ns)   --->   "%acc_204 = fadd i32 %acc_203, i32 %mul35_22" [src/moe.cpp:740]   --->   Operation 311 'fadd' 'acc_204' <Predicate = true> <Delay = 6.04> <CoreInst = "FAddSub_fulldsp">   --->   Core 18 'FAddSub_fulldsp' <Latency = 1> <II = 1> <Delay = 6.04> <FuncUnit> <Opcode : 'fadd' 'fsub'> <InPorts = 2> <OutPorts = 1>
ST_51 : Operation 312 [1/2] (3.88ns)   --->   "%mul35_23 = fmul i32 %p_ZL9e3_lut_w1_24_load, i32 %mux_case_24130_read" [src/moe.cpp:740]   --->   Operation 312 'fmul' 'mul35_23' <Predicate = true> <Delay = 3.88> <CoreInst = "FMul_maxdsp">   --->   Core 30 'FMul_maxdsp' <Latency = 1> <II = 1> <Delay = 3.88> <FuncUnit> <Opcode : 'fmul'> <InPorts = 2> <OutPorts = 1>
ST_51 : Operation 313 [2/2] (0.54ns)   --->   "%p_ZL9e3_lut_w1_25_load = load i4 %p_ZL9e3_lut_w1_25_addr" [src/moe.cpp:740]   --->   Operation 313 'load' 'p_ZL9e3_lut_w1_25_load' <Predicate = true> <Delay = 0.54> <CoreInst = "ROM">   --->   Core 101 'ROM' <Latency = 1> <II = 1> <Delay = 0.54> <Storage> <Opcode : 'load'> <Ports = 0> <Width = 32> <Depth = 16> <ROM>

State 52 <SV = 51> <Delay = 6.04>
ST_52 : Operation 314 [2/2] (6.04ns)   --->   "%acc_205 = fadd i32 %acc_204, i32 %mul35_23" [src/moe.cpp:740]   --->   Operation 314 'fadd' 'acc_205' <Predicate = true> <Delay = 6.04> <CoreInst = "FAddSub_fulldsp">   --->   Core 18 'FAddSub_fulldsp' <Latency = 1> <II = 1> <Delay = 6.04> <FuncUnit> <Opcode : 'fadd' 'fsub'> <InPorts = 2> <OutPorts = 1>
ST_52 : Operation 315 [1/2] (0.54ns)   --->   "%p_ZL9e3_lut_w1_25_load = load i4 %p_ZL9e3_lut_w1_25_addr" [src/moe.cpp:740]   --->   Operation 315 'load' 'p_ZL9e3_lut_w1_25_load' <Predicate = true> <Delay = 0.54> <CoreInst = "ROM">   --->   Core 101 'ROM' <Latency = 1> <II = 1> <Delay = 0.54> <Storage> <Opcode : 'load'> <Ports = 0> <Width = 32> <Depth = 16> <ROM>
ST_52 : Operation 316 [2/2] (3.88ns)   --->   "%mul35_24 = fmul i32 %p_ZL9e3_lut_w1_25_load, i32 %mux_case_25134_read" [src/moe.cpp:740]   --->   Operation 316 'fmul' 'mul35_24' <Predicate = true> <Delay = 3.88> <CoreInst = "FMul_maxdsp">   --->   Core 30 'FMul_maxdsp' <Latency = 1> <II = 1> <Delay = 3.88> <FuncUnit> <Opcode : 'fmul'> <InPorts = 2> <OutPorts = 1>

State 53 <SV = 52> <Delay = 6.04>
ST_53 : Operation 317 [1/1] (0.00ns)   --->   "%p_ZL9e3_lut_w1_26_addr = getelementptr i32 %p_ZL9e3_lut_w1_26, i64 0, i64 %zext_ln736" [src/moe.cpp:740]   --->   Operation 317 'getelementptr' 'p_ZL9e3_lut_w1_26_addr' <Predicate = true> <Delay = 0.00>
ST_53 : Operation 318 [1/2] (6.04ns)   --->   "%acc_205 = fadd i32 %acc_204, i32 %mul35_23" [src/moe.cpp:740]   --->   Operation 318 'fadd' 'acc_205' <Predicate = true> <Delay = 6.04> <CoreInst = "FAddSub_fulldsp">   --->   Core 18 'FAddSub_fulldsp' <Latency = 1> <II = 1> <Delay = 6.04> <FuncUnit> <Opcode : 'fadd' 'fsub'> <InPorts = 2> <OutPorts = 1>
ST_53 : Operation 319 [1/2] (3.88ns)   --->   "%mul35_24 = fmul i32 %p_ZL9e3_lut_w1_25_load, i32 %mux_case_25134_read" [src/moe.cpp:740]   --->   Operation 319 'fmul' 'mul35_24' <Predicate = true> <Delay = 3.88> <CoreInst = "FMul_maxdsp">   --->   Core 30 'FMul_maxdsp' <Latency = 1> <II = 1> <Delay = 3.88> <FuncUnit> <Opcode : 'fmul'> <InPorts = 2> <OutPorts = 1>
ST_53 : Operation 320 [2/2] (0.54ns)   --->   "%p_ZL9e3_lut_w1_26_load = load i4 %p_ZL9e3_lut_w1_26_addr" [src/moe.cpp:740]   --->   Operation 320 'load' 'p_ZL9e3_lut_w1_26_load' <Predicate = true> <Delay = 0.54> <CoreInst = "ROM">   --->   Core 101 'ROM' <Latency = 1> <II = 1> <Delay = 0.54> <Storage> <Opcode : 'load'> <Ports = 0> <Width = 32> <Depth = 16> <ROM>

State 54 <SV = 53> <Delay = 6.04>
ST_54 : Operation 321 [2/2] (6.04ns)   --->   "%acc_206 = fadd i32 %acc_205, i32 %mul35_24" [src/moe.cpp:740]   --->   Operation 321 'fadd' 'acc_206' <Predicate = true> <Delay = 6.04> <CoreInst = "FAddSub_fulldsp">   --->   Core 18 'FAddSub_fulldsp' <Latency = 1> <II = 1> <Delay = 6.04> <FuncUnit> <Opcode : 'fadd' 'fsub'> <InPorts = 2> <OutPorts = 1>
ST_54 : Operation 322 [1/2] (0.54ns)   --->   "%p_ZL9e3_lut_w1_26_load = load i4 %p_ZL9e3_lut_w1_26_addr" [src/moe.cpp:740]   --->   Operation 322 'load' 'p_ZL9e3_lut_w1_26_load' <Predicate = true> <Delay = 0.54> <CoreInst = "ROM">   --->   Core 101 'ROM' <Latency = 1> <II = 1> <Delay = 0.54> <Storage> <Opcode : 'load'> <Ports = 0> <Width = 32> <Depth = 16> <ROM>
ST_54 : Operation 323 [2/2] (3.88ns)   --->   "%mul35_25 = fmul i32 %p_ZL9e3_lut_w1_26_load, i32 %mux_case_26138_read" [src/moe.cpp:740]   --->   Operation 323 'fmul' 'mul35_25' <Predicate = true> <Delay = 3.88> <CoreInst = "FMul_maxdsp">   --->   Core 30 'FMul_maxdsp' <Latency = 1> <II = 1> <Delay = 3.88> <FuncUnit> <Opcode : 'fmul'> <InPorts = 2> <OutPorts = 1>

State 55 <SV = 54> <Delay = 6.04>
ST_55 : Operation 324 [1/1] (0.00ns)   --->   "%p_ZL9e3_lut_w1_27_addr = getelementptr i32 %p_ZL9e3_lut_w1_27, i64 0, i64 %zext_ln736" [src/moe.cpp:740]   --->   Operation 324 'getelementptr' 'p_ZL9e3_lut_w1_27_addr' <Predicate = true> <Delay = 0.00>
ST_55 : Operation 325 [1/2] (6.04ns)   --->   "%acc_206 = fadd i32 %acc_205, i32 %mul35_24" [src/moe.cpp:740]   --->   Operation 325 'fadd' 'acc_206' <Predicate = true> <Delay = 6.04> <CoreInst = "FAddSub_fulldsp">   --->   Core 18 'FAddSub_fulldsp' <Latency = 1> <II = 1> <Delay = 6.04> <FuncUnit> <Opcode : 'fadd' 'fsub'> <InPorts = 2> <OutPorts = 1>
ST_55 : Operation 326 [1/2] (3.88ns)   --->   "%mul35_25 = fmul i32 %p_ZL9e3_lut_w1_26_load, i32 %mux_case_26138_read" [src/moe.cpp:740]   --->   Operation 326 'fmul' 'mul35_25' <Predicate = true> <Delay = 3.88> <CoreInst = "FMul_maxdsp">   --->   Core 30 'FMul_maxdsp' <Latency = 1> <II = 1> <Delay = 3.88> <FuncUnit> <Opcode : 'fmul'> <InPorts = 2> <OutPorts = 1>
ST_55 : Operation 327 [2/2] (0.54ns)   --->   "%p_ZL9e3_lut_w1_27_load = load i4 %p_ZL9e3_lut_w1_27_addr" [src/moe.cpp:740]   --->   Operation 327 'load' 'p_ZL9e3_lut_w1_27_load' <Predicate = true> <Delay = 0.54> <CoreInst = "ROM">   --->   Core 101 'ROM' <Latency = 1> <II = 1> <Delay = 0.54> <Storage> <Opcode : 'load'> <Ports = 0> <Width = 32> <Depth = 16> <ROM>

State 56 <SV = 55> <Delay = 6.04>
ST_56 : Operation 328 [2/2] (6.04ns)   --->   "%acc_207 = fadd i32 %acc_206, i32 %mul35_25" [src/moe.cpp:740]   --->   Operation 328 'fadd' 'acc_207' <Predicate = true> <Delay = 6.04> <CoreInst = "FAddSub_fulldsp">   --->   Core 18 'FAddSub_fulldsp' <Latency = 1> <II = 1> <Delay = 6.04> <FuncUnit> <Opcode : 'fadd' 'fsub'> <InPorts = 2> <OutPorts = 1>
ST_56 : Operation 329 [1/2] (0.54ns)   --->   "%p_ZL9e3_lut_w1_27_load = load i4 %p_ZL9e3_lut_w1_27_addr" [src/moe.cpp:740]   --->   Operation 329 'load' 'p_ZL9e3_lut_w1_27_load' <Predicate = true> <Delay = 0.54> <CoreInst = "ROM">   --->   Core 101 'ROM' <Latency = 1> <II = 1> <Delay = 0.54> <Storage> <Opcode : 'load'> <Ports = 0> <Width = 32> <Depth = 16> <ROM>
ST_56 : Operation 330 [2/2] (3.88ns)   --->   "%mul35_26 = fmul i32 %p_ZL9e3_lut_w1_27_load, i32 %mux_case_27142_read" [src/moe.cpp:740]   --->   Operation 330 'fmul' 'mul35_26' <Predicate = true> <Delay = 3.88> <CoreInst = "FMul_maxdsp">   --->   Core 30 'FMul_maxdsp' <Latency = 1> <II = 1> <Delay = 3.88> <FuncUnit> <Opcode : 'fmul'> <InPorts = 2> <OutPorts = 1>

State 57 <SV = 56> <Delay = 6.04>
ST_57 : Operation 331 [1/1] (0.00ns)   --->   "%p_ZL9e3_lut_w1_28_addr = getelementptr i32 %p_ZL9e3_lut_w1_28, i64 0, i64 %zext_ln736" [src/moe.cpp:740]   --->   Operation 331 'getelementptr' 'p_ZL9e3_lut_w1_28_addr' <Predicate = true> <Delay = 0.00>
ST_57 : Operation 332 [1/2] (6.04ns)   --->   "%acc_207 = fadd i32 %acc_206, i32 %mul35_25" [src/moe.cpp:740]   --->   Operation 332 'fadd' 'acc_207' <Predicate = true> <Delay = 6.04> <CoreInst = "FAddSub_fulldsp">   --->   Core 18 'FAddSub_fulldsp' <Latency = 1> <II = 1> <Delay = 6.04> <FuncUnit> <Opcode : 'fadd' 'fsub'> <InPorts = 2> <OutPorts = 1>
ST_57 : Operation 333 [1/2] (3.88ns)   --->   "%mul35_26 = fmul i32 %p_ZL9e3_lut_w1_27_load, i32 %mux_case_27142_read" [src/moe.cpp:740]   --->   Operation 333 'fmul' 'mul35_26' <Predicate = true> <Delay = 3.88> <CoreInst = "FMul_maxdsp">   --->   Core 30 'FMul_maxdsp' <Latency = 1> <II = 1> <Delay = 3.88> <FuncUnit> <Opcode : 'fmul'> <InPorts = 2> <OutPorts = 1>
ST_57 : Operation 334 [2/2] (0.54ns)   --->   "%p_ZL9e3_lut_w1_28_load = load i4 %p_ZL9e3_lut_w1_28_addr" [src/moe.cpp:740]   --->   Operation 334 'load' 'p_ZL9e3_lut_w1_28_load' <Predicate = true> <Delay = 0.54> <CoreInst = "ROM">   --->   Core 101 'ROM' <Latency = 1> <II = 1> <Delay = 0.54> <Storage> <Opcode : 'load'> <Ports = 0> <Width = 32> <Depth = 16> <ROM>

State 58 <SV = 57> <Delay = 6.04>
ST_58 : Operation 335 [2/2] (6.04ns)   --->   "%acc_208 = fadd i32 %acc_207, i32 %mul35_26" [src/moe.cpp:740]   --->   Operation 335 'fadd' 'acc_208' <Predicate = true> <Delay = 6.04> <CoreInst = "FAddSub_fulldsp">   --->   Core 18 'FAddSub_fulldsp' <Latency = 1> <II = 1> <Delay = 6.04> <FuncUnit> <Opcode : 'fadd' 'fsub'> <InPorts = 2> <OutPorts = 1>
ST_58 : Operation 336 [1/2] (0.54ns)   --->   "%p_ZL9e3_lut_w1_28_load = load i4 %p_ZL9e3_lut_w1_28_addr" [src/moe.cpp:740]   --->   Operation 336 'load' 'p_ZL9e3_lut_w1_28_load' <Predicate = true> <Delay = 0.54> <CoreInst = "ROM">   --->   Core 101 'ROM' <Latency = 1> <II = 1> <Delay = 0.54> <Storage> <Opcode : 'load'> <Ports = 0> <Width = 32> <Depth = 16> <ROM>
ST_58 : Operation 337 [2/2] (3.88ns)   --->   "%mul35_27 = fmul i32 %p_ZL9e3_lut_w1_28_load, i32 %mux_case_28146_read" [src/moe.cpp:740]   --->   Operation 337 'fmul' 'mul35_27' <Predicate = true> <Delay = 3.88> <CoreInst = "FMul_maxdsp">   --->   Core 30 'FMul_maxdsp' <Latency = 1> <II = 1> <Delay = 3.88> <FuncUnit> <Opcode : 'fmul'> <InPorts = 2> <OutPorts = 1>

State 59 <SV = 58> <Delay = 6.04>
ST_59 : Operation 338 [1/1] (0.00ns)   --->   "%p_ZL9e3_lut_w1_29_addr = getelementptr i32 %p_ZL9e3_lut_w1_29, i64 0, i64 %zext_ln736" [src/moe.cpp:740]   --->   Operation 338 'getelementptr' 'p_ZL9e3_lut_w1_29_addr' <Predicate = true> <Delay = 0.00>
ST_59 : Operation 339 [1/1] (0.00ns)   --->   "%p_ZL9e3_lut_w1_30_addr = getelementptr i32 %p_ZL9e3_lut_w1_30, i64 0, i64 %zext_ln736" [src/moe.cpp:740]   --->   Operation 339 'getelementptr' 'p_ZL9e3_lut_w1_30_addr' <Predicate = true> <Delay = 0.00>
ST_59 : Operation 340 [1/1] (0.00ns)   --->   "%p_ZL9e3_lut_w1_31_addr = getelementptr i32 %p_ZL9e3_lut_w1_31, i64 0, i64 %zext_ln736" [src/moe.cpp:740]   --->   Operation 340 'getelementptr' 'p_ZL9e3_lut_w1_31_addr' <Predicate = true> <Delay = 0.00>
ST_59 : Operation 341 [1/2] (6.04ns)   --->   "%acc_208 = fadd i32 %acc_207, i32 %mul35_26" [src/moe.cpp:740]   --->   Operation 341 'fadd' 'acc_208' <Predicate = true> <Delay = 6.04> <CoreInst = "FAddSub_fulldsp">   --->   Core 18 'FAddSub_fulldsp' <Latency = 1> <II = 1> <Delay = 6.04> <FuncUnit> <Opcode : 'fadd' 'fsub'> <InPorts = 2> <OutPorts = 1>
ST_59 : Operation 342 [1/2] (3.88ns)   --->   "%mul35_27 = fmul i32 %p_ZL9e3_lut_w1_28_load, i32 %mux_case_28146_read" [src/moe.cpp:740]   --->   Operation 342 'fmul' 'mul35_27' <Predicate = true> <Delay = 3.88> <CoreInst = "FMul_maxdsp">   --->   Core 30 'FMul_maxdsp' <Latency = 1> <II = 1> <Delay = 3.88> <FuncUnit> <Opcode : 'fmul'> <InPorts = 2> <OutPorts = 1>
ST_59 : Operation 343 [2/2] (0.54ns)   --->   "%p_ZL9e3_lut_w1_29_load = load i4 %p_ZL9e3_lut_w1_29_addr" [src/moe.cpp:740]   --->   Operation 343 'load' 'p_ZL9e3_lut_w1_29_load' <Predicate = true> <Delay = 0.54> <CoreInst = "ROM">   --->   Core 101 'ROM' <Latency = 1> <II = 1> <Delay = 0.54> <Storage> <Opcode : 'load'> <Ports = 0> <Width = 32> <Depth = 16> <ROM>
ST_59 : Operation 344 [2/2] (0.54ns)   --->   "%p_ZL9e3_lut_w1_30_load = load i4 %p_ZL9e3_lut_w1_30_addr" [src/moe.cpp:740]   --->   Operation 344 'load' 'p_ZL9e3_lut_w1_30_load' <Predicate = true> <Delay = 0.54> <CoreInst = "ROM">   --->   Core 101 'ROM' <Latency = 1> <II = 1> <Delay = 0.54> <Storage> <Opcode : 'load'> <Ports = 0> <Width = 32> <Depth = 16> <ROM>
ST_59 : Operation 345 [2/2] (0.54ns)   --->   "%p_ZL9e3_lut_w1_31_load = load i4 %p_ZL9e3_lut_w1_31_addr" [src/moe.cpp:740]   --->   Operation 345 'load' 'p_ZL9e3_lut_w1_31_load' <Predicate = true> <Delay = 0.54> <CoreInst = "ROM">   --->   Core 101 'ROM' <Latency = 1> <II = 1> <Delay = 0.54> <Storage> <Opcode : 'load'> <Ports = 0> <Width = 32> <Depth = 16> <ROM>

State 60 <SV = 59> <Delay = 6.04>
ST_60 : Operation 346 [2/2] (6.04ns)   --->   "%acc_209 = fadd i32 %acc_208, i32 %mul35_27" [src/moe.cpp:740]   --->   Operation 346 'fadd' 'acc_209' <Predicate = true> <Delay = 6.04> <CoreInst = "FAddSub_fulldsp">   --->   Core 18 'FAddSub_fulldsp' <Latency = 1> <II = 1> <Delay = 6.04> <FuncUnit> <Opcode : 'fadd' 'fsub'> <InPorts = 2> <OutPorts = 1>
ST_60 : Operation 347 [1/2] (0.54ns)   --->   "%p_ZL9e3_lut_w1_29_load = load i4 %p_ZL9e3_lut_w1_29_addr" [src/moe.cpp:740]   --->   Operation 347 'load' 'p_ZL9e3_lut_w1_29_load' <Predicate = true> <Delay = 0.54> <CoreInst = "ROM">   --->   Core 101 'ROM' <Latency = 1> <II = 1> <Delay = 0.54> <Storage> <Opcode : 'load'> <Ports = 0> <Width = 32> <Depth = 16> <ROM>
ST_60 : Operation 348 [2/2] (3.88ns)   --->   "%mul35_28 = fmul i32 %p_ZL9e3_lut_w1_29_load, i32 %mux_case_29150_read" [src/moe.cpp:740]   --->   Operation 348 'fmul' 'mul35_28' <Predicate = true> <Delay = 3.88> <CoreInst = "FMul_maxdsp">   --->   Core 30 'FMul_maxdsp' <Latency = 1> <II = 1> <Delay = 3.88> <FuncUnit> <Opcode : 'fmul'> <InPorts = 2> <OutPorts = 1>
ST_60 : Operation 349 [1/2] (0.54ns)   --->   "%p_ZL9e3_lut_w1_30_load = load i4 %p_ZL9e3_lut_w1_30_addr" [src/moe.cpp:740]   --->   Operation 349 'load' 'p_ZL9e3_lut_w1_30_load' <Predicate = true> <Delay = 0.54> <CoreInst = "ROM">   --->   Core 101 'ROM' <Latency = 1> <II = 1> <Delay = 0.54> <Storage> <Opcode : 'load'> <Ports = 0> <Width = 32> <Depth = 16> <ROM>
ST_60 : Operation 350 [2/2] (3.88ns)   --->   "%mul35_29 = fmul i32 %p_ZL9e3_lut_w1_30_load, i32 %mux_case_30154_read" [src/moe.cpp:740]   --->   Operation 350 'fmul' 'mul35_29' <Predicate = true> <Delay = 3.88> <CoreInst = "FMul_maxdsp">   --->   Core 30 'FMul_maxdsp' <Latency = 1> <II = 1> <Delay = 3.88> <FuncUnit> <Opcode : 'fmul'> <InPorts = 2> <OutPorts = 1>
ST_60 : Operation 351 [1/2] (0.54ns)   --->   "%p_ZL9e3_lut_w1_31_load = load i4 %p_ZL9e3_lut_w1_31_addr" [src/moe.cpp:740]   --->   Operation 351 'load' 'p_ZL9e3_lut_w1_31_load' <Predicate = true> <Delay = 0.54> <CoreInst = "ROM">   --->   Core 101 'ROM' <Latency = 1> <II = 1> <Delay = 0.54> <Storage> <Opcode : 'load'> <Ports = 0> <Width = 32> <Depth = 16> <ROM>
ST_60 : Operation 352 [2/2] (3.88ns)   --->   "%mul35_30 = fmul i32 %p_ZL9e3_lut_w1_31_load, i32 %mux_case_31158_read" [src/moe.cpp:740]   --->   Operation 352 'fmul' 'mul35_30' <Predicate = true> <Delay = 3.88> <CoreInst = "FMul_maxdsp">   --->   Core 30 'FMul_maxdsp' <Latency = 1> <II = 1> <Delay = 3.88> <FuncUnit> <Opcode : 'fmul'> <InPorts = 2> <OutPorts = 1>

State 61 <SV = 60> <Delay = 6.04>
ST_61 : Operation 353 [1/2] (6.04ns)   --->   "%acc_209 = fadd i32 %acc_208, i32 %mul35_27" [src/moe.cpp:740]   --->   Operation 353 'fadd' 'acc_209' <Predicate = true> <Delay = 6.04> <CoreInst = "FAddSub_fulldsp">   --->   Core 18 'FAddSub_fulldsp' <Latency = 1> <II = 1> <Delay = 6.04> <FuncUnit> <Opcode : 'fadd' 'fsub'> <InPorts = 2> <OutPorts = 1>
ST_61 : Operation 354 [1/2] (3.88ns)   --->   "%mul35_28 = fmul i32 %p_ZL9e3_lut_w1_29_load, i32 %mux_case_29150_read" [src/moe.cpp:740]   --->   Operation 354 'fmul' 'mul35_28' <Predicate = true> <Delay = 3.88> <CoreInst = "FMul_maxdsp">   --->   Core 30 'FMul_maxdsp' <Latency = 1> <II = 1> <Delay = 3.88> <FuncUnit> <Opcode : 'fmul'> <InPorts = 2> <OutPorts = 1>
ST_61 : Operation 355 [1/2] (3.88ns)   --->   "%mul35_29 = fmul i32 %p_ZL9e3_lut_w1_30_load, i32 %mux_case_30154_read" [src/moe.cpp:740]   --->   Operation 355 'fmul' 'mul35_29' <Predicate = true> <Delay = 3.88> <CoreInst = "FMul_maxdsp">   --->   Core 30 'FMul_maxdsp' <Latency = 1> <II = 1> <Delay = 3.88> <FuncUnit> <Opcode : 'fmul'> <InPorts = 2> <OutPorts = 1>
ST_61 : Operation 356 [1/2] (3.88ns)   --->   "%mul35_30 = fmul i32 %p_ZL9e3_lut_w1_31_load, i32 %mux_case_31158_read" [src/moe.cpp:740]   --->   Operation 356 'fmul' 'mul35_30' <Predicate = true> <Delay = 3.88> <CoreInst = "FMul_maxdsp">   --->   Core 30 'FMul_maxdsp' <Latency = 1> <II = 1> <Delay = 3.88> <FuncUnit> <Opcode : 'fmul'> <InPorts = 2> <OutPorts = 1>

State 62 <SV = 61> <Delay = 6.04>
ST_62 : Operation 357 [2/2] (6.04ns)   --->   "%acc_210 = fadd i32 %acc_209, i32 %mul35_28" [src/moe.cpp:740]   --->   Operation 357 'fadd' 'acc_210' <Predicate = true> <Delay = 6.04> <CoreInst = "FAddSub_fulldsp">   --->   Core 18 'FAddSub_fulldsp' <Latency = 1> <II = 1> <Delay = 6.04> <FuncUnit> <Opcode : 'fadd' 'fsub'> <InPorts = 2> <OutPorts = 1>

State 63 <SV = 62> <Delay = 6.04>
ST_63 : Operation 358 [1/2] (6.04ns)   --->   "%acc_210 = fadd i32 %acc_209, i32 %mul35_28" [src/moe.cpp:740]   --->   Operation 358 'fadd' 'acc_210' <Predicate = true> <Delay = 6.04> <CoreInst = "FAddSub_fulldsp">   --->   Core 18 'FAddSub_fulldsp' <Latency = 1> <II = 1> <Delay = 6.04> <FuncUnit> <Opcode : 'fadd' 'fsub'> <InPorts = 2> <OutPorts = 1>

State 64 <SV = 63> <Delay = 6.04>
ST_64 : Operation 359 [2/2] (6.04ns)   --->   "%acc_211 = fadd i32 %acc_210, i32 %mul35_29" [src/moe.cpp:740]   --->   Operation 359 'fadd' 'acc_211' <Predicate = true> <Delay = 6.04> <CoreInst = "FAddSub_fulldsp">   --->   Core 18 'FAddSub_fulldsp' <Latency = 1> <II = 1> <Delay = 6.04> <FuncUnit> <Opcode : 'fadd' 'fsub'> <InPorts = 2> <OutPorts = 1>

State 65 <SV = 64> <Delay = 6.04>
ST_65 : Operation 360 [1/2] (6.04ns)   --->   "%acc_211 = fadd i32 %acc_210, i32 %mul35_29" [src/moe.cpp:740]   --->   Operation 360 'fadd' 'acc_211' <Predicate = true> <Delay = 6.04> <CoreInst = "FAddSub_fulldsp">   --->   Core 18 'FAddSub_fulldsp' <Latency = 1> <II = 1> <Delay = 6.04> <FuncUnit> <Opcode : 'fadd' 'fsub'> <InPorts = 2> <OutPorts = 1>

State 66 <SV = 65> <Delay = 6.04>
ST_66 : Operation 361 [2/2] (6.04ns)   --->   "%acc_212 = fadd i32 %acc_211, i32 %mul35_30" [src/moe.cpp:740]   --->   Operation 361 'fadd' 'acc_212' <Predicate = true> <Delay = 6.04> <CoreInst = "FAddSub_fulldsp">   --->   Core 18 'FAddSub_fulldsp' <Latency = 1> <II = 1> <Delay = 6.04> <FuncUnit> <Opcode : 'fadd' 'fsub'> <InPorts = 2> <OutPorts = 1>

State 67 <SV = 66> <Delay = 6.04>
ST_67 : Operation 362 [1/2] (6.04ns)   --->   "%acc_212 = fadd i32 %acc_211, i32 %mul35_30" [src/moe.cpp:740]   --->   Operation 362 'fadd' 'acc_212' <Predicate = true> <Delay = 6.04> <CoreInst = "FAddSub_fulldsp">   --->   Core 18 'FAddSub_fulldsp' <Latency = 1> <II = 1> <Delay = 6.04> <FuncUnit> <Opcode : 'fadd' 'fsub'> <InPorts = 2> <OutPorts = 1>

State 68 <SV = 67> <Delay = 6.28>
ST_68 : Operation 363 [4/4] (6.28ns)   --->   "%tmp = fexp i32 @llvm.exp.f32, i32 %acc_212" [src/moe.cpp:548->src/moe.cpp:743]   --->   Operation 363 'fexp' 'tmp' <Predicate = true> <Delay = 6.28> <CoreInst = "FExp_fulldsp">   --->   Core 23 'FExp_fulldsp' <Latency = 3> <II = 1> <Delay = 6.28> <FuncUnit> <Opcode : 'fexp'> <InPorts = 1> <OutPorts = 1>

State 69 <SV = 68> <Delay = 6.28>
ST_69 : Operation 364 [3/4] (6.28ns)   --->   "%tmp = fexp i32 @llvm.exp.f32, i32 %acc_212" [src/moe.cpp:548->src/moe.cpp:743]   --->   Operation 364 'fexp' 'tmp' <Predicate = true> <Delay = 6.28> <CoreInst = "FExp_fulldsp">   --->   Core 23 'FExp_fulldsp' <Latency = 3> <II = 1> <Delay = 6.28> <FuncUnit> <Opcode : 'fexp'> <InPorts = 1> <OutPorts = 1>

State 70 <SV = 69> <Delay = 6.28>
ST_70 : Operation 365 [2/4] (6.28ns)   --->   "%tmp = fexp i32 @llvm.exp.f32, i32 %acc_212" [src/moe.cpp:548->src/moe.cpp:743]   --->   Operation 365 'fexp' 'tmp' <Predicate = true> <Delay = 6.28> <CoreInst = "FExp_fulldsp">   --->   Core 23 'FExp_fulldsp' <Latency = 3> <II = 1> <Delay = 6.28> <FuncUnit> <Opcode : 'fexp'> <InPorts = 1> <OutPorts = 1>

State 71 <SV = 70> <Delay = 6.28>
ST_71 : Operation 366 [1/4] (6.28ns)   --->   "%tmp = fexp i32 @llvm.exp.f32, i32 %acc_212" [src/moe.cpp:548->src/moe.cpp:743]   --->   Operation 366 'fexp' 'tmp' <Predicate = true> <Delay = 6.28> <CoreInst = "FExp_fulldsp">   --->   Core 23 'FExp_fulldsp' <Latency = 3> <II = 1> <Delay = 6.28> <FuncUnit> <Opcode : 'fexp'> <InPorts = 1> <OutPorts = 1>

State 72 <SV = 71> <Delay = 6.04>
ST_72 : Operation 367 [2/2] (6.04ns)   --->   "%sub_i1 = fadd i32 %tmp, i32 -1" [src/moe.cpp:548->src/moe.cpp:743]   --->   Operation 367 'fadd' 'sub_i1' <Predicate = true> <Delay = 6.04> <CoreInst = "FAddSub_fulldsp">   --->   Core 18 'FAddSub_fulldsp' <Latency = 1> <II = 1> <Delay = 6.04> <FuncUnit> <Opcode : 'fadd' 'fsub'> <InPorts = 2> <OutPorts = 1>
ST_72 : Operation 413 [1/1] (0.00ns)   --->   "%mux_case_01162_load = load i32 %mux_case_01162"   --->   Operation 413 'load' 'mux_case_01162_load' <Predicate = (icmp_ln736)> <Delay = 0.00>
ST_72 : Operation 414 [1/1] (0.00ns)   --->   "%mux_case_110166_load = load i32 %mux_case_110166"   --->   Operation 414 'load' 'mux_case_110166_load' <Predicate = (icmp_ln736)> <Delay = 0.00>
ST_72 : Operation 415 [1/1] (0.00ns)   --->   "%mux_case_211170_load = load i32 %mux_case_211170"   --->   Operation 415 'load' 'mux_case_211170_load' <Predicate = (icmp_ln736)> <Delay = 0.00>
ST_72 : Operation 416 [1/1] (0.00ns)   --->   "%mux_case_312174_load = load i32 %mux_case_312174"   --->   Operation 416 'load' 'mux_case_312174_load' <Predicate = (icmp_ln736)> <Delay = 0.00>
ST_72 : Operation 417 [1/1] (0.00ns)   --->   "%mux_case_413178_load = load i32 %mux_case_413178"   --->   Operation 417 'load' 'mux_case_413178_load' <Predicate = (icmp_ln736)> <Delay = 0.00>
ST_72 : Operation 418 [1/1] (0.00ns)   --->   "%mux_case_514182_load = load i32 %mux_case_514182"   --->   Operation 418 'load' 'mux_case_514182_load' <Predicate = (icmp_ln736)> <Delay = 0.00>
ST_72 : Operation 419 [1/1] (0.00ns)   --->   "%mux_case_615186_load = load i32 %mux_case_615186"   --->   Operation 419 'load' 'mux_case_615186_load' <Predicate = (icmp_ln736)> <Delay = 0.00>
ST_72 : Operation 420 [1/1] (0.00ns)   --->   "%mux_case_716190_load = load i32 %mux_case_716190"   --->   Operation 420 'load' 'mux_case_716190_load' <Predicate = (icmp_ln736)> <Delay = 0.00>
ST_72 : Operation 421 [1/1] (0.00ns)   --->   "%mux_case_817194_load = load i32 %mux_case_817194"   --->   Operation 421 'load' 'mux_case_817194_load' <Predicate = (icmp_ln736)> <Delay = 0.00>
ST_72 : Operation 422 [1/1] (0.00ns)   --->   "%mux_case_918198_load = load i32 %mux_case_918198"   --->   Operation 422 'load' 'mux_case_918198_load' <Predicate = (icmp_ln736)> <Delay = 0.00>
ST_72 : Operation 423 [1/1] (0.00ns)   --->   "%mux_case_1019202_load = load i32 %mux_case_1019202"   --->   Operation 423 'load' 'mux_case_1019202_load' <Predicate = (icmp_ln736)> <Delay = 0.00>
ST_72 : Operation 424 [1/1] (0.00ns)   --->   "%mux_case_1120206_load = load i32 %mux_case_1120206"   --->   Operation 424 'load' 'mux_case_1120206_load' <Predicate = (icmp_ln736)> <Delay = 0.00>
ST_72 : Operation 425 [1/1] (0.00ns)   --->   "%mux_case_1221210_load = load i32 %mux_case_1221210"   --->   Operation 425 'load' 'mux_case_1221210_load' <Predicate = (icmp_ln736)> <Delay = 0.00>
ST_72 : Operation 426 [1/1] (0.00ns)   --->   "%mux_case_1322214_load = load i32 %mux_case_1322214"   --->   Operation 426 'load' 'mux_case_1322214_load' <Predicate = (icmp_ln736)> <Delay = 0.00>
ST_72 : Operation 427 [1/1] (0.00ns)   --->   "%mux_case_1423218_load = load i32 %mux_case_1423218"   --->   Operation 427 'load' 'mux_case_1423218_load' <Predicate = (icmp_ln736)> <Delay = 0.00>
ST_72 : Operation 428 [1/1] (0.00ns)   --->   "%mux_case_1524222_load = load i32 %mux_case_1524222"   --->   Operation 428 'load' 'mux_case_1524222_load' <Predicate = (icmp_ln736)> <Delay = 0.00>
ST_72 : Operation 429 [1/1] (0.00ns)   --->   "%write_ln0 = write void @_ssdm_op_Write.ap_auto.floatP0A, i32 %mux_case_1524222_out, i32 %mux_case_1524222_load"   --->   Operation 429 'write' 'write_ln0' <Predicate = (icmp_ln736)> <Delay = 0.00>
ST_72 : Operation 430 [1/1] (0.00ns)   --->   "%write_ln0 = write void @_ssdm_op_Write.ap_auto.floatP0A, i32 %mux_case_1423218_out, i32 %mux_case_1423218_load"   --->   Operation 430 'write' 'write_ln0' <Predicate = (icmp_ln736)> <Delay = 0.00>
ST_72 : Operation 431 [1/1] (0.00ns)   --->   "%write_ln0 = write void @_ssdm_op_Write.ap_auto.floatP0A, i32 %mux_case_1322214_out, i32 %mux_case_1322214_load"   --->   Operation 431 'write' 'write_ln0' <Predicate = (icmp_ln736)> <Delay = 0.00>
ST_72 : Operation 432 [1/1] (0.00ns)   --->   "%write_ln0 = write void @_ssdm_op_Write.ap_auto.floatP0A, i32 %mux_case_1221210_out, i32 %mux_case_1221210_load"   --->   Operation 432 'write' 'write_ln0' <Predicate = (icmp_ln736)> <Delay = 0.00>
ST_72 : Operation 433 [1/1] (0.00ns)   --->   "%write_ln0 = write void @_ssdm_op_Write.ap_auto.floatP0A, i32 %mux_case_1120206_out, i32 %mux_case_1120206_load"   --->   Operation 433 'write' 'write_ln0' <Predicate = (icmp_ln736)> <Delay = 0.00>
ST_72 : Operation 434 [1/1] (0.00ns)   --->   "%write_ln0 = write void @_ssdm_op_Write.ap_auto.floatP0A, i32 %mux_case_1019202_out, i32 %mux_case_1019202_load"   --->   Operation 434 'write' 'write_ln0' <Predicate = (icmp_ln736)> <Delay = 0.00>
ST_72 : Operation 435 [1/1] (0.00ns)   --->   "%write_ln0 = write void @_ssdm_op_Write.ap_auto.floatP0A, i32 %mux_case_918198_out, i32 %mux_case_918198_load"   --->   Operation 435 'write' 'write_ln0' <Predicate = (icmp_ln736)> <Delay = 0.00>
ST_72 : Operation 436 [1/1] (0.00ns)   --->   "%write_ln0 = write void @_ssdm_op_Write.ap_auto.floatP0A, i32 %mux_case_817194_out, i32 %mux_case_817194_load"   --->   Operation 436 'write' 'write_ln0' <Predicate = (icmp_ln736)> <Delay = 0.00>
ST_72 : Operation 437 [1/1] (0.00ns)   --->   "%write_ln0 = write void @_ssdm_op_Write.ap_auto.floatP0A, i32 %mux_case_716190_out, i32 %mux_case_716190_load"   --->   Operation 437 'write' 'write_ln0' <Predicate = (icmp_ln736)> <Delay = 0.00>
ST_72 : Operation 438 [1/1] (0.00ns)   --->   "%write_ln0 = write void @_ssdm_op_Write.ap_auto.floatP0A, i32 %mux_case_615186_out, i32 %mux_case_615186_load"   --->   Operation 438 'write' 'write_ln0' <Predicate = (icmp_ln736)> <Delay = 0.00>
ST_72 : Operation 439 [1/1] (0.00ns)   --->   "%write_ln0 = write void @_ssdm_op_Write.ap_auto.floatP0A, i32 %mux_case_514182_out, i32 %mux_case_514182_load"   --->   Operation 439 'write' 'write_ln0' <Predicate = (icmp_ln736)> <Delay = 0.00>
ST_72 : Operation 440 [1/1] (0.00ns)   --->   "%write_ln0 = write void @_ssdm_op_Write.ap_auto.floatP0A, i32 %mux_case_413178_out, i32 %mux_case_413178_load"   --->   Operation 440 'write' 'write_ln0' <Predicate = (icmp_ln736)> <Delay = 0.00>
ST_72 : Operation 441 [1/1] (0.00ns)   --->   "%write_ln0 = write void @_ssdm_op_Write.ap_auto.floatP0A, i32 %mux_case_312174_out, i32 %mux_case_312174_load"   --->   Operation 441 'write' 'write_ln0' <Predicate = (icmp_ln736)> <Delay = 0.00>
ST_72 : Operation 442 [1/1] (0.00ns)   --->   "%write_ln0 = write void @_ssdm_op_Write.ap_auto.floatP0A, i32 %mux_case_211170_out, i32 %mux_case_211170_load"   --->   Operation 442 'write' 'write_ln0' <Predicate = (icmp_ln736)> <Delay = 0.00>
ST_72 : Operation 443 [1/1] (0.00ns)   --->   "%write_ln0 = write void @_ssdm_op_Write.ap_auto.floatP0A, i32 %mux_case_110166_out, i32 %mux_case_110166_load"   --->   Operation 443 'write' 'write_ln0' <Predicate = (icmp_ln736)> <Delay = 0.00>
ST_72 : Operation 444 [1/1] (0.00ns)   --->   "%write_ln0 = write void @_ssdm_op_Write.ap_auto.floatP0A, i32 %mux_case_01162_out, i32 %mux_case_01162_load"   --->   Operation 444 'write' 'write_ln0' <Predicate = (icmp_ln736)> <Delay = 0.00>
ST_72 : Operation 445 [1/1] (0.00ns)   --->   "%ret_ln0 = ret"   --->   Operation 445 'ret' 'ret_ln0' <Predicate = (icmp_ln736)> <Delay = 0.00>

State 73 <SV = 72> <Delay = 7.02>
ST_73 : Operation 368 [1/1] (0.00ns)   --->   "%specpipeline_ln736 = specpipeline void @_ssdm_op_SpecPipeline, i32 4294967295, i32 0, i32 0, i32 0, void @empty" [src/moe.cpp:736]   --->   Operation 368 'specpipeline' 'specpipeline_ln736' <Predicate = true> <Delay = 0.00>
ST_73 : Operation 369 [1/1] (0.00ns)   --->   "%speclooptripcount_ln736 = speclooptripcount void @_ssdm_op_SpecLoopTripCount, i64 16, i64 16, i64 16" [src/moe.cpp:736]   --->   Operation 369 'speclooptripcount' 'speclooptripcount_ln736' <Predicate = true> <Delay = 0.00>
ST_73 : Operation 370 [1/1] (0.00ns)   --->   "%specloopname_ln736 = specloopname void @_ssdm_op_SpecLoopName, void @empty_12" [src/moe.cpp:736]   --->   Operation 370 'specloopname' 'specloopname_ln736' <Predicate = true> <Delay = 0.00>
ST_73 : Operation 371 [1/1] (0.00ns)   --->   "%bitcast_ln545 = bitcast i32 %acc_212" [src/moe.cpp:545->src/moe.cpp:743]   --->   Operation 371 'bitcast' 'bitcast_ln545' <Predicate = true> <Delay = 0.00>
ST_73 : Operation 372 [1/1] (0.00ns)   --->   "%tmp_s = partselect i8 @_ssdm_op_PartSelect.i8.i32.i32.i32, i32 %bitcast_ln545, i32 23, i32 30" [src/moe.cpp:545->src/moe.cpp:743]   --->   Operation 372 'partselect' 'tmp_s' <Predicate = true> <Delay = 0.00>
ST_73 : Operation 373 [1/1] (0.00ns)   --->   "%trunc_ln545 = trunc i32 %bitcast_ln545" [src/moe.cpp:545->src/moe.cpp:743]   --->   Operation 373 'trunc' 'trunc_ln545' <Predicate = true> <Delay = 0.00>
ST_73 : Operation 374 [1/1] (0.65ns)   --->   "%icmp_ln545 = icmp_ne  i8 %tmp_s, i8 255" [src/moe.cpp:545->src/moe.cpp:743]   --->   Operation 374 'icmp' 'icmp_ln545' <Predicate = true> <Delay = 0.65> <CoreInst = "Cmp">   --->   Core 9 'Cmp' <Latency = 0> <II = 1> <Delay = 0.65> <FuncUnit> <Opcode : 'icmp'> <InPorts = 2> <OutPorts = 1>
ST_73 : Operation 375 [1/1] (0.75ns)   --->   "%icmp_ln545_8 = icmp_eq  i23 %trunc_ln545, i23 0" [src/moe.cpp:545->src/moe.cpp:743]   --->   Operation 375 'icmp' 'icmp_ln545_8' <Predicate = true> <Delay = 0.75> <CoreInst = "Cmp">   --->   Core 9 'Cmp' <Latency = 0> <II = 1> <Delay = 0.75> <FuncUnit> <Opcode : 'icmp'> <InPorts = 2> <OutPorts = 1>
ST_73 : Operation 376 [1/1] (0.00ns) (grouped into LUT with out node l2)   --->   "%or_ln545 = or i1 %icmp_ln545_8, i1 %icmp_ln545" [src/moe.cpp:545->src/moe.cpp:743]   --->   Operation 376 'or' 'or_ln545' <Predicate = true> <Delay = 0.00> <CoreInst = "LogicGate">   --->   Core 74 'LogicGate' <Latency = 0> <II = 1> <Delay = 0.11> <FuncUnit> <Opcode : 'and' 'or' 'xor'> <InPorts = 2> <OutPorts = 1>
ST_73 : Operation 377 [1/1] (6.81ns)   --->   "%tmp_4 = fcmp_oge  i32 %acc_212, i32 0" [src/moe.cpp:545->src/moe.cpp:743]   --->   Operation 377 'fcmp' 'tmp_4' <Predicate = true> <Delay = 6.81> <CoreInst = "FCompare">   --->   Core 19 'FCompare' <Latency = 0> <II = 1> <Delay = 6.81> <FuncUnit> <Opcode : 'fcmp'> <InPorts = 2> <OutPorts = 1>
ST_73 : Operation 378 [1/1] (0.00ns) (grouped into LUT with out node l2)   --->   "%and_ln545 = and i1 %or_ln545, i1 %tmp_4" [src/moe.cpp:545->src/moe.cpp:743]   --->   Operation 378 'and' 'and_ln545' <Predicate = true> <Delay = 0.00> <CoreInst = "LogicGate">   --->   Core 74 'LogicGate' <Latency = 0> <II = 1> <Delay = 0.11> <FuncUnit> <Opcode : 'and' 'or' 'xor'> <InPorts = 2> <OutPorts = 1>
ST_73 : Operation 379 [1/2] (6.04ns)   --->   "%sub_i1 = fadd i32 %tmp, i32 -1" [src/moe.cpp:548->src/moe.cpp:743]   --->   Operation 379 'fadd' 'sub_i1' <Predicate = true> <Delay = 6.04> <CoreInst = "FAddSub_fulldsp">   --->   Core 18 'FAddSub_fulldsp' <Latency = 1> <II = 1> <Delay = 6.04> <FuncUnit> <Opcode : 'fadd' 'fsub'> <InPorts = 2> <OutPorts = 1>
ST_73 : Operation 380 [1/1] (0.21ns) (out node of the LUT)   --->   "%l2 = select i1 %and_ln545, i32 %acc_212, i32 %sub_i1" [src/moe.cpp:545->src/moe.cpp:743]   --->   Operation 380 'select' 'l2' <Predicate = true> <Delay = 0.21> <CoreInst = "Sel">   --->   Core 73 'Sel' <Latency = 0> <II = 1> <Delay = 0.21> <FuncUnit> <Opcode : 'select'> <InPorts = 3> <OutPorts = 1>
ST_73 : Operation 381 [1/1] (0.00ns)   --->   "%store_ln545 = store i32 %l2, i32 %mux_case_1423218" [src/moe.cpp:545->src/moe.cpp:743]   --->   Operation 381 'store' 'store_ln545' <Predicate = (trunc_ln736 == 14)> <Delay = 0.00>
ST_73 : Operation 382 [1/1] (0.00ns)   --->   "%br_ln743 = br void %arrayidx42.exit" [src/moe.cpp:743]   --->   Operation 382 'br' 'br_ln743' <Predicate = (trunc_ln736 == 14)> <Delay = 0.00>
ST_73 : Operation 383 [1/1] (0.00ns)   --->   "%store_ln545 = store i32 %l2, i32 %mux_case_1322214" [src/moe.cpp:545->src/moe.cpp:743]   --->   Operation 383 'store' 'store_ln545' <Predicate = (trunc_ln736 == 13)> <Delay = 0.00>
ST_73 : Operation 384 [1/1] (0.00ns)   --->   "%br_ln743 = br void %arrayidx42.exit" [src/moe.cpp:743]   --->   Operation 384 'br' 'br_ln743' <Predicate = (trunc_ln736 == 13)> <Delay = 0.00>
ST_73 : Operation 385 [1/1] (0.00ns)   --->   "%store_ln545 = store i32 %l2, i32 %mux_case_1221210" [src/moe.cpp:545->src/moe.cpp:743]   --->   Operation 385 'store' 'store_ln545' <Predicate = (trunc_ln736 == 12)> <Delay = 0.00>
ST_73 : Operation 386 [1/1] (0.00ns)   --->   "%br_ln743 = br void %arrayidx42.exit" [src/moe.cpp:743]   --->   Operation 386 'br' 'br_ln743' <Predicate = (trunc_ln736 == 12)> <Delay = 0.00>
ST_73 : Operation 387 [1/1] (0.00ns)   --->   "%store_ln545 = store i32 %l2, i32 %mux_case_1120206" [src/moe.cpp:545->src/moe.cpp:743]   --->   Operation 387 'store' 'store_ln545' <Predicate = (trunc_ln736 == 11)> <Delay = 0.00>
ST_73 : Operation 388 [1/1] (0.00ns)   --->   "%br_ln743 = br void %arrayidx42.exit" [src/moe.cpp:743]   --->   Operation 388 'br' 'br_ln743' <Predicate = (trunc_ln736 == 11)> <Delay = 0.00>
ST_73 : Operation 389 [1/1] (0.00ns)   --->   "%store_ln545 = store i32 %l2, i32 %mux_case_1019202" [src/moe.cpp:545->src/moe.cpp:743]   --->   Operation 389 'store' 'store_ln545' <Predicate = (trunc_ln736 == 10)> <Delay = 0.00>
ST_73 : Operation 390 [1/1] (0.00ns)   --->   "%br_ln743 = br void %arrayidx42.exit" [src/moe.cpp:743]   --->   Operation 390 'br' 'br_ln743' <Predicate = (trunc_ln736 == 10)> <Delay = 0.00>
ST_73 : Operation 391 [1/1] (0.00ns)   --->   "%store_ln545 = store i32 %l2, i32 %mux_case_918198" [src/moe.cpp:545->src/moe.cpp:743]   --->   Operation 391 'store' 'store_ln545' <Predicate = (trunc_ln736 == 9)> <Delay = 0.00>
ST_73 : Operation 392 [1/1] (0.00ns)   --->   "%br_ln743 = br void %arrayidx42.exit" [src/moe.cpp:743]   --->   Operation 392 'br' 'br_ln743' <Predicate = (trunc_ln736 == 9)> <Delay = 0.00>
ST_73 : Operation 393 [1/1] (0.00ns)   --->   "%store_ln545 = store i32 %l2, i32 %mux_case_817194" [src/moe.cpp:545->src/moe.cpp:743]   --->   Operation 393 'store' 'store_ln545' <Predicate = (trunc_ln736 == 8)> <Delay = 0.00>
ST_73 : Operation 394 [1/1] (0.00ns)   --->   "%br_ln743 = br void %arrayidx42.exit" [src/moe.cpp:743]   --->   Operation 394 'br' 'br_ln743' <Predicate = (trunc_ln736 == 8)> <Delay = 0.00>
ST_73 : Operation 395 [1/1] (0.00ns)   --->   "%store_ln545 = store i32 %l2, i32 %mux_case_716190" [src/moe.cpp:545->src/moe.cpp:743]   --->   Operation 395 'store' 'store_ln545' <Predicate = (trunc_ln736 == 7)> <Delay = 0.00>
ST_73 : Operation 396 [1/1] (0.00ns)   --->   "%br_ln743 = br void %arrayidx42.exit" [src/moe.cpp:743]   --->   Operation 396 'br' 'br_ln743' <Predicate = (trunc_ln736 == 7)> <Delay = 0.00>
ST_73 : Operation 397 [1/1] (0.00ns)   --->   "%store_ln545 = store i32 %l2, i32 %mux_case_615186" [src/moe.cpp:545->src/moe.cpp:743]   --->   Operation 397 'store' 'store_ln545' <Predicate = (trunc_ln736 == 6)> <Delay = 0.00>
ST_73 : Operation 398 [1/1] (0.00ns)   --->   "%br_ln743 = br void %arrayidx42.exit" [src/moe.cpp:743]   --->   Operation 398 'br' 'br_ln743' <Predicate = (trunc_ln736 == 6)> <Delay = 0.00>
ST_73 : Operation 399 [1/1] (0.00ns)   --->   "%store_ln545 = store i32 %l2, i32 %mux_case_514182" [src/moe.cpp:545->src/moe.cpp:743]   --->   Operation 399 'store' 'store_ln545' <Predicate = (trunc_ln736 == 5)> <Delay = 0.00>
ST_73 : Operation 400 [1/1] (0.00ns)   --->   "%br_ln743 = br void %arrayidx42.exit" [src/moe.cpp:743]   --->   Operation 400 'br' 'br_ln743' <Predicate = (trunc_ln736 == 5)> <Delay = 0.00>
ST_73 : Operation 401 [1/1] (0.00ns)   --->   "%store_ln545 = store i32 %l2, i32 %mux_case_413178" [src/moe.cpp:545->src/moe.cpp:743]   --->   Operation 401 'store' 'store_ln545' <Predicate = (trunc_ln736 == 4)> <Delay = 0.00>
ST_73 : Operation 402 [1/1] (0.00ns)   --->   "%br_ln743 = br void %arrayidx42.exit" [src/moe.cpp:743]   --->   Operation 402 'br' 'br_ln743' <Predicate = (trunc_ln736 == 4)> <Delay = 0.00>
ST_73 : Operation 403 [1/1] (0.00ns)   --->   "%store_ln545 = store i32 %l2, i32 %mux_case_312174" [src/moe.cpp:545->src/moe.cpp:743]   --->   Operation 403 'store' 'store_ln545' <Predicate = (trunc_ln736 == 3)> <Delay = 0.00>
ST_73 : Operation 404 [1/1] (0.00ns)   --->   "%br_ln743 = br void %arrayidx42.exit" [src/moe.cpp:743]   --->   Operation 404 'br' 'br_ln743' <Predicate = (trunc_ln736 == 3)> <Delay = 0.00>
ST_73 : Operation 405 [1/1] (0.00ns)   --->   "%store_ln545 = store i32 %l2, i32 %mux_case_211170" [src/moe.cpp:545->src/moe.cpp:743]   --->   Operation 405 'store' 'store_ln545' <Predicate = (trunc_ln736 == 2)> <Delay = 0.00>
ST_73 : Operation 406 [1/1] (0.00ns)   --->   "%br_ln743 = br void %arrayidx42.exit" [src/moe.cpp:743]   --->   Operation 406 'br' 'br_ln743' <Predicate = (trunc_ln736 == 2)> <Delay = 0.00>
ST_73 : Operation 407 [1/1] (0.00ns)   --->   "%store_ln545 = store i32 %l2, i32 %mux_case_110166" [src/moe.cpp:545->src/moe.cpp:743]   --->   Operation 407 'store' 'store_ln545' <Predicate = (trunc_ln736 == 1)> <Delay = 0.00>
ST_73 : Operation 408 [1/1] (0.00ns)   --->   "%br_ln743 = br void %arrayidx42.exit" [src/moe.cpp:743]   --->   Operation 408 'br' 'br_ln743' <Predicate = (trunc_ln736 == 1)> <Delay = 0.00>
ST_73 : Operation 409 [1/1] (0.00ns)   --->   "%store_ln545 = store i32 %l2, i32 %mux_case_01162" [src/moe.cpp:545->src/moe.cpp:743]   --->   Operation 409 'store' 'store_ln545' <Predicate = (trunc_ln736 == 0)> <Delay = 0.00>
ST_73 : Operation 410 [1/1] (0.00ns)   --->   "%br_ln743 = br void %arrayidx42.exit" [src/moe.cpp:743]   --->   Operation 410 'br' 'br_ln743' <Predicate = (trunc_ln736 == 0)> <Delay = 0.00>
ST_73 : Operation 411 [1/1] (0.00ns)   --->   "%store_ln545 = store i32 %l2, i32 %mux_case_1524222" [src/moe.cpp:545->src/moe.cpp:743]   --->   Operation 411 'store' 'store_ln545' <Predicate = (trunc_ln736 == 15)> <Delay = 0.00>
ST_73 : Operation 412 [1/1] (0.00ns)   --->   "%br_ln743 = br void %arrayidx42.exit" [src/moe.cpp:743]   --->   Operation 412 'br' 'br_ln743' <Predicate = (trunc_ln736 == 15)> <Delay = 0.00>


============================================================
+ Verbose Summary: Binding
============================================================
STG Binding: 
---------------- STG Properties BEGIN ----------------
- Is combinational: 0
- Is one-state seq: 0
- Is datapath-only: 0
- Is pipelined: 0
- Is top level: 0
Port [ Return ] is wired: 1; IO mode=ap_ctrl_hs:ce=0
Port [ mux_case_034]:  wired=1; compound=0; hidden=0; nouse=0; global=0; static=0; extern=0; dir=0; type=0; pingpong=0; private_global=0; IO mode=ap_none:ce=0
Port [ mux_case_138]:  wired=1; compound=0; hidden=0; nouse=0; global=0; static=0; extern=0; dir=0; type=0; pingpong=0; private_global=0; IO mode=ap_none:ce=0
Port [ mux_case_242]:  wired=1; compound=0; hidden=0; nouse=0; global=0; static=0; extern=0; dir=0; type=0; pingpong=0; private_global=0; IO mode=ap_none:ce=0
Port [ mux_case_346]:  wired=1; compound=0; hidden=0; nouse=0; global=0; static=0; extern=0; dir=0; type=0; pingpong=0; private_global=0; IO mode=ap_none:ce=0
Port [ mux_case_450]:  wired=1; compound=0; hidden=0; nouse=0; global=0; static=0; extern=0; dir=0; type=0; pingpong=0; private_global=0; IO mode=ap_none:ce=0
Port [ mux_case_554]:  wired=1; compound=0; hidden=0; nouse=0; global=0; static=0; extern=0; dir=0; type=0; pingpong=0; private_global=0; IO mode=ap_none:ce=0
Port [ mux_case_658]:  wired=1; compound=0; hidden=0; nouse=0; global=0; static=0; extern=0; dir=0; type=0; pingpong=0; private_global=0; IO mode=ap_none:ce=0
Port [ mux_case_762]:  wired=1; compound=0; hidden=0; nouse=0; global=0; static=0; extern=0; dir=0; type=0; pingpong=0; private_global=0; IO mode=ap_none:ce=0
Port [ mux_case_866]:  wired=1; compound=0; hidden=0; nouse=0; global=0; static=0; extern=0; dir=0; type=0; pingpong=0; private_global=0; IO mode=ap_none:ce=0
Port [ mux_case_970]:  wired=1; compound=0; hidden=0; nouse=0; global=0; static=0; extern=0; dir=0; type=0; pingpong=0; private_global=0; IO mode=ap_none:ce=0
Port [ mux_case_1074]:  wired=1; compound=0; hidden=0; nouse=0; global=0; static=0; extern=0; dir=0; type=0; pingpong=0; private_global=0; IO mode=ap_none:ce=0
Port [ mux_case_1178]:  wired=1; compound=0; hidden=0; nouse=0; global=0; static=0; extern=0; dir=0; type=0; pingpong=0; private_global=0; IO mode=ap_none:ce=0
Port [ mux_case_1282]:  wired=1; compound=0; hidden=0; nouse=0; global=0; static=0; extern=0; dir=0; type=0; pingpong=0; private_global=0; IO mode=ap_none:ce=0
Port [ mux_case_1386]:  wired=1; compound=0; hidden=0; nouse=0; global=0; static=0; extern=0; dir=0; type=0; pingpong=0; private_global=0; IO mode=ap_none:ce=0
Port [ mux_case_1490]:  wired=1; compound=0; hidden=0; nouse=0; global=0; static=0; extern=0; dir=0; type=0; pingpong=0; private_global=0; IO mode=ap_none:ce=0
Port [ mux_case_1594]:  wired=1; compound=0; hidden=0; nouse=0; global=0; static=0; extern=0; dir=0; type=0; pingpong=0; private_global=0; IO mode=ap_none:ce=0
Port [ mux_case_1698]:  wired=1; compound=0; hidden=0; nouse=0; global=0; static=0; extern=0; dir=0; type=0; pingpong=0; private_global=0; IO mode=ap_none:ce=0
Port [ mux_case_17102]:  wired=1; compound=0; hidden=0; nouse=0; global=0; static=0; extern=0; dir=0; type=0; pingpong=0; private_global=0; IO mode=ap_none:ce=0
Port [ mux_case_18106]:  wired=1; compound=0; hidden=0; nouse=0; global=0; static=0; extern=0; dir=0; type=0; pingpong=0; private_global=0; IO mode=ap_none:ce=0
Port [ mux_case_19110]:  wired=1; compound=0; hidden=0; nouse=0; global=0; static=0; extern=0; dir=0; type=0; pingpong=0; private_global=0; IO mode=ap_none:ce=0
Port [ mux_case_20114]:  wired=1; compound=0; hidden=0; nouse=0; global=0; static=0; extern=0; dir=0; type=0; pingpong=0; private_global=0; IO mode=ap_none:ce=0
Port [ mux_case_21118]:  wired=1; compound=0; hidden=0; nouse=0; global=0; static=0; extern=0; dir=0; type=0; pingpong=0; private_global=0; IO mode=ap_none:ce=0
Port [ mux_case_22122]:  wired=1; compound=0; hidden=0; nouse=0; global=0; static=0; extern=0; dir=0; type=0; pingpong=0; private_global=0; IO mode=ap_none:ce=0
Port [ mux_case_23126]:  wired=1; compound=0; hidden=0; nouse=0; global=0; static=0; extern=0; dir=0; type=0; pingpong=0; private_global=0; IO mode=ap_none:ce=0
Port [ mux_case_24130]:  wired=1; compound=0; hidden=0; nouse=0; global=0; static=0; extern=0; dir=0; type=0; pingpong=0; private_global=0; IO mode=ap_none:ce=0
Port [ mux_case_25134]:  wired=1; compound=0; hidden=0; nouse=0; global=0; static=0; extern=0; dir=0; type=0; pingpong=0; private_global=0; IO mode=ap_none:ce=0
Port [ mux_case_26138]:  wired=1; compound=0; hidden=0; nouse=0; global=0; static=0; extern=0; dir=0; type=0; pingpong=0; private_global=0; IO mode=ap_none:ce=0
Port [ mux_case_27142]:  wired=1; compound=0; hidden=0; nouse=0; global=0; static=0; extern=0; dir=0; type=0; pingpong=0; private_global=0; IO mode=ap_none:ce=0
Port [ mux_case_28146]:  wired=1; compound=0; hidden=0; nouse=0; global=0; static=0; extern=0; dir=0; type=0; pingpong=0; private_global=0; IO mode=ap_none:ce=0
Port [ mux_case_29150]:  wired=1; compound=0; hidden=0; nouse=0; global=0; static=0; extern=0; dir=0; type=0; pingpong=0; private_global=0; IO mode=ap_none:ce=0
Port [ mux_case_30154]:  wired=1; compound=0; hidden=0; nouse=0; global=0; static=0; extern=0; dir=0; type=0; pingpong=0; private_global=0; IO mode=ap_none:ce=0
Port [ mux_case_31158]:  wired=1; compound=0; hidden=0; nouse=0; global=0; static=0; extern=0; dir=0; type=0; pingpong=0; private_global=0; IO mode=ap_none:ce=0
Port [ mux_case_1524222_out]:  wired=1; compound=0; hidden=0; nouse=0; global=0; static=0; extern=0; dir=1; type=0; pingpong=0; private_global=0; IO mode=ap_vld:ce=0
Port [ mux_case_1423218_out]:  wired=1; compound=0; hidden=0; nouse=0; global=0; static=0; extern=0; dir=1; type=0; pingpong=0; private_global=0; IO mode=ap_vld:ce=0
Port [ mux_case_1322214_out]:  wired=1; compound=0; hidden=0; nouse=0; global=0; static=0; extern=0; dir=1; type=0; pingpong=0; private_global=0; IO mode=ap_vld:ce=0
Port [ mux_case_1221210_out]:  wired=1; compound=0; hidden=0; nouse=0; global=0; static=0; extern=0; dir=1; type=0; pingpong=0; private_global=0; IO mode=ap_vld:ce=0
Port [ mux_case_1120206_out]:  wired=1; compound=0; hidden=0; nouse=0; global=0; static=0; extern=0; dir=1; type=0; pingpong=0; private_global=0; IO mode=ap_vld:ce=0
Port [ mux_case_1019202_out]:  wired=1; compound=0; hidden=0; nouse=0; global=0; static=0; extern=0; dir=1; type=0; pingpong=0; private_global=0; IO mode=ap_vld:ce=0
Port [ mux_case_918198_out]:  wired=1; compound=0; hidden=0; nouse=0; global=0; static=0; extern=0; dir=1; type=0; pingpong=0; private_global=0; IO mode=ap_vld:ce=0
Port [ mux_case_817194_out]:  wired=1; compound=0; hidden=0; nouse=0; global=0; static=0; extern=0; dir=1; type=0; pingpong=0; private_global=0; IO mode=ap_vld:ce=0
Port [ mux_case_716190_out]:  wired=1; compound=0; hidden=0; nouse=0; global=0; static=0; extern=0; dir=1; type=0; pingpong=0; private_global=0; IO mode=ap_vld:ce=0
Port [ mux_case_615186_out]:  wired=1; compound=0; hidden=0; nouse=0; global=0; static=0; extern=0; dir=1; type=0; pingpong=0; private_global=0; IO mode=ap_vld:ce=0
Port [ mux_case_514182_out]:  wired=1; compound=0; hidden=0; nouse=0; global=0; static=0; extern=0; dir=1; type=0; pingpong=0; private_global=0; IO mode=ap_vld:ce=0
Port [ mux_case_413178_out]:  wired=1; compound=0; hidden=0; nouse=0; global=0; static=0; extern=0; dir=1; type=0; pingpong=0; private_global=0; IO mode=ap_vld:ce=0
Port [ mux_case_312174_out]:  wired=1; compound=0; hidden=0; nouse=0; global=0; static=0; extern=0; dir=1; type=0; pingpong=0; private_global=0; IO mode=ap_vld:ce=0
Port [ mux_case_211170_out]:  wired=1; compound=0; hidden=0; nouse=0; global=0; static=0; extern=0; dir=1; type=0; pingpong=0; private_global=0; IO mode=ap_vld:ce=0
Port [ mux_case_110166_out]:  wired=1; compound=0; hidden=0; nouse=0; global=0; static=0; extern=0; dir=1; type=0; pingpong=0; private_global=0; IO mode=ap_vld:ce=0
Port [ mux_case_01162_out]:  wired=1; compound=0; hidden=0; nouse=0; global=0; static=0; extern=0; dir=1; type=0; pingpong=0; private_global=0; IO mode=ap_vld:ce=0
Port [ e3_lut_b1]:  wired=0; compound=1; hidden=1; nouse=0; global=1; static=1; extern=0; dir=0; type=1; pingpong=0; private_global=1; MemPort=[1]; IO mode=ap_memory:ce=0
Port [ p_ZL9e3_lut_w1_0]:  wired=0; compound=1; hidden=1; nouse=0; global=1; static=1; extern=0; dir=0; type=1; pingpong=0; private_global=1; MemPort=[1]; IO mode=ap_memory:ce=0
Port [ p_ZL9e3_lut_w1_1]:  wired=0; compound=1; hidden=1; nouse=0; global=1; static=1; extern=0; dir=0; type=1; pingpong=0; private_global=1; MemPort=[1]; IO mode=ap_memory:ce=0
Port [ p_ZL9e3_lut_w1_2]:  wired=0; compound=1; hidden=1; nouse=0; global=1; static=1; extern=0; dir=0; type=1; pingpong=0; private_global=1; MemPort=[1]; IO mode=ap_memory:ce=0
Port [ p_ZL9e3_lut_w1_3]:  wired=0; compound=1; hidden=1; nouse=0; global=1; static=1; extern=0; dir=0; type=1; pingpong=0; private_global=1; MemPort=[1]; IO mode=ap_memory:ce=0
Port [ p_ZL9e3_lut_w1_4]:  wired=0; compound=1; hidden=1; nouse=0; global=1; static=1; extern=0; dir=0; type=1; pingpong=0; private_global=1; MemPort=[1]; IO mode=ap_memory:ce=0
Port [ p_ZL9e3_lut_w1_5]:  wired=0; compound=1; hidden=1; nouse=0; global=1; static=1; extern=0; dir=0; type=1; pingpong=0; private_global=1; MemPort=[1]; IO mode=ap_memory:ce=0
Port [ p_ZL9e3_lut_w1_6]:  wired=0; compound=1; hidden=1; nouse=0; global=1; static=1; extern=0; dir=0; type=1; pingpong=0; private_global=1; MemPort=[1]; IO mode=ap_memory:ce=0
Port [ p_ZL9e3_lut_w1_7]:  wired=0; compound=1; hidden=1; nouse=0; global=1; static=1; extern=0; dir=0; type=1; pingpong=0; private_global=1; MemPort=[1]; IO mode=ap_memory:ce=0
Port [ p_ZL9e3_lut_w1_8]:  wired=0; compound=1; hidden=1; nouse=0; global=1; static=1; extern=0; dir=0; type=1; pingpong=0; private_global=1; MemPort=[1]; IO mode=ap_memory:ce=0
Port [ p_ZL9e3_lut_w1_9]:  wired=0; compound=1; hidden=1; nouse=0; global=1; static=1; extern=0; dir=0; type=1; pingpong=0; private_global=1; MemPort=[1]; IO mode=ap_memory:ce=0
Port [ p_ZL9e3_lut_w1_10]:  wired=0; compound=1; hidden=1; nouse=0; global=1; static=1; extern=0; dir=0; type=1; pingpong=0; private_global=1; MemPort=[1]; IO mode=ap_memory:ce=0
Port [ p_ZL9e3_lut_w1_11]:  wired=0; compound=1; hidden=1; nouse=0; global=1; static=1; extern=0; dir=0; type=1; pingpong=0; private_global=1; MemPort=[1]; IO mode=ap_memory:ce=0
Port [ p_ZL9e3_lut_w1_12]:  wired=0; compound=1; hidden=1; nouse=0; global=1; static=1; extern=0; dir=0; type=1; pingpong=0; private_global=1; MemPort=[1]; IO mode=ap_memory:ce=0
Port [ p_ZL9e3_lut_w1_13]:  wired=0; compound=1; hidden=1; nouse=0; global=1; static=1; extern=0; dir=0; type=1; pingpong=0; private_global=1; MemPort=[1]; IO mode=ap_memory:ce=0
Port [ p_ZL9e3_lut_w1_14]:  wired=0; compound=1; hidden=1; nouse=0; global=1; static=1; extern=0; dir=0; type=1; pingpong=0; private_global=1; MemPort=[1]; IO mode=ap_memory:ce=0
Port [ p_ZL9e3_lut_w1_15]:  wired=0; compound=1; hidden=1; nouse=0; global=1; static=1; extern=0; dir=0; type=1; pingpong=0; private_global=1; MemPort=[1]; IO mode=ap_memory:ce=0
Port [ p_ZL9e3_lut_w1_16]:  wired=0; compound=1; hidden=1; nouse=0; global=1; static=1; extern=0; dir=0; type=1; pingpong=0; private_global=1; MemPort=[1]; IO mode=ap_memory:ce=0
Port [ p_ZL9e3_lut_w1_17]:  wired=0; compound=1; hidden=1; nouse=0; global=1; static=1; extern=0; dir=0; type=1; pingpong=0; private_global=1; MemPort=[1]; IO mode=ap_memory:ce=0
Port [ p_ZL9e3_lut_w1_18]:  wired=0; compound=1; hidden=1; nouse=0; global=1; static=1; extern=0; dir=0; type=1; pingpong=0; private_global=1; MemPort=[1]; IO mode=ap_memory:ce=0
Port [ p_ZL9e3_lut_w1_19]:  wired=0; compound=1; hidden=1; nouse=0; global=1; static=1; extern=0; dir=0; type=1; pingpong=0; private_global=1; MemPort=[1]; IO mode=ap_memory:ce=0
Port [ p_ZL9e3_lut_w1_20]:  wired=0; compound=1; hidden=1; nouse=0; global=1; static=1; extern=0; dir=0; type=1; pingpong=0; private_global=1; MemPort=[1]; IO mode=ap_memory:ce=0
Port [ p_ZL9e3_lut_w1_21]:  wired=0; compound=1; hidden=1; nouse=0; global=1; static=1; extern=0; dir=0; type=1; pingpong=0; private_global=1; MemPort=[1]; IO mode=ap_memory:ce=0
Port [ p_ZL9e3_lut_w1_22]:  wired=0; compound=1; hidden=1; nouse=0; global=1; static=1; extern=0; dir=0; type=1; pingpong=0; private_global=1; MemPort=[1]; IO mode=ap_memory:ce=0
Port [ p_ZL9e3_lut_w1_23]:  wired=0; compound=1; hidden=1; nouse=0; global=1; static=1; extern=0; dir=0; type=1; pingpong=0; private_global=1; MemPort=[1]; IO mode=ap_memory:ce=0
Port [ p_ZL9e3_lut_w1_24]:  wired=0; compound=1; hidden=1; nouse=0; global=1; static=1; extern=0; dir=0; type=1; pingpong=0; private_global=1; MemPort=[1]; IO mode=ap_memory:ce=0
Port [ p_ZL9e3_lut_w1_25]:  wired=0; compound=1; hidden=1; nouse=0; global=1; static=1; extern=0; dir=0; type=1; pingpong=0; private_global=1; MemPort=[1]; IO mode=ap_memory:ce=0
Port [ p_ZL9e3_lut_w1_26]:  wired=0; compound=1; hidden=1; nouse=0; global=1; static=1; extern=0; dir=0; type=1; pingpong=0; private_global=1; MemPort=[1]; IO mode=ap_memory:ce=0
Port [ p_ZL9e3_lut_w1_27]:  wired=0; compound=1; hidden=1; nouse=0; global=1; static=1; extern=0; dir=0; type=1; pingpong=0; private_global=1; MemPort=[1]; IO mode=ap_memory:ce=0
Port [ p_ZL9e3_lut_w1_28]:  wired=0; compound=1; hidden=1; nouse=0; global=1; static=1; extern=0; dir=0; type=1; pingpong=0; private_global=1; MemPort=[1]; IO mode=ap_memory:ce=0
Port [ p_ZL9e3_lut_w1_29]:  wired=0; compound=1; hidden=1; nouse=0; global=1; static=1; extern=0; dir=0; type=1; pingpong=0; private_global=1; MemPort=[1]; IO mode=ap_memory:ce=0
Port [ p_ZL9e3_lut_w1_30]:  wired=0; compound=1; hidden=1; nouse=0; global=1; static=1; extern=0; dir=0; type=1; pingpong=0; private_global=1; MemPort=[1]; IO mode=ap_memory:ce=0
Port [ p_ZL9e3_lut_w1_31]:  wired=0; compound=1; hidden=1; nouse=0; global=1; static=1; extern=0; dir=0; type=1; pingpong=0; private_global=1; MemPort=[1]; IO mode=ap_memory:ce=0
---------------- STG Properties END ------------------

---------------- Datapath Model BEGIN ----------------

<LifeTime>
<method=bitvector/>
i_1                     (alloca           ) [ 01000000000000000000000000000000000000000000000000000000000000000000000000]
mux_case_01162          (alloca           ) [ 01111111111111111111111111111111111111111111111111111111111111111111111111]
mux_case_110166         (alloca           ) [ 01111111111111111111111111111111111111111111111111111111111111111111111111]
mux_case_211170         (alloca           ) [ 01111111111111111111111111111111111111111111111111111111111111111111111111]
mux_case_312174         (alloca           ) [ 01111111111111111111111111111111111111111111111111111111111111111111111111]
mux_case_413178         (alloca           ) [ 01111111111111111111111111111111111111111111111111111111111111111111111111]
mux_case_514182         (alloca           ) [ 01111111111111111111111111111111111111111111111111111111111111111111111111]
mux_case_615186         (alloca           ) [ 01111111111111111111111111111111111111111111111111111111111111111111111111]
mux_case_716190         (alloca           ) [ 01111111111111111111111111111111111111111111111111111111111111111111111111]
mux_case_817194         (alloca           ) [ 01111111111111111111111111111111111111111111111111111111111111111111111111]
mux_case_918198         (alloca           ) [ 01111111111111111111111111111111111111111111111111111111111111111111111111]
mux_case_1019202        (alloca           ) [ 01111111111111111111111111111111111111111111111111111111111111111111111111]
mux_case_1120206        (alloca           ) [ 01111111111111111111111111111111111111111111111111111111111111111111111111]
mux_case_1221210        (alloca           ) [ 01111111111111111111111111111111111111111111111111111111111111111111111111]
mux_case_1322214        (alloca           ) [ 01111111111111111111111111111111111111111111111111111111111111111111111111]
mux_case_1423218        (alloca           ) [ 01111111111111111111111111111111111111111111111111111111111111111111111111]
mux_case_1524222        (alloca           ) [ 01111111111111111111111111111111111111111111111111111111111111111111111111]
mux_case_31158_read     (read             ) [ 01111111111111111111111111111111111111111111111111111111111111000000000000]
mux_case_30154_read     (read             ) [ 01111111111111111111111111111111111111111111111111111111111111000000000000]
mux_case_29150_read     (read             ) [ 01111111111111111111111111111111111111111111111111111111111111000000000000]
mux_case_28146_read     (read             ) [ 01111111111111111111111111111111111111111111111111111111111100000000000000]
mux_case_27142_read     (read             ) [ 01111111111111111111111111111111111111111111111111111111110000000000000000]
mux_case_26138_read     (read             ) [ 01111111111111111111111111111111111111111111111111111111000000000000000000]
mux_case_25134_read     (read             ) [ 01111111111111111111111111111111111111111111111111111100000000000000000000]
mux_case_24130_read     (read             ) [ 01111111111111111111111111111111111111111111111111110000000000000000000000]
mux_case_23126_read     (read             ) [ 01111111111111111111111111111111111111111111111111000000000000000000000000]
mux_case_22122_read     (read             ) [ 01111111111111111111111111111111111111111111111100000000000000000000000000]
mux_case_21118_read     (read             ) [ 01111111111111111111111111111111111111111111110000000000000000000000000000]
mux_case_20114_read     (read             ) [ 01111111111111111111111111111111111111111111000000000000000000000000000000]
mux_case_19110_read     (read             ) [ 01111111111111111111111111111111111111111100000000000000000000000000000000]
mux_case_18106_read     (read             ) [ 01111111111111111111111111111111111111110000000000000000000000000000000000]
mux_case_17102_read     (read             ) [ 01111111111111111111111111111111111111000000000000000000000000000000000000]
mux_case_1698_read      (read             ) [ 01111111111111111111111111111111111100000000000000000000000000000000000000]
mux_case_1594_read      (read             ) [ 01111111111111111111111111111111110000000000000000000000000000000000000000]
mux_case_1490_read      (read             ) [ 01111111111111111111111111111111000000000000000000000000000000000000000000]
mux_case_1386_read      (read             ) [ 01111111111111111111111111111100000000000000000000000000000000000000000000]
mux_case_1282_read      (read             ) [ 01111111111111111111111111110000000000000000000000000000000000000000000000]
mux_case_1178_read      (read             ) [ 01111111111111111111111111000000000000000000000000000000000000000000000000]
mux_case_1074_read      (read             ) [ 01111111111111111111111100000000000000000000000000000000000000000000000000]
mux_case_970_read       (read             ) [ 01111111111111111111110000000000000000000000000000000000000000000000000000]
mux_case_866_read       (read             ) [ 01111111111111111111000000000000000000000000000000000000000000000000000000]
mux_case_762_read       (read             ) [ 01111111111111111100000000000000000000000000000000000000000000000000000000]
mux_case_658_read       (read             ) [ 01111111111111110000000000000000000000000000000000000000000000000000000000]
mux_case_554_read       (read             ) [ 01111111111111000000000000000000000000000000000000000000000000000000000000]
mux_case_450_read       (read             ) [ 01111111111100000000000000000000000000000000000000000000000000000000000000]
mux_case_346_read       (read             ) [ 01111111110000000000000000000000000000000000000000000000000000000000000000]
mux_case_242_read       (read             ) [ 01111111000000000000000000000000000000000000000000000000000000000000000000]
mux_case_138_read       (read             ) [ 01111100000000000000000000000000000000000000000000000000000000000000000000]
mux_case_034_read       (read             ) [ 01110000000000000000000000000000000000000000000000000000000000000000000000]
store_ln736             (store            ) [ 00000000000000000000000000000000000000000000000000000000000000000000000000]
br_ln0                  (br               ) [ 00000000000000000000000000000000000000000000000000000000000000000000000000]
i                       (load             ) [ 00000000000000000000000000000000000000000000000000000000000000000000000000]
icmp_ln736              (icmp             ) [ 01111111111111111111111111111111111111111111111111111111111111111111111110]
add_ln736               (add              ) [ 00000000000000000000000000000000000000000000000000000000000000000000000000]
br_ln736                (br               ) [ 00000000000000000000000000000000000000000000000000000000000000000000000000]
zext_ln736              (zext             ) [ 01111111111111111111111111111111111111111111111111111111111100000000000000]
p_ZL9e3_lut_w1_0_addr   (getelementptr    ) [ 01100000000000000000000000000000000000000000000000000000000000000000000000]
trunc_ln736             (trunc            ) [ 01111111111111111111111111111111111111111111111111111111111111111111111111]
switch_ln743            (switch           ) [ 00000000000000000000000000000000000000000000000000000000000000000000000000]
store_ln736             (store            ) [ 00000000000000000000000000000000000000000000000000000000000000000000000000]
br_ln736                (br               ) [ 00000000000000000000000000000000000000000000000000000000000000000000000000]
p_ZL9e3_lut_w1_0_load   (load             ) [ 01010000000000000000000000000000000000000000000000000000000000000000000000]
e3_lut_b1_addr          (getelementptr    ) [ 01001000000000000000000000000000000000000000000000000000000000000000000000]
p_ZL9e3_lut_w1_1_addr   (getelementptr    ) [ 01001000000000000000000000000000000000000000000000000000000000000000000000]
mul3                    (fmul             ) [ 01001100000000000000000000000000000000000000000000000000000000000000000000]
acc                     (load             ) [ 01000100000000000000000000000000000000000000000000000000000000000000000000]
p_ZL9e3_lut_w1_1_load   (load             ) [ 01000100000000000000000000000000000000000000000000000000000000000000000000]
p_ZL9e3_lut_w1_2_addr   (getelementptr    ) [ 01000010000000000000000000000000000000000000000000000000000000000000000000]
acc_181                 (fadd             ) [ 01000011000000000000000000000000000000000000000000000000000000000000000000]
mul35_1                 (fmul             ) [ 01000011000000000000000000000000000000000000000000000000000000000000000000]
p_ZL9e3_lut_w1_2_load   (load             ) [ 01000001000000000000000000000000000000000000000000000000000000000000000000]
p_ZL9e3_lut_w1_3_addr   (getelementptr    ) [ 01000000100000000000000000000000000000000000000000000000000000000000000000]
acc_182                 (fadd             ) [ 01000000110000000000000000000000000000000000000000000000000000000000000000]
mul35_2                 (fmul             ) [ 01000000110000000000000000000000000000000000000000000000000000000000000000]
p_ZL9e3_lut_w1_3_load   (load             ) [ 01000000010000000000000000000000000000000000000000000000000000000000000000]
p_ZL9e3_lut_w1_4_addr   (getelementptr    ) [ 01000000001000000000000000000000000000000000000000000000000000000000000000]
acc_183                 (fadd             ) [ 01000000001100000000000000000000000000000000000000000000000000000000000000]
mul35_3                 (fmul             ) [ 01000000001100000000000000000000000000000000000000000000000000000000000000]
p_ZL9e3_lut_w1_4_load   (load             ) [ 01000000000100000000000000000000000000000000000000000000000000000000000000]
p_ZL9e3_lut_w1_5_addr   (getelementptr    ) [ 01000000000010000000000000000000000000000000000000000000000000000000000000]
acc_184                 (fadd             ) [ 01000000000011000000000000000000000000000000000000000000000000000000000000]
mul35_4                 (fmul             ) [ 01000000000011000000000000000000000000000000000000000000000000000000000000]
p_ZL9e3_lut_w1_5_load   (load             ) [ 01000000000001000000000000000000000000000000000000000000000000000000000000]
p_ZL9e3_lut_w1_6_addr   (getelementptr    ) [ 01000000000000100000000000000000000000000000000000000000000000000000000000]
acc_185                 (fadd             ) [ 01000000000000110000000000000000000000000000000000000000000000000000000000]
mul35_5                 (fmul             ) [ 01000000000000110000000000000000000000000000000000000000000000000000000000]
p_ZL9e3_lut_w1_6_load   (load             ) [ 01000000000000010000000000000000000000000000000000000000000000000000000000]
p_ZL9e3_lut_w1_7_addr   (getelementptr    ) [ 01000000000000001000000000000000000000000000000000000000000000000000000000]
acc_186                 (fadd             ) [ 01000000000000001100000000000000000000000000000000000000000000000000000000]
mul35_6                 (fmul             ) [ 01000000000000001100000000000000000000000000000000000000000000000000000000]
p_ZL9e3_lut_w1_7_load   (load             ) [ 01000000000000000100000000000000000000000000000000000000000000000000000000]
p_ZL9e3_lut_w1_8_addr   (getelementptr    ) [ 01000000000000000010000000000000000000000000000000000000000000000000000000]
acc_187                 (fadd             ) [ 01000000000000000011000000000000000000000000000000000000000000000000000000]
mul35_7                 (fmul             ) [ 01000000000000000011000000000000000000000000000000000000000000000000000000]
p_ZL9e3_lut_w1_8_load   (load             ) [ 01000000000000000001000000000000000000000000000000000000000000000000000000]
p_ZL9e3_lut_w1_9_addr   (getelementptr    ) [ 01000000000000000000100000000000000000000000000000000000000000000000000000]
acc_188                 (fadd             ) [ 01000000000000000000110000000000000000000000000000000000000000000000000000]
mul35_8                 (fmul             ) [ 01000000000000000000110000000000000000000000000000000000000000000000000000]
p_ZL9e3_lut_w1_9_load   (load             ) [ 01000000000000000000010000000000000000000000000000000000000000000000000000]
p_ZL9e3_lut_w1_10_addr  (getelementptr    ) [ 01000000000000000000001000000000000000000000000000000000000000000000000000]
acc_189                 (fadd             ) [ 01000000000000000000001100000000000000000000000000000000000000000000000000]
mul35_9                 (fmul             ) [ 01000000000000000000001100000000000000000000000000000000000000000000000000]
p_ZL9e3_lut_w1_10_load  (load             ) [ 01000000000000000000000100000000000000000000000000000000000000000000000000]
p_ZL9e3_lut_w1_11_addr  (getelementptr    ) [ 01000000000000000000000010000000000000000000000000000000000000000000000000]
acc_190                 (fadd             ) [ 01000000000000000000000011000000000000000000000000000000000000000000000000]
mul35_s                 (fmul             ) [ 01000000000000000000000011000000000000000000000000000000000000000000000000]
p_ZL9e3_lut_w1_11_load  (load             ) [ 01000000000000000000000001000000000000000000000000000000000000000000000000]
p_ZL9e3_lut_w1_12_addr  (getelementptr    ) [ 01000000000000000000000000100000000000000000000000000000000000000000000000]
acc_191                 (fadd             ) [ 01000000000000000000000000110000000000000000000000000000000000000000000000]
mul35_10                (fmul             ) [ 01000000000000000000000000110000000000000000000000000000000000000000000000]
p_ZL9e3_lut_w1_12_load  (load             ) [ 01000000000000000000000000010000000000000000000000000000000000000000000000]
p_ZL9e3_lut_w1_13_addr  (getelementptr    ) [ 01000000000000000000000000001000000000000000000000000000000000000000000000]
acc_192                 (fadd             ) [ 01000000000000000000000000001100000000000000000000000000000000000000000000]
mul35_11                (fmul             ) [ 01000000000000000000000000001100000000000000000000000000000000000000000000]
p_ZL9e3_lut_w1_13_load  (load             ) [ 01000000000000000000000000000100000000000000000000000000000000000000000000]
p_ZL9e3_lut_w1_14_addr  (getelementptr    ) [ 01000000000000000000000000000010000000000000000000000000000000000000000000]
acc_193                 (fadd             ) [ 01000000000000000000000000000011000000000000000000000000000000000000000000]
mul35_12                (fmul             ) [ 01000000000000000000000000000011000000000000000000000000000000000000000000]
p_ZL9e3_lut_w1_14_load  (load             ) [ 01000000000000000000000000000001000000000000000000000000000000000000000000]
p_ZL9e3_lut_w1_15_addr  (getelementptr    ) [ 01000000000000000000000000000000100000000000000000000000000000000000000000]
acc_194                 (fadd             ) [ 01000000000000000000000000000000110000000000000000000000000000000000000000]
mul35_13                (fmul             ) [ 01000000000000000000000000000000110000000000000000000000000000000000000000]
p_ZL9e3_lut_w1_15_load  (load             ) [ 01000000000000000000000000000000010000000000000000000000000000000000000000]
p_ZL9e3_lut_w1_16_addr  (getelementptr    ) [ 01000000000000000000000000000000001000000000000000000000000000000000000000]
acc_195                 (fadd             ) [ 01000000000000000000000000000000001100000000000000000000000000000000000000]
mul35_14                (fmul             ) [ 01000000000000000000000000000000001100000000000000000000000000000000000000]
p_ZL9e3_lut_w1_16_load  (load             ) [ 01000000000000000000000000000000000100000000000000000000000000000000000000]
p_ZL9e3_lut_w1_17_addr  (getelementptr    ) [ 01000000000000000000000000000000000010000000000000000000000000000000000000]
acc_196                 (fadd             ) [ 01000000000000000000000000000000000011000000000000000000000000000000000000]
mul35_15                (fmul             ) [ 01000000000000000000000000000000000011000000000000000000000000000000000000]
p_ZL9e3_lut_w1_17_load  (load             ) [ 01000000000000000000000000000000000001000000000000000000000000000000000000]
p_ZL9e3_lut_w1_18_addr  (getelementptr    ) [ 01000000000000000000000000000000000000100000000000000000000000000000000000]
acc_197                 (fadd             ) [ 01000000000000000000000000000000000000110000000000000000000000000000000000]
mul35_16                (fmul             ) [ 01000000000000000000000000000000000000110000000000000000000000000000000000]
p_ZL9e3_lut_w1_18_load  (load             ) [ 01000000000000000000000000000000000000010000000000000000000000000000000000]
p_ZL9e3_lut_w1_19_addr  (getelementptr    ) [ 01000000000000000000000000000000000000001000000000000000000000000000000000]
acc_198                 (fadd             ) [ 01000000000000000000000000000000000000001100000000000000000000000000000000]
mul35_17                (fmul             ) [ 01000000000000000000000000000000000000001100000000000000000000000000000000]
p_ZL9e3_lut_w1_19_load  (load             ) [ 01000000000000000000000000000000000000000100000000000000000000000000000000]
p_ZL9e3_lut_w1_20_addr  (getelementptr    ) [ 01000000000000000000000000000000000000000010000000000000000000000000000000]
acc_199                 (fadd             ) [ 01000000000000000000000000000000000000000011000000000000000000000000000000]
mul35_18                (fmul             ) [ 01000000000000000000000000000000000000000011000000000000000000000000000000]
p_ZL9e3_lut_w1_20_load  (load             ) [ 01000000000000000000000000000000000000000001000000000000000000000000000000]
p_ZL9e3_lut_w1_21_addr  (getelementptr    ) [ 01000000000000000000000000000000000000000000100000000000000000000000000000]
acc_200                 (fadd             ) [ 01000000000000000000000000000000000000000000110000000000000000000000000000]
mul35_19                (fmul             ) [ 01000000000000000000000000000000000000000000110000000000000000000000000000]
p_ZL9e3_lut_w1_21_load  (load             ) [ 01000000000000000000000000000000000000000000010000000000000000000000000000]
p_ZL9e3_lut_w1_22_addr  (getelementptr    ) [ 01000000000000000000000000000000000000000000001000000000000000000000000000]
acc_201                 (fadd             ) [ 01000000000000000000000000000000000000000000001100000000000000000000000000]
mul35_20                (fmul             ) [ 01000000000000000000000000000000000000000000001100000000000000000000000000]
p_ZL9e3_lut_w1_22_load  (load             ) [ 01000000000000000000000000000000000000000000000100000000000000000000000000]
p_ZL9e3_lut_w1_23_addr  (getelementptr    ) [ 01000000000000000000000000000000000000000000000010000000000000000000000000]
acc_202                 (fadd             ) [ 01000000000000000000000000000000000000000000000011000000000000000000000000]
mul35_21                (fmul             ) [ 01000000000000000000000000000000000000000000000011000000000000000000000000]
p_ZL9e3_lut_w1_23_load  (load             ) [ 01000000000000000000000000000000000000000000000001000000000000000000000000]
p_ZL9e3_lut_w1_24_addr  (getelementptr    ) [ 01000000000000000000000000000000000000000000000000100000000000000000000000]
acc_203                 (fadd             ) [ 01000000000000000000000000000000000000000000000000110000000000000000000000]
mul35_22                (fmul             ) [ 01000000000000000000000000000000000000000000000000110000000000000000000000]
p_ZL9e3_lut_w1_24_load  (load             ) [ 01000000000000000000000000000000000000000000000000010000000000000000000000]
p_ZL9e3_lut_w1_25_addr  (getelementptr    ) [ 01000000000000000000000000000000000000000000000000001000000000000000000000]
acc_204                 (fadd             ) [ 01000000000000000000000000000000000000000000000000001100000000000000000000]
mul35_23                (fmul             ) [ 01000000000000000000000000000000000000000000000000001100000000000000000000]
p_ZL9e3_lut_w1_25_load  (load             ) [ 01000000000000000000000000000000000000000000000000000100000000000000000000]
p_ZL9e3_lut_w1_26_addr  (getelementptr    ) [ 01000000000000000000000000000000000000000000000000000010000000000000000000]
acc_205                 (fadd             ) [ 01000000000000000000000000000000000000000000000000000011000000000000000000]
mul35_24                (fmul             ) [ 01000000000000000000000000000000000000000000000000000011000000000000000000]
p_ZL9e3_lut_w1_26_load  (load             ) [ 01000000000000000000000000000000000000000000000000000001000000000000000000]
p_ZL9e3_lut_w1_27_addr  (getelementptr    ) [ 01000000000000000000000000000000000000000000000000000000100000000000000000]
acc_206                 (fadd             ) [ 01000000000000000000000000000000000000000000000000000000110000000000000000]
mul35_25                (fmul             ) [ 01000000000000000000000000000000000000000000000000000000110000000000000000]
p_ZL9e3_lut_w1_27_load  (load             ) [ 01000000000000000000000000000000000000000000000000000000010000000000000000]
p_ZL9e3_lut_w1_28_addr  (getelementptr    ) [ 01000000000000000000000000000000000000000000000000000000001000000000000000]
acc_207                 (fadd             ) [ 01000000000000000000000000000000000000000000000000000000001100000000000000]
mul35_26                (fmul             ) [ 01000000000000000000000000000000000000000000000000000000001100000000000000]
p_ZL9e3_lut_w1_28_load  (load             ) [ 01000000000000000000000000000000000000000000000000000000000100000000000000]
p_ZL9e3_lut_w1_29_addr  (getelementptr    ) [ 01000000000000000000000000000000000000000000000000000000000010000000000000]
p_ZL9e3_lut_w1_30_addr  (getelementptr    ) [ 01000000000000000000000000000000000000000000000000000000000010000000000000]
p_ZL9e3_lut_w1_31_addr  (getelementptr    ) [ 01000000000000000000000000000000000000000000000000000000000010000000000000]
acc_208                 (fadd             ) [ 01000000000000000000000000000000000000000000000000000000000011000000000000]
mul35_27                (fmul             ) [ 01000000000000000000000000000000000000000000000000000000000011000000000000]
p_ZL9e3_lut_w1_29_load  (load             ) [ 01000000000000000000000000000000000000000000000000000000000001000000000000]
p_ZL9e3_lut_w1_30_load  (load             ) [ 01000000000000000000000000000000000000000000000000000000000001000000000000]
p_ZL9e3_lut_w1_31_load  (load             ) [ 01000000000000000000000000000000000000000000000000000000000001000000000000]
acc_209                 (fadd             ) [ 01000000000000000000000000000000000000000000000000000000000000110000000000]
mul35_28                (fmul             ) [ 01000000000000000000000000000000000000000000000000000000000000110000000000]
mul35_29                (fmul             ) [ 01000000000000000000000000000000000000000000000000000000000000111100000000]
mul35_30                (fmul             ) [ 01000000000000000000000000000000000000000000000000000000000000111111000000]
acc_210                 (fadd             ) [ 01000000000000000000000000000000000000000000000000000000000000001100000000]
acc_211                 (fadd             ) [ 01000000000000000000000000000000000000000000000000000000000000000011000000]
acc_212                 (fadd             ) [ 01000000000000000000000000000000000000000000000000000000000000000000111111]
tmp                     (fexp             ) [ 01000000000000000000000000000000000000000000000000000000000000000000000011]
specpipeline_ln736      (specpipeline     ) [ 00000000000000000000000000000000000000000000000000000000000000000000000000]
speclooptripcount_ln736 (speclooptripcount) [ 00000000000000000000000000000000000000000000000000000000000000000000000000]
specloopname_ln736      (specloopname     ) [ 00000000000000000000000000000000000000000000000000000000000000000000000000]
bitcast_ln545           (bitcast          ) [ 00000000000000000000000000000000000000000000000000000000000000000000000000]
tmp_s                   (partselect       ) [ 00000000000000000000000000000000000000000000000000000000000000000000000000]
trunc_ln545             (trunc            ) [ 00000000000000000000000000000000000000000000000000000000000000000000000000]
icmp_ln545              (icmp             ) [ 00000000000000000000000000000000000000000000000000000000000000000000000000]
icmp_ln545_8            (icmp             ) [ 00000000000000000000000000000000000000000000000000000000000000000000000000]
or_ln545                (or               ) [ 00000000000000000000000000000000000000000000000000000000000000000000000000]
tmp_4                   (fcmp             ) [ 00000000000000000000000000000000000000000000000000000000000000000000000000]
and_ln545               (and              ) [ 00000000000000000000000000000000000000000000000000000000000000000000000000]
sub_i1                  (fadd             ) [ 00000000000000000000000000000000000000000000000000000000000000000000000000]
l2                      (select           ) [ 00000000000000000000000000000000000000000000000000000000000000000000000000]
store_ln545             (store            ) [ 00000000000000000000000000000000000000000000000000000000000000000000000000]
br_ln743                (br               ) [ 00000000000000000000000000000000000000000000000000000000000000000000000000]
store_ln545             (store            ) [ 00000000000000000000000000000000000000000000000000000000000000000000000000]
br_ln743                (br               ) [ 00000000000000000000000000000000000000000000000000000000000000000000000000]
store_ln545             (store            ) [ 00000000000000000000000000000000000000000000000000000000000000000000000000]
br_ln743                (br               ) [ 00000000000000000000000000000000000000000000000000000000000000000000000000]
store_ln545             (store            ) [ 00000000000000000000000000000000000000000000000000000000000000000000000000]
br_ln743                (br               ) [ 00000000000000000000000000000000000000000000000000000000000000000000000000]
store_ln545             (store            ) [ 00000000000000000000000000000000000000000000000000000000000000000000000000]
br_ln743                (br               ) [ 00000000000000000000000000000000000000000000000000000000000000000000000000]
store_ln545             (store            ) [ 00000000000000000000000000000000000000000000000000000000000000000000000000]
br_ln743                (br               ) [ 00000000000000000000000000000000000000000000000000000000000000000000000000]
store_ln545             (store            ) [ 00000000000000000000000000000000000000000000000000000000000000000000000000]
br_ln743                (br               ) [ 00000000000000000000000000000000000000000000000000000000000000000000000000]
store_ln545             (store            ) [ 00000000000000000000000000000000000000000000000000000000000000000000000000]
br_ln743                (br               ) [ 00000000000000000000000000000000000000000000000000000000000000000000000000]
store_ln545             (store            ) [ 00000000000000000000000000000000000000000000000000000000000000000000000000]
br_ln743                (br               ) [ 00000000000000000000000000000000000000000000000000000000000000000000000000]
store_ln545             (store            ) [ 00000000000000000000000000000000000000000000000000000000000000000000000000]
br_ln743                (br               ) [ 00000000000000000000000000000000000000000000000000000000000000000000000000]
store_ln545             (store            ) [ 00000000000000000000000000000000000000000000000000000000000000000000000000]
br_ln743                (br               ) [ 00000000000000000000000000000000000000000000000000000000000000000000000000]
store_ln545             (store            ) [ 00000000000000000000000000000000000000000000000000000000000000000000000000]
br_ln743                (br               ) [ 00000000000000000000000000000000000000000000000000000000000000000000000000]
store_ln545             (store            ) [ 00000000000000000000000000000000000000000000000000000000000000000000000000]
br_ln743                (br               ) [ 00000000000000000000000000000000000000000000000000000000000000000000000000]
store_ln545             (store            ) [ 00000000000000000000000000000000000000000000000000000000000000000000000000]
br_ln743                (br               ) [ 00000000000000000000000000000000000000000000000000000000000000000000000000]
store_ln545             (store            ) [ 00000000000000000000000000000000000000000000000000000000000000000000000000]
br_ln743                (br               ) [ 00000000000000000000000000000000000000000000000000000000000000000000000000]
store_ln545             (store            ) [ 00000000000000000000000000000000000000000000000000000000000000000000000000]
br_ln743                (br               ) [ 00000000000000000000000000000000000000000000000000000000000000000000000000]
mux_case_01162_load     (load             ) [ 00000000000000000000000000000000000000000000000000000000000000000000000000]
mux_case_110166_load    (load             ) [ 00000000000000000000000000000000000000000000000000000000000000000000000000]
mux_case_211170_load    (load             ) [ 00000000000000000000000000000000000000000000000000000000000000000000000000]
mux_case_312174_load    (load             ) [ 00000000000000000000000000000000000000000000000000000000000000000000000000]
mux_case_413178_load    (load             ) [ 00000000000000000000000000000000000000000000000000000000000000000000000000]
mux_case_514182_load    (load             ) [ 00000000000000000000000000000000000000000000000000000000000000000000000000]
mux_case_615186_load    (load             ) [ 00000000000000000000000000000000000000000000000000000000000000000000000000]
mux_case_716190_load    (load             ) [ 00000000000000000000000000000000000000000000000000000000000000000000000000]
mux_case_817194_load    (load             ) [ 00000000000000000000000000000000000000000000000000000000000000000000000000]
mux_case_918198_load    (load             ) [ 00000000000000000000000000000000000000000000000000000000000000000000000000]
mux_case_1019202_load   (load             ) [ 00000000000000000000000000000000000000000000000000000000000000000000000000]
mux_case_1120206_load   (load             ) [ 00000000000000000000000000000000000000000000000000000000000000000000000000]
mux_case_1221210_load   (load             ) [ 00000000000000000000000000000000000000000000000000000000000000000000000000]
mux_case_1322214_load   (load             ) [ 00000000000000000000000000000000000000000000000000000000000000000000000000]
mux_case_1423218_load   (load             ) [ 00000000000000000000000000000000000000000000000000000000000000000000000000]
mux_case_1524222_load   (load             ) [ 00000000000000000000000000000000000000000000000000000000000000000000000000]
write_ln0               (write            ) [ 00000000000000000000000000000000000000000000000000000000000000000000000000]
write_ln0               (write            ) [ 00000000000000000000000000000000000000000000000000000000000000000000000000]
write_ln0               (write            ) [ 00000000000000000000000000000000000000000000000000000000000000000000000000]
write_ln0               (write            ) [ 00000000000000000000000000000000000000000000000000000000000000000000000000]
write_ln0               (write            ) [ 00000000000000000000000000000000000000000000000000000000000000000000000000]
write_ln0               (write            ) [ 00000000000000000000000000000000000000000000000000000000000000000000000000]
write_ln0               (write            ) [ 00000000000000000000000000000000000000000000000000000000000000000000000000]
write_ln0               (write            ) [ 00000000000000000000000000000000000000000000000000000000000000000000000000]
write_ln0               (write            ) [ 00000000000000000000000000000000000000000000000000000000000000000000000000]
write_ln0               (write            ) [ 00000000000000000000000000000000000000000000000000000000000000000000000000]
write_ln0               (write            ) [ 00000000000000000000000000000000000000000000000000000000000000000000000000]
write_ln0               (write            ) [ 00000000000000000000000000000000000000000000000000000000000000000000000000]
write_ln0               (write            ) [ 00000000000000000000000000000000000000000000000000000000000000000000000000]
write_ln0               (write            ) [ 00000000000000000000000000000000000000000000000000000000000000000000000000]
write_ln0               (write            ) [ 00000000000000000000000000000000000000000000000000000000000000000000000000]
write_ln0               (write            ) [ 00000000000000000000000000000000000000000000000000000000000000000000000000]
ret_ln0                 (ret              ) [ 00000000000000000000000000000000000000000000000000000000000000000000000000]
</LifeTime>

<model>

<comp_list>
<comp id="0" class="1000" name="mux_case_034">
<pin_list>
<pin id="1" dir="1" index="0" bw="1" slack="0"/>
</pin_list>
<bind>
<StgValue><ssdm name="mux_case_034"/></StgValue>
</bind>
</comp>

<comp id="2" class="1000" name="mux_case_138">
<pin_list>
<pin id="3" dir="1" index="0" bw="1" slack="0"/>
</pin_list>
<bind>
<StgValue><ssdm name="mux_case_138"/></StgValue>
</bind>
</comp>

<comp id="4" class="1000" name="mux_case_242">
<pin_list>
<pin id="5" dir="1" index="0" bw="1" slack="0"/>
</pin_list>
<bind>
<StgValue><ssdm name="mux_case_242"/></StgValue>
</bind>
</comp>

<comp id="6" class="1000" name="mux_case_346">
<pin_list>
<pin id="7" dir="1" index="0" bw="1" slack="0"/>
</pin_list>
<bind>
<StgValue><ssdm name="mux_case_346"/></StgValue>
</bind>
</comp>

<comp id="8" class="1000" name="mux_case_450">
<pin_list>
<pin id="9" dir="1" index="0" bw="1" slack="0"/>
</pin_list>
<bind>
<StgValue><ssdm name="mux_case_450"/></StgValue>
</bind>
</comp>

<comp id="10" class="1000" name="mux_case_554">
<pin_list>
<pin id="11" dir="1" index="0" bw="1" slack="0"/>
</pin_list>
<bind>
<StgValue><ssdm name="mux_case_554"/></StgValue>
</bind>
</comp>

<comp id="12" class="1000" name="mux_case_658">
<pin_list>
<pin id="13" dir="1" index="0" bw="1" slack="0"/>
</pin_list>
<bind>
<StgValue><ssdm name="mux_case_658"/></StgValue>
</bind>
</comp>

<comp id="14" class="1000" name="mux_case_762">
<pin_list>
<pin id="15" dir="1" index="0" bw="1" slack="0"/>
</pin_list>
<bind>
<StgValue><ssdm name="mux_case_762"/></StgValue>
</bind>
</comp>

<comp id="16" class="1000" name="mux_case_866">
<pin_list>
<pin id="17" dir="1" index="0" bw="1" slack="0"/>
</pin_list>
<bind>
<StgValue><ssdm name="mux_case_866"/></StgValue>
</bind>
</comp>

<comp id="18" class="1000" name="mux_case_970">
<pin_list>
<pin id="19" dir="1" index="0" bw="1" slack="0"/>
</pin_list>
<bind>
<StgValue><ssdm name="mux_case_970"/></StgValue>
</bind>
</comp>

<comp id="20" class="1000" name="mux_case_1074">
<pin_list>
<pin id="21" dir="1" index="0" bw="1" slack="0"/>
</pin_list>
<bind>
<StgValue><ssdm name="mux_case_1074"/></StgValue>
</bind>
</comp>

<comp id="22" class="1000" name="mux_case_1178">
<pin_list>
<pin id="23" dir="1" index="0" bw="1" slack="0"/>
</pin_list>
<bind>
<StgValue><ssdm name="mux_case_1178"/></StgValue>
</bind>
</comp>

<comp id="24" class="1000" name="mux_case_1282">
<pin_list>
<pin id="25" dir="1" index="0" bw="1" slack="0"/>
</pin_list>
<bind>
<StgValue><ssdm name="mux_case_1282"/></StgValue>
</bind>
</comp>

<comp id="26" class="1000" name="mux_case_1386">
<pin_list>
<pin id="27" dir="1" index="0" bw="1" slack="0"/>
</pin_list>
<bind>
<StgValue><ssdm name="mux_case_1386"/></StgValue>
</bind>
</comp>

<comp id="28" class="1000" name="mux_case_1490">
<pin_list>
<pin id="29" dir="1" index="0" bw="1" slack="0"/>
</pin_list>
<bind>
<StgValue><ssdm name="mux_case_1490"/></StgValue>
</bind>
</comp>

<comp id="30" class="1000" name="mux_case_1594">
<pin_list>
<pin id="31" dir="1" index="0" bw="1" slack="0"/>
</pin_list>
<bind>
<StgValue><ssdm name="mux_case_1594"/></StgValue>
</bind>
</comp>

<comp id="32" class="1000" name="mux_case_1698">
<pin_list>
<pin id="33" dir="1" index="0" bw="1" slack="0"/>
</pin_list>
<bind>
<StgValue><ssdm name="mux_case_1698"/></StgValue>
</bind>
</comp>

<comp id="34" class="1000" name="mux_case_17102">
<pin_list>
<pin id="35" dir="1" index="0" bw="1" slack="0"/>
</pin_list>
<bind>
<StgValue><ssdm name="mux_case_17102"/></StgValue>
</bind>
</comp>

<comp id="36" class="1000" name="mux_case_18106">
<pin_list>
<pin id="37" dir="1" index="0" bw="1" slack="0"/>
</pin_list>
<bind>
<StgValue><ssdm name="mux_case_18106"/></StgValue>
</bind>
</comp>

<comp id="38" class="1000" name="mux_case_19110">
<pin_list>
<pin id="39" dir="1" index="0" bw="1" slack="0"/>
</pin_list>
<bind>
<StgValue><ssdm name="mux_case_19110"/></StgValue>
</bind>
</comp>

<comp id="40" class="1000" name="mux_case_20114">
<pin_list>
<pin id="41" dir="1" index="0" bw="1" slack="0"/>
</pin_list>
<bind>
<StgValue><ssdm name="mux_case_20114"/></StgValue>
</bind>
</comp>

<comp id="42" class="1000" name="mux_case_21118">
<pin_list>
<pin id="43" dir="1" index="0" bw="1" slack="0"/>
</pin_list>
<bind>
<StgValue><ssdm name="mux_case_21118"/></StgValue>
</bind>
</comp>

<comp id="44" class="1000" name="mux_case_22122">
<pin_list>
<pin id="45" dir="1" index="0" bw="1" slack="0"/>
</pin_list>
<bind>
<StgValue><ssdm name="mux_case_22122"/></StgValue>
</bind>
</comp>

<comp id="46" class="1000" name="mux_case_23126">
<pin_list>
<pin id="47" dir="1" index="0" bw="1" slack="0"/>
</pin_list>
<bind>
<StgValue><ssdm name="mux_case_23126"/></StgValue>
</bind>
</comp>

<comp id="48" class="1000" name="mux_case_24130">
<pin_list>
<pin id="49" dir="1" index="0" bw="1" slack="0"/>
</pin_list>
<bind>
<StgValue><ssdm name="mux_case_24130"/></StgValue>
</bind>
</comp>

<comp id="50" class="1000" name="mux_case_25134">
<pin_list>
<pin id="51" dir="1" index="0" bw="1" slack="0"/>
</pin_list>
<bind>
<StgValue><ssdm name="mux_case_25134"/></StgValue>
</bind>
</comp>

<comp id="52" class="1000" name="mux_case_26138">
<pin_list>
<pin id="53" dir="1" index="0" bw="1" slack="0"/>
</pin_list>
<bind>
<StgValue><ssdm name="mux_case_26138"/></StgValue>
</bind>
</comp>

<comp id="54" class="1000" name="mux_case_27142">
<pin_list>
<pin id="55" dir="1" index="0" bw="1" slack="0"/>
</pin_list>
<bind>
<StgValue><ssdm name="mux_case_27142"/></StgValue>
</bind>
</comp>

<comp id="56" class="1000" name="mux_case_28146">
<pin_list>
<pin id="57" dir="1" index="0" bw="1" slack="0"/>
</pin_list>
<bind>
<StgValue><ssdm name="mux_case_28146"/></StgValue>
</bind>
</comp>

<comp id="58" class="1000" name="mux_case_29150">
<pin_list>
<pin id="59" dir="1" index="0" bw="1" slack="0"/>
</pin_list>
<bind>
<StgValue><ssdm name="mux_case_29150"/></StgValue>
</bind>
</comp>

<comp id="60" class="1000" name="mux_case_30154">
<pin_list>
<pin id="61" dir="1" index="0" bw="1" slack="0"/>
</pin_list>
<bind>
<StgValue><ssdm name="mux_case_30154"/></StgValue>
</bind>
</comp>

<comp id="62" class="1000" name="mux_case_31158">
<pin_list>
<pin id="63" dir="1" index="0" bw="1" slack="0"/>
</pin_list>
<bind>
<StgValue><ssdm name="mux_case_31158"/></StgValue>
</bind>
</comp>

<comp id="64" class="1000" name="mux_case_1524222_out">
<pin_list>
<pin id="65" dir="1" index="0" bw="1" slack="0"/>
</pin_list>
<bind>
<StgValue><ssdm name="mux_case_1524222_out"/></StgValue>
</bind>
</comp>

<comp id="66" class="1000" name="mux_case_1423218_out">
<pin_list>
<pin id="67" dir="1" index="0" bw="1" slack="0"/>
</pin_list>
<bind>
<StgValue><ssdm name="mux_case_1423218_out"/></StgValue>
</bind>
</comp>

<comp id="68" class="1000" name="mux_case_1322214_out">
<pin_list>
<pin id="69" dir="1" index="0" bw="1" slack="0"/>
</pin_list>
<bind>
<StgValue><ssdm name="mux_case_1322214_out"/></StgValue>
</bind>
</comp>

<comp id="70" class="1000" name="mux_case_1221210_out">
<pin_list>
<pin id="71" dir="1" index="0" bw="1" slack="0"/>
</pin_list>
<bind>
<StgValue><ssdm name="mux_case_1221210_out"/></StgValue>
</bind>
</comp>

<comp id="72" class="1000" name="mux_case_1120206_out">
<pin_list>
<pin id="73" dir="1" index="0" bw="1" slack="0"/>
</pin_list>
<bind>
<StgValue><ssdm name="mux_case_1120206_out"/></StgValue>
</bind>
</comp>

<comp id="74" class="1000" name="mux_case_1019202_out">
<pin_list>
<pin id="75" dir="1" index="0" bw="1" slack="0"/>
</pin_list>
<bind>
<StgValue><ssdm name="mux_case_1019202_out"/></StgValue>
</bind>
</comp>

<comp id="76" class="1000" name="mux_case_918198_out">
<pin_list>
<pin id="77" dir="1" index="0" bw="1" slack="0"/>
</pin_list>
<bind>
<StgValue><ssdm name="mux_case_918198_out"/></StgValue>
</bind>
</comp>

<comp id="78" class="1000" name="mux_case_817194_out">
<pin_list>
<pin id="79" dir="1" index="0" bw="1" slack="0"/>
</pin_list>
<bind>
<StgValue><ssdm name="mux_case_817194_out"/></StgValue>
</bind>
</comp>

<comp id="80" class="1000" name="mux_case_716190_out">
<pin_list>
<pin id="81" dir="1" index="0" bw="1" slack="0"/>
</pin_list>
<bind>
<StgValue><ssdm name="mux_case_716190_out"/></StgValue>
</bind>
</comp>

<comp id="82" class="1000" name="mux_case_615186_out">
<pin_list>
<pin id="83" dir="1" index="0" bw="1" slack="0"/>
</pin_list>
<bind>
<StgValue><ssdm name="mux_case_615186_out"/></StgValue>
</bind>
</comp>

<comp id="84" class="1000" name="mux_case_514182_out">
<pin_list>
<pin id="85" dir="1" index="0" bw="1" slack="0"/>
</pin_list>
<bind>
<StgValue><ssdm name="mux_case_514182_out"/></StgValue>
</bind>
</comp>

<comp id="86" class="1000" name="mux_case_413178_out">
<pin_list>
<pin id="87" dir="1" index="0" bw="1" slack="0"/>
</pin_list>
<bind>
<StgValue><ssdm name="mux_case_413178_out"/></StgValue>
</bind>
</comp>

<comp id="88" class="1000" name="mux_case_312174_out">
<pin_list>
<pin id="89" dir="1" index="0" bw="1" slack="0"/>
</pin_list>
<bind>
<StgValue><ssdm name="mux_case_312174_out"/></StgValue>
</bind>
</comp>

<comp id="90" class="1000" name="mux_case_211170_out">
<pin_list>
<pin id="91" dir="1" index="0" bw="1" slack="0"/>
</pin_list>
<bind>
<StgValue><ssdm name="mux_case_211170_out"/></StgValue>
</bind>
</comp>

<comp id="92" class="1000" name="mux_case_110166_out">
<pin_list>
<pin id="93" dir="1" index="0" bw="1" slack="0"/>
</pin_list>
<bind>
<StgValue><ssdm name="mux_case_110166_out"/></StgValue>
</bind>
</comp>

<comp id="94" class="1000" name="mux_case_01162_out">
<pin_list>
<pin id="95" dir="1" index="0" bw="1" slack="0"/>
</pin_list>
<bind>
<StgValue><ssdm name="mux_case_01162_out"/></StgValue>
</bind>
</comp>

<comp id="96" class="1000" name="e3_lut_b1">
<pin_list>
<pin id="97" dir="1" index="0" bw="1" slack="0"/>
</pin_list>
<bind>
<StgValue><ssdm name="e3_lut_b1"/><MemPortTyVec>1 </MemPortTyVec>
</StgValue>
</bind>
</comp>

<comp id="98" class="1000" name="p_ZL9e3_lut_w1_0">
<pin_list>
<pin id="99" dir="1" index="0" bw="1" slack="0"/>
</pin_list>
<bind>
<StgValue><ssdm name="p_ZL9e3_lut_w1_0"/><MemPortTyVec>1 </MemPortTyVec>
</StgValue>
</bind>
</comp>

<comp id="100" class="1000" name="p_ZL9e3_lut_w1_1">
<pin_list>
<pin id="101" dir="1" index="0" bw="1" slack="0"/>
</pin_list>
<bind>
<StgValue><ssdm name="p_ZL9e3_lut_w1_1"/><MemPortTyVec>1 </MemPortTyVec>
</StgValue>
</bind>
</comp>

<comp id="102" class="1000" name="p_ZL9e3_lut_w1_2">
<pin_list>
<pin id="103" dir="1" index="0" bw="1" slack="0"/>
</pin_list>
<bind>
<StgValue><ssdm name="p_ZL9e3_lut_w1_2"/><MemPortTyVec>1 </MemPortTyVec>
</StgValue>
</bind>
</comp>

<comp id="104" class="1000" name="p_ZL9e3_lut_w1_3">
<pin_list>
<pin id="105" dir="1" index="0" bw="1" slack="0"/>
</pin_list>
<bind>
<StgValue><ssdm name="p_ZL9e3_lut_w1_3"/><MemPortTyVec>1 </MemPortTyVec>
</StgValue>
</bind>
</comp>

<comp id="106" class="1000" name="p_ZL9e3_lut_w1_4">
<pin_list>
<pin id="107" dir="1" index="0" bw="1" slack="0"/>
</pin_list>
<bind>
<StgValue><ssdm name="p_ZL9e3_lut_w1_4"/><MemPortTyVec>1 </MemPortTyVec>
</StgValue>
</bind>
</comp>

<comp id="108" class="1000" name="p_ZL9e3_lut_w1_5">
<pin_list>
<pin id="109" dir="1" index="0" bw="1" slack="0"/>
</pin_list>
<bind>
<StgValue><ssdm name="p_ZL9e3_lut_w1_5"/><MemPortTyVec>1 </MemPortTyVec>
</StgValue>
</bind>
</comp>

<comp id="110" class="1000" name="p_ZL9e3_lut_w1_6">
<pin_list>
<pin id="111" dir="1" index="0" bw="1" slack="0"/>
</pin_list>
<bind>
<StgValue><ssdm name="p_ZL9e3_lut_w1_6"/><MemPortTyVec>1 </MemPortTyVec>
</StgValue>
</bind>
</comp>

<comp id="112" class="1000" name="p_ZL9e3_lut_w1_7">
<pin_list>
<pin id="113" dir="1" index="0" bw="1" slack="0"/>
</pin_list>
<bind>
<StgValue><ssdm name="p_ZL9e3_lut_w1_7"/><MemPortTyVec>1 </MemPortTyVec>
</StgValue>
</bind>
</comp>

<comp id="114" class="1000" name="p_ZL9e3_lut_w1_8">
<pin_list>
<pin id="115" dir="1" index="0" bw="1" slack="0"/>
</pin_list>
<bind>
<StgValue><ssdm name="p_ZL9e3_lut_w1_8"/><MemPortTyVec>1 </MemPortTyVec>
</StgValue>
</bind>
</comp>

<comp id="116" class="1000" name="p_ZL9e3_lut_w1_9">
<pin_list>
<pin id="117" dir="1" index="0" bw="1" slack="0"/>
</pin_list>
<bind>
<StgValue><ssdm name="p_ZL9e3_lut_w1_9"/><MemPortTyVec>1 </MemPortTyVec>
</StgValue>
</bind>
</comp>

<comp id="118" class="1000" name="p_ZL9e3_lut_w1_10">
<pin_list>
<pin id="119" dir="1" index="0" bw="1" slack="0"/>
</pin_list>
<bind>
<StgValue><ssdm name="p_ZL9e3_lut_w1_10"/><MemPortTyVec>1 </MemPortTyVec>
</StgValue>
</bind>
</comp>

<comp id="120" class="1000" name="p_ZL9e3_lut_w1_11">
<pin_list>
<pin id="121" dir="1" index="0" bw="1" slack="0"/>
</pin_list>
<bind>
<StgValue><ssdm name="p_ZL9e3_lut_w1_11"/><MemPortTyVec>1 </MemPortTyVec>
</StgValue>
</bind>
</comp>

<comp id="122" class="1000" name="p_ZL9e3_lut_w1_12">
<pin_list>
<pin id="123" dir="1" index="0" bw="1" slack="0"/>
</pin_list>
<bind>
<StgValue><ssdm name="p_ZL9e3_lut_w1_12"/><MemPortTyVec>1 </MemPortTyVec>
</StgValue>
</bind>
</comp>

<comp id="124" class="1000" name="p_ZL9e3_lut_w1_13">
<pin_list>
<pin id="125" dir="1" index="0" bw="1" slack="0"/>
</pin_list>
<bind>
<StgValue><ssdm name="p_ZL9e3_lut_w1_13"/><MemPortTyVec>1 </MemPortTyVec>
</StgValue>
</bind>
</comp>

<comp id="126" class="1000" name="p_ZL9e3_lut_w1_14">
<pin_list>
<pin id="127" dir="1" index="0" bw="1" slack="0"/>
</pin_list>
<bind>
<StgValue><ssdm name="p_ZL9e3_lut_w1_14"/><MemPortTyVec>1 </MemPortTyVec>
</StgValue>
</bind>
</comp>

<comp id="128" class="1000" name="p_ZL9e3_lut_w1_15">
<pin_list>
<pin id="129" dir="1" index="0" bw="1" slack="0"/>
</pin_list>
<bind>
<StgValue><ssdm name="p_ZL9e3_lut_w1_15"/><MemPortTyVec>1 </MemPortTyVec>
</StgValue>
</bind>
</comp>

<comp id="130" class="1000" name="p_ZL9e3_lut_w1_16">
<pin_list>
<pin id="131" dir="1" index="0" bw="1" slack="0"/>
</pin_list>
<bind>
<StgValue><ssdm name="p_ZL9e3_lut_w1_16"/><MemPortTyVec>1 </MemPortTyVec>
</StgValue>
</bind>
</comp>

<comp id="132" class="1000" name="p_ZL9e3_lut_w1_17">
<pin_list>
<pin id="133" dir="1" index="0" bw="1" slack="0"/>
</pin_list>
<bind>
<StgValue><ssdm name="p_ZL9e3_lut_w1_17"/><MemPortTyVec>1 </MemPortTyVec>
</StgValue>
</bind>
</comp>

<comp id="134" class="1000" name="p_ZL9e3_lut_w1_18">
<pin_list>
<pin id="135" dir="1" index="0" bw="1" slack="0"/>
</pin_list>
<bind>
<StgValue><ssdm name="p_ZL9e3_lut_w1_18"/><MemPortTyVec>1 </MemPortTyVec>
</StgValue>
</bind>
</comp>

<comp id="136" class="1000" name="p_ZL9e3_lut_w1_19">
<pin_list>
<pin id="137" dir="1" index="0" bw="1" slack="0"/>
</pin_list>
<bind>
<StgValue><ssdm name="p_ZL9e3_lut_w1_19"/><MemPortTyVec>1 </MemPortTyVec>
</StgValue>
</bind>
</comp>

<comp id="138" class="1000" name="p_ZL9e3_lut_w1_20">
<pin_list>
<pin id="139" dir="1" index="0" bw="1" slack="0"/>
</pin_list>
<bind>
<StgValue><ssdm name="p_ZL9e3_lut_w1_20"/><MemPortTyVec>1 </MemPortTyVec>
</StgValue>
</bind>
</comp>

<comp id="140" class="1000" name="p_ZL9e3_lut_w1_21">
<pin_list>
<pin id="141" dir="1" index="0" bw="1" slack="0"/>
</pin_list>
<bind>
<StgValue><ssdm name="p_ZL9e3_lut_w1_21"/><MemPortTyVec>1 </MemPortTyVec>
</StgValue>
</bind>
</comp>

<comp id="142" class="1000" name="p_ZL9e3_lut_w1_22">
<pin_list>
<pin id="143" dir="1" index="0" bw="1" slack="0"/>
</pin_list>
<bind>
<StgValue><ssdm name="p_ZL9e3_lut_w1_22"/><MemPortTyVec>1 </MemPortTyVec>
</StgValue>
</bind>
</comp>

<comp id="144" class="1000" name="p_ZL9e3_lut_w1_23">
<pin_list>
<pin id="145" dir="1" index="0" bw="1" slack="0"/>
</pin_list>
<bind>
<StgValue><ssdm name="p_ZL9e3_lut_w1_23"/><MemPortTyVec>1 </MemPortTyVec>
</StgValue>
</bind>
</comp>

<comp id="146" class="1000" name="p_ZL9e3_lut_w1_24">
<pin_list>
<pin id="147" dir="1" index="0" bw="1" slack="0"/>
</pin_list>
<bind>
<StgValue><ssdm name="p_ZL9e3_lut_w1_24"/><MemPortTyVec>1 </MemPortTyVec>
</StgValue>
</bind>
</comp>

<comp id="148" class="1000" name="p_ZL9e3_lut_w1_25">
<pin_list>
<pin id="149" dir="1" index="0" bw="1" slack="0"/>
</pin_list>
<bind>
<StgValue><ssdm name="p_ZL9e3_lut_w1_25"/><MemPortTyVec>1 </MemPortTyVec>
</StgValue>
</bind>
</comp>

<comp id="150" class="1000" name="p_ZL9e3_lut_w1_26">
<pin_list>
<pin id="151" dir="1" index="0" bw="1" slack="0"/>
</pin_list>
<bind>
<StgValue><ssdm name="p_ZL9e3_lut_w1_26"/><MemPortTyVec>1 </MemPortTyVec>
</StgValue>
</bind>
</comp>

<comp id="152" class="1000" name="p_ZL9e3_lut_w1_27">
<pin_list>
<pin id="153" dir="1" index="0" bw="1" slack="0"/>
</pin_list>
<bind>
<StgValue><ssdm name="p_ZL9e3_lut_w1_27"/><MemPortTyVec>1 </MemPortTyVec>
</StgValue>
</bind>
</comp>

<comp id="154" class="1000" name="p_ZL9e3_lut_w1_28">
<pin_list>
<pin id="155" dir="1" index="0" bw="1" slack="0"/>
</pin_list>
<bind>
<StgValue><ssdm name="p_ZL9e3_lut_w1_28"/><MemPortTyVec>1 </MemPortTyVec>
</StgValue>
</bind>
</comp>

<comp id="156" class="1000" name="p_ZL9e3_lut_w1_29">
<pin_list>
<pin id="157" dir="1" index="0" bw="1" slack="0"/>
</pin_list>
<bind>
<StgValue><ssdm name="p_ZL9e3_lut_w1_29"/><MemPortTyVec>1 </MemPortTyVec>
</StgValue>
</bind>
</comp>

<comp id="158" class="1000" name="p_ZL9e3_lut_w1_30">
<pin_list>
<pin id="159" dir="1" index="0" bw="1" slack="0"/>
</pin_list>
<bind>
<StgValue><ssdm name="p_ZL9e3_lut_w1_30"/><MemPortTyVec>1 </MemPortTyVec>
</StgValue>
</bind>
</comp>

<comp id="160" class="1000" name="p_ZL9e3_lut_w1_31">
<pin_list>
<pin id="161" dir="1" index="0" bw="1" slack="0"/>
</pin_list>
<bind>
<StgValue><ssdm name="p_ZL9e3_lut_w1_31"/><MemPortTyVec>1 </MemPortTyVec>
</StgValue>
</bind>
</comp>

<comp id="162" class="1001" name="const_162">
<pin_list>
<pin id="163" dir="1" index="0" bw="1" slack="0"/>
</pin_list>
<bind>
<StgValue><ssdm name=""/></StgValue>
</bind>
</comp>

<comp id="164" class="1001" name="const_164">
<pin_list>
<pin id="165" dir="1" index="0" bw="1" slack="0"/>
</pin_list>
<bind>
<StgValue><ssdm name="_ssdm_op_Read.ap_auto.float"/></StgValue>
</bind>
</comp>

<comp id="166" class="1001" name="const_166">
<pin_list>
<pin id="167" dir="1" index="0" bw="1" slack="0"/>
</pin_list>
<bind>
<StgValue><ssdm name=""/></StgValue>
</bind>
</comp>

<comp id="168" class="1001" name="const_168">
<pin_list>
<pin id="169" dir="1" index="0" bw="1" slack="0"/>
</pin_list>
<bind>
<StgValue><ssdm name=""/></StgValue>
</bind>
</comp>

<comp id="170" class="1001" name="const_170">
<pin_list>
<pin id="171" dir="1" index="0" bw="1" slack="0"/>
</pin_list>
<bind>
<StgValue><ssdm name=""/></StgValue>
</bind>
</comp>

<comp id="172" class="1001" name="const_172">
<pin_list>
<pin id="173" dir="1" index="0" bw="1" slack="0"/>
</pin_list>
<bind>
<StgValue><ssdm name=""/></StgValue>
</bind>
</comp>

<comp id="174" class="1001" name="const_174">
<pin_list>
<pin id="175" dir="1" index="0" bw="1" slack="2147483647"/>
</pin_list>
<bind>
<StgValue><ssdm name=""/></StgValue>
</bind>
</comp>

<comp id="176" class="1001" name="const_176">
<pin_list>
<pin id="177" dir="1" index="0" bw="1" slack="2147483647"/>
</pin_list>
<bind>
<StgValue><ssdm name=""/></StgValue>
</bind>
</comp>

<comp id="178" class="1001" name="const_178">
<pin_list>
<pin id="179" dir="1" index="0" bw="1" slack="2147483647"/>
</pin_list>
<bind>
<StgValue><ssdm name=""/></StgValue>
</bind>
</comp>

<comp id="180" class="1001" name="const_180">
<pin_list>
<pin id="181" dir="1" index="0" bw="1" slack="2147483647"/>
</pin_list>
<bind>
<StgValue><ssdm name=""/></StgValue>
</bind>
</comp>

<comp id="182" class="1001" name="const_182">
<pin_list>
<pin id="183" dir="1" index="0" bw="1" slack="2147483647"/>
</pin_list>
<bind>
<StgValue><ssdm name=""/></StgValue>
</bind>
</comp>

<comp id="184" class="1001" name="const_184">
<pin_list>
<pin id="185" dir="1" index="0" bw="1" slack="2147483647"/>
</pin_list>
<bind>
<StgValue><ssdm name=""/></StgValue>
</bind>
</comp>

<comp id="186" class="1001" name="const_186">
<pin_list>
<pin id="187" dir="1" index="0" bw="1" slack="2147483647"/>
</pin_list>
<bind>
<StgValue><ssdm name=""/></StgValue>
</bind>
</comp>

<comp id="188" class="1001" name="const_188">
<pin_list>
<pin id="189" dir="1" index="0" bw="1" slack="2147483647"/>
</pin_list>
<bind>
<StgValue><ssdm name=""/></StgValue>
</bind>
</comp>

<comp id="190" class="1001" name="const_190">
<pin_list>
<pin id="191" dir="1" index="0" bw="1" slack="2147483647"/>
</pin_list>
<bind>
<StgValue><ssdm name=""/></StgValue>
</bind>
</comp>

<comp id="192" class="1001" name="const_192">
<pin_list>
<pin id="193" dir="1" index="0" bw="1" slack="2147483647"/>
</pin_list>
<bind>
<StgValue><ssdm name=""/></StgValue>
</bind>
</comp>

<comp id="194" class="1001" name="const_194">
<pin_list>
<pin id="195" dir="1" index="0" bw="1" slack="2147483647"/>
</pin_list>
<bind>
<StgValue><ssdm name=""/></StgValue>
</bind>
</comp>

<comp id="196" class="1001" name="const_196">
<pin_list>
<pin id="197" dir="1" index="0" bw="1" slack="2147483647"/>
</pin_list>
<bind>
<StgValue><ssdm name=""/></StgValue>
</bind>
</comp>

<comp id="198" class="1001" name="const_198">
<pin_list>
<pin id="199" dir="1" index="0" bw="1" slack="2147483647"/>
</pin_list>
<bind>
<StgValue><ssdm name=""/></StgValue>
</bind>
</comp>

<comp id="200" class="1001" name="const_200">
<pin_list>
<pin id="201" dir="1" index="0" bw="1" slack="2147483647"/>
</pin_list>
<bind>
<StgValue><ssdm name=""/></StgValue>
</bind>
</comp>

<comp id="202" class="1001" name="const_202">
<pin_list>
<pin id="203" dir="1" index="0" bw="1" slack="2147483647"/>
</pin_list>
<bind>
<StgValue><ssdm name=""/></StgValue>
</bind>
</comp>

<comp id="204" class="1001" name="const_204">
<pin_list>
<pin id="205" dir="1" index="0" bw="1" slack="0"/>
</pin_list>
<bind>
<StgValue><ssdm name="llvm.exp.f32"/></StgValue>
</bind>
</comp>

<comp id="206" class="1001" name="const_206">
<pin_list>
<pin id="207" dir="1" index="0" bw="1" slack="0"/>
</pin_list>
<bind>
<StgValue><ssdm name=""/></StgValue>
</bind>
</comp>

<comp id="208" class="1001" name="const_208">
<pin_list>
<pin id="209" dir="1" index="0" bw="1" slack="2147483647"/>
</pin_list>
<bind>
<StgValue><ssdm name="_ssdm_op_SpecPipeline"/></StgValue>
</bind>
</comp>

<comp id="210" class="1001" name="const_210">
<pin_list>
<pin id="211" dir="1" index="0" bw="1" slack="2147483647"/>
</pin_list>
<bind>
<StgValue><ssdm name=""/></StgValue>
</bind>
</comp>

<comp id="212" class="1001" name="const_212">
<pin_list>
<pin id="213" dir="1" index="0" bw="1" slack="2147483647"/>
</pin_list>
<bind>
<StgValue><ssdm name=""/></StgValue>
</bind>
</comp>

<comp id="214" class="1001" name="const_214">
<pin_list>
<pin id="215" dir="1" index="0" bw="1" slack="2147483647"/>
</pin_list>
<bind>
<StgValue><ssdm name="empty"/></StgValue>
</bind>
</comp>

<comp id="216" class="1001" name="const_216">
<pin_list>
<pin id="217" dir="1" index="0" bw="1" slack="2147483647"/>
</pin_list>
<bind>
<StgValue><ssdm name="_ssdm_op_SpecLoopTripCount"/></StgValue>
</bind>
</comp>

<comp id="218" class="1001" name="const_218">
<pin_list>
<pin id="219" dir="1" index="0" bw="1" slack="2147483647"/>
</pin_list>
<bind>
<StgValue><ssdm name=""/></StgValue>
</bind>
</comp>

<comp id="220" class="1001" name="const_220">
<pin_list>
<pin id="221" dir="1" index="0" bw="1" slack="2147483647"/>
</pin_list>
<bind>
<StgValue><ssdm name="_ssdm_op_SpecLoopName"/></StgValue>
</bind>
</comp>

<comp id="222" class="1001" name="const_222">
<pin_list>
<pin id="223" dir="1" index="0" bw="1" slack="2147483647"/>
</pin_list>
<bind>
<StgValue><ssdm name="empty_12"/></StgValue>
</bind>
</comp>

<comp id="224" class="1001" name="const_224">
<pin_list>
<pin id="225" dir="1" index="0" bw="1" slack="0"/>
</pin_list>
<bind>
<StgValue><ssdm name="_ssdm_op_PartSelect.i8.i32.i32.i32"/></StgValue>
</bind>
</comp>

<comp id="226" class="1001" name="const_226">
<pin_list>
<pin id="227" dir="1" index="0" bw="1" slack="0"/>
</pin_list>
<bind>
<StgValue><ssdm name=""/></StgValue>
</bind>
</comp>

<comp id="228" class="1001" name="const_228">
<pin_list>
<pin id="229" dir="1" index="0" bw="1" slack="0"/>
</pin_list>
<bind>
<StgValue><ssdm name=""/></StgValue>
</bind>
</comp>

<comp id="230" class="1001" name="const_230">
<pin_list>
<pin id="231" dir="1" index="0" bw="1" slack="0"/>
</pin_list>
<bind>
<StgValue><ssdm name=""/></StgValue>
</bind>
</comp>

<comp id="232" class="1001" name="const_232">
<pin_list>
<pin id="233" dir="1" index="0" bw="1" slack="0"/>
</pin_list>
<bind>
<StgValue><ssdm name=""/></StgValue>
</bind>
</comp>

<comp id="234" class="1001" name="const_234">
<pin_list>
<pin id="235" dir="1" index="0" bw="1" slack="0"/>
</pin_list>
<bind>
<StgValue><ssdm name=""/></StgValue>
</bind>
</comp>

<comp id="236" class="1001" name="const_236">
<pin_list>
<pin id="237" dir="1" index="0" bw="1" slack="0"/>
</pin_list>
<bind>
<StgValue><ssdm name="_ssdm_op_Write.ap_auto.floatP0A"/></StgValue>
</bind>
</comp>

<comp id="238" class="1004" name="i_1_fu_238">
<pin_list>
<pin id="239" dir="0" index="0" bw="1" slack="0"/>
<pin id="240" dir="1" index="1" bw="5" slack="0"/>
</pin_list>
<bind>
<opcode="alloca(26) " fcode="alloca"/>
<opset="i_1/1 "/>
</bind>
</comp>

<comp id="242" class="1004" name="mux_case_01162_fu_242">
<pin_list>
<pin id="243" dir="0" index="0" bw="1" slack="0"/>
<pin id="244" dir="1" index="1" bw="32" slack="71"/>
</pin_list>
<bind>
<opcode="alloca(26) " fcode="alloca"/>
<opset="mux_case_01162/1 "/>
</bind>
</comp>

<comp id="246" class="1004" name="mux_case_110166_fu_246">
<pin_list>
<pin id="247" dir="0" index="0" bw="1" slack="0"/>
<pin id="248" dir="1" index="1" bw="32" slack="71"/>
</pin_list>
<bind>
<opcode="alloca(26) " fcode="alloca"/>
<opset="mux_case_110166/1 "/>
</bind>
</comp>

<comp id="250" class="1004" name="mux_case_211170_fu_250">
<pin_list>
<pin id="251" dir="0" index="0" bw="1" slack="0"/>
<pin id="252" dir="1" index="1" bw="32" slack="71"/>
</pin_list>
<bind>
<opcode="alloca(26) " fcode="alloca"/>
<opset="mux_case_211170/1 "/>
</bind>
</comp>

<comp id="254" class="1004" name="mux_case_312174_fu_254">
<pin_list>
<pin id="255" dir="0" index="0" bw="1" slack="0"/>
<pin id="256" dir="1" index="1" bw="32" slack="71"/>
</pin_list>
<bind>
<opcode="alloca(26) " fcode="alloca"/>
<opset="mux_case_312174/1 "/>
</bind>
</comp>

<comp id="258" class="1004" name="mux_case_413178_fu_258">
<pin_list>
<pin id="259" dir="0" index="0" bw="1" slack="0"/>
<pin id="260" dir="1" index="1" bw="32" slack="71"/>
</pin_list>
<bind>
<opcode="alloca(26) " fcode="alloca"/>
<opset="mux_case_413178/1 "/>
</bind>
</comp>

<comp id="262" class="1004" name="mux_case_514182_fu_262">
<pin_list>
<pin id="263" dir="0" index="0" bw="1" slack="0"/>
<pin id="264" dir="1" index="1" bw="32" slack="71"/>
</pin_list>
<bind>
<opcode="alloca(26) " fcode="alloca"/>
<opset="mux_case_514182/1 "/>
</bind>
</comp>

<comp id="266" class="1004" name="mux_case_615186_fu_266">
<pin_list>
<pin id="267" dir="0" index="0" bw="1" slack="0"/>
<pin id="268" dir="1" index="1" bw="32" slack="71"/>
</pin_list>
<bind>
<opcode="alloca(26) " fcode="alloca"/>
<opset="mux_case_615186/1 "/>
</bind>
</comp>

<comp id="270" class="1004" name="mux_case_716190_fu_270">
<pin_list>
<pin id="271" dir="0" index="0" bw="1" slack="0"/>
<pin id="272" dir="1" index="1" bw="32" slack="71"/>
</pin_list>
<bind>
<opcode="alloca(26) " fcode="alloca"/>
<opset="mux_case_716190/1 "/>
</bind>
</comp>

<comp id="274" class="1004" name="mux_case_817194_fu_274">
<pin_list>
<pin id="275" dir="0" index="0" bw="1" slack="0"/>
<pin id="276" dir="1" index="1" bw="32" slack="71"/>
</pin_list>
<bind>
<opcode="alloca(26) " fcode="alloca"/>
<opset="mux_case_817194/1 "/>
</bind>
</comp>

<comp id="278" class="1004" name="mux_case_918198_fu_278">
<pin_list>
<pin id="279" dir="0" index="0" bw="1" slack="0"/>
<pin id="280" dir="1" index="1" bw="32" slack="71"/>
</pin_list>
<bind>
<opcode="alloca(26) " fcode="alloca"/>
<opset="mux_case_918198/1 "/>
</bind>
</comp>

<comp id="282" class="1004" name="mux_case_1019202_fu_282">
<pin_list>
<pin id="283" dir="0" index="0" bw="1" slack="0"/>
<pin id="284" dir="1" index="1" bw="32" slack="71"/>
</pin_list>
<bind>
<opcode="alloca(26) " fcode="alloca"/>
<opset="mux_case_1019202/1 "/>
</bind>
</comp>

<comp id="286" class="1004" name="mux_case_1120206_fu_286">
<pin_list>
<pin id="287" dir="0" index="0" bw="1" slack="0"/>
<pin id="288" dir="1" index="1" bw="32" slack="71"/>
</pin_list>
<bind>
<opcode="alloca(26) " fcode="alloca"/>
<opset="mux_case_1120206/1 "/>
</bind>
</comp>

<comp id="290" class="1004" name="mux_case_1221210_fu_290">
<pin_list>
<pin id="291" dir="0" index="0" bw="1" slack="0"/>
<pin id="292" dir="1" index="1" bw="32" slack="71"/>
</pin_list>
<bind>
<opcode="alloca(26) " fcode="alloca"/>
<opset="mux_case_1221210/1 "/>
</bind>
</comp>

<comp id="294" class="1004" name="mux_case_1322214_fu_294">
<pin_list>
<pin id="295" dir="0" index="0" bw="1" slack="0"/>
<pin id="296" dir="1" index="1" bw="32" slack="71"/>
</pin_list>
<bind>
<opcode="alloca(26) " fcode="alloca"/>
<opset="mux_case_1322214/1 "/>
</bind>
</comp>

<comp id="298" class="1004" name="mux_case_1423218_fu_298">
<pin_list>
<pin id="299" dir="0" index="0" bw="1" slack="0"/>
<pin id="300" dir="1" index="1" bw="32" slack="71"/>
</pin_list>
<bind>
<opcode="alloca(26) " fcode="alloca"/>
<opset="mux_case_1423218/1 "/>
</bind>
</comp>

<comp id="302" class="1004" name="mux_case_1524222_fu_302">
<pin_list>
<pin id="303" dir="0" index="0" bw="1" slack="0"/>
<pin id="304" dir="1" index="1" bw="32" slack="71"/>
</pin_list>
<bind>
<opcode="alloca(26) " fcode="alloca"/>
<opset="mux_case_1524222/1 "/>
</bind>
</comp>

<comp id="306" class="1004" name="mux_case_31158_read_read_fu_306">
<pin_list>
<pin id="307" dir="0" index="0" bw="32" slack="0"/>
<pin id="308" dir="0" index="1" bw="32" slack="0"/>
<pin id="309" dir="1" index="2" bw="32" slack="59"/>
</pin_list>
<bind>
<opcode="read(1150) " fcode="read"/>
<opset="mux_case_31158_read/1 "/>
</bind>
</comp>

<comp id="312" class="1004" name="mux_case_30154_read_read_fu_312">
<pin_list>
<pin id="313" dir="0" index="0" bw="32" slack="0"/>
<pin id="314" dir="0" index="1" bw="32" slack="0"/>
<pin id="315" dir="1" index="2" bw="32" slack="59"/>
</pin_list>
<bind>
<opcode="read(1150) " fcode="read"/>
<opset="mux_case_30154_read/1 "/>
</bind>
</comp>

<comp id="318" class="1004" name="mux_case_29150_read_read_fu_318">
<pin_list>
<pin id="319" dir="0" index="0" bw="32" slack="0"/>
<pin id="320" dir="0" index="1" bw="32" slack="0"/>
<pin id="321" dir="1" index="2" bw="32" slack="59"/>
</pin_list>
<bind>
<opcode="read(1150) " fcode="read"/>
<opset="mux_case_29150_read/1 "/>
</bind>
</comp>

<comp id="324" class="1004" name="mux_case_28146_read_read_fu_324">
<pin_list>
<pin id="325" dir="0" index="0" bw="32" slack="0"/>
<pin id="326" dir="0" index="1" bw="32" slack="0"/>
<pin id="327" dir="1" index="2" bw="32" slack="57"/>
</pin_list>
<bind>
<opcode="read(1150) " fcode="read"/>
<opset="mux_case_28146_read/1 "/>
</bind>
</comp>

<comp id="330" class="1004" name="mux_case_27142_read_read_fu_330">
<pin_list>
<pin id="331" dir="0" index="0" bw="32" slack="0"/>
<pin id="332" dir="0" index="1" bw="32" slack="0"/>
<pin id="333" dir="1" index="2" bw="32" slack="55"/>
</pin_list>
<bind>
<opcode="read(1150) " fcode="read"/>
<opset="mux_case_27142_read/1 "/>
</bind>
</comp>

<comp id="336" class="1004" name="mux_case_26138_read_read_fu_336">
<pin_list>
<pin id="337" dir="0" index="0" bw="32" slack="0"/>
<pin id="338" dir="0" index="1" bw="32" slack="0"/>
<pin id="339" dir="1" index="2" bw="32" slack="53"/>
</pin_list>
<bind>
<opcode="read(1150) " fcode="read"/>
<opset="mux_case_26138_read/1 "/>
</bind>
</comp>

<comp id="342" class="1004" name="mux_case_25134_read_read_fu_342">
<pin_list>
<pin id="343" dir="0" index="0" bw="32" slack="0"/>
<pin id="344" dir="0" index="1" bw="32" slack="0"/>
<pin id="345" dir="1" index="2" bw="32" slack="51"/>
</pin_list>
<bind>
<opcode="read(1150) " fcode="read"/>
<opset="mux_case_25134_read/1 "/>
</bind>
</comp>

<comp id="348" class="1004" name="mux_case_24130_read_read_fu_348">
<pin_list>
<pin id="349" dir="0" index="0" bw="32" slack="0"/>
<pin id="350" dir="0" index="1" bw="32" slack="0"/>
<pin id="351" dir="1" index="2" bw="32" slack="49"/>
</pin_list>
<bind>
<opcode="read(1150) " fcode="read"/>
<opset="mux_case_24130_read/1 "/>
</bind>
</comp>

<comp id="354" class="1004" name="mux_case_23126_read_read_fu_354">
<pin_list>
<pin id="355" dir="0" index="0" bw="32" slack="0"/>
<pin id="356" dir="0" index="1" bw="32" slack="0"/>
<pin id="357" dir="1" index="2" bw="32" slack="47"/>
</pin_list>
<bind>
<opcode="read(1150) " fcode="read"/>
<opset="mux_case_23126_read/1 "/>
</bind>
</comp>

<comp id="360" class="1004" name="mux_case_22122_read_read_fu_360">
<pin_list>
<pin id="361" dir="0" index="0" bw="32" slack="0"/>
<pin id="362" dir="0" index="1" bw="32" slack="0"/>
<pin id="363" dir="1" index="2" bw="32" slack="45"/>
</pin_list>
<bind>
<opcode="read(1150) " fcode="read"/>
<opset="mux_case_22122_read/1 "/>
</bind>
</comp>

<comp id="366" class="1004" name="mux_case_21118_read_read_fu_366">
<pin_list>
<pin id="367" dir="0" index="0" bw="32" slack="0"/>
<pin id="368" dir="0" index="1" bw="32" slack="0"/>
<pin id="369" dir="1" index="2" bw="32" slack="43"/>
</pin_list>
<bind>
<opcode="read(1150) " fcode="read"/>
<opset="mux_case_21118_read/1 "/>
</bind>
</comp>

<comp id="372" class="1004" name="mux_case_20114_read_read_fu_372">
<pin_list>
<pin id="373" dir="0" index="0" bw="32" slack="0"/>
<pin id="374" dir="0" index="1" bw="32" slack="0"/>
<pin id="375" dir="1" index="2" bw="32" slack="41"/>
</pin_list>
<bind>
<opcode="read(1150) " fcode="read"/>
<opset="mux_case_20114_read/1 "/>
</bind>
</comp>

<comp id="378" class="1004" name="mux_case_19110_read_read_fu_378">
<pin_list>
<pin id="379" dir="0" index="0" bw="32" slack="0"/>
<pin id="380" dir="0" index="1" bw="32" slack="0"/>
<pin id="381" dir="1" index="2" bw="32" slack="39"/>
</pin_list>
<bind>
<opcode="read(1150) " fcode="read"/>
<opset="mux_case_19110_read/1 "/>
</bind>
</comp>

<comp id="384" class="1004" name="mux_case_18106_read_read_fu_384">
<pin_list>
<pin id="385" dir="0" index="0" bw="32" slack="0"/>
<pin id="386" dir="0" index="1" bw="32" slack="0"/>
<pin id="387" dir="1" index="2" bw="32" slack="37"/>
</pin_list>
<bind>
<opcode="read(1150) " fcode="read"/>
<opset="mux_case_18106_read/1 "/>
</bind>
</comp>

<comp id="390" class="1004" name="mux_case_17102_read_read_fu_390">
<pin_list>
<pin id="391" dir="0" index="0" bw="32" slack="0"/>
<pin id="392" dir="0" index="1" bw="32" slack="0"/>
<pin id="393" dir="1" index="2" bw="32" slack="35"/>
</pin_list>
<bind>
<opcode="read(1150) " fcode="read"/>
<opset="mux_case_17102_read/1 "/>
</bind>
</comp>

<comp id="396" class="1004" name="mux_case_1698_read_read_fu_396">
<pin_list>
<pin id="397" dir="0" index="0" bw="32" slack="0"/>
<pin id="398" dir="0" index="1" bw="32" slack="0"/>
<pin id="399" dir="1" index="2" bw="32" slack="33"/>
</pin_list>
<bind>
<opcode="read(1150) " fcode="read"/>
<opset="mux_case_1698_read/1 "/>
</bind>
</comp>

<comp id="402" class="1004" name="mux_case_1594_read_read_fu_402">
<pin_list>
<pin id="403" dir="0" index="0" bw="32" slack="0"/>
<pin id="404" dir="0" index="1" bw="32" slack="0"/>
<pin id="405" dir="1" index="2" bw="32" slack="31"/>
</pin_list>
<bind>
<opcode="read(1150) " fcode="read"/>
<opset="mux_case_1594_read/1 "/>
</bind>
</comp>

<comp id="408" class="1004" name="mux_case_1490_read_read_fu_408">
<pin_list>
<pin id="409" dir="0" index="0" bw="32" slack="0"/>
<pin id="410" dir="0" index="1" bw="32" slack="0"/>
<pin id="411" dir="1" index="2" bw="32" slack="29"/>
</pin_list>
<bind>
<opcode="read(1150) " fcode="read"/>
<opset="mux_case_1490_read/1 "/>
</bind>
</comp>

<comp id="414" class="1004" name="mux_case_1386_read_read_fu_414">
<pin_list>
<pin id="415" dir="0" index="0" bw="32" slack="0"/>
<pin id="416" dir="0" index="1" bw="32" slack="0"/>
<pin id="417" dir="1" index="2" bw="32" slack="27"/>
</pin_list>
<bind>
<opcode="read(1150) " fcode="read"/>
<opset="mux_case_1386_read/1 "/>
</bind>
</comp>

<comp id="420" class="1004" name="mux_case_1282_read_read_fu_420">
<pin_list>
<pin id="421" dir="0" index="0" bw="32" slack="0"/>
<pin id="422" dir="0" index="1" bw="32" slack="0"/>
<pin id="423" dir="1" index="2" bw="32" slack="25"/>
</pin_list>
<bind>
<opcode="read(1150) " fcode="read"/>
<opset="mux_case_1282_read/1 "/>
</bind>
</comp>

<comp id="426" class="1004" name="mux_case_1178_read_read_fu_426">
<pin_list>
<pin id="427" dir="0" index="0" bw="32" slack="0"/>
<pin id="428" dir="0" index="1" bw="32" slack="0"/>
<pin id="429" dir="1" index="2" bw="32" slack="23"/>
</pin_list>
<bind>
<opcode="read(1150) " fcode="read"/>
<opset="mux_case_1178_read/1 "/>
</bind>
</comp>

<comp id="432" class="1004" name="mux_case_1074_read_read_fu_432">
<pin_list>
<pin id="433" dir="0" index="0" bw="32" slack="0"/>
<pin id="434" dir="0" index="1" bw="32" slack="0"/>
<pin id="435" dir="1" index="2" bw="32" slack="21"/>
</pin_list>
<bind>
<opcode="read(1150) " fcode="read"/>
<opset="mux_case_1074_read/1 "/>
</bind>
</comp>

<comp id="438" class="1004" name="mux_case_970_read_read_fu_438">
<pin_list>
<pin id="439" dir="0" index="0" bw="32" slack="0"/>
<pin id="440" dir="0" index="1" bw="32" slack="0"/>
<pin id="441" dir="1" index="2" bw="32" slack="19"/>
</pin_list>
<bind>
<opcode="read(1150) " fcode="read"/>
<opset="mux_case_970_read/1 "/>
</bind>
</comp>

<comp id="444" class="1004" name="mux_case_866_read_read_fu_444">
<pin_list>
<pin id="445" dir="0" index="0" bw="32" slack="0"/>
<pin id="446" dir="0" index="1" bw="32" slack="0"/>
<pin id="447" dir="1" index="2" bw="32" slack="17"/>
</pin_list>
<bind>
<opcode="read(1150) " fcode="read"/>
<opset="mux_case_866_read/1 "/>
</bind>
</comp>

<comp id="450" class="1004" name="mux_case_762_read_read_fu_450">
<pin_list>
<pin id="451" dir="0" index="0" bw="32" slack="0"/>
<pin id="452" dir="0" index="1" bw="32" slack="0"/>
<pin id="453" dir="1" index="2" bw="32" slack="15"/>
</pin_list>
<bind>
<opcode="read(1150) " fcode="read"/>
<opset="mux_case_762_read/1 "/>
</bind>
</comp>

<comp id="456" class="1004" name="mux_case_658_read_read_fu_456">
<pin_list>
<pin id="457" dir="0" index="0" bw="32" slack="0"/>
<pin id="458" dir="0" index="1" bw="32" slack="0"/>
<pin id="459" dir="1" index="2" bw="32" slack="13"/>
</pin_list>
<bind>
<opcode="read(1150) " fcode="read"/>
<opset="mux_case_658_read/1 "/>
</bind>
</comp>

<comp id="462" class="1004" name="mux_case_554_read_read_fu_462">
<pin_list>
<pin id="463" dir="0" index="0" bw="32" slack="0"/>
<pin id="464" dir="0" index="1" bw="32" slack="0"/>
<pin id="465" dir="1" index="2" bw="32" slack="11"/>
</pin_list>
<bind>
<opcode="read(1150) " fcode="read"/>
<opset="mux_case_554_read/1 "/>
</bind>
</comp>

<comp id="468" class="1004" name="mux_case_450_read_read_fu_468">
<pin_list>
<pin id="469" dir="0" index="0" bw="32" slack="0"/>
<pin id="470" dir="0" index="1" bw="32" slack="0"/>
<pin id="471" dir="1" index="2" bw="32" slack="9"/>
</pin_list>
<bind>
<opcode="read(1150) " fcode="read"/>
<opset="mux_case_450_read/1 "/>
</bind>
</comp>

<comp id="474" class="1004" name="mux_case_346_read_read_fu_474">
<pin_list>
<pin id="475" dir="0" index="0" bw="32" slack="0"/>
<pin id="476" dir="0" index="1" bw="32" slack="0"/>
<pin id="477" dir="1" index="2" bw="32" slack="7"/>
</pin_list>
<bind>
<opcode="read(1150) " fcode="read"/>
<opset="mux_case_346_read/1 "/>
</bind>
</comp>

<comp id="480" class="1004" name="mux_case_242_read_read_fu_480">
<pin_list>
<pin id="481" dir="0" index="0" bw="32" slack="0"/>
<pin id="482" dir="0" index="1" bw="32" slack="0"/>
<pin id="483" dir="1" index="2" bw="32" slack="5"/>
</pin_list>
<bind>
<opcode="read(1150) " fcode="read"/>
<opset="mux_case_242_read/1 "/>
</bind>
</comp>

<comp id="486" class="1004" name="mux_case_138_read_read_fu_486">
<pin_list>
<pin id="487" dir="0" index="0" bw="32" slack="0"/>
<pin id="488" dir="0" index="1" bw="32" slack="0"/>
<pin id="489" dir="1" index="2" bw="32" slack="3"/>
</pin_list>
<bind>
<opcode="read(1150) " fcode="read"/>
<opset="mux_case_138_read/1 "/>
</bind>
</comp>

<comp id="492" class="1004" name="mux_case_034_read_read_fu_492">
<pin_list>
<pin id="493" dir="0" index="0" bw="32" slack="0"/>
<pin id="494" dir="0" index="1" bw="32" slack="0"/>
<pin id="495" dir="1" index="2" bw="32" slack="1"/>
</pin_list>
<bind>
<opcode="read(1150) " fcode="read"/>
<opset="mux_case_034_read/1 "/>
</bind>
</comp>

<comp id="498" class="1004" name="write_ln0_write_fu_498">
<pin_list>
<pin id="499" dir="0" index="0" bw="0" slack="0"/>
<pin id="500" dir="0" index="1" bw="32" slack="0"/>
<pin id="501" dir="0" index="2" bw="32" slack="0"/>
<pin id="502" dir="1" index="3" bw="0" slack="2147483647"/>
</pin_list>
<bind>
<opcode="write(1151) " fcode="write"/>
<opset="write_ln0/72 "/>
</bind>
</comp>

<comp id="505" class="1004" name="write_ln0_write_fu_505">
<pin_list>
<pin id="506" dir="0" index="0" bw="0" slack="0"/>
<pin id="507" dir="0" index="1" bw="32" slack="0"/>
<pin id="508" dir="0" index="2" bw="32" slack="0"/>
<pin id="509" dir="1" index="3" bw="0" slack="2147483647"/>
</pin_list>
<bind>
<opcode="write(1151) " fcode="write"/>
<opset="write_ln0/72 "/>
</bind>
</comp>

<comp id="512" class="1004" name="write_ln0_write_fu_512">
<pin_list>
<pin id="513" dir="0" index="0" bw="0" slack="0"/>
<pin id="514" dir="0" index="1" bw="32" slack="0"/>
<pin id="515" dir="0" index="2" bw="32" slack="0"/>
<pin id="516" dir="1" index="3" bw="0" slack="2147483647"/>
</pin_list>
<bind>
<opcode="write(1151) " fcode="write"/>
<opset="write_ln0/72 "/>
</bind>
</comp>

<comp id="519" class="1004" name="write_ln0_write_fu_519">
<pin_list>
<pin id="520" dir="0" index="0" bw="0" slack="0"/>
<pin id="521" dir="0" index="1" bw="32" slack="0"/>
<pin id="522" dir="0" index="2" bw="32" slack="0"/>
<pin id="523" dir="1" index="3" bw="0" slack="2147483647"/>
</pin_list>
<bind>
<opcode="write(1151) " fcode="write"/>
<opset="write_ln0/72 "/>
</bind>
</comp>

<comp id="526" class="1004" name="write_ln0_write_fu_526">
<pin_list>
<pin id="527" dir="0" index="0" bw="0" slack="0"/>
<pin id="528" dir="0" index="1" bw="32" slack="0"/>
<pin id="529" dir="0" index="2" bw="32" slack="0"/>
<pin id="530" dir="1" index="3" bw="0" slack="2147483647"/>
</pin_list>
<bind>
<opcode="write(1151) " fcode="write"/>
<opset="write_ln0/72 "/>
</bind>
</comp>

<comp id="533" class="1004" name="write_ln0_write_fu_533">
<pin_list>
<pin id="534" dir="0" index="0" bw="0" slack="0"/>
<pin id="535" dir="0" index="1" bw="32" slack="0"/>
<pin id="536" dir="0" index="2" bw="32" slack="0"/>
<pin id="537" dir="1" index="3" bw="0" slack="2147483647"/>
</pin_list>
<bind>
<opcode="write(1151) " fcode="write"/>
<opset="write_ln0/72 "/>
</bind>
</comp>

<comp id="540" class="1004" name="write_ln0_write_fu_540">
<pin_list>
<pin id="541" dir="0" index="0" bw="0" slack="0"/>
<pin id="542" dir="0" index="1" bw="32" slack="0"/>
<pin id="543" dir="0" index="2" bw="32" slack="0"/>
<pin id="544" dir="1" index="3" bw="0" slack="2147483647"/>
</pin_list>
<bind>
<opcode="write(1151) " fcode="write"/>
<opset="write_ln0/72 "/>
</bind>
</comp>

<comp id="547" class="1004" name="write_ln0_write_fu_547">
<pin_list>
<pin id="548" dir="0" index="0" bw="0" slack="0"/>
<pin id="549" dir="0" index="1" bw="32" slack="0"/>
<pin id="550" dir="0" index="2" bw="32" slack="0"/>
<pin id="551" dir="1" index="3" bw="0" slack="2147483647"/>
</pin_list>
<bind>
<opcode="write(1151) " fcode="write"/>
<opset="write_ln0/72 "/>
</bind>
</comp>

<comp id="554" class="1004" name="write_ln0_write_fu_554">
<pin_list>
<pin id="555" dir="0" index="0" bw="0" slack="0"/>
<pin id="556" dir="0" index="1" bw="32" slack="0"/>
<pin id="557" dir="0" index="2" bw="32" slack="0"/>
<pin id="558" dir="1" index="3" bw="0" slack="2147483647"/>
</pin_list>
<bind>
<opcode="write(1151) " fcode="write"/>
<opset="write_ln0/72 "/>
</bind>
</comp>

<comp id="561" class="1004" name="write_ln0_write_fu_561">
<pin_list>
<pin id="562" dir="0" index="0" bw="0" slack="0"/>
<pin id="563" dir="0" index="1" bw="32" slack="0"/>
<pin id="564" dir="0" index="2" bw="32" slack="0"/>
<pin id="565" dir="1" index="3" bw="0" slack="2147483647"/>
</pin_list>
<bind>
<opcode="write(1151) " fcode="write"/>
<opset="write_ln0/72 "/>
</bind>
</comp>

<comp id="568" class="1004" name="write_ln0_write_fu_568">
<pin_list>
<pin id="569" dir="0" index="0" bw="0" slack="0"/>
<pin id="570" dir="0" index="1" bw="32" slack="0"/>
<pin id="571" dir="0" index="2" bw="32" slack="0"/>
<pin id="572" dir="1" index="3" bw="0" slack="2147483647"/>
</pin_list>
<bind>
<opcode="write(1151) " fcode="write"/>
<opset="write_ln0/72 "/>
</bind>
</comp>

<comp id="575" class="1004" name="write_ln0_write_fu_575">
<pin_list>
<pin id="576" dir="0" index="0" bw="0" slack="0"/>
<pin id="577" dir="0" index="1" bw="32" slack="0"/>
<pin id="578" dir="0" index="2" bw="32" slack="0"/>
<pin id="579" dir="1" index="3" bw="0" slack="2147483647"/>
</pin_list>
<bind>
<opcode="write(1151) " fcode="write"/>
<opset="write_ln0/72 "/>
</bind>
</comp>

<comp id="582" class="1004" name="write_ln0_write_fu_582">
<pin_list>
<pin id="583" dir="0" index="0" bw="0" slack="0"/>
<pin id="584" dir="0" index="1" bw="32" slack="0"/>
<pin id="585" dir="0" index="2" bw="32" slack="0"/>
<pin id="586" dir="1" index="3" bw="0" slack="2147483647"/>
</pin_list>
<bind>
<opcode="write(1151) " fcode="write"/>
<opset="write_ln0/72 "/>
</bind>
</comp>

<comp id="589" class="1004" name="write_ln0_write_fu_589">
<pin_list>
<pin id="590" dir="0" index="0" bw="0" slack="0"/>
<pin id="591" dir="0" index="1" bw="32" slack="0"/>
<pin id="592" dir="0" index="2" bw="32" slack="0"/>
<pin id="593" dir="1" index="3" bw="0" slack="2147483647"/>
</pin_list>
<bind>
<opcode="write(1151) " fcode="write"/>
<opset="write_ln0/72 "/>
</bind>
</comp>

<comp id="596" class="1004" name="write_ln0_write_fu_596">
<pin_list>
<pin id="597" dir="0" index="0" bw="0" slack="0"/>
<pin id="598" dir="0" index="1" bw="32" slack="0"/>
<pin id="599" dir="0" index="2" bw="32" slack="0"/>
<pin id="600" dir="1" index="3" bw="0" slack="2147483647"/>
</pin_list>
<bind>
<opcode="write(1151) " fcode="write"/>
<opset="write_ln0/72 "/>
</bind>
</comp>

<comp id="603" class="1004" name="write_ln0_write_fu_603">
<pin_list>
<pin id="604" dir="0" index="0" bw="0" slack="0"/>
<pin id="605" dir="0" index="1" bw="32" slack="0"/>
<pin id="606" dir="0" index="2" bw="32" slack="0"/>
<pin id="607" dir="1" index="3" bw="0" slack="2147483647"/>
</pin_list>
<bind>
<opcode="write(1151) " fcode="write"/>
<opset="write_ln0/72 "/>
</bind>
</comp>

<comp id="610" class="1004" name="p_ZL9e3_lut_w1_0_addr_gep_fu_610">
<pin_list>
<pin id="611" dir="0" index="0" bw="32" slack="0"/>
<pin id="612" dir="0" index="1" bw="1" slack="0"/>
<pin id="613" dir="0" index="2" bw="5" slack="0"/>
<pin id="614" dir="1" index="3" bw="4" slack="0"/>
</pin_list>
<bind>
<opcode="getelementptr(29) " fcode="getelementptr"/>
<opset="p_ZL9e3_lut_w1_0_addr/1 "/>
</bind>
</comp>

<comp id="617" class="1004" name="grp_access_fu_617">
<pin_list>
<pin id="618" dir="0" index="0" bw="4" slack="0"/>
<pin id="619" dir="0" index="1" bw="32" slack="2147483647"/>
<pin id="620" dir="0" index="2" bw="0" slack="2147483647"/>
<pin id="621" dir="1" index="3" bw="32" slack="0"/>
</pin_list>
<bind>
<opcode="load(27) " fcode="load"/>
<opset="p_ZL9e3_lut_w1_0_load/1 "/>
</bind>
</comp>

<comp id="623" class="1004" name="e3_lut_b1_addr_gep_fu_623">
<pin_list>
<pin id="624" dir="0" index="0" bw="32" slack="0"/>
<pin id="625" dir="0" index="1" bw="1" slack="0"/>
<pin id="626" dir="0" index="2" bw="5" slack="2"/>
<pin id="627" dir="1" index="3" bw="4" slack="0"/>
</pin_list>
<bind>
<opcode="getelementptr(29) " fcode="getelementptr"/>
<opset="e3_lut_b1_addr/3 "/>
</bind>
</comp>

<comp id="630" class="1004" name="grp_access_fu_630">
<pin_list>
<pin id="631" dir="0" index="0" bw="4" slack="0"/>
<pin id="632" dir="0" index="1" bw="32" slack="2147483647"/>
<pin id="633" dir="0" index="2" bw="0" slack="2147483647"/>
<pin id="634" dir="1" index="3" bw="32" slack="0"/>
</pin_list>
<bind>
<opcode="load(27) " fcode="load"/>
<opset="acc/3 "/>
</bind>
</comp>

<comp id="636" class="1004" name="p_ZL9e3_lut_w1_1_addr_gep_fu_636">
<pin_list>
<pin id="637" dir="0" index="0" bw="32" slack="0"/>
<pin id="638" dir="0" index="1" bw="1" slack="0"/>
<pin id="639" dir="0" index="2" bw="5" slack="2"/>
<pin id="640" dir="1" index="3" bw="4" slack="0"/>
</pin_list>
<bind>
<opcode="getelementptr(29) " fcode="getelementptr"/>
<opset="p_ZL9e3_lut_w1_1_addr/3 "/>
</bind>
</comp>

<comp id="643" class="1004" name="grp_access_fu_643">
<pin_list>
<pin id="644" dir="0" index="0" bw="4" slack="0"/>
<pin id="645" dir="0" index="1" bw="32" slack="2147483647"/>
<pin id="646" dir="0" index="2" bw="0" slack="2147483647"/>
<pin id="647" dir="1" index="3" bw="32" slack="0"/>
</pin_list>
<bind>
<opcode="load(27) " fcode="load"/>
<opset="p_ZL9e3_lut_w1_1_load/3 "/>
</bind>
</comp>

<comp id="649" class="1004" name="p_ZL9e3_lut_w1_2_addr_gep_fu_649">
<pin_list>
<pin id="650" dir="0" index="0" bw="32" slack="0"/>
<pin id="651" dir="0" index="1" bw="1" slack="0"/>
<pin id="652" dir="0" index="2" bw="5" slack="4"/>
<pin id="653" dir="1" index="3" bw="4" slack="0"/>
</pin_list>
<bind>
<opcode="getelementptr(29) " fcode="getelementptr"/>
<opset="p_ZL9e3_lut_w1_2_addr/5 "/>
</bind>
</comp>

<comp id="656" class="1004" name="grp_access_fu_656">
<pin_list>
<pin id="657" dir="0" index="0" bw="4" slack="0"/>
<pin id="658" dir="0" index="1" bw="32" slack="2147483647"/>
<pin id="659" dir="0" index="2" bw="0" slack="2147483647"/>
<pin id="660" dir="1" index="3" bw="32" slack="0"/>
</pin_list>
<bind>
<opcode="load(27) " fcode="load"/>
<opset="p_ZL9e3_lut_w1_2_load/5 "/>
</bind>
</comp>

<comp id="662" class="1004" name="p_ZL9e3_lut_w1_3_addr_gep_fu_662">
<pin_list>
<pin id="663" dir="0" index="0" bw="32" slack="0"/>
<pin id="664" dir="0" index="1" bw="1" slack="0"/>
<pin id="665" dir="0" index="2" bw="5" slack="6"/>
<pin id="666" dir="1" index="3" bw="4" slack="0"/>
</pin_list>
<bind>
<opcode="getelementptr(29) " fcode="getelementptr"/>
<opset="p_ZL9e3_lut_w1_3_addr/7 "/>
</bind>
</comp>

<comp id="669" class="1004" name="grp_access_fu_669">
<pin_list>
<pin id="670" dir="0" index="0" bw="4" slack="0"/>
<pin id="671" dir="0" index="1" bw="32" slack="2147483647"/>
<pin id="672" dir="0" index="2" bw="0" slack="2147483647"/>
<pin id="673" dir="1" index="3" bw="32" slack="0"/>
</pin_list>
<bind>
<opcode="load(27) " fcode="load"/>
<opset="p_ZL9e3_lut_w1_3_load/7 "/>
</bind>
</comp>

<comp id="675" class="1004" name="p_ZL9e3_lut_w1_4_addr_gep_fu_675">
<pin_list>
<pin id="676" dir="0" index="0" bw="32" slack="0"/>
<pin id="677" dir="0" index="1" bw="1" slack="0"/>
<pin id="678" dir="0" index="2" bw="5" slack="8"/>
<pin id="679" dir="1" index="3" bw="4" slack="0"/>
</pin_list>
<bind>
<opcode="getelementptr(29) " fcode="getelementptr"/>
<opset="p_ZL9e3_lut_w1_4_addr/9 "/>
</bind>
</comp>

<comp id="682" class="1004" name="grp_access_fu_682">
<pin_list>
<pin id="683" dir="0" index="0" bw="4" slack="0"/>
<pin id="684" dir="0" index="1" bw="32" slack="2147483647"/>
<pin id="685" dir="0" index="2" bw="0" slack="2147483647"/>
<pin id="686" dir="1" index="3" bw="32" slack="0"/>
</pin_list>
<bind>
<opcode="load(27) " fcode="load"/>
<opset="p_ZL9e3_lut_w1_4_load/9 "/>
</bind>
</comp>

<comp id="688" class="1004" name="p_ZL9e3_lut_w1_5_addr_gep_fu_688">
<pin_list>
<pin id="689" dir="0" index="0" bw="32" slack="0"/>
<pin id="690" dir="0" index="1" bw="1" slack="0"/>
<pin id="691" dir="0" index="2" bw="5" slack="10"/>
<pin id="692" dir="1" index="3" bw="4" slack="0"/>
</pin_list>
<bind>
<opcode="getelementptr(29) " fcode="getelementptr"/>
<opset="p_ZL9e3_lut_w1_5_addr/11 "/>
</bind>
</comp>

<comp id="695" class="1004" name="grp_access_fu_695">
<pin_list>
<pin id="696" dir="0" index="0" bw="4" slack="0"/>
<pin id="697" dir="0" index="1" bw="32" slack="2147483647"/>
<pin id="698" dir="0" index="2" bw="0" slack="2147483647"/>
<pin id="699" dir="1" index="3" bw="32" slack="0"/>
</pin_list>
<bind>
<opcode="load(27) " fcode="load"/>
<opset="p_ZL9e3_lut_w1_5_load/11 "/>
</bind>
</comp>

<comp id="701" class="1004" name="p_ZL9e3_lut_w1_6_addr_gep_fu_701">
<pin_list>
<pin id="702" dir="0" index="0" bw="32" slack="0"/>
<pin id="703" dir="0" index="1" bw="1" slack="0"/>
<pin id="704" dir="0" index="2" bw="5" slack="12"/>
<pin id="705" dir="1" index="3" bw="4" slack="0"/>
</pin_list>
<bind>
<opcode="getelementptr(29) " fcode="getelementptr"/>
<opset="p_ZL9e3_lut_w1_6_addr/13 "/>
</bind>
</comp>

<comp id="708" class="1004" name="grp_access_fu_708">
<pin_list>
<pin id="709" dir="0" index="0" bw="4" slack="0"/>
<pin id="710" dir="0" index="1" bw="32" slack="2147483647"/>
<pin id="711" dir="0" index="2" bw="0" slack="2147483647"/>
<pin id="712" dir="1" index="3" bw="32" slack="0"/>
</pin_list>
<bind>
<opcode="load(27) " fcode="load"/>
<opset="p_ZL9e3_lut_w1_6_load/13 "/>
</bind>
</comp>

<comp id="714" class="1004" name="p_ZL9e3_lut_w1_7_addr_gep_fu_714">
<pin_list>
<pin id="715" dir="0" index="0" bw="32" slack="0"/>
<pin id="716" dir="0" index="1" bw="1" slack="0"/>
<pin id="717" dir="0" index="2" bw="5" slack="14"/>
<pin id="718" dir="1" index="3" bw="4" slack="0"/>
</pin_list>
<bind>
<opcode="getelementptr(29) " fcode="getelementptr"/>
<opset="p_ZL9e3_lut_w1_7_addr/15 "/>
</bind>
</comp>

<comp id="721" class="1004" name="grp_access_fu_721">
<pin_list>
<pin id="722" dir="0" index="0" bw="4" slack="0"/>
<pin id="723" dir="0" index="1" bw="32" slack="2147483647"/>
<pin id="724" dir="0" index="2" bw="0" slack="2147483647"/>
<pin id="725" dir="1" index="3" bw="32" slack="0"/>
</pin_list>
<bind>
<opcode="load(27) " fcode="load"/>
<opset="p_ZL9e3_lut_w1_7_load/15 "/>
</bind>
</comp>

<comp id="727" class="1004" name="p_ZL9e3_lut_w1_8_addr_gep_fu_727">
<pin_list>
<pin id="728" dir="0" index="0" bw="32" slack="0"/>
<pin id="729" dir="0" index="1" bw="1" slack="0"/>
<pin id="730" dir="0" index="2" bw="5" slack="16"/>
<pin id="731" dir="1" index="3" bw="4" slack="0"/>
</pin_list>
<bind>
<opcode="getelementptr(29) " fcode="getelementptr"/>
<opset="p_ZL9e3_lut_w1_8_addr/17 "/>
</bind>
</comp>

<comp id="734" class="1004" name="grp_access_fu_734">
<pin_list>
<pin id="735" dir="0" index="0" bw="4" slack="0"/>
<pin id="736" dir="0" index="1" bw="32" slack="2147483647"/>
<pin id="737" dir="0" index="2" bw="0" slack="2147483647"/>
<pin id="738" dir="1" index="3" bw="32" slack="0"/>
</pin_list>
<bind>
<opcode="load(27) " fcode="load"/>
<opset="p_ZL9e3_lut_w1_8_load/17 "/>
</bind>
</comp>

<comp id="740" class="1004" name="p_ZL9e3_lut_w1_9_addr_gep_fu_740">
<pin_list>
<pin id="741" dir="0" index="0" bw="32" slack="0"/>
<pin id="742" dir="0" index="1" bw="1" slack="0"/>
<pin id="743" dir="0" index="2" bw="5" slack="18"/>
<pin id="744" dir="1" index="3" bw="4" slack="0"/>
</pin_list>
<bind>
<opcode="getelementptr(29) " fcode="getelementptr"/>
<opset="p_ZL9e3_lut_w1_9_addr/19 "/>
</bind>
</comp>

<comp id="747" class="1004" name="grp_access_fu_747">
<pin_list>
<pin id="748" dir="0" index="0" bw="4" slack="0"/>
<pin id="749" dir="0" index="1" bw="32" slack="2147483647"/>
<pin id="750" dir="0" index="2" bw="0" slack="2147483647"/>
<pin id="751" dir="1" index="3" bw="32" slack="0"/>
</pin_list>
<bind>
<opcode="load(27) " fcode="load"/>
<opset="p_ZL9e3_lut_w1_9_load/19 "/>
</bind>
</comp>

<comp id="753" class="1004" name="p_ZL9e3_lut_w1_10_addr_gep_fu_753">
<pin_list>
<pin id="754" dir="0" index="0" bw="32" slack="0"/>
<pin id="755" dir="0" index="1" bw="1" slack="0"/>
<pin id="756" dir="0" index="2" bw="5" slack="20"/>
<pin id="757" dir="1" index="3" bw="4" slack="0"/>
</pin_list>
<bind>
<opcode="getelementptr(29) " fcode="getelementptr"/>
<opset="p_ZL9e3_lut_w1_10_addr/21 "/>
</bind>
</comp>

<comp id="760" class="1004" name="grp_access_fu_760">
<pin_list>
<pin id="761" dir="0" index="0" bw="4" slack="0"/>
<pin id="762" dir="0" index="1" bw="32" slack="2147483647"/>
<pin id="763" dir="0" index="2" bw="0" slack="2147483647"/>
<pin id="764" dir="1" index="3" bw="32" slack="0"/>
</pin_list>
<bind>
<opcode="load(27) " fcode="load"/>
<opset="p_ZL9e3_lut_w1_10_load/21 "/>
</bind>
</comp>

<comp id="766" class="1004" name="p_ZL9e3_lut_w1_11_addr_gep_fu_766">
<pin_list>
<pin id="767" dir="0" index="0" bw="32" slack="0"/>
<pin id="768" dir="0" index="1" bw="1" slack="0"/>
<pin id="769" dir="0" index="2" bw="5" slack="22"/>
<pin id="770" dir="1" index="3" bw="4" slack="0"/>
</pin_list>
<bind>
<opcode="getelementptr(29) " fcode="getelementptr"/>
<opset="p_ZL9e3_lut_w1_11_addr/23 "/>
</bind>
</comp>

<comp id="773" class="1004" name="grp_access_fu_773">
<pin_list>
<pin id="774" dir="0" index="0" bw="4" slack="0"/>
<pin id="775" dir="0" index="1" bw="32" slack="2147483647"/>
<pin id="776" dir="0" index="2" bw="0" slack="2147483647"/>
<pin id="777" dir="1" index="3" bw="32" slack="0"/>
</pin_list>
<bind>
<opcode="load(27) " fcode="load"/>
<opset="p_ZL9e3_lut_w1_11_load/23 "/>
</bind>
</comp>

<comp id="779" class="1004" name="p_ZL9e3_lut_w1_12_addr_gep_fu_779">
<pin_list>
<pin id="780" dir="0" index="0" bw="32" slack="0"/>
<pin id="781" dir="0" index="1" bw="1" slack="0"/>
<pin id="782" dir="0" index="2" bw="5" slack="24"/>
<pin id="783" dir="1" index="3" bw="4" slack="0"/>
</pin_list>
<bind>
<opcode="getelementptr(29) " fcode="getelementptr"/>
<opset="p_ZL9e3_lut_w1_12_addr/25 "/>
</bind>
</comp>

<comp id="786" class="1004" name="grp_access_fu_786">
<pin_list>
<pin id="787" dir="0" index="0" bw="4" slack="0"/>
<pin id="788" dir="0" index="1" bw="32" slack="2147483647"/>
<pin id="789" dir="0" index="2" bw="0" slack="2147483647"/>
<pin id="790" dir="1" index="3" bw="32" slack="0"/>
</pin_list>
<bind>
<opcode="load(27) " fcode="load"/>
<opset="p_ZL9e3_lut_w1_12_load/25 "/>
</bind>
</comp>

<comp id="792" class="1004" name="p_ZL9e3_lut_w1_13_addr_gep_fu_792">
<pin_list>
<pin id="793" dir="0" index="0" bw="32" slack="0"/>
<pin id="794" dir="0" index="1" bw="1" slack="0"/>
<pin id="795" dir="0" index="2" bw="5" slack="26"/>
<pin id="796" dir="1" index="3" bw="4" slack="0"/>
</pin_list>
<bind>
<opcode="getelementptr(29) " fcode="getelementptr"/>
<opset="p_ZL9e3_lut_w1_13_addr/27 "/>
</bind>
</comp>

<comp id="799" class="1004" name="grp_access_fu_799">
<pin_list>
<pin id="800" dir="0" index="0" bw="4" slack="0"/>
<pin id="801" dir="0" index="1" bw="32" slack="2147483647"/>
<pin id="802" dir="0" index="2" bw="0" slack="2147483647"/>
<pin id="803" dir="1" index="3" bw="32" slack="0"/>
</pin_list>
<bind>
<opcode="load(27) " fcode="load"/>
<opset="p_ZL9e3_lut_w1_13_load/27 "/>
</bind>
</comp>

<comp id="805" class="1004" name="p_ZL9e3_lut_w1_14_addr_gep_fu_805">
<pin_list>
<pin id="806" dir="0" index="0" bw="32" slack="0"/>
<pin id="807" dir="0" index="1" bw="1" slack="0"/>
<pin id="808" dir="0" index="2" bw="5" slack="28"/>
<pin id="809" dir="1" index="3" bw="4" slack="0"/>
</pin_list>
<bind>
<opcode="getelementptr(29) " fcode="getelementptr"/>
<opset="p_ZL9e3_lut_w1_14_addr/29 "/>
</bind>
</comp>

<comp id="812" class="1004" name="grp_access_fu_812">
<pin_list>
<pin id="813" dir="0" index="0" bw="4" slack="0"/>
<pin id="814" dir="0" index="1" bw="32" slack="2147483647"/>
<pin id="815" dir="0" index="2" bw="0" slack="2147483647"/>
<pin id="816" dir="1" index="3" bw="32" slack="0"/>
</pin_list>
<bind>
<opcode="load(27) " fcode="load"/>
<opset="p_ZL9e3_lut_w1_14_load/29 "/>
</bind>
</comp>

<comp id="818" class="1004" name="p_ZL9e3_lut_w1_15_addr_gep_fu_818">
<pin_list>
<pin id="819" dir="0" index="0" bw="32" slack="0"/>
<pin id="820" dir="0" index="1" bw="1" slack="0"/>
<pin id="821" dir="0" index="2" bw="5" slack="30"/>
<pin id="822" dir="1" index="3" bw="4" slack="0"/>
</pin_list>
<bind>
<opcode="getelementptr(29) " fcode="getelementptr"/>
<opset="p_ZL9e3_lut_w1_15_addr/31 "/>
</bind>
</comp>

<comp id="825" class="1004" name="grp_access_fu_825">
<pin_list>
<pin id="826" dir="0" index="0" bw="4" slack="0"/>
<pin id="827" dir="0" index="1" bw="32" slack="2147483647"/>
<pin id="828" dir="0" index="2" bw="0" slack="2147483647"/>
<pin id="829" dir="1" index="3" bw="32" slack="0"/>
</pin_list>
<bind>
<opcode="load(27) " fcode="load"/>
<opset="p_ZL9e3_lut_w1_15_load/31 "/>
</bind>
</comp>

<comp id="831" class="1004" name="p_ZL9e3_lut_w1_16_addr_gep_fu_831">
<pin_list>
<pin id="832" dir="0" index="0" bw="32" slack="0"/>
<pin id="833" dir="0" index="1" bw="1" slack="0"/>
<pin id="834" dir="0" index="2" bw="5" slack="32"/>
<pin id="835" dir="1" index="3" bw="4" slack="0"/>
</pin_list>
<bind>
<opcode="getelementptr(29) " fcode="getelementptr"/>
<opset="p_ZL9e3_lut_w1_16_addr/33 "/>
</bind>
</comp>

<comp id="838" class="1004" name="grp_access_fu_838">
<pin_list>
<pin id="839" dir="0" index="0" bw="4" slack="0"/>
<pin id="840" dir="0" index="1" bw="32" slack="2147483647"/>
<pin id="841" dir="0" index="2" bw="0" slack="2147483647"/>
<pin id="842" dir="1" index="3" bw="32" slack="0"/>
</pin_list>
<bind>
<opcode="load(27) " fcode="load"/>
<opset="p_ZL9e3_lut_w1_16_load/33 "/>
</bind>
</comp>

<comp id="844" class="1004" name="p_ZL9e3_lut_w1_17_addr_gep_fu_844">
<pin_list>
<pin id="845" dir="0" index="0" bw="32" slack="0"/>
<pin id="846" dir="0" index="1" bw="1" slack="0"/>
<pin id="847" dir="0" index="2" bw="5" slack="34"/>
<pin id="848" dir="1" index="3" bw="4" slack="0"/>
</pin_list>
<bind>
<opcode="getelementptr(29) " fcode="getelementptr"/>
<opset="p_ZL9e3_lut_w1_17_addr/35 "/>
</bind>
</comp>

<comp id="851" class="1004" name="grp_access_fu_851">
<pin_list>
<pin id="852" dir="0" index="0" bw="4" slack="0"/>
<pin id="853" dir="0" index="1" bw="32" slack="2147483647"/>
<pin id="854" dir="0" index="2" bw="0" slack="2147483647"/>
<pin id="855" dir="1" index="3" bw="32" slack="0"/>
</pin_list>
<bind>
<opcode="load(27) " fcode="load"/>
<opset="p_ZL9e3_lut_w1_17_load/35 "/>
</bind>
</comp>

<comp id="857" class="1004" name="p_ZL9e3_lut_w1_18_addr_gep_fu_857">
<pin_list>
<pin id="858" dir="0" index="0" bw="32" slack="0"/>
<pin id="859" dir="0" index="1" bw="1" slack="0"/>
<pin id="860" dir="0" index="2" bw="5" slack="36"/>
<pin id="861" dir="1" index="3" bw="4" slack="0"/>
</pin_list>
<bind>
<opcode="getelementptr(29) " fcode="getelementptr"/>
<opset="p_ZL9e3_lut_w1_18_addr/37 "/>
</bind>
</comp>

<comp id="864" class="1004" name="grp_access_fu_864">
<pin_list>
<pin id="865" dir="0" index="0" bw="4" slack="0"/>
<pin id="866" dir="0" index="1" bw="32" slack="2147483647"/>
<pin id="867" dir="0" index="2" bw="0" slack="2147483647"/>
<pin id="868" dir="1" index="3" bw="32" slack="0"/>
</pin_list>
<bind>
<opcode="load(27) " fcode="load"/>
<opset="p_ZL9e3_lut_w1_18_load/37 "/>
</bind>
</comp>

<comp id="870" class="1004" name="p_ZL9e3_lut_w1_19_addr_gep_fu_870">
<pin_list>
<pin id="871" dir="0" index="0" bw="32" slack="0"/>
<pin id="872" dir="0" index="1" bw="1" slack="0"/>
<pin id="873" dir="0" index="2" bw="5" slack="38"/>
<pin id="874" dir="1" index="3" bw="4" slack="0"/>
</pin_list>
<bind>
<opcode="getelementptr(29) " fcode="getelementptr"/>
<opset="p_ZL9e3_lut_w1_19_addr/39 "/>
</bind>
</comp>

<comp id="877" class="1004" name="grp_access_fu_877">
<pin_list>
<pin id="878" dir="0" index="0" bw="4" slack="0"/>
<pin id="879" dir="0" index="1" bw="32" slack="2147483647"/>
<pin id="880" dir="0" index="2" bw="0" slack="2147483647"/>
<pin id="881" dir="1" index="3" bw="32" slack="0"/>
</pin_list>
<bind>
<opcode="load(27) " fcode="load"/>
<opset="p_ZL9e3_lut_w1_19_load/39 "/>
</bind>
</comp>

<comp id="883" class="1004" name="p_ZL9e3_lut_w1_20_addr_gep_fu_883">
<pin_list>
<pin id="884" dir="0" index="0" bw="32" slack="0"/>
<pin id="885" dir="0" index="1" bw="1" slack="0"/>
<pin id="886" dir="0" index="2" bw="5" slack="40"/>
<pin id="887" dir="1" index="3" bw="4" slack="0"/>
</pin_list>
<bind>
<opcode="getelementptr(29) " fcode="getelementptr"/>
<opset="p_ZL9e3_lut_w1_20_addr/41 "/>
</bind>
</comp>

<comp id="890" class="1004" name="grp_access_fu_890">
<pin_list>
<pin id="891" dir="0" index="0" bw="4" slack="0"/>
<pin id="892" dir="0" index="1" bw="32" slack="2147483647"/>
<pin id="893" dir="0" index="2" bw="0" slack="2147483647"/>
<pin id="894" dir="1" index="3" bw="32" slack="0"/>
</pin_list>
<bind>
<opcode="load(27) " fcode="load"/>
<opset="p_ZL9e3_lut_w1_20_load/41 "/>
</bind>
</comp>

<comp id="896" class="1004" name="p_ZL9e3_lut_w1_21_addr_gep_fu_896">
<pin_list>
<pin id="897" dir="0" index="0" bw="32" slack="0"/>
<pin id="898" dir="0" index="1" bw="1" slack="0"/>
<pin id="899" dir="0" index="2" bw="5" slack="42"/>
<pin id="900" dir="1" index="3" bw="4" slack="0"/>
</pin_list>
<bind>
<opcode="getelementptr(29) " fcode="getelementptr"/>
<opset="p_ZL9e3_lut_w1_21_addr/43 "/>
</bind>
</comp>

<comp id="903" class="1004" name="grp_access_fu_903">
<pin_list>
<pin id="904" dir="0" index="0" bw="4" slack="0"/>
<pin id="905" dir="0" index="1" bw="32" slack="2147483647"/>
<pin id="906" dir="0" index="2" bw="0" slack="2147483647"/>
<pin id="907" dir="1" index="3" bw="32" slack="0"/>
</pin_list>
<bind>
<opcode="load(27) " fcode="load"/>
<opset="p_ZL9e3_lut_w1_21_load/43 "/>
</bind>
</comp>

<comp id="909" class="1004" name="p_ZL9e3_lut_w1_22_addr_gep_fu_909">
<pin_list>
<pin id="910" dir="0" index="0" bw="32" slack="0"/>
<pin id="911" dir="0" index="1" bw="1" slack="0"/>
<pin id="912" dir="0" index="2" bw="5" slack="44"/>
<pin id="913" dir="1" index="3" bw="4" slack="0"/>
</pin_list>
<bind>
<opcode="getelementptr(29) " fcode="getelementptr"/>
<opset="p_ZL9e3_lut_w1_22_addr/45 "/>
</bind>
</comp>

<comp id="916" class="1004" name="grp_access_fu_916">
<pin_list>
<pin id="917" dir="0" index="0" bw="4" slack="0"/>
<pin id="918" dir="0" index="1" bw="32" slack="2147483647"/>
<pin id="919" dir="0" index="2" bw="0" slack="2147483647"/>
<pin id="920" dir="1" index="3" bw="32" slack="0"/>
</pin_list>
<bind>
<opcode="load(27) " fcode="load"/>
<opset="p_ZL9e3_lut_w1_22_load/45 "/>
</bind>
</comp>

<comp id="922" class="1004" name="p_ZL9e3_lut_w1_23_addr_gep_fu_922">
<pin_list>
<pin id="923" dir="0" index="0" bw="32" slack="0"/>
<pin id="924" dir="0" index="1" bw="1" slack="0"/>
<pin id="925" dir="0" index="2" bw="5" slack="46"/>
<pin id="926" dir="1" index="3" bw="4" slack="0"/>
</pin_list>
<bind>
<opcode="getelementptr(29) " fcode="getelementptr"/>
<opset="p_ZL9e3_lut_w1_23_addr/47 "/>
</bind>
</comp>

<comp id="929" class="1004" name="grp_access_fu_929">
<pin_list>
<pin id="930" dir="0" index="0" bw="4" slack="0"/>
<pin id="931" dir="0" index="1" bw="32" slack="2147483647"/>
<pin id="932" dir="0" index="2" bw="0" slack="2147483647"/>
<pin id="933" dir="1" index="3" bw="32" slack="0"/>
</pin_list>
<bind>
<opcode="load(27) " fcode="load"/>
<opset="p_ZL9e3_lut_w1_23_load/47 "/>
</bind>
</comp>

<comp id="935" class="1004" name="p_ZL9e3_lut_w1_24_addr_gep_fu_935">
<pin_list>
<pin id="936" dir="0" index="0" bw="32" slack="0"/>
<pin id="937" dir="0" index="1" bw="1" slack="0"/>
<pin id="938" dir="0" index="2" bw="5" slack="48"/>
<pin id="939" dir="1" index="3" bw="4" slack="0"/>
</pin_list>
<bind>
<opcode="getelementptr(29) " fcode="getelementptr"/>
<opset="p_ZL9e3_lut_w1_24_addr/49 "/>
</bind>
</comp>

<comp id="942" class="1004" name="grp_access_fu_942">
<pin_list>
<pin id="943" dir="0" index="0" bw="4" slack="0"/>
<pin id="944" dir="0" index="1" bw="32" slack="2147483647"/>
<pin id="945" dir="0" index="2" bw="0" slack="2147483647"/>
<pin id="946" dir="1" index="3" bw="32" slack="0"/>
</pin_list>
<bind>
<opcode="load(27) " fcode="load"/>
<opset="p_ZL9e3_lut_w1_24_load/49 "/>
</bind>
</comp>

<comp id="948" class="1004" name="p_ZL9e3_lut_w1_25_addr_gep_fu_948">
<pin_list>
<pin id="949" dir="0" index="0" bw="32" slack="0"/>
<pin id="950" dir="0" index="1" bw="1" slack="0"/>
<pin id="951" dir="0" index="2" bw="5" slack="50"/>
<pin id="952" dir="1" index="3" bw="4" slack="0"/>
</pin_list>
<bind>
<opcode="getelementptr(29) " fcode="getelementptr"/>
<opset="p_ZL9e3_lut_w1_25_addr/51 "/>
</bind>
</comp>

<comp id="955" class="1004" name="grp_access_fu_955">
<pin_list>
<pin id="956" dir="0" index="0" bw="4" slack="0"/>
<pin id="957" dir="0" index="1" bw="32" slack="2147483647"/>
<pin id="958" dir="0" index="2" bw="0" slack="2147483647"/>
<pin id="959" dir="1" index="3" bw="32" slack="0"/>
</pin_list>
<bind>
<opcode="load(27) " fcode="load"/>
<opset="p_ZL9e3_lut_w1_25_load/51 "/>
</bind>
</comp>

<comp id="961" class="1004" name="p_ZL9e3_lut_w1_26_addr_gep_fu_961">
<pin_list>
<pin id="962" dir="0" index="0" bw="32" slack="0"/>
<pin id="963" dir="0" index="1" bw="1" slack="0"/>
<pin id="964" dir="0" index="2" bw="5" slack="52"/>
<pin id="965" dir="1" index="3" bw="4" slack="0"/>
</pin_list>
<bind>
<opcode="getelementptr(29) " fcode="getelementptr"/>
<opset="p_ZL9e3_lut_w1_26_addr/53 "/>
</bind>
</comp>

<comp id="968" class="1004" name="grp_access_fu_968">
<pin_list>
<pin id="969" dir="0" index="0" bw="4" slack="0"/>
<pin id="970" dir="0" index="1" bw="32" slack="2147483647"/>
<pin id="971" dir="0" index="2" bw="0" slack="2147483647"/>
<pin id="972" dir="1" index="3" bw="32" slack="0"/>
</pin_list>
<bind>
<opcode="load(27) " fcode="load"/>
<opset="p_ZL9e3_lut_w1_26_load/53 "/>
</bind>
</comp>

<comp id="974" class="1004" name="p_ZL9e3_lut_w1_27_addr_gep_fu_974">
<pin_list>
<pin id="975" dir="0" index="0" bw="32" slack="0"/>
<pin id="976" dir="0" index="1" bw="1" slack="0"/>
<pin id="977" dir="0" index="2" bw="5" slack="54"/>
<pin id="978" dir="1" index="3" bw="4" slack="0"/>
</pin_list>
<bind>
<opcode="getelementptr(29) " fcode="getelementptr"/>
<opset="p_ZL9e3_lut_w1_27_addr/55 "/>
</bind>
</comp>

<comp id="981" class="1004" name="grp_access_fu_981">
<pin_list>
<pin id="982" dir="0" index="0" bw="4" slack="0"/>
<pin id="983" dir="0" index="1" bw="32" slack="2147483647"/>
<pin id="984" dir="0" index="2" bw="0" slack="2147483647"/>
<pin id="985" dir="1" index="3" bw="32" slack="0"/>
</pin_list>
<bind>
<opcode="load(27) " fcode="load"/>
<opset="p_ZL9e3_lut_w1_27_load/55 "/>
</bind>
</comp>

<comp id="987" class="1004" name="p_ZL9e3_lut_w1_28_addr_gep_fu_987">
<pin_list>
<pin id="988" dir="0" index="0" bw="32" slack="0"/>
<pin id="989" dir="0" index="1" bw="1" slack="0"/>
<pin id="990" dir="0" index="2" bw="5" slack="56"/>
<pin id="991" dir="1" index="3" bw="4" slack="0"/>
</pin_list>
<bind>
<opcode="getelementptr(29) " fcode="getelementptr"/>
<opset="p_ZL9e3_lut_w1_28_addr/57 "/>
</bind>
</comp>

<comp id="994" class="1004" name="grp_access_fu_994">
<pin_list>
<pin id="995" dir="0" index="0" bw="4" slack="0"/>
<pin id="996" dir="0" index="1" bw="32" slack="2147483647"/>
<pin id="997" dir="0" index="2" bw="0" slack="2147483647"/>
<pin id="998" dir="1" index="3" bw="32" slack="0"/>
</pin_list>
<bind>
<opcode="load(27) " fcode="load"/>
<opset="p_ZL9e3_lut_w1_28_load/57 "/>
</bind>
</comp>

<comp id="1000" class="1004" name="p_ZL9e3_lut_w1_29_addr_gep_fu_1000">
<pin_list>
<pin id="1001" dir="0" index="0" bw="32" slack="0"/>
<pin id="1002" dir="0" index="1" bw="1" slack="0"/>
<pin id="1003" dir="0" index="2" bw="5" slack="58"/>
<pin id="1004" dir="1" index="3" bw="4" slack="0"/>
</pin_list>
<bind>
<opcode="getelementptr(29) " fcode="getelementptr"/>
<opset="p_ZL9e3_lut_w1_29_addr/59 "/>
</bind>
</comp>

<comp id="1007" class="1004" name="p_ZL9e3_lut_w1_30_addr_gep_fu_1007">
<pin_list>
<pin id="1008" dir="0" index="0" bw="32" slack="0"/>
<pin id="1009" dir="0" index="1" bw="1" slack="0"/>
<pin id="1010" dir="0" index="2" bw="5" slack="58"/>
<pin id="1011" dir="1" index="3" bw="4" slack="0"/>
</pin_list>
<bind>
<opcode="getelementptr(29) " fcode="getelementptr"/>
<opset="p_ZL9e3_lut_w1_30_addr/59 "/>
</bind>
</comp>

<comp id="1014" class="1004" name="p_ZL9e3_lut_w1_31_addr_gep_fu_1014">
<pin_list>
<pin id="1015" dir="0" index="0" bw="32" slack="0"/>
<pin id="1016" dir="0" index="1" bw="1" slack="0"/>
<pin id="1017" dir="0" index="2" bw="5" slack="58"/>
<pin id="1018" dir="1" index="3" bw="4" slack="0"/>
</pin_list>
<bind>
<opcode="getelementptr(29) " fcode="getelementptr"/>
<opset="p_ZL9e3_lut_w1_31_addr/59 "/>
</bind>
</comp>

<comp id="1021" class="1004" name="grp_access_fu_1021">
<pin_list>
<pin id="1022" dir="0" index="0" bw="4" slack="0"/>
<pin id="1023" dir="0" index="1" bw="32" slack="2147483647"/>
<pin id="1024" dir="0" index="2" bw="0" slack="2147483647"/>
<pin id="1025" dir="1" index="3" bw="32" slack="0"/>
</pin_list>
<bind>
<opcode="load(27) " fcode="load"/>
<opset="p_ZL9e3_lut_w1_29_load/59 "/>
</bind>
</comp>

<comp id="1027" class="1004" name="grp_access_fu_1027">
<pin_list>
<pin id="1028" dir="0" index="0" bw="4" slack="0"/>
<pin id="1029" dir="0" index="1" bw="32" slack="2147483647"/>
<pin id="1030" dir="0" index="2" bw="0" slack="2147483647"/>
<pin id="1031" dir="1" index="3" bw="32" slack="0"/>
</pin_list>
<bind>
<opcode="load(27) " fcode="load"/>
<opset="p_ZL9e3_lut_w1_30_load/59 "/>
</bind>
</comp>

<comp id="1033" class="1004" name="grp_access_fu_1033">
<pin_list>
<pin id="1034" dir="0" index="0" bw="4" slack="0"/>
<pin id="1035" dir="0" index="1" bw="32" slack="2147483647"/>
<pin id="1036" dir="0" index="2" bw="0" slack="2147483647"/>
<pin id="1037" dir="1" index="3" bw="32" slack="0"/>
</pin_list>
<bind>
<opcode="load(27) " fcode="load"/>
<opset="p_ZL9e3_lut_w1_31_load/59 "/>
</bind>
</comp>

<comp id="1039" class="1004" name="grp_fu_1039">
<pin_list>
<pin id="1040" dir="0" index="0" bw="32" slack="0"/>
<pin id="1041" dir="0" index="1" bw="32" slack="1"/>
<pin id="1042" dir="1" index="2" bw="32" slack="1"/>
</pin_list>
<bind>
<opcode="fadd(9) " fcode="fadd"/>
<opset="acc_181/4 "/>
</bind>
</comp>

<comp id="1044" class="1004" name="grp_fu_1044">
<pin_list>
<pin id="1045" dir="0" index="0" bw="32" slack="1"/>
<pin id="1046" dir="0" index="1" bw="32" slack="1"/>
<pin id="1047" dir="1" index="2" bw="32" slack="1"/>
</pin_list>
<bind>
<opcode="fadd(9) " fcode="fadd"/>
<opset="acc_182/6 "/>
</bind>
</comp>

<comp id="1048" class="1004" name="grp_fu_1048">
<pin_list>
<pin id="1049" dir="0" index="0" bw="32" slack="1"/>
<pin id="1050" dir="0" index="1" bw="32" slack="1"/>
<pin id="1051" dir="1" index="2" bw="32" slack="1"/>
</pin_list>
<bind>
<opcode="fadd(9) " fcode="fadd"/>
<opset="acc_183/8 "/>
</bind>
</comp>

<comp id="1052" class="1004" name="grp_fu_1052">
<pin_list>
<pin id="1053" dir="0" index="0" bw="32" slack="1"/>
<pin id="1054" dir="0" index="1" bw="32" slack="1"/>
<pin id="1055" dir="1" index="2" bw="32" slack="1"/>
</pin_list>
<bind>
<opcode="fadd(9) " fcode="fadd"/>
<opset="acc_184/10 "/>
</bind>
</comp>

<comp id="1056" class="1004" name="grp_fu_1056">
<pin_list>
<pin id="1057" dir="0" index="0" bw="32" slack="1"/>
<pin id="1058" dir="0" index="1" bw="32" slack="1"/>
<pin id="1059" dir="1" index="2" bw="32" slack="1"/>
</pin_list>
<bind>
<opcode="fadd(9) " fcode="fadd"/>
<opset="acc_185/12 "/>
</bind>
</comp>

<comp id="1060" class="1004" name="grp_fu_1060">
<pin_list>
<pin id="1061" dir="0" index="0" bw="32" slack="1"/>
<pin id="1062" dir="0" index="1" bw="32" slack="1"/>
<pin id="1063" dir="1" index="2" bw="32" slack="1"/>
</pin_list>
<bind>
<opcode="fadd(9) " fcode="fadd"/>
<opset="acc_186/14 "/>
</bind>
</comp>

<comp id="1064" class="1004" name="grp_fu_1064">
<pin_list>
<pin id="1065" dir="0" index="0" bw="32" slack="1"/>
<pin id="1066" dir="0" index="1" bw="32" slack="1"/>
<pin id="1067" dir="1" index="2" bw="32" slack="1"/>
</pin_list>
<bind>
<opcode="fadd(9) " fcode="fadd"/>
<opset="acc_187/16 "/>
</bind>
</comp>

<comp id="1068" class="1004" name="grp_fu_1068">
<pin_list>
<pin id="1069" dir="0" index="0" bw="32" slack="1"/>
<pin id="1070" dir="0" index="1" bw="32" slack="1"/>
<pin id="1071" dir="1" index="2" bw="32" slack="1"/>
</pin_list>
<bind>
<opcode="fadd(9) " fcode="fadd"/>
<opset="acc_188/18 "/>
</bind>
</comp>

<comp id="1072" class="1004" name="grp_fu_1072">
<pin_list>
<pin id="1073" dir="0" index="0" bw="32" slack="1"/>
<pin id="1074" dir="0" index="1" bw="32" slack="1"/>
<pin id="1075" dir="1" index="2" bw="32" slack="1"/>
</pin_list>
<bind>
<opcode="fadd(9) " fcode="fadd"/>
<opset="acc_189/20 "/>
</bind>
</comp>

<comp id="1076" class="1004" name="grp_fu_1076">
<pin_list>
<pin id="1077" dir="0" index="0" bw="32" slack="1"/>
<pin id="1078" dir="0" index="1" bw="32" slack="1"/>
<pin id="1079" dir="1" index="2" bw="32" slack="1"/>
</pin_list>
<bind>
<opcode="fadd(9) " fcode="fadd"/>
<opset="acc_190/22 "/>
</bind>
</comp>

<comp id="1080" class="1004" name="grp_fu_1080">
<pin_list>
<pin id="1081" dir="0" index="0" bw="32" slack="1"/>
<pin id="1082" dir="0" index="1" bw="32" slack="1"/>
<pin id="1083" dir="1" index="2" bw="32" slack="1"/>
</pin_list>
<bind>
<opcode="fadd(9) " fcode="fadd"/>
<opset="acc_191/24 "/>
</bind>
</comp>

<comp id="1084" class="1004" name="grp_fu_1084">
<pin_list>
<pin id="1085" dir="0" index="0" bw="32" slack="1"/>
<pin id="1086" dir="0" index="1" bw="32" slack="1"/>
<pin id="1087" dir="1" index="2" bw="32" slack="1"/>
</pin_list>
<bind>
<opcode="fadd(9) " fcode="fadd"/>
<opset="acc_192/26 "/>
</bind>
</comp>

<comp id="1088" class="1004" name="grp_fu_1088">
<pin_list>
<pin id="1089" dir="0" index="0" bw="32" slack="1"/>
<pin id="1090" dir="0" index="1" bw="32" slack="1"/>
<pin id="1091" dir="1" index="2" bw="32" slack="1"/>
</pin_list>
<bind>
<opcode="fadd(9) " fcode="fadd"/>
<opset="acc_193/28 "/>
</bind>
</comp>

<comp id="1092" class="1004" name="grp_fu_1092">
<pin_list>
<pin id="1093" dir="0" index="0" bw="32" slack="1"/>
<pin id="1094" dir="0" index="1" bw="32" slack="1"/>
<pin id="1095" dir="1" index="2" bw="32" slack="1"/>
</pin_list>
<bind>
<opcode="fadd(9) " fcode="fadd"/>
<opset="acc_194/30 "/>
</bind>
</comp>

<comp id="1096" class="1004" name="grp_fu_1096">
<pin_list>
<pin id="1097" dir="0" index="0" bw="32" slack="1"/>
<pin id="1098" dir="0" index="1" bw="32" slack="1"/>
<pin id="1099" dir="1" index="2" bw="32" slack="1"/>
</pin_list>
<bind>
<opcode="fadd(9) " fcode="fadd"/>
<opset="acc_195/32 "/>
</bind>
</comp>

<comp id="1100" class="1004" name="grp_fu_1100">
<pin_list>
<pin id="1101" dir="0" index="0" bw="32" slack="1"/>
<pin id="1102" dir="0" index="1" bw="32" slack="1"/>
<pin id="1103" dir="1" index="2" bw="32" slack="1"/>
</pin_list>
<bind>
<opcode="fadd(9) " fcode="fadd"/>
<opset="acc_196/34 "/>
</bind>
</comp>

<comp id="1104" class="1004" name="grp_fu_1104">
<pin_list>
<pin id="1105" dir="0" index="0" bw="32" slack="1"/>
<pin id="1106" dir="0" index="1" bw="32" slack="1"/>
<pin id="1107" dir="1" index="2" bw="32" slack="1"/>
</pin_list>
<bind>
<opcode="fadd(9) " fcode="fadd"/>
<opset="acc_197/36 "/>
</bind>
</comp>

<comp id="1108" class="1004" name="grp_fu_1108">
<pin_list>
<pin id="1109" dir="0" index="0" bw="32" slack="1"/>
<pin id="1110" dir="0" index="1" bw="32" slack="1"/>
<pin id="1111" dir="1" index="2" bw="32" slack="1"/>
</pin_list>
<bind>
<opcode="fadd(9) " fcode="fadd"/>
<opset="acc_198/38 "/>
</bind>
</comp>

<comp id="1112" class="1004" name="grp_fu_1112">
<pin_list>
<pin id="1113" dir="0" index="0" bw="32" slack="1"/>
<pin id="1114" dir="0" index="1" bw="32" slack="1"/>
<pin id="1115" dir="1" index="2" bw="32" slack="1"/>
</pin_list>
<bind>
<opcode="fadd(9) " fcode="fadd"/>
<opset="acc_199/40 "/>
</bind>
</comp>

<comp id="1116" class="1004" name="grp_fu_1116">
<pin_list>
<pin id="1117" dir="0" index="0" bw="32" slack="1"/>
<pin id="1118" dir="0" index="1" bw="32" slack="1"/>
<pin id="1119" dir="1" index="2" bw="32" slack="1"/>
</pin_list>
<bind>
<opcode="fadd(9) " fcode="fadd"/>
<opset="acc_200/42 "/>
</bind>
</comp>

<comp id="1120" class="1004" name="grp_fu_1120">
<pin_list>
<pin id="1121" dir="0" index="0" bw="32" slack="1"/>
<pin id="1122" dir="0" index="1" bw="32" slack="1"/>
<pin id="1123" dir="1" index="2" bw="32" slack="1"/>
</pin_list>
<bind>
<opcode="fadd(9) " fcode="fadd"/>
<opset="acc_201/44 "/>
</bind>
</comp>

<comp id="1124" class="1004" name="grp_fu_1124">
<pin_list>
<pin id="1125" dir="0" index="0" bw="32" slack="1"/>
<pin id="1126" dir="0" index="1" bw="32" slack="1"/>
<pin id="1127" dir="1" index="2" bw="32" slack="1"/>
</pin_list>
<bind>
<opcode="fadd(9) " fcode="fadd"/>
<opset="acc_202/46 "/>
</bind>
</comp>

<comp id="1128" class="1004" name="grp_fu_1128">
<pin_list>
<pin id="1129" dir="0" index="0" bw="32" slack="1"/>
<pin id="1130" dir="0" index="1" bw="32" slack="1"/>
<pin id="1131" dir="1" index="2" bw="32" slack="1"/>
</pin_list>
<bind>
<opcode="fadd(9) " fcode="fadd"/>
<opset="acc_203/48 "/>
</bind>
</comp>

<comp id="1132" class="1004" name="grp_fu_1132">
<pin_list>
<pin id="1133" dir="0" index="0" bw="32" slack="1"/>
<pin id="1134" dir="0" index="1" bw="32" slack="1"/>
<pin id="1135" dir="1" index="2" bw="32" slack="1"/>
</pin_list>
<bind>
<opcode="fadd(9) " fcode="fadd"/>
<opset="acc_204/50 "/>
</bind>
</comp>

<comp id="1136" class="1004" name="grp_fu_1136">
<pin_list>
<pin id="1137" dir="0" index="0" bw="32" slack="1"/>
<pin id="1138" dir="0" index="1" bw="32" slack="1"/>
<pin id="1139" dir="1" index="2" bw="32" slack="1"/>
</pin_list>
<bind>
<opcode="fadd(9) " fcode="fadd"/>
<opset="acc_205/52 "/>
</bind>
</comp>

<comp id="1140" class="1004" name="grp_fu_1140">
<pin_list>
<pin id="1141" dir="0" index="0" bw="32" slack="1"/>
<pin id="1142" dir="0" index="1" bw="32" slack="1"/>
<pin id="1143" dir="1" index="2" bw="32" slack="1"/>
</pin_list>
<bind>
<opcode="fadd(9) " fcode="fadd"/>
<opset="acc_206/54 "/>
</bind>
</comp>

<comp id="1144" class="1004" name="grp_fu_1144">
<pin_list>
<pin id="1145" dir="0" index="0" bw="32" slack="1"/>
<pin id="1146" dir="0" index="1" bw="32" slack="1"/>
<pin id="1147" dir="1" index="2" bw="32" slack="1"/>
</pin_list>
<bind>
<opcode="fadd(9) " fcode="fadd"/>
<opset="acc_207/56 "/>
</bind>
</comp>

<comp id="1148" class="1004" name="grp_fu_1148">
<pin_list>
<pin id="1149" dir="0" index="0" bw="32" slack="1"/>
<pin id="1150" dir="0" index="1" bw="32" slack="1"/>
<pin id="1151" dir="1" index="2" bw="32" slack="1"/>
</pin_list>
<bind>
<opcode="fadd(9) " fcode="fadd"/>
<opset="acc_208/58 "/>
</bind>
</comp>

<comp id="1152" class="1004" name="grp_fu_1152">
<pin_list>
<pin id="1153" dir="0" index="0" bw="32" slack="1"/>
<pin id="1154" dir="0" index="1" bw="32" slack="1"/>
<pin id="1155" dir="1" index="2" bw="32" slack="1"/>
</pin_list>
<bind>
<opcode="fadd(9) " fcode="fadd"/>
<opset="acc_209/60 "/>
</bind>
</comp>

<comp id="1156" class="1004" name="grp_fu_1156">
<pin_list>
<pin id="1157" dir="0" index="0" bw="32" slack="1"/>
<pin id="1158" dir="0" index="1" bw="32" slack="1"/>
<pin id="1159" dir="1" index="2" bw="32" slack="1"/>
</pin_list>
<bind>
<opcode="fadd(9) " fcode="fadd"/>
<opset="acc_210/62 "/>
</bind>
</comp>

<comp id="1160" class="1004" name="grp_fu_1160">
<pin_list>
<pin id="1161" dir="0" index="0" bw="32" slack="1"/>
<pin id="1162" dir="0" index="1" bw="32" slack="3"/>
<pin id="1163" dir="1" index="2" bw="32" slack="1"/>
</pin_list>
<bind>
<opcode="fadd(9) " fcode="fadd"/>
<opset="acc_211/64 "/>
</bind>
</comp>

<comp id="1164" class="1004" name="grp_fu_1164">
<pin_list>
<pin id="1165" dir="0" index="0" bw="32" slack="1"/>
<pin id="1166" dir="0" index="1" bw="32" slack="5"/>
<pin id="1167" dir="1" index="2" bw="32" slack="1"/>
</pin_list>
<bind>
<opcode="fadd(9) " fcode="fadd"/>
<opset="acc_212/66 "/>
</bind>
</comp>

<comp id="1168" class="1004" name="grp_fu_1168">
<pin_list>
<pin id="1169" dir="0" index="0" bw="32" slack="1"/>
<pin id="1170" dir="0" index="1" bw="32" slack="0"/>
<pin id="1171" dir="1" index="2" bw="32" slack="0"/>
</pin_list>
<bind>
<opcode="fadd(9) " fcode="fadd"/>
<opset="sub_i1/72 "/>
</bind>
</comp>

<comp id="1173" class="1004" name="grp_fu_1173">
<pin_list>
<pin id="1174" dir="0" index="0" bw="32" slack="0"/>
<pin id="1175" dir="0" index="1" bw="32" slack="1"/>
<pin id="1176" dir="1" index="2" bw="32" slack="1"/>
</pin_list>
<bind>
<opcode="fmul(13) " fcode="fmul"/>
<opset="mul3/2 "/>
</bind>
</comp>

<comp id="1178" class="1004" name="grp_fu_1178">
<pin_list>
<pin id="1179" dir="0" index="0" bw="32" slack="0"/>
<pin id="1180" dir="0" index="1" bw="32" slack="3"/>
<pin id="1181" dir="1" index="2" bw="32" slack="1"/>
</pin_list>
<bind>
<opcode="fmul(13) " fcode="fmul"/>
<opset="mul35_1/4 "/>
</bind>
</comp>

<comp id="1183" class="1004" name="grp_fu_1183">
<pin_list>
<pin id="1184" dir="0" index="0" bw="32" slack="0"/>
<pin id="1185" dir="0" index="1" bw="32" slack="5"/>
<pin id="1186" dir="1" index="2" bw="32" slack="1"/>
</pin_list>
<bind>
<opcode="fmul(13) " fcode="fmul"/>
<opset="mul35_2/6 "/>
</bind>
</comp>

<comp id="1188" class="1004" name="grp_fu_1188">
<pin_list>
<pin id="1189" dir="0" index="0" bw="32" slack="0"/>
<pin id="1190" dir="0" index="1" bw="32" slack="7"/>
<pin id="1191" dir="1" index="2" bw="32" slack="1"/>
</pin_list>
<bind>
<opcode="fmul(13) " fcode="fmul"/>
<opset="mul35_3/8 "/>
</bind>
</comp>

<comp id="1193" class="1004" name="grp_fu_1193">
<pin_list>
<pin id="1194" dir="0" index="0" bw="32" slack="0"/>
<pin id="1195" dir="0" index="1" bw="32" slack="9"/>
<pin id="1196" dir="1" index="2" bw="32" slack="1"/>
</pin_list>
<bind>
<opcode="fmul(13) " fcode="fmul"/>
<opset="mul35_4/10 "/>
</bind>
</comp>

<comp id="1198" class="1004" name="grp_fu_1198">
<pin_list>
<pin id="1199" dir="0" index="0" bw="32" slack="0"/>
<pin id="1200" dir="0" index="1" bw="32" slack="11"/>
<pin id="1201" dir="1" index="2" bw="32" slack="1"/>
</pin_list>
<bind>
<opcode="fmul(13) " fcode="fmul"/>
<opset="mul35_5/12 "/>
</bind>
</comp>

<comp id="1203" class="1004" name="grp_fu_1203">
<pin_list>
<pin id="1204" dir="0" index="0" bw="32" slack="0"/>
<pin id="1205" dir="0" index="1" bw="32" slack="13"/>
<pin id="1206" dir="1" index="2" bw="32" slack="1"/>
</pin_list>
<bind>
<opcode="fmul(13) " fcode="fmul"/>
<opset="mul35_6/14 "/>
</bind>
</comp>

<comp id="1208" class="1004" name="grp_fu_1208">
<pin_list>
<pin id="1209" dir="0" index="0" bw="32" slack="0"/>
<pin id="1210" dir="0" index="1" bw="32" slack="15"/>
<pin id="1211" dir="1" index="2" bw="32" slack="1"/>
</pin_list>
<bind>
<opcode="fmul(13) " fcode="fmul"/>
<opset="mul35_7/16 "/>
</bind>
</comp>

<comp id="1213" class="1004" name="grp_fu_1213">
<pin_list>
<pin id="1214" dir="0" index="0" bw="32" slack="0"/>
<pin id="1215" dir="0" index="1" bw="32" slack="17"/>
<pin id="1216" dir="1" index="2" bw="32" slack="1"/>
</pin_list>
<bind>
<opcode="fmul(13) " fcode="fmul"/>
<opset="mul35_8/18 "/>
</bind>
</comp>

<comp id="1218" class="1004" name="grp_fu_1218">
<pin_list>
<pin id="1219" dir="0" index="0" bw="32" slack="0"/>
<pin id="1220" dir="0" index="1" bw="32" slack="19"/>
<pin id="1221" dir="1" index="2" bw="32" slack="1"/>
</pin_list>
<bind>
<opcode="fmul(13) " fcode="fmul"/>
<opset="mul35_9/20 "/>
</bind>
</comp>

<comp id="1223" class="1004" name="grp_fu_1223">
<pin_list>
<pin id="1224" dir="0" index="0" bw="32" slack="0"/>
<pin id="1225" dir="0" index="1" bw="32" slack="21"/>
<pin id="1226" dir="1" index="2" bw="32" slack="1"/>
</pin_list>
<bind>
<opcode="fmul(13) " fcode="fmul"/>
<opset="mul35_s/22 "/>
</bind>
</comp>

<comp id="1228" class="1004" name="grp_fu_1228">
<pin_list>
<pin id="1229" dir="0" index="0" bw="32" slack="0"/>
<pin id="1230" dir="0" index="1" bw="32" slack="23"/>
<pin id="1231" dir="1" index="2" bw="32" slack="1"/>
</pin_list>
<bind>
<opcode="fmul(13) " fcode="fmul"/>
<opset="mul35_10/24 "/>
</bind>
</comp>

<comp id="1233" class="1004" name="grp_fu_1233">
<pin_list>
<pin id="1234" dir="0" index="0" bw="32" slack="0"/>
<pin id="1235" dir="0" index="1" bw="32" slack="25"/>
<pin id="1236" dir="1" index="2" bw="32" slack="1"/>
</pin_list>
<bind>
<opcode="fmul(13) " fcode="fmul"/>
<opset="mul35_11/26 "/>
</bind>
</comp>

<comp id="1238" class="1004" name="grp_fu_1238">
<pin_list>
<pin id="1239" dir="0" index="0" bw="32" slack="0"/>
<pin id="1240" dir="0" index="1" bw="32" slack="27"/>
<pin id="1241" dir="1" index="2" bw="32" slack="1"/>
</pin_list>
<bind>
<opcode="fmul(13) " fcode="fmul"/>
<opset="mul35_12/28 "/>
</bind>
</comp>

<comp id="1243" class="1004" name="grp_fu_1243">
<pin_list>
<pin id="1244" dir="0" index="0" bw="32" slack="0"/>
<pin id="1245" dir="0" index="1" bw="32" slack="29"/>
<pin id="1246" dir="1" index="2" bw="32" slack="1"/>
</pin_list>
<bind>
<opcode="fmul(13) " fcode="fmul"/>
<opset="mul35_13/30 "/>
</bind>
</comp>

<comp id="1248" class="1004" name="grp_fu_1248">
<pin_list>
<pin id="1249" dir="0" index="0" bw="32" slack="0"/>
<pin id="1250" dir="0" index="1" bw="32" slack="31"/>
<pin id="1251" dir="1" index="2" bw="32" slack="1"/>
</pin_list>
<bind>
<opcode="fmul(13) " fcode="fmul"/>
<opset="mul35_14/32 "/>
</bind>
</comp>

<comp id="1253" class="1004" name="grp_fu_1253">
<pin_list>
<pin id="1254" dir="0" index="0" bw="32" slack="0"/>
<pin id="1255" dir="0" index="1" bw="32" slack="33"/>
<pin id="1256" dir="1" index="2" bw="32" slack="1"/>
</pin_list>
<bind>
<opcode="fmul(13) " fcode="fmul"/>
<opset="mul35_15/34 "/>
</bind>
</comp>

<comp id="1258" class="1004" name="grp_fu_1258">
<pin_list>
<pin id="1259" dir="0" index="0" bw="32" slack="0"/>
<pin id="1260" dir="0" index="1" bw="32" slack="35"/>
<pin id="1261" dir="1" index="2" bw="32" slack="1"/>
</pin_list>
<bind>
<opcode="fmul(13) " fcode="fmul"/>
<opset="mul35_16/36 "/>
</bind>
</comp>

<comp id="1263" class="1004" name="grp_fu_1263">
<pin_list>
<pin id="1264" dir="0" index="0" bw="32" slack="0"/>
<pin id="1265" dir="0" index="1" bw="32" slack="37"/>
<pin id="1266" dir="1" index="2" bw="32" slack="1"/>
</pin_list>
<bind>
<opcode="fmul(13) " fcode="fmul"/>
<opset="mul35_17/38 "/>
</bind>
</comp>

<comp id="1268" class="1004" name="grp_fu_1268">
<pin_list>
<pin id="1269" dir="0" index="0" bw="32" slack="0"/>
<pin id="1270" dir="0" index="1" bw="32" slack="39"/>
<pin id="1271" dir="1" index="2" bw="32" slack="1"/>
</pin_list>
<bind>
<opcode="fmul(13) " fcode="fmul"/>
<opset="mul35_18/40 "/>
</bind>
</comp>

<comp id="1273" class="1004" name="grp_fu_1273">
<pin_list>
<pin id="1274" dir="0" index="0" bw="32" slack="0"/>
<pin id="1275" dir="0" index="1" bw="32" slack="41"/>
<pin id="1276" dir="1" index="2" bw="32" slack="1"/>
</pin_list>
<bind>
<opcode="fmul(13) " fcode="fmul"/>
<opset="mul35_19/42 "/>
</bind>
</comp>

<comp id="1278" class="1004" name="grp_fu_1278">
<pin_list>
<pin id="1279" dir="0" index="0" bw="32" slack="0"/>
<pin id="1280" dir="0" index="1" bw="32" slack="43"/>
<pin id="1281" dir="1" index="2" bw="32" slack="1"/>
</pin_list>
<bind>
<opcode="fmul(13) " fcode="fmul"/>
<opset="mul35_20/44 "/>
</bind>
</comp>

<comp id="1283" class="1004" name="grp_fu_1283">
<pin_list>
<pin id="1284" dir="0" index="0" bw="32" slack="0"/>
<pin id="1285" dir="0" index="1" bw="32" slack="45"/>
<pin id="1286" dir="1" index="2" bw="32" slack="1"/>
</pin_list>
<bind>
<opcode="fmul(13) " fcode="fmul"/>
<opset="mul35_21/46 "/>
</bind>
</comp>

<comp id="1288" class="1004" name="grp_fu_1288">
<pin_list>
<pin id="1289" dir="0" index="0" bw="32" slack="0"/>
<pin id="1290" dir="0" index="1" bw="32" slack="47"/>
<pin id="1291" dir="1" index="2" bw="32" slack="1"/>
</pin_list>
<bind>
<opcode="fmul(13) " fcode="fmul"/>
<opset="mul35_22/48 "/>
</bind>
</comp>

<comp id="1293" class="1004" name="grp_fu_1293">
<pin_list>
<pin id="1294" dir="0" index="0" bw="32" slack="0"/>
<pin id="1295" dir="0" index="1" bw="32" slack="49"/>
<pin id="1296" dir="1" index="2" bw="32" slack="1"/>
</pin_list>
<bind>
<opcode="fmul(13) " fcode="fmul"/>
<opset="mul35_23/50 "/>
</bind>
</comp>

<comp id="1298" class="1004" name="grp_fu_1298">
<pin_list>
<pin id="1299" dir="0" index="0" bw="32" slack="0"/>
<pin id="1300" dir="0" index="1" bw="32" slack="51"/>
<pin id="1301" dir="1" index="2" bw="32" slack="1"/>
</pin_list>
<bind>
<opcode="fmul(13) " fcode="fmul"/>
<opset="mul35_24/52 "/>
</bind>
</comp>

<comp id="1303" class="1004" name="grp_fu_1303">
<pin_list>
<pin id="1304" dir="0" index="0" bw="32" slack="0"/>
<pin id="1305" dir="0" index="1" bw="32" slack="53"/>
<pin id="1306" dir="1" index="2" bw="32" slack="1"/>
</pin_list>
<bind>
<opcode="fmul(13) " fcode="fmul"/>
<opset="mul35_25/54 "/>
</bind>
</comp>

<comp id="1308" class="1004" name="grp_fu_1308">
<pin_list>
<pin id="1309" dir="0" index="0" bw="32" slack="0"/>
<pin id="1310" dir="0" index="1" bw="32" slack="55"/>
<pin id="1311" dir="1" index="2" bw="32" slack="1"/>
</pin_list>
<bind>
<opcode="fmul(13) " fcode="fmul"/>
<opset="mul35_26/56 "/>
</bind>
</comp>

<comp id="1313" class="1004" name="grp_fu_1313">
<pin_list>
<pin id="1314" dir="0" index="0" bw="32" slack="0"/>
<pin id="1315" dir="0" index="1" bw="32" slack="57"/>
<pin id="1316" dir="1" index="2" bw="32" slack="1"/>
</pin_list>
<bind>
<opcode="fmul(13) " fcode="fmul"/>
<opset="mul35_27/58 "/>
</bind>
</comp>

<comp id="1318" class="1004" name="grp_fu_1318">
<pin_list>
<pin id="1319" dir="0" index="0" bw="32" slack="0"/>
<pin id="1320" dir="0" index="1" bw="32" slack="59"/>
<pin id="1321" dir="1" index="2" bw="32" slack="1"/>
</pin_list>
<bind>
<opcode="fmul(13) " fcode="fmul"/>
<opset="mul35_28/60 "/>
</bind>
</comp>

<comp id="1323" class="1004" name="grp_fu_1323">
<pin_list>
<pin id="1324" dir="0" index="0" bw="32" slack="0"/>
<pin id="1325" dir="0" index="1" bw="32" slack="59"/>
<pin id="1326" dir="1" index="2" bw="32" slack="3"/>
</pin_list>
<bind>
<opcode="fmul(13) " fcode="fmul"/>
<opset="mul35_29/60 "/>
</bind>
</comp>

<comp id="1328" class="1004" name="grp_fu_1328">
<pin_list>
<pin id="1329" dir="0" index="0" bw="32" slack="0"/>
<pin id="1330" dir="0" index="1" bw="32" slack="59"/>
<pin id="1331" dir="1" index="2" bw="32" slack="5"/>
</pin_list>
<bind>
<opcode="fmul(13) " fcode="fmul"/>
<opset="mul35_30/60 "/>
</bind>
</comp>

<comp id="1333" class="1004" name="tmp_4_fu_1333">
<pin_list>
<pin id="1334" dir="0" index="0" bw="32" slack="6"/>
<pin id="1335" dir="0" index="1" bw="32" slack="0"/>
<pin id="1336" dir="1" index="2" bw="1" slack="0"/>
</pin_list>
<bind>
<opcode="fcmp(46) " fcode="fcmp"/>
<opset="tmp_4/73 "/>
</bind>
</comp>

<comp id="1338" class="1004" name="grp_fu_1338">
<pin_list>
<pin id="1339" dir="0" index="0" bw="32" slack="0"/>
<pin id="1340" dir="0" index="1" bw="32" slack="1"/>
<pin id="1341" dir="1" index="2" bw="32" slack="1"/>
</pin_list>
<bind>
<opcode="fexp(507) " fcode="fexp"/>
<opset="tmp/68 "/>
</bind>
</comp>

<comp id="1343" class="1004" name="store_ln736_store_fu_1343">
<pin_list>
<pin id="1344" dir="0" index="0" bw="1" slack="0"/>
<pin id="1345" dir="0" index="1" bw="5" slack="0"/>
<pin id="1346" dir="1" index="2" bw="0" slack="2147483647"/>
</pin_list>
<bind>
<opcode="store(28) " fcode="store"/>
<opset="store_ln736/1 "/>
</bind>
</comp>

<comp id="1348" class="1004" name="i_load_fu_1348">
<pin_list>
<pin id="1349" dir="0" index="0" bw="5" slack="0"/>
<pin id="1350" dir="1" index="1" bw="5" slack="0"/>
</pin_list>
<bind>
<opcode="load(27) " fcode="load"/>
<opset="i/1 "/>
</bind>
</comp>

<comp id="1351" class="1004" name="icmp_ln736_fu_1351">
<pin_list>
<pin id="1352" dir="0" index="0" bw="5" slack="0"/>
<pin id="1353" dir="0" index="1" bw="5" slack="0"/>
<pin id="1354" dir="1" index="2" bw="1" slack="71"/>
</pin_list>
<bind>
<opcode="icmp(45) " fcode="icmp"/>
<opset="icmp_ln736/1 "/>
</bind>
</comp>

<comp id="1357" class="1004" name="add_ln736_fu_1357">
<pin_list>
<pin id="1358" dir="0" index="0" bw="5" slack="0"/>
<pin id="1359" dir="0" index="1" bw="1" slack="0"/>
<pin id="1360" dir="1" index="2" bw="5" slack="0"/>
</pin_list>
<bind>
<opcode="add(8) " fcode="add"/>
<opset="add_ln736/1 "/>
</bind>
</comp>

<comp id="1363" class="1004" name="zext_ln736_fu_1363">
<pin_list>
<pin id="1364" dir="0" index="0" bw="5" slack="0"/>
<pin id="1365" dir="1" index="1" bw="64" slack="0"/>
</pin_list>
<bind>
<opcode="zext(34) " fcode="zext"/>
<opset="zext_ln736/1 "/>
</bind>
</comp>

<comp id="1368" class="1004" name="trunc_ln736_fu_1368">
<pin_list>
<pin id="1369" dir="0" index="0" bw="5" slack="0"/>
<pin id="1370" dir="1" index="1" bw="4" slack="72"/>
</pin_list>
<bind>
<opcode="trunc(33) " fcode="trunc"/>
<opset="trunc_ln736/1 "/>
</bind>
</comp>

<comp id="1372" class="1004" name="store_ln736_store_fu_1372">
<pin_list>
<pin id="1373" dir="0" index="0" bw="5" slack="0"/>
<pin id="1374" dir="0" index="1" bw="5" slack="0"/>
<pin id="1375" dir="1" index="2" bw="0" slack="2147483647"/>
</pin_list>
<bind>
<opcode="store(28) " fcode="store"/>
<opset="store_ln736/1 "/>
</bind>
</comp>

<comp id="1377" class="1004" name="bitcast_ln545_fu_1377">
<pin_list>
<pin id="1378" dir="0" index="0" bw="32" slack="6"/>
<pin id="1379" dir="1" index="1" bw="32" slack="0"/>
</pin_list>
<bind>
<opcode="bitcast(44) " fcode="bitcast"/>
<opset="bitcast_ln545/73 "/>
</bind>
</comp>

<comp id="1380" class="1004" name="tmp_s_fu_1380">
<pin_list>
<pin id="1381" dir="0" index="0" bw="8" slack="0"/>
<pin id="1382" dir="0" index="1" bw="32" slack="0"/>
<pin id="1383" dir="0" index="2" bw="6" slack="0"/>
<pin id="1384" dir="0" index="3" bw="6" slack="0"/>
<pin id="1385" dir="1" index="4" bw="8" slack="0"/>
</pin_list>
<bind>
<opcode="partselect(1002) " fcode="partselect"/>
<opset="tmp_s/73 "/>
</bind>
</comp>

<comp id="1390" class="1004" name="trunc_ln545_fu_1390">
<pin_list>
<pin id="1391" dir="0" index="0" bw="32" slack="0"/>
<pin id="1392" dir="1" index="1" bw="23" slack="0"/>
</pin_list>
<bind>
<opcode="trunc(33) " fcode="trunc"/>
<opset="trunc_ln545/73 "/>
</bind>
</comp>

<comp id="1394" class="1004" name="icmp_ln545_fu_1394">
<pin_list>
<pin id="1395" dir="0" index="0" bw="8" slack="0"/>
<pin id="1396" dir="0" index="1" bw="1" slack="0"/>
<pin id="1397" dir="1" index="2" bw="1" slack="0"/>
</pin_list>
<bind>
<opcode="icmp(45) " fcode="icmp"/>
<opset="icmp_ln545/73 "/>
</bind>
</comp>

<comp id="1400" class="1004" name="icmp_ln545_8_fu_1400">
<pin_list>
<pin id="1401" dir="0" index="0" bw="23" slack="0"/>
<pin id="1402" dir="0" index="1" bw="1" slack="0"/>
<pin id="1403" dir="1" index="2" bw="1" slack="0"/>
</pin_list>
<bind>
<opcode="icmp(45) " fcode="icmp"/>
<opset="icmp_ln545_8/73 "/>
</bind>
</comp>

<comp id="1406" class="1004" name="or_ln545_fu_1406">
<pin_list>
<pin id="1407" dir="0" index="0" bw="1" slack="0"/>
<pin id="1408" dir="0" index="1" bw="1" slack="0"/>
<pin id="1409" dir="1" index="2" bw="1" slack="0"/>
</pin_list>
<bind>
<opcode="or(24) " fcode="or"/>
<opset="or_ln545/73 "/>
</bind>
</comp>

<comp id="1412" class="1004" name="and_ln545_fu_1412">
<pin_list>
<pin id="1413" dir="0" index="0" bw="1" slack="0"/>
<pin id="1414" dir="0" index="1" bw="1" slack="0"/>
<pin id="1415" dir="1" index="2" bw="1" slack="0"/>
</pin_list>
<bind>
<opcode="and(23) " fcode="and"/>
<opset="and_ln545/73 "/>
</bind>
</comp>

<comp id="1418" class="1004" name="l2_fu_1418">
<pin_list>
<pin id="1419" dir="0" index="0" bw="1" slack="0"/>
<pin id="1420" dir="0" index="1" bw="32" slack="6"/>
<pin id="1421" dir="0" index="2" bw="32" slack="0"/>
<pin id="1422" dir="1" index="3" bw="32" slack="0"/>
</pin_list>
<bind>
<opcode="select(49) " fcode="select"/>
<opset="l2/73 "/>
</bind>
</comp>

<comp id="1425" class="1004" name="store_ln545_store_fu_1425">
<pin_list>
<pin id="1426" dir="0" index="0" bw="32" slack="0"/>
<pin id="1427" dir="0" index="1" bw="32" slack="72"/>
<pin id="1428" dir="1" index="2" bw="0" slack="2147483647"/>
</pin_list>
<bind>
<opcode="store(28) " fcode="store"/>
<opset="store_ln545/73 "/>
</bind>
</comp>

<comp id="1430" class="1004" name="store_ln545_store_fu_1430">
<pin_list>
<pin id="1431" dir="0" index="0" bw="32" slack="0"/>
<pin id="1432" dir="0" index="1" bw="32" slack="72"/>
<pin id="1433" dir="1" index="2" bw="0" slack="2147483647"/>
</pin_list>
<bind>
<opcode="store(28) " fcode="store"/>
<opset="store_ln545/73 "/>
</bind>
</comp>

<comp id="1435" class="1004" name="store_ln545_store_fu_1435">
<pin_list>
<pin id="1436" dir="0" index="0" bw="32" slack="0"/>
<pin id="1437" dir="0" index="1" bw="32" slack="72"/>
<pin id="1438" dir="1" index="2" bw="0" slack="2147483647"/>
</pin_list>
<bind>
<opcode="store(28) " fcode="store"/>
<opset="store_ln545/73 "/>
</bind>
</comp>

<comp id="1440" class="1004" name="store_ln545_store_fu_1440">
<pin_list>
<pin id="1441" dir="0" index="0" bw="32" slack="0"/>
<pin id="1442" dir="0" index="1" bw="32" slack="72"/>
<pin id="1443" dir="1" index="2" bw="0" slack="2147483647"/>
</pin_list>
<bind>
<opcode="store(28) " fcode="store"/>
<opset="store_ln545/73 "/>
</bind>
</comp>

<comp id="1445" class="1004" name="store_ln545_store_fu_1445">
<pin_list>
<pin id="1446" dir="0" index="0" bw="32" slack="0"/>
<pin id="1447" dir="0" index="1" bw="32" slack="72"/>
<pin id="1448" dir="1" index="2" bw="0" slack="2147483647"/>
</pin_list>
<bind>
<opcode="store(28) " fcode="store"/>
<opset="store_ln545/73 "/>
</bind>
</comp>

<comp id="1450" class="1004" name="store_ln545_store_fu_1450">
<pin_list>
<pin id="1451" dir="0" index="0" bw="32" slack="0"/>
<pin id="1452" dir="0" index="1" bw="32" slack="72"/>
<pin id="1453" dir="1" index="2" bw="0" slack="2147483647"/>
</pin_list>
<bind>
<opcode="store(28) " fcode="store"/>
<opset="store_ln545/73 "/>
</bind>
</comp>

<comp id="1455" class="1004" name="store_ln545_store_fu_1455">
<pin_list>
<pin id="1456" dir="0" index="0" bw="32" slack="0"/>
<pin id="1457" dir="0" index="1" bw="32" slack="72"/>
<pin id="1458" dir="1" index="2" bw="0" slack="2147483647"/>
</pin_list>
<bind>
<opcode="store(28) " fcode="store"/>
<opset="store_ln545/73 "/>
</bind>
</comp>

<comp id="1460" class="1004" name="store_ln545_store_fu_1460">
<pin_list>
<pin id="1461" dir="0" index="0" bw="32" slack="0"/>
<pin id="1462" dir="0" index="1" bw="32" slack="72"/>
<pin id="1463" dir="1" index="2" bw="0" slack="2147483647"/>
</pin_list>
<bind>
<opcode="store(28) " fcode="store"/>
<opset="store_ln545/73 "/>
</bind>
</comp>

<comp id="1465" class="1004" name="store_ln545_store_fu_1465">
<pin_list>
<pin id="1466" dir="0" index="0" bw="32" slack="0"/>
<pin id="1467" dir="0" index="1" bw="32" slack="72"/>
<pin id="1468" dir="1" index="2" bw="0" slack="2147483647"/>
</pin_list>
<bind>
<opcode="store(28) " fcode="store"/>
<opset="store_ln545/73 "/>
</bind>
</comp>

<comp id="1470" class="1004" name="store_ln545_store_fu_1470">
<pin_list>
<pin id="1471" dir="0" index="0" bw="32" slack="0"/>
<pin id="1472" dir="0" index="1" bw="32" slack="72"/>
<pin id="1473" dir="1" index="2" bw="0" slack="2147483647"/>
</pin_list>
<bind>
<opcode="store(28) " fcode="store"/>
<opset="store_ln545/73 "/>
</bind>
</comp>

<comp id="1475" class="1004" name="store_ln545_store_fu_1475">
<pin_list>
<pin id="1476" dir="0" index="0" bw="32" slack="0"/>
<pin id="1477" dir="0" index="1" bw="32" slack="72"/>
<pin id="1478" dir="1" index="2" bw="0" slack="2147483647"/>
</pin_list>
<bind>
<opcode="store(28) " fcode="store"/>
<opset="store_ln545/73 "/>
</bind>
</comp>

<comp id="1480" class="1004" name="store_ln545_store_fu_1480">
<pin_list>
<pin id="1481" dir="0" index="0" bw="32" slack="0"/>
<pin id="1482" dir="0" index="1" bw="32" slack="72"/>
<pin id="1483" dir="1" index="2" bw="0" slack="2147483647"/>
</pin_list>
<bind>
<opcode="store(28) " fcode="store"/>
<opset="store_ln545/73 "/>
</bind>
</comp>

<comp id="1485" class="1004" name="store_ln545_store_fu_1485">
<pin_list>
<pin id="1486" dir="0" index="0" bw="32" slack="0"/>
<pin id="1487" dir="0" index="1" bw="32" slack="72"/>
<pin id="1488" dir="1" index="2" bw="0" slack="2147483647"/>
</pin_list>
<bind>
<opcode="store(28) " fcode="store"/>
<opset="store_ln545/73 "/>
</bind>
</comp>

<comp id="1490" class="1004" name="store_ln545_store_fu_1490">
<pin_list>
<pin id="1491" dir="0" index="0" bw="32" slack="0"/>
<pin id="1492" dir="0" index="1" bw="32" slack="72"/>
<pin id="1493" dir="1" index="2" bw="0" slack="2147483647"/>
</pin_list>
<bind>
<opcode="store(28) " fcode="store"/>
<opset="store_ln545/73 "/>
</bind>
</comp>

<comp id="1495" class="1004" name="store_ln545_store_fu_1495">
<pin_list>
<pin id="1496" dir="0" index="0" bw="32" slack="0"/>
<pin id="1497" dir="0" index="1" bw="32" slack="72"/>
<pin id="1498" dir="1" index="2" bw="0" slack="2147483647"/>
</pin_list>
<bind>
<opcode="store(28) " fcode="store"/>
<opset="store_ln545/73 "/>
</bind>
</comp>

<comp id="1500" class="1004" name="store_ln545_store_fu_1500">
<pin_list>
<pin id="1501" dir="0" index="0" bw="32" slack="0"/>
<pin id="1502" dir="0" index="1" bw="32" slack="72"/>
<pin id="1503" dir="1" index="2" bw="0" slack="2147483647"/>
</pin_list>
<bind>
<opcode="store(28) " fcode="store"/>
<opset="store_ln545/73 "/>
</bind>
</comp>

<comp id="1505" class="1004" name="mux_case_01162_load_load_fu_1505">
<pin_list>
<pin id="1506" dir="0" index="0" bw="32" slack="71"/>
<pin id="1507" dir="1" index="1" bw="32" slack="0"/>
</pin_list>
<bind>
<opcode="load(27) " fcode="load"/>
<opset="mux_case_01162_load/72 "/>
</bind>
</comp>

<comp id="1509" class="1004" name="mux_case_110166_load_load_fu_1509">
<pin_list>
<pin id="1510" dir="0" index="0" bw="32" slack="71"/>
<pin id="1511" dir="1" index="1" bw="32" slack="0"/>
</pin_list>
<bind>
<opcode="load(27) " fcode="load"/>
<opset="mux_case_110166_load/72 "/>
</bind>
</comp>

<comp id="1513" class="1004" name="mux_case_211170_load_load_fu_1513">
<pin_list>
<pin id="1514" dir="0" index="0" bw="32" slack="71"/>
<pin id="1515" dir="1" index="1" bw="32" slack="0"/>
</pin_list>
<bind>
<opcode="load(27) " fcode="load"/>
<opset="mux_case_211170_load/72 "/>
</bind>
</comp>

<comp id="1517" class="1004" name="mux_case_312174_load_load_fu_1517">
<pin_list>
<pin id="1518" dir="0" index="0" bw="32" slack="71"/>
<pin id="1519" dir="1" index="1" bw="32" slack="0"/>
</pin_list>
<bind>
<opcode="load(27) " fcode="load"/>
<opset="mux_case_312174_load/72 "/>
</bind>
</comp>

<comp id="1521" class="1004" name="mux_case_413178_load_load_fu_1521">
<pin_list>
<pin id="1522" dir="0" index="0" bw="32" slack="71"/>
<pin id="1523" dir="1" index="1" bw="32" slack="0"/>
</pin_list>
<bind>
<opcode="load(27) " fcode="load"/>
<opset="mux_case_413178_load/72 "/>
</bind>
</comp>

<comp id="1525" class="1004" name="mux_case_514182_load_load_fu_1525">
<pin_list>
<pin id="1526" dir="0" index="0" bw="32" slack="71"/>
<pin id="1527" dir="1" index="1" bw="32" slack="0"/>
</pin_list>
<bind>
<opcode="load(27) " fcode="load"/>
<opset="mux_case_514182_load/72 "/>
</bind>
</comp>

<comp id="1529" class="1004" name="mux_case_615186_load_load_fu_1529">
<pin_list>
<pin id="1530" dir="0" index="0" bw="32" slack="71"/>
<pin id="1531" dir="1" index="1" bw="32" slack="0"/>
</pin_list>
<bind>
<opcode="load(27) " fcode="load"/>
<opset="mux_case_615186_load/72 "/>
</bind>
</comp>

<comp id="1533" class="1004" name="mux_case_716190_load_load_fu_1533">
<pin_list>
<pin id="1534" dir="0" index="0" bw="32" slack="71"/>
<pin id="1535" dir="1" index="1" bw="32" slack="0"/>
</pin_list>
<bind>
<opcode="load(27) " fcode="load"/>
<opset="mux_case_716190_load/72 "/>
</bind>
</comp>

<comp id="1537" class="1004" name="mux_case_817194_load_load_fu_1537">
<pin_list>
<pin id="1538" dir="0" index="0" bw="32" slack="71"/>
<pin id="1539" dir="1" index="1" bw="32" slack="0"/>
</pin_list>
<bind>
<opcode="load(27) " fcode="load"/>
<opset="mux_case_817194_load/72 "/>
</bind>
</comp>

<comp id="1541" class="1004" name="mux_case_918198_load_load_fu_1541">
<pin_list>
<pin id="1542" dir="0" index="0" bw="32" slack="71"/>
<pin id="1543" dir="1" index="1" bw="32" slack="0"/>
</pin_list>
<bind>
<opcode="load(27) " fcode="load"/>
<opset="mux_case_918198_load/72 "/>
</bind>
</comp>

<comp id="1545" class="1004" name="mux_case_1019202_load_load_fu_1545">
<pin_list>
<pin id="1546" dir="0" index="0" bw="32" slack="71"/>
<pin id="1547" dir="1" index="1" bw="32" slack="0"/>
</pin_list>
<bind>
<opcode="load(27) " fcode="load"/>
<opset="mux_case_1019202_load/72 "/>
</bind>
</comp>

<comp id="1549" class="1004" name="mux_case_1120206_load_load_fu_1549">
<pin_list>
<pin id="1550" dir="0" index="0" bw="32" slack="71"/>
<pin id="1551" dir="1" index="1" bw="32" slack="0"/>
</pin_list>
<bind>
<opcode="load(27) " fcode="load"/>
<opset="mux_case_1120206_load/72 "/>
</bind>
</comp>

<comp id="1553" class="1004" name="mux_case_1221210_load_load_fu_1553">
<pin_list>
<pin id="1554" dir="0" index="0" bw="32" slack="71"/>
<pin id="1555" dir="1" index="1" bw="32" slack="0"/>
</pin_list>
<bind>
<opcode="load(27) " fcode="load"/>
<opset="mux_case_1221210_load/72 "/>
</bind>
</comp>

<comp id="1557" class="1004" name="mux_case_1322214_load_load_fu_1557">
<pin_list>
<pin id="1558" dir="0" index="0" bw="32" slack="71"/>
<pin id="1559" dir="1" index="1" bw="32" slack="0"/>
</pin_list>
<bind>
<opcode="load(27) " fcode="load"/>
<opset="mux_case_1322214_load/72 "/>
</bind>
</comp>

<comp id="1561" class="1004" name="mux_case_1423218_load_load_fu_1561">
<pin_list>
<pin id="1562" dir="0" index="0" bw="32" slack="71"/>
<pin id="1563" dir="1" index="1" bw="32" slack="0"/>
</pin_list>
<bind>
<opcode="load(27) " fcode="load"/>
<opset="mux_case_1423218_load/72 "/>
</bind>
</comp>

<comp id="1565" class="1004" name="mux_case_1524222_load_load_fu_1565">
<pin_list>
<pin id="1566" dir="0" index="0" bw="32" slack="71"/>
<pin id="1567" dir="1" index="1" bw="32" slack="0"/>
</pin_list>
<bind>
<opcode="load(27) " fcode="load"/>
<opset="mux_case_1524222_load/72 "/>
</bind>
</comp>

<comp id="1569" class="1005" name="i_1_reg_1569">
<pin_list>
<pin id="1570" dir="0" index="0" bw="5" slack="0"/>
<pin id="1571" dir="1" index="1" bw="5" slack="0"/>
</pin_list>
<bind>
<opset="i_1 "/>
</bind>
</comp>

<comp id="1576" class="1005" name="mux_case_01162_reg_1576">
<pin_list>
<pin id="1577" dir="0" index="0" bw="32" slack="71"/>
<pin id="1578" dir="1" index="1" bw="32" slack="71"/>
</pin_list>
<bind>
<opset="mux_case_01162 "/>
</bind>
</comp>

<comp id="1582" class="1005" name="mux_case_110166_reg_1582">
<pin_list>
<pin id="1583" dir="0" index="0" bw="32" slack="71"/>
<pin id="1584" dir="1" index="1" bw="32" slack="71"/>
</pin_list>
<bind>
<opset="mux_case_110166 "/>
</bind>
</comp>

<comp id="1588" class="1005" name="mux_case_211170_reg_1588">
<pin_list>
<pin id="1589" dir="0" index="0" bw="32" slack="71"/>
<pin id="1590" dir="1" index="1" bw="32" slack="71"/>
</pin_list>
<bind>
<opset="mux_case_211170 "/>
</bind>
</comp>

<comp id="1594" class="1005" name="mux_case_312174_reg_1594">
<pin_list>
<pin id="1595" dir="0" index="0" bw="32" slack="71"/>
<pin id="1596" dir="1" index="1" bw="32" slack="71"/>
</pin_list>
<bind>
<opset="mux_case_312174 "/>
</bind>
</comp>

<comp id="1600" class="1005" name="mux_case_413178_reg_1600">
<pin_list>
<pin id="1601" dir="0" index="0" bw="32" slack="71"/>
<pin id="1602" dir="1" index="1" bw="32" slack="71"/>
</pin_list>
<bind>
<opset="mux_case_413178 "/>
</bind>
</comp>

<comp id="1606" class="1005" name="mux_case_514182_reg_1606">
<pin_list>
<pin id="1607" dir="0" index="0" bw="32" slack="71"/>
<pin id="1608" dir="1" index="1" bw="32" slack="71"/>
</pin_list>
<bind>
<opset="mux_case_514182 "/>
</bind>
</comp>

<comp id="1612" class="1005" name="mux_case_615186_reg_1612">
<pin_list>
<pin id="1613" dir="0" index="0" bw="32" slack="71"/>
<pin id="1614" dir="1" index="1" bw="32" slack="71"/>
</pin_list>
<bind>
<opset="mux_case_615186 "/>
</bind>
</comp>

<comp id="1618" class="1005" name="mux_case_716190_reg_1618">
<pin_list>
<pin id="1619" dir="0" index="0" bw="32" slack="71"/>
<pin id="1620" dir="1" index="1" bw="32" slack="71"/>
</pin_list>
<bind>
<opset="mux_case_716190 "/>
</bind>
</comp>

<comp id="1624" class="1005" name="mux_case_817194_reg_1624">
<pin_list>
<pin id="1625" dir="0" index="0" bw="32" slack="71"/>
<pin id="1626" dir="1" index="1" bw="32" slack="71"/>
</pin_list>
<bind>
<opset="mux_case_817194 "/>
</bind>
</comp>

<comp id="1630" class="1005" name="mux_case_918198_reg_1630">
<pin_list>
<pin id="1631" dir="0" index="0" bw="32" slack="71"/>
<pin id="1632" dir="1" index="1" bw="32" slack="71"/>
</pin_list>
<bind>
<opset="mux_case_918198 "/>
</bind>
</comp>

<comp id="1636" class="1005" name="mux_case_1019202_reg_1636">
<pin_list>
<pin id="1637" dir="0" index="0" bw="32" slack="71"/>
<pin id="1638" dir="1" index="1" bw="32" slack="71"/>
</pin_list>
<bind>
<opset="mux_case_1019202 "/>
</bind>
</comp>

<comp id="1642" class="1005" name="mux_case_1120206_reg_1642">
<pin_list>
<pin id="1643" dir="0" index="0" bw="32" slack="71"/>
<pin id="1644" dir="1" index="1" bw="32" slack="71"/>
</pin_list>
<bind>
<opset="mux_case_1120206 "/>
</bind>
</comp>

<comp id="1648" class="1005" name="mux_case_1221210_reg_1648">
<pin_list>
<pin id="1649" dir="0" index="0" bw="32" slack="71"/>
<pin id="1650" dir="1" index="1" bw="32" slack="71"/>
</pin_list>
<bind>
<opset="mux_case_1221210 "/>
</bind>
</comp>

<comp id="1654" class="1005" name="mux_case_1322214_reg_1654">
<pin_list>
<pin id="1655" dir="0" index="0" bw="32" slack="71"/>
<pin id="1656" dir="1" index="1" bw="32" slack="71"/>
</pin_list>
<bind>
<opset="mux_case_1322214 "/>
</bind>
</comp>

<comp id="1660" class="1005" name="mux_case_1423218_reg_1660">
<pin_list>
<pin id="1661" dir="0" index="0" bw="32" slack="71"/>
<pin id="1662" dir="1" index="1" bw="32" slack="71"/>
</pin_list>
<bind>
<opset="mux_case_1423218 "/>
</bind>
</comp>

<comp id="1666" class="1005" name="mux_case_1524222_reg_1666">
<pin_list>
<pin id="1667" dir="0" index="0" bw="32" slack="71"/>
<pin id="1668" dir="1" index="1" bw="32" slack="71"/>
</pin_list>
<bind>
<opset="mux_case_1524222 "/>
</bind>
</comp>

<comp id="1672" class="1005" name="mux_case_31158_read_reg_1672">
<pin_list>
<pin id="1673" dir="0" index="0" bw="32" slack="59"/>
<pin id="1674" dir="1" index="1" bw="32" slack="59"/>
</pin_list>
<bind>
<opset="mux_case_31158_read "/>
</bind>
</comp>

<comp id="1677" class="1005" name="mux_case_30154_read_reg_1677">
<pin_list>
<pin id="1678" dir="0" index="0" bw="32" slack="59"/>
<pin id="1679" dir="1" index="1" bw="32" slack="59"/>
</pin_list>
<bind>
<opset="mux_case_30154_read "/>
</bind>
</comp>

<comp id="1682" class="1005" name="mux_case_29150_read_reg_1682">
<pin_list>
<pin id="1683" dir="0" index="0" bw="32" slack="59"/>
<pin id="1684" dir="1" index="1" bw="32" slack="59"/>
</pin_list>
<bind>
<opset="mux_case_29150_read "/>
</bind>
</comp>

<comp id="1687" class="1005" name="mux_case_28146_read_reg_1687">
<pin_list>
<pin id="1688" dir="0" index="0" bw="32" slack="57"/>
<pin id="1689" dir="1" index="1" bw="32" slack="57"/>
</pin_list>
<bind>
<opset="mux_case_28146_read "/>
</bind>
</comp>

<comp id="1692" class="1005" name="mux_case_27142_read_reg_1692">
<pin_list>
<pin id="1693" dir="0" index="0" bw="32" slack="55"/>
<pin id="1694" dir="1" index="1" bw="32" slack="55"/>
</pin_list>
<bind>
<opset="mux_case_27142_read "/>
</bind>
</comp>

<comp id="1697" class="1005" name="mux_case_26138_read_reg_1697">
<pin_list>
<pin id="1698" dir="0" index="0" bw="32" slack="53"/>
<pin id="1699" dir="1" index="1" bw="32" slack="53"/>
</pin_list>
<bind>
<opset="mux_case_26138_read "/>
</bind>
</comp>

<comp id="1702" class="1005" name="mux_case_25134_read_reg_1702">
<pin_list>
<pin id="1703" dir="0" index="0" bw="32" slack="51"/>
<pin id="1704" dir="1" index="1" bw="32" slack="51"/>
</pin_list>
<bind>
<opset="mux_case_25134_read "/>
</bind>
</comp>

<comp id="1707" class="1005" name="mux_case_24130_read_reg_1707">
<pin_list>
<pin id="1708" dir="0" index="0" bw="32" slack="49"/>
<pin id="1709" dir="1" index="1" bw="32" slack="49"/>
</pin_list>
<bind>
<opset="mux_case_24130_read "/>
</bind>
</comp>

<comp id="1712" class="1005" name="mux_case_23126_read_reg_1712">
<pin_list>
<pin id="1713" dir="0" index="0" bw="32" slack="47"/>
<pin id="1714" dir="1" index="1" bw="32" slack="47"/>
</pin_list>
<bind>
<opset="mux_case_23126_read "/>
</bind>
</comp>

<comp id="1717" class="1005" name="mux_case_22122_read_reg_1717">
<pin_list>
<pin id="1718" dir="0" index="0" bw="32" slack="45"/>
<pin id="1719" dir="1" index="1" bw="32" slack="45"/>
</pin_list>
<bind>
<opset="mux_case_22122_read "/>
</bind>
</comp>

<comp id="1722" class="1005" name="mux_case_21118_read_reg_1722">
<pin_list>
<pin id="1723" dir="0" index="0" bw="32" slack="43"/>
<pin id="1724" dir="1" index="1" bw="32" slack="43"/>
</pin_list>
<bind>
<opset="mux_case_21118_read "/>
</bind>
</comp>

<comp id="1727" class="1005" name="mux_case_20114_read_reg_1727">
<pin_list>
<pin id="1728" dir="0" index="0" bw="32" slack="41"/>
<pin id="1729" dir="1" index="1" bw="32" slack="41"/>
</pin_list>
<bind>
<opset="mux_case_20114_read "/>
</bind>
</comp>

<comp id="1732" class="1005" name="mux_case_19110_read_reg_1732">
<pin_list>
<pin id="1733" dir="0" index="0" bw="32" slack="39"/>
<pin id="1734" dir="1" index="1" bw="32" slack="39"/>
</pin_list>
<bind>
<opset="mux_case_19110_read "/>
</bind>
</comp>

<comp id="1737" class="1005" name="mux_case_18106_read_reg_1737">
<pin_list>
<pin id="1738" dir="0" index="0" bw="32" slack="37"/>
<pin id="1739" dir="1" index="1" bw="32" slack="37"/>
</pin_list>
<bind>
<opset="mux_case_18106_read "/>
</bind>
</comp>

<comp id="1742" class="1005" name="mux_case_17102_read_reg_1742">
<pin_list>
<pin id="1743" dir="0" index="0" bw="32" slack="35"/>
<pin id="1744" dir="1" index="1" bw="32" slack="35"/>
</pin_list>
<bind>
<opset="mux_case_17102_read "/>
</bind>
</comp>

<comp id="1747" class="1005" name="mux_case_1698_read_reg_1747">
<pin_list>
<pin id="1748" dir="0" index="0" bw="32" slack="33"/>
<pin id="1749" dir="1" index="1" bw="32" slack="33"/>
</pin_list>
<bind>
<opset="mux_case_1698_read "/>
</bind>
</comp>

<comp id="1752" class="1005" name="mux_case_1594_read_reg_1752">
<pin_list>
<pin id="1753" dir="0" index="0" bw="32" slack="31"/>
<pin id="1754" dir="1" index="1" bw="32" slack="31"/>
</pin_list>
<bind>
<opset="mux_case_1594_read "/>
</bind>
</comp>

<comp id="1757" class="1005" name="mux_case_1490_read_reg_1757">
<pin_list>
<pin id="1758" dir="0" index="0" bw="32" slack="29"/>
<pin id="1759" dir="1" index="1" bw="32" slack="29"/>
</pin_list>
<bind>
<opset="mux_case_1490_read "/>
</bind>
</comp>

<comp id="1762" class="1005" name="mux_case_1386_read_reg_1762">
<pin_list>
<pin id="1763" dir="0" index="0" bw="32" slack="27"/>
<pin id="1764" dir="1" index="1" bw="32" slack="27"/>
</pin_list>
<bind>
<opset="mux_case_1386_read "/>
</bind>
</comp>

<comp id="1767" class="1005" name="mux_case_1282_read_reg_1767">
<pin_list>
<pin id="1768" dir="0" index="0" bw="32" slack="25"/>
<pin id="1769" dir="1" index="1" bw="32" slack="25"/>
</pin_list>
<bind>
<opset="mux_case_1282_read "/>
</bind>
</comp>

<comp id="1772" class="1005" name="mux_case_1178_read_reg_1772">
<pin_list>
<pin id="1773" dir="0" index="0" bw="32" slack="23"/>
<pin id="1774" dir="1" index="1" bw="32" slack="23"/>
</pin_list>
<bind>
<opset="mux_case_1178_read "/>
</bind>
</comp>

<comp id="1777" class="1005" name="mux_case_1074_read_reg_1777">
<pin_list>
<pin id="1778" dir="0" index="0" bw="32" slack="21"/>
<pin id="1779" dir="1" index="1" bw="32" slack="21"/>
</pin_list>
<bind>
<opset="mux_case_1074_read "/>
</bind>
</comp>

<comp id="1782" class="1005" name="mux_case_970_read_reg_1782">
<pin_list>
<pin id="1783" dir="0" index="0" bw="32" slack="19"/>
<pin id="1784" dir="1" index="1" bw="32" slack="19"/>
</pin_list>
<bind>
<opset="mux_case_970_read "/>
</bind>
</comp>

<comp id="1787" class="1005" name="mux_case_866_read_reg_1787">
<pin_list>
<pin id="1788" dir="0" index="0" bw="32" slack="17"/>
<pin id="1789" dir="1" index="1" bw="32" slack="17"/>
</pin_list>
<bind>
<opset="mux_case_866_read "/>
</bind>
</comp>

<comp id="1792" class="1005" name="mux_case_762_read_reg_1792">
<pin_list>
<pin id="1793" dir="0" index="0" bw="32" slack="15"/>
<pin id="1794" dir="1" index="1" bw="32" slack="15"/>
</pin_list>
<bind>
<opset="mux_case_762_read "/>
</bind>
</comp>

<comp id="1797" class="1005" name="mux_case_658_read_reg_1797">
<pin_list>
<pin id="1798" dir="0" index="0" bw="32" slack="13"/>
<pin id="1799" dir="1" index="1" bw="32" slack="13"/>
</pin_list>
<bind>
<opset="mux_case_658_read "/>
</bind>
</comp>

<comp id="1802" class="1005" name="mux_case_554_read_reg_1802">
<pin_list>
<pin id="1803" dir="0" index="0" bw="32" slack="11"/>
<pin id="1804" dir="1" index="1" bw="32" slack="11"/>
</pin_list>
<bind>
<opset="mux_case_554_read "/>
</bind>
</comp>

<comp id="1807" class="1005" name="mux_case_450_read_reg_1807">
<pin_list>
<pin id="1808" dir="0" index="0" bw="32" slack="9"/>
<pin id="1809" dir="1" index="1" bw="32" slack="9"/>
</pin_list>
<bind>
<opset="mux_case_450_read "/>
</bind>
</comp>

<comp id="1812" class="1005" name="mux_case_346_read_reg_1812">
<pin_list>
<pin id="1813" dir="0" index="0" bw="32" slack="7"/>
<pin id="1814" dir="1" index="1" bw="32" slack="7"/>
</pin_list>
<bind>
<opset="mux_case_346_read "/>
</bind>
</comp>

<comp id="1817" class="1005" name="mux_case_242_read_reg_1817">
<pin_list>
<pin id="1818" dir="0" index="0" bw="32" slack="5"/>
<pin id="1819" dir="1" index="1" bw="32" slack="5"/>
</pin_list>
<bind>
<opset="mux_case_242_read "/>
</bind>
</comp>

<comp id="1822" class="1005" name="mux_case_138_read_reg_1822">
<pin_list>
<pin id="1823" dir="0" index="0" bw="32" slack="3"/>
<pin id="1824" dir="1" index="1" bw="32" slack="3"/>
</pin_list>
<bind>
<opset="mux_case_138_read "/>
</bind>
</comp>

<comp id="1827" class="1005" name="mux_case_034_read_reg_1827">
<pin_list>
<pin id="1828" dir="0" index="0" bw="32" slack="1"/>
<pin id="1829" dir="1" index="1" bw="32" slack="1"/>
</pin_list>
<bind>
<opset="mux_case_034_read "/>
</bind>
</comp>

<comp id="1832" class="1005" name="icmp_ln736_reg_1832">
<pin_list>
<pin id="1833" dir="0" index="0" bw="1" slack="71"/>
<pin id="1834" dir="1" index="1" bw="1" slack="2147483647"/>
</pin_list>
<bind>
<opset="icmp_ln736 "/>
</bind>
</comp>

<comp id="1836" class="1005" name="zext_ln736_reg_1836">
<pin_list>
<pin id="1837" dir="0" index="0" bw="64" slack="2"/>
<pin id="1838" dir="1" index="1" bw="64" slack="2"/>
</pin_list>
<bind>
<opset="zext_ln736 "/>
</bind>
</comp>

<comp id="1872" class="1005" name="p_ZL9e3_lut_w1_0_addr_reg_1872">
<pin_list>
<pin id="1873" dir="0" index="0" bw="4" slack="1"/>
<pin id="1874" dir="1" index="1" bw="4" slack="1"/>
</pin_list>
<bind>
<opset="p_ZL9e3_lut_w1_0_addr "/>
</bind>
</comp>

<comp id="1877" class="1005" name="trunc_ln736_reg_1877">
<pin_list>
<pin id="1878" dir="0" index="0" bw="4" slack="72"/>
<pin id="1879" dir="1" index="1" bw="4" slack="2147483647"/>
</pin_list>
<bind>
<opset="trunc_ln736 "/>
</bind>
</comp>

<comp id="1881" class="1005" name="p_ZL9e3_lut_w1_0_load_reg_1881">
<pin_list>
<pin id="1882" dir="0" index="0" bw="32" slack="1"/>
<pin id="1883" dir="1" index="1" bw="32" slack="1"/>
</pin_list>
<bind>
<opset="p_ZL9e3_lut_w1_0_load "/>
</bind>
</comp>

<comp id="1886" class="1005" name="e3_lut_b1_addr_reg_1886">
<pin_list>
<pin id="1887" dir="0" index="0" bw="4" slack="1"/>
<pin id="1888" dir="1" index="1" bw="4" slack="1"/>
</pin_list>
<bind>
<opset="e3_lut_b1_addr "/>
</bind>
</comp>

<comp id="1891" class="1005" name="p_ZL9e3_lut_w1_1_addr_reg_1891">
<pin_list>
<pin id="1892" dir="0" index="0" bw="4" slack="1"/>
<pin id="1893" dir="1" index="1" bw="4" slack="1"/>
</pin_list>
<bind>
<opset="p_ZL9e3_lut_w1_1_addr "/>
</bind>
</comp>

<comp id="1896" class="1005" name="mul3_reg_1896">
<pin_list>
<pin id="1897" dir="0" index="0" bw="32" slack="1"/>
<pin id="1898" dir="1" index="1" bw="32" slack="1"/>
</pin_list>
<bind>
<opset="mul3 "/>
</bind>
</comp>

<comp id="1901" class="1005" name="acc_reg_1901">
<pin_list>
<pin id="1902" dir="0" index="0" bw="32" slack="1"/>
<pin id="1903" dir="1" index="1" bw="32" slack="1"/>
</pin_list>
<bind>
<opset="acc "/>
</bind>
</comp>

<comp id="1906" class="1005" name="p_ZL9e3_lut_w1_1_load_reg_1906">
<pin_list>
<pin id="1907" dir="0" index="0" bw="32" slack="1"/>
<pin id="1908" dir="1" index="1" bw="32" slack="1"/>
</pin_list>
<bind>
<opset="p_ZL9e3_lut_w1_1_load "/>
</bind>
</comp>

<comp id="1911" class="1005" name="p_ZL9e3_lut_w1_2_addr_reg_1911">
<pin_list>
<pin id="1912" dir="0" index="0" bw="4" slack="1"/>
<pin id="1913" dir="1" index="1" bw="4" slack="1"/>
</pin_list>
<bind>
<opset="p_ZL9e3_lut_w1_2_addr "/>
</bind>
</comp>

<comp id="1916" class="1005" name="acc_181_reg_1916">
<pin_list>
<pin id="1917" dir="0" index="0" bw="32" slack="1"/>
<pin id="1918" dir="1" index="1" bw="32" slack="1"/>
</pin_list>
<bind>
<opset="acc_181 "/>
</bind>
</comp>

<comp id="1921" class="1005" name="mul35_1_reg_1921">
<pin_list>
<pin id="1922" dir="0" index="0" bw="32" slack="1"/>
<pin id="1923" dir="1" index="1" bw="32" slack="1"/>
</pin_list>
<bind>
<opset="mul35_1 "/>
</bind>
</comp>

<comp id="1926" class="1005" name="p_ZL9e3_lut_w1_2_load_reg_1926">
<pin_list>
<pin id="1927" dir="0" index="0" bw="32" slack="1"/>
<pin id="1928" dir="1" index="1" bw="32" slack="1"/>
</pin_list>
<bind>
<opset="p_ZL9e3_lut_w1_2_load "/>
</bind>
</comp>

<comp id="1931" class="1005" name="p_ZL9e3_lut_w1_3_addr_reg_1931">
<pin_list>
<pin id="1932" dir="0" index="0" bw="4" slack="1"/>
<pin id="1933" dir="1" index="1" bw="4" slack="1"/>
</pin_list>
<bind>
<opset="p_ZL9e3_lut_w1_3_addr "/>
</bind>
</comp>

<comp id="1936" class="1005" name="acc_182_reg_1936">
<pin_list>
<pin id="1937" dir="0" index="0" bw="32" slack="1"/>
<pin id="1938" dir="1" index="1" bw="32" slack="1"/>
</pin_list>
<bind>
<opset="acc_182 "/>
</bind>
</comp>

<comp id="1941" class="1005" name="mul35_2_reg_1941">
<pin_list>
<pin id="1942" dir="0" index="0" bw="32" slack="1"/>
<pin id="1943" dir="1" index="1" bw="32" slack="1"/>
</pin_list>
<bind>
<opset="mul35_2 "/>
</bind>
</comp>

<comp id="1946" class="1005" name="p_ZL9e3_lut_w1_3_load_reg_1946">
<pin_list>
<pin id="1947" dir="0" index="0" bw="32" slack="1"/>
<pin id="1948" dir="1" index="1" bw="32" slack="1"/>
</pin_list>
<bind>
<opset="p_ZL9e3_lut_w1_3_load "/>
</bind>
</comp>

<comp id="1951" class="1005" name="p_ZL9e3_lut_w1_4_addr_reg_1951">
<pin_list>
<pin id="1952" dir="0" index="0" bw="4" slack="1"/>
<pin id="1953" dir="1" index="1" bw="4" slack="1"/>
</pin_list>
<bind>
<opset="p_ZL9e3_lut_w1_4_addr "/>
</bind>
</comp>

<comp id="1956" class="1005" name="acc_183_reg_1956">
<pin_list>
<pin id="1957" dir="0" index="0" bw="32" slack="1"/>
<pin id="1958" dir="1" index="1" bw="32" slack="1"/>
</pin_list>
<bind>
<opset="acc_183 "/>
</bind>
</comp>

<comp id="1961" class="1005" name="mul35_3_reg_1961">
<pin_list>
<pin id="1962" dir="0" index="0" bw="32" slack="1"/>
<pin id="1963" dir="1" index="1" bw="32" slack="1"/>
</pin_list>
<bind>
<opset="mul35_3 "/>
</bind>
</comp>

<comp id="1966" class="1005" name="p_ZL9e3_lut_w1_4_load_reg_1966">
<pin_list>
<pin id="1967" dir="0" index="0" bw="32" slack="1"/>
<pin id="1968" dir="1" index="1" bw="32" slack="1"/>
</pin_list>
<bind>
<opset="p_ZL9e3_lut_w1_4_load "/>
</bind>
</comp>

<comp id="1971" class="1005" name="p_ZL9e3_lut_w1_5_addr_reg_1971">
<pin_list>
<pin id="1972" dir="0" index="0" bw="4" slack="1"/>
<pin id="1973" dir="1" index="1" bw="4" slack="1"/>
</pin_list>
<bind>
<opset="p_ZL9e3_lut_w1_5_addr "/>
</bind>
</comp>

<comp id="1976" class="1005" name="acc_184_reg_1976">
<pin_list>
<pin id="1977" dir="0" index="0" bw="32" slack="1"/>
<pin id="1978" dir="1" index="1" bw="32" slack="1"/>
</pin_list>
<bind>
<opset="acc_184 "/>
</bind>
</comp>

<comp id="1981" class="1005" name="mul35_4_reg_1981">
<pin_list>
<pin id="1982" dir="0" index="0" bw="32" slack="1"/>
<pin id="1983" dir="1" index="1" bw="32" slack="1"/>
</pin_list>
<bind>
<opset="mul35_4 "/>
</bind>
</comp>

<comp id="1986" class="1005" name="p_ZL9e3_lut_w1_5_load_reg_1986">
<pin_list>
<pin id="1987" dir="0" index="0" bw="32" slack="1"/>
<pin id="1988" dir="1" index="1" bw="32" slack="1"/>
</pin_list>
<bind>
<opset="p_ZL9e3_lut_w1_5_load "/>
</bind>
</comp>

<comp id="1991" class="1005" name="p_ZL9e3_lut_w1_6_addr_reg_1991">
<pin_list>
<pin id="1992" dir="0" index="0" bw="4" slack="1"/>
<pin id="1993" dir="1" index="1" bw="4" slack="1"/>
</pin_list>
<bind>
<opset="p_ZL9e3_lut_w1_6_addr "/>
</bind>
</comp>

<comp id="1996" class="1005" name="acc_185_reg_1996">
<pin_list>
<pin id="1997" dir="0" index="0" bw="32" slack="1"/>
<pin id="1998" dir="1" index="1" bw="32" slack="1"/>
</pin_list>
<bind>
<opset="acc_185 "/>
</bind>
</comp>

<comp id="2001" class="1005" name="mul35_5_reg_2001">
<pin_list>
<pin id="2002" dir="0" index="0" bw="32" slack="1"/>
<pin id="2003" dir="1" index="1" bw="32" slack="1"/>
</pin_list>
<bind>
<opset="mul35_5 "/>
</bind>
</comp>

<comp id="2006" class="1005" name="p_ZL9e3_lut_w1_6_load_reg_2006">
<pin_list>
<pin id="2007" dir="0" index="0" bw="32" slack="1"/>
<pin id="2008" dir="1" index="1" bw="32" slack="1"/>
</pin_list>
<bind>
<opset="p_ZL9e3_lut_w1_6_load "/>
</bind>
</comp>

<comp id="2011" class="1005" name="p_ZL9e3_lut_w1_7_addr_reg_2011">
<pin_list>
<pin id="2012" dir="0" index="0" bw="4" slack="1"/>
<pin id="2013" dir="1" index="1" bw="4" slack="1"/>
</pin_list>
<bind>
<opset="p_ZL9e3_lut_w1_7_addr "/>
</bind>
</comp>

<comp id="2016" class="1005" name="acc_186_reg_2016">
<pin_list>
<pin id="2017" dir="0" index="0" bw="32" slack="1"/>
<pin id="2018" dir="1" index="1" bw="32" slack="1"/>
</pin_list>
<bind>
<opset="acc_186 "/>
</bind>
</comp>

<comp id="2021" class="1005" name="mul35_6_reg_2021">
<pin_list>
<pin id="2022" dir="0" index="0" bw="32" slack="1"/>
<pin id="2023" dir="1" index="1" bw="32" slack="1"/>
</pin_list>
<bind>
<opset="mul35_6 "/>
</bind>
</comp>

<comp id="2026" class="1005" name="p_ZL9e3_lut_w1_7_load_reg_2026">
<pin_list>
<pin id="2027" dir="0" index="0" bw="32" slack="1"/>
<pin id="2028" dir="1" index="1" bw="32" slack="1"/>
</pin_list>
<bind>
<opset="p_ZL9e3_lut_w1_7_load "/>
</bind>
</comp>

<comp id="2031" class="1005" name="p_ZL9e3_lut_w1_8_addr_reg_2031">
<pin_list>
<pin id="2032" dir="0" index="0" bw="4" slack="1"/>
<pin id="2033" dir="1" index="1" bw="4" slack="1"/>
</pin_list>
<bind>
<opset="p_ZL9e3_lut_w1_8_addr "/>
</bind>
</comp>

<comp id="2036" class="1005" name="acc_187_reg_2036">
<pin_list>
<pin id="2037" dir="0" index="0" bw="32" slack="1"/>
<pin id="2038" dir="1" index="1" bw="32" slack="1"/>
</pin_list>
<bind>
<opset="acc_187 "/>
</bind>
</comp>

<comp id="2041" class="1005" name="mul35_7_reg_2041">
<pin_list>
<pin id="2042" dir="0" index="0" bw="32" slack="1"/>
<pin id="2043" dir="1" index="1" bw="32" slack="1"/>
</pin_list>
<bind>
<opset="mul35_7 "/>
</bind>
</comp>

<comp id="2046" class="1005" name="p_ZL9e3_lut_w1_8_load_reg_2046">
<pin_list>
<pin id="2047" dir="0" index="0" bw="32" slack="1"/>
<pin id="2048" dir="1" index="1" bw="32" slack="1"/>
</pin_list>
<bind>
<opset="p_ZL9e3_lut_w1_8_load "/>
</bind>
</comp>

<comp id="2051" class="1005" name="p_ZL9e3_lut_w1_9_addr_reg_2051">
<pin_list>
<pin id="2052" dir="0" index="0" bw="4" slack="1"/>
<pin id="2053" dir="1" index="1" bw="4" slack="1"/>
</pin_list>
<bind>
<opset="p_ZL9e3_lut_w1_9_addr "/>
</bind>
</comp>

<comp id="2056" class="1005" name="acc_188_reg_2056">
<pin_list>
<pin id="2057" dir="0" index="0" bw="32" slack="1"/>
<pin id="2058" dir="1" index="1" bw="32" slack="1"/>
</pin_list>
<bind>
<opset="acc_188 "/>
</bind>
</comp>

<comp id="2061" class="1005" name="mul35_8_reg_2061">
<pin_list>
<pin id="2062" dir="0" index="0" bw="32" slack="1"/>
<pin id="2063" dir="1" index="1" bw="32" slack="1"/>
</pin_list>
<bind>
<opset="mul35_8 "/>
</bind>
</comp>

<comp id="2066" class="1005" name="p_ZL9e3_lut_w1_9_load_reg_2066">
<pin_list>
<pin id="2067" dir="0" index="0" bw="32" slack="1"/>
<pin id="2068" dir="1" index="1" bw="32" slack="1"/>
</pin_list>
<bind>
<opset="p_ZL9e3_lut_w1_9_load "/>
</bind>
</comp>

<comp id="2071" class="1005" name="p_ZL9e3_lut_w1_10_addr_reg_2071">
<pin_list>
<pin id="2072" dir="0" index="0" bw="4" slack="1"/>
<pin id="2073" dir="1" index="1" bw="4" slack="1"/>
</pin_list>
<bind>
<opset="p_ZL9e3_lut_w1_10_addr "/>
</bind>
</comp>

<comp id="2076" class="1005" name="acc_189_reg_2076">
<pin_list>
<pin id="2077" dir="0" index="0" bw="32" slack="1"/>
<pin id="2078" dir="1" index="1" bw="32" slack="1"/>
</pin_list>
<bind>
<opset="acc_189 "/>
</bind>
</comp>

<comp id="2081" class="1005" name="mul35_9_reg_2081">
<pin_list>
<pin id="2082" dir="0" index="0" bw="32" slack="1"/>
<pin id="2083" dir="1" index="1" bw="32" slack="1"/>
</pin_list>
<bind>
<opset="mul35_9 "/>
</bind>
</comp>

<comp id="2086" class="1005" name="p_ZL9e3_lut_w1_10_load_reg_2086">
<pin_list>
<pin id="2087" dir="0" index="0" bw="32" slack="1"/>
<pin id="2088" dir="1" index="1" bw="32" slack="1"/>
</pin_list>
<bind>
<opset="p_ZL9e3_lut_w1_10_load "/>
</bind>
</comp>

<comp id="2091" class="1005" name="p_ZL9e3_lut_w1_11_addr_reg_2091">
<pin_list>
<pin id="2092" dir="0" index="0" bw="4" slack="1"/>
<pin id="2093" dir="1" index="1" bw="4" slack="1"/>
</pin_list>
<bind>
<opset="p_ZL9e3_lut_w1_11_addr "/>
</bind>
</comp>

<comp id="2096" class="1005" name="acc_190_reg_2096">
<pin_list>
<pin id="2097" dir="0" index="0" bw="32" slack="1"/>
<pin id="2098" dir="1" index="1" bw="32" slack="1"/>
</pin_list>
<bind>
<opset="acc_190 "/>
</bind>
</comp>

<comp id="2101" class="1005" name="mul35_s_reg_2101">
<pin_list>
<pin id="2102" dir="0" index="0" bw="32" slack="1"/>
<pin id="2103" dir="1" index="1" bw="32" slack="1"/>
</pin_list>
<bind>
<opset="mul35_s "/>
</bind>
</comp>

<comp id="2106" class="1005" name="p_ZL9e3_lut_w1_11_load_reg_2106">
<pin_list>
<pin id="2107" dir="0" index="0" bw="32" slack="1"/>
<pin id="2108" dir="1" index="1" bw="32" slack="1"/>
</pin_list>
<bind>
<opset="p_ZL9e3_lut_w1_11_load "/>
</bind>
</comp>

<comp id="2111" class="1005" name="p_ZL9e3_lut_w1_12_addr_reg_2111">
<pin_list>
<pin id="2112" dir="0" index="0" bw="4" slack="1"/>
<pin id="2113" dir="1" index="1" bw="4" slack="1"/>
</pin_list>
<bind>
<opset="p_ZL9e3_lut_w1_12_addr "/>
</bind>
</comp>

<comp id="2116" class="1005" name="acc_191_reg_2116">
<pin_list>
<pin id="2117" dir="0" index="0" bw="32" slack="1"/>
<pin id="2118" dir="1" index="1" bw="32" slack="1"/>
</pin_list>
<bind>
<opset="acc_191 "/>
</bind>
</comp>

<comp id="2121" class="1005" name="mul35_10_reg_2121">
<pin_list>
<pin id="2122" dir="0" index="0" bw="32" slack="1"/>
<pin id="2123" dir="1" index="1" bw="32" slack="1"/>
</pin_list>
<bind>
<opset="mul35_10 "/>
</bind>
</comp>

<comp id="2126" class="1005" name="p_ZL9e3_lut_w1_12_load_reg_2126">
<pin_list>
<pin id="2127" dir="0" index="0" bw="32" slack="1"/>
<pin id="2128" dir="1" index="1" bw="32" slack="1"/>
</pin_list>
<bind>
<opset="p_ZL9e3_lut_w1_12_load "/>
</bind>
</comp>

<comp id="2131" class="1005" name="p_ZL9e3_lut_w1_13_addr_reg_2131">
<pin_list>
<pin id="2132" dir="0" index="0" bw="4" slack="1"/>
<pin id="2133" dir="1" index="1" bw="4" slack="1"/>
</pin_list>
<bind>
<opset="p_ZL9e3_lut_w1_13_addr "/>
</bind>
</comp>

<comp id="2136" class="1005" name="acc_192_reg_2136">
<pin_list>
<pin id="2137" dir="0" index="0" bw="32" slack="1"/>
<pin id="2138" dir="1" index="1" bw="32" slack="1"/>
</pin_list>
<bind>
<opset="acc_192 "/>
</bind>
</comp>

<comp id="2141" class="1005" name="mul35_11_reg_2141">
<pin_list>
<pin id="2142" dir="0" index="0" bw="32" slack="1"/>
<pin id="2143" dir="1" index="1" bw="32" slack="1"/>
</pin_list>
<bind>
<opset="mul35_11 "/>
</bind>
</comp>

<comp id="2146" class="1005" name="p_ZL9e3_lut_w1_13_load_reg_2146">
<pin_list>
<pin id="2147" dir="0" index="0" bw="32" slack="1"/>
<pin id="2148" dir="1" index="1" bw="32" slack="1"/>
</pin_list>
<bind>
<opset="p_ZL9e3_lut_w1_13_load "/>
</bind>
</comp>

<comp id="2151" class="1005" name="p_ZL9e3_lut_w1_14_addr_reg_2151">
<pin_list>
<pin id="2152" dir="0" index="0" bw="4" slack="1"/>
<pin id="2153" dir="1" index="1" bw="4" slack="1"/>
</pin_list>
<bind>
<opset="p_ZL9e3_lut_w1_14_addr "/>
</bind>
</comp>

<comp id="2156" class="1005" name="acc_193_reg_2156">
<pin_list>
<pin id="2157" dir="0" index="0" bw="32" slack="1"/>
<pin id="2158" dir="1" index="1" bw="32" slack="1"/>
</pin_list>
<bind>
<opset="acc_193 "/>
</bind>
</comp>

<comp id="2161" class="1005" name="mul35_12_reg_2161">
<pin_list>
<pin id="2162" dir="0" index="0" bw="32" slack="1"/>
<pin id="2163" dir="1" index="1" bw="32" slack="1"/>
</pin_list>
<bind>
<opset="mul35_12 "/>
</bind>
</comp>

<comp id="2166" class="1005" name="p_ZL9e3_lut_w1_14_load_reg_2166">
<pin_list>
<pin id="2167" dir="0" index="0" bw="32" slack="1"/>
<pin id="2168" dir="1" index="1" bw="32" slack="1"/>
</pin_list>
<bind>
<opset="p_ZL9e3_lut_w1_14_load "/>
</bind>
</comp>

<comp id="2171" class="1005" name="p_ZL9e3_lut_w1_15_addr_reg_2171">
<pin_list>
<pin id="2172" dir="0" index="0" bw="4" slack="1"/>
<pin id="2173" dir="1" index="1" bw="4" slack="1"/>
</pin_list>
<bind>
<opset="p_ZL9e3_lut_w1_15_addr "/>
</bind>
</comp>

<comp id="2176" class="1005" name="acc_194_reg_2176">
<pin_list>
<pin id="2177" dir="0" index="0" bw="32" slack="1"/>
<pin id="2178" dir="1" index="1" bw="32" slack="1"/>
</pin_list>
<bind>
<opset="acc_194 "/>
</bind>
</comp>

<comp id="2181" class="1005" name="mul35_13_reg_2181">
<pin_list>
<pin id="2182" dir="0" index="0" bw="32" slack="1"/>
<pin id="2183" dir="1" index="1" bw="32" slack="1"/>
</pin_list>
<bind>
<opset="mul35_13 "/>
</bind>
</comp>

<comp id="2186" class="1005" name="p_ZL9e3_lut_w1_15_load_reg_2186">
<pin_list>
<pin id="2187" dir="0" index="0" bw="32" slack="1"/>
<pin id="2188" dir="1" index="1" bw="32" slack="1"/>
</pin_list>
<bind>
<opset="p_ZL9e3_lut_w1_15_load "/>
</bind>
</comp>

<comp id="2191" class="1005" name="p_ZL9e3_lut_w1_16_addr_reg_2191">
<pin_list>
<pin id="2192" dir="0" index="0" bw="4" slack="1"/>
<pin id="2193" dir="1" index="1" bw="4" slack="1"/>
</pin_list>
<bind>
<opset="p_ZL9e3_lut_w1_16_addr "/>
</bind>
</comp>

<comp id="2196" class="1005" name="acc_195_reg_2196">
<pin_list>
<pin id="2197" dir="0" index="0" bw="32" slack="1"/>
<pin id="2198" dir="1" index="1" bw="32" slack="1"/>
</pin_list>
<bind>
<opset="acc_195 "/>
</bind>
</comp>

<comp id="2201" class="1005" name="mul35_14_reg_2201">
<pin_list>
<pin id="2202" dir="0" index="0" bw="32" slack="1"/>
<pin id="2203" dir="1" index="1" bw="32" slack="1"/>
</pin_list>
<bind>
<opset="mul35_14 "/>
</bind>
</comp>

<comp id="2206" class="1005" name="p_ZL9e3_lut_w1_16_load_reg_2206">
<pin_list>
<pin id="2207" dir="0" index="0" bw="32" slack="1"/>
<pin id="2208" dir="1" index="1" bw="32" slack="1"/>
</pin_list>
<bind>
<opset="p_ZL9e3_lut_w1_16_load "/>
</bind>
</comp>

<comp id="2211" class="1005" name="p_ZL9e3_lut_w1_17_addr_reg_2211">
<pin_list>
<pin id="2212" dir="0" index="0" bw="4" slack="1"/>
<pin id="2213" dir="1" index="1" bw="4" slack="1"/>
</pin_list>
<bind>
<opset="p_ZL9e3_lut_w1_17_addr "/>
</bind>
</comp>

<comp id="2216" class="1005" name="acc_196_reg_2216">
<pin_list>
<pin id="2217" dir="0" index="0" bw="32" slack="1"/>
<pin id="2218" dir="1" index="1" bw="32" slack="1"/>
</pin_list>
<bind>
<opset="acc_196 "/>
</bind>
</comp>

<comp id="2221" class="1005" name="mul35_15_reg_2221">
<pin_list>
<pin id="2222" dir="0" index="0" bw="32" slack="1"/>
<pin id="2223" dir="1" index="1" bw="32" slack="1"/>
</pin_list>
<bind>
<opset="mul35_15 "/>
</bind>
</comp>

<comp id="2226" class="1005" name="p_ZL9e3_lut_w1_17_load_reg_2226">
<pin_list>
<pin id="2227" dir="0" index="0" bw="32" slack="1"/>
<pin id="2228" dir="1" index="1" bw="32" slack="1"/>
</pin_list>
<bind>
<opset="p_ZL9e3_lut_w1_17_load "/>
</bind>
</comp>

<comp id="2231" class="1005" name="p_ZL9e3_lut_w1_18_addr_reg_2231">
<pin_list>
<pin id="2232" dir="0" index="0" bw="4" slack="1"/>
<pin id="2233" dir="1" index="1" bw="4" slack="1"/>
</pin_list>
<bind>
<opset="p_ZL9e3_lut_w1_18_addr "/>
</bind>
</comp>

<comp id="2236" class="1005" name="acc_197_reg_2236">
<pin_list>
<pin id="2237" dir="0" index="0" bw="32" slack="1"/>
<pin id="2238" dir="1" index="1" bw="32" slack="1"/>
</pin_list>
<bind>
<opset="acc_197 "/>
</bind>
</comp>

<comp id="2241" class="1005" name="mul35_16_reg_2241">
<pin_list>
<pin id="2242" dir="0" index="0" bw="32" slack="1"/>
<pin id="2243" dir="1" index="1" bw="32" slack="1"/>
</pin_list>
<bind>
<opset="mul35_16 "/>
</bind>
</comp>

<comp id="2246" class="1005" name="p_ZL9e3_lut_w1_18_load_reg_2246">
<pin_list>
<pin id="2247" dir="0" index="0" bw="32" slack="1"/>
<pin id="2248" dir="1" index="1" bw="32" slack="1"/>
</pin_list>
<bind>
<opset="p_ZL9e3_lut_w1_18_load "/>
</bind>
</comp>

<comp id="2251" class="1005" name="p_ZL9e3_lut_w1_19_addr_reg_2251">
<pin_list>
<pin id="2252" dir="0" index="0" bw="4" slack="1"/>
<pin id="2253" dir="1" index="1" bw="4" slack="1"/>
</pin_list>
<bind>
<opset="p_ZL9e3_lut_w1_19_addr "/>
</bind>
</comp>

<comp id="2256" class="1005" name="acc_198_reg_2256">
<pin_list>
<pin id="2257" dir="0" index="0" bw="32" slack="1"/>
<pin id="2258" dir="1" index="1" bw="32" slack="1"/>
</pin_list>
<bind>
<opset="acc_198 "/>
</bind>
</comp>

<comp id="2261" class="1005" name="mul35_17_reg_2261">
<pin_list>
<pin id="2262" dir="0" index="0" bw="32" slack="1"/>
<pin id="2263" dir="1" index="1" bw="32" slack="1"/>
</pin_list>
<bind>
<opset="mul35_17 "/>
</bind>
</comp>

<comp id="2266" class="1005" name="p_ZL9e3_lut_w1_19_load_reg_2266">
<pin_list>
<pin id="2267" dir="0" index="0" bw="32" slack="1"/>
<pin id="2268" dir="1" index="1" bw="32" slack="1"/>
</pin_list>
<bind>
<opset="p_ZL9e3_lut_w1_19_load "/>
</bind>
</comp>

<comp id="2271" class="1005" name="p_ZL9e3_lut_w1_20_addr_reg_2271">
<pin_list>
<pin id="2272" dir="0" index="0" bw="4" slack="1"/>
<pin id="2273" dir="1" index="1" bw="4" slack="1"/>
</pin_list>
<bind>
<opset="p_ZL9e3_lut_w1_20_addr "/>
</bind>
</comp>

<comp id="2276" class="1005" name="acc_199_reg_2276">
<pin_list>
<pin id="2277" dir="0" index="0" bw="32" slack="1"/>
<pin id="2278" dir="1" index="1" bw="32" slack="1"/>
</pin_list>
<bind>
<opset="acc_199 "/>
</bind>
</comp>

<comp id="2281" class="1005" name="mul35_18_reg_2281">
<pin_list>
<pin id="2282" dir="0" index="0" bw="32" slack="1"/>
<pin id="2283" dir="1" index="1" bw="32" slack="1"/>
</pin_list>
<bind>
<opset="mul35_18 "/>
</bind>
</comp>

<comp id="2286" class="1005" name="p_ZL9e3_lut_w1_20_load_reg_2286">
<pin_list>
<pin id="2287" dir="0" index="0" bw="32" slack="1"/>
<pin id="2288" dir="1" index="1" bw="32" slack="1"/>
</pin_list>
<bind>
<opset="p_ZL9e3_lut_w1_20_load "/>
</bind>
</comp>

<comp id="2291" class="1005" name="p_ZL9e3_lut_w1_21_addr_reg_2291">
<pin_list>
<pin id="2292" dir="0" index="0" bw="4" slack="1"/>
<pin id="2293" dir="1" index="1" bw="4" slack="1"/>
</pin_list>
<bind>
<opset="p_ZL9e3_lut_w1_21_addr "/>
</bind>
</comp>

<comp id="2296" class="1005" name="acc_200_reg_2296">
<pin_list>
<pin id="2297" dir="0" index="0" bw="32" slack="1"/>
<pin id="2298" dir="1" index="1" bw="32" slack="1"/>
</pin_list>
<bind>
<opset="acc_200 "/>
</bind>
</comp>

<comp id="2301" class="1005" name="mul35_19_reg_2301">
<pin_list>
<pin id="2302" dir="0" index="0" bw="32" slack="1"/>
<pin id="2303" dir="1" index="1" bw="32" slack="1"/>
</pin_list>
<bind>
<opset="mul35_19 "/>
</bind>
</comp>

<comp id="2306" class="1005" name="p_ZL9e3_lut_w1_21_load_reg_2306">
<pin_list>
<pin id="2307" dir="0" index="0" bw="32" slack="1"/>
<pin id="2308" dir="1" index="1" bw="32" slack="1"/>
</pin_list>
<bind>
<opset="p_ZL9e3_lut_w1_21_load "/>
</bind>
</comp>

<comp id="2311" class="1005" name="p_ZL9e3_lut_w1_22_addr_reg_2311">
<pin_list>
<pin id="2312" dir="0" index="0" bw="4" slack="1"/>
<pin id="2313" dir="1" index="1" bw="4" slack="1"/>
</pin_list>
<bind>
<opset="p_ZL9e3_lut_w1_22_addr "/>
</bind>
</comp>

<comp id="2316" class="1005" name="acc_201_reg_2316">
<pin_list>
<pin id="2317" dir="0" index="0" bw="32" slack="1"/>
<pin id="2318" dir="1" index="1" bw="32" slack="1"/>
</pin_list>
<bind>
<opset="acc_201 "/>
</bind>
</comp>

<comp id="2321" class="1005" name="mul35_20_reg_2321">
<pin_list>
<pin id="2322" dir="0" index="0" bw="32" slack="1"/>
<pin id="2323" dir="1" index="1" bw="32" slack="1"/>
</pin_list>
<bind>
<opset="mul35_20 "/>
</bind>
</comp>

<comp id="2326" class="1005" name="p_ZL9e3_lut_w1_22_load_reg_2326">
<pin_list>
<pin id="2327" dir="0" index="0" bw="32" slack="1"/>
<pin id="2328" dir="1" index="1" bw="32" slack="1"/>
</pin_list>
<bind>
<opset="p_ZL9e3_lut_w1_22_load "/>
</bind>
</comp>

<comp id="2331" class="1005" name="p_ZL9e3_lut_w1_23_addr_reg_2331">
<pin_list>
<pin id="2332" dir="0" index="0" bw="4" slack="1"/>
<pin id="2333" dir="1" index="1" bw="4" slack="1"/>
</pin_list>
<bind>
<opset="p_ZL9e3_lut_w1_23_addr "/>
</bind>
</comp>

<comp id="2336" class="1005" name="acc_202_reg_2336">
<pin_list>
<pin id="2337" dir="0" index="0" bw="32" slack="1"/>
<pin id="2338" dir="1" index="1" bw="32" slack="1"/>
</pin_list>
<bind>
<opset="acc_202 "/>
</bind>
</comp>

<comp id="2341" class="1005" name="mul35_21_reg_2341">
<pin_list>
<pin id="2342" dir="0" index="0" bw="32" slack="1"/>
<pin id="2343" dir="1" index="1" bw="32" slack="1"/>
</pin_list>
<bind>
<opset="mul35_21 "/>
</bind>
</comp>

<comp id="2346" class="1005" name="p_ZL9e3_lut_w1_23_load_reg_2346">
<pin_list>
<pin id="2347" dir="0" index="0" bw="32" slack="1"/>
<pin id="2348" dir="1" index="1" bw="32" slack="1"/>
</pin_list>
<bind>
<opset="p_ZL9e3_lut_w1_23_load "/>
</bind>
</comp>

<comp id="2351" class="1005" name="p_ZL9e3_lut_w1_24_addr_reg_2351">
<pin_list>
<pin id="2352" dir="0" index="0" bw="4" slack="1"/>
<pin id="2353" dir="1" index="1" bw="4" slack="1"/>
</pin_list>
<bind>
<opset="p_ZL9e3_lut_w1_24_addr "/>
</bind>
</comp>

<comp id="2356" class="1005" name="acc_203_reg_2356">
<pin_list>
<pin id="2357" dir="0" index="0" bw="32" slack="1"/>
<pin id="2358" dir="1" index="1" bw="32" slack="1"/>
</pin_list>
<bind>
<opset="acc_203 "/>
</bind>
</comp>

<comp id="2361" class="1005" name="mul35_22_reg_2361">
<pin_list>
<pin id="2362" dir="0" index="0" bw="32" slack="1"/>
<pin id="2363" dir="1" index="1" bw="32" slack="1"/>
</pin_list>
<bind>
<opset="mul35_22 "/>
</bind>
</comp>

<comp id="2366" class="1005" name="p_ZL9e3_lut_w1_24_load_reg_2366">
<pin_list>
<pin id="2367" dir="0" index="0" bw="32" slack="1"/>
<pin id="2368" dir="1" index="1" bw="32" slack="1"/>
</pin_list>
<bind>
<opset="p_ZL9e3_lut_w1_24_load "/>
</bind>
</comp>

<comp id="2371" class="1005" name="p_ZL9e3_lut_w1_25_addr_reg_2371">
<pin_list>
<pin id="2372" dir="0" index="0" bw="4" slack="1"/>
<pin id="2373" dir="1" index="1" bw="4" slack="1"/>
</pin_list>
<bind>
<opset="p_ZL9e3_lut_w1_25_addr "/>
</bind>
</comp>

<comp id="2376" class="1005" name="acc_204_reg_2376">
<pin_list>
<pin id="2377" dir="0" index="0" bw="32" slack="1"/>
<pin id="2378" dir="1" index="1" bw="32" slack="1"/>
</pin_list>
<bind>
<opset="acc_204 "/>
</bind>
</comp>

<comp id="2381" class="1005" name="mul35_23_reg_2381">
<pin_list>
<pin id="2382" dir="0" index="0" bw="32" slack="1"/>
<pin id="2383" dir="1" index="1" bw="32" slack="1"/>
</pin_list>
<bind>
<opset="mul35_23 "/>
</bind>
</comp>

<comp id="2386" class="1005" name="p_ZL9e3_lut_w1_25_load_reg_2386">
<pin_list>
<pin id="2387" dir="0" index="0" bw="32" slack="1"/>
<pin id="2388" dir="1" index="1" bw="32" slack="1"/>
</pin_list>
<bind>
<opset="p_ZL9e3_lut_w1_25_load "/>
</bind>
</comp>

<comp id="2391" class="1005" name="p_ZL9e3_lut_w1_26_addr_reg_2391">
<pin_list>
<pin id="2392" dir="0" index="0" bw="4" slack="1"/>
<pin id="2393" dir="1" index="1" bw="4" slack="1"/>
</pin_list>
<bind>
<opset="p_ZL9e3_lut_w1_26_addr "/>
</bind>
</comp>

<comp id="2396" class="1005" name="acc_205_reg_2396">
<pin_list>
<pin id="2397" dir="0" index="0" bw="32" slack="1"/>
<pin id="2398" dir="1" index="1" bw="32" slack="1"/>
</pin_list>
<bind>
<opset="acc_205 "/>
</bind>
</comp>

<comp id="2401" class="1005" name="mul35_24_reg_2401">
<pin_list>
<pin id="2402" dir="0" index="0" bw="32" slack="1"/>
<pin id="2403" dir="1" index="1" bw="32" slack="1"/>
</pin_list>
<bind>
<opset="mul35_24 "/>
</bind>
</comp>

<comp id="2406" class="1005" name="p_ZL9e3_lut_w1_26_load_reg_2406">
<pin_list>
<pin id="2407" dir="0" index="0" bw="32" slack="1"/>
<pin id="2408" dir="1" index="1" bw="32" slack="1"/>
</pin_list>
<bind>
<opset="p_ZL9e3_lut_w1_26_load "/>
</bind>
</comp>

<comp id="2411" class="1005" name="p_ZL9e3_lut_w1_27_addr_reg_2411">
<pin_list>
<pin id="2412" dir="0" index="0" bw="4" slack="1"/>
<pin id="2413" dir="1" index="1" bw="4" slack="1"/>
</pin_list>
<bind>
<opset="p_ZL9e3_lut_w1_27_addr "/>
</bind>
</comp>

<comp id="2416" class="1005" name="acc_206_reg_2416">
<pin_list>
<pin id="2417" dir="0" index="0" bw="32" slack="1"/>
<pin id="2418" dir="1" index="1" bw="32" slack="1"/>
</pin_list>
<bind>
<opset="acc_206 "/>
</bind>
</comp>

<comp id="2421" class="1005" name="mul35_25_reg_2421">
<pin_list>
<pin id="2422" dir="0" index="0" bw="32" slack="1"/>
<pin id="2423" dir="1" index="1" bw="32" slack="1"/>
</pin_list>
<bind>
<opset="mul35_25 "/>
</bind>
</comp>

<comp id="2426" class="1005" name="p_ZL9e3_lut_w1_27_load_reg_2426">
<pin_list>
<pin id="2427" dir="0" index="0" bw="32" slack="1"/>
<pin id="2428" dir="1" index="1" bw="32" slack="1"/>
</pin_list>
<bind>
<opset="p_ZL9e3_lut_w1_27_load "/>
</bind>
</comp>

<comp id="2431" class="1005" name="p_ZL9e3_lut_w1_28_addr_reg_2431">
<pin_list>
<pin id="2432" dir="0" index="0" bw="4" slack="1"/>
<pin id="2433" dir="1" index="1" bw="4" slack="1"/>
</pin_list>
<bind>
<opset="p_ZL9e3_lut_w1_28_addr "/>
</bind>
</comp>

<comp id="2436" class="1005" name="acc_207_reg_2436">
<pin_list>
<pin id="2437" dir="0" index="0" bw="32" slack="1"/>
<pin id="2438" dir="1" index="1" bw="32" slack="1"/>
</pin_list>
<bind>
<opset="acc_207 "/>
</bind>
</comp>

<comp id="2441" class="1005" name="mul35_26_reg_2441">
<pin_list>
<pin id="2442" dir="0" index="0" bw="32" slack="1"/>
<pin id="2443" dir="1" index="1" bw="32" slack="1"/>
</pin_list>
<bind>
<opset="mul35_26 "/>
</bind>
</comp>

<comp id="2446" class="1005" name="p_ZL9e3_lut_w1_28_load_reg_2446">
<pin_list>
<pin id="2447" dir="0" index="0" bw="32" slack="1"/>
<pin id="2448" dir="1" index="1" bw="32" slack="1"/>
</pin_list>
<bind>
<opset="p_ZL9e3_lut_w1_28_load "/>
</bind>
</comp>

<comp id="2451" class="1005" name="p_ZL9e3_lut_w1_29_addr_reg_2451">
<pin_list>
<pin id="2452" dir="0" index="0" bw="4" slack="1"/>
<pin id="2453" dir="1" index="1" bw="4" slack="1"/>
</pin_list>
<bind>
<opset="p_ZL9e3_lut_w1_29_addr "/>
</bind>
</comp>

<comp id="2456" class="1005" name="p_ZL9e3_lut_w1_30_addr_reg_2456">
<pin_list>
<pin id="2457" dir="0" index="0" bw="4" slack="1"/>
<pin id="2458" dir="1" index="1" bw="4" slack="1"/>
</pin_list>
<bind>
<opset="p_ZL9e3_lut_w1_30_addr "/>
</bind>
</comp>

<comp id="2461" class="1005" name="p_ZL9e3_lut_w1_31_addr_reg_2461">
<pin_list>
<pin id="2462" dir="0" index="0" bw="4" slack="1"/>
<pin id="2463" dir="1" index="1" bw="4" slack="1"/>
</pin_list>
<bind>
<opset="p_ZL9e3_lut_w1_31_addr "/>
</bind>
</comp>

<comp id="2466" class="1005" name="acc_208_reg_2466">
<pin_list>
<pin id="2467" dir="0" index="0" bw="32" slack="1"/>
<pin id="2468" dir="1" index="1" bw="32" slack="1"/>
</pin_list>
<bind>
<opset="acc_208 "/>
</bind>
</comp>

<comp id="2471" class="1005" name="mul35_27_reg_2471">
<pin_list>
<pin id="2472" dir="0" index="0" bw="32" slack="1"/>
<pin id="2473" dir="1" index="1" bw="32" slack="1"/>
</pin_list>
<bind>
<opset="mul35_27 "/>
</bind>
</comp>

<comp id="2476" class="1005" name="p_ZL9e3_lut_w1_29_load_reg_2476">
<pin_list>
<pin id="2477" dir="0" index="0" bw="32" slack="1"/>
<pin id="2478" dir="1" index="1" bw="32" slack="1"/>
</pin_list>
<bind>
<opset="p_ZL9e3_lut_w1_29_load "/>
</bind>
</comp>

<comp id="2481" class="1005" name="p_ZL9e3_lut_w1_30_load_reg_2481">
<pin_list>
<pin id="2482" dir="0" index="0" bw="32" slack="1"/>
<pin id="2483" dir="1" index="1" bw="32" slack="1"/>
</pin_list>
<bind>
<opset="p_ZL9e3_lut_w1_30_load "/>
</bind>
</comp>

<comp id="2486" class="1005" name="p_ZL9e3_lut_w1_31_load_reg_2486">
<pin_list>
<pin id="2487" dir="0" index="0" bw="32" slack="1"/>
<pin id="2488" dir="1" index="1" bw="32" slack="1"/>
</pin_list>
<bind>
<opset="p_ZL9e3_lut_w1_31_load "/>
</bind>
</comp>

<comp id="2491" class="1005" name="acc_209_reg_2491">
<pin_list>
<pin id="2492" dir="0" index="0" bw="32" slack="1"/>
<pin id="2493" dir="1" index="1" bw="32" slack="1"/>
</pin_list>
<bind>
<opset="acc_209 "/>
</bind>
</comp>

<comp id="2496" class="1005" name="mul35_28_reg_2496">
<pin_list>
<pin id="2497" dir="0" index="0" bw="32" slack="1"/>
<pin id="2498" dir="1" index="1" bw="32" slack="1"/>
</pin_list>
<bind>
<opset="mul35_28 "/>
</bind>
</comp>

<comp id="2501" class="1005" name="mul35_29_reg_2501">
<pin_list>
<pin id="2502" dir="0" index="0" bw="32" slack="3"/>
<pin id="2503" dir="1" index="1" bw="32" slack="3"/>
</pin_list>
<bind>
<opset="mul35_29 "/>
</bind>
</comp>

<comp id="2506" class="1005" name="mul35_30_reg_2506">
<pin_list>
<pin id="2507" dir="0" index="0" bw="32" slack="5"/>
<pin id="2508" dir="1" index="1" bw="32" slack="5"/>
</pin_list>
<bind>
<opset="mul35_30 "/>
</bind>
</comp>

<comp id="2511" class="1005" name="acc_210_reg_2511">
<pin_list>
<pin id="2512" dir="0" index="0" bw="32" slack="1"/>
<pin id="2513" dir="1" index="1" bw="32" slack="1"/>
</pin_list>
<bind>
<opset="acc_210 "/>
</bind>
</comp>

<comp id="2516" class="1005" name="acc_211_reg_2516">
<pin_list>
<pin id="2517" dir="0" index="0" bw="32" slack="1"/>
<pin id="2518" dir="1" index="1" bw="32" slack="1"/>
</pin_list>
<bind>
<opset="acc_211 "/>
</bind>
</comp>

<comp id="2521" class="1005" name="acc_212_reg_2521">
<pin_list>
<pin id="2522" dir="0" index="0" bw="32" slack="1"/>
<pin id="2523" dir="1" index="1" bw="32" slack="1"/>
</pin_list>
<bind>
<opset="acc_212 "/>
</bind>
</comp>

<comp id="2529" class="1005" name="tmp_reg_2529">
<pin_list>
<pin id="2530" dir="0" index="0" bw="32" slack="1"/>
<pin id="2531" dir="1" index="1" bw="32" slack="1"/>
</pin_list>
<bind>
<opset="tmp "/>
</bind>
</comp>

</comp_list>

<net_list>
<net id="241"><net_src comp="162" pin="0"/><net_sink comp="238" pin=0"/></net>

<net id="245"><net_src comp="162" pin="0"/><net_sink comp="242" pin=0"/></net>

<net id="249"><net_src comp="162" pin="0"/><net_sink comp="246" pin=0"/></net>

<net id="253"><net_src comp="162" pin="0"/><net_sink comp="250" pin=0"/></net>

<net id="257"><net_src comp="162" pin="0"/><net_sink comp="254" pin=0"/></net>

<net id="261"><net_src comp="162" pin="0"/><net_sink comp="258" pin=0"/></net>

<net id="265"><net_src comp="162" pin="0"/><net_sink comp="262" pin=0"/></net>

<net id="269"><net_src comp="162" pin="0"/><net_sink comp="266" pin=0"/></net>

<net id="273"><net_src comp="162" pin="0"/><net_sink comp="270" pin=0"/></net>

<net id="277"><net_src comp="162" pin="0"/><net_sink comp="274" pin=0"/></net>

<net id="281"><net_src comp="162" pin="0"/><net_sink comp="278" pin=0"/></net>

<net id="285"><net_src comp="162" pin="0"/><net_sink comp="282" pin=0"/></net>

<net id="289"><net_src comp="162" pin="0"/><net_sink comp="286" pin=0"/></net>

<net id="293"><net_src comp="162" pin="0"/><net_sink comp="290" pin=0"/></net>

<net id="297"><net_src comp="162" pin="0"/><net_sink comp="294" pin=0"/></net>

<net id="301"><net_src comp="162" pin="0"/><net_sink comp="298" pin=0"/></net>

<net id="305"><net_src comp="162" pin="0"/><net_sink comp="302" pin=0"/></net>

<net id="310"><net_src comp="164" pin="0"/><net_sink comp="306" pin=0"/></net>

<net id="311"><net_src comp="62" pin="0"/><net_sink comp="306" pin=1"/></net>

<net id="316"><net_src comp="164" pin="0"/><net_sink comp="312" pin=0"/></net>

<net id="317"><net_src comp="60" pin="0"/><net_sink comp="312" pin=1"/></net>

<net id="322"><net_src comp="164" pin="0"/><net_sink comp="318" pin=0"/></net>

<net id="323"><net_src comp="58" pin="0"/><net_sink comp="318" pin=1"/></net>

<net id="328"><net_src comp="164" pin="0"/><net_sink comp="324" pin=0"/></net>

<net id="329"><net_src comp="56" pin="0"/><net_sink comp="324" pin=1"/></net>

<net id="334"><net_src comp="164" pin="0"/><net_sink comp="330" pin=0"/></net>

<net id="335"><net_src comp="54" pin="0"/><net_sink comp="330" pin=1"/></net>

<net id="340"><net_src comp="164" pin="0"/><net_sink comp="336" pin=0"/></net>

<net id="341"><net_src comp="52" pin="0"/><net_sink comp="336" pin=1"/></net>

<net id="346"><net_src comp="164" pin="0"/><net_sink comp="342" pin=0"/></net>

<net id="347"><net_src comp="50" pin="0"/><net_sink comp="342" pin=1"/></net>

<net id="352"><net_src comp="164" pin="0"/><net_sink comp="348" pin=0"/></net>

<net id="353"><net_src comp="48" pin="0"/><net_sink comp="348" pin=1"/></net>

<net id="358"><net_src comp="164" pin="0"/><net_sink comp="354" pin=0"/></net>

<net id="359"><net_src comp="46" pin="0"/><net_sink comp="354" pin=1"/></net>

<net id="364"><net_src comp="164" pin="0"/><net_sink comp="360" pin=0"/></net>

<net id="365"><net_src comp="44" pin="0"/><net_sink comp="360" pin=1"/></net>

<net id="370"><net_src comp="164" pin="0"/><net_sink comp="366" pin=0"/></net>

<net id="371"><net_src comp="42" pin="0"/><net_sink comp="366" pin=1"/></net>

<net id="376"><net_src comp="164" pin="0"/><net_sink comp="372" pin=0"/></net>

<net id="377"><net_src comp="40" pin="0"/><net_sink comp="372" pin=1"/></net>

<net id="382"><net_src comp="164" pin="0"/><net_sink comp="378" pin=0"/></net>

<net id="383"><net_src comp="38" pin="0"/><net_sink comp="378" pin=1"/></net>

<net id="388"><net_src comp="164" pin="0"/><net_sink comp="384" pin=0"/></net>

<net id="389"><net_src comp="36" pin="0"/><net_sink comp="384" pin=1"/></net>

<net id="394"><net_src comp="164" pin="0"/><net_sink comp="390" pin=0"/></net>

<net id="395"><net_src comp="34" pin="0"/><net_sink comp="390" pin=1"/></net>

<net id="400"><net_src comp="164" pin="0"/><net_sink comp="396" pin=0"/></net>

<net id="401"><net_src comp="32" pin="0"/><net_sink comp="396" pin=1"/></net>

<net id="406"><net_src comp="164" pin="0"/><net_sink comp="402" pin=0"/></net>

<net id="407"><net_src comp="30" pin="0"/><net_sink comp="402" pin=1"/></net>

<net id="412"><net_src comp="164" pin="0"/><net_sink comp="408" pin=0"/></net>

<net id="413"><net_src comp="28" pin="0"/><net_sink comp="408" pin=1"/></net>

<net id="418"><net_src comp="164" pin="0"/><net_sink comp="414" pin=0"/></net>

<net id="419"><net_src comp="26" pin="0"/><net_sink comp="414" pin=1"/></net>

<net id="424"><net_src comp="164" pin="0"/><net_sink comp="420" pin=0"/></net>

<net id="425"><net_src comp="24" pin="0"/><net_sink comp="420" pin=1"/></net>

<net id="430"><net_src comp="164" pin="0"/><net_sink comp="426" pin=0"/></net>

<net id="431"><net_src comp="22" pin="0"/><net_sink comp="426" pin=1"/></net>

<net id="436"><net_src comp="164" pin="0"/><net_sink comp="432" pin=0"/></net>

<net id="437"><net_src comp="20" pin="0"/><net_sink comp="432" pin=1"/></net>

<net id="442"><net_src comp="164" pin="0"/><net_sink comp="438" pin=0"/></net>

<net id="443"><net_src comp="18" pin="0"/><net_sink comp="438" pin=1"/></net>

<net id="448"><net_src comp="164" pin="0"/><net_sink comp="444" pin=0"/></net>

<net id="449"><net_src comp="16" pin="0"/><net_sink comp="444" pin=1"/></net>

<net id="454"><net_src comp="164" pin="0"/><net_sink comp="450" pin=0"/></net>

<net id="455"><net_src comp="14" pin="0"/><net_sink comp="450" pin=1"/></net>

<net id="460"><net_src comp="164" pin="0"/><net_sink comp="456" pin=0"/></net>

<net id="461"><net_src comp="12" pin="0"/><net_sink comp="456" pin=1"/></net>

<net id="466"><net_src comp="164" pin="0"/><net_sink comp="462" pin=0"/></net>

<net id="467"><net_src comp="10" pin="0"/><net_sink comp="462" pin=1"/></net>

<net id="472"><net_src comp="164" pin="0"/><net_sink comp="468" pin=0"/></net>

<net id="473"><net_src comp="8" pin="0"/><net_sink comp="468" pin=1"/></net>

<net id="478"><net_src comp="164" pin="0"/><net_sink comp="474" pin=0"/></net>

<net id="479"><net_src comp="6" pin="0"/><net_sink comp="474" pin=1"/></net>

<net id="484"><net_src comp="164" pin="0"/><net_sink comp="480" pin=0"/></net>

<net id="485"><net_src comp="4" pin="0"/><net_sink comp="480" pin=1"/></net>

<net id="490"><net_src comp="164" pin="0"/><net_sink comp="486" pin=0"/></net>

<net id="491"><net_src comp="2" pin="0"/><net_sink comp="486" pin=1"/></net>

<net id="496"><net_src comp="164" pin="0"/><net_sink comp="492" pin=0"/></net>

<net id="497"><net_src comp="0" pin="0"/><net_sink comp="492" pin=1"/></net>

<net id="503"><net_src comp="236" pin="0"/><net_sink comp="498" pin=0"/></net>

<net id="504"><net_src comp="64" pin="0"/><net_sink comp="498" pin=1"/></net>

<net id="510"><net_src comp="236" pin="0"/><net_sink comp="505" pin=0"/></net>

<net id="511"><net_src comp="66" pin="0"/><net_sink comp="505" pin=1"/></net>

<net id="517"><net_src comp="236" pin="0"/><net_sink comp="512" pin=0"/></net>

<net id="518"><net_src comp="68" pin="0"/><net_sink comp="512" pin=1"/></net>

<net id="524"><net_src comp="236" pin="0"/><net_sink comp="519" pin=0"/></net>

<net id="525"><net_src comp="70" pin="0"/><net_sink comp="519" pin=1"/></net>

<net id="531"><net_src comp="236" pin="0"/><net_sink comp="526" pin=0"/></net>

<net id="532"><net_src comp="72" pin="0"/><net_sink comp="526" pin=1"/></net>

<net id="538"><net_src comp="236" pin="0"/><net_sink comp="533" pin=0"/></net>

<net id="539"><net_src comp="74" pin="0"/><net_sink comp="533" pin=1"/></net>

<net id="545"><net_src comp="236" pin="0"/><net_sink comp="540" pin=0"/></net>

<net id="546"><net_src comp="76" pin="0"/><net_sink comp="540" pin=1"/></net>

<net id="552"><net_src comp="236" pin="0"/><net_sink comp="547" pin=0"/></net>

<net id="553"><net_src comp="78" pin="0"/><net_sink comp="547" pin=1"/></net>

<net id="559"><net_src comp="236" pin="0"/><net_sink comp="554" pin=0"/></net>

<net id="560"><net_src comp="80" pin="0"/><net_sink comp="554" pin=1"/></net>

<net id="566"><net_src comp="236" pin="0"/><net_sink comp="561" pin=0"/></net>

<net id="567"><net_src comp="82" pin="0"/><net_sink comp="561" pin=1"/></net>

<net id="573"><net_src comp="236" pin="0"/><net_sink comp="568" pin=0"/></net>

<net id="574"><net_src comp="84" pin="0"/><net_sink comp="568" pin=1"/></net>

<net id="580"><net_src comp="236" pin="0"/><net_sink comp="575" pin=0"/></net>

<net id="581"><net_src comp="86" pin="0"/><net_sink comp="575" pin=1"/></net>

<net id="587"><net_src comp="236" pin="0"/><net_sink comp="582" pin=0"/></net>

<net id="588"><net_src comp="88" pin="0"/><net_sink comp="582" pin=1"/></net>

<net id="594"><net_src comp="236" pin="0"/><net_sink comp="589" pin=0"/></net>

<net id="595"><net_src comp="90" pin="0"/><net_sink comp="589" pin=1"/></net>

<net id="601"><net_src comp="236" pin="0"/><net_sink comp="596" pin=0"/></net>

<net id="602"><net_src comp="92" pin="0"/><net_sink comp="596" pin=1"/></net>

<net id="608"><net_src comp="236" pin="0"/><net_sink comp="603" pin=0"/></net>

<net id="609"><net_src comp="94" pin="0"/><net_sink comp="603" pin=1"/></net>

<net id="615"><net_src comp="98" pin="0"/><net_sink comp="610" pin=0"/></net>

<net id="616"><net_src comp="172" pin="0"/><net_sink comp="610" pin=1"/></net>

<net id="622"><net_src comp="610" pin="3"/><net_sink comp="617" pin=0"/></net>

<net id="628"><net_src comp="96" pin="0"/><net_sink comp="623" pin=0"/></net>

<net id="629"><net_src comp="172" pin="0"/><net_sink comp="623" pin=1"/></net>

<net id="635"><net_src comp="623" pin="3"/><net_sink comp="630" pin=0"/></net>

<net id="641"><net_src comp="100" pin="0"/><net_sink comp="636" pin=0"/></net>

<net id="642"><net_src comp="172" pin="0"/><net_sink comp="636" pin=1"/></net>

<net id="648"><net_src comp="636" pin="3"/><net_sink comp="643" pin=0"/></net>

<net id="654"><net_src comp="102" pin="0"/><net_sink comp="649" pin=0"/></net>

<net id="655"><net_src comp="172" pin="0"/><net_sink comp="649" pin=1"/></net>

<net id="661"><net_src comp="649" pin="3"/><net_sink comp="656" pin=0"/></net>

<net id="667"><net_src comp="104" pin="0"/><net_sink comp="662" pin=0"/></net>

<net id="668"><net_src comp="172" pin="0"/><net_sink comp="662" pin=1"/></net>

<net id="674"><net_src comp="662" pin="3"/><net_sink comp="669" pin=0"/></net>

<net id="680"><net_src comp="106" pin="0"/><net_sink comp="675" pin=0"/></net>

<net id="681"><net_src comp="172" pin="0"/><net_sink comp="675" pin=1"/></net>

<net id="687"><net_src comp="675" pin="3"/><net_sink comp="682" pin=0"/></net>

<net id="693"><net_src comp="108" pin="0"/><net_sink comp="688" pin=0"/></net>

<net id="694"><net_src comp="172" pin="0"/><net_sink comp="688" pin=1"/></net>

<net id="700"><net_src comp="688" pin="3"/><net_sink comp="695" pin=0"/></net>

<net id="706"><net_src comp="110" pin="0"/><net_sink comp="701" pin=0"/></net>

<net id="707"><net_src comp="172" pin="0"/><net_sink comp="701" pin=1"/></net>

<net id="713"><net_src comp="701" pin="3"/><net_sink comp="708" pin=0"/></net>

<net id="719"><net_src comp="112" pin="0"/><net_sink comp="714" pin=0"/></net>

<net id="720"><net_src comp="172" pin="0"/><net_sink comp="714" pin=1"/></net>

<net id="726"><net_src comp="714" pin="3"/><net_sink comp="721" pin=0"/></net>

<net id="732"><net_src comp="114" pin="0"/><net_sink comp="727" pin=0"/></net>

<net id="733"><net_src comp="172" pin="0"/><net_sink comp="727" pin=1"/></net>

<net id="739"><net_src comp="727" pin="3"/><net_sink comp="734" pin=0"/></net>

<net id="745"><net_src comp="116" pin="0"/><net_sink comp="740" pin=0"/></net>

<net id="746"><net_src comp="172" pin="0"/><net_sink comp="740" pin=1"/></net>

<net id="752"><net_src comp="740" pin="3"/><net_sink comp="747" pin=0"/></net>

<net id="758"><net_src comp="118" pin="0"/><net_sink comp="753" pin=0"/></net>

<net id="759"><net_src comp="172" pin="0"/><net_sink comp="753" pin=1"/></net>

<net id="765"><net_src comp="753" pin="3"/><net_sink comp="760" pin=0"/></net>

<net id="771"><net_src comp="120" pin="0"/><net_sink comp="766" pin=0"/></net>

<net id="772"><net_src comp="172" pin="0"/><net_sink comp="766" pin=1"/></net>

<net id="778"><net_src comp="766" pin="3"/><net_sink comp="773" pin=0"/></net>

<net id="784"><net_src comp="122" pin="0"/><net_sink comp="779" pin=0"/></net>

<net id="785"><net_src comp="172" pin="0"/><net_sink comp="779" pin=1"/></net>

<net id="791"><net_src comp="779" pin="3"/><net_sink comp="786" pin=0"/></net>

<net id="797"><net_src comp="124" pin="0"/><net_sink comp="792" pin=0"/></net>

<net id="798"><net_src comp="172" pin="0"/><net_sink comp="792" pin=1"/></net>

<net id="804"><net_src comp="792" pin="3"/><net_sink comp="799" pin=0"/></net>

<net id="810"><net_src comp="126" pin="0"/><net_sink comp="805" pin=0"/></net>

<net id="811"><net_src comp="172" pin="0"/><net_sink comp="805" pin=1"/></net>

<net id="817"><net_src comp="805" pin="3"/><net_sink comp="812" pin=0"/></net>

<net id="823"><net_src comp="128" pin="0"/><net_sink comp="818" pin=0"/></net>

<net id="824"><net_src comp="172" pin="0"/><net_sink comp="818" pin=1"/></net>

<net id="830"><net_src comp="818" pin="3"/><net_sink comp="825" pin=0"/></net>

<net id="836"><net_src comp="130" pin="0"/><net_sink comp="831" pin=0"/></net>

<net id="837"><net_src comp="172" pin="0"/><net_sink comp="831" pin=1"/></net>

<net id="843"><net_src comp="831" pin="3"/><net_sink comp="838" pin=0"/></net>

<net id="849"><net_src comp="132" pin="0"/><net_sink comp="844" pin=0"/></net>

<net id="850"><net_src comp="172" pin="0"/><net_sink comp="844" pin=1"/></net>

<net id="856"><net_src comp="844" pin="3"/><net_sink comp="851" pin=0"/></net>

<net id="862"><net_src comp="134" pin="0"/><net_sink comp="857" pin=0"/></net>

<net id="863"><net_src comp="172" pin="0"/><net_sink comp="857" pin=1"/></net>

<net id="869"><net_src comp="857" pin="3"/><net_sink comp="864" pin=0"/></net>

<net id="875"><net_src comp="136" pin="0"/><net_sink comp="870" pin=0"/></net>

<net id="876"><net_src comp="172" pin="0"/><net_sink comp="870" pin=1"/></net>

<net id="882"><net_src comp="870" pin="3"/><net_sink comp="877" pin=0"/></net>

<net id="888"><net_src comp="138" pin="0"/><net_sink comp="883" pin=0"/></net>

<net id="889"><net_src comp="172" pin="0"/><net_sink comp="883" pin=1"/></net>

<net id="895"><net_src comp="883" pin="3"/><net_sink comp="890" pin=0"/></net>

<net id="901"><net_src comp="140" pin="0"/><net_sink comp="896" pin=0"/></net>

<net id="902"><net_src comp="172" pin="0"/><net_sink comp="896" pin=1"/></net>

<net id="908"><net_src comp="896" pin="3"/><net_sink comp="903" pin=0"/></net>

<net id="914"><net_src comp="142" pin="0"/><net_sink comp="909" pin=0"/></net>

<net id="915"><net_src comp="172" pin="0"/><net_sink comp="909" pin=1"/></net>

<net id="921"><net_src comp="909" pin="3"/><net_sink comp="916" pin=0"/></net>

<net id="927"><net_src comp="144" pin="0"/><net_sink comp="922" pin=0"/></net>

<net id="928"><net_src comp="172" pin="0"/><net_sink comp="922" pin=1"/></net>

<net id="934"><net_src comp="922" pin="3"/><net_sink comp="929" pin=0"/></net>

<net id="940"><net_src comp="146" pin="0"/><net_sink comp="935" pin=0"/></net>

<net id="941"><net_src comp="172" pin="0"/><net_sink comp="935" pin=1"/></net>

<net id="947"><net_src comp="935" pin="3"/><net_sink comp="942" pin=0"/></net>

<net id="953"><net_src comp="148" pin="0"/><net_sink comp="948" pin=0"/></net>

<net id="954"><net_src comp="172" pin="0"/><net_sink comp="948" pin=1"/></net>

<net id="960"><net_src comp="948" pin="3"/><net_sink comp="955" pin=0"/></net>

<net id="966"><net_src comp="150" pin="0"/><net_sink comp="961" pin=0"/></net>

<net id="967"><net_src comp="172" pin="0"/><net_sink comp="961" pin=1"/></net>

<net id="973"><net_src comp="961" pin="3"/><net_sink comp="968" pin=0"/></net>

<net id="979"><net_src comp="152" pin="0"/><net_sink comp="974" pin=0"/></net>

<net id="980"><net_src comp="172" pin="0"/><net_sink comp="974" pin=1"/></net>

<net id="986"><net_src comp="974" pin="3"/><net_sink comp="981" pin=0"/></net>

<net id="992"><net_src comp="154" pin="0"/><net_sink comp="987" pin=0"/></net>

<net id="993"><net_src comp="172" pin="0"/><net_sink comp="987" pin=1"/></net>

<net id="999"><net_src comp="987" pin="3"/><net_sink comp="994" pin=0"/></net>

<net id="1005"><net_src comp="156" pin="0"/><net_sink comp="1000" pin=0"/></net>

<net id="1006"><net_src comp="172" pin="0"/><net_sink comp="1000" pin=1"/></net>

<net id="1012"><net_src comp="158" pin="0"/><net_sink comp="1007" pin=0"/></net>

<net id="1013"><net_src comp="172" pin="0"/><net_sink comp="1007" pin=1"/></net>

<net id="1019"><net_src comp="160" pin="0"/><net_sink comp="1014" pin=0"/></net>

<net id="1020"><net_src comp="172" pin="0"/><net_sink comp="1014" pin=1"/></net>

<net id="1026"><net_src comp="1000" pin="3"/><net_sink comp="1021" pin=0"/></net>

<net id="1032"><net_src comp="1007" pin="3"/><net_sink comp="1027" pin=0"/></net>

<net id="1038"><net_src comp="1014" pin="3"/><net_sink comp="1033" pin=0"/></net>

<net id="1043"><net_src comp="630" pin="3"/><net_sink comp="1039" pin=0"/></net>

<net id="1172"><net_src comp="206" pin="0"/><net_sink comp="1168" pin=1"/></net>

<net id="1177"><net_src comp="617" pin="3"/><net_sink comp="1173" pin=0"/></net>

<net id="1182"><net_src comp="643" pin="3"/><net_sink comp="1178" pin=0"/></net>

<net id="1187"><net_src comp="656" pin="3"/><net_sink comp="1183" pin=0"/></net>

<net id="1192"><net_src comp="669" pin="3"/><net_sink comp="1188" pin=0"/></net>

<net id="1197"><net_src comp="682" pin="3"/><net_sink comp="1193" pin=0"/></net>

<net id="1202"><net_src comp="695" pin="3"/><net_sink comp="1198" pin=0"/></net>

<net id="1207"><net_src comp="708" pin="3"/><net_sink comp="1203" pin=0"/></net>

<net id="1212"><net_src comp="721" pin="3"/><net_sink comp="1208" pin=0"/></net>

<net id="1217"><net_src comp="734" pin="3"/><net_sink comp="1213" pin=0"/></net>

<net id="1222"><net_src comp="747" pin="3"/><net_sink comp="1218" pin=0"/></net>

<net id="1227"><net_src comp="760" pin="3"/><net_sink comp="1223" pin=0"/></net>

<net id="1232"><net_src comp="773" pin="3"/><net_sink comp="1228" pin=0"/></net>

<net id="1237"><net_src comp="786" pin="3"/><net_sink comp="1233" pin=0"/></net>

<net id="1242"><net_src comp="799" pin="3"/><net_sink comp="1238" pin=0"/></net>

<net id="1247"><net_src comp="812" pin="3"/><net_sink comp="1243" pin=0"/></net>

<net id="1252"><net_src comp="825" pin="3"/><net_sink comp="1248" pin=0"/></net>

<net id="1257"><net_src comp="838" pin="3"/><net_sink comp="1253" pin=0"/></net>

<net id="1262"><net_src comp="851" pin="3"/><net_sink comp="1258" pin=0"/></net>

<net id="1267"><net_src comp="864" pin="3"/><net_sink comp="1263" pin=0"/></net>

<net id="1272"><net_src comp="877" pin="3"/><net_sink comp="1268" pin=0"/></net>

<net id="1277"><net_src comp="890" pin="3"/><net_sink comp="1273" pin=0"/></net>

<net id="1282"><net_src comp="903" pin="3"/><net_sink comp="1278" pin=0"/></net>

<net id="1287"><net_src comp="916" pin="3"/><net_sink comp="1283" pin=0"/></net>

<net id="1292"><net_src comp="929" pin="3"/><net_sink comp="1288" pin=0"/></net>

<net id="1297"><net_src comp="942" pin="3"/><net_sink comp="1293" pin=0"/></net>

<net id="1302"><net_src comp="955" pin="3"/><net_sink comp="1298" pin=0"/></net>

<net id="1307"><net_src comp="968" pin="3"/><net_sink comp="1303" pin=0"/></net>

<net id="1312"><net_src comp="981" pin="3"/><net_sink comp="1308" pin=0"/></net>

<net id="1317"><net_src comp="994" pin="3"/><net_sink comp="1313" pin=0"/></net>

<net id="1322"><net_src comp="1021" pin="3"/><net_sink comp="1318" pin=0"/></net>

<net id="1327"><net_src comp="1027" pin="3"/><net_sink comp="1323" pin=0"/></net>

<net id="1332"><net_src comp="1033" pin="3"/><net_sink comp="1328" pin=0"/></net>

<net id="1337"><net_src comp="234" pin="0"/><net_sink comp="1333" pin=1"/></net>

<net id="1342"><net_src comp="204" pin="0"/><net_sink comp="1338" pin=0"/></net>

<net id="1347"><net_src comp="166" pin="0"/><net_sink comp="1343" pin=0"/></net>

<net id="1355"><net_src comp="1348" pin="1"/><net_sink comp="1351" pin=0"/></net>

<net id="1356"><net_src comp="168" pin="0"/><net_sink comp="1351" pin=1"/></net>

<net id="1361"><net_src comp="1348" pin="1"/><net_sink comp="1357" pin=0"/></net>

<net id="1362"><net_src comp="170" pin="0"/><net_sink comp="1357" pin=1"/></net>

<net id="1366"><net_src comp="1348" pin="1"/><net_sink comp="1363" pin=0"/></net>

<net id="1367"><net_src comp="1363" pin="1"/><net_sink comp="610" pin=2"/></net>

<net id="1371"><net_src comp="1348" pin="1"/><net_sink comp="1368" pin=0"/></net>

<net id="1376"><net_src comp="1357" pin="2"/><net_sink comp="1372" pin=0"/></net>

<net id="1386"><net_src comp="224" pin="0"/><net_sink comp="1380" pin=0"/></net>

<net id="1387"><net_src comp="1377" pin="1"/><net_sink comp="1380" pin=1"/></net>

<net id="1388"><net_src comp="226" pin="0"/><net_sink comp="1380" pin=2"/></net>

<net id="1389"><net_src comp="228" pin="0"/><net_sink comp="1380" pin=3"/></net>

<net id="1393"><net_src comp="1377" pin="1"/><net_sink comp="1390" pin=0"/></net>

<net id="1398"><net_src comp="1380" pin="4"/><net_sink comp="1394" pin=0"/></net>

<net id="1399"><net_src comp="230" pin="0"/><net_sink comp="1394" pin=1"/></net>

<net id="1404"><net_src comp="1390" pin="1"/><net_sink comp="1400" pin=0"/></net>

<net id="1405"><net_src comp="232" pin="0"/><net_sink comp="1400" pin=1"/></net>

<net id="1410"><net_src comp="1400" pin="2"/><net_sink comp="1406" pin=0"/></net>

<net id="1411"><net_src comp="1394" pin="2"/><net_sink comp="1406" pin=1"/></net>

<net id="1416"><net_src comp="1406" pin="2"/><net_sink comp="1412" pin=0"/></net>

<net id="1417"><net_src comp="1333" pin="2"/><net_sink comp="1412" pin=1"/></net>

<net id="1423"><net_src comp="1412" pin="2"/><net_sink comp="1418" pin=0"/></net>

<net id="1424"><net_src comp="1168" pin="2"/><net_sink comp="1418" pin=2"/></net>

<net id="1429"><net_src comp="1418" pin="3"/><net_sink comp="1425" pin=0"/></net>

<net id="1434"><net_src comp="1418" pin="3"/><net_sink comp="1430" pin=0"/></net>

<net id="1439"><net_src comp="1418" pin="3"/><net_sink comp="1435" pin=0"/></net>

<net id="1444"><net_src comp="1418" pin="3"/><net_sink comp="1440" pin=0"/></net>

<net id="1449"><net_src comp="1418" pin="3"/><net_sink comp="1445" pin=0"/></net>

<net id="1454"><net_src comp="1418" pin="3"/><net_sink comp="1450" pin=0"/></net>

<net id="1459"><net_src comp="1418" pin="3"/><net_sink comp="1455" pin=0"/></net>

<net id="1464"><net_src comp="1418" pin="3"/><net_sink comp="1460" pin=0"/></net>

<net id="1469"><net_src comp="1418" pin="3"/><net_sink comp="1465" pin=0"/></net>

<net id="1474"><net_src comp="1418" pin="3"/><net_sink comp="1470" pin=0"/></net>

<net id="1479"><net_src comp="1418" pin="3"/><net_sink comp="1475" pin=0"/></net>

<net id="1484"><net_src comp="1418" pin="3"/><net_sink comp="1480" pin=0"/></net>

<net id="1489"><net_src comp="1418" pin="3"/><net_sink comp="1485" pin=0"/></net>

<net id="1494"><net_src comp="1418" pin="3"/><net_sink comp="1490" pin=0"/></net>

<net id="1499"><net_src comp="1418" pin="3"/><net_sink comp="1495" pin=0"/></net>

<net id="1504"><net_src comp="1418" pin="3"/><net_sink comp="1500" pin=0"/></net>

<net id="1508"><net_src comp="1505" pin="1"/><net_sink comp="603" pin=2"/></net>

<net id="1512"><net_src comp="1509" pin="1"/><net_sink comp="596" pin=2"/></net>

<net id="1516"><net_src comp="1513" pin="1"/><net_sink comp="589" pin=2"/></net>

<net id="1520"><net_src comp="1517" pin="1"/><net_sink comp="582" pin=2"/></net>

<net id="1524"><net_src comp="1521" pin="1"/><net_sink comp="575" pin=2"/></net>

<net id="1528"><net_src comp="1525" pin="1"/><net_sink comp="568" pin=2"/></net>

<net id="1532"><net_src comp="1529" pin="1"/><net_sink comp="561" pin=2"/></net>

<net id="1536"><net_src comp="1533" pin="1"/><net_sink comp="554" pin=2"/></net>

<net id="1540"><net_src comp="1537" pin="1"/><net_sink comp="547" pin=2"/></net>

<net id="1544"><net_src comp="1541" pin="1"/><net_sink comp="540" pin=2"/></net>

<net id="1548"><net_src comp="1545" pin="1"/><net_sink comp="533" pin=2"/></net>

<net id="1552"><net_src comp="1549" pin="1"/><net_sink comp="526" pin=2"/></net>

<net id="1556"><net_src comp="1553" pin="1"/><net_sink comp="519" pin=2"/></net>

<net id="1560"><net_src comp="1557" pin="1"/><net_sink comp="512" pin=2"/></net>

<net id="1564"><net_src comp="1561" pin="1"/><net_sink comp="505" pin=2"/></net>

<net id="1568"><net_src comp="1565" pin="1"/><net_sink comp="498" pin=2"/></net>

<net id="1572"><net_src comp="238" pin="1"/><net_sink comp="1569" pin=0"/></net>

<net id="1573"><net_src comp="1569" pin="1"/><net_sink comp="1343" pin=1"/></net>

<net id="1574"><net_src comp="1569" pin="1"/><net_sink comp="1348" pin=0"/></net>

<net id="1575"><net_src comp="1569" pin="1"/><net_sink comp="1372" pin=1"/></net>

<net id="1579"><net_src comp="242" pin="1"/><net_sink comp="1576" pin=0"/></net>

<net id="1580"><net_src comp="1576" pin="1"/><net_sink comp="1495" pin=1"/></net>

<net id="1581"><net_src comp="1576" pin="1"/><net_sink comp="1505" pin=0"/></net>

<net id="1585"><net_src comp="246" pin="1"/><net_sink comp="1582" pin=0"/></net>

<net id="1586"><net_src comp="1582" pin="1"/><net_sink comp="1490" pin=1"/></net>

<net id="1587"><net_src comp="1582" pin="1"/><net_sink comp="1509" pin=0"/></net>

<net id="1591"><net_src comp="250" pin="1"/><net_sink comp="1588" pin=0"/></net>

<net id="1592"><net_src comp="1588" pin="1"/><net_sink comp="1485" pin=1"/></net>

<net id="1593"><net_src comp="1588" pin="1"/><net_sink comp="1513" pin=0"/></net>

<net id="1597"><net_src comp="254" pin="1"/><net_sink comp="1594" pin=0"/></net>

<net id="1598"><net_src comp="1594" pin="1"/><net_sink comp="1480" pin=1"/></net>

<net id="1599"><net_src comp="1594" pin="1"/><net_sink comp="1517" pin=0"/></net>

<net id="1603"><net_src comp="258" pin="1"/><net_sink comp="1600" pin=0"/></net>

<net id="1604"><net_src comp="1600" pin="1"/><net_sink comp="1475" pin=1"/></net>

<net id="1605"><net_src comp="1600" pin="1"/><net_sink comp="1521" pin=0"/></net>

<net id="1609"><net_src comp="262" pin="1"/><net_sink comp="1606" pin=0"/></net>

<net id="1610"><net_src comp="1606" pin="1"/><net_sink comp="1470" pin=1"/></net>

<net id="1611"><net_src comp="1606" pin="1"/><net_sink comp="1525" pin=0"/></net>

<net id="1615"><net_src comp="266" pin="1"/><net_sink comp="1612" pin=0"/></net>

<net id="1616"><net_src comp="1612" pin="1"/><net_sink comp="1465" pin=1"/></net>

<net id="1617"><net_src comp="1612" pin="1"/><net_sink comp="1529" pin=0"/></net>

<net id="1621"><net_src comp="270" pin="1"/><net_sink comp="1618" pin=0"/></net>

<net id="1622"><net_src comp="1618" pin="1"/><net_sink comp="1460" pin=1"/></net>

<net id="1623"><net_src comp="1618" pin="1"/><net_sink comp="1533" pin=0"/></net>

<net id="1627"><net_src comp="274" pin="1"/><net_sink comp="1624" pin=0"/></net>

<net id="1628"><net_src comp="1624" pin="1"/><net_sink comp="1455" pin=1"/></net>

<net id="1629"><net_src comp="1624" pin="1"/><net_sink comp="1537" pin=0"/></net>

<net id="1633"><net_src comp="278" pin="1"/><net_sink comp="1630" pin=0"/></net>

<net id="1634"><net_src comp="1630" pin="1"/><net_sink comp="1450" pin=1"/></net>

<net id="1635"><net_src comp="1630" pin="1"/><net_sink comp="1541" pin=0"/></net>

<net id="1639"><net_src comp="282" pin="1"/><net_sink comp="1636" pin=0"/></net>

<net id="1640"><net_src comp="1636" pin="1"/><net_sink comp="1445" pin=1"/></net>

<net id="1641"><net_src comp="1636" pin="1"/><net_sink comp="1545" pin=0"/></net>

<net id="1645"><net_src comp="286" pin="1"/><net_sink comp="1642" pin=0"/></net>

<net id="1646"><net_src comp="1642" pin="1"/><net_sink comp="1440" pin=1"/></net>

<net id="1647"><net_src comp="1642" pin="1"/><net_sink comp="1549" pin=0"/></net>

<net id="1651"><net_src comp="290" pin="1"/><net_sink comp="1648" pin=0"/></net>

<net id="1652"><net_src comp="1648" pin="1"/><net_sink comp="1435" pin=1"/></net>

<net id="1653"><net_src comp="1648" pin="1"/><net_sink comp="1553" pin=0"/></net>

<net id="1657"><net_src comp="294" pin="1"/><net_sink comp="1654" pin=0"/></net>

<net id="1658"><net_src comp="1654" pin="1"/><net_sink comp="1430" pin=1"/></net>

<net id="1659"><net_src comp="1654" pin="1"/><net_sink comp="1557" pin=0"/></net>

<net id="1663"><net_src comp="298" pin="1"/><net_sink comp="1660" pin=0"/></net>

<net id="1664"><net_src comp="1660" pin="1"/><net_sink comp="1425" pin=1"/></net>

<net id="1665"><net_src comp="1660" pin="1"/><net_sink comp="1561" pin=0"/></net>

<net id="1669"><net_src comp="302" pin="1"/><net_sink comp="1666" pin=0"/></net>

<net id="1670"><net_src comp="1666" pin="1"/><net_sink comp="1500" pin=1"/></net>

<net id="1671"><net_src comp="1666" pin="1"/><net_sink comp="1565" pin=0"/></net>

<net id="1675"><net_src comp="306" pin="2"/><net_sink comp="1672" pin=0"/></net>

<net id="1676"><net_src comp="1672" pin="1"/><net_sink comp="1328" pin=1"/></net>

<net id="1680"><net_src comp="312" pin="2"/><net_sink comp="1677" pin=0"/></net>

<net id="1681"><net_src comp="1677" pin="1"/><net_sink comp="1323" pin=1"/></net>

<net id="1685"><net_src comp="318" pin="2"/><net_sink comp="1682" pin=0"/></net>

<net id="1686"><net_src comp="1682" pin="1"/><net_sink comp="1318" pin=1"/></net>

<net id="1690"><net_src comp="324" pin="2"/><net_sink comp="1687" pin=0"/></net>

<net id="1691"><net_src comp="1687" pin="1"/><net_sink comp="1313" pin=1"/></net>

<net id="1695"><net_src comp="330" pin="2"/><net_sink comp="1692" pin=0"/></net>

<net id="1696"><net_src comp="1692" pin="1"/><net_sink comp="1308" pin=1"/></net>

<net id="1700"><net_src comp="336" pin="2"/><net_sink comp="1697" pin=0"/></net>

<net id="1701"><net_src comp="1697" pin="1"/><net_sink comp="1303" pin=1"/></net>

<net id="1705"><net_src comp="342" pin="2"/><net_sink comp="1702" pin=0"/></net>

<net id="1706"><net_src comp="1702" pin="1"/><net_sink comp="1298" pin=1"/></net>

<net id="1710"><net_src comp="348" pin="2"/><net_sink comp="1707" pin=0"/></net>

<net id="1711"><net_src comp="1707" pin="1"/><net_sink comp="1293" pin=1"/></net>

<net id="1715"><net_src comp="354" pin="2"/><net_sink comp="1712" pin=0"/></net>

<net id="1716"><net_src comp="1712" pin="1"/><net_sink comp="1288" pin=1"/></net>

<net id="1720"><net_src comp="360" pin="2"/><net_sink comp="1717" pin=0"/></net>

<net id="1721"><net_src comp="1717" pin="1"/><net_sink comp="1283" pin=1"/></net>

<net id="1725"><net_src comp="366" pin="2"/><net_sink comp="1722" pin=0"/></net>

<net id="1726"><net_src comp="1722" pin="1"/><net_sink comp="1278" pin=1"/></net>

<net id="1730"><net_src comp="372" pin="2"/><net_sink comp="1727" pin=0"/></net>

<net id="1731"><net_src comp="1727" pin="1"/><net_sink comp="1273" pin=1"/></net>

<net id="1735"><net_src comp="378" pin="2"/><net_sink comp="1732" pin=0"/></net>

<net id="1736"><net_src comp="1732" pin="1"/><net_sink comp="1268" pin=1"/></net>

<net id="1740"><net_src comp="384" pin="2"/><net_sink comp="1737" pin=0"/></net>

<net id="1741"><net_src comp="1737" pin="1"/><net_sink comp="1263" pin=1"/></net>

<net id="1745"><net_src comp="390" pin="2"/><net_sink comp="1742" pin=0"/></net>

<net id="1746"><net_src comp="1742" pin="1"/><net_sink comp="1258" pin=1"/></net>

<net id="1750"><net_src comp="396" pin="2"/><net_sink comp="1747" pin=0"/></net>

<net id="1751"><net_src comp="1747" pin="1"/><net_sink comp="1253" pin=1"/></net>

<net id="1755"><net_src comp="402" pin="2"/><net_sink comp="1752" pin=0"/></net>

<net id="1756"><net_src comp="1752" pin="1"/><net_sink comp="1248" pin=1"/></net>

<net id="1760"><net_src comp="408" pin="2"/><net_sink comp="1757" pin=0"/></net>

<net id="1761"><net_src comp="1757" pin="1"/><net_sink comp="1243" pin=1"/></net>

<net id="1765"><net_src comp="414" pin="2"/><net_sink comp="1762" pin=0"/></net>

<net id="1766"><net_src comp="1762" pin="1"/><net_sink comp="1238" pin=1"/></net>

<net id="1770"><net_src comp="420" pin="2"/><net_sink comp="1767" pin=0"/></net>

<net id="1771"><net_src comp="1767" pin="1"/><net_sink comp="1233" pin=1"/></net>

<net id="1775"><net_src comp="426" pin="2"/><net_sink comp="1772" pin=0"/></net>

<net id="1776"><net_src comp="1772" pin="1"/><net_sink comp="1228" pin=1"/></net>

<net id="1780"><net_src comp="432" pin="2"/><net_sink comp="1777" pin=0"/></net>

<net id="1781"><net_src comp="1777" pin="1"/><net_sink comp="1223" pin=1"/></net>

<net id="1785"><net_src comp="438" pin="2"/><net_sink comp="1782" pin=0"/></net>

<net id="1786"><net_src comp="1782" pin="1"/><net_sink comp="1218" pin=1"/></net>

<net id="1790"><net_src comp="444" pin="2"/><net_sink comp="1787" pin=0"/></net>

<net id="1791"><net_src comp="1787" pin="1"/><net_sink comp="1213" pin=1"/></net>

<net id="1795"><net_src comp="450" pin="2"/><net_sink comp="1792" pin=0"/></net>

<net id="1796"><net_src comp="1792" pin="1"/><net_sink comp="1208" pin=1"/></net>

<net id="1800"><net_src comp="456" pin="2"/><net_sink comp="1797" pin=0"/></net>

<net id="1801"><net_src comp="1797" pin="1"/><net_sink comp="1203" pin=1"/></net>

<net id="1805"><net_src comp="462" pin="2"/><net_sink comp="1802" pin=0"/></net>

<net id="1806"><net_src comp="1802" pin="1"/><net_sink comp="1198" pin=1"/></net>

<net id="1810"><net_src comp="468" pin="2"/><net_sink comp="1807" pin=0"/></net>

<net id="1811"><net_src comp="1807" pin="1"/><net_sink comp="1193" pin=1"/></net>

<net id="1815"><net_src comp="474" pin="2"/><net_sink comp="1812" pin=0"/></net>

<net id="1816"><net_src comp="1812" pin="1"/><net_sink comp="1188" pin=1"/></net>

<net id="1820"><net_src comp="480" pin="2"/><net_sink comp="1817" pin=0"/></net>

<net id="1821"><net_src comp="1817" pin="1"/><net_sink comp="1183" pin=1"/></net>

<net id="1825"><net_src comp="486" pin="2"/><net_sink comp="1822" pin=0"/></net>

<net id="1826"><net_src comp="1822" pin="1"/><net_sink comp="1178" pin=1"/></net>

<net id="1830"><net_src comp="492" pin="2"/><net_sink comp="1827" pin=0"/></net>

<net id="1831"><net_src comp="1827" pin="1"/><net_sink comp="1173" pin=1"/></net>

<net id="1835"><net_src comp="1351" pin="2"/><net_sink comp="1832" pin=0"/></net>

<net id="1839"><net_src comp="1363" pin="1"/><net_sink comp="1836" pin=0"/></net>

<net id="1840"><net_src comp="1836" pin="1"/><net_sink comp="623" pin=2"/></net>

<net id="1841"><net_src comp="1836" pin="1"/><net_sink comp="636" pin=2"/></net>

<net id="1842"><net_src comp="1836" pin="1"/><net_sink comp="649" pin=2"/></net>

<net id="1843"><net_src comp="1836" pin="1"/><net_sink comp="662" pin=2"/></net>

<net id="1844"><net_src comp="1836" pin="1"/><net_sink comp="675" pin=2"/></net>

<net id="1845"><net_src comp="1836" pin="1"/><net_sink comp="688" pin=2"/></net>

<net id="1846"><net_src comp="1836" pin="1"/><net_sink comp="701" pin=2"/></net>

<net id="1847"><net_src comp="1836" pin="1"/><net_sink comp="714" pin=2"/></net>

<net id="1848"><net_src comp="1836" pin="1"/><net_sink comp="727" pin=2"/></net>

<net id="1849"><net_src comp="1836" pin="1"/><net_sink comp="740" pin=2"/></net>

<net id="1850"><net_src comp="1836" pin="1"/><net_sink comp="753" pin=2"/></net>

<net id="1851"><net_src comp="1836" pin="1"/><net_sink comp="766" pin=2"/></net>

<net id="1852"><net_src comp="1836" pin="1"/><net_sink comp="779" pin=2"/></net>

<net id="1853"><net_src comp="1836" pin="1"/><net_sink comp="792" pin=2"/></net>

<net id="1854"><net_src comp="1836" pin="1"/><net_sink comp="805" pin=2"/></net>

<net id="1855"><net_src comp="1836" pin="1"/><net_sink comp="818" pin=2"/></net>

<net id="1856"><net_src comp="1836" pin="1"/><net_sink comp="831" pin=2"/></net>

<net id="1857"><net_src comp="1836" pin="1"/><net_sink comp="844" pin=2"/></net>

<net id="1858"><net_src comp="1836" pin="1"/><net_sink comp="857" pin=2"/></net>

<net id="1859"><net_src comp="1836" pin="1"/><net_sink comp="870" pin=2"/></net>

<net id="1860"><net_src comp="1836" pin="1"/><net_sink comp="883" pin=2"/></net>

<net id="1861"><net_src comp="1836" pin="1"/><net_sink comp="896" pin=2"/></net>

<net id="1862"><net_src comp="1836" pin="1"/><net_sink comp="909" pin=2"/></net>

<net id="1863"><net_src comp="1836" pin="1"/><net_sink comp="922" pin=2"/></net>

<net id="1864"><net_src comp="1836" pin="1"/><net_sink comp="935" pin=2"/></net>

<net id="1865"><net_src comp="1836" pin="1"/><net_sink comp="948" pin=2"/></net>

<net id="1866"><net_src comp="1836" pin="1"/><net_sink comp="961" pin=2"/></net>

<net id="1867"><net_src comp="1836" pin="1"/><net_sink comp="974" pin=2"/></net>

<net id="1868"><net_src comp="1836" pin="1"/><net_sink comp="987" pin=2"/></net>

<net id="1869"><net_src comp="1836" pin="1"/><net_sink comp="1000" pin=2"/></net>

<net id="1870"><net_src comp="1836" pin="1"/><net_sink comp="1007" pin=2"/></net>

<net id="1871"><net_src comp="1836" pin="1"/><net_sink comp="1014" pin=2"/></net>

<net id="1875"><net_src comp="610" pin="3"/><net_sink comp="1872" pin=0"/></net>

<net id="1876"><net_src comp="1872" pin="1"/><net_sink comp="617" pin=0"/></net>

<net id="1880"><net_src comp="1368" pin="1"/><net_sink comp="1877" pin=0"/></net>

<net id="1884"><net_src comp="617" pin="3"/><net_sink comp="1881" pin=0"/></net>

<net id="1885"><net_src comp="1881" pin="1"/><net_sink comp="1173" pin=0"/></net>

<net id="1889"><net_src comp="623" pin="3"/><net_sink comp="1886" pin=0"/></net>

<net id="1890"><net_src comp="1886" pin="1"/><net_sink comp="630" pin=0"/></net>

<net id="1894"><net_src comp="636" pin="3"/><net_sink comp="1891" pin=0"/></net>

<net id="1895"><net_src comp="1891" pin="1"/><net_sink comp="643" pin=0"/></net>

<net id="1899"><net_src comp="1173" pin="2"/><net_sink comp="1896" pin=0"/></net>

<net id="1900"><net_src comp="1896" pin="1"/><net_sink comp="1039" pin=1"/></net>

<net id="1904"><net_src comp="630" pin="3"/><net_sink comp="1901" pin=0"/></net>

<net id="1905"><net_src comp="1901" pin="1"/><net_sink comp="1039" pin=0"/></net>

<net id="1909"><net_src comp="643" pin="3"/><net_sink comp="1906" pin=0"/></net>

<net id="1910"><net_src comp="1906" pin="1"/><net_sink comp="1178" pin=0"/></net>

<net id="1914"><net_src comp="649" pin="3"/><net_sink comp="1911" pin=0"/></net>

<net id="1915"><net_src comp="1911" pin="1"/><net_sink comp="656" pin=0"/></net>

<net id="1919"><net_src comp="1039" pin="2"/><net_sink comp="1916" pin=0"/></net>

<net id="1920"><net_src comp="1916" pin="1"/><net_sink comp="1044" pin=0"/></net>

<net id="1924"><net_src comp="1178" pin="2"/><net_sink comp="1921" pin=0"/></net>

<net id="1925"><net_src comp="1921" pin="1"/><net_sink comp="1044" pin=1"/></net>

<net id="1929"><net_src comp="656" pin="3"/><net_sink comp="1926" pin=0"/></net>

<net id="1930"><net_src comp="1926" pin="1"/><net_sink comp="1183" pin=0"/></net>

<net id="1934"><net_src comp="662" pin="3"/><net_sink comp="1931" pin=0"/></net>

<net id="1935"><net_src comp="1931" pin="1"/><net_sink comp="669" pin=0"/></net>

<net id="1939"><net_src comp="1044" pin="2"/><net_sink comp="1936" pin=0"/></net>

<net id="1940"><net_src comp="1936" pin="1"/><net_sink comp="1048" pin=0"/></net>

<net id="1944"><net_src comp="1183" pin="2"/><net_sink comp="1941" pin=0"/></net>

<net id="1945"><net_src comp="1941" pin="1"/><net_sink comp="1048" pin=1"/></net>

<net id="1949"><net_src comp="669" pin="3"/><net_sink comp="1946" pin=0"/></net>

<net id="1950"><net_src comp="1946" pin="1"/><net_sink comp="1188" pin=0"/></net>

<net id="1954"><net_src comp="675" pin="3"/><net_sink comp="1951" pin=0"/></net>

<net id="1955"><net_src comp="1951" pin="1"/><net_sink comp="682" pin=0"/></net>

<net id="1959"><net_src comp="1048" pin="2"/><net_sink comp="1956" pin=0"/></net>

<net id="1960"><net_src comp="1956" pin="1"/><net_sink comp="1052" pin=0"/></net>

<net id="1964"><net_src comp="1188" pin="2"/><net_sink comp="1961" pin=0"/></net>

<net id="1965"><net_src comp="1961" pin="1"/><net_sink comp="1052" pin=1"/></net>

<net id="1969"><net_src comp="682" pin="3"/><net_sink comp="1966" pin=0"/></net>

<net id="1970"><net_src comp="1966" pin="1"/><net_sink comp="1193" pin=0"/></net>

<net id="1974"><net_src comp="688" pin="3"/><net_sink comp="1971" pin=0"/></net>

<net id="1975"><net_src comp="1971" pin="1"/><net_sink comp="695" pin=0"/></net>

<net id="1979"><net_src comp="1052" pin="2"/><net_sink comp="1976" pin=0"/></net>

<net id="1980"><net_src comp="1976" pin="1"/><net_sink comp="1056" pin=0"/></net>

<net id="1984"><net_src comp="1193" pin="2"/><net_sink comp="1981" pin=0"/></net>

<net id="1985"><net_src comp="1981" pin="1"/><net_sink comp="1056" pin=1"/></net>

<net id="1989"><net_src comp="695" pin="3"/><net_sink comp="1986" pin=0"/></net>

<net id="1990"><net_src comp="1986" pin="1"/><net_sink comp="1198" pin=0"/></net>

<net id="1994"><net_src comp="701" pin="3"/><net_sink comp="1991" pin=0"/></net>

<net id="1995"><net_src comp="1991" pin="1"/><net_sink comp="708" pin=0"/></net>

<net id="1999"><net_src comp="1056" pin="2"/><net_sink comp="1996" pin=0"/></net>

<net id="2000"><net_src comp="1996" pin="1"/><net_sink comp="1060" pin=0"/></net>

<net id="2004"><net_src comp="1198" pin="2"/><net_sink comp="2001" pin=0"/></net>

<net id="2005"><net_src comp="2001" pin="1"/><net_sink comp="1060" pin=1"/></net>

<net id="2009"><net_src comp="708" pin="3"/><net_sink comp="2006" pin=0"/></net>

<net id="2010"><net_src comp="2006" pin="1"/><net_sink comp="1203" pin=0"/></net>

<net id="2014"><net_src comp="714" pin="3"/><net_sink comp="2011" pin=0"/></net>

<net id="2015"><net_src comp="2011" pin="1"/><net_sink comp="721" pin=0"/></net>

<net id="2019"><net_src comp="1060" pin="2"/><net_sink comp="2016" pin=0"/></net>

<net id="2020"><net_src comp="2016" pin="1"/><net_sink comp="1064" pin=0"/></net>

<net id="2024"><net_src comp="1203" pin="2"/><net_sink comp="2021" pin=0"/></net>

<net id="2025"><net_src comp="2021" pin="1"/><net_sink comp="1064" pin=1"/></net>

<net id="2029"><net_src comp="721" pin="3"/><net_sink comp="2026" pin=0"/></net>

<net id="2030"><net_src comp="2026" pin="1"/><net_sink comp="1208" pin=0"/></net>

<net id="2034"><net_src comp="727" pin="3"/><net_sink comp="2031" pin=0"/></net>

<net id="2035"><net_src comp="2031" pin="1"/><net_sink comp="734" pin=0"/></net>

<net id="2039"><net_src comp="1064" pin="2"/><net_sink comp="2036" pin=0"/></net>

<net id="2040"><net_src comp="2036" pin="1"/><net_sink comp="1068" pin=0"/></net>

<net id="2044"><net_src comp="1208" pin="2"/><net_sink comp="2041" pin=0"/></net>

<net id="2045"><net_src comp="2041" pin="1"/><net_sink comp="1068" pin=1"/></net>

<net id="2049"><net_src comp="734" pin="3"/><net_sink comp="2046" pin=0"/></net>

<net id="2050"><net_src comp="2046" pin="1"/><net_sink comp="1213" pin=0"/></net>

<net id="2054"><net_src comp="740" pin="3"/><net_sink comp="2051" pin=0"/></net>

<net id="2055"><net_src comp="2051" pin="1"/><net_sink comp="747" pin=0"/></net>

<net id="2059"><net_src comp="1068" pin="2"/><net_sink comp="2056" pin=0"/></net>

<net id="2060"><net_src comp="2056" pin="1"/><net_sink comp="1072" pin=0"/></net>

<net id="2064"><net_src comp="1213" pin="2"/><net_sink comp="2061" pin=0"/></net>

<net id="2065"><net_src comp="2061" pin="1"/><net_sink comp="1072" pin=1"/></net>

<net id="2069"><net_src comp="747" pin="3"/><net_sink comp="2066" pin=0"/></net>

<net id="2070"><net_src comp="2066" pin="1"/><net_sink comp="1218" pin=0"/></net>

<net id="2074"><net_src comp="753" pin="3"/><net_sink comp="2071" pin=0"/></net>

<net id="2075"><net_src comp="2071" pin="1"/><net_sink comp="760" pin=0"/></net>

<net id="2079"><net_src comp="1072" pin="2"/><net_sink comp="2076" pin=0"/></net>

<net id="2080"><net_src comp="2076" pin="1"/><net_sink comp="1076" pin=0"/></net>

<net id="2084"><net_src comp="1218" pin="2"/><net_sink comp="2081" pin=0"/></net>

<net id="2085"><net_src comp="2081" pin="1"/><net_sink comp="1076" pin=1"/></net>

<net id="2089"><net_src comp="760" pin="3"/><net_sink comp="2086" pin=0"/></net>

<net id="2090"><net_src comp="2086" pin="1"/><net_sink comp="1223" pin=0"/></net>

<net id="2094"><net_src comp="766" pin="3"/><net_sink comp="2091" pin=0"/></net>

<net id="2095"><net_src comp="2091" pin="1"/><net_sink comp="773" pin=0"/></net>

<net id="2099"><net_src comp="1076" pin="2"/><net_sink comp="2096" pin=0"/></net>

<net id="2100"><net_src comp="2096" pin="1"/><net_sink comp="1080" pin=0"/></net>

<net id="2104"><net_src comp="1223" pin="2"/><net_sink comp="2101" pin=0"/></net>

<net id="2105"><net_src comp="2101" pin="1"/><net_sink comp="1080" pin=1"/></net>

<net id="2109"><net_src comp="773" pin="3"/><net_sink comp="2106" pin=0"/></net>

<net id="2110"><net_src comp="2106" pin="1"/><net_sink comp="1228" pin=0"/></net>

<net id="2114"><net_src comp="779" pin="3"/><net_sink comp="2111" pin=0"/></net>

<net id="2115"><net_src comp="2111" pin="1"/><net_sink comp="786" pin=0"/></net>

<net id="2119"><net_src comp="1080" pin="2"/><net_sink comp="2116" pin=0"/></net>

<net id="2120"><net_src comp="2116" pin="1"/><net_sink comp="1084" pin=0"/></net>

<net id="2124"><net_src comp="1228" pin="2"/><net_sink comp="2121" pin=0"/></net>

<net id="2125"><net_src comp="2121" pin="1"/><net_sink comp="1084" pin=1"/></net>

<net id="2129"><net_src comp="786" pin="3"/><net_sink comp="2126" pin=0"/></net>

<net id="2130"><net_src comp="2126" pin="1"/><net_sink comp="1233" pin=0"/></net>

<net id="2134"><net_src comp="792" pin="3"/><net_sink comp="2131" pin=0"/></net>

<net id="2135"><net_src comp="2131" pin="1"/><net_sink comp="799" pin=0"/></net>

<net id="2139"><net_src comp="1084" pin="2"/><net_sink comp="2136" pin=0"/></net>

<net id="2140"><net_src comp="2136" pin="1"/><net_sink comp="1088" pin=0"/></net>

<net id="2144"><net_src comp="1233" pin="2"/><net_sink comp="2141" pin=0"/></net>

<net id="2145"><net_src comp="2141" pin="1"/><net_sink comp="1088" pin=1"/></net>

<net id="2149"><net_src comp="799" pin="3"/><net_sink comp="2146" pin=0"/></net>

<net id="2150"><net_src comp="2146" pin="1"/><net_sink comp="1238" pin=0"/></net>

<net id="2154"><net_src comp="805" pin="3"/><net_sink comp="2151" pin=0"/></net>

<net id="2155"><net_src comp="2151" pin="1"/><net_sink comp="812" pin=0"/></net>

<net id="2159"><net_src comp="1088" pin="2"/><net_sink comp="2156" pin=0"/></net>

<net id="2160"><net_src comp="2156" pin="1"/><net_sink comp="1092" pin=0"/></net>

<net id="2164"><net_src comp="1238" pin="2"/><net_sink comp="2161" pin=0"/></net>

<net id="2165"><net_src comp="2161" pin="1"/><net_sink comp="1092" pin=1"/></net>

<net id="2169"><net_src comp="812" pin="3"/><net_sink comp="2166" pin=0"/></net>

<net id="2170"><net_src comp="2166" pin="1"/><net_sink comp="1243" pin=0"/></net>

<net id="2174"><net_src comp="818" pin="3"/><net_sink comp="2171" pin=0"/></net>

<net id="2175"><net_src comp="2171" pin="1"/><net_sink comp="825" pin=0"/></net>

<net id="2179"><net_src comp="1092" pin="2"/><net_sink comp="2176" pin=0"/></net>

<net id="2180"><net_src comp="2176" pin="1"/><net_sink comp="1096" pin=0"/></net>

<net id="2184"><net_src comp="1243" pin="2"/><net_sink comp="2181" pin=0"/></net>

<net id="2185"><net_src comp="2181" pin="1"/><net_sink comp="1096" pin=1"/></net>

<net id="2189"><net_src comp="825" pin="3"/><net_sink comp="2186" pin=0"/></net>

<net id="2190"><net_src comp="2186" pin="1"/><net_sink comp="1248" pin=0"/></net>

<net id="2194"><net_src comp="831" pin="3"/><net_sink comp="2191" pin=0"/></net>

<net id="2195"><net_src comp="2191" pin="1"/><net_sink comp="838" pin=0"/></net>

<net id="2199"><net_src comp="1096" pin="2"/><net_sink comp="2196" pin=0"/></net>

<net id="2200"><net_src comp="2196" pin="1"/><net_sink comp="1100" pin=0"/></net>

<net id="2204"><net_src comp="1248" pin="2"/><net_sink comp="2201" pin=0"/></net>

<net id="2205"><net_src comp="2201" pin="1"/><net_sink comp="1100" pin=1"/></net>

<net id="2209"><net_src comp="838" pin="3"/><net_sink comp="2206" pin=0"/></net>

<net id="2210"><net_src comp="2206" pin="1"/><net_sink comp="1253" pin=0"/></net>

<net id="2214"><net_src comp="844" pin="3"/><net_sink comp="2211" pin=0"/></net>

<net id="2215"><net_src comp="2211" pin="1"/><net_sink comp="851" pin=0"/></net>

<net id="2219"><net_src comp="1100" pin="2"/><net_sink comp="2216" pin=0"/></net>

<net id="2220"><net_src comp="2216" pin="1"/><net_sink comp="1104" pin=0"/></net>

<net id="2224"><net_src comp="1253" pin="2"/><net_sink comp="2221" pin=0"/></net>

<net id="2225"><net_src comp="2221" pin="1"/><net_sink comp="1104" pin=1"/></net>

<net id="2229"><net_src comp="851" pin="3"/><net_sink comp="2226" pin=0"/></net>

<net id="2230"><net_src comp="2226" pin="1"/><net_sink comp="1258" pin=0"/></net>

<net id="2234"><net_src comp="857" pin="3"/><net_sink comp="2231" pin=0"/></net>

<net id="2235"><net_src comp="2231" pin="1"/><net_sink comp="864" pin=0"/></net>

<net id="2239"><net_src comp="1104" pin="2"/><net_sink comp="2236" pin=0"/></net>

<net id="2240"><net_src comp="2236" pin="1"/><net_sink comp="1108" pin=0"/></net>

<net id="2244"><net_src comp="1258" pin="2"/><net_sink comp="2241" pin=0"/></net>

<net id="2245"><net_src comp="2241" pin="1"/><net_sink comp="1108" pin=1"/></net>

<net id="2249"><net_src comp="864" pin="3"/><net_sink comp="2246" pin=0"/></net>

<net id="2250"><net_src comp="2246" pin="1"/><net_sink comp="1263" pin=0"/></net>

<net id="2254"><net_src comp="870" pin="3"/><net_sink comp="2251" pin=0"/></net>

<net id="2255"><net_src comp="2251" pin="1"/><net_sink comp="877" pin=0"/></net>

<net id="2259"><net_src comp="1108" pin="2"/><net_sink comp="2256" pin=0"/></net>

<net id="2260"><net_src comp="2256" pin="1"/><net_sink comp="1112" pin=0"/></net>

<net id="2264"><net_src comp="1263" pin="2"/><net_sink comp="2261" pin=0"/></net>

<net id="2265"><net_src comp="2261" pin="1"/><net_sink comp="1112" pin=1"/></net>

<net id="2269"><net_src comp="877" pin="3"/><net_sink comp="2266" pin=0"/></net>

<net id="2270"><net_src comp="2266" pin="1"/><net_sink comp="1268" pin=0"/></net>

<net id="2274"><net_src comp="883" pin="3"/><net_sink comp="2271" pin=0"/></net>

<net id="2275"><net_src comp="2271" pin="1"/><net_sink comp="890" pin=0"/></net>

<net id="2279"><net_src comp="1112" pin="2"/><net_sink comp="2276" pin=0"/></net>

<net id="2280"><net_src comp="2276" pin="1"/><net_sink comp="1116" pin=0"/></net>

<net id="2284"><net_src comp="1268" pin="2"/><net_sink comp="2281" pin=0"/></net>

<net id="2285"><net_src comp="2281" pin="1"/><net_sink comp="1116" pin=1"/></net>

<net id="2289"><net_src comp="890" pin="3"/><net_sink comp="2286" pin=0"/></net>

<net id="2290"><net_src comp="2286" pin="1"/><net_sink comp="1273" pin=0"/></net>

<net id="2294"><net_src comp="896" pin="3"/><net_sink comp="2291" pin=0"/></net>

<net id="2295"><net_src comp="2291" pin="1"/><net_sink comp="903" pin=0"/></net>

<net id="2299"><net_src comp="1116" pin="2"/><net_sink comp="2296" pin=0"/></net>

<net id="2300"><net_src comp="2296" pin="1"/><net_sink comp="1120" pin=0"/></net>

<net id="2304"><net_src comp="1273" pin="2"/><net_sink comp="2301" pin=0"/></net>

<net id="2305"><net_src comp="2301" pin="1"/><net_sink comp="1120" pin=1"/></net>

<net id="2309"><net_src comp="903" pin="3"/><net_sink comp="2306" pin=0"/></net>

<net id="2310"><net_src comp="2306" pin="1"/><net_sink comp="1278" pin=0"/></net>

<net id="2314"><net_src comp="909" pin="3"/><net_sink comp="2311" pin=0"/></net>

<net id="2315"><net_src comp="2311" pin="1"/><net_sink comp="916" pin=0"/></net>

<net id="2319"><net_src comp="1120" pin="2"/><net_sink comp="2316" pin=0"/></net>

<net id="2320"><net_src comp="2316" pin="1"/><net_sink comp="1124" pin=0"/></net>

<net id="2324"><net_src comp="1278" pin="2"/><net_sink comp="2321" pin=0"/></net>

<net id="2325"><net_src comp="2321" pin="1"/><net_sink comp="1124" pin=1"/></net>

<net id="2329"><net_src comp="916" pin="3"/><net_sink comp="2326" pin=0"/></net>

<net id="2330"><net_src comp="2326" pin="1"/><net_sink comp="1283" pin=0"/></net>

<net id="2334"><net_src comp="922" pin="3"/><net_sink comp="2331" pin=0"/></net>

<net id="2335"><net_src comp="2331" pin="1"/><net_sink comp="929" pin=0"/></net>

<net id="2339"><net_src comp="1124" pin="2"/><net_sink comp="2336" pin=0"/></net>

<net id="2340"><net_src comp="2336" pin="1"/><net_sink comp="1128" pin=0"/></net>

<net id="2344"><net_src comp="1283" pin="2"/><net_sink comp="2341" pin=0"/></net>

<net id="2345"><net_src comp="2341" pin="1"/><net_sink comp="1128" pin=1"/></net>

<net id="2349"><net_src comp="929" pin="3"/><net_sink comp="2346" pin=0"/></net>

<net id="2350"><net_src comp="2346" pin="1"/><net_sink comp="1288" pin=0"/></net>

<net id="2354"><net_src comp="935" pin="3"/><net_sink comp="2351" pin=0"/></net>

<net id="2355"><net_src comp="2351" pin="1"/><net_sink comp="942" pin=0"/></net>

<net id="2359"><net_src comp="1128" pin="2"/><net_sink comp="2356" pin=0"/></net>

<net id="2360"><net_src comp="2356" pin="1"/><net_sink comp="1132" pin=0"/></net>

<net id="2364"><net_src comp="1288" pin="2"/><net_sink comp="2361" pin=0"/></net>

<net id="2365"><net_src comp="2361" pin="1"/><net_sink comp="1132" pin=1"/></net>

<net id="2369"><net_src comp="942" pin="3"/><net_sink comp="2366" pin=0"/></net>

<net id="2370"><net_src comp="2366" pin="1"/><net_sink comp="1293" pin=0"/></net>

<net id="2374"><net_src comp="948" pin="3"/><net_sink comp="2371" pin=0"/></net>

<net id="2375"><net_src comp="2371" pin="1"/><net_sink comp="955" pin=0"/></net>

<net id="2379"><net_src comp="1132" pin="2"/><net_sink comp="2376" pin=0"/></net>

<net id="2380"><net_src comp="2376" pin="1"/><net_sink comp="1136" pin=0"/></net>

<net id="2384"><net_src comp="1293" pin="2"/><net_sink comp="2381" pin=0"/></net>

<net id="2385"><net_src comp="2381" pin="1"/><net_sink comp="1136" pin=1"/></net>

<net id="2389"><net_src comp="955" pin="3"/><net_sink comp="2386" pin=0"/></net>

<net id="2390"><net_src comp="2386" pin="1"/><net_sink comp="1298" pin=0"/></net>

<net id="2394"><net_src comp="961" pin="3"/><net_sink comp="2391" pin=0"/></net>

<net id="2395"><net_src comp="2391" pin="1"/><net_sink comp="968" pin=0"/></net>

<net id="2399"><net_src comp="1136" pin="2"/><net_sink comp="2396" pin=0"/></net>

<net id="2400"><net_src comp="2396" pin="1"/><net_sink comp="1140" pin=0"/></net>

<net id="2404"><net_src comp="1298" pin="2"/><net_sink comp="2401" pin=0"/></net>

<net id="2405"><net_src comp="2401" pin="1"/><net_sink comp="1140" pin=1"/></net>

<net id="2409"><net_src comp="968" pin="3"/><net_sink comp="2406" pin=0"/></net>

<net id="2410"><net_src comp="2406" pin="1"/><net_sink comp="1303" pin=0"/></net>

<net id="2414"><net_src comp="974" pin="3"/><net_sink comp="2411" pin=0"/></net>

<net id="2415"><net_src comp="2411" pin="1"/><net_sink comp="981" pin=0"/></net>

<net id="2419"><net_src comp="1140" pin="2"/><net_sink comp="2416" pin=0"/></net>

<net id="2420"><net_src comp="2416" pin="1"/><net_sink comp="1144" pin=0"/></net>

<net id="2424"><net_src comp="1303" pin="2"/><net_sink comp="2421" pin=0"/></net>

<net id="2425"><net_src comp="2421" pin="1"/><net_sink comp="1144" pin=1"/></net>

<net id="2429"><net_src comp="981" pin="3"/><net_sink comp="2426" pin=0"/></net>

<net id="2430"><net_src comp="2426" pin="1"/><net_sink comp="1308" pin=0"/></net>

<net id="2434"><net_src comp="987" pin="3"/><net_sink comp="2431" pin=0"/></net>

<net id="2435"><net_src comp="2431" pin="1"/><net_sink comp="994" pin=0"/></net>

<net id="2439"><net_src comp="1144" pin="2"/><net_sink comp="2436" pin=0"/></net>

<net id="2440"><net_src comp="2436" pin="1"/><net_sink comp="1148" pin=0"/></net>

<net id="2444"><net_src comp="1308" pin="2"/><net_sink comp="2441" pin=0"/></net>

<net id="2445"><net_src comp="2441" pin="1"/><net_sink comp="1148" pin=1"/></net>

<net id="2449"><net_src comp="994" pin="3"/><net_sink comp="2446" pin=0"/></net>

<net id="2450"><net_src comp="2446" pin="1"/><net_sink comp="1313" pin=0"/></net>

<net id="2454"><net_src comp="1000" pin="3"/><net_sink comp="2451" pin=0"/></net>

<net id="2455"><net_src comp="2451" pin="1"/><net_sink comp="1021" pin=0"/></net>

<net id="2459"><net_src comp="1007" pin="3"/><net_sink comp="2456" pin=0"/></net>

<net id="2460"><net_src comp="2456" pin="1"/><net_sink comp="1027" pin=0"/></net>

<net id="2464"><net_src comp="1014" pin="3"/><net_sink comp="2461" pin=0"/></net>

<net id="2465"><net_src comp="2461" pin="1"/><net_sink comp="1033" pin=0"/></net>

<net id="2469"><net_src comp="1148" pin="2"/><net_sink comp="2466" pin=0"/></net>

<net id="2470"><net_src comp="2466" pin="1"/><net_sink comp="1152" pin=0"/></net>

<net id="2474"><net_src comp="1313" pin="2"/><net_sink comp="2471" pin=0"/></net>

<net id="2475"><net_src comp="2471" pin="1"/><net_sink comp="1152" pin=1"/></net>

<net id="2479"><net_src comp="1021" pin="3"/><net_sink comp="2476" pin=0"/></net>

<net id="2480"><net_src comp="2476" pin="1"/><net_sink comp="1318" pin=0"/></net>

<net id="2484"><net_src comp="1027" pin="3"/><net_sink comp="2481" pin=0"/></net>

<net id="2485"><net_src comp="2481" pin="1"/><net_sink comp="1323" pin=0"/></net>

<net id="2489"><net_src comp="1033" pin="3"/><net_sink comp="2486" pin=0"/></net>

<net id="2490"><net_src comp="2486" pin="1"/><net_sink comp="1328" pin=0"/></net>

<net id="2494"><net_src comp="1152" pin="2"/><net_sink comp="2491" pin=0"/></net>

<net id="2495"><net_src comp="2491" pin="1"/><net_sink comp="1156" pin=0"/></net>

<net id="2499"><net_src comp="1318" pin="2"/><net_sink comp="2496" pin=0"/></net>

<net id="2500"><net_src comp="2496" pin="1"/><net_sink comp="1156" pin=1"/></net>

<net id="2504"><net_src comp="1323" pin="2"/><net_sink comp="2501" pin=0"/></net>

<net id="2505"><net_src comp="2501" pin="1"/><net_sink comp="1160" pin=1"/></net>

<net id="2509"><net_src comp="1328" pin="2"/><net_sink comp="2506" pin=0"/></net>

<net id="2510"><net_src comp="2506" pin="1"/><net_sink comp="1164" pin=1"/></net>

<net id="2514"><net_src comp="1156" pin="2"/><net_sink comp="2511" pin=0"/></net>

<net id="2515"><net_src comp="2511" pin="1"/><net_sink comp="1160" pin=0"/></net>

<net id="2519"><net_src comp="1160" pin="2"/><net_sink comp="2516" pin=0"/></net>

<net id="2520"><net_src comp="2516" pin="1"/><net_sink comp="1164" pin=0"/></net>

<net id="2524"><net_src comp="1164" pin="2"/><net_sink comp="2521" pin=0"/></net>

<net id="2525"><net_src comp="2521" pin="1"/><net_sink comp="1338" pin=1"/></net>

<net id="2526"><net_src comp="2521" pin="1"/><net_sink comp="1377" pin=0"/></net>

<net id="2527"><net_src comp="2521" pin="1"/><net_sink comp="1333" pin=0"/></net>

<net id="2528"><net_src comp="2521" pin="1"/><net_sink comp="1418" pin=1"/></net>

<net id="2532"><net_src comp="1338" pin="2"/><net_sink comp="2529" pin=0"/></net>

<net id="2533"><net_src comp="2529" pin="1"/><net_sink comp="1168" pin=0"/></net>

</net_list>

</model> 
---------------- Datapath Model END ------------------

* FSMD analyzer results:
  - Output states:
	Port: mux_case_1524222_out | {72 }
	Port: mux_case_1423218_out | {72 }
	Port: mux_case_1322214_out | {72 }
	Port: mux_case_1221210_out | {72 }
	Port: mux_case_1120206_out | {72 }
	Port: mux_case_1019202_out | {72 }
	Port: mux_case_918198_out | {72 }
	Port: mux_case_817194_out | {72 }
	Port: mux_case_716190_out | {72 }
	Port: mux_case_615186_out | {72 }
	Port: mux_case_514182_out | {72 }
	Port: mux_case_413178_out | {72 }
	Port: mux_case_312174_out | {72 }
	Port: mux_case_211170_out | {72 }
	Port: mux_case_110166_out | {72 }
	Port: mux_case_01162_out | {72 }
 - Input state : 
	Port: generic_mlp_head45_Pipeline_VITIS_LOOP_736_3 : mux_case_034 | {1 }
	Port: generic_mlp_head45_Pipeline_VITIS_LOOP_736_3 : mux_case_138 | {1 }
	Port: generic_mlp_head45_Pipeline_VITIS_LOOP_736_3 : mux_case_242 | {1 }
	Port: generic_mlp_head45_Pipeline_VITIS_LOOP_736_3 : mux_case_346 | {1 }
	Port: generic_mlp_head45_Pipeline_VITIS_LOOP_736_3 : mux_case_450 | {1 }
	Port: generic_mlp_head45_Pipeline_VITIS_LOOP_736_3 : mux_case_554 | {1 }
	Port: generic_mlp_head45_Pipeline_VITIS_LOOP_736_3 : mux_case_658 | {1 }
	Port: generic_mlp_head45_Pipeline_VITIS_LOOP_736_3 : mux_case_762 | {1 }
	Port: generic_mlp_head45_Pipeline_VITIS_LOOP_736_3 : mux_case_866 | {1 }
	Port: generic_mlp_head45_Pipeline_VITIS_LOOP_736_3 : mux_case_970 | {1 }
	Port: generic_mlp_head45_Pipeline_VITIS_LOOP_736_3 : mux_case_1074 | {1 }
	Port: generic_mlp_head45_Pipeline_VITIS_LOOP_736_3 : mux_case_1178 | {1 }
	Port: generic_mlp_head45_Pipeline_VITIS_LOOP_736_3 : mux_case_1282 | {1 }
	Port: generic_mlp_head45_Pipeline_VITIS_LOOP_736_3 : mux_case_1386 | {1 }
	Port: generic_mlp_head45_Pipeline_VITIS_LOOP_736_3 : mux_case_1490 | {1 }
	Port: generic_mlp_head45_Pipeline_VITIS_LOOP_736_3 : mux_case_1594 | {1 }
	Port: generic_mlp_head45_Pipeline_VITIS_LOOP_736_3 : mux_case_1698 | {1 }
	Port: generic_mlp_head45_Pipeline_VITIS_LOOP_736_3 : mux_case_17102 | {1 }
	Port: generic_mlp_head45_Pipeline_VITIS_LOOP_736_3 : mux_case_18106 | {1 }
	Port: generic_mlp_head45_Pipeline_VITIS_LOOP_736_3 : mux_case_19110 | {1 }
	Port: generic_mlp_head45_Pipeline_VITIS_LOOP_736_3 : mux_case_20114 | {1 }
	Port: generic_mlp_head45_Pipeline_VITIS_LOOP_736_3 : mux_case_21118 | {1 }
	Port: generic_mlp_head45_Pipeline_VITIS_LOOP_736_3 : mux_case_22122 | {1 }
	Port: generic_mlp_head45_Pipeline_VITIS_LOOP_736_3 : mux_case_23126 | {1 }
	Port: generic_mlp_head45_Pipeline_VITIS_LOOP_736_3 : mux_case_24130 | {1 }
	Port: generic_mlp_head45_Pipeline_VITIS_LOOP_736_3 : mux_case_25134 | {1 }
	Port: generic_mlp_head45_Pipeline_VITIS_LOOP_736_3 : mux_case_26138 | {1 }
	Port: generic_mlp_head45_Pipeline_VITIS_LOOP_736_3 : mux_case_27142 | {1 }
	Port: generic_mlp_head45_Pipeline_VITIS_LOOP_736_3 : mux_case_28146 | {1 }
	Port: generic_mlp_head45_Pipeline_VITIS_LOOP_736_3 : mux_case_29150 | {1 }
	Port: generic_mlp_head45_Pipeline_VITIS_LOOP_736_3 : mux_case_30154 | {1 }
	Port: generic_mlp_head45_Pipeline_VITIS_LOOP_736_3 : mux_case_31158 | {1 }
	Port: generic_mlp_head45_Pipeline_VITIS_LOOP_736_3 : e3_lut_b1 | {3 4 }
	Port: generic_mlp_head45_Pipeline_VITIS_LOOP_736_3 : p_ZL9e3_lut_w1_0 | {1 2 }
	Port: generic_mlp_head45_Pipeline_VITIS_LOOP_736_3 : p_ZL9e3_lut_w1_1 | {3 4 }
	Port: generic_mlp_head45_Pipeline_VITIS_LOOP_736_3 : p_ZL9e3_lut_w1_2 | {5 6 }
	Port: generic_mlp_head45_Pipeline_VITIS_LOOP_736_3 : p_ZL9e3_lut_w1_3 | {7 8 }
	Port: generic_mlp_head45_Pipeline_VITIS_LOOP_736_3 : p_ZL9e3_lut_w1_4 | {9 10 }
	Port: generic_mlp_head45_Pipeline_VITIS_LOOP_736_3 : p_ZL9e3_lut_w1_5 | {11 12 }
	Port: generic_mlp_head45_Pipeline_VITIS_LOOP_736_3 : p_ZL9e3_lut_w1_6 | {13 14 }
	Port: generic_mlp_head45_Pipeline_VITIS_LOOP_736_3 : p_ZL9e3_lut_w1_7 | {15 16 }
	Port: generic_mlp_head45_Pipeline_VITIS_LOOP_736_3 : p_ZL9e3_lut_w1_8 | {17 18 }
	Port: generic_mlp_head45_Pipeline_VITIS_LOOP_736_3 : p_ZL9e3_lut_w1_9 | {19 20 }
	Port: generic_mlp_head45_Pipeline_VITIS_LOOP_736_3 : p_ZL9e3_lut_w1_10 | {21 22 }
	Port: generic_mlp_head45_Pipeline_VITIS_LOOP_736_3 : p_ZL9e3_lut_w1_11 | {23 24 }
	Port: generic_mlp_head45_Pipeline_VITIS_LOOP_736_3 : p_ZL9e3_lut_w1_12 | {25 26 }
	Port: generic_mlp_head45_Pipeline_VITIS_LOOP_736_3 : p_ZL9e3_lut_w1_13 | {27 28 }
	Port: generic_mlp_head45_Pipeline_VITIS_LOOP_736_3 : p_ZL9e3_lut_w1_14 | {29 30 }
	Port: generic_mlp_head45_Pipeline_VITIS_LOOP_736_3 : p_ZL9e3_lut_w1_15 | {31 32 }
	Port: generic_mlp_head45_Pipeline_VITIS_LOOP_736_3 : p_ZL9e3_lut_w1_16 | {33 34 }
	Port: generic_mlp_head45_Pipeline_VITIS_LOOP_736_3 : p_ZL9e3_lut_w1_17 | {35 36 }
	Port: generic_mlp_head45_Pipeline_VITIS_LOOP_736_3 : p_ZL9e3_lut_w1_18 | {37 38 }
	Port: generic_mlp_head45_Pipeline_VITIS_LOOP_736_3 : p_ZL9e3_lut_w1_19 | {39 40 }
	Port: generic_mlp_head45_Pipeline_VITIS_LOOP_736_3 : p_ZL9e3_lut_w1_20 | {41 42 }
	Port: generic_mlp_head45_Pipeline_VITIS_LOOP_736_3 : p_ZL9e3_lut_w1_21 | {43 44 }
	Port: generic_mlp_head45_Pipeline_VITIS_LOOP_736_3 : p_ZL9e3_lut_w1_22 | {45 46 }
	Port: generic_mlp_head45_Pipeline_VITIS_LOOP_736_3 : p_ZL9e3_lut_w1_23 | {47 48 }
	Port: generic_mlp_head45_Pipeline_VITIS_LOOP_736_3 : p_ZL9e3_lut_w1_24 | {49 50 }
	Port: generic_mlp_head45_Pipeline_VITIS_LOOP_736_3 : p_ZL9e3_lut_w1_25 | {51 52 }
	Port: generic_mlp_head45_Pipeline_VITIS_LOOP_736_3 : p_ZL9e3_lut_w1_26 | {53 54 }
	Port: generic_mlp_head45_Pipeline_VITIS_LOOP_736_3 : p_ZL9e3_lut_w1_27 | {55 56 }
	Port: generic_mlp_head45_Pipeline_VITIS_LOOP_736_3 : p_ZL9e3_lut_w1_28 | {57 58 }
	Port: generic_mlp_head45_Pipeline_VITIS_LOOP_736_3 : p_ZL9e3_lut_w1_29 | {59 60 }
	Port: generic_mlp_head45_Pipeline_VITIS_LOOP_736_3 : p_ZL9e3_lut_w1_30 | {59 60 }
	Port: generic_mlp_head45_Pipeline_VITIS_LOOP_736_3 : p_ZL9e3_lut_w1_31 | {59 60 }
  - Chain level:
	State 1
		store_ln736 : 1
		i : 1
		icmp_ln736 : 2
		add_ln736 : 2
		br_ln736 : 3
		zext_ln736 : 2
		p_ZL9e3_lut_w1_0_addr : 3
		p_ZL9e3_lut_w1_0_load : 4
		trunc_ln736 : 2
		switch_ln743 : 3
		store_ln736 : 3
	State 2
		mul3 : 1
	State 3
		acc : 1
		p_ZL9e3_lut_w1_1_load : 1
	State 4
		acc_181 : 1
		mul35_1 : 1
	State 5
		p_ZL9e3_lut_w1_2_load : 1
	State 6
		mul35_2 : 1
	State 7
		p_ZL9e3_lut_w1_3_load : 1
	State 8
		mul35_3 : 1
	State 9
		p_ZL9e3_lut_w1_4_load : 1
	State 10
		mul35_4 : 1
	State 11
		p_ZL9e3_lut_w1_5_load : 1
	State 12
		mul35_5 : 1
	State 13
		p_ZL9e3_lut_w1_6_load : 1
	State 14
		mul35_6 : 1
	State 15
		p_ZL9e3_lut_w1_7_load : 1
	State 16
		mul35_7 : 1
	State 17
		p_ZL9e3_lut_w1_8_load : 1
	State 18
		mul35_8 : 1
	State 19
		p_ZL9e3_lut_w1_9_load : 1
	State 20
		mul35_9 : 1
	State 21
		p_ZL9e3_lut_w1_10_load : 1
	State 22
		mul35_s : 1
	State 23
		p_ZL9e3_lut_w1_11_load : 1
	State 24
		mul35_10 : 1
	State 25
		p_ZL9e3_lut_w1_12_load : 1
	State 26
		mul35_11 : 1
	State 27
		p_ZL9e3_lut_w1_13_load : 1
	State 28
		mul35_12 : 1
	State 29
		p_ZL9e3_lut_w1_14_load : 1
	State 30
		mul35_13 : 1
	State 31
		p_ZL9e3_lut_w1_15_load : 1
	State 32
		mul35_14 : 1
	State 33
		p_ZL9e3_lut_w1_16_load : 1
	State 34
		mul35_15 : 1
	State 35
		p_ZL9e3_lut_w1_17_load : 1
	State 36
		mul35_16 : 1
	State 37
		p_ZL9e3_lut_w1_18_load : 1
	State 38
		mul35_17 : 1
	State 39
		p_ZL9e3_lut_w1_19_load : 1
	State 40
		mul35_18 : 1
	State 41
		p_ZL9e3_lut_w1_20_load : 1
	State 42
		mul35_19 : 1
	State 43
		p_ZL9e3_lut_w1_21_load : 1
	State 44
		mul35_20 : 1
	State 45
		p_ZL9e3_lut_w1_22_load : 1
	State 46
		mul35_21 : 1
	State 47
		p_ZL9e3_lut_w1_23_load : 1
	State 48
		mul35_22 : 1
	State 49
		p_ZL9e3_lut_w1_24_load : 1
	State 50
		mul35_23 : 1
	State 51
		p_ZL9e3_lut_w1_25_load : 1
	State 52
		mul35_24 : 1
	State 53
		p_ZL9e3_lut_w1_26_load : 1
	State 54
		mul35_25 : 1
	State 55
		p_ZL9e3_lut_w1_27_load : 1
	State 56
		mul35_26 : 1
	State 57
		p_ZL9e3_lut_w1_28_load : 1
	State 58
		mul35_27 : 1
	State 59
		p_ZL9e3_lut_w1_29_load : 1
		p_ZL9e3_lut_w1_30_load : 1
		p_ZL9e3_lut_w1_31_load : 1
	State 60
		mul35_28 : 1
		mul35_29 : 1
		mul35_30 : 1
	State 61
	State 62
	State 63
	State 64
	State 65
	State 66
	State 67
	State 68
	State 69
	State 70
	State 71
	State 72
		write_ln0 : 1
		write_ln0 : 1
		write_ln0 : 1
		write_ln0 : 1
		write_ln0 : 1
		write_ln0 : 1
		write_ln0 : 1
		write_ln0 : 1
		write_ln0 : 1
		write_ln0 : 1
		write_ln0 : 1
		write_ln0 : 1
		write_ln0 : 1
		write_ln0 : 1
		write_ln0 : 1
		write_ln0 : 1
	State 73
		tmp_s : 1
		trunc_ln545 : 1
		icmp_ln545 : 2
		icmp_ln545_8 : 2
		or_ln545 : 3
		and_ln545 : 3
		l2 : 3
		store_ln545 : 4
		store_ln545 : 4
		store_ln545 : 4
		store_ln545 : 4
		store_ln545 : 4
		store_ln545 : 4
		store_ln545 : 4
		store_ln545 : 4
		store_ln545 : 4
		store_ln545 : 4
		store_ln545 : 4
		store_ln545 : 4
		store_ln545 : 4
		store_ln545 : 4
		store_ln545 : 4
		store_ln545 : 4


============================================================
+ Verbose Summary: Datapath Resource usage 
============================================================

* Functional unit list:
|----------|---------------------------------|---------|---------|---------|
| Operation|         Functional Unit         |   DSP   |    FF   |   LUT   |
|----------|---------------------------------|---------|---------|---------|
|          |           grp_fu_1039           |    2    |   177   |   233   |
|          |           grp_fu_1044           |    2    |   177   |   233   |
|          |           grp_fu_1048           |    2    |   177   |   233   |
|          |           grp_fu_1052           |    2    |   177   |   233   |
|          |           grp_fu_1056           |    2    |   177   |   233   |
|          |           grp_fu_1060           |    2    |   177   |   233   |
|          |           grp_fu_1064           |    2    |   177   |   233   |
|          |           grp_fu_1068           |    2    |   177   |   233   |
|          |           grp_fu_1072           |    2    |   177   |   233   |
|          |           grp_fu_1076           |    2    |   177   |   233   |
|          |           grp_fu_1080           |    2    |   177   |   233   |
|          |           grp_fu_1084           |    2    |   177   |   233   |
|          |           grp_fu_1088           |    2    |   177   |   233   |
|          |           grp_fu_1092           |    2    |   177   |   233   |
|          |           grp_fu_1096           |    2    |   177   |   233   |
|          |           grp_fu_1100           |    2    |   177   |   233   |
|   fadd   |           grp_fu_1104           |    2    |   177   |   233   |
|          |           grp_fu_1108           |    2    |   177   |   233   |
|          |           grp_fu_1112           |    2    |   177   |   233   |
|          |           grp_fu_1116           |    2    |   177   |   233   |
|          |           grp_fu_1120           |    2    |   177   |   233   |
|          |           grp_fu_1124           |    2    |   177   |   233   |
|          |           grp_fu_1128           |    2    |   177   |   233   |
|          |           grp_fu_1132           |    2    |   177   |   233   |
|          |           grp_fu_1136           |    2    |   177   |   233   |
|          |           grp_fu_1140           |    2    |   177   |   233   |
|          |           grp_fu_1144           |    2    |   177   |   233   |
|          |           grp_fu_1148           |    2    |   177   |   233   |
|          |           grp_fu_1152           |    2    |   177   |   233   |
|          |           grp_fu_1156           |    2    |   177   |   233   |
|          |           grp_fu_1160           |    2    |   177   |   233   |
|          |           grp_fu_1164           |    2    |   177   |   233   |
|          |           grp_fu_1168           |    2    |   177   |   233   |
|----------|---------------------------------|---------|---------|---------|
|          |           grp_fu_1173           |    3    |   128   |    78   |
|          |           grp_fu_1178           |    3    |   128   |    78   |
|          |           grp_fu_1183           |    3    |   128   |    78   |
|          |           grp_fu_1188           |    3    |   128   |    78   |
|          |           grp_fu_1193           |    3    |   128   |    78   |
|          |           grp_fu_1198           |    3    |   128   |    78   |
|          |           grp_fu_1203           |    3    |   128   |    78   |
|          |           grp_fu_1208           |    3    |   128   |    78   |
|          |           grp_fu_1213           |    3    |   128   |    78   |
|          |           grp_fu_1218           |    3    |   128   |    78   |
|          |           grp_fu_1223           |    3    |   128   |    78   |
|          |           grp_fu_1228           |    3    |   128   |    78   |
|          |           grp_fu_1233           |    3    |   128   |    78   |
|          |           grp_fu_1238           |    3    |   128   |    78   |
|          |           grp_fu_1243           |    3    |   128   |    78   |
|   fmul   |           grp_fu_1248           |    3    |   128   |    78   |
|          |           grp_fu_1253           |    3    |   128   |    78   |
|          |           grp_fu_1258           |    3    |   128   |    78   |
|          |           grp_fu_1263           |    3    |   128   |    78   |
|          |           grp_fu_1268           |    3    |   128   |    78   |
|          |           grp_fu_1273           |    3    |   128   |    78   |
|          |           grp_fu_1278           |    3    |   128   |    78   |
|          |           grp_fu_1283           |    3    |   128   |    78   |
|          |           grp_fu_1288           |    3    |   128   |    78   |
|          |           grp_fu_1293           |    3    |   128   |    78   |
|          |           grp_fu_1298           |    3    |   128   |    78   |
|          |           grp_fu_1303           |    3    |   128   |    78   |
|          |           grp_fu_1308           |    3    |   128   |    78   |
|          |           grp_fu_1313           |    3    |   128   |    78   |
|          |           grp_fu_1318           |    3    |   128   |    78   |
|          |           grp_fu_1323           |    3    |   128   |    78   |
|          |           grp_fu_1328           |    3    |   128   |    78   |
|----------|---------------------------------|---------|---------|---------|
|   fexp   |           grp_fu_1338           |    7    |   140   |   737   |
|----------|---------------------------------|---------|---------|---------|
|          |        icmp_ln736_fu_1351       |    0    |    0    |    12   |
|   icmp   |        icmp_ln545_fu_1394       |    0    |    0    |    15   |
|          |       icmp_ln545_8_fu_1400      |    0    |    0    |    30   |
|----------|---------------------------------|---------|---------|---------|
|  select  |            l2_fu_1418           |    0    |    0    |    32   |
|----------|---------------------------------|---------|---------|---------|
|    add   |        add_ln736_fu_1357        |    0    |    0    |    12   |
|----------|---------------------------------|---------|---------|---------|
|    or    |         or_ln545_fu_1406        |    0    |    0    |    2    |
|----------|---------------------------------|---------|---------|---------|
|    and   |        and_ln545_fu_1412        |    0    |    0    |    2    |
|----------|---------------------------------|---------|---------|---------|
|          | mux_case_31158_read_read_fu_306 |    0    |    0    |    0    |
|          | mux_case_30154_read_read_fu_312 |    0    |    0    |    0    |
|          | mux_case_29150_read_read_fu_318 |    0    |    0    |    0    |
|          | mux_case_28146_read_read_fu_324 |    0    |    0    |    0    |
|          | mux_case_27142_read_read_fu_330 |    0    |    0    |    0    |
|          | mux_case_26138_read_read_fu_336 |    0    |    0    |    0    |
|          | mux_case_25134_read_read_fu_342 |    0    |    0    |    0    |
|          | mux_case_24130_read_read_fu_348 |    0    |    0    |    0    |
|          | mux_case_23126_read_read_fu_354 |    0    |    0    |    0    |
|          | mux_case_22122_read_read_fu_360 |    0    |    0    |    0    |
|          | mux_case_21118_read_read_fu_366 |    0    |    0    |    0    |
|          | mux_case_20114_read_read_fu_372 |    0    |    0    |    0    |
|          | mux_case_19110_read_read_fu_378 |    0    |    0    |    0    |
|          | mux_case_18106_read_read_fu_384 |    0    |    0    |    0    |
|          | mux_case_17102_read_read_fu_390 |    0    |    0    |    0    |
|   read   |  mux_case_1698_read_read_fu_396 |    0    |    0    |    0    |
|          |  mux_case_1594_read_read_fu_402 |    0    |    0    |    0    |
|          |  mux_case_1490_read_read_fu_408 |    0    |    0    |    0    |
|          |  mux_case_1386_read_read_fu_414 |    0    |    0    |    0    |
|          |  mux_case_1282_read_read_fu_420 |    0    |    0    |    0    |
|          |  mux_case_1178_read_read_fu_426 |    0    |    0    |    0    |
|          |  mux_case_1074_read_read_fu_432 |    0    |    0    |    0    |
|          |  mux_case_970_read_read_fu_438  |    0    |    0    |    0    |
|          |  mux_case_866_read_read_fu_444  |    0    |    0    |    0    |
|          |  mux_case_762_read_read_fu_450  |    0    |    0    |    0    |
|          |  mux_case_658_read_read_fu_456  |    0    |    0    |    0    |
|          |  mux_case_554_read_read_fu_462  |    0    |    0    |    0    |
|          |  mux_case_450_read_read_fu_468  |    0    |    0    |    0    |
|          |  mux_case_346_read_read_fu_474  |    0    |    0    |    0    |
|          |  mux_case_242_read_read_fu_480  |    0    |    0    |    0    |
|          |  mux_case_138_read_read_fu_486  |    0    |    0    |    0    |
|          |  mux_case_034_read_read_fu_492  |    0    |    0    |    0    |
|----------|---------------------------------|---------|---------|---------|
|          |      write_ln0_write_fu_498     |    0    |    0    |    0    |
|          |      write_ln0_write_fu_505     |    0    |    0    |    0    |
|          |      write_ln0_write_fu_512     |    0    |    0    |    0    |
|          |      write_ln0_write_fu_519     |    0    |    0    |    0    |
|          |      write_ln0_write_fu_526     |    0    |    0    |    0    |
|          |      write_ln0_write_fu_533     |    0    |    0    |    0    |
|          |      write_ln0_write_fu_540     |    0    |    0    |    0    |
|   write  |      write_ln0_write_fu_547     |    0    |    0    |    0    |
|          |      write_ln0_write_fu_554     |    0    |    0    |    0    |
|          |      write_ln0_write_fu_561     |    0    |    0    |    0    |
|          |      write_ln0_write_fu_568     |    0    |    0    |    0    |
|          |      write_ln0_write_fu_575     |    0    |    0    |    0    |
|          |      write_ln0_write_fu_582     |    0    |    0    |    0    |
|          |      write_ln0_write_fu_589     |    0    |    0    |    0    |
|          |      write_ln0_write_fu_596     |    0    |    0    |    0    |
|          |      write_ln0_write_fu_603     |    0    |    0    |    0    |
|----------|---------------------------------|---------|---------|---------|
|   fcmp   |          tmp_4_fu_1333          |    0    |    0    |    0    |
|----------|---------------------------------|---------|---------|---------|
|   zext   |        zext_ln736_fu_1363       |    0    |    0    |    0    |
|----------|---------------------------------|---------|---------|---------|
|   trunc  |       trunc_ln736_fu_1368       |    0    |    0    |    0    |
|          |       trunc_ln545_fu_1390       |    0    |    0    |    0    |
|----------|---------------------------------|---------|---------|---------|
|partselect|          tmp_s_fu_1380          |    0    |    0    |    0    |
|----------|---------------------------------|---------|---------|---------|
|   Total  |                                 |   169   |  10077  |  11027  |
|----------|---------------------------------|---------|---------|---------|

Memories:
N/A

* Register list:
+-------------------------------+--------+
|                               |   FF   |
+-------------------------------+--------+
|        acc_181_reg_1916       |   32   |
|        acc_182_reg_1936       |   32   |
|        acc_183_reg_1956       |   32   |
|        acc_184_reg_1976       |   32   |
|        acc_185_reg_1996       |   32   |
|        acc_186_reg_2016       |   32   |
|        acc_187_reg_2036       |   32   |
|        acc_188_reg_2056       |   32   |
|        acc_189_reg_2076       |   32   |
|        acc_190_reg_2096       |   32   |
|        acc_191_reg_2116       |   32   |
|        acc_192_reg_2136       |   32   |
|        acc_193_reg_2156       |   32   |
|        acc_194_reg_2176       |   32   |
|        acc_195_reg_2196       |   32   |
|        acc_196_reg_2216       |   32   |
|        acc_197_reg_2236       |   32   |
|        acc_198_reg_2256       |   32   |
|        acc_199_reg_2276       |   32   |
|        acc_200_reg_2296       |   32   |
|        acc_201_reg_2316       |   32   |
|        acc_202_reg_2336       |   32   |
|        acc_203_reg_2356       |   32   |
|        acc_204_reg_2376       |   32   |
|        acc_205_reg_2396       |   32   |
|        acc_206_reg_2416       |   32   |
|        acc_207_reg_2436       |   32   |
|        acc_208_reg_2466       |   32   |
|        acc_209_reg_2491       |   32   |
|        acc_210_reg_2511       |   32   |
|        acc_211_reg_2516       |   32   |
|        acc_212_reg_2521       |   32   |
|          acc_reg_1901         |   32   |
|    e3_lut_b1_addr_reg_1886    |    4   |
|          i_1_reg_1569         |    5   |
|      icmp_ln736_reg_1832      |    1   |
|       mul35_10_reg_2121       |   32   |
|       mul35_11_reg_2141       |   32   |
|       mul35_12_reg_2161       |   32   |
|       mul35_13_reg_2181       |   32   |
|       mul35_14_reg_2201       |   32   |
|       mul35_15_reg_2221       |   32   |
|       mul35_16_reg_2241       |   32   |
|       mul35_17_reg_2261       |   32   |
|       mul35_18_reg_2281       |   32   |
|       mul35_19_reg_2301       |   32   |
|        mul35_1_reg_1921       |   32   |
|       mul35_20_reg_2321       |   32   |
|       mul35_21_reg_2341       |   32   |
|       mul35_22_reg_2361       |   32   |
|       mul35_23_reg_2381       |   32   |
|       mul35_24_reg_2401       |   32   |
|       mul35_25_reg_2421       |   32   |
|       mul35_26_reg_2441       |   32   |
|       mul35_27_reg_2471       |   32   |
|       mul35_28_reg_2496       |   32   |
|       mul35_29_reg_2501       |   32   |
|        mul35_2_reg_1941       |   32   |
|       mul35_30_reg_2506       |   32   |
|        mul35_3_reg_1961       |   32   |
|        mul35_4_reg_1981       |   32   |
|        mul35_5_reg_2001       |   32   |
|        mul35_6_reg_2021       |   32   |
|        mul35_7_reg_2041       |   32   |
|        mul35_8_reg_2061       |   32   |
|        mul35_9_reg_2081       |   32   |
|        mul35_s_reg_2101       |   32   |
|         mul3_reg_1896         |   32   |
|    mux_case_01162_reg_1576    |   32   |
|   mux_case_034_read_reg_1827  |   32   |
|   mux_case_1019202_reg_1636   |   32   |
|  mux_case_1074_read_reg_1777  |   32   |
|    mux_case_110166_reg_1582   |   32   |
|   mux_case_1120206_reg_1642   |   32   |
|  mux_case_1178_read_reg_1772  |   32   |
|   mux_case_1221210_reg_1648   |   32   |
|  mux_case_1282_read_reg_1767  |   32   |
|   mux_case_1322214_reg_1654   |   32   |
|  mux_case_1386_read_reg_1762  |   32   |
|   mux_case_138_read_reg_1822  |   32   |
|   mux_case_1423218_reg_1660   |   32   |
|  mux_case_1490_read_reg_1757  |   32   |
|   mux_case_1524222_reg_1666   |   32   |
|  mux_case_1594_read_reg_1752  |   32   |
|  mux_case_1698_read_reg_1747  |   32   |
|  mux_case_17102_read_reg_1742 |   32   |
|  mux_case_18106_read_reg_1737 |   32   |
|  mux_case_19110_read_reg_1732 |   32   |
|  mux_case_20114_read_reg_1727 |   32   |
|    mux_case_211170_reg_1588   |   32   |
|  mux_case_21118_read_reg_1722 |   32   |
|  mux_case_22122_read_reg_1717 |   32   |
|  mux_case_23126_read_reg_1712 |   32   |
|  mux_case_24130_read_reg_1707 |   32   |
|   mux_case_242_read_reg_1817  |   32   |
|  mux_case_25134_read_reg_1702 |   32   |
|  mux_case_26138_read_reg_1697 |   32   |
|  mux_case_27142_read_reg_1692 |   32   |
|  mux_case_28146_read_reg_1687 |   32   |
|  mux_case_29150_read_reg_1682 |   32   |
|  mux_case_30154_read_reg_1677 |   32   |
|  mux_case_31158_read_reg_1672 |   32   |
|    mux_case_312174_reg_1594   |   32   |
|   mux_case_346_read_reg_1812  |   32   |
|    mux_case_413178_reg_1600   |   32   |
|   mux_case_450_read_reg_1807  |   32   |
|    mux_case_514182_reg_1606   |   32   |
|   mux_case_554_read_reg_1802  |   32   |
|    mux_case_615186_reg_1612   |   32   |
|   mux_case_658_read_reg_1797  |   32   |
|    mux_case_716190_reg_1618   |   32   |
|   mux_case_762_read_reg_1792  |   32   |
|    mux_case_817194_reg_1624   |   32   |
|   mux_case_866_read_reg_1787  |   32   |
|    mux_case_918198_reg_1630   |   32   |
|   mux_case_970_read_reg_1782  |   32   |
| p_ZL9e3_lut_w1_0_addr_reg_1872|    4   |
| p_ZL9e3_lut_w1_0_load_reg_1881|   32   |
|p_ZL9e3_lut_w1_10_addr_reg_2071|    4   |
|p_ZL9e3_lut_w1_10_load_reg_2086|   32   |
|p_ZL9e3_lut_w1_11_addr_reg_2091|    4   |
|p_ZL9e3_lut_w1_11_load_reg_2106|   32   |
|p_ZL9e3_lut_w1_12_addr_reg_2111|    4   |
|p_ZL9e3_lut_w1_12_load_reg_2126|   32   |
|p_ZL9e3_lut_w1_13_addr_reg_2131|    4   |
|p_ZL9e3_lut_w1_13_load_reg_2146|   32   |
|p_ZL9e3_lut_w1_14_addr_reg_2151|    4   |
|p_ZL9e3_lut_w1_14_load_reg_2166|   32   |
|p_ZL9e3_lut_w1_15_addr_reg_2171|    4   |
|p_ZL9e3_lut_w1_15_load_reg_2186|   32   |
|p_ZL9e3_lut_w1_16_addr_reg_2191|    4   |
|p_ZL9e3_lut_w1_16_load_reg_2206|   32   |
|p_ZL9e3_lut_w1_17_addr_reg_2211|    4   |
|p_ZL9e3_lut_w1_17_load_reg_2226|   32   |
|p_ZL9e3_lut_w1_18_addr_reg_2231|    4   |
|p_ZL9e3_lut_w1_18_load_reg_2246|   32   |
|p_ZL9e3_lut_w1_19_addr_reg_2251|    4   |
|p_ZL9e3_lut_w1_19_load_reg_2266|   32   |
| p_ZL9e3_lut_w1_1_addr_reg_1891|    4   |
| p_ZL9e3_lut_w1_1_load_reg_1906|   32   |
|p_ZL9e3_lut_w1_20_addr_reg_2271|    4   |
|p_ZL9e3_lut_w1_20_load_reg_2286|   32   |
|p_ZL9e3_lut_w1_21_addr_reg_2291|    4   |
|p_ZL9e3_lut_w1_21_load_reg_2306|   32   |
|p_ZL9e3_lut_w1_22_addr_reg_2311|    4   |
|p_ZL9e3_lut_w1_22_load_reg_2326|   32   |
|p_ZL9e3_lut_w1_23_addr_reg_2331|    4   |
|p_ZL9e3_lut_w1_23_load_reg_2346|   32   |
|p_ZL9e3_lut_w1_24_addr_reg_2351|    4   |
|p_ZL9e3_lut_w1_24_load_reg_2366|   32   |
|p_ZL9e3_lut_w1_25_addr_reg_2371|    4   |
|p_ZL9e3_lut_w1_25_load_reg_2386|   32   |
|p_ZL9e3_lut_w1_26_addr_reg_2391|    4   |
|p_ZL9e3_lut_w1_26_load_reg_2406|   32   |
|p_ZL9e3_lut_w1_27_addr_reg_2411|    4   |
|p_ZL9e3_lut_w1_27_load_reg_2426|   32   |
|p_ZL9e3_lut_w1_28_addr_reg_2431|    4   |
|p_ZL9e3_lut_w1_28_load_reg_2446|   32   |
|p_ZL9e3_lut_w1_29_addr_reg_2451|    4   |
|p_ZL9e3_lut_w1_29_load_reg_2476|   32   |
| p_ZL9e3_lut_w1_2_addr_reg_1911|    4   |
| p_ZL9e3_lut_w1_2_load_reg_1926|   32   |
|p_ZL9e3_lut_w1_30_addr_reg_2456|    4   |
|p_ZL9e3_lut_w1_30_load_reg_2481|   32   |
|p_ZL9e3_lut_w1_31_addr_reg_2461|    4   |
|p_ZL9e3_lut_w1_31_load_reg_2486|   32   |
| p_ZL9e3_lut_w1_3_addr_reg_1931|    4   |
| p_ZL9e3_lut_w1_3_load_reg_1946|   32   |
| p_ZL9e3_lut_w1_4_addr_reg_1951|    4   |
| p_ZL9e3_lut_w1_4_load_reg_1966|   32   |
| p_ZL9e3_lut_w1_5_addr_reg_1971|    4   |
| p_ZL9e3_lut_w1_5_load_reg_1986|   32   |
| p_ZL9e3_lut_w1_6_addr_reg_1991|    4   |
| p_ZL9e3_lut_w1_6_load_reg_2006|   32   |
| p_ZL9e3_lut_w1_7_addr_reg_2011|    4   |
| p_ZL9e3_lut_w1_7_load_reg_2026|   32   |
| p_ZL9e3_lut_w1_8_addr_reg_2031|    4   |
| p_ZL9e3_lut_w1_8_load_reg_2046|   32   |
| p_ZL9e3_lut_w1_9_addr_reg_2051|    4   |
| p_ZL9e3_lut_w1_9_load_reg_2066|   32   |
|          tmp_reg_2529         |   32   |
|      trunc_ln736_reg_1877     |    4   |
|      zext_ln736_reg_1836      |   64   |
+-------------------------------+--------+
|             Total             |  4878  |
+-------------------------------+--------+

* Multiplexer (MUX) list: 
|--------------------|------|------|------|--------||---------||---------|
|        Comp        |  Pin | Size |  BW  | S x BW ||  Delay  ||   LUT   |
|--------------------|------|------|------|--------||---------||---------|
|  grp_access_fu_617 |  p0  |   2  |   4  |    8   ||    9    |
|  grp_access_fu_630 |  p0  |   2  |   4  |    8   ||    9    |
|  grp_access_fu_643 |  p0  |   2  |   4  |    8   ||    9    |
|  grp_access_fu_656 |  p0  |   2  |   4  |    8   ||    9    |
|  grp_access_fu_669 |  p0  |   2  |   4  |    8   ||    9    |
|  grp_access_fu_682 |  p0  |   2  |   4  |    8   ||    9    |
|  grp_access_fu_695 |  p0  |   2  |   4  |    8   ||    9    |
|  grp_access_fu_708 |  p0  |   2  |   4  |    8   ||    9    |
|  grp_access_fu_721 |  p0  |   2  |   4  |    8   ||    9    |
|  grp_access_fu_734 |  p0  |   2  |   4  |    8   ||    9    |
|  grp_access_fu_747 |  p0  |   2  |   4  |    8   ||    9    |
|  grp_access_fu_760 |  p0  |   2  |   4  |    8   ||    9    |
|  grp_access_fu_773 |  p0  |   2  |   4  |    8   ||    9    |
|  grp_access_fu_786 |  p0  |   2  |   4  |    8   ||    9    |
|  grp_access_fu_799 |  p0  |   2  |   4  |    8   ||    9    |
|  grp_access_fu_812 |  p0  |   2  |   4  |    8   ||    9    |
|  grp_access_fu_825 |  p0  |   2  |   4  |    8   ||    9    |
|  grp_access_fu_838 |  p0  |   2  |   4  |    8   ||    9    |
|  grp_access_fu_851 |  p0  |   2  |   4  |    8   ||    9    |
|  grp_access_fu_864 |  p0  |   2  |   4  |    8   ||    9    |
|  grp_access_fu_877 |  p0  |   2  |   4  |    8   ||    9    |
|  grp_access_fu_890 |  p0  |   2  |   4  |    8   ||    9    |
|  grp_access_fu_903 |  p0  |   2  |   4  |    8   ||    9    |
|  grp_access_fu_916 |  p0  |   2  |   4  |    8   ||    9    |
|  grp_access_fu_929 |  p0  |   2  |   4  |    8   ||    9    |
|  grp_access_fu_942 |  p0  |   2  |   4  |    8   ||    9    |
|  grp_access_fu_955 |  p0  |   2  |   4  |    8   ||    9    |
|  grp_access_fu_968 |  p0  |   2  |   4  |    8   ||    9    |
|  grp_access_fu_981 |  p0  |   2  |   4  |    8   ||    9    |
|  grp_access_fu_994 |  p0  |   2  |   4  |    8   ||    9    |
| grp_access_fu_1021 |  p0  |   2  |   4  |    8   ||    9    |
| grp_access_fu_1027 |  p0  |   2  |   4  |    8   ||    9    |
| grp_access_fu_1033 |  p0  |   2  |   4  |    8   ||    9    |
|     grp_fu_1039    |  p0  |   2  |  32  |   64   ||    9    |
|     grp_fu_1173    |  p0  |   2  |  32  |   64   ||    9    |
|     grp_fu_1178    |  p0  |   2  |  32  |   64   ||    9    |
|     grp_fu_1183    |  p0  |   2  |  32  |   64   ||    9    |
|     grp_fu_1188    |  p0  |   2  |  32  |   64   ||    9    |
|     grp_fu_1193    |  p0  |   2  |  32  |   64   ||    9    |
|     grp_fu_1198    |  p0  |   2  |  32  |   64   ||    9    |
|     grp_fu_1203    |  p0  |   2  |  32  |   64   ||    9    |
|     grp_fu_1208    |  p0  |   2  |  32  |   64   ||    9    |
|     grp_fu_1213    |  p0  |   2  |  32  |   64   ||    9    |
|     grp_fu_1218    |  p0  |   2  |  32  |   64   ||    9    |
|     grp_fu_1223    |  p0  |   2  |  32  |   64   ||    9    |
|     grp_fu_1228    |  p0  |   2  |  32  |   64   ||    9    |
|     grp_fu_1233    |  p0  |   2  |  32  |   64   ||    9    |
|     grp_fu_1238    |  p0  |   2  |  32  |   64   ||    9    |
|     grp_fu_1243    |  p0  |   2  |  32  |   64   ||    9    |
|     grp_fu_1248    |  p0  |   2  |  32  |   64   ||    9    |
|     grp_fu_1253    |  p0  |   2  |  32  |   64   ||    9    |
|     grp_fu_1258    |  p0  |   2  |  32  |   64   ||    9    |
|     grp_fu_1263    |  p0  |   2  |  32  |   64   ||    9    |
|     grp_fu_1268    |  p0  |   2  |  32  |   64   ||    9    |
|     grp_fu_1273    |  p0  |   2  |  32  |   64   ||    9    |
|     grp_fu_1278    |  p0  |   2  |  32  |   64   ||    9    |
|     grp_fu_1283    |  p0  |   2  |  32  |   64   ||    9    |
|     grp_fu_1288    |  p0  |   2  |  32  |   64   ||    9    |
|     grp_fu_1293    |  p0  |   2  |  32  |   64   ||    9    |
|     grp_fu_1298    |  p0  |   2  |  32  |   64   ||    9    |
|     grp_fu_1303    |  p0  |   2  |  32  |   64   ||    9    |
|     grp_fu_1308    |  p0  |   2  |  32  |   64   ||    9    |
|     grp_fu_1313    |  p0  |   2  |  32  |   64   ||    9    |
|     grp_fu_1318    |  p0  |   2  |  32  |   64   ||    9    |
|     grp_fu_1323    |  p0  |   2  |  32  |   64   ||    9    |
|     grp_fu_1328    |  p0  |   2  |  32  |   64   ||    9    |
|--------------------|------|------|------|--------||---------||---------|
|        Total       |      |      |      |  2376  ||  23.892 ||   594   |
|--------------------|------|------|------|--------||---------||---------|



* Summary:
+-----------+--------+--------+--------+--------+
|           |   DSP  |  Delay |   FF   |   LUT  |
+-----------+--------+--------+--------+--------+
|  Function |   169  |    -   |  10077 |  11027 |
|   Memory  |    -   |    -   |    -   |    -   |
|Multiplexer|    -   |   23   |    -   |   594  |
|  Register |    -   |    -   |  4878  |    -   |
+-----------+--------+--------+--------+--------+
|   Total   |   169  |   23   |  14955 |  11621 |
+-----------+--------+--------+--------+--------+
