

================================================================
== Vitis HLS Report for 'pseudo_moe'
================================================================
* Date:           Sun Sep 20 15:25:52 2026

* Version:        2023.2 (Build 4023990 on Oct 11 2023)
* Project:        project
* Solution:       solution1 (Vivado IP Flow Target)
* Product family: virtexuplus
* Target device:  xcvu13p_CIV-figd2104-3-e


================================================================
== Performance Estimates
================================================================
+ Timing: 
    * Summary: 
    +--------+----------+-----------+------------+
    |  Clock |  Target  | Estimated | Uncertainty|
    +--------+----------+-----------+------------+
    |ap_clk  |  10.00 ns|  13.347 ns|     2.70 ns|
    +--------+----------+-----------+------------+

+ Latency: 
    * Summary: 
    +---------+---------+----------+----------+--------+--------+---------+
    |  Latency (cycles) |  Latency (absolute) |     Interval    | Pipeline|
    |   min   |   max   |    min   |    max   |   min  |   max  |   Type  |
    +---------+---------+----------+----------+--------+--------+---------+
    |   210439|   210439|  2.809 ms|  2.809 ms|  210440|  210440|       no|
    +---------+---------+----------+----------+--------+--------+---------+

    + Detail: 
        * Instance: 
        +---------------------------------------------------+---------------------------------------+---------+---------+-----------+-----------+------+------+---------+
        |                                                   |                                       |  Latency (cycles) |   Latency (absolute)  |   Interval  | Pipeline|
        |                      Instance                     |                 Module                |   min   |   max   |    min    |    max    |  min |  max |   Type  |
        +---------------------------------------------------+---------------------------------------+---------+---------+-----------+-----------+------+------+---------+
        |grp_pseudo_moe_Pipeline_VITIS_LOOP_73_2_fu_1209    |pseudo_moe_Pipeline_VITIS_LOOP_73_2    |       67|       67|   0.670 us|   0.670 us|    67|    67|       no|
        |grp_pseudo_moe_Pipeline_VITIS_LOOP_24_2_fu_1217    |pseudo_moe_Pipeline_VITIS_LOOP_24_2    |       70|       70|   0.700 us|   0.700 us|    70|    70|       no|
        |grp_pseudo_moe_Pipeline_VITIS_LOOP_89_4_fu_1229    |pseudo_moe_Pipeline_VITIS_LOOP_89_4    |       12|       12|   0.120 us|   0.120 us|    12|    12|       no|
        |grp_pseudo_moe_Pipeline_VITIS_LOOP_95_5_fu_1248    |pseudo_moe_Pipeline_VITIS_LOOP_95_5    |       11|       11|   0.110 us|   0.110 us|    11|    11|       no|
        |grp_pseudo_moe_Pipeline_VITIS_LOOP_100_6_fu_1260   |pseudo_moe_Pipeline_VITIS_LOOP_100_6   |       66|       66|   0.660 us|   0.660 us|    66|    66|       no|
        |grp_pseudo_moe_Pipeline_VITIS_LOOP_106_7_fu_1267   |pseudo_moe_Pipeline_VITIS_LOOP_106_7   |     4107|     4107|  41.070 us|  41.070 us|  4107|  4107|       no|
        |grp_pseudo_moe_Pipeline_VITIS_LOOP_110_8_fu_1359   |pseudo_moe_Pipeline_VITIS_LOOP_110_8   |     1026|     1026|  13.694 us|  13.694 us|  1026|  1026|       no|
        |grp_pseudo_moe_Pipeline_VITIS_LOOP_116_9_fu_1369   |pseudo_moe_Pipeline_VITIS_LOOP_116_9   |     4107|     4107|  41.070 us|  41.070 us|  4107|  4107|       no|
        |grp_pseudo_moe_Pipeline_VITIS_LOOP_120_10_fu_1444  |pseudo_moe_Pipeline_VITIS_LOOP_120_10  |     1026|     1026|  13.694 us|  13.694 us|  1026|  1026|       no|
        |grp_pseudo_moe_Pipeline_VITIS_LOOP_126_11_fu_1454  |pseudo_moe_Pipeline_VITIS_LOOP_126_11  |     4107|     4107|  41.070 us|  41.070 us|  4107|  4107|       no|
        |grp_pseudo_moe_Pipeline_VITIS_LOOP_130_12_fu_1529  |pseudo_moe_Pipeline_VITIS_LOOP_130_12  |     1026|     1026|  13.694 us|  13.694 us|  1026|  1026|       no|
        |grp_pseudo_moe_Pipeline_VITIS_LOOP_136_13_fu_1539  |pseudo_moe_Pipeline_VITIS_LOOP_136_13  |     4107|     4107|  41.070 us|  41.070 us|  4107|  4107|       no|
        |grp_pseudo_moe_Pipeline_VITIS_LOOP_140_14_fu_1614  |pseudo_moe_Pipeline_VITIS_LOOP_140_14  |     1026|     1026|  13.694 us|  13.694 us|  1026|  1026|       no|
        +---------------------------------------------------+---------------------------------------+---------+---------+-----------+-----------+------+------+---------+

        * Loop: 
        +--------------------+---------+---------+----------+-----------+-----------+------+----------+
        |                    |  Latency (cycles) | Iteration|  Initiation Interval  | Trip |          |
        |      Loop Name     |   min   |   max   |  Latency |  achieved |   target  | Count| Pipelined|
        +--------------------+---------+---------+----------+-----------+-----------+------+----------+
        |- VITIS_LOOP_71_1   |   210430|   210430|     21043|          -|          -|    10|        no|
        | + VITIS_LOOP_80_3  |      324|      324|        81|          -|          -|     4|        no|
        +--------------------+---------+---------+----------+-----------+-----------+------+----------+

============================================================
+ Verbose Summary: Synthesis Manager
============================================================
InlineROM: 1
ExposeGlobal: 0
============================================================
+ Verbose Summary: CDFG Model
============================================================
IsTopModel: 1
ResetActiveHigh: 1
IsCombinational: 0
IsDatapathOnly: 0
HasWiredReturn: 1
HasMFsm: 0
HasVarLatency: 1
IsPipeline: 0
IsRtlPipelined: 0
IsInstanceOverlapped: 0
IsDontTouch: 0
HasImplIP: 0
IsGatedGlobalClock: 0


============================================================
+ Verbose Summary: Schedule
============================================================
* Number of FSM states : 61
* Pipeline : 0
* Dataflow Pipeline: 0

* FSM state transitions: 
1 --> 2 
2 --> 3 
3 --> 4 
4 --> 5 
5 --> 6 
6 --> 7 
7 --> 8 
8 --> 9 
9 --> 10 
10 --> 11 
11 --> 12 
12 --> 13 
13 --> 14 
14 --> 15 
15 --> 16 
16 --> 17 
17 --> 18 
18 --> 19 
19 --> 20 30 
20 --> 21 
21 --> 22 
22 --> 23 
23 --> 24 
24 --> 25 
25 --> 26 
26 --> 27 
27 --> 28 
28 --> 29 
29 --> 19 
30 --> 31 
31 --> 32 
32 --> 33 
33 --> 34 
34 --> 35 
35 --> 36 
36 --> 37 
37 --> 38 
38 --> 39 
39 --> 40 
40 --> 41 
41 --> 42 
42 --> 43 
43 --> 44 
44 --> 45 
45 --> 46 
46 --> 47 
47 --> 48 
48 --> 49 
49 --> 50 
50 --> 51 
51 --> 52 
52 --> 53 
53 --> 54 
54 --> 55 
55 --> 56 
56 --> 57 
57 --> 58 
58 --> 59 
59 --> 60 
60 --> 61 
61 --> 10 

* FSM state operations: 

State 1 <SV = 0> <Delay = 1.02>
ST_1 : Operation 62 [1/1] (0.00ns)   --->   "%n = alloca i32 1" [/home/simics/HMoE/HLS_HMoE/pseudo_block/run_2/src/pseudo_moe.cpp:71]   --->   Operation 62 'alloca' 'n' <Predicate = true> <Delay = 0.00>
ST_1 : Operation 63 [1/1] (0.00ns)   --->   "%exp_values_0_05 = alloca i32 1"   --->   Operation 63 'alloca' 'exp_values_0_05' <Predicate = true> <Delay = 0.00>
ST_1 : Operation 64 [1/1] (0.00ns)   --->   "%exp_values_1_06 = alloca i32 1"   --->   Operation 64 'alloca' 'exp_values_1_06' <Predicate = true> <Delay = 0.00>
ST_1 : Operation 65 [1/1] (0.00ns)   --->   "%exp_values_2_07 = alloca i32 1"   --->   Operation 65 'alloca' 'exp_values_2_07' <Predicate = true> <Delay = 0.00>
ST_1 : Operation 66 [1/1] (0.00ns)   --->   "%exp_values_3_08 = alloca i32 1"   --->   Operation 66 'alloca' 'exp_values_3_08' <Predicate = true> <Delay = 0.00>
ST_1 : Operation 67 [1/1] (0.00ns)   --->   "%logits_0_01 = alloca i32 1"   --->   Operation 67 'alloca' 'logits_0_01' <Predicate = true> <Delay = 0.00>
ST_1 : Operation 68 [1/1] (0.00ns)   --->   "%logits_1_02 = alloca i32 1"   --->   Operation 68 'alloca' 'logits_1_02' <Predicate = true> <Delay = 0.00>
ST_1 : Operation 69 [1/1] (0.00ns)   --->   "%logits_2_03 = alloca i32 1"   --->   Operation 69 'alloca' 'logits_2_03' <Predicate = true> <Delay = 0.00>
ST_1 : Operation 70 [1/1] (0.00ns)   --->   "%logits_3_04 = alloca i32 1"   --->   Operation 70 'alloca' 'logits_3_04' <Predicate = true> <Delay = 0.00>
ST_1 : Operation 71 [1/1] (1.00ns)   --->   "%output_r_read = read i64 @_ssdm_op_Read.s_axilite.i64, i64 %output_r"   --->   Operation 71 'read' 'output_r_read' <Predicate = true> <Delay = 1.00> <CoreInst = "s_axilite">   --->   Core 122 's_axilite' <Latency = 0> <II = 1> <Delay = 1.00> <Adapter> <Opcode : 'read' 'write'>
ST_1 : Operation 72 [1/1] (1.00ns)   --->   "%gates_out_read = read i64 @_ssdm_op_Read.s_axilite.i64, i64 %gates_out"   --->   Operation 72 'read' 'gates_out_read' <Predicate = true> <Delay = 1.00> <CoreInst = "s_axilite">   --->   Core 122 's_axilite' <Latency = 0> <II = 1> <Delay = 1.00> <Adapter> <Opcode : 'read' 'write'>
ST_1 : Operation 73 [1/1] (1.00ns)   --->   "%b3_read = read i64 @_ssdm_op_Read.s_axilite.i64, i64 %b3"   --->   Operation 73 'read' 'b3_read' <Predicate = true> <Delay = 1.00> <CoreInst = "s_axilite">   --->   Core 122 's_axilite' <Latency = 0> <II = 1> <Delay = 1.00> <Adapter> <Opcode : 'read' 'write'>
ST_1 : Operation 74 [1/1] (1.00ns)   --->   "%w3_read = read i64 @_ssdm_op_Read.s_axilite.i64, i64 %w3"   --->   Operation 74 'read' 'w3_read' <Predicate = true> <Delay = 1.00> <CoreInst = "s_axilite">   --->   Core 122 's_axilite' <Latency = 0> <II = 1> <Delay = 1.00> <Adapter> <Opcode : 'read' 'write'>
ST_1 : Operation 75 [1/1] (1.00ns)   --->   "%b2_read = read i64 @_ssdm_op_Read.s_axilite.i64, i64 %b2"   --->   Operation 75 'read' 'b2_read' <Predicate = true> <Delay = 1.00> <CoreInst = "s_axilite">   --->   Core 122 's_axilite' <Latency = 0> <II = 1> <Delay = 1.00> <Adapter> <Opcode : 'read' 'write'>
ST_1 : Operation 76 [1/1] (1.00ns)   --->   "%w2_read = read i64 @_ssdm_op_Read.s_axilite.i64, i64 %w2"   --->   Operation 76 'read' 'w2_read' <Predicate = true> <Delay = 1.00> <CoreInst = "s_axilite">   --->   Core 122 's_axilite' <Latency = 0> <II = 1> <Delay = 1.00> <Adapter> <Opcode : 'read' 'write'>
ST_1 : Operation 77 [1/1] (1.00ns)   --->   "%b1_read = read i64 @_ssdm_op_Read.s_axilite.i64, i64 %b1"   --->   Operation 77 'read' 'b1_read' <Predicate = true> <Delay = 1.00> <CoreInst = "s_axilite">   --->   Core 122 's_axilite' <Latency = 0> <II = 1> <Delay = 1.00> <Adapter> <Opcode : 'read' 'write'>
ST_1 : Operation 78 [1/1] (1.00ns)   --->   "%w1_read = read i64 @_ssdm_op_Read.s_axilite.i64, i64 %w1"   --->   Operation 78 'read' 'w1_read' <Predicate = true> <Delay = 1.00> <CoreInst = "s_axilite">   --->   Core 122 's_axilite' <Latency = 0> <II = 1> <Delay = 1.00> <Adapter> <Opcode : 'read' 'write'>
ST_1 : Operation 79 [1/1] (1.00ns)   --->   "%b0_read = read i64 @_ssdm_op_Read.s_axilite.i64, i64 %b0"   --->   Operation 79 'read' 'b0_read' <Predicate = true> <Delay = 1.00> <CoreInst = "s_axilite">   --->   Core 122 's_axilite' <Latency = 0> <II = 1> <Delay = 1.00> <Adapter> <Opcode : 'read' 'write'>
ST_1 : Operation 80 [1/1] (1.00ns)   --->   "%w0_read = read i64 @_ssdm_op_Read.s_axilite.i64, i64 %w0"   --->   Operation 80 'read' 'w0_read' <Predicate = true> <Delay = 1.00> <CoreInst = "s_axilite">   --->   Core 122 's_axilite' <Latency = 0> <II = 1> <Delay = 1.00> <Adapter> <Opcode : 'read' 'write'>
ST_1 : Operation 81 [1/1] (1.00ns)   --->   "%b_gate_read = read i64 @_ssdm_op_Read.s_axilite.i64, i64 %b_gate"   --->   Operation 81 'read' 'b_gate_read' <Predicate = true> <Delay = 1.00> <CoreInst = "s_axilite">   --->   Core 122 's_axilite' <Latency = 0> <II = 1> <Delay = 1.00> <Adapter> <Opcode : 'read' 'write'>
ST_1 : Operation 82 [1/1] (1.00ns)   --->   "%w_gate_read = read i64 @_ssdm_op_Read.s_axilite.i64, i64 %w_gate"   --->   Operation 82 'read' 'w_gate_read' <Predicate = true> <Delay = 1.00> <CoreInst = "s_axilite">   --->   Core 122 's_axilite' <Latency = 0> <II = 1> <Delay = 1.00> <Adapter> <Opcode : 'read' 'write'>
ST_1 : Operation 83 [1/1] (1.00ns)   --->   "%input_r_read = read i64 @_ssdm_op_Read.s_axilite.i64, i64 %input_r"   --->   Operation 83 'read' 'input_r_read' <Predicate = true> <Delay = 1.00> <CoreInst = "s_axilite">   --->   Core 122 's_axilite' <Latency = 0> <II = 1> <Delay = 1.00> <Adapter> <Opcode : 'read' 'write'>
ST_1 : Operation 84 [1/1] (0.00ns)   --->   "%exp_sum_loc = alloca i64 1"   --->   Operation 84 'alloca' 'exp_sum_loc' <Predicate = true> <Delay = 0.00>
ST_1 : Operation 85 [1/1] (0.00ns)   --->   "%exp_values_0_1_loc = alloca i64 1"   --->   Operation 85 'alloca' 'exp_values_0_1_loc' <Predicate = true> <Delay = 0.00>
ST_1 : Operation 86 [1/1] (0.00ns)   --->   "%exp_values_1_1_loc = alloca i64 1"   --->   Operation 86 'alloca' 'exp_values_1_1_loc' <Predicate = true> <Delay = 0.00>
ST_1 : Operation 87 [1/1] (0.00ns)   --->   "%exp_values_2_1_loc = alloca i64 1"   --->   Operation 87 'alloca' 'exp_values_2_1_loc' <Predicate = true> <Delay = 0.00>
ST_1 : Operation 88 [1/1] (0.00ns)   --->   "%exp_values_3_1_loc = alloca i64 1"   --->   Operation 88 'alloca' 'exp_values_3_1_loc' <Predicate = true> <Delay = 0.00>
ST_1 : Operation 89 [1/1] (0.00ns)   --->   "%p_loc30 = alloca i64 1"   --->   Operation 89 'alloca' 'p_loc30' <Predicate = true> <Delay = 0.00>
ST_1 : Operation 90 [1/1] (0.00ns)   --->   "%p_loc29 = alloca i64 1"   --->   Operation 90 'alloca' 'p_loc29' <Predicate = true> <Delay = 0.00>
ST_1 : Operation 91 [1/1] (0.00ns)   --->   "%p_loc28 = alloca i64 1"   --->   Operation 91 'alloca' 'p_loc28' <Predicate = true> <Delay = 0.00>
ST_1 : Operation 92 [1/1] (0.00ns)   --->   "%p_loc = alloca i64 1"   --->   Operation 92 'alloca' 'p_loc' <Predicate = true> <Delay = 0.00>
ST_1 : Operation 93 [1/1] (1.02ns)   --->   "%x = alloca i64 1" [/home/simics/HMoE/HLS_HMoE/pseudo_block/run_2/src/pseudo_moe.cpp:68]   --->   Operation 93 'alloca' 'x' <Predicate = true> <Delay = 1.02> <CoreInst = "RAM_1WnR">   --->   Core 84 'RAM_1WnR' <Latency = 1> <II = 1> <Delay = 1.02> <Storage> <Opcode : 'load' 'store'> <Ports = 17> <Width = 32> <Depth = 64> <RAM>
ST_1 : Operation 94 [1/1] (1.02ns)   --->   "%expert_result = alloca i64 1" [/home/simics/HMoE/HLS_HMoE/pseudo_block/run_2/src/pseudo_moe.cpp:69]   --->   Operation 94 'alloca' 'expert_result' <Predicate = true> <Delay = 1.02>
ST_1 : Operation 95 [1/1] (0.00ns)   --->   "%trunc_ln = partselect i62 @_ssdm_op_PartSelect.i62.i64.i32.i32, i64 %input_r_read, i32 2, i32 63" [/home/simics/HMoE/HLS_HMoE/pseudo_block/run_2/src/pseudo_moe.cpp:71]   --->   Operation 95 'partselect' 'trunc_ln' <Predicate = true> <Delay = 0.00>
ST_1 : Operation 96 [1/1] (0.00ns)   --->   "%trunc_ln1 = partselect i62 @_ssdm_op_PartSelect.i62.i64.i32.i32, i64 %w_gate_read, i32 2, i32 63" [/home/simics/HMoE/HLS_HMoE/pseudo_block/run_2/src/pseudo_moe.cpp:80]   --->   Operation 96 'partselect' 'trunc_ln1' <Predicate = true> <Delay = 0.00>
ST_1 : Operation 97 [1/1] (0.00ns)   --->   "%trunc_ln80_1 = partselect i62 @_ssdm_op_PartSelect.i62.i64.i32.i32, i64 %b_gate_read, i32 2, i32 63" [/home/simics/HMoE/HLS_HMoE/pseudo_block/run_2/src/pseudo_moe.cpp:80]   --->   Operation 97 'partselect' 'trunc_ln80_1' <Predicate = true> <Delay = 0.00>
ST_1 : Operation 98 [1/1] (0.00ns)   --->   "%sext_ln80_1 = sext i62 %trunc_ln80_1" [/home/simics/HMoE/HLS_HMoE/pseudo_block/run_2/src/pseudo_moe.cpp:80]   --->   Operation 98 'sext' 'sext_ln80_1' <Predicate = true> <Delay = 0.00>
ST_1 : Operation 99 [1/1] (0.00ns)   --->   "%gmem2_addr = getelementptr i32 %gmem2, i64 %sext_ln80_1" [/home/simics/HMoE/HLS_HMoE/pseudo_block/run_2/src/pseudo_moe.cpp:80]   --->   Operation 99 'getelementptr' 'gmem2_addr' <Predicate = true> <Delay = 0.00>
ST_1 : Operation 100 [1/1] (0.00ns)   --->   "%trunc_ln2 = partselect i62 @_ssdm_op_PartSelect.i62.i64.i32.i32, i64 %w0_read, i32 2, i32 63" [/home/simics/HMoE/HLS_HMoE/pseudo_block/run_2/src/pseudo_moe.cpp:106]   --->   Operation 100 'partselect' 'trunc_ln2' <Predicate = true> <Delay = 0.00>
ST_1 : Operation 101 [1/1] (0.00ns)   --->   "%trunc_ln106_1 = partselect i62 @_ssdm_op_PartSelect.i62.i64.i32.i32, i64 %b0_read, i32 2, i32 63" [/home/simics/HMoE/HLS_HMoE/pseudo_block/run_2/src/pseudo_moe.cpp:106]   --->   Operation 101 'partselect' 'trunc_ln106_1' <Predicate = true> <Delay = 0.00>
ST_1 : Operation 102 [1/1] (0.00ns)   --->   "%trunc_ln3 = partselect i62 @_ssdm_op_PartSelect.i62.i64.i32.i32, i64 %w1_read, i32 2, i32 63" [/home/simics/HMoE/HLS_HMoE/pseudo_block/run_2/src/pseudo_moe.cpp:116]   --->   Operation 102 'partselect' 'trunc_ln3' <Predicate = true> <Delay = 0.00>
ST_1 : Operation 103 [1/1] (0.00ns)   --->   "%trunc_ln116_1 = partselect i62 @_ssdm_op_PartSelect.i62.i64.i32.i32, i64 %b1_read, i32 2, i32 63" [/home/simics/HMoE/HLS_HMoE/pseudo_block/run_2/src/pseudo_moe.cpp:116]   --->   Operation 103 'partselect' 'trunc_ln116_1' <Predicate = true> <Delay = 0.00>
ST_1 : Operation 104 [1/1] (0.00ns)   --->   "%trunc_ln4 = partselect i62 @_ssdm_op_PartSelect.i62.i64.i32.i32, i64 %w2_read, i32 2, i32 63" [/home/simics/HMoE/HLS_HMoE/pseudo_block/run_2/src/pseudo_moe.cpp:126]   --->   Operation 104 'partselect' 'trunc_ln4' <Predicate = true> <Delay = 0.00>
ST_1 : Operation 105 [1/1] (0.00ns)   --->   "%trunc_ln126_1 = partselect i62 @_ssdm_op_PartSelect.i62.i64.i32.i32, i64 %b2_read, i32 2, i32 63" [/home/simics/HMoE/HLS_HMoE/pseudo_block/run_2/src/pseudo_moe.cpp:126]   --->   Operation 105 'partselect' 'trunc_ln126_1' <Predicate = true> <Delay = 0.00>
ST_1 : Operation 106 [1/1] (0.00ns)   --->   "%trunc_ln5 = partselect i62 @_ssdm_op_PartSelect.i62.i64.i32.i32, i64 %w3_read, i32 2, i32 63" [/home/simics/HMoE/HLS_HMoE/pseudo_block/run_2/src/pseudo_moe.cpp:136]   --->   Operation 106 'partselect' 'trunc_ln5' <Predicate = true> <Delay = 0.00>
ST_1 : Operation 107 [1/1] (0.00ns)   --->   "%trunc_ln136_1 = partselect i62 @_ssdm_op_PartSelect.i62.i64.i32.i32, i64 %b3_read, i32 2, i32 63" [/home/simics/HMoE/HLS_HMoE/pseudo_block/run_2/src/pseudo_moe.cpp:136]   --->   Operation 107 'partselect' 'trunc_ln136_1' <Predicate = true> <Delay = 0.00>
ST_1 : Operation 108 [1/1] (0.36ns)   --->   "%store_ln71 = store i4 0, i4 %n" [/home/simics/HMoE/HLS_HMoE/pseudo_block/run_2/src/pseudo_moe.cpp:71]   --->   Operation 108 'store' 'store_ln71' <Predicate = true> <Delay = 0.36>

State 2 <SV = 1> <Delay = 7.30>
ST_2 : Operation 109 [1/1] (0.00ns)   --->   "%sext_ln71 = sext i62 %trunc_ln" [/home/simics/HMoE/HLS_HMoE/pseudo_block/run_2/src/pseudo_moe.cpp:71]   --->   Operation 109 'sext' 'sext_ln71' <Predicate = true> <Delay = 0.00>
ST_2 : Operation 110 [1/1] (0.00ns)   --->   "%gmem0_addr = getelementptr i32 %gmem0, i64 %sext_ln71" [/home/simics/HMoE/HLS_HMoE/pseudo_block/run_2/src/pseudo_moe.cpp:71]   --->   Operation 110 'getelementptr' 'gmem0_addr' <Predicate = true> <Delay = 0.00>
ST_2 : Operation 111 [8/8] (7.30ns)   --->   "%empty = readreq i1 @_ssdm_op_ReadReq.m_axi.p1i32, i32 %gmem0_addr, i32 640" [/home/simics/HMoE/HLS_HMoE/pseudo_block/run_2/src/pseudo_moe.cpp:71]   --->   Operation 111 'readreq' 'empty' <Predicate = true> <Delay = 7.30> <CoreInst = "m_axi">   --->   Core 121 'm_axi' <Latency = 0> <II = 1> <Delay = 1.00> <Adapter> <Opcode : 'read' 'write' 'readreq' 'writereq' 'writeresp'>

State 3 <SV = 2> <Delay = 7.30>
ST_3 : Operation 112 [7/8] (7.30ns)   --->   "%empty = readreq i1 @_ssdm_op_ReadReq.m_axi.p1i32, i32 %gmem0_addr, i32 640" [/home/simics/HMoE/HLS_HMoE/pseudo_block/run_2/src/pseudo_moe.cpp:71]   --->   Operation 112 'readreq' 'empty' <Predicate = true> <Delay = 7.30> <CoreInst = "m_axi">   --->   Core 121 'm_axi' <Latency = 0> <II = 1> <Delay = 1.00> <Adapter> <Opcode : 'read' 'write' 'readreq' 'writereq' 'writeresp'>

State 4 <SV = 3> <Delay = 7.30>
ST_4 : Operation 113 [6/8] (7.30ns)   --->   "%empty = readreq i1 @_ssdm_op_ReadReq.m_axi.p1i32, i32 %gmem0_addr, i32 640" [/home/simics/HMoE/HLS_HMoE/pseudo_block/run_2/src/pseudo_moe.cpp:71]   --->   Operation 113 'readreq' 'empty' <Predicate = true> <Delay = 7.30> <CoreInst = "m_axi">   --->   Core 121 'm_axi' <Latency = 0> <II = 1> <Delay = 1.00> <Adapter> <Opcode : 'read' 'write' 'readreq' 'writereq' 'writeresp'>

State 5 <SV = 4> <Delay = 7.30>
ST_5 : Operation 114 [5/8] (7.30ns)   --->   "%empty = readreq i1 @_ssdm_op_ReadReq.m_axi.p1i32, i32 %gmem0_addr, i32 640" [/home/simics/HMoE/HLS_HMoE/pseudo_block/run_2/src/pseudo_moe.cpp:71]   --->   Operation 114 'readreq' 'empty' <Predicate = true> <Delay = 7.30> <CoreInst = "m_axi">   --->   Core 121 'm_axi' <Latency = 0> <II = 1> <Delay = 1.00> <Adapter> <Opcode : 'read' 'write' 'readreq' 'writereq' 'writeresp'>

State 6 <SV = 5> <Delay = 7.30>
ST_6 : Operation 115 [4/8] (7.30ns)   --->   "%empty = readreq i1 @_ssdm_op_ReadReq.m_axi.p1i32, i32 %gmem0_addr, i32 640" [/home/simics/HMoE/HLS_HMoE/pseudo_block/run_2/src/pseudo_moe.cpp:71]   --->   Operation 115 'readreq' 'empty' <Predicate = true> <Delay = 7.30> <CoreInst = "m_axi">   --->   Core 121 'm_axi' <Latency = 0> <II = 1> <Delay = 1.00> <Adapter> <Opcode : 'read' 'write' 'readreq' 'writereq' 'writeresp'>

State 7 <SV = 6> <Delay = 7.30>
ST_7 : Operation 116 [3/8] (7.30ns)   --->   "%empty = readreq i1 @_ssdm_op_ReadReq.m_axi.p1i32, i32 %gmem0_addr, i32 640" [/home/simics/HMoE/HLS_HMoE/pseudo_block/run_2/src/pseudo_moe.cpp:71]   --->   Operation 116 'readreq' 'empty' <Predicate = true> <Delay = 7.30> <CoreInst = "m_axi">   --->   Core 121 'm_axi' <Latency = 0> <II = 1> <Delay = 1.00> <Adapter> <Opcode : 'read' 'write' 'readreq' 'writereq' 'writeresp'>

State 8 <SV = 7> <Delay = 7.30>
ST_8 : Operation 117 [2/8] (7.30ns)   --->   "%empty = readreq i1 @_ssdm_op_ReadReq.m_axi.p1i32, i32 %gmem0_addr, i32 640" [/home/simics/HMoE/HLS_HMoE/pseudo_block/run_2/src/pseudo_moe.cpp:71]   --->   Operation 117 'readreq' 'empty' <Predicate = true> <Delay = 7.30> <CoreInst = "m_axi">   --->   Core 121 'm_axi' <Latency = 0> <II = 1> <Delay = 1.00> <Adapter> <Opcode : 'read' 'write' 'readreq' 'writereq' 'writeresp'>

State 9 <SV = 8> <Delay = 7.30>
ST_9 : Operation 118 [1/1] (0.00ns)   --->   "%spectopmodule_ln40 = spectopmodule void @_ssdm_op_SpecTopModule, void @empty_32" [/home/simics/HMoE/HLS_HMoE/pseudo_block/run_2/src/pseudo_moe.cpp:40]   --->   Operation 118 'spectopmodule' 'spectopmodule_ln40' <Predicate = true> <Delay = 0.00>
ST_9 : Operation 119 [1/1] (0.00ns)   --->   "%specinterface_ln0 = specinterface void @_ssdm_op_SpecInterface, i32 %gmem0, void @empty_23, i32 0, i32 0, void @empty_36, i32 0, i32 0, void @empty_12, void @empty_0, void @empty_36, i32 16, i32 16, i32 16, i32 16, void @empty_36, void @empty_36, i32 4294967295, i32 0"   --->   Operation 119 'specinterface' 'specinterface_ln0' <Predicate = true> <Delay = 0.00>
ST_9 : Operation 120 [1/1] (0.00ns)   --->   "%specbitsmap_ln0 = specbitsmap void @_ssdm_op_SpecBitsMap, i32 %gmem0"   --->   Operation 120 'specbitsmap' 'specbitsmap_ln0' <Predicate = true> <Delay = 0.00>
ST_9 : Operation 121 [1/1] (0.00ns)   --->   "%specinterface_ln0 = specinterface void @_ssdm_op_SpecInterface, i32 %gmem1, void @empty_23, i32 0, i32 0, void @empty_36, i32 0, i32 0, void @empty_1, void @empty_0, void @empty_36, i32 16, i32 16, i32 16, i32 16, void @empty_36, void @empty_36, i32 4294967295, i32 0"   --->   Operation 121 'specinterface' 'specinterface_ln0' <Predicate = true> <Delay = 0.00>
ST_9 : Operation 122 [1/1] (0.00ns)   --->   "%specbitsmap_ln0 = specbitsmap void @_ssdm_op_SpecBitsMap, i32 %gmem1"   --->   Operation 122 'specbitsmap' 'specbitsmap_ln0' <Predicate = true> <Delay = 0.00>
ST_9 : Operation 123 [1/1] (0.00ns)   --->   "%specinterface_ln0 = specinterface void @_ssdm_op_SpecInterface, i32 %gmem2, void @empty_23, i32 0, i32 0, void @empty_36, i32 0, i32 0, void @empty_2, void @empty_0, void @empty_36, i32 16, i32 16, i32 16, i32 16, void @empty_36, void @empty_36, i32 4294967295, i32 0"   --->   Operation 123 'specinterface' 'specinterface_ln0' <Predicate = true> <Delay = 0.00>
ST_9 : Operation 124 [1/1] (0.00ns)   --->   "%specbitsmap_ln0 = specbitsmap void @_ssdm_op_SpecBitsMap, i32 %gmem2"   --->   Operation 124 'specbitsmap' 'specbitsmap_ln0' <Predicate = true> <Delay = 0.00>
ST_9 : Operation 125 [1/1] (0.00ns)   --->   "%specinterface_ln0 = specinterface void @_ssdm_op_SpecInterface, i32 %gmem3, void @empty_23, i32 0, i32 0, void @empty_36, i32 0, i32 0, void @empty_3, void @empty_0, void @empty_36, i32 16, i32 16, i32 16, i32 16, void @empty_36, void @empty_36, i32 4294967295, i32 0"   --->   Operation 125 'specinterface' 'specinterface_ln0' <Predicate = true> <Delay = 0.00>
ST_9 : Operation 126 [1/1] (0.00ns)   --->   "%specbitsmap_ln0 = specbitsmap void @_ssdm_op_SpecBitsMap, i32 %gmem3"   --->   Operation 126 'specbitsmap' 'specbitsmap_ln0' <Predicate = true> <Delay = 0.00>
ST_9 : Operation 127 [1/1] (0.00ns)   --->   "%specinterface_ln0 = specinterface void @_ssdm_op_SpecInterface, i32 %gmem4, void @empty_23, i32 0, i32 0, void @empty_36, i32 0, i32 0, void @empty_4, void @empty_0, void @empty_36, i32 16, i32 16, i32 16, i32 16, void @empty_36, void @empty_36, i32 4294967295, i32 0"   --->   Operation 127 'specinterface' 'specinterface_ln0' <Predicate = true> <Delay = 0.00>
ST_9 : Operation 128 [1/1] (0.00ns)   --->   "%specbitsmap_ln0 = specbitsmap void @_ssdm_op_SpecBitsMap, i32 %gmem4"   --->   Operation 128 'specbitsmap' 'specbitsmap_ln0' <Predicate = true> <Delay = 0.00>
ST_9 : Operation 129 [1/1] (0.00ns)   --->   "%specinterface_ln0 = specinterface void @_ssdm_op_SpecInterface, i32 %gmem5, void @empty_23, i32 0, i32 0, void @empty_36, i32 0, i32 0, void @empty_5, void @empty_0, void @empty_36, i32 16, i32 16, i32 16, i32 16, void @empty_36, void @empty_36, i32 4294967295, i32 0"   --->   Operation 129 'specinterface' 'specinterface_ln0' <Predicate = true> <Delay = 0.00>
ST_9 : Operation 130 [1/1] (0.00ns)   --->   "%specbitsmap_ln0 = specbitsmap void @_ssdm_op_SpecBitsMap, i32 %gmem5"   --->   Operation 130 'specbitsmap' 'specbitsmap_ln0' <Predicate = true> <Delay = 0.00>
ST_9 : Operation 131 [1/1] (0.00ns)   --->   "%specinterface_ln0 = specinterface void @_ssdm_op_SpecInterface, i32 %gmem6, void @empty_23, i32 0, i32 0, void @empty_36, i32 0, i32 0, void @empty_6, void @empty_0, void @empty_36, i32 16, i32 16, i32 16, i32 16, void @empty_36, void @empty_36, i32 4294967295, i32 0"   --->   Operation 131 'specinterface' 'specinterface_ln0' <Predicate = true> <Delay = 0.00>
ST_9 : Operation 132 [1/1] (0.00ns)   --->   "%specbitsmap_ln0 = specbitsmap void @_ssdm_op_SpecBitsMap, i32 %gmem6"   --->   Operation 132 'specbitsmap' 'specbitsmap_ln0' <Predicate = true> <Delay = 0.00>
ST_9 : Operation 133 [1/1] (0.00ns)   --->   "%specinterface_ln0 = specinterface void @_ssdm_op_SpecInterface, i32 %gmem7, void @empty_23, i32 0, i32 0, void @empty_36, i32 0, i32 0, void @empty_7, void @empty_0, void @empty_36, i32 16, i32 16, i32 16, i32 16, void @empty_36, void @empty_36, i32 4294967295, i32 0"   --->   Operation 133 'specinterface' 'specinterface_ln0' <Predicate = true> <Delay = 0.00>
ST_9 : Operation 134 [1/1] (0.00ns)   --->   "%specbitsmap_ln0 = specbitsmap void @_ssdm_op_SpecBitsMap, i32 %gmem7"   --->   Operation 134 'specbitsmap' 'specbitsmap_ln0' <Predicate = true> <Delay = 0.00>
ST_9 : Operation 135 [1/1] (0.00ns)   --->   "%specinterface_ln0 = specinterface void @_ssdm_op_SpecInterface, i32 %gmem8, void @empty_23, i32 0, i32 0, void @empty_36, i32 0, i32 0, void @empty_48, void @empty_0, void @empty_36, i32 16, i32 16, i32 16, i32 16, void @empty_36, void @empty_36, i32 4294967295, i32 0"   --->   Operation 135 'specinterface' 'specinterface_ln0' <Predicate = true> <Delay = 0.00>
ST_9 : Operation 136 [1/1] (0.00ns)   --->   "%specbitsmap_ln0 = specbitsmap void @_ssdm_op_SpecBitsMap, i32 %gmem8"   --->   Operation 136 'specbitsmap' 'specbitsmap_ln0' <Predicate = true> <Delay = 0.00>
ST_9 : Operation 137 [1/1] (0.00ns)   --->   "%specinterface_ln0 = specinterface void @_ssdm_op_SpecInterface, i32 %gmem9, void @empty_23, i32 0, i32 0, void @empty_36, i32 0, i32 0, void @empty_9, void @empty_0, void @empty_36, i32 16, i32 16, i32 16, i32 16, void @empty_36, void @empty_36, i32 4294967295, i32 0"   --->   Operation 137 'specinterface' 'specinterface_ln0' <Predicate = true> <Delay = 0.00>
ST_9 : Operation 138 [1/1] (0.00ns)   --->   "%specbitsmap_ln0 = specbitsmap void @_ssdm_op_SpecBitsMap, i32 %gmem9"   --->   Operation 138 'specbitsmap' 'specbitsmap_ln0' <Predicate = true> <Delay = 0.00>
ST_9 : Operation 139 [1/1] (0.00ns)   --->   "%specinterface_ln0 = specinterface void @_ssdm_op_SpecInterface, i32 %gmem10, void @empty_23, i32 0, i32 0, void @empty_36, i32 0, i32 0, void @empty_22, void @empty_0, void @empty_36, i32 16, i32 16, i32 16, i32 16, void @empty_36, void @empty_36, i32 4294967295, i32 0"   --->   Operation 139 'specinterface' 'specinterface_ln0' <Predicate = true> <Delay = 0.00>
ST_9 : Operation 140 [1/1] (0.00ns)   --->   "%specbitsmap_ln0 = specbitsmap void @_ssdm_op_SpecBitsMap, i32 %gmem10"   --->   Operation 140 'specbitsmap' 'specbitsmap_ln0' <Predicate = true> <Delay = 0.00>
ST_9 : Operation 141 [1/1] (0.00ns)   --->   "%specinterface_ln0 = specinterface void @_ssdm_op_SpecInterface, i32 %gmem11, void @empty_23, i32 0, i32 0, void @empty_36, i32 0, i32 0, void @empty_11, void @empty_0, void @empty_36, i32 16, i32 16, i32 16, i32 16, void @empty_36, void @empty_36, i32 4294967295, i32 0"   --->   Operation 141 'specinterface' 'specinterface_ln0' <Predicate = true> <Delay = 0.00>
ST_9 : Operation 142 [1/1] (0.00ns)   --->   "%specbitsmap_ln0 = specbitsmap void @_ssdm_op_SpecBitsMap, i32 %gmem11"   --->   Operation 142 'specbitsmap' 'specbitsmap_ln0' <Predicate = true> <Delay = 0.00>
ST_9 : Operation 143 [1/1] (0.00ns)   --->   "%specinterface_ln0 = specinterface void @_ssdm_op_SpecInterface, i32 %gmem12, void @empty_23, i32 0, i32 0, void @empty_36, i32 0, i32 0, void @empty, void @empty_0, void @empty_36, i32 16, i32 16, i32 16, i32 16, void @empty_36, void @empty_36, i32 4294967295, i32 0"   --->   Operation 143 'specinterface' 'specinterface_ln0' <Predicate = true> <Delay = 0.00>
ST_9 : Operation 144 [1/1] (0.00ns)   --->   "%specbitsmap_ln0 = specbitsmap void @_ssdm_op_SpecBitsMap, i32 %gmem12"   --->   Operation 144 'specbitsmap' 'specbitsmap_ln0' <Predicate = true> <Delay = 0.00>
ST_9 : Operation 145 [1/1] (0.00ns)   --->   "%specinterface_ln0 = specinterface void @_ssdm_op_SpecInterface, i64 %input_r, void @empty_13, i32 0, i32 0, void @empty_36, i32 0, i32 0, void @empty_14, void @empty_15, void @empty_36, i32 0, i32 0, i32 0, i32 0, void @empty_36, void @empty_16, i32 4294967295, i32 0"   --->   Operation 145 'specinterface' 'specinterface_ln0' <Predicate = true> <Delay = 0.00>
ST_9 : Operation 146 [1/1] (0.00ns)   --->   "%specinterface_ln0 = specinterface void @_ssdm_op_SpecInterface, i64 %input_r, void @empty_17, i32 0, i32 0, void @empty_36, i32 0, i32 0, void @empty_36, void @empty_36, void @empty_36, i32 0, i32 0, i32 0, i32 0, void @empty_36, void @empty_16, i32 4294967295, i32 0"   --->   Operation 146 'specinterface' 'specinterface_ln0' <Predicate = true> <Delay = 0.00>
ST_9 : Operation 147 [1/1] (0.00ns)   --->   "%specinterface_ln0 = specinterface void @_ssdm_op_SpecInterface, i64 %w_gate, void @empty_13, i32 0, i32 0, void @empty_36, i32 0, i32 0, void @empty_14, void @empty_18, void @empty_36, i32 0, i32 0, i32 0, i32 0, void @empty_36, void @empty_16, i32 4294967295, i32 0"   --->   Operation 147 'specinterface' 'specinterface_ln0' <Predicate = true> <Delay = 0.00>
ST_9 : Operation 148 [1/1] (0.00ns)   --->   "%specinterface_ln0 = specinterface void @_ssdm_op_SpecInterface, i64 %w_gate, void @empty_17, i32 0, i32 0, void @empty_36, i32 0, i32 0, void @empty_36, void @empty_36, void @empty_36, i32 0, i32 0, i32 0, i32 0, void @empty_36, void @empty_16, i32 4294967295, i32 0"   --->   Operation 148 'specinterface' 'specinterface_ln0' <Predicate = true> <Delay = 0.00>
ST_9 : Operation 149 [1/1] (0.00ns)   --->   "%specinterface_ln0 = specinterface void @_ssdm_op_SpecInterface, i64 %b_gate, void @empty_13, i32 0, i32 0, void @empty_36, i32 0, i32 0, void @empty_14, void @empty_19, void @empty_36, i32 0, i32 0, i32 0, i32 0, void @empty_36, void @empty_16, i32 4294967295, i32 0"   --->   Operation 149 'specinterface' 'specinterface_ln0' <Predicate = true> <Delay = 0.00>
ST_9 : Operation 150 [1/1] (0.00ns)   --->   "%specinterface_ln0 = specinterface void @_ssdm_op_SpecInterface, i64 %b_gate, void @empty_17, i32 0, i32 0, void @empty_36, i32 0, i32 0, void @empty_36, void @empty_36, void @empty_36, i32 0, i32 0, i32 0, i32 0, void @empty_36, void @empty_16, i32 4294967295, i32 0"   --->   Operation 150 'specinterface' 'specinterface_ln0' <Predicate = true> <Delay = 0.00>
ST_9 : Operation 151 [1/1] (0.00ns)   --->   "%specinterface_ln0 = specinterface void @_ssdm_op_SpecInterface, i64 %w0, void @empty_13, i32 0, i32 0, void @empty_36, i32 0, i32 0, void @empty_14, void @empty_20, void @empty_36, i32 0, i32 0, i32 0, i32 0, void @empty_36, void @empty_16, i32 4294967295, i32 0"   --->   Operation 151 'specinterface' 'specinterface_ln0' <Predicate = true> <Delay = 0.00>
ST_9 : Operation 152 [1/1] (0.00ns)   --->   "%specinterface_ln0 = specinterface void @_ssdm_op_SpecInterface, i64 %w0, void @empty_17, i32 0, i32 0, void @empty_36, i32 0, i32 0, void @empty_36, void @empty_36, void @empty_36, i32 0, i32 0, i32 0, i32 0, void @empty_36, void @empty_16, i32 4294967295, i32 0"   --->   Operation 152 'specinterface' 'specinterface_ln0' <Predicate = true> <Delay = 0.00>
ST_9 : Operation 153 [1/1] (0.00ns)   --->   "%specinterface_ln0 = specinterface void @_ssdm_op_SpecInterface, i64 %b0, void @empty_13, i32 0, i32 0, void @empty_36, i32 0, i32 0, void @empty_14, void @empty_8, void @empty_36, i32 0, i32 0, i32 0, i32 0, void @empty_36, void @empty_16, i32 4294967295, i32 0"   --->   Operation 153 'specinterface' 'specinterface_ln0' <Predicate = true> <Delay = 0.00>
ST_9 : Operation 154 [1/1] (0.00ns)   --->   "%specinterface_ln0 = specinterface void @_ssdm_op_SpecInterface, i64 %b0, void @empty_17, i32 0, i32 0, void @empty_36, i32 0, i32 0, void @empty_36, void @empty_36, void @empty_36, i32 0, i32 0, i32 0, i32 0, void @empty_36, void @empty_16, i32 4294967295, i32 0"   --->   Operation 154 'specinterface' 'specinterface_ln0' <Predicate = true> <Delay = 0.00>
ST_9 : Operation 155 [1/1] (0.00ns)   --->   "%specinterface_ln0 = specinterface void @_ssdm_op_SpecInterface, i64 %w1, void @empty_13, i32 0, i32 0, void @empty_36, i32 0, i32 0, void @empty_14, void @empty_10, void @empty_36, i32 0, i32 0, i32 0, i32 0, void @empty_36, void @empty_16, i32 4294967295, i32 0"   --->   Operation 155 'specinterface' 'specinterface_ln0' <Predicate = true> <Delay = 0.00>
ST_9 : Operation 156 [1/1] (0.00ns)   --->   "%specinterface_ln0 = specinterface void @_ssdm_op_SpecInterface, i64 %w1, void @empty_17, i32 0, i32 0, void @empty_36, i32 0, i32 0, void @empty_36, void @empty_36, void @empty_36, i32 0, i32 0, i32 0, i32 0, void @empty_36, void @empty_16, i32 4294967295, i32 0"   --->   Operation 156 'specinterface' 'specinterface_ln0' <Predicate = true> <Delay = 0.00>
ST_9 : Operation 157 [1/1] (0.00ns)   --->   "%specinterface_ln0 = specinterface void @_ssdm_op_SpecInterface, i64 %b1, void @empty_13, i32 0, i32 0, void @empty_36, i32 0, i32 0, void @empty_14, void @empty_37, void @empty_36, i32 0, i32 0, i32 0, i32 0, void @empty_36, void @empty_16, i32 4294967295, i32 0"   --->   Operation 157 'specinterface' 'specinterface_ln0' <Predicate = true> <Delay = 0.00>
ST_9 : Operation 158 [1/1] (0.00ns)   --->   "%specinterface_ln0 = specinterface void @_ssdm_op_SpecInterface, i64 %b1, void @empty_17, i32 0, i32 0, void @empty_36, i32 0, i32 0, void @empty_36, void @empty_36, void @empty_36, i32 0, i32 0, i32 0, i32 0, void @empty_36, void @empty_16, i32 4294967295, i32 0"   --->   Operation 158 'specinterface' 'specinterface_ln0' <Predicate = true> <Delay = 0.00>
ST_9 : Operation 159 [1/1] (0.00ns)   --->   "%specinterface_ln0 = specinterface void @_ssdm_op_SpecInterface, i64 %w2, void @empty_13, i32 0, i32 0, void @empty_36, i32 0, i32 0, void @empty_14, void @empty_25, void @empty_36, i32 0, i32 0, i32 0, i32 0, void @empty_36, void @empty_16, i32 4294967295, i32 0"   --->   Operation 159 'specinterface' 'specinterface_ln0' <Predicate = true> <Delay = 0.00>
ST_9 : Operation 160 [1/1] (0.00ns)   --->   "%specinterface_ln0 = specinterface void @_ssdm_op_SpecInterface, i64 %w2, void @empty_17, i32 0, i32 0, void @empty_36, i32 0, i32 0, void @empty_36, void @empty_36, void @empty_36, i32 0, i32 0, i32 0, i32 0, void @empty_36, void @empty_16, i32 4294967295, i32 0"   --->   Operation 160 'specinterface' 'specinterface_ln0' <Predicate = true> <Delay = 0.00>
ST_9 : Operation 161 [1/1] (0.00ns)   --->   "%specinterface_ln0 = specinterface void @_ssdm_op_SpecInterface, i64 %b2, void @empty_13, i32 0, i32 0, void @empty_36, i32 0, i32 0, void @empty_14, void @empty_26, void @empty_36, i32 0, i32 0, i32 0, i32 0, void @empty_36, void @empty_16, i32 4294967295, i32 0"   --->   Operation 161 'specinterface' 'specinterface_ln0' <Predicate = true> <Delay = 0.00>
ST_9 : Operation 162 [1/1] (0.00ns)   --->   "%specinterface_ln0 = specinterface void @_ssdm_op_SpecInterface, i64 %b2, void @empty_17, i32 0, i32 0, void @empty_36, i32 0, i32 0, void @empty_36, void @empty_36, void @empty_36, i32 0, i32 0, i32 0, i32 0, void @empty_36, void @empty_16, i32 4294967295, i32 0"   --->   Operation 162 'specinterface' 'specinterface_ln0' <Predicate = true> <Delay = 0.00>
ST_9 : Operation 163 [1/1] (0.00ns)   --->   "%specinterface_ln0 = specinterface void @_ssdm_op_SpecInterface, i64 %w3, void @empty_13, i32 0, i32 0, void @empty_36, i32 0, i32 0, void @empty_14, void @empty_27, void @empty_36, i32 0, i32 0, i32 0, i32 0, void @empty_36, void @empty_16, i32 4294967295, i32 0"   --->   Operation 163 'specinterface' 'specinterface_ln0' <Predicate = true> <Delay = 0.00>
ST_9 : Operation 164 [1/1] (0.00ns)   --->   "%specinterface_ln0 = specinterface void @_ssdm_op_SpecInterface, i64 %w3, void @empty_17, i32 0, i32 0, void @empty_36, i32 0, i32 0, void @empty_36, void @empty_36, void @empty_36, i32 0, i32 0, i32 0, i32 0, void @empty_36, void @empty_16, i32 4294967295, i32 0"   --->   Operation 164 'specinterface' 'specinterface_ln0' <Predicate = true> <Delay = 0.00>
ST_9 : Operation 165 [1/1] (0.00ns)   --->   "%specinterface_ln0 = specinterface void @_ssdm_op_SpecInterface, i64 %b3, void @empty_13, i32 0, i32 0, void @empty_36, i32 0, i32 0, void @empty_14, void @empty_28, void @empty_36, i32 0, i32 0, i32 0, i32 0, void @empty_36, void @empty_16, i32 4294967295, i32 0"   --->   Operation 165 'specinterface' 'specinterface_ln0' <Predicate = true> <Delay = 0.00>
ST_9 : Operation 166 [1/1] (0.00ns)   --->   "%specinterface_ln0 = specinterface void @_ssdm_op_SpecInterface, i64 %b3, void @empty_17, i32 0, i32 0, void @empty_36, i32 0, i32 0, void @empty_36, void @empty_36, void @empty_36, i32 0, i32 0, i32 0, i32 0, void @empty_36, void @empty_16, i32 4294967295, i32 0"   --->   Operation 166 'specinterface' 'specinterface_ln0' <Predicate = true> <Delay = 0.00>
ST_9 : Operation 167 [1/1] (0.00ns)   --->   "%specinterface_ln0 = specinterface void @_ssdm_op_SpecInterface, i64 %gates_out, void @empty_13, i32 0, i32 0, void @empty_36, i32 0, i32 0, void @empty_14, void @empty_29, void @empty_36, i32 0, i32 0, i32 0, i32 0, void @empty_36, void @empty_16, i32 4294967295, i32 0"   --->   Operation 167 'specinterface' 'specinterface_ln0' <Predicate = true> <Delay = 0.00>
ST_9 : Operation 168 [1/1] (0.00ns)   --->   "%specinterface_ln0 = specinterface void @_ssdm_op_SpecInterface, i64 %gates_out, void @empty_17, i32 0, i32 0, void @empty_36, i32 0, i32 0, void @empty_36, void @empty_36, void @empty_36, i32 0, i32 0, i32 0, i32 0, void @empty_36, void @empty_16, i32 4294967295, i32 0"   --->   Operation 168 'specinterface' 'specinterface_ln0' <Predicate = true> <Delay = 0.00>
ST_9 : Operation 169 [1/1] (0.00ns)   --->   "%specinterface_ln0 = specinterface void @_ssdm_op_SpecInterface, i64 %output_r, void @empty_13, i32 0, i32 0, void @empty_36, i32 0, i32 0, void @empty_14, void @empty_30, void @empty_36, i32 0, i32 0, i32 0, i32 0, void @empty_36, void @empty_16, i32 4294967295, i32 0"   --->   Operation 169 'specinterface' 'specinterface_ln0' <Predicate = true> <Delay = 0.00>
ST_9 : Operation 170 [1/1] (0.00ns)   --->   "%specinterface_ln0 = specinterface void @_ssdm_op_SpecInterface, i64 %output_r, void @empty_17, i32 0, i32 0, void @empty_36, i32 0, i32 0, void @empty_36, void @empty_36, void @empty_36, i32 0, i32 0, i32 0, i32 0, void @empty_36, void @empty_16, i32 4294967295, i32 0"   --->   Operation 170 'specinterface' 'specinterface_ln0' <Predicate = true> <Delay = 0.00>
ST_9 : Operation 171 [1/1] (0.00ns)   --->   "%specinterface_ln0 = specinterface void @_ssdm_op_SpecInterface, i32 0, void @empty_13, i32 0, i32 0, void @empty_36, i32 0, i32 0, void @empty_31, void @empty_36, void @empty_36, i32 0, i32 0, i32 0, i32 0, void @empty_36, void @empty_36, i32 4294967295, i32 0"   --->   Operation 171 'specinterface' 'specinterface_ln0' <Predicate = true> <Delay = 0.00>
ST_9 : Operation 172 [1/1] (0.00ns)   --->   "%x_addr = getelementptr i32 %x, i64 0, i64 0"   --->   Operation 172 'getelementptr' 'x_addr' <Predicate = true> <Delay = 0.00>
ST_9 : Operation 173 [1/1] (0.00ns)   --->   "%x_addr_1 = getelementptr i32 %x, i64 0, i64 1"   --->   Operation 173 'getelementptr' 'x_addr_1' <Predicate = true> <Delay = 0.00>
ST_9 : Operation 174 [1/1] (0.00ns)   --->   "%x_addr_2 = getelementptr i32 %x, i64 0, i64 2"   --->   Operation 174 'getelementptr' 'x_addr_2' <Predicate = true> <Delay = 0.00>
ST_9 : Operation 175 [1/1] (0.00ns)   --->   "%x_addr_3 = getelementptr i32 %x, i64 0, i64 3"   --->   Operation 175 'getelementptr' 'x_addr_3' <Predicate = true> <Delay = 0.00>
ST_9 : Operation 176 [1/1] (0.00ns)   --->   "%x_addr_4 = getelementptr i32 %x, i64 0, i64 4"   --->   Operation 176 'getelementptr' 'x_addr_4' <Predicate = true> <Delay = 0.00>
ST_9 : Operation 177 [1/1] (0.00ns)   --->   "%x_addr_5 = getelementptr i32 %x, i64 0, i64 5"   --->   Operation 177 'getelementptr' 'x_addr_5' <Predicate = true> <Delay = 0.00>
ST_9 : Operation 178 [1/1] (0.00ns)   --->   "%x_addr_6 = getelementptr i32 %x, i64 0, i64 6"   --->   Operation 178 'getelementptr' 'x_addr_6' <Predicate = true> <Delay = 0.00>
ST_9 : Operation 179 [1/1] (0.00ns)   --->   "%x_addr_7 = getelementptr i32 %x, i64 0, i64 7"   --->   Operation 179 'getelementptr' 'x_addr_7' <Predicate = true> <Delay = 0.00>
ST_9 : Operation 180 [1/1] (0.00ns)   --->   "%x_addr_8 = getelementptr i32 %x, i64 0, i64 8"   --->   Operation 180 'getelementptr' 'x_addr_8' <Predicate = true> <Delay = 0.00>
ST_9 : Operation 181 [1/1] (0.00ns)   --->   "%x_addr_9 = getelementptr i32 %x, i64 0, i64 9"   --->   Operation 181 'getelementptr' 'x_addr_9' <Predicate = true> <Delay = 0.00>
ST_9 : Operation 182 [1/1] (0.00ns)   --->   "%x_addr_10 = getelementptr i32 %x, i64 0, i64 10"   --->   Operation 182 'getelementptr' 'x_addr_10' <Predicate = true> <Delay = 0.00>
ST_9 : Operation 183 [1/1] (0.00ns)   --->   "%x_addr_11 = getelementptr i32 %x, i64 0, i64 11"   --->   Operation 183 'getelementptr' 'x_addr_11' <Predicate = true> <Delay = 0.00>
ST_9 : Operation 184 [1/1] (0.00ns)   --->   "%x_addr_12 = getelementptr i32 %x, i64 0, i64 12"   --->   Operation 184 'getelementptr' 'x_addr_12' <Predicate = true> <Delay = 0.00>
ST_9 : Operation 185 [1/1] (0.00ns)   --->   "%x_addr_13 = getelementptr i32 %x, i64 0, i64 13"   --->   Operation 185 'getelementptr' 'x_addr_13' <Predicate = true> <Delay = 0.00>
ST_9 : Operation 186 [1/1] (0.00ns)   --->   "%x_addr_14 = getelementptr i32 %x, i64 0, i64 14"   --->   Operation 186 'getelementptr' 'x_addr_14' <Predicate = true> <Delay = 0.00>
ST_9 : Operation 187 [1/1] (0.00ns)   --->   "%x_addr_15 = getelementptr i32 %x, i64 0, i64 15"   --->   Operation 187 'getelementptr' 'x_addr_15' <Predicate = true> <Delay = 0.00>
ST_9 : Operation 188 [1/1] (0.00ns)   --->   "%x_addr_16 = getelementptr i32 %x, i64 0, i64 16"   --->   Operation 188 'getelementptr' 'x_addr_16' <Predicate = true> <Delay = 0.00>
ST_9 : Operation 189 [1/1] (0.00ns)   --->   "%x_addr_17 = getelementptr i32 %x, i64 0, i64 17"   --->   Operation 189 'getelementptr' 'x_addr_17' <Predicate = true> <Delay = 0.00>
ST_9 : Operation 190 [1/1] (0.00ns)   --->   "%x_addr_18 = getelementptr i32 %x, i64 0, i64 18"   --->   Operation 190 'getelementptr' 'x_addr_18' <Predicate = true> <Delay = 0.00>
ST_9 : Operation 191 [1/1] (0.00ns)   --->   "%x_addr_19 = getelementptr i32 %x, i64 0, i64 19"   --->   Operation 191 'getelementptr' 'x_addr_19' <Predicate = true> <Delay = 0.00>
ST_9 : Operation 192 [1/1] (0.00ns)   --->   "%x_addr_20 = getelementptr i32 %x, i64 0, i64 20"   --->   Operation 192 'getelementptr' 'x_addr_20' <Predicate = true> <Delay = 0.00>
ST_9 : Operation 193 [1/1] (0.00ns)   --->   "%x_addr_21 = getelementptr i32 %x, i64 0, i64 21"   --->   Operation 193 'getelementptr' 'x_addr_21' <Predicate = true> <Delay = 0.00>
ST_9 : Operation 194 [1/1] (0.00ns)   --->   "%x_addr_22 = getelementptr i32 %x, i64 0, i64 22"   --->   Operation 194 'getelementptr' 'x_addr_22' <Predicate = true> <Delay = 0.00>
ST_9 : Operation 195 [1/1] (0.00ns)   --->   "%x_addr_23 = getelementptr i32 %x, i64 0, i64 23"   --->   Operation 195 'getelementptr' 'x_addr_23' <Predicate = true> <Delay = 0.00>
ST_9 : Operation 196 [1/1] (0.00ns)   --->   "%x_addr_24 = getelementptr i32 %x, i64 0, i64 24"   --->   Operation 196 'getelementptr' 'x_addr_24' <Predicate = true> <Delay = 0.00>
ST_9 : Operation 197 [1/1] (0.00ns)   --->   "%x_addr_25 = getelementptr i32 %x, i64 0, i64 25"   --->   Operation 197 'getelementptr' 'x_addr_25' <Predicate = true> <Delay = 0.00>
ST_9 : Operation 198 [1/1] (0.00ns)   --->   "%x_addr_26 = getelementptr i32 %x, i64 0, i64 26"   --->   Operation 198 'getelementptr' 'x_addr_26' <Predicate = true> <Delay = 0.00>
ST_9 : Operation 199 [1/1] (0.00ns)   --->   "%x_addr_27 = getelementptr i32 %x, i64 0, i64 27"   --->   Operation 199 'getelementptr' 'x_addr_27' <Predicate = true> <Delay = 0.00>
ST_9 : Operation 200 [1/1] (0.00ns)   --->   "%x_addr_28 = getelementptr i32 %x, i64 0, i64 28"   --->   Operation 200 'getelementptr' 'x_addr_28' <Predicate = true> <Delay = 0.00>
ST_9 : Operation 201 [1/1] (0.00ns)   --->   "%x_addr_29 = getelementptr i32 %x, i64 0, i64 29"   --->   Operation 201 'getelementptr' 'x_addr_29' <Predicate = true> <Delay = 0.00>
ST_9 : Operation 202 [1/1] (0.00ns)   --->   "%x_addr_30 = getelementptr i32 %x, i64 0, i64 30"   --->   Operation 202 'getelementptr' 'x_addr_30' <Predicate = true> <Delay = 0.00>
ST_9 : Operation 203 [1/1] (0.00ns)   --->   "%x_addr_31 = getelementptr i32 %x, i64 0, i64 31"   --->   Operation 203 'getelementptr' 'x_addr_31' <Predicate = true> <Delay = 0.00>
ST_9 : Operation 204 [1/1] (0.00ns)   --->   "%x_addr_32 = getelementptr i32 %x, i64 0, i64 32"   --->   Operation 204 'getelementptr' 'x_addr_32' <Predicate = true> <Delay = 0.00>
ST_9 : Operation 205 [1/1] (0.00ns)   --->   "%x_addr_33 = getelementptr i32 %x, i64 0, i64 33"   --->   Operation 205 'getelementptr' 'x_addr_33' <Predicate = true> <Delay = 0.00>
ST_9 : Operation 206 [1/1] (0.00ns)   --->   "%x_addr_34 = getelementptr i32 %x, i64 0, i64 34"   --->   Operation 206 'getelementptr' 'x_addr_34' <Predicate = true> <Delay = 0.00>
ST_9 : Operation 207 [1/1] (0.00ns)   --->   "%x_addr_35 = getelementptr i32 %x, i64 0, i64 35"   --->   Operation 207 'getelementptr' 'x_addr_35' <Predicate = true> <Delay = 0.00>
ST_9 : Operation 208 [1/1] (0.00ns)   --->   "%x_addr_36 = getelementptr i32 %x, i64 0, i64 36"   --->   Operation 208 'getelementptr' 'x_addr_36' <Predicate = true> <Delay = 0.00>
ST_9 : Operation 209 [1/1] (0.00ns)   --->   "%x_addr_37 = getelementptr i32 %x, i64 0, i64 37"   --->   Operation 209 'getelementptr' 'x_addr_37' <Predicate = true> <Delay = 0.00>
ST_9 : Operation 210 [1/1] (0.00ns)   --->   "%x_addr_38 = getelementptr i32 %x, i64 0, i64 38"   --->   Operation 210 'getelementptr' 'x_addr_38' <Predicate = true> <Delay = 0.00>
ST_9 : Operation 211 [1/1] (0.00ns)   --->   "%x_addr_39 = getelementptr i32 %x, i64 0, i64 39"   --->   Operation 211 'getelementptr' 'x_addr_39' <Predicate = true> <Delay = 0.00>
ST_9 : Operation 212 [1/1] (0.00ns)   --->   "%x_addr_40 = getelementptr i32 %x, i64 0, i64 40"   --->   Operation 212 'getelementptr' 'x_addr_40' <Predicate = true> <Delay = 0.00>
ST_9 : Operation 213 [1/1] (0.00ns)   --->   "%x_addr_41 = getelementptr i32 %x, i64 0, i64 41"   --->   Operation 213 'getelementptr' 'x_addr_41' <Predicate = true> <Delay = 0.00>
ST_9 : Operation 214 [1/1] (0.00ns)   --->   "%x_addr_42 = getelementptr i32 %x, i64 0, i64 42"   --->   Operation 214 'getelementptr' 'x_addr_42' <Predicate = true> <Delay = 0.00>
ST_9 : Operation 215 [1/1] (0.00ns)   --->   "%x_addr_43 = getelementptr i32 %x, i64 0, i64 43"   --->   Operation 215 'getelementptr' 'x_addr_43' <Predicate = true> <Delay = 0.00>
ST_9 : Operation 216 [1/1] (0.00ns)   --->   "%x_addr_44 = getelementptr i32 %x, i64 0, i64 44"   --->   Operation 216 'getelementptr' 'x_addr_44' <Predicate = true> <Delay = 0.00>
ST_9 : Operation 217 [1/1] (0.00ns)   --->   "%x_addr_45 = getelementptr i32 %x, i64 0, i64 45"   --->   Operation 217 'getelementptr' 'x_addr_45' <Predicate = true> <Delay = 0.00>
ST_9 : Operation 218 [1/1] (0.00ns)   --->   "%x_addr_46 = getelementptr i32 %x, i64 0, i64 46"   --->   Operation 218 'getelementptr' 'x_addr_46' <Predicate = true> <Delay = 0.00>
ST_9 : Operation 219 [1/1] (0.00ns)   --->   "%x_addr_47 = getelementptr i32 %x, i64 0, i64 47"   --->   Operation 219 'getelementptr' 'x_addr_47' <Predicate = true> <Delay = 0.00>
ST_9 : Operation 220 [1/1] (0.00ns)   --->   "%x_addr_48 = getelementptr i32 %x, i64 0, i64 48"   --->   Operation 220 'getelementptr' 'x_addr_48' <Predicate = true> <Delay = 0.00>
ST_9 : Operation 221 [1/1] (0.00ns)   --->   "%x_addr_49 = getelementptr i32 %x, i64 0, i64 49"   --->   Operation 221 'getelementptr' 'x_addr_49' <Predicate = true> <Delay = 0.00>
ST_9 : Operation 222 [1/1] (0.00ns)   --->   "%x_addr_50 = getelementptr i32 %x, i64 0, i64 50"   --->   Operation 222 'getelementptr' 'x_addr_50' <Predicate = true> <Delay = 0.00>
ST_9 : Operation 223 [1/1] (0.00ns)   --->   "%x_addr_51 = getelementptr i32 %x, i64 0, i64 51"   --->   Operation 223 'getelementptr' 'x_addr_51' <Predicate = true> <Delay = 0.00>
ST_9 : Operation 224 [1/1] (0.00ns)   --->   "%x_addr_52 = getelementptr i32 %x, i64 0, i64 52"   --->   Operation 224 'getelementptr' 'x_addr_52' <Predicate = true> <Delay = 0.00>
ST_9 : Operation 225 [1/1] (0.00ns)   --->   "%x_addr_53 = getelementptr i32 %x, i64 0, i64 53"   --->   Operation 225 'getelementptr' 'x_addr_53' <Predicate = true> <Delay = 0.00>
ST_9 : Operation 226 [1/1] (0.00ns)   --->   "%x_addr_54 = getelementptr i32 %x, i64 0, i64 54"   --->   Operation 226 'getelementptr' 'x_addr_54' <Predicate = true> <Delay = 0.00>
ST_9 : Operation 227 [1/1] (0.00ns)   --->   "%x_addr_55 = getelementptr i32 %x, i64 0, i64 55"   --->   Operation 227 'getelementptr' 'x_addr_55' <Predicate = true> <Delay = 0.00>
ST_9 : Operation 228 [1/1] (0.00ns)   --->   "%x_addr_56 = getelementptr i32 %x, i64 0, i64 56"   --->   Operation 228 'getelementptr' 'x_addr_56' <Predicate = true> <Delay = 0.00>
ST_9 : Operation 229 [1/1] (0.00ns)   --->   "%x_addr_57 = getelementptr i32 %x, i64 0, i64 57"   --->   Operation 229 'getelementptr' 'x_addr_57' <Predicate = true> <Delay = 0.00>
ST_9 : Operation 230 [1/1] (0.00ns)   --->   "%x_addr_58 = getelementptr i32 %x, i64 0, i64 58"   --->   Operation 230 'getelementptr' 'x_addr_58' <Predicate = true> <Delay = 0.00>
ST_9 : Operation 231 [1/1] (0.00ns)   --->   "%x_addr_59 = getelementptr i32 %x, i64 0, i64 59"   --->   Operation 231 'getelementptr' 'x_addr_59' <Predicate = true> <Delay = 0.00>
ST_9 : Operation 232 [1/1] (0.00ns)   --->   "%x_addr_60 = getelementptr i32 %x, i64 0, i64 60"   --->   Operation 232 'getelementptr' 'x_addr_60' <Predicate = true> <Delay = 0.00>
ST_9 : Operation 233 [1/1] (0.00ns)   --->   "%x_addr_61 = getelementptr i32 %x, i64 0, i64 61"   --->   Operation 233 'getelementptr' 'x_addr_61' <Predicate = true> <Delay = 0.00>
ST_9 : Operation 234 [1/1] (0.00ns)   --->   "%x_addr_62 = getelementptr i32 %x, i64 0, i64 62"   --->   Operation 234 'getelementptr' 'x_addr_62' <Predicate = true> <Delay = 0.00>
ST_9 : Operation 235 [1/1] (0.00ns)   --->   "%x_addr_63 = getelementptr i32 %x, i64 0, i64 63"   --->   Operation 235 'getelementptr' 'x_addr_63' <Predicate = true> <Delay = 0.00>
ST_9 : Operation 236 [1/8] (7.30ns)   --->   "%empty = readreq i1 @_ssdm_op_ReadReq.m_axi.p1i32, i32 %gmem0_addr, i32 640" [/home/simics/HMoE/HLS_HMoE/pseudo_block/run_2/src/pseudo_moe.cpp:71]   --->   Operation 236 'readreq' 'empty' <Predicate = true> <Delay = 7.30> <CoreInst = "m_axi">   --->   Core 121 'm_axi' <Latency = 0> <II = 1> <Delay = 1.00> <Adapter> <Opcode : 'read' 'write' 'readreq' 'writereq' 'writeresp'>
ST_9 : Operation 237 [1/1] (0.00ns)   --->   "%sext_ln80 = sext i62 %trunc_ln1" [/home/simics/HMoE/HLS_HMoE/pseudo_block/run_2/src/pseudo_moe.cpp:80]   --->   Operation 237 'sext' 'sext_ln80' <Predicate = true> <Delay = 0.00>
ST_9 : Operation 238 [1/1] (0.00ns)   --->   "%gmem1_addr = getelementptr i32 %gmem1, i64 %sext_ln80" [/home/simics/HMoE/HLS_HMoE/pseudo_block/run_2/src/pseudo_moe.cpp:80]   --->   Operation 238 'getelementptr' 'gmem1_addr' <Predicate = true> <Delay = 0.00>
ST_9 : Operation 239 [1/1] (0.00ns)   --->   "%sext_ln106 = sext i62 %trunc_ln2" [/home/simics/HMoE/HLS_HMoE/pseudo_block/run_2/src/pseudo_moe.cpp:106]   --->   Operation 239 'sext' 'sext_ln106' <Predicate = true> <Delay = 0.00>
ST_9 : Operation 240 [1/1] (0.00ns)   --->   "%gmem3_addr = getelementptr i32 %gmem3, i64 %sext_ln106" [/home/simics/HMoE/HLS_HMoE/pseudo_block/run_2/src/pseudo_moe.cpp:106]   --->   Operation 240 'getelementptr' 'gmem3_addr' <Predicate = true> <Delay = 0.00>
ST_9 : Operation 241 [1/1] (0.00ns)   --->   "%sext_ln106_1 = sext i62 %trunc_ln106_1" [/home/simics/HMoE/HLS_HMoE/pseudo_block/run_2/src/pseudo_moe.cpp:106]   --->   Operation 241 'sext' 'sext_ln106_1' <Predicate = true> <Delay = 0.00>
ST_9 : Operation 242 [1/1] (0.00ns)   --->   "%gmem4_addr = getelementptr i32 %gmem4, i64 %sext_ln106_1" [/home/simics/HMoE/HLS_HMoE/pseudo_block/run_2/src/pseudo_moe.cpp:106]   --->   Operation 242 'getelementptr' 'gmem4_addr' <Predicate = true> <Delay = 0.00>
ST_9 : Operation 243 [1/1] (0.00ns)   --->   "%sext_ln116 = sext i62 %trunc_ln3" [/home/simics/HMoE/HLS_HMoE/pseudo_block/run_2/src/pseudo_moe.cpp:116]   --->   Operation 243 'sext' 'sext_ln116' <Predicate = true> <Delay = 0.00>
ST_9 : Operation 244 [1/1] (0.00ns)   --->   "%gmem5_addr = getelementptr i32 %gmem5, i64 %sext_ln116" [/home/simics/HMoE/HLS_HMoE/pseudo_block/run_2/src/pseudo_moe.cpp:116]   --->   Operation 244 'getelementptr' 'gmem5_addr' <Predicate = true> <Delay = 0.00>
ST_9 : Operation 245 [1/1] (0.00ns)   --->   "%sext_ln116_1 = sext i62 %trunc_ln116_1" [/home/simics/HMoE/HLS_HMoE/pseudo_block/run_2/src/pseudo_moe.cpp:116]   --->   Operation 245 'sext' 'sext_ln116_1' <Predicate = true> <Delay = 0.00>
ST_9 : Operation 246 [1/1] (0.00ns)   --->   "%gmem6_addr = getelementptr i32 %gmem6, i64 %sext_ln116_1" [/home/simics/HMoE/HLS_HMoE/pseudo_block/run_2/src/pseudo_moe.cpp:116]   --->   Operation 246 'getelementptr' 'gmem6_addr' <Predicate = true> <Delay = 0.00>
ST_9 : Operation 247 [1/1] (0.00ns)   --->   "%sext_ln126 = sext i62 %trunc_ln4" [/home/simics/HMoE/HLS_HMoE/pseudo_block/run_2/src/pseudo_moe.cpp:126]   --->   Operation 247 'sext' 'sext_ln126' <Predicate = true> <Delay = 0.00>
ST_9 : Operation 248 [1/1] (0.00ns)   --->   "%gmem7_addr = getelementptr i32 %gmem7, i64 %sext_ln126" [/home/simics/HMoE/HLS_HMoE/pseudo_block/run_2/src/pseudo_moe.cpp:126]   --->   Operation 248 'getelementptr' 'gmem7_addr' <Predicate = true> <Delay = 0.00>
ST_9 : Operation 249 [1/1] (0.00ns)   --->   "%sext_ln126_1 = sext i62 %trunc_ln126_1" [/home/simics/HMoE/HLS_HMoE/pseudo_block/run_2/src/pseudo_moe.cpp:126]   --->   Operation 249 'sext' 'sext_ln126_1' <Predicate = true> <Delay = 0.00>
ST_9 : Operation 250 [1/1] (0.00ns)   --->   "%gmem8_addr = getelementptr i32 %gmem8, i64 %sext_ln126_1" [/home/simics/HMoE/HLS_HMoE/pseudo_block/run_2/src/pseudo_moe.cpp:126]   --->   Operation 250 'getelementptr' 'gmem8_addr' <Predicate = true> <Delay = 0.00>
ST_9 : Operation 251 [1/1] (0.00ns)   --->   "%sext_ln136 = sext i62 %trunc_ln5" [/home/simics/HMoE/HLS_HMoE/pseudo_block/run_2/src/pseudo_moe.cpp:136]   --->   Operation 251 'sext' 'sext_ln136' <Predicate = true> <Delay = 0.00>
ST_9 : Operation 252 [1/1] (0.00ns)   --->   "%gmem9_addr = getelementptr i32 %gmem9, i64 %sext_ln136" [/home/simics/HMoE/HLS_HMoE/pseudo_block/run_2/src/pseudo_moe.cpp:136]   --->   Operation 252 'getelementptr' 'gmem9_addr' <Predicate = true> <Delay = 0.00>
ST_9 : Operation 253 [1/1] (0.00ns)   --->   "%sext_ln136_1 = sext i62 %trunc_ln136_1" [/home/simics/HMoE/HLS_HMoE/pseudo_block/run_2/src/pseudo_moe.cpp:136]   --->   Operation 253 'sext' 'sext_ln136_1' <Predicate = true> <Delay = 0.00>
ST_9 : Operation 254 [1/1] (0.00ns)   --->   "%gmem10_addr = getelementptr i32 %gmem10, i64 %sext_ln136_1" [/home/simics/HMoE/HLS_HMoE/pseudo_block/run_2/src/pseudo_moe.cpp:136]   --->   Operation 254 'getelementptr' 'gmem10_addr' <Predicate = true> <Delay = 0.00>
ST_9 : Operation 255 [1/1] (0.00ns)   --->   "%br_ln71 = br void %VITIS_LOOP_73_2" [/home/simics/HMoE/HLS_HMoE/pseudo_block/run_2/src/pseudo_moe.cpp:71]   --->   Operation 255 'br' 'br_ln71' <Predicate = true> <Delay = 0.00>

State 10 <SV = 9> <Delay = 0.64>
ST_10 : Operation 256 [1/1] (0.00ns)   --->   "%n_1 = load i4 %n" [/home/simics/HMoE/HLS_HMoE/pseudo_block/run_2/src/pseudo_moe.cpp:71]   --->   Operation 256 'load' 'n_1' <Predicate = true> <Delay = 0.00>
ST_10 : Operation 257 [1/1] (0.64ns)   --->   "%icmp_ln71 = icmp_eq  i4 %n_1, i4 10" [/home/simics/HMoE/HLS_HMoE/pseudo_block/run_2/src/pseudo_moe.cpp:71]   --->   Operation 257 'icmp' 'icmp_ln71' <Predicate = true> <Delay = 0.64> <CoreInst = "Cmp">   --->   Core 9 'Cmp' <Latency = 0> <II = 1> <Delay = 0.64> <FuncUnit> <Opcode : 'icmp'> <InPorts = 2> <OutPorts = 1>
ST_10 : Operation 258 [1/1] (0.64ns)   --->   "%add_ln71 = add i4 %n_1, i4 1" [/home/simics/HMoE/HLS_HMoE/pseudo_block/run_2/src/pseudo_moe.cpp:71]   --->   Operation 258 'add' 'add_ln71' <Predicate = true> <Delay = 0.64> <CoreInst = "Adder">   --->   Core 1 'Adder' <Latency = 0> <II = 1> <Delay = 0.64> <FuncUnit> <Opcode : 'add' 'sub'> <InPorts = 2> <OutPorts = 1>
ST_10 : Operation 259 [1/1] (0.00ns)   --->   "%br_ln71 = br i1 %icmp_ln71, void %VITIS_LOOP_73_2.split, void %for.end211" [/home/simics/HMoE/HLS_HMoE/pseudo_block/run_2/src/pseudo_moe.cpp:71]   --->   Operation 259 'br' 'br_ln71' <Predicate = true> <Delay = 0.00>
ST_10 : Operation 260 [2/2] (0.00ns)   --->   "%call_ln71 = call void @pseudo_moe_Pipeline_VITIS_LOOP_73_2, i32 %gmem0, i62 %trunc_ln, i32 %x" [/home/simics/HMoE/HLS_HMoE/pseudo_block/run_2/src/pseudo_moe.cpp:71]   --->   Operation 260 'call' 'call_ln71' <Predicate = (!icmp_ln71)> <Delay = 0.00> <CoreType = "Generic">   --->   Core 0 '' <Latency = 0> <II = 1> <Delay = 1.00> <Generic> <Opcode : >
ST_10 : Operation 261 [1/1] (0.00ns)   --->   "%ret_ln145 = ret" [/home/simics/HMoE/HLS_HMoE/pseudo_block/run_2/src/pseudo_moe.cpp:145]   --->   Operation 261 'ret' 'ret_ln145' <Predicate = (icmp_ln71)> <Delay = 0.00>

State 11 <SV = 10> <Delay = 7.30>
ST_11 : Operation 262 [1/2] (0.00ns)   --->   "%call_ln71 = call void @pseudo_moe_Pipeline_VITIS_LOOP_73_2, i32 %gmem0, i62 %trunc_ln, i32 %x" [/home/simics/HMoE/HLS_HMoE/pseudo_block/run_2/src/pseudo_moe.cpp:71]   --->   Operation 262 'call' 'call_ln71' <Predicate = true> <Delay = 0.00> <CoreType = "Generic">   --->   Core 0 '' <Latency = 0> <II = 1> <Delay = 1.00> <Generic> <Opcode : >
ST_11 : Operation 263 [8/8] (7.30ns)   --->   "%empty_59 = readreq i1 @_ssdm_op_ReadReq.m_axi.p1i32, i32 %gmem1_addr, i32 256" [/home/simics/HMoE/HLS_HMoE/pseudo_block/run_2/src/pseudo_moe.cpp:80]   --->   Operation 263 'readreq' 'empty_59' <Predicate = true> <Delay = 7.30> <CoreInst = "m_axi">   --->   Core 121 'm_axi' <Latency = 0> <II = 1> <Delay = 1.00> <Adapter> <Opcode : 'read' 'write' 'readreq' 'writereq' 'writeresp'>
ST_11 : Operation 264 [8/8] (7.30ns)   --->   "%empty_60 = readreq i1 @_ssdm_op_ReadReq.m_axi.p1i32, i32 %gmem2_addr, i32 4" [/home/simics/HMoE/HLS_HMoE/pseudo_block/run_2/src/pseudo_moe.cpp:80]   --->   Operation 264 'readreq' 'empty_60' <Predicate = true> <Delay = 7.30> <CoreInst = "m_axi">   --->   Core 121 'm_axi' <Latency = 0> <II = 1> <Delay = 1.00> <Adapter> <Opcode : 'read' 'write' 'readreq' 'writereq' 'writeresp'>

State 12 <SV = 11> <Delay = 7.30>
ST_12 : Operation 265 [7/8] (7.30ns)   --->   "%empty_59 = readreq i1 @_ssdm_op_ReadReq.m_axi.p1i32, i32 %gmem1_addr, i32 256" [/home/simics/HMoE/HLS_HMoE/pseudo_block/run_2/src/pseudo_moe.cpp:80]   --->   Operation 265 'readreq' 'empty_59' <Predicate = true> <Delay = 7.30> <CoreInst = "m_axi">   --->   Core 121 'm_axi' <Latency = 0> <II = 1> <Delay = 1.00> <Adapter> <Opcode : 'read' 'write' 'readreq' 'writereq' 'writeresp'>
ST_12 : Operation 266 [7/8] (7.30ns)   --->   "%empty_60 = readreq i1 @_ssdm_op_ReadReq.m_axi.p1i32, i32 %gmem2_addr, i32 4" [/home/simics/HMoE/HLS_HMoE/pseudo_block/run_2/src/pseudo_moe.cpp:80]   --->   Operation 266 'readreq' 'empty_60' <Predicate = true> <Delay = 7.30> <CoreInst = "m_axi">   --->   Core 121 'm_axi' <Latency = 0> <II = 1> <Delay = 1.00> <Adapter> <Opcode : 'read' 'write' 'readreq' 'writereq' 'writeresp'>

State 13 <SV = 12> <Delay = 7.30>
ST_13 : Operation 267 [6/8] (7.30ns)   --->   "%empty_59 = readreq i1 @_ssdm_op_ReadReq.m_axi.p1i32, i32 %gmem1_addr, i32 256" [/home/simics/HMoE/HLS_HMoE/pseudo_block/run_2/src/pseudo_moe.cpp:80]   --->   Operation 267 'readreq' 'empty_59' <Predicate = true> <Delay = 7.30> <CoreInst = "m_axi">   --->   Core 121 'm_axi' <Latency = 0> <II = 1> <Delay = 1.00> <Adapter> <Opcode : 'read' 'write' 'readreq' 'writereq' 'writeresp'>
ST_13 : Operation 268 [6/8] (7.30ns)   --->   "%empty_60 = readreq i1 @_ssdm_op_ReadReq.m_axi.p1i32, i32 %gmem2_addr, i32 4" [/home/simics/HMoE/HLS_HMoE/pseudo_block/run_2/src/pseudo_moe.cpp:80]   --->   Operation 268 'readreq' 'empty_60' <Predicate = true> <Delay = 7.30> <CoreInst = "m_axi">   --->   Core 121 'm_axi' <Latency = 0> <II = 1> <Delay = 1.00> <Adapter> <Opcode : 'read' 'write' 'readreq' 'writereq' 'writeresp'>

State 14 <SV = 13> <Delay = 7.30>
ST_14 : Operation 269 [5/8] (7.30ns)   --->   "%empty_59 = readreq i1 @_ssdm_op_ReadReq.m_axi.p1i32, i32 %gmem1_addr, i32 256" [/home/simics/HMoE/HLS_HMoE/pseudo_block/run_2/src/pseudo_moe.cpp:80]   --->   Operation 269 'readreq' 'empty_59' <Predicate = true> <Delay = 7.30> <CoreInst = "m_axi">   --->   Core 121 'm_axi' <Latency = 0> <II = 1> <Delay = 1.00> <Adapter> <Opcode : 'read' 'write' 'readreq' 'writereq' 'writeresp'>
ST_14 : Operation 270 [5/8] (7.30ns)   --->   "%empty_60 = readreq i1 @_ssdm_op_ReadReq.m_axi.p1i32, i32 %gmem2_addr, i32 4" [/home/simics/HMoE/HLS_HMoE/pseudo_block/run_2/src/pseudo_moe.cpp:80]   --->   Operation 270 'readreq' 'empty_60' <Predicate = true> <Delay = 7.30> <CoreInst = "m_axi">   --->   Core 121 'm_axi' <Latency = 0> <II = 1> <Delay = 1.00> <Adapter> <Opcode : 'read' 'write' 'readreq' 'writereq' 'writeresp'>

State 15 <SV = 14> <Delay = 7.30>
ST_15 : Operation 271 [4/8] (7.30ns)   --->   "%empty_59 = readreq i1 @_ssdm_op_ReadReq.m_axi.p1i32, i32 %gmem1_addr, i32 256" [/home/simics/HMoE/HLS_HMoE/pseudo_block/run_2/src/pseudo_moe.cpp:80]   --->   Operation 271 'readreq' 'empty_59' <Predicate = true> <Delay = 7.30> <CoreInst = "m_axi">   --->   Core 121 'm_axi' <Latency = 0> <II = 1> <Delay = 1.00> <Adapter> <Opcode : 'read' 'write' 'readreq' 'writereq' 'writeresp'>
ST_15 : Operation 272 [4/8] (7.30ns)   --->   "%empty_60 = readreq i1 @_ssdm_op_ReadReq.m_axi.p1i32, i32 %gmem2_addr, i32 4" [/home/simics/HMoE/HLS_HMoE/pseudo_block/run_2/src/pseudo_moe.cpp:80]   --->   Operation 272 'readreq' 'empty_60' <Predicate = true> <Delay = 7.30> <CoreInst = "m_axi">   --->   Core 121 'm_axi' <Latency = 0> <II = 1> <Delay = 1.00> <Adapter> <Opcode : 'read' 'write' 'readreq' 'writereq' 'writeresp'>

State 16 <SV = 15> <Delay = 7.30>
ST_16 : Operation 273 [3/8] (7.30ns)   --->   "%empty_59 = readreq i1 @_ssdm_op_ReadReq.m_axi.p1i32, i32 %gmem1_addr, i32 256" [/home/simics/HMoE/HLS_HMoE/pseudo_block/run_2/src/pseudo_moe.cpp:80]   --->   Operation 273 'readreq' 'empty_59' <Predicate = true> <Delay = 7.30> <CoreInst = "m_axi">   --->   Core 121 'm_axi' <Latency = 0> <II = 1> <Delay = 1.00> <Adapter> <Opcode : 'read' 'write' 'readreq' 'writereq' 'writeresp'>
ST_16 : Operation 274 [3/8] (7.30ns)   --->   "%empty_60 = readreq i1 @_ssdm_op_ReadReq.m_axi.p1i32, i32 %gmem2_addr, i32 4" [/home/simics/HMoE/HLS_HMoE/pseudo_block/run_2/src/pseudo_moe.cpp:80]   --->   Operation 274 'readreq' 'empty_60' <Predicate = true> <Delay = 7.30> <CoreInst = "m_axi">   --->   Core 121 'm_axi' <Latency = 0> <II = 1> <Delay = 1.00> <Adapter> <Opcode : 'read' 'write' 'readreq' 'writereq' 'writeresp'>

State 17 <SV = 16> <Delay = 7.30>
ST_17 : Operation 275 [2/8] (7.30ns)   --->   "%empty_59 = readreq i1 @_ssdm_op_ReadReq.m_axi.p1i32, i32 %gmem1_addr, i32 256" [/home/simics/HMoE/HLS_HMoE/pseudo_block/run_2/src/pseudo_moe.cpp:80]   --->   Operation 275 'readreq' 'empty_59' <Predicate = true> <Delay = 7.30> <CoreInst = "m_axi">   --->   Core 121 'm_axi' <Latency = 0> <II = 1> <Delay = 1.00> <Adapter> <Opcode : 'read' 'write' 'readreq' 'writereq' 'writeresp'>
ST_17 : Operation 276 [2/8] (7.30ns)   --->   "%empty_60 = readreq i1 @_ssdm_op_ReadReq.m_axi.p1i32, i32 %gmem2_addr, i32 4" [/home/simics/HMoE/HLS_HMoE/pseudo_block/run_2/src/pseudo_moe.cpp:80]   --->   Operation 276 'readreq' 'empty_60' <Predicate = true> <Delay = 7.30> <CoreInst = "m_axi">   --->   Core 121 'm_axi' <Latency = 0> <II = 1> <Delay = 1.00> <Adapter> <Opcode : 'read' 'write' 'readreq' 'writereq' 'writeresp'>

State 18 <SV = 17> <Delay = 7.30>
ST_18 : Operation 277 [1/1] (0.00ns)   --->   "%speclooptripcount_ln71 = speclooptripcount void @_ssdm_op_SpecLoopTripCount, i64 10, i64 10, i64 10" [/home/simics/HMoE/HLS_HMoE/pseudo_block/run_2/src/pseudo_moe.cpp:71]   --->   Operation 277 'speclooptripcount' 'speclooptripcount_ln71' <Predicate = true> <Delay = 0.00>
ST_18 : Operation 278 [1/1] (0.00ns)   --->   "%specloopname_ln71 = specloopname void @_ssdm_op_SpecLoopName, void @empty_34" [/home/simics/HMoE/HLS_HMoE/pseudo_block/run_2/src/pseudo_moe.cpp:71]   --->   Operation 278 'specloopname' 'specloopname_ln71' <Predicate = true> <Delay = 0.00>
ST_18 : Operation 279 [1/8] (7.30ns)   --->   "%empty_59 = readreq i1 @_ssdm_op_ReadReq.m_axi.p1i32, i32 %gmem1_addr, i32 256" [/home/simics/HMoE/HLS_HMoE/pseudo_block/run_2/src/pseudo_moe.cpp:80]   --->   Operation 279 'readreq' 'empty_59' <Predicate = true> <Delay = 7.30> <CoreInst = "m_axi">   --->   Core 121 'm_axi' <Latency = 0> <II = 1> <Delay = 1.00> <Adapter> <Opcode : 'read' 'write' 'readreq' 'writereq' 'writeresp'>
ST_18 : Operation 280 [1/8] (7.30ns)   --->   "%empty_60 = readreq i1 @_ssdm_op_ReadReq.m_axi.p1i32, i32 %gmem2_addr, i32 4" [/home/simics/HMoE/HLS_HMoE/pseudo_block/run_2/src/pseudo_moe.cpp:80]   --->   Operation 280 'readreq' 'empty_60' <Predicate = true> <Delay = 7.30> <CoreInst = "m_axi">   --->   Core 121 'm_axi' <Latency = 0> <II = 1> <Delay = 1.00> <Adapter> <Opcode : 'read' 'write' 'readreq' 'writereq' 'writeresp'>
ST_18 : Operation 281 [1/1] (0.36ns)   --->   "%br_ln80 = br void %for.body10" [/home/simics/HMoE/HLS_HMoE/pseudo_block/run_2/src/pseudo_moe.cpp:80]   --->   Operation 281 'br' 'br_ln80' <Predicate = true> <Delay = 0.36>

State 19 <SV = 18> <Delay = 6.99>
ST_19 : Operation 282 [1/1] (0.00ns)   --->   "%e = phi i3 0, void %VITIS_LOOP_73_2.split, i3 %add_ln80, void %for.body28.i31" [/home/simics/HMoE/HLS_HMoE/pseudo_block/run_2/src/pseudo_moe.cpp:80]   --->   Operation 282 'phi' 'e' <Predicate = true> <Delay = 0.00>
ST_19 : Operation 283 [1/1] (0.00ns)   --->   "%max_logit = phi i32 -1e+30, void %VITIS_LOOP_73_2.split, i32 %max_logit_1, void %for.body28.i31"   --->   Operation 283 'phi' 'max_logit' <Predicate = true> <Delay = 0.00>
ST_19 : Operation 284 [1/1] (0.52ns)   --->   "%icmp_ln80 = icmp_eq  i3 %e, i3 4" [/home/simics/HMoE/HLS_HMoE/pseudo_block/run_2/src/pseudo_moe.cpp:80]   --->   Operation 284 'icmp' 'icmp_ln80' <Predicate = true> <Delay = 0.52> <CoreInst = "Cmp">   --->   Core 9 'Cmp' <Latency = 0> <II = 1> <Delay = 0.52> <FuncUnit> <Opcode : 'icmp'> <InPorts = 2> <OutPorts = 1>
ST_19 : Operation 285 [1/1] (0.52ns)   --->   "%add_ln80 = add i3 %e, i3 1" [/home/simics/HMoE/HLS_HMoE/pseudo_block/run_2/src/pseudo_moe.cpp:80]   --->   Operation 285 'add' 'add_ln80' <Predicate = true> <Delay = 0.52> <CoreInst = "Adder">   --->   Core 1 'Adder' <Latency = 0> <II = 1> <Delay = 0.52> <FuncUnit> <Opcode : 'add' 'sub'> <InPorts = 2> <OutPorts = 1>
ST_19 : Operation 286 [1/1] (0.00ns)   --->   "%br_ln80 = br i1 %icmp_ln80, void %for.body10.split, void %for.inc34.preheader" [/home/simics/HMoE/HLS_HMoE/pseudo_block/run_2/src/pseudo_moe.cpp:80]   --->   Operation 286 'br' 'br_ln80' <Predicate = true> <Delay = 0.00>
ST_19 : Operation 287 [2/2] (0.00ns)   --->   "%call_ln80 = call void @pseudo_moe_Pipeline_VITIS_LOOP_24_2, i32 %gmem1, i62 %trunc_ln1, i32 %x, i32 %p_loc, i32 %p_loc28, i32 %p_loc29, i32 %p_loc30" [/home/simics/HMoE/HLS_HMoE/pseudo_block/run_2/src/pseudo_moe.cpp:80]   --->   Operation 287 'call' 'call_ln80' <Predicate = (!icmp_ln80)> <Delay = 0.00> <CoreType = "Generic">   --->   Core 0 '' <Latency = 0> <II = 1> <Delay = 1.00> <Generic> <Opcode : >
ST_19 : Operation 288 [1/1] (0.00ns)   --->   "%trunc_ln82 = trunc i3 %e" [/home/simics/HMoE/HLS_HMoE/pseudo_block/run_2/src/pseudo_moe.cpp:82]   --->   Operation 288 'trunc' 'trunc_ln82' <Predicate = (!icmp_ln80)> <Delay = 0.00>
ST_19 : Operation 289 [1/1] (0.00ns)   --->   "%exp_values_0_05_load = load i32 %exp_values_0_05"   --->   Operation 289 'load' 'exp_values_0_05_load' <Predicate = (icmp_ln80)> <Delay = 0.00>
ST_19 : Operation 290 [1/1] (0.00ns)   --->   "%exp_values_1_06_load = load i32 %exp_values_1_06"   --->   Operation 290 'load' 'exp_values_1_06_load' <Predicate = (icmp_ln80)> <Delay = 0.00>
ST_19 : Operation 291 [1/1] (0.00ns)   --->   "%exp_values_2_07_load = load i32 %exp_values_2_07"   --->   Operation 291 'load' 'exp_values_2_07_load' <Predicate = (icmp_ln80)> <Delay = 0.00>
ST_19 : Operation 292 [1/1] (0.00ns)   --->   "%exp_values_3_08_load = load i32 %exp_values_3_08"   --->   Operation 292 'load' 'exp_values_3_08_load' <Predicate = (icmp_ln80)> <Delay = 0.00>
ST_19 : Operation 293 [1/1] (0.00ns)   --->   "%logits_0_01_load = load i32 %logits_0_01"   --->   Operation 293 'load' 'logits_0_01_load' <Predicate = (icmp_ln80)> <Delay = 0.00>
ST_19 : Operation 294 [1/1] (0.00ns)   --->   "%logits_1_02_load = load i32 %logits_1_02"   --->   Operation 294 'load' 'logits_1_02_load' <Predicate = (icmp_ln80)> <Delay = 0.00>
ST_19 : Operation 295 [1/1] (0.00ns)   --->   "%logits_2_03_load = load i32 %logits_2_03"   --->   Operation 295 'load' 'logits_2_03_load' <Predicate = (icmp_ln80)> <Delay = 0.00>
ST_19 : Operation 296 [1/1] (0.00ns)   --->   "%logits_3_04_load = load i32 %logits_3_04"   --->   Operation 296 'load' 'logits_3_04_load' <Predicate = (icmp_ln80)> <Delay = 0.00>
ST_19 : Operation 297 [2/2] (6.46ns)   --->   "%call_ln83 = call void @pseudo_moe_Pipeline_VITIS_LOOP_89_4, i32 %exp_values_3_08_load, i32 %exp_values_2_07_load, i32 %exp_values_1_06_load, i32 %exp_values_0_05_load, i32 %logits_0_01_load, i32 %logits_1_02_load, i32 %logits_2_03_load, i32 %logits_3_04_load, i32 %max_logit, i32 %exp_values_3_1_loc, i32 %exp_values_2_1_loc, i32 %exp_values_1_1_loc, i32 %exp_values_0_1_loc, i32 %exp_sum_loc" [/home/simics/HMoE/HLS_HMoE/pseudo_block/run_2/src/pseudo_moe.cpp:83]   --->   Operation 297 'call' 'call_ln83' <Predicate = (icmp_ln80)> <Delay = 6.46> <CoreType = "Generic">   --->   Core 0 '' <Latency = 0> <II = 1> <Delay = 1.00> <Generic> <Opcode : >
ST_19 : Operation 298 [1/1] (0.00ns)   --->   "%tmp_5 = bitconcatenate i8 @_ssdm_op_BitConcatenate.i8.i4.i4, i4 %n_1, i4 0" [/home/simics/HMoE/HLS_HMoE/pseudo_block/run_2/src/pseudo_moe.cpp:71]   --->   Operation 298 'bitconcatenate' 'tmp_5' <Predicate = (icmp_ln80)> <Delay = 0.00>
ST_19 : Operation 299 [1/1] (0.00ns)   --->   "%p_cast14 = zext i8 %tmp_5" [/home/simics/HMoE/HLS_HMoE/pseudo_block/run_2/src/pseudo_moe.cpp:71]   --->   Operation 299 'zext' 'p_cast14' <Predicate = (icmp_ln80)> <Delay = 0.00>
ST_19 : Operation 300 [1/1] (0.96ns)   --->   "%empty_61 = add i64 %p_cast14, i64 %gates_out_read" [/home/simics/HMoE/HLS_HMoE/pseudo_block/run_2/src/pseudo_moe.cpp:71]   --->   Operation 300 'add' 'empty_61' <Predicate = (icmp_ln80)> <Delay = 0.96> <CoreInst = "Adder">   --->   Core 1 'Adder' <Latency = 0> <II = 1> <Delay = 0.96> <FuncUnit> <Opcode : 'add' 'sub'> <InPorts = 2> <OutPorts = 1>
ST_19 : Operation 301 [1/1] (0.00ns)   --->   "%trunc_ln6 = partselect i62 @_ssdm_op_PartSelect.i62.i64.i32.i32, i64 %empty_61, i32 2, i32 63" [/home/simics/HMoE/HLS_HMoE/pseudo_block/run_2/src/pseudo_moe.cpp:95]   --->   Operation 301 'partselect' 'trunc_ln6' <Predicate = (icmp_ln80)> <Delay = 0.00>
ST_19 : Operation 302 [1/1] (0.00ns)   --->   "%tmp_6 = bitconcatenate i12 @_ssdm_op_BitConcatenate.i12.i4.i8, i4 %n_1, i8 0" [/home/simics/HMoE/HLS_HMoE/pseudo_block/run_2/src/pseudo_moe.cpp:71]   --->   Operation 302 'bitconcatenate' 'tmp_6' <Predicate = (icmp_ln80)> <Delay = 0.00>
ST_19 : Operation 303 [1/1] (0.00ns)   --->   "%p_cast16 = zext i12 %tmp_6" [/home/simics/HMoE/HLS_HMoE/pseudo_block/run_2/src/pseudo_moe.cpp:71]   --->   Operation 303 'zext' 'p_cast16' <Predicate = (icmp_ln80)> <Delay = 0.00>
ST_19 : Operation 304 [1/1] (0.96ns)   --->   "%empty_63 = add i64 %p_cast16, i64 %output_r_read" [/home/simics/HMoE/HLS_HMoE/pseudo_block/run_2/src/pseudo_moe.cpp:71]   --->   Operation 304 'add' 'empty_63' <Predicate = (icmp_ln80)> <Delay = 0.96> <CoreInst = "Adder">   --->   Core 1 'Adder' <Latency = 0> <II = 1> <Delay = 0.96> <FuncUnit> <Opcode : 'add' 'sub'> <InPorts = 2> <OutPorts = 1>
ST_19 : Operation 305 [1/1] (0.00ns)   --->   "%trunc_ln7 = partselect i62 @_ssdm_op_PartSelect.i62.i64.i32.i32, i64 %empty_63, i32 2, i32 63" [/home/simics/HMoE/HLS_HMoE/pseudo_block/run_2/src/pseudo_moe.cpp:100]   --->   Operation 305 'partselect' 'trunc_ln7' <Predicate = (icmp_ln80)> <Delay = 0.00>
ST_19 : Operation 306 [1/1] (0.36ns)   --->   "%store_ln71 = store i4 %add_ln71, i4 %n" [/home/simics/HMoE/HLS_HMoE/pseudo_block/run_2/src/pseudo_moe.cpp:71]   --->   Operation 306 'store' 'store_ln71' <Predicate = (icmp_ln80)> <Delay = 0.36>

State 20 <SV = 19> <Delay = 7.30>
ST_20 : Operation 307 [1/1] (7.30ns)   --->   "%gmem2_addr_read = read i32 @_ssdm_op_Read.m_axi.p1i32, i32 %gmem2_addr" [/home/simics/HMoE/HLS_HMoE/pseudo_block/run_2/src/pseudo_moe.cpp:81]   --->   Operation 307 'read' 'gmem2_addr_read' <Predicate = true> <Delay = 7.30> <CoreInst = "m_axi">   --->   Core 121 'm_axi' <Latency = 0> <II = 1> <Delay = 1.00> <Adapter> <Opcode : 'read' 'write' 'readreq' 'writereq' 'writeresp'>
ST_20 : Operation 308 [1/2] (0.00ns)   --->   "%call_ln80 = call void @pseudo_moe_Pipeline_VITIS_LOOP_24_2, i32 %gmem1, i62 %trunc_ln1, i32 %x, i32 %p_loc, i32 %p_loc28, i32 %p_loc29, i32 %p_loc30" [/home/simics/HMoE/HLS_HMoE/pseudo_block/run_2/src/pseudo_moe.cpp:80]   --->   Operation 308 'call' 'call_ln80' <Predicate = true> <Delay = 0.00> <CoreType = "Generic">   --->   Core 0 '' <Latency = 0> <II = 1> <Delay = 1.00> <Generic> <Opcode : >

State 21 <SV = 20> <Delay = 6.04>
ST_21 : Operation 309 [1/1] (0.00ns)   --->   "%p_loc30_load = load i32 %p_loc30"   --->   Operation 309 'load' 'p_loc30_load' <Predicate = true> <Delay = 0.00>
ST_21 : Operation 310 [1/1] (0.00ns)   --->   "%sum = bitcast i32 %gmem2_addr_read" [/home/simics/HMoE/HLS_HMoE/pseudo_block/run_2/src/pseudo_moe.cpp:81]   --->   Operation 310 'bitcast' 'sum' <Predicate = true> <Delay = 0.00>
ST_21 : Operation 311 [2/2] (6.04ns)   --->   "%sum_1 = fadd i32 %sum, i32 %p_loc30_load" [/home/simics/HMoE/HLS_HMoE/pseudo_block/run_2/src/pseudo_moe.cpp:35->/home/simics/HMoE/HLS_HMoE/pseudo_block/run_2/src/pseudo_moe.cpp:81]   --->   Operation 311 'fadd' 'sum_1' <Predicate = true> <Delay = 6.04> <CoreInst = "FAddSub_fulldsp">   --->   Core 18 'FAddSub_fulldsp' <Latency = 1> <II = 1> <Delay = 6.04> <FuncUnit> <Opcode : 'fadd' 'fsub'> <InPorts = 2> <OutPorts = 1>

State 22 <SV = 21> <Delay = 6.04>
ST_22 : Operation 312 [1/2] (6.04ns)   --->   "%sum_1 = fadd i32 %sum, i32 %p_loc30_load" [/home/simics/HMoE/HLS_HMoE/pseudo_block/run_2/src/pseudo_moe.cpp:35->/home/simics/HMoE/HLS_HMoE/pseudo_block/run_2/src/pseudo_moe.cpp:81]   --->   Operation 312 'fadd' 'sum_1' <Predicate = true> <Delay = 6.04> <CoreInst = "FAddSub_fulldsp">   --->   Core 18 'FAddSub_fulldsp' <Latency = 1> <II = 1> <Delay = 6.04> <FuncUnit> <Opcode : 'fadd' 'fsub'> <InPorts = 2> <OutPorts = 1>

State 23 <SV = 22> <Delay = 6.04>
ST_23 : Operation 313 [1/1] (0.00ns)   --->   "%p_loc29_load = load i32 %p_loc29"   --->   Operation 313 'load' 'p_loc29_load' <Predicate = true> <Delay = 0.00>
ST_23 : Operation 314 [2/2] (6.04ns)   --->   "%sum_2 = fadd i32 %sum_1, i32 %p_loc29_load" [/home/simics/HMoE/HLS_HMoE/pseudo_block/run_2/src/pseudo_moe.cpp:35->/home/simics/HMoE/HLS_HMoE/pseudo_block/run_2/src/pseudo_moe.cpp:81]   --->   Operation 314 'fadd' 'sum_2' <Predicate = true> <Delay = 6.04> <CoreInst = "FAddSub_fulldsp">   --->   Core 18 'FAddSub_fulldsp' <Latency = 1> <II = 1> <Delay = 6.04> <FuncUnit> <Opcode : 'fadd' 'fsub'> <InPorts = 2> <OutPorts = 1>

State 24 <SV = 23> <Delay = 6.04>
ST_24 : Operation 315 [1/2] (6.04ns)   --->   "%sum_2 = fadd i32 %sum_1, i32 %p_loc29_load" [/home/simics/HMoE/HLS_HMoE/pseudo_block/run_2/src/pseudo_moe.cpp:35->/home/simics/HMoE/HLS_HMoE/pseudo_block/run_2/src/pseudo_moe.cpp:81]   --->   Operation 315 'fadd' 'sum_2' <Predicate = true> <Delay = 6.04> <CoreInst = "FAddSub_fulldsp">   --->   Core 18 'FAddSub_fulldsp' <Latency = 1> <II = 1> <Delay = 6.04> <FuncUnit> <Opcode : 'fadd' 'fsub'> <InPorts = 2> <OutPorts = 1>

State 25 <SV = 24> <Delay = 6.04>
ST_25 : Operation 316 [1/1] (0.00ns)   --->   "%p_loc28_load = load i32 %p_loc28"   --->   Operation 316 'load' 'p_loc28_load' <Predicate = true> <Delay = 0.00>
ST_25 : Operation 317 [2/2] (6.04ns)   --->   "%sum_3 = fadd i32 %sum_2, i32 %p_loc28_load" [/home/simics/HMoE/HLS_HMoE/pseudo_block/run_2/src/pseudo_moe.cpp:35->/home/simics/HMoE/HLS_HMoE/pseudo_block/run_2/src/pseudo_moe.cpp:81]   --->   Operation 317 'fadd' 'sum_3' <Predicate = true> <Delay = 6.04> <CoreInst = "FAddSub_fulldsp">   --->   Core 18 'FAddSub_fulldsp' <Latency = 1> <II = 1> <Delay = 6.04> <FuncUnit> <Opcode : 'fadd' 'fsub'> <InPorts = 2> <OutPorts = 1>

State 26 <SV = 25> <Delay = 6.04>
ST_26 : Operation 318 [1/2] (6.04ns)   --->   "%sum_3 = fadd i32 %sum_2, i32 %p_loc28_load" [/home/simics/HMoE/HLS_HMoE/pseudo_block/run_2/src/pseudo_moe.cpp:35->/home/simics/HMoE/HLS_HMoE/pseudo_block/run_2/src/pseudo_moe.cpp:81]   --->   Operation 318 'fadd' 'sum_3' <Predicate = true> <Delay = 6.04> <CoreInst = "FAddSub_fulldsp">   --->   Core 18 'FAddSub_fulldsp' <Latency = 1> <II = 1> <Delay = 6.04> <FuncUnit> <Opcode : 'fadd' 'fsub'> <InPorts = 2> <OutPorts = 1>

State 27 <SV = 26> <Delay = 6.04>
ST_27 : Operation 319 [1/1] (0.00ns)   --->   "%p_loc_load = load i32 %p_loc"   --->   Operation 319 'load' 'p_loc_load' <Predicate = true> <Delay = 0.00>
ST_27 : Operation 320 [2/2] (6.04ns)   --->   "%logits_0 = fadd i32 %sum_3, i32 %p_loc_load" [/home/simics/HMoE/HLS_HMoE/pseudo_block/run_2/src/pseudo_moe.cpp:35->/home/simics/HMoE/HLS_HMoE/pseudo_block/run_2/src/pseudo_moe.cpp:81]   --->   Operation 320 'fadd' 'logits_0' <Predicate = true> <Delay = 6.04> <CoreInst = "FAddSub_fulldsp">   --->   Core 18 'FAddSub_fulldsp' <Latency = 1> <II = 1> <Delay = 6.04> <FuncUnit> <Opcode : 'fadd' 'fsub'> <InPorts = 2> <OutPorts = 1>

State 28 <SV = 27> <Delay = 6.04>
ST_28 : Operation 321 [1/1] (0.00ns)   --->   "%speclooptripcount_ln79 = speclooptripcount void @_ssdm_op_SpecLoopTripCount, i64 4, i64 4, i64 4" [/home/simics/HMoE/HLS_HMoE/pseudo_block/run_2/src/pseudo_moe.cpp:79]   --->   Operation 321 'speclooptripcount' 'speclooptripcount_ln79' <Predicate = true> <Delay = 0.00>
ST_28 : Operation 322 [1/1] (0.00ns)   --->   "%specloopname_ln80 = specloopname void @_ssdm_op_SpecLoopName, void @empty_35" [/home/simics/HMoE/HLS_HMoE/pseudo_block/run_2/src/pseudo_moe.cpp:80]   --->   Operation 322 'specloopname' 'specloopname_ln80' <Predicate = true> <Delay = 0.00>
ST_28 : Operation 323 [1/2] (6.04ns)   --->   "%logits_0 = fadd i32 %sum_3, i32 %p_loc_load" [/home/simics/HMoE/HLS_HMoE/pseudo_block/run_2/src/pseudo_moe.cpp:35->/home/simics/HMoE/HLS_HMoE/pseudo_block/run_2/src/pseudo_moe.cpp:81]   --->   Operation 323 'fadd' 'logits_0' <Predicate = true> <Delay = 6.04> <CoreInst = "FAddSub_fulldsp">   --->   Core 18 'FAddSub_fulldsp' <Latency = 1> <II = 1> <Delay = 6.04> <FuncUnit> <Opcode : 'fadd' 'fsub'> <InPorts = 2> <OutPorts = 1>
ST_28 : Operation 324 [1/1] (0.66ns)   --->   "%switch_ln82 = switch i2 %trunc_ln82, void %branch3, i2 0, void %for.body10.split.for.body28.i31_crit_edge, i2 1, void %branch1, i2 2, void %branch2" [/home/simics/HMoE/HLS_HMoE/pseudo_block/run_2/src/pseudo_moe.cpp:82]   --->   Operation 324 'switch' 'switch_ln82' <Predicate = true> <Delay = 0.66>
ST_28 : Operation 325 [1/1] (0.00ns)   --->   "%store_ln35 = store i32 %logits_0, i32 %logits_2_03" [/home/simics/HMoE/HLS_HMoE/pseudo_block/run_2/src/pseudo_moe.cpp:35->/home/simics/HMoE/HLS_HMoE/pseudo_block/run_2/src/pseudo_moe.cpp:81]   --->   Operation 325 'store' 'store_ln35' <Predicate = (trunc_ln82 == 2)> <Delay = 0.00>
ST_28 : Operation 326 [1/1] (0.00ns)   --->   "%br_ln82 = br void %for.body28.i31" [/home/simics/HMoE/HLS_HMoE/pseudo_block/run_2/src/pseudo_moe.cpp:82]   --->   Operation 326 'br' 'br_ln82' <Predicate = (trunc_ln82 == 2)> <Delay = 0.00>
ST_28 : Operation 327 [1/1] (0.00ns)   --->   "%store_ln35 = store i32 %logits_0, i32 %logits_1_02" [/home/simics/HMoE/HLS_HMoE/pseudo_block/run_2/src/pseudo_moe.cpp:35->/home/simics/HMoE/HLS_HMoE/pseudo_block/run_2/src/pseudo_moe.cpp:81]   --->   Operation 327 'store' 'store_ln35' <Predicate = (trunc_ln82 == 1)> <Delay = 0.00>
ST_28 : Operation 328 [1/1] (0.00ns)   --->   "%br_ln82 = br void %for.body28.i31" [/home/simics/HMoE/HLS_HMoE/pseudo_block/run_2/src/pseudo_moe.cpp:82]   --->   Operation 328 'br' 'br_ln82' <Predicate = (trunc_ln82 == 1)> <Delay = 0.00>
ST_28 : Operation 329 [1/1] (0.00ns)   --->   "%store_ln35 = store i32 %logits_0, i32 %logits_0_01" [/home/simics/HMoE/HLS_HMoE/pseudo_block/run_2/src/pseudo_moe.cpp:35->/home/simics/HMoE/HLS_HMoE/pseudo_block/run_2/src/pseudo_moe.cpp:81]   --->   Operation 329 'store' 'store_ln35' <Predicate = (trunc_ln82 == 0)> <Delay = 0.00>
ST_28 : Operation 330 [1/1] (0.00ns)   --->   "%br_ln82 = br void %for.body28.i31" [/home/simics/HMoE/HLS_HMoE/pseudo_block/run_2/src/pseudo_moe.cpp:82]   --->   Operation 330 'br' 'br_ln82' <Predicate = (trunc_ln82 == 0)> <Delay = 0.00>
ST_28 : Operation 331 [1/1] (0.00ns)   --->   "%store_ln35 = store i32 %logits_0, i32 %logits_3_04" [/home/simics/HMoE/HLS_HMoE/pseudo_block/run_2/src/pseudo_moe.cpp:35->/home/simics/HMoE/HLS_HMoE/pseudo_block/run_2/src/pseudo_moe.cpp:81]   --->   Operation 331 'store' 'store_ln35' <Predicate = (trunc_ln82 == 3)> <Delay = 0.00>
ST_28 : Operation 332 [1/1] (0.00ns)   --->   "%br_ln82 = br void %for.body28.i31" [/home/simics/HMoE/HLS_HMoE/pseudo_block/run_2/src/pseudo_moe.cpp:82]   --->   Operation 332 'br' 'br_ln82' <Predicate = (trunc_ln82 == 3)> <Delay = 0.00>

State 29 <SV = 28> <Delay = 7.14>
ST_29 : Operation 333 [1/1] (0.00ns)   --->   "%bitcast_ln83 = bitcast i32 %logits_0" [/home/simics/HMoE/HLS_HMoE/pseudo_block/run_2/src/pseudo_moe.cpp:83]   --->   Operation 333 'bitcast' 'bitcast_ln83' <Predicate = true> <Delay = 0.00>
ST_29 : Operation 334 [1/1] (0.00ns)   --->   "%tmp_2 = partselect i8 @_ssdm_op_PartSelect.i8.i32.i32.i32, i32 %bitcast_ln83, i32 23, i32 30" [/home/simics/HMoE/HLS_HMoE/pseudo_block/run_2/src/pseudo_moe.cpp:83]   --->   Operation 334 'partselect' 'tmp_2' <Predicate = true> <Delay = 0.00>
ST_29 : Operation 335 [1/1] (0.00ns)   --->   "%trunc_ln83 = trunc i32 %bitcast_ln83" [/home/simics/HMoE/HLS_HMoE/pseudo_block/run_2/src/pseudo_moe.cpp:83]   --->   Operation 335 'trunc' 'trunc_ln83' <Predicate = true> <Delay = 0.00>
ST_29 : Operation 336 [1/1] (0.00ns)   --->   "%bitcast_ln83_1 = bitcast i32 %max_logit" [/home/simics/HMoE/HLS_HMoE/pseudo_block/run_2/src/pseudo_moe.cpp:83]   --->   Operation 336 'bitcast' 'bitcast_ln83_1' <Predicate = true> <Delay = 0.00>
ST_29 : Operation 337 [1/1] (0.00ns)   --->   "%tmp_3 = partselect i8 @_ssdm_op_PartSelect.i8.i32.i32.i32, i32 %bitcast_ln83_1, i32 23, i32 30" [/home/simics/HMoE/HLS_HMoE/pseudo_block/run_2/src/pseudo_moe.cpp:83]   --->   Operation 337 'partselect' 'tmp_3' <Predicate = true> <Delay = 0.00>
ST_29 : Operation 338 [1/1] (0.00ns)   --->   "%trunc_ln83_1 = trunc i32 %bitcast_ln83_1" [/home/simics/HMoE/HLS_HMoE/pseudo_block/run_2/src/pseudo_moe.cpp:83]   --->   Operation 338 'trunc' 'trunc_ln83_1' <Predicate = true> <Delay = 0.00>
ST_29 : Operation 339 [1/1] (0.65ns)   --->   "%icmp_ln83 = icmp_ne  i8 %tmp_2, i8 255" [/home/simics/HMoE/HLS_HMoE/pseudo_block/run_2/src/pseudo_moe.cpp:83]   --->   Operation 339 'icmp' 'icmp_ln83' <Predicate = true> <Delay = 0.65> <CoreInst = "Cmp">   --->   Core 9 'Cmp' <Latency = 0> <II = 1> <Delay = 0.65> <FuncUnit> <Opcode : 'icmp'> <InPorts = 2> <OutPorts = 1>
ST_29 : Operation 340 [1/1] (0.75ns)   --->   "%icmp_ln83_1 = icmp_eq  i23 %trunc_ln83, i23 0" [/home/simics/HMoE/HLS_HMoE/pseudo_block/run_2/src/pseudo_moe.cpp:83]   --->   Operation 340 'icmp' 'icmp_ln83_1' <Predicate = true> <Delay = 0.75> <CoreInst = "Cmp">   --->   Core 9 'Cmp' <Latency = 0> <II = 1> <Delay = 0.75> <FuncUnit> <Opcode : 'icmp'> <InPorts = 2> <OutPorts = 1>
ST_29 : Operation 341 [1/1] (0.00ns) (grouped into LUT with out node and_ln83_1)   --->   "%or_ln83 = or i1 %icmp_ln83_1, i1 %icmp_ln83" [/home/simics/HMoE/HLS_HMoE/pseudo_block/run_2/src/pseudo_moe.cpp:83]   --->   Operation 341 'or' 'or_ln83' <Predicate = true> <Delay = 0.00> <CoreInst = "LogicGate">   --->   Core 74 'LogicGate' <Latency = 0> <II = 1> <Delay = 0.11> <FuncUnit> <Opcode : 'and' 'or' 'xor'> <InPorts = 2> <OutPorts = 1>
ST_29 : Operation 342 [1/1] (0.65ns)   --->   "%icmp_ln83_2 = icmp_ne  i8 %tmp_3, i8 255" [/home/simics/HMoE/HLS_HMoE/pseudo_block/run_2/src/pseudo_moe.cpp:83]   --->   Operation 342 'icmp' 'icmp_ln83_2' <Predicate = true> <Delay = 0.65> <CoreInst = "Cmp">   --->   Core 9 'Cmp' <Latency = 0> <II = 1> <Delay = 0.65> <FuncUnit> <Opcode : 'icmp'> <InPorts = 2> <OutPorts = 1>
ST_29 : Operation 343 [1/1] (0.75ns)   --->   "%icmp_ln83_3 = icmp_eq  i23 %trunc_ln83_1, i23 0" [/home/simics/HMoE/HLS_HMoE/pseudo_block/run_2/src/pseudo_moe.cpp:83]   --->   Operation 343 'icmp' 'icmp_ln83_3' <Predicate = true> <Delay = 0.75> <CoreInst = "Cmp">   --->   Core 9 'Cmp' <Latency = 0> <II = 1> <Delay = 0.75> <FuncUnit> <Opcode : 'icmp'> <InPorts = 2> <OutPorts = 1>
ST_29 : Operation 344 [1/1] (0.00ns) (grouped into LUT with out node and_ln83_1)   --->   "%or_ln83_1 = or i1 %icmp_ln83_3, i1 %icmp_ln83_2" [/home/simics/HMoE/HLS_HMoE/pseudo_block/run_2/src/pseudo_moe.cpp:83]   --->   Operation 344 'or' 'or_ln83_1' <Predicate = true> <Delay = 0.00> <CoreInst = "LogicGate">   --->   Core 74 'LogicGate' <Latency = 0> <II = 1> <Delay = 0.11> <FuncUnit> <Opcode : 'and' 'or' 'xor'> <InPorts = 2> <OutPorts = 1>
ST_29 : Operation 345 [1/1] (0.00ns) (grouped into LUT with out node and_ln83_1)   --->   "%and_ln83 = and i1 %or_ln83, i1 %or_ln83_1" [/home/simics/HMoE/HLS_HMoE/pseudo_block/run_2/src/pseudo_moe.cpp:83]   --->   Operation 345 'and' 'and_ln83' <Predicate = true> <Delay = 0.00> <CoreInst = "LogicGate">   --->   Core 74 'LogicGate' <Latency = 0> <II = 1> <Delay = 0.11> <FuncUnit> <Opcode : 'and' 'or' 'xor'> <InPorts = 2> <OutPorts = 1>
ST_29 : Operation 346 [1/1] (6.81ns)   --->   "%tmp_4 = fcmp_ogt  i32 %logits_0, i32 %max_logit" [/home/simics/HMoE/HLS_HMoE/pseudo_block/run_2/src/pseudo_moe.cpp:83]   --->   Operation 346 'fcmp' 'tmp_4' <Predicate = true> <Delay = 6.81> <CoreInst = "FCompare">   --->   Core 19 'FCompare' <Latency = 0> <II = 1> <Delay = 6.81> <FuncUnit> <Opcode : 'fcmp'> <InPorts = 2> <OutPorts = 1>
ST_29 : Operation 347 [1/1] (0.11ns) (out node of the LUT)   --->   "%and_ln83_1 = and i1 %and_ln83, i1 %tmp_4" [/home/simics/HMoE/HLS_HMoE/pseudo_block/run_2/src/pseudo_moe.cpp:83]   --->   Operation 347 'and' 'and_ln83_1' <Predicate = true> <Delay = 0.11> <CoreInst = "LogicGate">   --->   Core 74 'LogicGate' <Latency = 0> <II = 1> <Delay = 0.11> <FuncUnit> <Opcode : 'and' 'or' 'xor'> <InPorts = 2> <OutPorts = 1>
ST_29 : Operation 348 [1/1] (0.21ns) (out node of the LUT)   --->   "%max_logit_1 = select i1 %and_ln83_1, i32 %logits_0, i32 %max_logit" [/home/simics/HMoE/HLS_HMoE/pseudo_block/run_2/src/pseudo_moe.cpp:83]   --->   Operation 348 'select' 'max_logit_1' <Predicate = true> <Delay = 0.21> <CoreInst = "Sel">   --->   Core 73 'Sel' <Latency = 0> <II = 1> <Delay = 0.21> <FuncUnit> <Opcode : 'select'> <InPorts = 3> <OutPorts = 1>
ST_29 : Operation 349 [1/1] (0.00ns)   --->   "%br_ln80 = br void %for.body10" [/home/simics/HMoE/HLS_HMoE/pseudo_block/run_2/src/pseudo_moe.cpp:80]   --->   Operation 349 'br' 'br_ln80' <Predicate = true> <Delay = 0.00>

State 30 <SV = 19> <Delay = 7.30>
ST_30 : Operation 350 [1/2] (0.00ns)   --->   "%call_ln83 = call void @pseudo_moe_Pipeline_VITIS_LOOP_89_4, i32 %exp_values_3_08_load, i32 %exp_values_2_07_load, i32 %exp_values_1_06_load, i32 %exp_values_0_05_load, i32 %logits_0_01_load, i32 %logits_1_02_load, i32 %logits_2_03_load, i32 %logits_3_04_load, i32 %max_logit, i32 %exp_values_3_1_loc, i32 %exp_values_2_1_loc, i32 %exp_values_1_1_loc, i32 %exp_values_0_1_loc, i32 %exp_sum_loc" [/home/simics/HMoE/HLS_HMoE/pseudo_block/run_2/src/pseudo_moe.cpp:83]   --->   Operation 350 'call' 'call_ln83' <Predicate = true> <Delay = 0.00> <CoreType = "Generic">   --->   Core 0 '' <Latency = 0> <II = 1> <Delay = 1.00> <Generic> <Opcode : >
ST_30 : Operation 351 [1/1] (0.00ns)   --->   "%sext_ln95 = sext i62 %trunc_ln6" [/home/simics/HMoE/HLS_HMoE/pseudo_block/run_2/src/pseudo_moe.cpp:95]   --->   Operation 351 'sext' 'sext_ln95' <Predicate = true> <Delay = 0.00>
ST_30 : Operation 352 [1/1] (0.00ns)   --->   "%gmem11_addr = getelementptr i32 %gmem11, i64 %sext_ln95" [/home/simics/HMoE/HLS_HMoE/pseudo_block/run_2/src/pseudo_moe.cpp:95]   --->   Operation 352 'getelementptr' 'gmem11_addr' <Predicate = true> <Delay = 0.00>
ST_30 : Operation 353 [1/1] (7.30ns)   --->   "%empty_62 = writereq i1 @_ssdm_op_WriteReq.m_axi.p1i32, i32 %gmem11_addr, i32 4" [/home/simics/HMoE/HLS_HMoE/pseudo_block/run_2/src/pseudo_moe.cpp:95]   --->   Operation 353 'writereq' 'empty_62' <Predicate = true> <Delay = 7.30> <CoreInst = "m_axi">   --->   Core 121 'm_axi' <Latency = 0> <II = 1> <Delay = 1.00> <Adapter> <Opcode : 'read' 'write' 'readreq' 'writereq' 'writeresp'>
ST_30 : Operation 354 [1/1] (0.00ns)   --->   "%sext_ln100 = sext i62 %trunc_ln7" [/home/simics/HMoE/HLS_HMoE/pseudo_block/run_2/src/pseudo_moe.cpp:100]   --->   Operation 354 'sext' 'sext_ln100' <Predicate = true> <Delay = 0.00>
ST_30 : Operation 355 [1/1] (0.00ns)   --->   "%gmem12_addr = getelementptr i32 %gmem12, i64 %sext_ln100" [/home/simics/HMoE/HLS_HMoE/pseudo_block/run_2/src/pseudo_moe.cpp:100]   --->   Operation 355 'getelementptr' 'gmem12_addr' <Predicate = true> <Delay = 0.00>
ST_30 : Operation 356 [1/1] (7.30ns)   --->   "%empty_65 = writereq i1 @_ssdm_op_WriteReq.m_axi.p1i32, i32 %gmem12_addr, i32 64" [/home/simics/HMoE/HLS_HMoE/pseudo_block/run_2/src/pseudo_moe.cpp:100]   --->   Operation 356 'writereq' 'empty_65' <Predicate = true> <Delay = 7.30> <CoreInst = "m_axi">   --->   Core 121 'm_axi' <Latency = 0> <II = 1> <Delay = 1.00> <Adapter> <Opcode : 'read' 'write' 'readreq' 'writereq' 'writeresp'>

State 31 <SV = 20> <Delay = 6.68>
ST_31 : Operation 357 [1/1] (0.00ns)   --->   "%exp_values_3_1_loc_load = load i32 %exp_values_3_1_loc"   --->   Operation 357 'load' 'exp_values_3_1_loc_load' <Predicate = true> <Delay = 0.00>
ST_31 : Operation 358 [1/1] (0.00ns)   --->   "%exp_values_2_1_loc_load = load i32 %exp_values_2_1_loc"   --->   Operation 358 'load' 'exp_values_2_1_loc_load' <Predicate = true> <Delay = 0.00>
ST_31 : Operation 359 [1/1] (0.00ns)   --->   "%exp_values_1_1_loc_load = load i32 %exp_values_1_1_loc"   --->   Operation 359 'load' 'exp_values_1_1_loc_load' <Predicate = true> <Delay = 0.00>
ST_31 : Operation 360 [1/1] (0.00ns)   --->   "%exp_values_0_1_loc_load = load i32 %exp_values_0_1_loc"   --->   Operation 360 'load' 'exp_values_0_1_loc_load' <Predicate = true> <Delay = 0.00>
ST_31 : Operation 361 [1/1] (0.00ns)   --->   "%exp_sum_loc_load = load i32 %exp_sum_loc"   --->   Operation 361 'load' 'exp_sum_loc_load' <Predicate = true> <Delay = 0.00>
ST_31 : Operation 362 [2/2] (6.68ns)   --->   "%call_ln95 = call void @pseudo_moe_Pipeline_VITIS_LOOP_95_5, i32 %gmem11, i62 %trunc_ln6, i32 %exp_values_0_1_loc_load, i32 %exp_values_1_1_loc_load, i32 %exp_values_2_1_loc_load, i32 %exp_values_3_1_loc_load, i32 %exp_sum_loc_load" [/home/simics/HMoE/HLS_HMoE/pseudo_block/run_2/src/pseudo_moe.cpp:95]   --->   Operation 362 'call' 'call_ln95' <Predicate = true> <Delay = 6.68> <CoreType = "Generic">   --->   Core 0 '' <Latency = 0> <II = 1> <Delay = 1.00> <Generic> <Opcode : >
ST_31 : Operation 363 [2/2] (0.00ns)   --->   "%call_ln100 = call void @pseudo_moe_Pipeline_VITIS_LOOP_100_6, i32 %gmem12, i62 %trunc_ln7" [/home/simics/HMoE/HLS_HMoE/pseudo_block/run_2/src/pseudo_moe.cpp:100]   --->   Operation 363 'call' 'call_ln100' <Predicate = true> <Delay = 0.00> <CoreType = "Generic">   --->   Core 0 '' <Latency = 0> <II = 1> <Delay = 1.00> <Generic> <Opcode : >
ST_31 : Operation 364 [1/1] (0.00ns)   --->   "%store_ln0 = store i32 %exp_values_3_1_loc_load, i32 %exp_values_3_08"   --->   Operation 364 'store' 'store_ln0' <Predicate = true> <Delay = 0.00>
ST_31 : Operation 365 [1/1] (0.00ns)   --->   "%store_ln0 = store i32 %exp_values_2_1_loc_load, i32 %exp_values_2_07"   --->   Operation 365 'store' 'store_ln0' <Predicate = true> <Delay = 0.00>
ST_31 : Operation 366 [1/1] (0.00ns)   --->   "%store_ln0 = store i32 %exp_values_1_1_loc_load, i32 %exp_values_1_06"   --->   Operation 366 'store' 'store_ln0' <Predicate = true> <Delay = 0.00>
ST_31 : Operation 367 [1/1] (0.00ns)   --->   "%store_ln0 = store i32 %exp_values_0_1_loc_load, i32 %exp_values_0_05"   --->   Operation 367 'store' 'store_ln0' <Predicate = true> <Delay = 0.00>

State 32 <SV = 21> <Delay = 0.00>
ST_32 : Operation 368 [1/2] (0.00ns)   --->   "%call_ln95 = call void @pseudo_moe_Pipeline_VITIS_LOOP_95_5, i32 %gmem11, i62 %trunc_ln6, i32 %exp_values_0_1_loc_load, i32 %exp_values_1_1_loc_load, i32 %exp_values_2_1_loc_load, i32 %exp_values_3_1_loc_load, i32 %exp_sum_loc_load" [/home/simics/HMoE/HLS_HMoE/pseudo_block/run_2/src/pseudo_moe.cpp:95]   --->   Operation 368 'call' 'call_ln95' <Predicate = true> <Delay = 0.00> <CoreType = "Generic">   --->   Core 0 '' <Latency = 0> <II = 1> <Delay = 1.00> <Generic> <Opcode : >
ST_32 : Operation 369 [1/2] (0.00ns)   --->   "%call_ln100 = call void @pseudo_moe_Pipeline_VITIS_LOOP_100_6, i32 %gmem12, i62 %trunc_ln7" [/home/simics/HMoE/HLS_HMoE/pseudo_block/run_2/src/pseudo_moe.cpp:100]   --->   Operation 369 'call' 'call_ln100' <Predicate = true> <Delay = 0.00> <CoreType = "Generic">   --->   Core 0 '' <Latency = 0> <II = 1> <Delay = 1.00> <Generic> <Opcode : >

State 33 <SV = 22> <Delay = 7.30>
ST_33 : Operation 370 [5/5] (7.30ns)   --->   "%empty_64 = writeresp i1 @_ssdm_op_WriteResp.m_axi.p1i32, i32 %gmem11_addr" [/home/simics/HMoE/HLS_HMoE/pseudo_block/run_2/src/pseudo_moe.cpp:100]   --->   Operation 370 'writeresp' 'empty_64' <Predicate = true> <Delay = 7.30> <CoreInst = "m_axi">   --->   Core 121 'm_axi' <Latency = 0> <II = 1> <Delay = 1.00> <Adapter> <Opcode : 'read' 'write' 'readreq' 'writereq' 'writeresp'>
ST_33 : Operation 371 [5/5] (7.30ns)   --->   "%empty_66 = writeresp i1 @_ssdm_op_WriteResp.m_axi.p1i32, i32 %gmem12_addr" [/home/simics/HMoE/HLS_HMoE/pseudo_block/run_2/src/pseudo_moe.cpp:100]   --->   Operation 371 'writeresp' 'empty_66' <Predicate = true> <Delay = 7.30> <CoreInst = "m_axi">   --->   Core 121 'm_axi' <Latency = 0> <II = 1> <Delay = 1.00> <Adapter> <Opcode : 'read' 'write' 'readreq' 'writereq' 'writeresp'>

State 34 <SV = 23> <Delay = 7.30>
ST_34 : Operation 372 [4/5] (7.30ns)   --->   "%empty_64 = writeresp i1 @_ssdm_op_WriteResp.m_axi.p1i32, i32 %gmem11_addr" [/home/simics/HMoE/HLS_HMoE/pseudo_block/run_2/src/pseudo_moe.cpp:100]   --->   Operation 372 'writeresp' 'empty_64' <Predicate = true> <Delay = 7.30> <CoreInst = "m_axi">   --->   Core 121 'm_axi' <Latency = 0> <II = 1> <Delay = 1.00> <Adapter> <Opcode : 'read' 'write' 'readreq' 'writereq' 'writeresp'>
ST_34 : Operation 373 [4/5] (7.30ns)   --->   "%empty_66 = writeresp i1 @_ssdm_op_WriteResp.m_axi.p1i32, i32 %gmem12_addr" [/home/simics/HMoE/HLS_HMoE/pseudo_block/run_2/src/pseudo_moe.cpp:100]   --->   Operation 373 'writeresp' 'empty_66' <Predicate = true> <Delay = 7.30> <CoreInst = "m_axi">   --->   Core 121 'm_axi' <Latency = 0> <II = 1> <Delay = 1.00> <Adapter> <Opcode : 'read' 'write' 'readreq' 'writereq' 'writeresp'>

State 35 <SV = 24> <Delay = 7.30>
ST_35 : Operation 374 [3/5] (7.30ns)   --->   "%empty_64 = writeresp i1 @_ssdm_op_WriteResp.m_axi.p1i32, i32 %gmem11_addr" [/home/simics/HMoE/HLS_HMoE/pseudo_block/run_2/src/pseudo_moe.cpp:100]   --->   Operation 374 'writeresp' 'empty_64' <Predicate = true> <Delay = 7.30> <CoreInst = "m_axi">   --->   Core 121 'm_axi' <Latency = 0> <II = 1> <Delay = 1.00> <Adapter> <Opcode : 'read' 'write' 'readreq' 'writereq' 'writeresp'>
ST_35 : Operation 375 [3/5] (7.30ns)   --->   "%empty_66 = writeresp i1 @_ssdm_op_WriteResp.m_axi.p1i32, i32 %gmem12_addr" [/home/simics/HMoE/HLS_HMoE/pseudo_block/run_2/src/pseudo_moe.cpp:100]   --->   Operation 375 'writeresp' 'empty_66' <Predicate = true> <Delay = 7.30> <CoreInst = "m_axi">   --->   Core 121 'm_axi' <Latency = 0> <II = 1> <Delay = 1.00> <Adapter> <Opcode : 'read' 'write' 'readreq' 'writereq' 'writeresp'>

State 36 <SV = 25> <Delay = 7.30>
ST_36 : Operation 376 [2/5] (7.30ns)   --->   "%empty_64 = writeresp i1 @_ssdm_op_WriteResp.m_axi.p1i32, i32 %gmem11_addr" [/home/simics/HMoE/HLS_HMoE/pseudo_block/run_2/src/pseudo_moe.cpp:100]   --->   Operation 376 'writeresp' 'empty_64' <Predicate = true> <Delay = 7.30> <CoreInst = "m_axi">   --->   Core 121 'm_axi' <Latency = 0> <II = 1> <Delay = 1.00> <Adapter> <Opcode : 'read' 'write' 'readreq' 'writereq' 'writeresp'>
ST_36 : Operation 377 [2/5] (7.30ns)   --->   "%empty_66 = writeresp i1 @_ssdm_op_WriteResp.m_axi.p1i32, i32 %gmem12_addr" [/home/simics/HMoE/HLS_HMoE/pseudo_block/run_2/src/pseudo_moe.cpp:100]   --->   Operation 377 'writeresp' 'empty_66' <Predicate = true> <Delay = 7.30> <CoreInst = "m_axi">   --->   Core 121 'm_axi' <Latency = 0> <II = 1> <Delay = 1.00> <Adapter> <Opcode : 'read' 'write' 'readreq' 'writereq' 'writeresp'>

State 37 <SV = 26> <Delay = 7.30>
ST_37 : Operation 378 [1/5] (7.30ns)   --->   "%empty_64 = writeresp i1 @_ssdm_op_WriteResp.m_axi.p1i32, i32 %gmem11_addr" [/home/simics/HMoE/HLS_HMoE/pseudo_block/run_2/src/pseudo_moe.cpp:100]   --->   Operation 378 'writeresp' 'empty_64' <Predicate = true> <Delay = 7.30> <CoreInst = "m_axi">   --->   Core 121 'm_axi' <Latency = 0> <II = 1> <Delay = 1.00> <Adapter> <Opcode : 'read' 'write' 'readreq' 'writereq' 'writeresp'>
ST_37 : Operation 379 [1/5] (7.30ns)   --->   "%empty_66 = writeresp i1 @_ssdm_op_WriteResp.m_axi.p1i32, i32 %gmem12_addr" [/home/simics/HMoE/HLS_HMoE/pseudo_block/run_2/src/pseudo_moe.cpp:100]   --->   Operation 379 'writeresp' 'empty_66' <Predicate = true> <Delay = 7.30> <CoreInst = "m_axi">   --->   Core 121 'm_axi' <Latency = 0> <II = 1> <Delay = 1.00> <Adapter> <Opcode : 'read' 'write' 'readreq' 'writereq' 'writeresp'>

State 38 <SV = 27> <Delay = 7.30>
ST_38 : Operation 380 [8/8] (7.30ns)   --->   "%empty_67 = readreq i1 @_ssdm_op_ReadReq.m_axi.p1i32, i32 %gmem3_addr, i32 4096" [/home/simics/HMoE/HLS_HMoE/pseudo_block/run_2/src/pseudo_moe.cpp:106]   --->   Operation 380 'readreq' 'empty_67' <Predicate = true> <Delay = 7.30> <CoreInst = "m_axi">   --->   Core 121 'm_axi' <Latency = 0> <II = 1> <Delay = 1.00> <Adapter> <Opcode : 'read' 'write' 'readreq' 'writereq' 'writeresp'>
ST_38 : Operation 381 [8/8] (7.30ns)   --->   "%empty_68 = readreq i1 @_ssdm_op_ReadReq.m_axi.p1i32, i32 %gmem4_addr, i32 64" [/home/simics/HMoE/HLS_HMoE/pseudo_block/run_2/src/pseudo_moe.cpp:106]   --->   Operation 381 'readreq' 'empty_68' <Predicate = true> <Delay = 7.30> <CoreInst = "m_axi">   --->   Core 121 'm_axi' <Latency = 0> <II = 1> <Delay = 1.00> <Adapter> <Opcode : 'read' 'write' 'readreq' 'writereq' 'writeresp'>
ST_38 : Operation 382 [8/8] (7.30ns)   --->   "%gmem11_load_req = readreq i1 @_ssdm_op_ReadReq.m_axi.i32P1A, i32 %gmem11_addr, i32 1" [/home/simics/HMoE/HLS_HMoE/pseudo_block/run_2/src/pseudo_moe.cpp:95]   --->   Operation 382 'readreq' 'gmem11_load_req' <Predicate = true> <Delay = 7.30> <CoreInst = "m_axi">   --->   Core 121 'm_axi' <Latency = 0> <II = 1> <Delay = 1.00> <Adapter> <Opcode : 'read' 'write' 'readreq' 'writereq' 'writeresp'>
ST_38 : Operation 383 [8/8] (7.30ns)   --->   "%empty_70 = readreq i1 @_ssdm_op_ReadReq.m_axi.p1i32, i32 %gmem5_addr, i32 4096" [/home/simics/HMoE/HLS_HMoE/pseudo_block/run_2/src/pseudo_moe.cpp:116]   --->   Operation 383 'readreq' 'empty_70' <Predicate = true> <Delay = 7.30> <CoreInst = "m_axi">   --->   Core 121 'm_axi' <Latency = 0> <II = 1> <Delay = 1.00> <Adapter> <Opcode : 'read' 'write' 'readreq' 'writereq' 'writeresp'>
ST_38 : Operation 384 [8/8] (7.30ns)   --->   "%empty_71 = readreq i1 @_ssdm_op_ReadReq.m_axi.p1i32, i32 %gmem6_addr, i32 64" [/home/simics/HMoE/HLS_HMoE/pseudo_block/run_2/src/pseudo_moe.cpp:116]   --->   Operation 384 'readreq' 'empty_71' <Predicate = true> <Delay = 7.30> <CoreInst = "m_axi">   --->   Core 121 'm_axi' <Latency = 0> <II = 1> <Delay = 1.00> <Adapter> <Opcode : 'read' 'write' 'readreq' 'writereq' 'writeresp'>
ST_38 : Operation 385 [8/8] (7.30ns)   --->   "%empty_75 = readreq i1 @_ssdm_op_ReadReq.m_axi.p1i32, i32 %gmem7_addr, i32 4096" [/home/simics/HMoE/HLS_HMoE/pseudo_block/run_2/src/pseudo_moe.cpp:126]   --->   Operation 385 'readreq' 'empty_75' <Predicate = true> <Delay = 7.30> <CoreInst = "m_axi">   --->   Core 121 'm_axi' <Latency = 0> <II = 1> <Delay = 1.00> <Adapter> <Opcode : 'read' 'write' 'readreq' 'writereq' 'writeresp'>
ST_38 : Operation 386 [8/8] (7.30ns)   --->   "%empty_76 = readreq i1 @_ssdm_op_ReadReq.m_axi.p1i32, i32 %gmem8_addr, i32 64" [/home/simics/HMoE/HLS_HMoE/pseudo_block/run_2/src/pseudo_moe.cpp:126]   --->   Operation 386 'readreq' 'empty_76' <Predicate = true> <Delay = 7.30> <CoreInst = "m_axi">   --->   Core 121 'm_axi' <Latency = 0> <II = 1> <Delay = 1.00> <Adapter> <Opcode : 'read' 'write' 'readreq' 'writereq' 'writeresp'>
ST_38 : Operation 387 [8/8] (7.30ns)   --->   "%empty_80 = readreq i1 @_ssdm_op_ReadReq.m_axi.p1i32, i32 %gmem9_addr, i32 4096" [/home/simics/HMoE/HLS_HMoE/pseudo_block/run_2/src/pseudo_moe.cpp:136]   --->   Operation 387 'readreq' 'empty_80' <Predicate = true> <Delay = 7.30> <CoreInst = "m_axi">   --->   Core 121 'm_axi' <Latency = 0> <II = 1> <Delay = 1.00> <Adapter> <Opcode : 'read' 'write' 'readreq' 'writereq' 'writeresp'>
ST_38 : Operation 388 [8/8] (7.30ns)   --->   "%empty_81 = readreq i1 @_ssdm_op_ReadReq.m_axi.p1i32, i32 %gmem10_addr, i32 64" [/home/simics/HMoE/HLS_HMoE/pseudo_block/run_2/src/pseudo_moe.cpp:136]   --->   Operation 388 'readreq' 'empty_81' <Predicate = true> <Delay = 7.30> <CoreInst = "m_axi">   --->   Core 121 'm_axi' <Latency = 0> <II = 1> <Delay = 1.00> <Adapter> <Opcode : 'read' 'write' 'readreq' 'writereq' 'writeresp'>

State 39 <SV = 28> <Delay = 7.30>
ST_39 : Operation 389 [7/8] (7.30ns)   --->   "%empty_67 = readreq i1 @_ssdm_op_ReadReq.m_axi.p1i32, i32 %gmem3_addr, i32 4096" [/home/simics/HMoE/HLS_HMoE/pseudo_block/run_2/src/pseudo_moe.cpp:106]   --->   Operation 389 'readreq' 'empty_67' <Predicate = true> <Delay = 7.30> <CoreInst = "m_axi">   --->   Core 121 'm_axi' <Latency = 0> <II = 1> <Delay = 1.00> <Adapter> <Opcode : 'read' 'write' 'readreq' 'writereq' 'writeresp'>
ST_39 : Operation 390 [7/8] (7.30ns)   --->   "%empty_68 = readreq i1 @_ssdm_op_ReadReq.m_axi.p1i32, i32 %gmem4_addr, i32 64" [/home/simics/HMoE/HLS_HMoE/pseudo_block/run_2/src/pseudo_moe.cpp:106]   --->   Operation 390 'readreq' 'empty_68' <Predicate = true> <Delay = 7.30> <CoreInst = "m_axi">   --->   Core 121 'm_axi' <Latency = 0> <II = 1> <Delay = 1.00> <Adapter> <Opcode : 'read' 'write' 'readreq' 'writereq' 'writeresp'>
ST_39 : Operation 391 [7/8] (7.30ns)   --->   "%gmem11_load_req = readreq i1 @_ssdm_op_ReadReq.m_axi.i32P1A, i32 %gmem11_addr, i32 1" [/home/simics/HMoE/HLS_HMoE/pseudo_block/run_2/src/pseudo_moe.cpp:95]   --->   Operation 391 'readreq' 'gmem11_load_req' <Predicate = true> <Delay = 7.30> <CoreInst = "m_axi">   --->   Core 121 'm_axi' <Latency = 0> <II = 1> <Delay = 1.00> <Adapter> <Opcode : 'read' 'write' 'readreq' 'writereq' 'writeresp'>
ST_39 : Operation 392 [7/8] (7.30ns)   --->   "%empty_70 = readreq i1 @_ssdm_op_ReadReq.m_axi.p1i32, i32 %gmem5_addr, i32 4096" [/home/simics/HMoE/HLS_HMoE/pseudo_block/run_2/src/pseudo_moe.cpp:116]   --->   Operation 392 'readreq' 'empty_70' <Predicate = true> <Delay = 7.30> <CoreInst = "m_axi">   --->   Core 121 'm_axi' <Latency = 0> <II = 1> <Delay = 1.00> <Adapter> <Opcode : 'read' 'write' 'readreq' 'writereq' 'writeresp'>
ST_39 : Operation 393 [7/8] (7.30ns)   --->   "%empty_71 = readreq i1 @_ssdm_op_ReadReq.m_axi.p1i32, i32 %gmem6_addr, i32 64" [/home/simics/HMoE/HLS_HMoE/pseudo_block/run_2/src/pseudo_moe.cpp:116]   --->   Operation 393 'readreq' 'empty_71' <Predicate = true> <Delay = 7.30> <CoreInst = "m_axi">   --->   Core 121 'm_axi' <Latency = 0> <II = 1> <Delay = 1.00> <Adapter> <Opcode : 'read' 'write' 'readreq' 'writereq' 'writeresp'>
ST_39 : Operation 394 [7/8] (7.30ns)   --->   "%empty_75 = readreq i1 @_ssdm_op_ReadReq.m_axi.p1i32, i32 %gmem7_addr, i32 4096" [/home/simics/HMoE/HLS_HMoE/pseudo_block/run_2/src/pseudo_moe.cpp:126]   --->   Operation 394 'readreq' 'empty_75' <Predicate = true> <Delay = 7.30> <CoreInst = "m_axi">   --->   Core 121 'm_axi' <Latency = 0> <II = 1> <Delay = 1.00> <Adapter> <Opcode : 'read' 'write' 'readreq' 'writereq' 'writeresp'>
ST_39 : Operation 395 [7/8] (7.30ns)   --->   "%empty_76 = readreq i1 @_ssdm_op_ReadReq.m_axi.p1i32, i32 %gmem8_addr, i32 64" [/home/simics/HMoE/HLS_HMoE/pseudo_block/run_2/src/pseudo_moe.cpp:126]   --->   Operation 395 'readreq' 'empty_76' <Predicate = true> <Delay = 7.30> <CoreInst = "m_axi">   --->   Core 121 'm_axi' <Latency = 0> <II = 1> <Delay = 1.00> <Adapter> <Opcode : 'read' 'write' 'readreq' 'writereq' 'writeresp'>
ST_39 : Operation 396 [7/8] (7.30ns)   --->   "%empty_80 = readreq i1 @_ssdm_op_ReadReq.m_axi.p1i32, i32 %gmem9_addr, i32 4096" [/home/simics/HMoE/HLS_HMoE/pseudo_block/run_2/src/pseudo_moe.cpp:136]   --->   Operation 396 'readreq' 'empty_80' <Predicate = true> <Delay = 7.30> <CoreInst = "m_axi">   --->   Core 121 'm_axi' <Latency = 0> <II = 1> <Delay = 1.00> <Adapter> <Opcode : 'read' 'write' 'readreq' 'writereq' 'writeresp'>
ST_39 : Operation 397 [7/8] (7.30ns)   --->   "%empty_81 = readreq i1 @_ssdm_op_ReadReq.m_axi.p1i32, i32 %gmem10_addr, i32 64" [/home/simics/HMoE/HLS_HMoE/pseudo_block/run_2/src/pseudo_moe.cpp:136]   --->   Operation 397 'readreq' 'empty_81' <Predicate = true> <Delay = 7.30> <CoreInst = "m_axi">   --->   Core 121 'm_axi' <Latency = 0> <II = 1> <Delay = 1.00> <Adapter> <Opcode : 'read' 'write' 'readreq' 'writereq' 'writeresp'>

State 40 <SV = 29> <Delay = 7.30>
ST_40 : Operation 398 [6/8] (7.30ns)   --->   "%empty_67 = readreq i1 @_ssdm_op_ReadReq.m_axi.p1i32, i32 %gmem3_addr, i32 4096" [/home/simics/HMoE/HLS_HMoE/pseudo_block/run_2/src/pseudo_moe.cpp:106]   --->   Operation 398 'readreq' 'empty_67' <Predicate = true> <Delay = 7.30> <CoreInst = "m_axi">   --->   Core 121 'm_axi' <Latency = 0> <II = 1> <Delay = 1.00> <Adapter> <Opcode : 'read' 'write' 'readreq' 'writereq' 'writeresp'>
ST_40 : Operation 399 [6/8] (7.30ns)   --->   "%empty_68 = readreq i1 @_ssdm_op_ReadReq.m_axi.p1i32, i32 %gmem4_addr, i32 64" [/home/simics/HMoE/HLS_HMoE/pseudo_block/run_2/src/pseudo_moe.cpp:106]   --->   Operation 399 'readreq' 'empty_68' <Predicate = true> <Delay = 7.30> <CoreInst = "m_axi">   --->   Core 121 'm_axi' <Latency = 0> <II = 1> <Delay = 1.00> <Adapter> <Opcode : 'read' 'write' 'readreq' 'writereq' 'writeresp'>
ST_40 : Operation 400 [6/8] (7.30ns)   --->   "%gmem11_load_req = readreq i1 @_ssdm_op_ReadReq.m_axi.i32P1A, i32 %gmem11_addr, i32 1" [/home/simics/HMoE/HLS_HMoE/pseudo_block/run_2/src/pseudo_moe.cpp:95]   --->   Operation 400 'readreq' 'gmem11_load_req' <Predicate = true> <Delay = 7.30> <CoreInst = "m_axi">   --->   Core 121 'm_axi' <Latency = 0> <II = 1> <Delay = 1.00> <Adapter> <Opcode : 'read' 'write' 'readreq' 'writereq' 'writeresp'>
ST_40 : Operation 401 [6/8] (7.30ns)   --->   "%empty_70 = readreq i1 @_ssdm_op_ReadReq.m_axi.p1i32, i32 %gmem5_addr, i32 4096" [/home/simics/HMoE/HLS_HMoE/pseudo_block/run_2/src/pseudo_moe.cpp:116]   --->   Operation 401 'readreq' 'empty_70' <Predicate = true> <Delay = 7.30> <CoreInst = "m_axi">   --->   Core 121 'm_axi' <Latency = 0> <II = 1> <Delay = 1.00> <Adapter> <Opcode : 'read' 'write' 'readreq' 'writereq' 'writeresp'>
ST_40 : Operation 402 [6/8] (7.30ns)   --->   "%empty_71 = readreq i1 @_ssdm_op_ReadReq.m_axi.p1i32, i32 %gmem6_addr, i32 64" [/home/simics/HMoE/HLS_HMoE/pseudo_block/run_2/src/pseudo_moe.cpp:116]   --->   Operation 402 'readreq' 'empty_71' <Predicate = true> <Delay = 7.30> <CoreInst = "m_axi">   --->   Core 121 'm_axi' <Latency = 0> <II = 1> <Delay = 1.00> <Adapter> <Opcode : 'read' 'write' 'readreq' 'writereq' 'writeresp'>
ST_40 : Operation 403 [6/8] (7.30ns)   --->   "%empty_75 = readreq i1 @_ssdm_op_ReadReq.m_axi.p1i32, i32 %gmem7_addr, i32 4096" [/home/simics/HMoE/HLS_HMoE/pseudo_block/run_2/src/pseudo_moe.cpp:126]   --->   Operation 403 'readreq' 'empty_75' <Predicate = true> <Delay = 7.30> <CoreInst = "m_axi">   --->   Core 121 'm_axi' <Latency = 0> <II = 1> <Delay = 1.00> <Adapter> <Opcode : 'read' 'write' 'readreq' 'writereq' 'writeresp'>
ST_40 : Operation 404 [6/8] (7.30ns)   --->   "%empty_76 = readreq i1 @_ssdm_op_ReadReq.m_axi.p1i32, i32 %gmem8_addr, i32 64" [/home/simics/HMoE/HLS_HMoE/pseudo_block/run_2/src/pseudo_moe.cpp:126]   --->   Operation 404 'readreq' 'empty_76' <Predicate = true> <Delay = 7.30> <CoreInst = "m_axi">   --->   Core 121 'm_axi' <Latency = 0> <II = 1> <Delay = 1.00> <Adapter> <Opcode : 'read' 'write' 'readreq' 'writereq' 'writeresp'>
ST_40 : Operation 405 [6/8] (7.30ns)   --->   "%empty_80 = readreq i1 @_ssdm_op_ReadReq.m_axi.p1i32, i32 %gmem9_addr, i32 4096" [/home/simics/HMoE/HLS_HMoE/pseudo_block/run_2/src/pseudo_moe.cpp:136]   --->   Operation 405 'readreq' 'empty_80' <Predicate = true> <Delay = 7.30> <CoreInst = "m_axi">   --->   Core 121 'm_axi' <Latency = 0> <II = 1> <Delay = 1.00> <Adapter> <Opcode : 'read' 'write' 'readreq' 'writereq' 'writeresp'>
ST_40 : Operation 406 [6/8] (7.30ns)   --->   "%empty_81 = readreq i1 @_ssdm_op_ReadReq.m_axi.p1i32, i32 %gmem10_addr, i32 64" [/home/simics/HMoE/HLS_HMoE/pseudo_block/run_2/src/pseudo_moe.cpp:136]   --->   Operation 406 'readreq' 'empty_81' <Predicate = true> <Delay = 7.30> <CoreInst = "m_axi">   --->   Core 121 'm_axi' <Latency = 0> <II = 1> <Delay = 1.00> <Adapter> <Opcode : 'read' 'write' 'readreq' 'writereq' 'writeresp'>

State 41 <SV = 30> <Delay = 7.30>
ST_41 : Operation 407 [5/8] (7.30ns)   --->   "%empty_67 = readreq i1 @_ssdm_op_ReadReq.m_axi.p1i32, i32 %gmem3_addr, i32 4096" [/home/simics/HMoE/HLS_HMoE/pseudo_block/run_2/src/pseudo_moe.cpp:106]   --->   Operation 407 'readreq' 'empty_67' <Predicate = true> <Delay = 7.30> <CoreInst = "m_axi">   --->   Core 121 'm_axi' <Latency = 0> <II = 1> <Delay = 1.00> <Adapter> <Opcode : 'read' 'write' 'readreq' 'writereq' 'writeresp'>
ST_41 : Operation 408 [5/8] (7.30ns)   --->   "%empty_68 = readreq i1 @_ssdm_op_ReadReq.m_axi.p1i32, i32 %gmem4_addr, i32 64" [/home/simics/HMoE/HLS_HMoE/pseudo_block/run_2/src/pseudo_moe.cpp:106]   --->   Operation 408 'readreq' 'empty_68' <Predicate = true> <Delay = 7.30> <CoreInst = "m_axi">   --->   Core 121 'm_axi' <Latency = 0> <II = 1> <Delay = 1.00> <Adapter> <Opcode : 'read' 'write' 'readreq' 'writereq' 'writeresp'>
ST_41 : Operation 409 [5/8] (7.30ns)   --->   "%gmem11_load_req = readreq i1 @_ssdm_op_ReadReq.m_axi.i32P1A, i32 %gmem11_addr, i32 1" [/home/simics/HMoE/HLS_HMoE/pseudo_block/run_2/src/pseudo_moe.cpp:95]   --->   Operation 409 'readreq' 'gmem11_load_req' <Predicate = true> <Delay = 7.30> <CoreInst = "m_axi">   --->   Core 121 'm_axi' <Latency = 0> <II = 1> <Delay = 1.00> <Adapter> <Opcode : 'read' 'write' 'readreq' 'writereq' 'writeresp'>
ST_41 : Operation 410 [5/8] (7.30ns)   --->   "%empty_70 = readreq i1 @_ssdm_op_ReadReq.m_axi.p1i32, i32 %gmem5_addr, i32 4096" [/home/simics/HMoE/HLS_HMoE/pseudo_block/run_2/src/pseudo_moe.cpp:116]   --->   Operation 410 'readreq' 'empty_70' <Predicate = true> <Delay = 7.30> <CoreInst = "m_axi">   --->   Core 121 'm_axi' <Latency = 0> <II = 1> <Delay = 1.00> <Adapter> <Opcode : 'read' 'write' 'readreq' 'writereq' 'writeresp'>
ST_41 : Operation 411 [5/8] (7.30ns)   --->   "%empty_71 = readreq i1 @_ssdm_op_ReadReq.m_axi.p1i32, i32 %gmem6_addr, i32 64" [/home/simics/HMoE/HLS_HMoE/pseudo_block/run_2/src/pseudo_moe.cpp:116]   --->   Operation 411 'readreq' 'empty_71' <Predicate = true> <Delay = 7.30> <CoreInst = "m_axi">   --->   Core 121 'm_axi' <Latency = 0> <II = 1> <Delay = 1.00> <Adapter> <Opcode : 'read' 'write' 'readreq' 'writereq' 'writeresp'>
ST_41 : Operation 412 [5/8] (7.30ns)   --->   "%empty_75 = readreq i1 @_ssdm_op_ReadReq.m_axi.p1i32, i32 %gmem7_addr, i32 4096" [/home/simics/HMoE/HLS_HMoE/pseudo_block/run_2/src/pseudo_moe.cpp:126]   --->   Operation 412 'readreq' 'empty_75' <Predicate = true> <Delay = 7.30> <CoreInst = "m_axi">   --->   Core 121 'm_axi' <Latency = 0> <II = 1> <Delay = 1.00> <Adapter> <Opcode : 'read' 'write' 'readreq' 'writereq' 'writeresp'>
ST_41 : Operation 413 [5/8] (7.30ns)   --->   "%empty_76 = readreq i1 @_ssdm_op_ReadReq.m_axi.p1i32, i32 %gmem8_addr, i32 64" [/home/simics/HMoE/HLS_HMoE/pseudo_block/run_2/src/pseudo_moe.cpp:126]   --->   Operation 413 'readreq' 'empty_76' <Predicate = true> <Delay = 7.30> <CoreInst = "m_axi">   --->   Core 121 'm_axi' <Latency = 0> <II = 1> <Delay = 1.00> <Adapter> <Opcode : 'read' 'write' 'readreq' 'writereq' 'writeresp'>
ST_41 : Operation 414 [5/8] (7.30ns)   --->   "%empty_80 = readreq i1 @_ssdm_op_ReadReq.m_axi.p1i32, i32 %gmem9_addr, i32 4096" [/home/simics/HMoE/HLS_HMoE/pseudo_block/run_2/src/pseudo_moe.cpp:136]   --->   Operation 414 'readreq' 'empty_80' <Predicate = true> <Delay = 7.30> <CoreInst = "m_axi">   --->   Core 121 'm_axi' <Latency = 0> <II = 1> <Delay = 1.00> <Adapter> <Opcode : 'read' 'write' 'readreq' 'writereq' 'writeresp'>
ST_41 : Operation 415 [5/8] (7.30ns)   --->   "%empty_81 = readreq i1 @_ssdm_op_ReadReq.m_axi.p1i32, i32 %gmem10_addr, i32 64" [/home/simics/HMoE/HLS_HMoE/pseudo_block/run_2/src/pseudo_moe.cpp:136]   --->   Operation 415 'readreq' 'empty_81' <Predicate = true> <Delay = 7.30> <CoreInst = "m_axi">   --->   Core 121 'm_axi' <Latency = 0> <II = 1> <Delay = 1.00> <Adapter> <Opcode : 'read' 'write' 'readreq' 'writereq' 'writeresp'>

State 42 <SV = 31> <Delay = 7.30>
ST_42 : Operation 416 [2/2] (1.02ns)   --->   "%x_load = load i6 %x_addr"   --->   Operation 416 'load' 'x_load' <Predicate = true> <Delay = 1.02> <CoreInst = "RAM_1WnR">   --->   Core 84 'RAM_1WnR' <Latency = 1> <II = 1> <Delay = 1.02> <Storage> <Opcode : 'load' 'store'> <Ports = 17> <Width = 32> <Depth = 64> <RAM>
ST_42 : Operation 417 [2/2] (1.02ns)   --->   "%x_load_1 = load i6 %x_addr_1"   --->   Operation 417 'load' 'x_load_1' <Predicate = true> <Delay = 1.02> <CoreInst = "RAM_1WnR">   --->   Core 84 'RAM_1WnR' <Latency = 1> <II = 1> <Delay = 1.02> <Storage> <Opcode : 'load' 'store'> <Ports = 17> <Width = 32> <Depth = 64> <RAM>
ST_42 : Operation 418 [2/2] (1.02ns)   --->   "%x_load_2 = load i6 %x_addr_2"   --->   Operation 418 'load' 'x_load_2' <Predicate = true> <Delay = 1.02> <CoreInst = "RAM_1WnR">   --->   Core 84 'RAM_1WnR' <Latency = 1> <II = 1> <Delay = 1.02> <Storage> <Opcode : 'load' 'store'> <Ports = 17> <Width = 32> <Depth = 64> <RAM>
ST_42 : Operation 419 [2/2] (1.02ns)   --->   "%x_load_3 = load i6 %x_addr_3"   --->   Operation 419 'load' 'x_load_3' <Predicate = true> <Delay = 1.02> <CoreInst = "RAM_1WnR">   --->   Core 84 'RAM_1WnR' <Latency = 1> <II = 1> <Delay = 1.02> <Storage> <Opcode : 'load' 'store'> <Ports = 17> <Width = 32> <Depth = 64> <RAM>
ST_42 : Operation 420 [2/2] (1.02ns)   --->   "%x_load_4 = load i6 %x_addr_4"   --->   Operation 420 'load' 'x_load_4' <Predicate = true> <Delay = 1.02> <CoreInst = "RAM_1WnR">   --->   Core 84 'RAM_1WnR' <Latency = 1> <II = 1> <Delay = 1.02> <Storage> <Opcode : 'load' 'store'> <Ports = 17> <Width = 32> <Depth = 64> <RAM>
ST_42 : Operation 421 [2/2] (1.02ns)   --->   "%x_load_5 = load i6 %x_addr_5"   --->   Operation 421 'load' 'x_load_5' <Predicate = true> <Delay = 1.02> <CoreInst = "RAM_1WnR">   --->   Core 84 'RAM_1WnR' <Latency = 1> <II = 1> <Delay = 1.02> <Storage> <Opcode : 'load' 'store'> <Ports = 17> <Width = 32> <Depth = 64> <RAM>
ST_42 : Operation 422 [2/2] (1.02ns)   --->   "%x_load_6 = load i6 %x_addr_6"   --->   Operation 422 'load' 'x_load_6' <Predicate = true> <Delay = 1.02> <CoreInst = "RAM_1WnR">   --->   Core 84 'RAM_1WnR' <Latency = 1> <II = 1> <Delay = 1.02> <Storage> <Opcode : 'load' 'store'> <Ports = 17> <Width = 32> <Depth = 64> <RAM>
ST_42 : Operation 423 [2/2] (1.02ns)   --->   "%x_load_7 = load i6 %x_addr_7"   --->   Operation 423 'load' 'x_load_7' <Predicate = true> <Delay = 1.02> <CoreInst = "RAM_1WnR">   --->   Core 84 'RAM_1WnR' <Latency = 1> <II = 1> <Delay = 1.02> <Storage> <Opcode : 'load' 'store'> <Ports = 17> <Width = 32> <Depth = 64> <RAM>
ST_42 : Operation 424 [2/2] (1.02ns)   --->   "%x_load_8 = load i6 %x_addr_8"   --->   Operation 424 'load' 'x_load_8' <Predicate = true> <Delay = 1.02> <CoreInst = "RAM_1WnR">   --->   Core 84 'RAM_1WnR' <Latency = 1> <II = 1> <Delay = 1.02> <Storage> <Opcode : 'load' 'store'> <Ports = 17> <Width = 32> <Depth = 64> <RAM>
ST_42 : Operation 425 [2/2] (1.02ns)   --->   "%x_load_9 = load i6 %x_addr_9"   --->   Operation 425 'load' 'x_load_9' <Predicate = true> <Delay = 1.02> <CoreInst = "RAM_1WnR">   --->   Core 84 'RAM_1WnR' <Latency = 1> <II = 1> <Delay = 1.02> <Storage> <Opcode : 'load' 'store'> <Ports = 17> <Width = 32> <Depth = 64> <RAM>
ST_42 : Operation 426 [2/2] (1.02ns)   --->   "%x_load_10 = load i6 %x_addr_10"   --->   Operation 426 'load' 'x_load_10' <Predicate = true> <Delay = 1.02> <CoreInst = "RAM_1WnR">   --->   Core 84 'RAM_1WnR' <Latency = 1> <II = 1> <Delay = 1.02> <Storage> <Opcode : 'load' 'store'> <Ports = 17> <Width = 32> <Depth = 64> <RAM>
ST_42 : Operation 427 [2/2] (1.02ns)   --->   "%x_load_11 = load i6 %x_addr_11"   --->   Operation 427 'load' 'x_load_11' <Predicate = true> <Delay = 1.02> <CoreInst = "RAM_1WnR">   --->   Core 84 'RAM_1WnR' <Latency = 1> <II = 1> <Delay = 1.02> <Storage> <Opcode : 'load' 'store'> <Ports = 17> <Width = 32> <Depth = 64> <RAM>
ST_42 : Operation 428 [2/2] (1.02ns)   --->   "%x_load_12 = load i6 %x_addr_12"   --->   Operation 428 'load' 'x_load_12' <Predicate = true> <Delay = 1.02> <CoreInst = "RAM_1WnR">   --->   Core 84 'RAM_1WnR' <Latency = 1> <II = 1> <Delay = 1.02> <Storage> <Opcode : 'load' 'store'> <Ports = 17> <Width = 32> <Depth = 64> <RAM>
ST_42 : Operation 429 [4/8] (7.30ns)   --->   "%empty_67 = readreq i1 @_ssdm_op_ReadReq.m_axi.p1i32, i32 %gmem3_addr, i32 4096" [/home/simics/HMoE/HLS_HMoE/pseudo_block/run_2/src/pseudo_moe.cpp:106]   --->   Operation 429 'readreq' 'empty_67' <Predicate = true> <Delay = 7.30> <CoreInst = "m_axi">   --->   Core 121 'm_axi' <Latency = 0> <II = 1> <Delay = 1.00> <Adapter> <Opcode : 'read' 'write' 'readreq' 'writereq' 'writeresp'>
ST_42 : Operation 430 [4/8] (7.30ns)   --->   "%empty_68 = readreq i1 @_ssdm_op_ReadReq.m_axi.p1i32, i32 %gmem4_addr, i32 64" [/home/simics/HMoE/HLS_HMoE/pseudo_block/run_2/src/pseudo_moe.cpp:106]   --->   Operation 430 'readreq' 'empty_68' <Predicate = true> <Delay = 7.30> <CoreInst = "m_axi">   --->   Core 121 'm_axi' <Latency = 0> <II = 1> <Delay = 1.00> <Adapter> <Opcode : 'read' 'write' 'readreq' 'writereq' 'writeresp'>
ST_42 : Operation 431 [4/8] (7.30ns)   --->   "%gmem11_load_req = readreq i1 @_ssdm_op_ReadReq.m_axi.i32P1A, i32 %gmem11_addr, i32 1" [/home/simics/HMoE/HLS_HMoE/pseudo_block/run_2/src/pseudo_moe.cpp:95]   --->   Operation 431 'readreq' 'gmem11_load_req' <Predicate = true> <Delay = 7.30> <CoreInst = "m_axi">   --->   Core 121 'm_axi' <Latency = 0> <II = 1> <Delay = 1.00> <Adapter> <Opcode : 'read' 'write' 'readreq' 'writereq' 'writeresp'>
ST_42 : Operation 432 [4/8] (7.30ns)   --->   "%empty_70 = readreq i1 @_ssdm_op_ReadReq.m_axi.p1i32, i32 %gmem5_addr, i32 4096" [/home/simics/HMoE/HLS_HMoE/pseudo_block/run_2/src/pseudo_moe.cpp:116]   --->   Operation 432 'readreq' 'empty_70' <Predicate = true> <Delay = 7.30> <CoreInst = "m_axi">   --->   Core 121 'm_axi' <Latency = 0> <II = 1> <Delay = 1.00> <Adapter> <Opcode : 'read' 'write' 'readreq' 'writereq' 'writeresp'>
ST_42 : Operation 433 [4/8] (7.30ns)   --->   "%empty_71 = readreq i1 @_ssdm_op_ReadReq.m_axi.p1i32, i32 %gmem6_addr, i32 64" [/home/simics/HMoE/HLS_HMoE/pseudo_block/run_2/src/pseudo_moe.cpp:116]   --->   Operation 433 'readreq' 'empty_71' <Predicate = true> <Delay = 7.30> <CoreInst = "m_axi">   --->   Core 121 'm_axi' <Latency = 0> <II = 1> <Delay = 1.00> <Adapter> <Opcode : 'read' 'write' 'readreq' 'writereq' 'writeresp'>
ST_42 : Operation 434 [1/1] (0.00ns) (grouped into LUT with out node empty_73)   --->   "%empty_72 = or i8 %tmp_5, i8 4" [/home/simics/HMoE/HLS_HMoE/pseudo_block/run_2/src/pseudo_moe.cpp:71]   --->   Operation 434 'or' 'empty_72' <Predicate = true> <Delay = 0.00>
ST_42 : Operation 435 [1/1] (0.00ns) (grouped into LUT with out node empty_73)   --->   "%p_cast17 = zext i8 %empty_72" [/home/simics/HMoE/HLS_HMoE/pseudo_block/run_2/src/pseudo_moe.cpp:71]   --->   Operation 435 'zext' 'p_cast17' <Predicate = true> <Delay = 0.00>
ST_42 : Operation 436 [1/1] (0.96ns) (out node of the LUT)   --->   "%empty_73 = add i64 %p_cast17, i64 %gates_out_read" [/home/simics/HMoE/HLS_HMoE/pseudo_block/run_2/src/pseudo_moe.cpp:71]   --->   Operation 436 'add' 'empty_73' <Predicate = true> <Delay = 0.96> <CoreInst = "Adder">   --->   Core 1 'Adder' <Latency = 0> <II = 1> <Delay = 0.96> <FuncUnit> <Opcode : 'add' 'sub'> <InPorts = 2> <OutPorts = 1>
ST_42 : Operation 437 [1/1] (0.00ns)   --->   "%p_cast = partselect i62 @_ssdm_op_PartSelect.i62.i64.i32.i32, i64 %empty_73, i32 2, i32 63" [/home/simics/HMoE/HLS_HMoE/pseudo_block/run_2/src/pseudo_moe.cpp:71]   --->   Operation 437 'partselect' 'p_cast' <Predicate = true> <Delay = 0.00>
ST_42 : Operation 438 [1/1] (0.00ns)   --->   "%p_cast_cast = sext i62 %p_cast" [/home/simics/HMoE/HLS_HMoE/pseudo_block/run_2/src/pseudo_moe.cpp:71]   --->   Operation 438 'sext' 'p_cast_cast' <Predicate = true> <Delay = 0.00>
ST_42 : Operation 439 [1/1] (0.00ns)   --->   "%gmem11_addr_1 = getelementptr i32 %gmem11, i64 %p_cast_cast" [/home/simics/HMoE/HLS_HMoE/pseudo_block/run_2/src/pseudo_moe.cpp:71]   --->   Operation 439 'getelementptr' 'gmem11_addr_1' <Predicate = true> <Delay = 0.00>
ST_42 : Operation 440 [4/8] (7.30ns)   --->   "%empty_75 = readreq i1 @_ssdm_op_ReadReq.m_axi.p1i32, i32 %gmem7_addr, i32 4096" [/home/simics/HMoE/HLS_HMoE/pseudo_block/run_2/src/pseudo_moe.cpp:126]   --->   Operation 440 'readreq' 'empty_75' <Predicate = true> <Delay = 7.30> <CoreInst = "m_axi">   --->   Core 121 'm_axi' <Latency = 0> <II = 1> <Delay = 1.00> <Adapter> <Opcode : 'read' 'write' 'readreq' 'writereq' 'writeresp'>
ST_42 : Operation 441 [4/8] (7.30ns)   --->   "%empty_76 = readreq i1 @_ssdm_op_ReadReq.m_axi.p1i32, i32 %gmem8_addr, i32 64" [/home/simics/HMoE/HLS_HMoE/pseudo_block/run_2/src/pseudo_moe.cpp:126]   --->   Operation 441 'readreq' 'empty_76' <Predicate = true> <Delay = 7.30> <CoreInst = "m_axi">   --->   Core 121 'm_axi' <Latency = 0> <II = 1> <Delay = 1.00> <Adapter> <Opcode : 'read' 'write' 'readreq' 'writereq' 'writeresp'>
ST_42 : Operation 442 [1/1] (0.00ns) (grouped into LUT with out node empty_78)   --->   "%empty_77 = or i8 %tmp_5, i8 8" [/home/simics/HMoE/HLS_HMoE/pseudo_block/run_2/src/pseudo_moe.cpp:71]   --->   Operation 442 'or' 'empty_77' <Predicate = true> <Delay = 0.00>
ST_42 : Operation 443 [1/1] (0.00ns) (grouped into LUT with out node empty_78)   --->   "%p_cast18 = zext i8 %empty_77" [/home/simics/HMoE/HLS_HMoE/pseudo_block/run_2/src/pseudo_moe.cpp:71]   --->   Operation 443 'zext' 'p_cast18' <Predicate = true> <Delay = 0.00>
ST_42 : Operation 444 [1/1] (0.96ns) (out node of the LUT)   --->   "%empty_78 = add i64 %p_cast18, i64 %gates_out_read" [/home/simics/HMoE/HLS_HMoE/pseudo_block/run_2/src/pseudo_moe.cpp:71]   --->   Operation 444 'add' 'empty_78' <Predicate = true> <Delay = 0.96> <CoreInst = "Adder">   --->   Core 1 'Adder' <Latency = 0> <II = 1> <Delay = 0.96> <FuncUnit> <Opcode : 'add' 'sub'> <InPorts = 2> <OutPorts = 1>
ST_42 : Operation 445 [1/1] (0.00ns)   --->   "%p_cast1 = partselect i62 @_ssdm_op_PartSelect.i62.i64.i32.i32, i64 %empty_78, i32 2, i32 63" [/home/simics/HMoE/HLS_HMoE/pseudo_block/run_2/src/pseudo_moe.cpp:71]   --->   Operation 445 'partselect' 'p_cast1' <Predicate = true> <Delay = 0.00>
ST_42 : Operation 446 [1/1] (0.00ns)   --->   "%p_cast12_cast = sext i62 %p_cast1" [/home/simics/HMoE/HLS_HMoE/pseudo_block/run_2/src/pseudo_moe.cpp:71]   --->   Operation 446 'sext' 'p_cast12_cast' <Predicate = true> <Delay = 0.00>
ST_42 : Operation 447 [1/1] (0.00ns)   --->   "%gmem11_addr_2 = getelementptr i32 %gmem11, i64 %p_cast12_cast" [/home/simics/HMoE/HLS_HMoE/pseudo_block/run_2/src/pseudo_moe.cpp:71]   --->   Operation 447 'getelementptr' 'gmem11_addr_2' <Predicate = true> <Delay = 0.00>
ST_42 : Operation 448 [4/8] (7.30ns)   --->   "%empty_80 = readreq i1 @_ssdm_op_ReadReq.m_axi.p1i32, i32 %gmem9_addr, i32 4096" [/home/simics/HMoE/HLS_HMoE/pseudo_block/run_2/src/pseudo_moe.cpp:136]   --->   Operation 448 'readreq' 'empty_80' <Predicate = true> <Delay = 7.30> <CoreInst = "m_axi">   --->   Core 121 'm_axi' <Latency = 0> <II = 1> <Delay = 1.00> <Adapter> <Opcode : 'read' 'write' 'readreq' 'writereq' 'writeresp'>
ST_42 : Operation 449 [4/8] (7.30ns)   --->   "%empty_81 = readreq i1 @_ssdm_op_ReadReq.m_axi.p1i32, i32 %gmem10_addr, i32 64" [/home/simics/HMoE/HLS_HMoE/pseudo_block/run_2/src/pseudo_moe.cpp:136]   --->   Operation 449 'readreq' 'empty_81' <Predicate = true> <Delay = 7.30> <CoreInst = "m_axi">   --->   Core 121 'm_axi' <Latency = 0> <II = 1> <Delay = 1.00> <Adapter> <Opcode : 'read' 'write' 'readreq' 'writereq' 'writeresp'>
ST_42 : Operation 450 [1/1] (0.00ns) (grouped into LUT with out node empty_83)   --->   "%empty_82 = or i8 %tmp_5, i8 12" [/home/simics/HMoE/HLS_HMoE/pseudo_block/run_2/src/pseudo_moe.cpp:71]   --->   Operation 450 'or' 'empty_82' <Predicate = true> <Delay = 0.00>
ST_42 : Operation 451 [1/1] (0.00ns) (grouped into LUT with out node empty_83)   --->   "%p_cast19 = zext i8 %empty_82" [/home/simics/HMoE/HLS_HMoE/pseudo_block/run_2/src/pseudo_moe.cpp:71]   --->   Operation 451 'zext' 'p_cast19' <Predicate = true> <Delay = 0.00>
ST_42 : Operation 452 [1/1] (0.96ns) (out node of the LUT)   --->   "%empty_83 = add i64 %p_cast19, i64 %gates_out_read" [/home/simics/HMoE/HLS_HMoE/pseudo_block/run_2/src/pseudo_moe.cpp:71]   --->   Operation 452 'add' 'empty_83' <Predicate = true> <Delay = 0.96> <CoreInst = "Adder">   --->   Core 1 'Adder' <Latency = 0> <II = 1> <Delay = 0.96> <FuncUnit> <Opcode : 'add' 'sub'> <InPorts = 2> <OutPorts = 1>
ST_42 : Operation 453 [1/1] (0.00ns)   --->   "%p_cast2 = partselect i62 @_ssdm_op_PartSelect.i62.i64.i32.i32, i64 %empty_83, i32 2, i32 63" [/home/simics/HMoE/HLS_HMoE/pseudo_block/run_2/src/pseudo_moe.cpp:71]   --->   Operation 453 'partselect' 'p_cast2' <Predicate = true> <Delay = 0.00>
ST_42 : Operation 454 [1/1] (0.00ns)   --->   "%p_cast13_cast = sext i62 %p_cast2" [/home/simics/HMoE/HLS_HMoE/pseudo_block/run_2/src/pseudo_moe.cpp:71]   --->   Operation 454 'sext' 'p_cast13_cast' <Predicate = true> <Delay = 0.00>
ST_42 : Operation 455 [1/1] (0.00ns)   --->   "%gmem11_addr_3 = getelementptr i32 %gmem11, i64 %p_cast13_cast" [/home/simics/HMoE/HLS_HMoE/pseudo_block/run_2/src/pseudo_moe.cpp:71]   --->   Operation 455 'getelementptr' 'gmem11_addr_3' <Predicate = true> <Delay = 0.00>

State 43 <SV = 32> <Delay = 7.30>
ST_43 : Operation 456 [1/2] (1.02ns)   --->   "%x_load = load i6 %x_addr"   --->   Operation 456 'load' 'x_load' <Predicate = true> <Delay = 1.02> <CoreInst = "RAM_1WnR">   --->   Core 84 'RAM_1WnR' <Latency = 1> <II = 1> <Delay = 1.02> <Storage> <Opcode : 'load' 'store'> <Ports = 17> <Width = 32> <Depth = 64> <RAM>
ST_43 : Operation 457 [1/2] (1.02ns)   --->   "%x_load_1 = load i6 %x_addr_1"   --->   Operation 457 'load' 'x_load_1' <Predicate = true> <Delay = 1.02> <CoreInst = "RAM_1WnR">   --->   Core 84 'RAM_1WnR' <Latency = 1> <II = 1> <Delay = 1.02> <Storage> <Opcode : 'load' 'store'> <Ports = 17> <Width = 32> <Depth = 64> <RAM>
ST_43 : Operation 458 [1/2] (1.02ns)   --->   "%x_load_2 = load i6 %x_addr_2"   --->   Operation 458 'load' 'x_load_2' <Predicate = true> <Delay = 1.02> <CoreInst = "RAM_1WnR">   --->   Core 84 'RAM_1WnR' <Latency = 1> <II = 1> <Delay = 1.02> <Storage> <Opcode : 'load' 'store'> <Ports = 17> <Width = 32> <Depth = 64> <RAM>
ST_43 : Operation 459 [1/2] (1.02ns)   --->   "%x_load_3 = load i6 %x_addr_3"   --->   Operation 459 'load' 'x_load_3' <Predicate = true> <Delay = 1.02> <CoreInst = "RAM_1WnR">   --->   Core 84 'RAM_1WnR' <Latency = 1> <II = 1> <Delay = 1.02> <Storage> <Opcode : 'load' 'store'> <Ports = 17> <Width = 32> <Depth = 64> <RAM>
ST_43 : Operation 460 [1/2] (1.02ns)   --->   "%x_load_4 = load i6 %x_addr_4"   --->   Operation 460 'load' 'x_load_4' <Predicate = true> <Delay = 1.02> <CoreInst = "RAM_1WnR">   --->   Core 84 'RAM_1WnR' <Latency = 1> <II = 1> <Delay = 1.02> <Storage> <Opcode : 'load' 'store'> <Ports = 17> <Width = 32> <Depth = 64> <RAM>
ST_43 : Operation 461 [1/2] (1.02ns)   --->   "%x_load_5 = load i6 %x_addr_5"   --->   Operation 461 'load' 'x_load_5' <Predicate = true> <Delay = 1.02> <CoreInst = "RAM_1WnR">   --->   Core 84 'RAM_1WnR' <Latency = 1> <II = 1> <Delay = 1.02> <Storage> <Opcode : 'load' 'store'> <Ports = 17> <Width = 32> <Depth = 64> <RAM>
ST_43 : Operation 462 [1/2] (1.02ns)   --->   "%x_load_6 = load i6 %x_addr_6"   --->   Operation 462 'load' 'x_load_6' <Predicate = true> <Delay = 1.02> <CoreInst = "RAM_1WnR">   --->   Core 84 'RAM_1WnR' <Latency = 1> <II = 1> <Delay = 1.02> <Storage> <Opcode : 'load' 'store'> <Ports = 17> <Width = 32> <Depth = 64> <RAM>
ST_43 : Operation 463 [1/2] (1.02ns)   --->   "%x_load_7 = load i6 %x_addr_7"   --->   Operation 463 'load' 'x_load_7' <Predicate = true> <Delay = 1.02> <CoreInst = "RAM_1WnR">   --->   Core 84 'RAM_1WnR' <Latency = 1> <II = 1> <Delay = 1.02> <Storage> <Opcode : 'load' 'store'> <Ports = 17> <Width = 32> <Depth = 64> <RAM>
ST_43 : Operation 464 [1/2] (1.02ns)   --->   "%x_load_8 = load i6 %x_addr_8"   --->   Operation 464 'load' 'x_load_8' <Predicate = true> <Delay = 1.02> <CoreInst = "RAM_1WnR">   --->   Core 84 'RAM_1WnR' <Latency = 1> <II = 1> <Delay = 1.02> <Storage> <Opcode : 'load' 'store'> <Ports = 17> <Width = 32> <Depth = 64> <RAM>
ST_43 : Operation 465 [1/2] (1.02ns)   --->   "%x_load_9 = load i6 %x_addr_9"   --->   Operation 465 'load' 'x_load_9' <Predicate = true> <Delay = 1.02> <CoreInst = "RAM_1WnR">   --->   Core 84 'RAM_1WnR' <Latency = 1> <II = 1> <Delay = 1.02> <Storage> <Opcode : 'load' 'store'> <Ports = 17> <Width = 32> <Depth = 64> <RAM>
ST_43 : Operation 466 [1/2] (1.02ns)   --->   "%x_load_10 = load i6 %x_addr_10"   --->   Operation 466 'load' 'x_load_10' <Predicate = true> <Delay = 1.02> <CoreInst = "RAM_1WnR">   --->   Core 84 'RAM_1WnR' <Latency = 1> <II = 1> <Delay = 1.02> <Storage> <Opcode : 'load' 'store'> <Ports = 17> <Width = 32> <Depth = 64> <RAM>
ST_43 : Operation 467 [1/2] (1.02ns)   --->   "%x_load_11 = load i6 %x_addr_11"   --->   Operation 467 'load' 'x_load_11' <Predicate = true> <Delay = 1.02> <CoreInst = "RAM_1WnR">   --->   Core 84 'RAM_1WnR' <Latency = 1> <II = 1> <Delay = 1.02> <Storage> <Opcode : 'load' 'store'> <Ports = 17> <Width = 32> <Depth = 64> <RAM>
ST_43 : Operation 468 [1/2] (1.02ns)   --->   "%x_load_12 = load i6 %x_addr_12"   --->   Operation 468 'load' 'x_load_12' <Predicate = true> <Delay = 1.02> <CoreInst = "RAM_1WnR">   --->   Core 84 'RAM_1WnR' <Latency = 1> <II = 1> <Delay = 1.02> <Storage> <Opcode : 'load' 'store'> <Ports = 17> <Width = 32> <Depth = 64> <RAM>
ST_43 : Operation 469 [2/2] (1.02ns)   --->   "%x_load_13 = load i6 %x_addr_13"   --->   Operation 469 'load' 'x_load_13' <Predicate = true> <Delay = 1.02> <CoreInst = "RAM_1WnR">   --->   Core 84 'RAM_1WnR' <Latency = 1> <II = 1> <Delay = 1.02> <Storage> <Opcode : 'load' 'store'> <Ports = 17> <Width = 32> <Depth = 64> <RAM>
ST_43 : Operation 470 [2/2] (1.02ns)   --->   "%x_load_14 = load i6 %x_addr_14"   --->   Operation 470 'load' 'x_load_14' <Predicate = true> <Delay = 1.02> <CoreInst = "RAM_1WnR">   --->   Core 84 'RAM_1WnR' <Latency = 1> <II = 1> <Delay = 1.02> <Storage> <Opcode : 'load' 'store'> <Ports = 17> <Width = 32> <Depth = 64> <RAM>
ST_43 : Operation 471 [2/2] (1.02ns)   --->   "%x_load_15 = load i6 %x_addr_15"   --->   Operation 471 'load' 'x_load_15' <Predicate = true> <Delay = 1.02> <CoreInst = "RAM_1WnR">   --->   Core 84 'RAM_1WnR' <Latency = 1> <II = 1> <Delay = 1.02> <Storage> <Opcode : 'load' 'store'> <Ports = 17> <Width = 32> <Depth = 64> <RAM>
ST_43 : Operation 472 [2/2] (1.02ns)   --->   "%x_load_16 = load i6 %x_addr_16"   --->   Operation 472 'load' 'x_load_16' <Predicate = true> <Delay = 1.02> <CoreInst = "RAM_1WnR">   --->   Core 84 'RAM_1WnR' <Latency = 1> <II = 1> <Delay = 1.02> <Storage> <Opcode : 'load' 'store'> <Ports = 17> <Width = 32> <Depth = 64> <RAM>
ST_43 : Operation 473 [2/2] (1.02ns)   --->   "%x_load_17 = load i6 %x_addr_17"   --->   Operation 473 'load' 'x_load_17' <Predicate = true> <Delay = 1.02> <CoreInst = "RAM_1WnR">   --->   Core 84 'RAM_1WnR' <Latency = 1> <II = 1> <Delay = 1.02> <Storage> <Opcode : 'load' 'store'> <Ports = 17> <Width = 32> <Depth = 64> <RAM>
ST_43 : Operation 474 [2/2] (1.02ns)   --->   "%x_load_18 = load i6 %x_addr_18"   --->   Operation 474 'load' 'x_load_18' <Predicate = true> <Delay = 1.02> <CoreInst = "RAM_1WnR">   --->   Core 84 'RAM_1WnR' <Latency = 1> <II = 1> <Delay = 1.02> <Storage> <Opcode : 'load' 'store'> <Ports = 17> <Width = 32> <Depth = 64> <RAM>
ST_43 : Operation 475 [2/2] (1.02ns)   --->   "%x_load_19 = load i6 %x_addr_19"   --->   Operation 475 'load' 'x_load_19' <Predicate = true> <Delay = 1.02> <CoreInst = "RAM_1WnR">   --->   Core 84 'RAM_1WnR' <Latency = 1> <II = 1> <Delay = 1.02> <Storage> <Opcode : 'load' 'store'> <Ports = 17> <Width = 32> <Depth = 64> <RAM>
ST_43 : Operation 476 [2/2] (1.02ns)   --->   "%x_load_20 = load i6 %x_addr_20"   --->   Operation 476 'load' 'x_load_20' <Predicate = true> <Delay = 1.02> <CoreInst = "RAM_1WnR">   --->   Core 84 'RAM_1WnR' <Latency = 1> <II = 1> <Delay = 1.02> <Storage> <Opcode : 'load' 'store'> <Ports = 17> <Width = 32> <Depth = 64> <RAM>
ST_43 : Operation 477 [2/2] (1.02ns)   --->   "%x_load_21 = load i6 %x_addr_21"   --->   Operation 477 'load' 'x_load_21' <Predicate = true> <Delay = 1.02> <CoreInst = "RAM_1WnR">   --->   Core 84 'RAM_1WnR' <Latency = 1> <II = 1> <Delay = 1.02> <Storage> <Opcode : 'load' 'store'> <Ports = 17> <Width = 32> <Depth = 64> <RAM>
ST_43 : Operation 478 [2/2] (1.02ns)   --->   "%x_load_22 = load i6 %x_addr_22"   --->   Operation 478 'load' 'x_load_22' <Predicate = true> <Delay = 1.02> <CoreInst = "RAM_1WnR">   --->   Core 84 'RAM_1WnR' <Latency = 1> <II = 1> <Delay = 1.02> <Storage> <Opcode : 'load' 'store'> <Ports = 17> <Width = 32> <Depth = 64> <RAM>
ST_43 : Operation 479 [2/2] (1.02ns)   --->   "%x_load_23 = load i6 %x_addr_23"   --->   Operation 479 'load' 'x_load_23' <Predicate = true> <Delay = 1.02> <CoreInst = "RAM_1WnR">   --->   Core 84 'RAM_1WnR' <Latency = 1> <II = 1> <Delay = 1.02> <Storage> <Opcode : 'load' 'store'> <Ports = 17> <Width = 32> <Depth = 64> <RAM>
ST_43 : Operation 480 [2/2] (1.02ns)   --->   "%x_load_24 = load i6 %x_addr_24"   --->   Operation 480 'load' 'x_load_24' <Predicate = true> <Delay = 1.02> <CoreInst = "RAM_1WnR">   --->   Core 84 'RAM_1WnR' <Latency = 1> <II = 1> <Delay = 1.02> <Storage> <Opcode : 'load' 'store'> <Ports = 17> <Width = 32> <Depth = 64> <RAM>
ST_43 : Operation 481 [2/2] (1.02ns)   --->   "%x_load_25 = load i6 %x_addr_25"   --->   Operation 481 'load' 'x_load_25' <Predicate = true> <Delay = 1.02> <CoreInst = "RAM_1WnR">   --->   Core 84 'RAM_1WnR' <Latency = 1> <II = 1> <Delay = 1.02> <Storage> <Opcode : 'load' 'store'> <Ports = 17> <Width = 32> <Depth = 64> <RAM>
ST_43 : Operation 482 [2/2] (1.02ns)   --->   "%x_load_26 = load i6 %x_addr_26"   --->   Operation 482 'load' 'x_load_26' <Predicate = true> <Delay = 1.02> <CoreInst = "RAM_1WnR">   --->   Core 84 'RAM_1WnR' <Latency = 1> <II = 1> <Delay = 1.02> <Storage> <Opcode : 'load' 'store'> <Ports = 17> <Width = 32> <Depth = 64> <RAM>
ST_43 : Operation 483 [2/2] (1.02ns)   --->   "%x_load_27 = load i6 %x_addr_27"   --->   Operation 483 'load' 'x_load_27' <Predicate = true> <Delay = 1.02> <CoreInst = "RAM_1WnR">   --->   Core 84 'RAM_1WnR' <Latency = 1> <II = 1> <Delay = 1.02> <Storage> <Opcode : 'load' 'store'> <Ports = 17> <Width = 32> <Depth = 64> <RAM>
ST_43 : Operation 484 [2/2] (1.02ns)   --->   "%x_load_28 = load i6 %x_addr_28"   --->   Operation 484 'load' 'x_load_28' <Predicate = true> <Delay = 1.02> <CoreInst = "RAM_1WnR">   --->   Core 84 'RAM_1WnR' <Latency = 1> <II = 1> <Delay = 1.02> <Storage> <Opcode : 'load' 'store'> <Ports = 17> <Width = 32> <Depth = 64> <RAM>
ST_43 : Operation 485 [2/2] (1.02ns)   --->   "%x_load_29 = load i6 %x_addr_29"   --->   Operation 485 'load' 'x_load_29' <Predicate = true> <Delay = 1.02> <CoreInst = "RAM_1WnR">   --->   Core 84 'RAM_1WnR' <Latency = 1> <II = 1> <Delay = 1.02> <Storage> <Opcode : 'load' 'store'> <Ports = 17> <Width = 32> <Depth = 64> <RAM>
ST_43 : Operation 486 [3/8] (7.30ns)   --->   "%empty_67 = readreq i1 @_ssdm_op_ReadReq.m_axi.p1i32, i32 %gmem3_addr, i32 4096" [/home/simics/HMoE/HLS_HMoE/pseudo_block/run_2/src/pseudo_moe.cpp:106]   --->   Operation 486 'readreq' 'empty_67' <Predicate = true> <Delay = 7.30> <CoreInst = "m_axi">   --->   Core 121 'm_axi' <Latency = 0> <II = 1> <Delay = 1.00> <Adapter> <Opcode : 'read' 'write' 'readreq' 'writereq' 'writeresp'>
ST_43 : Operation 487 [3/8] (7.30ns)   --->   "%empty_68 = readreq i1 @_ssdm_op_ReadReq.m_axi.p1i32, i32 %gmem4_addr, i32 64" [/home/simics/HMoE/HLS_HMoE/pseudo_block/run_2/src/pseudo_moe.cpp:106]   --->   Operation 487 'readreq' 'empty_68' <Predicate = true> <Delay = 7.30> <CoreInst = "m_axi">   --->   Core 121 'm_axi' <Latency = 0> <II = 1> <Delay = 1.00> <Adapter> <Opcode : 'read' 'write' 'readreq' 'writereq' 'writeresp'>
ST_43 : Operation 488 [3/8] (7.30ns)   --->   "%gmem11_load_req = readreq i1 @_ssdm_op_ReadReq.m_axi.i32P1A, i32 %gmem11_addr, i32 1" [/home/simics/HMoE/HLS_HMoE/pseudo_block/run_2/src/pseudo_moe.cpp:95]   --->   Operation 488 'readreq' 'gmem11_load_req' <Predicate = true> <Delay = 7.30> <CoreInst = "m_axi">   --->   Core 121 'm_axi' <Latency = 0> <II = 1> <Delay = 1.00> <Adapter> <Opcode : 'read' 'write' 'readreq' 'writereq' 'writeresp'>
ST_43 : Operation 489 [3/8] (7.30ns)   --->   "%empty_70 = readreq i1 @_ssdm_op_ReadReq.m_axi.p1i32, i32 %gmem5_addr, i32 4096" [/home/simics/HMoE/HLS_HMoE/pseudo_block/run_2/src/pseudo_moe.cpp:116]   --->   Operation 489 'readreq' 'empty_70' <Predicate = true> <Delay = 7.30> <CoreInst = "m_axi">   --->   Core 121 'm_axi' <Latency = 0> <II = 1> <Delay = 1.00> <Adapter> <Opcode : 'read' 'write' 'readreq' 'writereq' 'writeresp'>
ST_43 : Operation 490 [3/8] (7.30ns)   --->   "%empty_71 = readreq i1 @_ssdm_op_ReadReq.m_axi.p1i32, i32 %gmem6_addr, i32 64" [/home/simics/HMoE/HLS_HMoE/pseudo_block/run_2/src/pseudo_moe.cpp:116]   --->   Operation 490 'readreq' 'empty_71' <Predicate = true> <Delay = 7.30> <CoreInst = "m_axi">   --->   Core 121 'm_axi' <Latency = 0> <II = 1> <Delay = 1.00> <Adapter> <Opcode : 'read' 'write' 'readreq' 'writereq' 'writeresp'>
ST_43 : Operation 491 [8/8] (7.30ns)   --->   "%gmem11_load_1_req = readreq i1 @_ssdm_op_ReadReq.m_axi.i32P1A, i32 %gmem11_addr_1, i32 1" [/home/simics/HMoE/HLS_HMoE/pseudo_block/run_2/src/pseudo_moe.cpp:71]   --->   Operation 491 'readreq' 'gmem11_load_1_req' <Predicate = true> <Delay = 7.30> <CoreInst = "m_axi">   --->   Core 121 'm_axi' <Latency = 0> <II = 1> <Delay = 1.00> <Adapter> <Opcode : 'read' 'write' 'readreq' 'writereq' 'writeresp'>
ST_43 : Operation 492 [3/8] (7.30ns)   --->   "%empty_75 = readreq i1 @_ssdm_op_ReadReq.m_axi.p1i32, i32 %gmem7_addr, i32 4096" [/home/simics/HMoE/HLS_HMoE/pseudo_block/run_2/src/pseudo_moe.cpp:126]   --->   Operation 492 'readreq' 'empty_75' <Predicate = true> <Delay = 7.30> <CoreInst = "m_axi">   --->   Core 121 'm_axi' <Latency = 0> <II = 1> <Delay = 1.00> <Adapter> <Opcode : 'read' 'write' 'readreq' 'writereq' 'writeresp'>
ST_43 : Operation 493 [3/8] (7.30ns)   --->   "%empty_76 = readreq i1 @_ssdm_op_ReadReq.m_axi.p1i32, i32 %gmem8_addr, i32 64" [/home/simics/HMoE/HLS_HMoE/pseudo_block/run_2/src/pseudo_moe.cpp:126]   --->   Operation 493 'readreq' 'empty_76' <Predicate = true> <Delay = 7.30> <CoreInst = "m_axi">   --->   Core 121 'm_axi' <Latency = 0> <II = 1> <Delay = 1.00> <Adapter> <Opcode : 'read' 'write' 'readreq' 'writereq' 'writeresp'>
ST_43 : Operation 494 [3/8] (7.30ns)   --->   "%empty_80 = readreq i1 @_ssdm_op_ReadReq.m_axi.p1i32, i32 %gmem9_addr, i32 4096" [/home/simics/HMoE/HLS_HMoE/pseudo_block/run_2/src/pseudo_moe.cpp:136]   --->   Operation 494 'readreq' 'empty_80' <Predicate = true> <Delay = 7.30> <CoreInst = "m_axi">   --->   Core 121 'm_axi' <Latency = 0> <II = 1> <Delay = 1.00> <Adapter> <Opcode : 'read' 'write' 'readreq' 'writereq' 'writeresp'>
ST_43 : Operation 495 [3/8] (7.30ns)   --->   "%empty_81 = readreq i1 @_ssdm_op_ReadReq.m_axi.p1i32, i32 %gmem10_addr, i32 64" [/home/simics/HMoE/HLS_HMoE/pseudo_block/run_2/src/pseudo_moe.cpp:136]   --->   Operation 495 'readreq' 'empty_81' <Predicate = true> <Delay = 7.30> <CoreInst = "m_axi">   --->   Core 121 'm_axi' <Latency = 0> <II = 1> <Delay = 1.00> <Adapter> <Opcode : 'read' 'write' 'readreq' 'writereq' 'writeresp'>

State 44 <SV = 33> <Delay = 7.30>
ST_44 : Operation 496 [1/2] (1.02ns)   --->   "%x_load_13 = load i6 %x_addr_13"   --->   Operation 496 'load' 'x_load_13' <Predicate = true> <Delay = 1.02> <CoreInst = "RAM_1WnR">   --->   Core 84 'RAM_1WnR' <Latency = 1> <II = 1> <Delay = 1.02> <Storage> <Opcode : 'load' 'store'> <Ports = 17> <Width = 32> <Depth = 64> <RAM>
ST_44 : Operation 497 [1/2] (1.02ns)   --->   "%x_load_14 = load i6 %x_addr_14"   --->   Operation 497 'load' 'x_load_14' <Predicate = true> <Delay = 1.02> <CoreInst = "RAM_1WnR">   --->   Core 84 'RAM_1WnR' <Latency = 1> <II = 1> <Delay = 1.02> <Storage> <Opcode : 'load' 'store'> <Ports = 17> <Width = 32> <Depth = 64> <RAM>
ST_44 : Operation 498 [1/2] (1.02ns)   --->   "%x_load_15 = load i6 %x_addr_15"   --->   Operation 498 'load' 'x_load_15' <Predicate = true> <Delay = 1.02> <CoreInst = "RAM_1WnR">   --->   Core 84 'RAM_1WnR' <Latency = 1> <II = 1> <Delay = 1.02> <Storage> <Opcode : 'load' 'store'> <Ports = 17> <Width = 32> <Depth = 64> <RAM>
ST_44 : Operation 499 [1/2] (1.02ns)   --->   "%x_load_16 = load i6 %x_addr_16"   --->   Operation 499 'load' 'x_load_16' <Predicate = true> <Delay = 1.02> <CoreInst = "RAM_1WnR">   --->   Core 84 'RAM_1WnR' <Latency = 1> <II = 1> <Delay = 1.02> <Storage> <Opcode : 'load' 'store'> <Ports = 17> <Width = 32> <Depth = 64> <RAM>
ST_44 : Operation 500 [1/2] (1.02ns)   --->   "%x_load_17 = load i6 %x_addr_17"   --->   Operation 500 'load' 'x_load_17' <Predicate = true> <Delay = 1.02> <CoreInst = "RAM_1WnR">   --->   Core 84 'RAM_1WnR' <Latency = 1> <II = 1> <Delay = 1.02> <Storage> <Opcode : 'load' 'store'> <Ports = 17> <Width = 32> <Depth = 64> <RAM>
ST_44 : Operation 501 [1/2] (1.02ns)   --->   "%x_load_18 = load i6 %x_addr_18"   --->   Operation 501 'load' 'x_load_18' <Predicate = true> <Delay = 1.02> <CoreInst = "RAM_1WnR">   --->   Core 84 'RAM_1WnR' <Latency = 1> <II = 1> <Delay = 1.02> <Storage> <Opcode : 'load' 'store'> <Ports = 17> <Width = 32> <Depth = 64> <RAM>
ST_44 : Operation 502 [1/2] (1.02ns)   --->   "%x_load_19 = load i6 %x_addr_19"   --->   Operation 502 'load' 'x_load_19' <Predicate = true> <Delay = 1.02> <CoreInst = "RAM_1WnR">   --->   Core 84 'RAM_1WnR' <Latency = 1> <II = 1> <Delay = 1.02> <Storage> <Opcode : 'load' 'store'> <Ports = 17> <Width = 32> <Depth = 64> <RAM>
ST_44 : Operation 503 [1/2] (1.02ns)   --->   "%x_load_20 = load i6 %x_addr_20"   --->   Operation 503 'load' 'x_load_20' <Predicate = true> <Delay = 1.02> <CoreInst = "RAM_1WnR">   --->   Core 84 'RAM_1WnR' <Latency = 1> <II = 1> <Delay = 1.02> <Storage> <Opcode : 'load' 'store'> <Ports = 17> <Width = 32> <Depth = 64> <RAM>
ST_44 : Operation 504 [1/2] (1.02ns)   --->   "%x_load_21 = load i6 %x_addr_21"   --->   Operation 504 'load' 'x_load_21' <Predicate = true> <Delay = 1.02> <CoreInst = "RAM_1WnR">   --->   Core 84 'RAM_1WnR' <Latency = 1> <II = 1> <Delay = 1.02> <Storage> <Opcode : 'load' 'store'> <Ports = 17> <Width = 32> <Depth = 64> <RAM>
ST_44 : Operation 505 [1/2] (1.02ns)   --->   "%x_load_22 = load i6 %x_addr_22"   --->   Operation 505 'load' 'x_load_22' <Predicate = true> <Delay = 1.02> <CoreInst = "RAM_1WnR">   --->   Core 84 'RAM_1WnR' <Latency = 1> <II = 1> <Delay = 1.02> <Storage> <Opcode : 'load' 'store'> <Ports = 17> <Width = 32> <Depth = 64> <RAM>
ST_44 : Operation 506 [1/2] (1.02ns)   --->   "%x_load_23 = load i6 %x_addr_23"   --->   Operation 506 'load' 'x_load_23' <Predicate = true> <Delay = 1.02> <CoreInst = "RAM_1WnR">   --->   Core 84 'RAM_1WnR' <Latency = 1> <II = 1> <Delay = 1.02> <Storage> <Opcode : 'load' 'store'> <Ports = 17> <Width = 32> <Depth = 64> <RAM>
ST_44 : Operation 507 [1/2] (1.02ns)   --->   "%x_load_24 = load i6 %x_addr_24"   --->   Operation 507 'load' 'x_load_24' <Predicate = true> <Delay = 1.02> <CoreInst = "RAM_1WnR">   --->   Core 84 'RAM_1WnR' <Latency = 1> <II = 1> <Delay = 1.02> <Storage> <Opcode : 'load' 'store'> <Ports = 17> <Width = 32> <Depth = 64> <RAM>
ST_44 : Operation 508 [1/2] (1.02ns)   --->   "%x_load_25 = load i6 %x_addr_25"   --->   Operation 508 'load' 'x_load_25' <Predicate = true> <Delay = 1.02> <CoreInst = "RAM_1WnR">   --->   Core 84 'RAM_1WnR' <Latency = 1> <II = 1> <Delay = 1.02> <Storage> <Opcode : 'load' 'store'> <Ports = 17> <Width = 32> <Depth = 64> <RAM>
ST_44 : Operation 509 [1/2] (1.02ns)   --->   "%x_load_26 = load i6 %x_addr_26"   --->   Operation 509 'load' 'x_load_26' <Predicate = true> <Delay = 1.02> <CoreInst = "RAM_1WnR">   --->   Core 84 'RAM_1WnR' <Latency = 1> <II = 1> <Delay = 1.02> <Storage> <Opcode : 'load' 'store'> <Ports = 17> <Width = 32> <Depth = 64> <RAM>
ST_44 : Operation 510 [1/2] (1.02ns)   --->   "%x_load_27 = load i6 %x_addr_27"   --->   Operation 510 'load' 'x_load_27' <Predicate = true> <Delay = 1.02> <CoreInst = "RAM_1WnR">   --->   Core 84 'RAM_1WnR' <Latency = 1> <II = 1> <Delay = 1.02> <Storage> <Opcode : 'load' 'store'> <Ports = 17> <Width = 32> <Depth = 64> <RAM>
ST_44 : Operation 511 [1/2] (1.02ns)   --->   "%x_load_28 = load i6 %x_addr_28"   --->   Operation 511 'load' 'x_load_28' <Predicate = true> <Delay = 1.02> <CoreInst = "RAM_1WnR">   --->   Core 84 'RAM_1WnR' <Latency = 1> <II = 1> <Delay = 1.02> <Storage> <Opcode : 'load' 'store'> <Ports = 17> <Width = 32> <Depth = 64> <RAM>
ST_44 : Operation 512 [1/2] (1.02ns)   --->   "%x_load_29 = load i6 %x_addr_29"   --->   Operation 512 'load' 'x_load_29' <Predicate = true> <Delay = 1.02> <CoreInst = "RAM_1WnR">   --->   Core 84 'RAM_1WnR' <Latency = 1> <II = 1> <Delay = 1.02> <Storage> <Opcode : 'load' 'store'> <Ports = 17> <Width = 32> <Depth = 64> <RAM>
ST_44 : Operation 513 [2/2] (1.02ns)   --->   "%x_load_30 = load i6 %x_addr_30"   --->   Operation 513 'load' 'x_load_30' <Predicate = true> <Delay = 1.02> <CoreInst = "RAM_1WnR">   --->   Core 84 'RAM_1WnR' <Latency = 1> <II = 1> <Delay = 1.02> <Storage> <Opcode : 'load' 'store'> <Ports = 17> <Width = 32> <Depth = 64> <RAM>
ST_44 : Operation 514 [2/2] (1.02ns)   --->   "%x_load_31 = load i6 %x_addr_31"   --->   Operation 514 'load' 'x_load_31' <Predicate = true> <Delay = 1.02> <CoreInst = "RAM_1WnR">   --->   Core 84 'RAM_1WnR' <Latency = 1> <II = 1> <Delay = 1.02> <Storage> <Opcode : 'load' 'store'> <Ports = 17> <Width = 32> <Depth = 64> <RAM>
ST_44 : Operation 515 [2/2] (1.02ns)   --->   "%x_load_32 = load i6 %x_addr_32"   --->   Operation 515 'load' 'x_load_32' <Predicate = true> <Delay = 1.02> <CoreInst = "RAM_1WnR">   --->   Core 84 'RAM_1WnR' <Latency = 1> <II = 1> <Delay = 1.02> <Storage> <Opcode : 'load' 'store'> <Ports = 17> <Width = 32> <Depth = 64> <RAM>
ST_44 : Operation 516 [2/2] (1.02ns)   --->   "%x_load_33 = load i6 %x_addr_33"   --->   Operation 516 'load' 'x_load_33' <Predicate = true> <Delay = 1.02> <CoreInst = "RAM_1WnR">   --->   Core 84 'RAM_1WnR' <Latency = 1> <II = 1> <Delay = 1.02> <Storage> <Opcode : 'load' 'store'> <Ports = 17> <Width = 32> <Depth = 64> <RAM>
ST_44 : Operation 517 [2/2] (1.02ns)   --->   "%x_load_34 = load i6 %x_addr_34"   --->   Operation 517 'load' 'x_load_34' <Predicate = true> <Delay = 1.02> <CoreInst = "RAM_1WnR">   --->   Core 84 'RAM_1WnR' <Latency = 1> <II = 1> <Delay = 1.02> <Storage> <Opcode : 'load' 'store'> <Ports = 17> <Width = 32> <Depth = 64> <RAM>
ST_44 : Operation 518 [2/2] (1.02ns)   --->   "%x_load_35 = load i6 %x_addr_35"   --->   Operation 518 'load' 'x_load_35' <Predicate = true> <Delay = 1.02> <CoreInst = "RAM_1WnR">   --->   Core 84 'RAM_1WnR' <Latency = 1> <II = 1> <Delay = 1.02> <Storage> <Opcode : 'load' 'store'> <Ports = 17> <Width = 32> <Depth = 64> <RAM>
ST_44 : Operation 519 [2/2] (1.02ns)   --->   "%x_load_36 = load i6 %x_addr_36"   --->   Operation 519 'load' 'x_load_36' <Predicate = true> <Delay = 1.02> <CoreInst = "RAM_1WnR">   --->   Core 84 'RAM_1WnR' <Latency = 1> <II = 1> <Delay = 1.02> <Storage> <Opcode : 'load' 'store'> <Ports = 17> <Width = 32> <Depth = 64> <RAM>
ST_44 : Operation 520 [2/2] (1.02ns)   --->   "%x_load_37 = load i6 %x_addr_37"   --->   Operation 520 'load' 'x_load_37' <Predicate = true> <Delay = 1.02> <CoreInst = "RAM_1WnR">   --->   Core 84 'RAM_1WnR' <Latency = 1> <II = 1> <Delay = 1.02> <Storage> <Opcode : 'load' 'store'> <Ports = 17> <Width = 32> <Depth = 64> <RAM>
ST_44 : Operation 521 [2/2] (1.02ns)   --->   "%x_load_38 = load i6 %x_addr_38"   --->   Operation 521 'load' 'x_load_38' <Predicate = true> <Delay = 1.02> <CoreInst = "RAM_1WnR">   --->   Core 84 'RAM_1WnR' <Latency = 1> <II = 1> <Delay = 1.02> <Storage> <Opcode : 'load' 'store'> <Ports = 17> <Width = 32> <Depth = 64> <RAM>
ST_44 : Operation 522 [2/2] (1.02ns)   --->   "%x_load_39 = load i6 %x_addr_39"   --->   Operation 522 'load' 'x_load_39' <Predicate = true> <Delay = 1.02> <CoreInst = "RAM_1WnR">   --->   Core 84 'RAM_1WnR' <Latency = 1> <II = 1> <Delay = 1.02> <Storage> <Opcode : 'load' 'store'> <Ports = 17> <Width = 32> <Depth = 64> <RAM>
ST_44 : Operation 523 [2/2] (1.02ns)   --->   "%x_load_40 = load i6 %x_addr_40"   --->   Operation 523 'load' 'x_load_40' <Predicate = true> <Delay = 1.02> <CoreInst = "RAM_1WnR">   --->   Core 84 'RAM_1WnR' <Latency = 1> <II = 1> <Delay = 1.02> <Storage> <Opcode : 'load' 'store'> <Ports = 17> <Width = 32> <Depth = 64> <RAM>
ST_44 : Operation 524 [2/2] (1.02ns)   --->   "%x_load_41 = load i6 %x_addr_41"   --->   Operation 524 'load' 'x_load_41' <Predicate = true> <Delay = 1.02> <CoreInst = "RAM_1WnR">   --->   Core 84 'RAM_1WnR' <Latency = 1> <II = 1> <Delay = 1.02> <Storage> <Opcode : 'load' 'store'> <Ports = 17> <Width = 32> <Depth = 64> <RAM>
ST_44 : Operation 525 [2/2] (1.02ns)   --->   "%x_load_42 = load i6 %x_addr_42"   --->   Operation 525 'load' 'x_load_42' <Predicate = true> <Delay = 1.02> <CoreInst = "RAM_1WnR">   --->   Core 84 'RAM_1WnR' <Latency = 1> <II = 1> <Delay = 1.02> <Storage> <Opcode : 'load' 'store'> <Ports = 17> <Width = 32> <Depth = 64> <RAM>
ST_44 : Operation 526 [2/2] (1.02ns)   --->   "%x_load_43 = load i6 %x_addr_43"   --->   Operation 526 'load' 'x_load_43' <Predicate = true> <Delay = 1.02> <CoreInst = "RAM_1WnR">   --->   Core 84 'RAM_1WnR' <Latency = 1> <II = 1> <Delay = 1.02> <Storage> <Opcode : 'load' 'store'> <Ports = 17> <Width = 32> <Depth = 64> <RAM>
ST_44 : Operation 527 [2/2] (1.02ns)   --->   "%x_load_44 = load i6 %x_addr_44"   --->   Operation 527 'load' 'x_load_44' <Predicate = true> <Delay = 1.02> <CoreInst = "RAM_1WnR">   --->   Core 84 'RAM_1WnR' <Latency = 1> <II = 1> <Delay = 1.02> <Storage> <Opcode : 'load' 'store'> <Ports = 17> <Width = 32> <Depth = 64> <RAM>
ST_44 : Operation 528 [2/2] (1.02ns)   --->   "%x_load_45 = load i6 %x_addr_45"   --->   Operation 528 'load' 'x_load_45' <Predicate = true> <Delay = 1.02> <CoreInst = "RAM_1WnR">   --->   Core 84 'RAM_1WnR' <Latency = 1> <II = 1> <Delay = 1.02> <Storage> <Opcode : 'load' 'store'> <Ports = 17> <Width = 32> <Depth = 64> <RAM>
ST_44 : Operation 529 [2/2] (1.02ns)   --->   "%x_load_46 = load i6 %x_addr_46"   --->   Operation 529 'load' 'x_load_46' <Predicate = true> <Delay = 1.02> <CoreInst = "RAM_1WnR">   --->   Core 84 'RAM_1WnR' <Latency = 1> <II = 1> <Delay = 1.02> <Storage> <Opcode : 'load' 'store'> <Ports = 17> <Width = 32> <Depth = 64> <RAM>
ST_44 : Operation 530 [2/8] (7.30ns)   --->   "%empty_67 = readreq i1 @_ssdm_op_ReadReq.m_axi.p1i32, i32 %gmem3_addr, i32 4096" [/home/simics/HMoE/HLS_HMoE/pseudo_block/run_2/src/pseudo_moe.cpp:106]   --->   Operation 530 'readreq' 'empty_67' <Predicate = true> <Delay = 7.30> <CoreInst = "m_axi">   --->   Core 121 'm_axi' <Latency = 0> <II = 1> <Delay = 1.00> <Adapter> <Opcode : 'read' 'write' 'readreq' 'writereq' 'writeresp'>
ST_44 : Operation 531 [2/8] (7.30ns)   --->   "%empty_68 = readreq i1 @_ssdm_op_ReadReq.m_axi.p1i32, i32 %gmem4_addr, i32 64" [/home/simics/HMoE/HLS_HMoE/pseudo_block/run_2/src/pseudo_moe.cpp:106]   --->   Operation 531 'readreq' 'empty_68' <Predicate = true> <Delay = 7.30> <CoreInst = "m_axi">   --->   Core 121 'm_axi' <Latency = 0> <II = 1> <Delay = 1.00> <Adapter> <Opcode : 'read' 'write' 'readreq' 'writereq' 'writeresp'>
ST_44 : Operation 532 [2/8] (7.30ns)   --->   "%gmem11_load_req = readreq i1 @_ssdm_op_ReadReq.m_axi.i32P1A, i32 %gmem11_addr, i32 1" [/home/simics/HMoE/HLS_HMoE/pseudo_block/run_2/src/pseudo_moe.cpp:95]   --->   Operation 532 'readreq' 'gmem11_load_req' <Predicate = true> <Delay = 7.30> <CoreInst = "m_axi">   --->   Core 121 'm_axi' <Latency = 0> <II = 1> <Delay = 1.00> <Adapter> <Opcode : 'read' 'write' 'readreq' 'writereq' 'writeresp'>
ST_44 : Operation 533 [2/8] (7.30ns)   --->   "%empty_70 = readreq i1 @_ssdm_op_ReadReq.m_axi.p1i32, i32 %gmem5_addr, i32 4096" [/home/simics/HMoE/HLS_HMoE/pseudo_block/run_2/src/pseudo_moe.cpp:116]   --->   Operation 533 'readreq' 'empty_70' <Predicate = true> <Delay = 7.30> <CoreInst = "m_axi">   --->   Core 121 'm_axi' <Latency = 0> <II = 1> <Delay = 1.00> <Adapter> <Opcode : 'read' 'write' 'readreq' 'writereq' 'writeresp'>
ST_44 : Operation 534 [2/8] (7.30ns)   --->   "%empty_71 = readreq i1 @_ssdm_op_ReadReq.m_axi.p1i32, i32 %gmem6_addr, i32 64" [/home/simics/HMoE/HLS_HMoE/pseudo_block/run_2/src/pseudo_moe.cpp:116]   --->   Operation 534 'readreq' 'empty_71' <Predicate = true> <Delay = 7.30> <CoreInst = "m_axi">   --->   Core 121 'm_axi' <Latency = 0> <II = 1> <Delay = 1.00> <Adapter> <Opcode : 'read' 'write' 'readreq' 'writereq' 'writeresp'>
ST_44 : Operation 535 [7/8] (7.30ns)   --->   "%gmem11_load_1_req = readreq i1 @_ssdm_op_ReadReq.m_axi.i32P1A, i32 %gmem11_addr_1, i32 1" [/home/simics/HMoE/HLS_HMoE/pseudo_block/run_2/src/pseudo_moe.cpp:71]   --->   Operation 535 'readreq' 'gmem11_load_1_req' <Predicate = true> <Delay = 7.30> <CoreInst = "m_axi">   --->   Core 121 'm_axi' <Latency = 0> <II = 1> <Delay = 1.00> <Adapter> <Opcode : 'read' 'write' 'readreq' 'writereq' 'writeresp'>
ST_44 : Operation 536 [2/8] (7.30ns)   --->   "%empty_75 = readreq i1 @_ssdm_op_ReadReq.m_axi.p1i32, i32 %gmem7_addr, i32 4096" [/home/simics/HMoE/HLS_HMoE/pseudo_block/run_2/src/pseudo_moe.cpp:126]   --->   Operation 536 'readreq' 'empty_75' <Predicate = true> <Delay = 7.30> <CoreInst = "m_axi">   --->   Core 121 'm_axi' <Latency = 0> <II = 1> <Delay = 1.00> <Adapter> <Opcode : 'read' 'write' 'readreq' 'writereq' 'writeresp'>
ST_44 : Operation 537 [2/8] (7.30ns)   --->   "%empty_76 = readreq i1 @_ssdm_op_ReadReq.m_axi.p1i32, i32 %gmem8_addr, i32 64" [/home/simics/HMoE/HLS_HMoE/pseudo_block/run_2/src/pseudo_moe.cpp:126]   --->   Operation 537 'readreq' 'empty_76' <Predicate = true> <Delay = 7.30> <CoreInst = "m_axi">   --->   Core 121 'm_axi' <Latency = 0> <II = 1> <Delay = 1.00> <Adapter> <Opcode : 'read' 'write' 'readreq' 'writereq' 'writeresp'>
ST_44 : Operation 538 [8/8] (7.30ns)   --->   "%gmem11_load_2_req = readreq i1 @_ssdm_op_ReadReq.m_axi.i32P1A, i32 %gmem11_addr_2, i32 1" [/home/simics/HMoE/HLS_HMoE/pseudo_block/run_2/src/pseudo_moe.cpp:71]   --->   Operation 538 'readreq' 'gmem11_load_2_req' <Predicate = true> <Delay = 7.30> <CoreInst = "m_axi">   --->   Core 121 'm_axi' <Latency = 0> <II = 1> <Delay = 1.00> <Adapter> <Opcode : 'read' 'write' 'readreq' 'writereq' 'writeresp'>
ST_44 : Operation 539 [2/8] (7.30ns)   --->   "%empty_80 = readreq i1 @_ssdm_op_ReadReq.m_axi.p1i32, i32 %gmem9_addr, i32 4096" [/home/simics/HMoE/HLS_HMoE/pseudo_block/run_2/src/pseudo_moe.cpp:136]   --->   Operation 539 'readreq' 'empty_80' <Predicate = true> <Delay = 7.30> <CoreInst = "m_axi">   --->   Core 121 'm_axi' <Latency = 0> <II = 1> <Delay = 1.00> <Adapter> <Opcode : 'read' 'write' 'readreq' 'writereq' 'writeresp'>
ST_44 : Operation 540 [2/8] (7.30ns)   --->   "%empty_81 = readreq i1 @_ssdm_op_ReadReq.m_axi.p1i32, i32 %gmem10_addr, i32 64" [/home/simics/HMoE/HLS_HMoE/pseudo_block/run_2/src/pseudo_moe.cpp:136]   --->   Operation 540 'readreq' 'empty_81' <Predicate = true> <Delay = 7.30> <CoreInst = "m_axi">   --->   Core 121 'm_axi' <Latency = 0> <II = 1> <Delay = 1.00> <Adapter> <Opcode : 'read' 'write' 'readreq' 'writereq' 'writeresp'>

State 45 <SV = 34> <Delay = 7.30>
ST_45 : Operation 541 [1/2] (1.02ns)   --->   "%x_load_30 = load i6 %x_addr_30"   --->   Operation 541 'load' 'x_load_30' <Predicate = true> <Delay = 1.02> <CoreInst = "RAM_1WnR">   --->   Core 84 'RAM_1WnR' <Latency = 1> <II = 1> <Delay = 1.02> <Storage> <Opcode : 'load' 'store'> <Ports = 17> <Width = 32> <Depth = 64> <RAM>
ST_45 : Operation 542 [1/2] (1.02ns)   --->   "%x_load_31 = load i6 %x_addr_31"   --->   Operation 542 'load' 'x_load_31' <Predicate = true> <Delay = 1.02> <CoreInst = "RAM_1WnR">   --->   Core 84 'RAM_1WnR' <Latency = 1> <II = 1> <Delay = 1.02> <Storage> <Opcode : 'load' 'store'> <Ports = 17> <Width = 32> <Depth = 64> <RAM>
ST_45 : Operation 543 [1/2] (1.02ns)   --->   "%x_load_32 = load i6 %x_addr_32"   --->   Operation 543 'load' 'x_load_32' <Predicate = true> <Delay = 1.02> <CoreInst = "RAM_1WnR">   --->   Core 84 'RAM_1WnR' <Latency = 1> <II = 1> <Delay = 1.02> <Storage> <Opcode : 'load' 'store'> <Ports = 17> <Width = 32> <Depth = 64> <RAM>
ST_45 : Operation 544 [1/2] (1.02ns)   --->   "%x_load_33 = load i6 %x_addr_33"   --->   Operation 544 'load' 'x_load_33' <Predicate = true> <Delay = 1.02> <CoreInst = "RAM_1WnR">   --->   Core 84 'RAM_1WnR' <Latency = 1> <II = 1> <Delay = 1.02> <Storage> <Opcode : 'load' 'store'> <Ports = 17> <Width = 32> <Depth = 64> <RAM>
ST_45 : Operation 545 [1/2] (1.02ns)   --->   "%x_load_34 = load i6 %x_addr_34"   --->   Operation 545 'load' 'x_load_34' <Predicate = true> <Delay = 1.02> <CoreInst = "RAM_1WnR">   --->   Core 84 'RAM_1WnR' <Latency = 1> <II = 1> <Delay = 1.02> <Storage> <Opcode : 'load' 'store'> <Ports = 17> <Width = 32> <Depth = 64> <RAM>
ST_45 : Operation 546 [1/2] (1.02ns)   --->   "%x_load_35 = load i6 %x_addr_35"   --->   Operation 546 'load' 'x_load_35' <Predicate = true> <Delay = 1.02> <CoreInst = "RAM_1WnR">   --->   Core 84 'RAM_1WnR' <Latency = 1> <II = 1> <Delay = 1.02> <Storage> <Opcode : 'load' 'store'> <Ports = 17> <Width = 32> <Depth = 64> <RAM>
ST_45 : Operation 547 [1/2] (1.02ns)   --->   "%x_load_36 = load i6 %x_addr_36"   --->   Operation 547 'load' 'x_load_36' <Predicate = true> <Delay = 1.02> <CoreInst = "RAM_1WnR">   --->   Core 84 'RAM_1WnR' <Latency = 1> <II = 1> <Delay = 1.02> <Storage> <Opcode : 'load' 'store'> <Ports = 17> <Width = 32> <Depth = 64> <RAM>
ST_45 : Operation 548 [1/2] (1.02ns)   --->   "%x_load_37 = load i6 %x_addr_37"   --->   Operation 548 'load' 'x_load_37' <Predicate = true> <Delay = 1.02> <CoreInst = "RAM_1WnR">   --->   Core 84 'RAM_1WnR' <Latency = 1> <II = 1> <Delay = 1.02> <Storage> <Opcode : 'load' 'store'> <Ports = 17> <Width = 32> <Depth = 64> <RAM>
ST_45 : Operation 549 [1/2] (1.02ns)   --->   "%x_load_38 = load i6 %x_addr_38"   --->   Operation 549 'load' 'x_load_38' <Predicate = true> <Delay = 1.02> <CoreInst = "RAM_1WnR">   --->   Core 84 'RAM_1WnR' <Latency = 1> <II = 1> <Delay = 1.02> <Storage> <Opcode : 'load' 'store'> <Ports = 17> <Width = 32> <Depth = 64> <RAM>
ST_45 : Operation 550 [1/2] (1.02ns)   --->   "%x_load_39 = load i6 %x_addr_39"   --->   Operation 550 'load' 'x_load_39' <Predicate = true> <Delay = 1.02> <CoreInst = "RAM_1WnR">   --->   Core 84 'RAM_1WnR' <Latency = 1> <II = 1> <Delay = 1.02> <Storage> <Opcode : 'load' 'store'> <Ports = 17> <Width = 32> <Depth = 64> <RAM>
ST_45 : Operation 551 [1/2] (1.02ns)   --->   "%x_load_40 = load i6 %x_addr_40"   --->   Operation 551 'load' 'x_load_40' <Predicate = true> <Delay = 1.02> <CoreInst = "RAM_1WnR">   --->   Core 84 'RAM_1WnR' <Latency = 1> <II = 1> <Delay = 1.02> <Storage> <Opcode : 'load' 'store'> <Ports = 17> <Width = 32> <Depth = 64> <RAM>
ST_45 : Operation 552 [1/2] (1.02ns)   --->   "%x_load_41 = load i6 %x_addr_41"   --->   Operation 552 'load' 'x_load_41' <Predicate = true> <Delay = 1.02> <CoreInst = "RAM_1WnR">   --->   Core 84 'RAM_1WnR' <Latency = 1> <II = 1> <Delay = 1.02> <Storage> <Opcode : 'load' 'store'> <Ports = 17> <Width = 32> <Depth = 64> <RAM>
ST_45 : Operation 553 [1/2] (1.02ns)   --->   "%x_load_42 = load i6 %x_addr_42"   --->   Operation 553 'load' 'x_load_42' <Predicate = true> <Delay = 1.02> <CoreInst = "RAM_1WnR">   --->   Core 84 'RAM_1WnR' <Latency = 1> <II = 1> <Delay = 1.02> <Storage> <Opcode : 'load' 'store'> <Ports = 17> <Width = 32> <Depth = 64> <RAM>
ST_45 : Operation 554 [1/2] (1.02ns)   --->   "%x_load_43 = load i6 %x_addr_43"   --->   Operation 554 'load' 'x_load_43' <Predicate = true> <Delay = 1.02> <CoreInst = "RAM_1WnR">   --->   Core 84 'RAM_1WnR' <Latency = 1> <II = 1> <Delay = 1.02> <Storage> <Opcode : 'load' 'store'> <Ports = 17> <Width = 32> <Depth = 64> <RAM>
ST_45 : Operation 555 [1/2] (1.02ns)   --->   "%x_load_44 = load i6 %x_addr_44"   --->   Operation 555 'load' 'x_load_44' <Predicate = true> <Delay = 1.02> <CoreInst = "RAM_1WnR">   --->   Core 84 'RAM_1WnR' <Latency = 1> <II = 1> <Delay = 1.02> <Storage> <Opcode : 'load' 'store'> <Ports = 17> <Width = 32> <Depth = 64> <RAM>
ST_45 : Operation 556 [1/2] (1.02ns)   --->   "%x_load_45 = load i6 %x_addr_45"   --->   Operation 556 'load' 'x_load_45' <Predicate = true> <Delay = 1.02> <CoreInst = "RAM_1WnR">   --->   Core 84 'RAM_1WnR' <Latency = 1> <II = 1> <Delay = 1.02> <Storage> <Opcode : 'load' 'store'> <Ports = 17> <Width = 32> <Depth = 64> <RAM>
ST_45 : Operation 557 [1/2] (1.02ns)   --->   "%x_load_46 = load i6 %x_addr_46"   --->   Operation 557 'load' 'x_load_46' <Predicate = true> <Delay = 1.02> <CoreInst = "RAM_1WnR">   --->   Core 84 'RAM_1WnR' <Latency = 1> <II = 1> <Delay = 1.02> <Storage> <Opcode : 'load' 'store'> <Ports = 17> <Width = 32> <Depth = 64> <RAM>
ST_45 : Operation 558 [2/2] (1.02ns)   --->   "%x_load_47 = load i6 %x_addr_47"   --->   Operation 558 'load' 'x_load_47' <Predicate = true> <Delay = 1.02> <CoreInst = "RAM_1WnR">   --->   Core 84 'RAM_1WnR' <Latency = 1> <II = 1> <Delay = 1.02> <Storage> <Opcode : 'load' 'store'> <Ports = 17> <Width = 32> <Depth = 64> <RAM>
ST_45 : Operation 559 [2/2] (1.02ns)   --->   "%x_load_48 = load i6 %x_addr_48"   --->   Operation 559 'load' 'x_load_48' <Predicate = true> <Delay = 1.02> <CoreInst = "RAM_1WnR">   --->   Core 84 'RAM_1WnR' <Latency = 1> <II = 1> <Delay = 1.02> <Storage> <Opcode : 'load' 'store'> <Ports = 17> <Width = 32> <Depth = 64> <RAM>
ST_45 : Operation 560 [2/2] (1.02ns)   --->   "%x_load_49 = load i6 %x_addr_49"   --->   Operation 560 'load' 'x_load_49' <Predicate = true> <Delay = 1.02> <CoreInst = "RAM_1WnR">   --->   Core 84 'RAM_1WnR' <Latency = 1> <II = 1> <Delay = 1.02> <Storage> <Opcode : 'load' 'store'> <Ports = 17> <Width = 32> <Depth = 64> <RAM>
ST_45 : Operation 561 [2/2] (1.02ns)   --->   "%x_load_50 = load i6 %x_addr_50"   --->   Operation 561 'load' 'x_load_50' <Predicate = true> <Delay = 1.02> <CoreInst = "RAM_1WnR">   --->   Core 84 'RAM_1WnR' <Latency = 1> <II = 1> <Delay = 1.02> <Storage> <Opcode : 'load' 'store'> <Ports = 17> <Width = 32> <Depth = 64> <RAM>
ST_45 : Operation 562 [2/2] (1.02ns)   --->   "%x_load_51 = load i6 %x_addr_51"   --->   Operation 562 'load' 'x_load_51' <Predicate = true> <Delay = 1.02> <CoreInst = "RAM_1WnR">   --->   Core 84 'RAM_1WnR' <Latency = 1> <II = 1> <Delay = 1.02> <Storage> <Opcode : 'load' 'store'> <Ports = 17> <Width = 32> <Depth = 64> <RAM>
ST_45 : Operation 563 [2/2] (1.02ns)   --->   "%x_load_52 = load i6 %x_addr_52"   --->   Operation 563 'load' 'x_load_52' <Predicate = true> <Delay = 1.02> <CoreInst = "RAM_1WnR">   --->   Core 84 'RAM_1WnR' <Latency = 1> <II = 1> <Delay = 1.02> <Storage> <Opcode : 'load' 'store'> <Ports = 17> <Width = 32> <Depth = 64> <RAM>
ST_45 : Operation 564 [2/2] (1.02ns)   --->   "%x_load_53 = load i6 %x_addr_53"   --->   Operation 564 'load' 'x_load_53' <Predicate = true> <Delay = 1.02> <CoreInst = "RAM_1WnR">   --->   Core 84 'RAM_1WnR' <Latency = 1> <II = 1> <Delay = 1.02> <Storage> <Opcode : 'load' 'store'> <Ports = 17> <Width = 32> <Depth = 64> <RAM>
ST_45 : Operation 565 [2/2] (1.02ns)   --->   "%x_load_54 = load i6 %x_addr_54"   --->   Operation 565 'load' 'x_load_54' <Predicate = true> <Delay = 1.02> <CoreInst = "RAM_1WnR">   --->   Core 84 'RAM_1WnR' <Latency = 1> <II = 1> <Delay = 1.02> <Storage> <Opcode : 'load' 'store'> <Ports = 17> <Width = 32> <Depth = 64> <RAM>
ST_45 : Operation 566 [2/2] (1.02ns)   --->   "%x_load_55 = load i6 %x_addr_55"   --->   Operation 566 'load' 'x_load_55' <Predicate = true> <Delay = 1.02> <CoreInst = "RAM_1WnR">   --->   Core 84 'RAM_1WnR' <Latency = 1> <II = 1> <Delay = 1.02> <Storage> <Opcode : 'load' 'store'> <Ports = 17> <Width = 32> <Depth = 64> <RAM>
ST_45 : Operation 567 [2/2] (1.02ns)   --->   "%x_load_56 = load i6 %x_addr_56"   --->   Operation 567 'load' 'x_load_56' <Predicate = true> <Delay = 1.02> <CoreInst = "RAM_1WnR">   --->   Core 84 'RAM_1WnR' <Latency = 1> <II = 1> <Delay = 1.02> <Storage> <Opcode : 'load' 'store'> <Ports = 17> <Width = 32> <Depth = 64> <RAM>
ST_45 : Operation 568 [2/2] (1.02ns)   --->   "%x_load_57 = load i6 %x_addr_57"   --->   Operation 568 'load' 'x_load_57' <Predicate = true> <Delay = 1.02> <CoreInst = "RAM_1WnR">   --->   Core 84 'RAM_1WnR' <Latency = 1> <II = 1> <Delay = 1.02> <Storage> <Opcode : 'load' 'store'> <Ports = 17> <Width = 32> <Depth = 64> <RAM>
ST_45 : Operation 569 [2/2] (1.02ns)   --->   "%x_load_58 = load i6 %x_addr_58"   --->   Operation 569 'load' 'x_load_58' <Predicate = true> <Delay = 1.02> <CoreInst = "RAM_1WnR">   --->   Core 84 'RAM_1WnR' <Latency = 1> <II = 1> <Delay = 1.02> <Storage> <Opcode : 'load' 'store'> <Ports = 17> <Width = 32> <Depth = 64> <RAM>
ST_45 : Operation 570 [2/2] (1.02ns)   --->   "%x_load_59 = load i6 %x_addr_59"   --->   Operation 570 'load' 'x_load_59' <Predicate = true> <Delay = 1.02> <CoreInst = "RAM_1WnR">   --->   Core 84 'RAM_1WnR' <Latency = 1> <II = 1> <Delay = 1.02> <Storage> <Opcode : 'load' 'store'> <Ports = 17> <Width = 32> <Depth = 64> <RAM>
ST_45 : Operation 571 [2/2] (1.02ns)   --->   "%x_load_60 = load i6 %x_addr_60"   --->   Operation 571 'load' 'x_load_60' <Predicate = true> <Delay = 1.02> <CoreInst = "RAM_1WnR">   --->   Core 84 'RAM_1WnR' <Latency = 1> <II = 1> <Delay = 1.02> <Storage> <Opcode : 'load' 'store'> <Ports = 17> <Width = 32> <Depth = 64> <RAM>
ST_45 : Operation 572 [2/2] (1.02ns)   --->   "%x_load_61 = load i6 %x_addr_61"   --->   Operation 572 'load' 'x_load_61' <Predicate = true> <Delay = 1.02> <CoreInst = "RAM_1WnR">   --->   Core 84 'RAM_1WnR' <Latency = 1> <II = 1> <Delay = 1.02> <Storage> <Opcode : 'load' 'store'> <Ports = 17> <Width = 32> <Depth = 64> <RAM>
ST_45 : Operation 573 [2/2] (1.02ns)   --->   "%x_load_62 = load i6 %x_addr_62"   --->   Operation 573 'load' 'x_load_62' <Predicate = true> <Delay = 1.02> <CoreInst = "RAM_1WnR">   --->   Core 84 'RAM_1WnR' <Latency = 1> <II = 1> <Delay = 1.02> <Storage> <Opcode : 'load' 'store'> <Ports = 17> <Width = 32> <Depth = 64> <RAM>
ST_45 : Operation 574 [2/2] (1.02ns)   --->   "%x_load_63 = load i6 %x_addr_63"   --->   Operation 574 'load' 'x_load_63' <Predicate = true> <Delay = 1.02> <CoreInst = "RAM_1WnR">   --->   Core 84 'RAM_1WnR' <Latency = 1> <II = 1> <Delay = 1.02> <Storage> <Opcode : 'load' 'store'> <Ports = 17> <Width = 32> <Depth = 64> <RAM>
ST_45 : Operation 575 [1/8] (7.30ns)   --->   "%empty_67 = readreq i1 @_ssdm_op_ReadReq.m_axi.p1i32, i32 %gmem3_addr, i32 4096" [/home/simics/HMoE/HLS_HMoE/pseudo_block/run_2/src/pseudo_moe.cpp:106]   --->   Operation 575 'readreq' 'empty_67' <Predicate = true> <Delay = 7.30> <CoreInst = "m_axi">   --->   Core 121 'm_axi' <Latency = 0> <II = 1> <Delay = 1.00> <Adapter> <Opcode : 'read' 'write' 'readreq' 'writereq' 'writeresp'>
ST_45 : Operation 576 [1/8] (7.30ns)   --->   "%empty_68 = readreq i1 @_ssdm_op_ReadReq.m_axi.p1i32, i32 %gmem4_addr, i32 64" [/home/simics/HMoE/HLS_HMoE/pseudo_block/run_2/src/pseudo_moe.cpp:106]   --->   Operation 576 'readreq' 'empty_68' <Predicate = true> <Delay = 7.30> <CoreInst = "m_axi">   --->   Core 121 'm_axi' <Latency = 0> <II = 1> <Delay = 1.00> <Adapter> <Opcode : 'read' 'write' 'readreq' 'writereq' 'writeresp'>
ST_45 : Operation 577 [1/8] (7.30ns)   --->   "%gmem11_load_req = readreq i1 @_ssdm_op_ReadReq.m_axi.i32P1A, i32 %gmem11_addr, i32 1" [/home/simics/HMoE/HLS_HMoE/pseudo_block/run_2/src/pseudo_moe.cpp:95]   --->   Operation 577 'readreq' 'gmem11_load_req' <Predicate = true> <Delay = 7.30> <CoreInst = "m_axi">   --->   Core 121 'm_axi' <Latency = 0> <II = 1> <Delay = 1.00> <Adapter> <Opcode : 'read' 'write' 'readreq' 'writereq' 'writeresp'>
ST_45 : Operation 578 [1/8] (7.30ns)   --->   "%empty_70 = readreq i1 @_ssdm_op_ReadReq.m_axi.p1i32, i32 %gmem5_addr, i32 4096" [/home/simics/HMoE/HLS_HMoE/pseudo_block/run_2/src/pseudo_moe.cpp:116]   --->   Operation 578 'readreq' 'empty_70' <Predicate = true> <Delay = 7.30> <CoreInst = "m_axi">   --->   Core 121 'm_axi' <Latency = 0> <II = 1> <Delay = 1.00> <Adapter> <Opcode : 'read' 'write' 'readreq' 'writereq' 'writeresp'>
ST_45 : Operation 579 [1/8] (7.30ns)   --->   "%empty_71 = readreq i1 @_ssdm_op_ReadReq.m_axi.p1i32, i32 %gmem6_addr, i32 64" [/home/simics/HMoE/HLS_HMoE/pseudo_block/run_2/src/pseudo_moe.cpp:116]   --->   Operation 579 'readreq' 'empty_71' <Predicate = true> <Delay = 7.30> <CoreInst = "m_axi">   --->   Core 121 'm_axi' <Latency = 0> <II = 1> <Delay = 1.00> <Adapter> <Opcode : 'read' 'write' 'readreq' 'writereq' 'writeresp'>
ST_45 : Operation 580 [6/8] (7.30ns)   --->   "%gmem11_load_1_req = readreq i1 @_ssdm_op_ReadReq.m_axi.i32P1A, i32 %gmem11_addr_1, i32 1" [/home/simics/HMoE/HLS_HMoE/pseudo_block/run_2/src/pseudo_moe.cpp:71]   --->   Operation 580 'readreq' 'gmem11_load_1_req' <Predicate = true> <Delay = 7.30> <CoreInst = "m_axi">   --->   Core 121 'm_axi' <Latency = 0> <II = 1> <Delay = 1.00> <Adapter> <Opcode : 'read' 'write' 'readreq' 'writereq' 'writeresp'>
ST_45 : Operation 581 [1/8] (7.30ns)   --->   "%empty_75 = readreq i1 @_ssdm_op_ReadReq.m_axi.p1i32, i32 %gmem7_addr, i32 4096" [/home/simics/HMoE/HLS_HMoE/pseudo_block/run_2/src/pseudo_moe.cpp:126]   --->   Operation 581 'readreq' 'empty_75' <Predicate = true> <Delay = 7.30> <CoreInst = "m_axi">   --->   Core 121 'm_axi' <Latency = 0> <II = 1> <Delay = 1.00> <Adapter> <Opcode : 'read' 'write' 'readreq' 'writereq' 'writeresp'>
ST_45 : Operation 582 [1/8] (7.30ns)   --->   "%empty_76 = readreq i1 @_ssdm_op_ReadReq.m_axi.p1i32, i32 %gmem8_addr, i32 64" [/home/simics/HMoE/HLS_HMoE/pseudo_block/run_2/src/pseudo_moe.cpp:126]   --->   Operation 582 'readreq' 'empty_76' <Predicate = true> <Delay = 7.30> <CoreInst = "m_axi">   --->   Core 121 'm_axi' <Latency = 0> <II = 1> <Delay = 1.00> <Adapter> <Opcode : 'read' 'write' 'readreq' 'writereq' 'writeresp'>
ST_45 : Operation 583 [7/8] (7.30ns)   --->   "%gmem11_load_2_req = readreq i1 @_ssdm_op_ReadReq.m_axi.i32P1A, i32 %gmem11_addr_2, i32 1" [/home/simics/HMoE/HLS_HMoE/pseudo_block/run_2/src/pseudo_moe.cpp:71]   --->   Operation 583 'readreq' 'gmem11_load_2_req' <Predicate = true> <Delay = 7.30> <CoreInst = "m_axi">   --->   Core 121 'm_axi' <Latency = 0> <II = 1> <Delay = 1.00> <Adapter> <Opcode : 'read' 'write' 'readreq' 'writereq' 'writeresp'>
ST_45 : Operation 584 [1/8] (7.30ns)   --->   "%empty_80 = readreq i1 @_ssdm_op_ReadReq.m_axi.p1i32, i32 %gmem9_addr, i32 4096" [/home/simics/HMoE/HLS_HMoE/pseudo_block/run_2/src/pseudo_moe.cpp:136]   --->   Operation 584 'readreq' 'empty_80' <Predicate = true> <Delay = 7.30> <CoreInst = "m_axi">   --->   Core 121 'm_axi' <Latency = 0> <II = 1> <Delay = 1.00> <Adapter> <Opcode : 'read' 'write' 'readreq' 'writereq' 'writeresp'>
ST_45 : Operation 585 [1/8] (7.30ns)   --->   "%empty_81 = readreq i1 @_ssdm_op_ReadReq.m_axi.p1i32, i32 %gmem10_addr, i32 64" [/home/simics/HMoE/HLS_HMoE/pseudo_block/run_2/src/pseudo_moe.cpp:136]   --->   Operation 585 'readreq' 'empty_81' <Predicate = true> <Delay = 7.30> <CoreInst = "m_axi">   --->   Core 121 'm_axi' <Latency = 0> <II = 1> <Delay = 1.00> <Adapter> <Opcode : 'read' 'write' 'readreq' 'writereq' 'writeresp'>
ST_45 : Operation 586 [8/8] (7.30ns)   --->   "%gmem11_load_3_req = readreq i1 @_ssdm_op_ReadReq.m_axi.i32P1A, i32 %gmem11_addr_3, i32 1" [/home/simics/HMoE/HLS_HMoE/pseudo_block/run_2/src/pseudo_moe.cpp:71]   --->   Operation 586 'readreq' 'gmem11_load_3_req' <Predicate = true> <Delay = 7.30> <CoreInst = "m_axi">   --->   Core 121 'm_axi' <Latency = 0> <II = 1> <Delay = 1.00> <Adapter> <Opcode : 'read' 'write' 'readreq' 'writereq' 'writeresp'>

State 46 <SV = 35> <Delay = 7.30>
ST_46 : Operation 587 [1/2] (1.02ns)   --->   "%x_load_47 = load i6 %x_addr_47"   --->   Operation 587 'load' 'x_load_47' <Predicate = true> <Delay = 1.02> <CoreInst = "RAM_1WnR">   --->   Core 84 'RAM_1WnR' <Latency = 1> <II = 1> <Delay = 1.02> <Storage> <Opcode : 'load' 'store'> <Ports = 17> <Width = 32> <Depth = 64> <RAM>
ST_46 : Operation 588 [1/2] (1.02ns)   --->   "%x_load_48 = load i6 %x_addr_48"   --->   Operation 588 'load' 'x_load_48' <Predicate = true> <Delay = 1.02> <CoreInst = "RAM_1WnR">   --->   Core 84 'RAM_1WnR' <Latency = 1> <II = 1> <Delay = 1.02> <Storage> <Opcode : 'load' 'store'> <Ports = 17> <Width = 32> <Depth = 64> <RAM>
ST_46 : Operation 589 [1/2] (1.02ns)   --->   "%x_load_49 = load i6 %x_addr_49"   --->   Operation 589 'load' 'x_load_49' <Predicate = true> <Delay = 1.02> <CoreInst = "RAM_1WnR">   --->   Core 84 'RAM_1WnR' <Latency = 1> <II = 1> <Delay = 1.02> <Storage> <Opcode : 'load' 'store'> <Ports = 17> <Width = 32> <Depth = 64> <RAM>
ST_46 : Operation 590 [1/2] (1.02ns)   --->   "%x_load_50 = load i6 %x_addr_50"   --->   Operation 590 'load' 'x_load_50' <Predicate = true> <Delay = 1.02> <CoreInst = "RAM_1WnR">   --->   Core 84 'RAM_1WnR' <Latency = 1> <II = 1> <Delay = 1.02> <Storage> <Opcode : 'load' 'store'> <Ports = 17> <Width = 32> <Depth = 64> <RAM>
ST_46 : Operation 591 [1/2] (1.02ns)   --->   "%x_load_51 = load i6 %x_addr_51"   --->   Operation 591 'load' 'x_load_51' <Predicate = true> <Delay = 1.02> <CoreInst = "RAM_1WnR">   --->   Core 84 'RAM_1WnR' <Latency = 1> <II = 1> <Delay = 1.02> <Storage> <Opcode : 'load' 'store'> <Ports = 17> <Width = 32> <Depth = 64> <RAM>
ST_46 : Operation 592 [1/2] (1.02ns)   --->   "%x_load_52 = load i6 %x_addr_52"   --->   Operation 592 'load' 'x_load_52' <Predicate = true> <Delay = 1.02> <CoreInst = "RAM_1WnR">   --->   Core 84 'RAM_1WnR' <Latency = 1> <II = 1> <Delay = 1.02> <Storage> <Opcode : 'load' 'store'> <Ports = 17> <Width = 32> <Depth = 64> <RAM>
ST_46 : Operation 593 [1/2] (1.02ns)   --->   "%x_load_53 = load i6 %x_addr_53"   --->   Operation 593 'load' 'x_load_53' <Predicate = true> <Delay = 1.02> <CoreInst = "RAM_1WnR">   --->   Core 84 'RAM_1WnR' <Latency = 1> <II = 1> <Delay = 1.02> <Storage> <Opcode : 'load' 'store'> <Ports = 17> <Width = 32> <Depth = 64> <RAM>
ST_46 : Operation 594 [1/2] (1.02ns)   --->   "%x_load_54 = load i6 %x_addr_54"   --->   Operation 594 'load' 'x_load_54' <Predicate = true> <Delay = 1.02> <CoreInst = "RAM_1WnR">   --->   Core 84 'RAM_1WnR' <Latency = 1> <II = 1> <Delay = 1.02> <Storage> <Opcode : 'load' 'store'> <Ports = 17> <Width = 32> <Depth = 64> <RAM>
ST_46 : Operation 595 [1/2] (1.02ns)   --->   "%x_load_55 = load i6 %x_addr_55"   --->   Operation 595 'load' 'x_load_55' <Predicate = true> <Delay = 1.02> <CoreInst = "RAM_1WnR">   --->   Core 84 'RAM_1WnR' <Latency = 1> <II = 1> <Delay = 1.02> <Storage> <Opcode : 'load' 'store'> <Ports = 17> <Width = 32> <Depth = 64> <RAM>
ST_46 : Operation 596 [1/2] (1.02ns)   --->   "%x_load_56 = load i6 %x_addr_56"   --->   Operation 596 'load' 'x_load_56' <Predicate = true> <Delay = 1.02> <CoreInst = "RAM_1WnR">   --->   Core 84 'RAM_1WnR' <Latency = 1> <II = 1> <Delay = 1.02> <Storage> <Opcode : 'load' 'store'> <Ports = 17> <Width = 32> <Depth = 64> <RAM>
ST_46 : Operation 597 [1/2] (1.02ns)   --->   "%x_load_57 = load i6 %x_addr_57"   --->   Operation 597 'load' 'x_load_57' <Predicate = true> <Delay = 1.02> <CoreInst = "RAM_1WnR">   --->   Core 84 'RAM_1WnR' <Latency = 1> <II = 1> <Delay = 1.02> <Storage> <Opcode : 'load' 'store'> <Ports = 17> <Width = 32> <Depth = 64> <RAM>
ST_46 : Operation 598 [1/2] (1.02ns)   --->   "%x_load_58 = load i6 %x_addr_58"   --->   Operation 598 'load' 'x_load_58' <Predicate = true> <Delay = 1.02> <CoreInst = "RAM_1WnR">   --->   Core 84 'RAM_1WnR' <Latency = 1> <II = 1> <Delay = 1.02> <Storage> <Opcode : 'load' 'store'> <Ports = 17> <Width = 32> <Depth = 64> <RAM>
ST_46 : Operation 599 [1/2] (1.02ns)   --->   "%x_load_59 = load i6 %x_addr_59"   --->   Operation 599 'load' 'x_load_59' <Predicate = true> <Delay = 1.02> <CoreInst = "RAM_1WnR">   --->   Core 84 'RAM_1WnR' <Latency = 1> <II = 1> <Delay = 1.02> <Storage> <Opcode : 'load' 'store'> <Ports = 17> <Width = 32> <Depth = 64> <RAM>
ST_46 : Operation 600 [1/2] (1.02ns)   --->   "%x_load_60 = load i6 %x_addr_60"   --->   Operation 600 'load' 'x_load_60' <Predicate = true> <Delay = 1.02> <CoreInst = "RAM_1WnR">   --->   Core 84 'RAM_1WnR' <Latency = 1> <II = 1> <Delay = 1.02> <Storage> <Opcode : 'load' 'store'> <Ports = 17> <Width = 32> <Depth = 64> <RAM>
ST_46 : Operation 601 [1/2] (1.02ns)   --->   "%x_load_61 = load i6 %x_addr_61"   --->   Operation 601 'load' 'x_load_61' <Predicate = true> <Delay = 1.02> <CoreInst = "RAM_1WnR">   --->   Core 84 'RAM_1WnR' <Latency = 1> <II = 1> <Delay = 1.02> <Storage> <Opcode : 'load' 'store'> <Ports = 17> <Width = 32> <Depth = 64> <RAM>
ST_46 : Operation 602 [1/2] (1.02ns)   --->   "%x_load_62 = load i6 %x_addr_62"   --->   Operation 602 'load' 'x_load_62' <Predicate = true> <Delay = 1.02> <CoreInst = "RAM_1WnR">   --->   Core 84 'RAM_1WnR' <Latency = 1> <II = 1> <Delay = 1.02> <Storage> <Opcode : 'load' 'store'> <Ports = 17> <Width = 32> <Depth = 64> <RAM>
ST_46 : Operation 603 [1/2] (1.02ns)   --->   "%x_load_63 = load i6 %x_addr_63"   --->   Operation 603 'load' 'x_load_63' <Predicate = true> <Delay = 1.02> <CoreInst = "RAM_1WnR">   --->   Core 84 'RAM_1WnR' <Latency = 1> <II = 1> <Delay = 1.02> <Storage> <Opcode : 'load' 'store'> <Ports = 17> <Width = 32> <Depth = 64> <RAM>
ST_46 : Operation 604 [2/2] (0.00ns)   --->   "%call_ln106 = call void @pseudo_moe_Pipeline_VITIS_LOOP_106_7, i32 %gmem4, i32 %gmem3, i62 %trunc_ln106_1, i62 %trunc_ln2, i32 %x_load, i32 %x_load_1, i32 %x_load_2, i32 %x_load_3, i32 %x_load_4, i32 %x_load_5, i32 %x_load_6, i32 %x_load_7, i32 %x_load_8, i32 %x_load_9, i32 %x_load_10, i32 %x_load_11, i32 %x_load_12, i32 %x_load_13, i32 %x_load_14, i32 %x_load_15, i32 %x_load_16, i32 %x_load_17, i32 %x_load_18, i32 %x_load_19, i32 %x_load_20, i32 %x_load_21, i32 %x_load_22, i32 %x_load_23, i32 %x_load_24, i32 %x_load_25, i32 %x_load_26, i32 %x_load_27, i32 %x_load_28, i32 %x_load_29, i32 %x_load_30, i32 %x_load_31, i32 %x_load_32, i32 %x_load_33, i32 %x_load_34, i32 %x_load_35, i32 %x_load_36, i32 %x_load_37, i32 %x_load_38, i32 %x_load_39, i32 %x_load_40, i32 %x_load_41, i32 %x_load_42, i32 %x_load_43, i32 %x_load_44, i32 %x_load_45, i32 %x_load_46, i32 %x_load_47, i32 %x_load_48, i32 %x_load_49, i32 %x_load_50, i32 %x_load_51, i32 %x_load_52, i32 %x_load_53, i32 %x_load_54, i32 %x_load_55, i32 %x_load_56, i32 %x_load_57, i32 %x_load_58, i32 %x_load_59, i32 %x_load_60, i32 %x_load_61, i32 %x_load_62, i32 %x_load_63, i32 %expert_result" [/home/simics/HMoE/HLS_HMoE/pseudo_block/run_2/src/pseudo_moe.cpp:106]   --->   Operation 604 'call' 'call_ln106' <Predicate = true> <Delay = 0.00> <CoreType = "Generic">   --->   Core 0 '' <Latency = 0> <II = 1> <Delay = 1.00> <Generic> <Opcode : >
ST_46 : Operation 605 [5/8] (7.30ns)   --->   "%gmem11_load_1_req = readreq i1 @_ssdm_op_ReadReq.m_axi.i32P1A, i32 %gmem11_addr_1, i32 1" [/home/simics/HMoE/HLS_HMoE/pseudo_block/run_2/src/pseudo_moe.cpp:71]   --->   Operation 605 'readreq' 'gmem11_load_1_req' <Predicate = true> <Delay = 7.30> <CoreInst = "m_axi">   --->   Core 121 'm_axi' <Latency = 0> <II = 1> <Delay = 1.00> <Adapter> <Opcode : 'read' 'write' 'readreq' 'writereq' 'writeresp'>
ST_46 : Operation 606 [6/8] (7.30ns)   --->   "%gmem11_load_2_req = readreq i1 @_ssdm_op_ReadReq.m_axi.i32P1A, i32 %gmem11_addr_2, i32 1" [/home/simics/HMoE/HLS_HMoE/pseudo_block/run_2/src/pseudo_moe.cpp:71]   --->   Operation 606 'readreq' 'gmem11_load_2_req' <Predicate = true> <Delay = 7.30> <CoreInst = "m_axi">   --->   Core 121 'm_axi' <Latency = 0> <II = 1> <Delay = 1.00> <Adapter> <Opcode : 'read' 'write' 'readreq' 'writereq' 'writeresp'>
ST_46 : Operation 607 [7/8] (7.30ns)   --->   "%gmem11_load_3_req = readreq i1 @_ssdm_op_ReadReq.m_axi.i32P1A, i32 %gmem11_addr_3, i32 1" [/home/simics/HMoE/HLS_HMoE/pseudo_block/run_2/src/pseudo_moe.cpp:71]   --->   Operation 607 'readreq' 'gmem11_load_3_req' <Predicate = true> <Delay = 7.30> <CoreInst = "m_axi">   --->   Core 121 'm_axi' <Latency = 0> <II = 1> <Delay = 1.00> <Adapter> <Opcode : 'read' 'write' 'readreq' 'writereq' 'writeresp'>

State 47 <SV = 36> <Delay = 7.30>
ST_47 : Operation 608 [1/2] (0.00ns)   --->   "%call_ln106 = call void @pseudo_moe_Pipeline_VITIS_LOOP_106_7, i32 %gmem4, i32 %gmem3, i62 %trunc_ln106_1, i62 %trunc_ln2, i32 %x_load, i32 %x_load_1, i32 %x_load_2, i32 %x_load_3, i32 %x_load_4, i32 %x_load_5, i32 %x_load_6, i32 %x_load_7, i32 %x_load_8, i32 %x_load_9, i32 %x_load_10, i32 %x_load_11, i32 %x_load_12, i32 %x_load_13, i32 %x_load_14, i32 %x_load_15, i32 %x_load_16, i32 %x_load_17, i32 %x_load_18, i32 %x_load_19, i32 %x_load_20, i32 %x_load_21, i32 %x_load_22, i32 %x_load_23, i32 %x_load_24, i32 %x_load_25, i32 %x_load_26, i32 %x_load_27, i32 %x_load_28, i32 %x_load_29, i32 %x_load_30, i32 %x_load_31, i32 %x_load_32, i32 %x_load_33, i32 %x_load_34, i32 %x_load_35, i32 %x_load_36, i32 %x_load_37, i32 %x_load_38, i32 %x_load_39, i32 %x_load_40, i32 %x_load_41, i32 %x_load_42, i32 %x_load_43, i32 %x_load_44, i32 %x_load_45, i32 %x_load_46, i32 %x_load_47, i32 %x_load_48, i32 %x_load_49, i32 %x_load_50, i32 %x_load_51, i32 %x_load_52, i32 %x_load_53, i32 %x_load_54, i32 %x_load_55, i32 %x_load_56, i32 %x_load_57, i32 %x_load_58, i32 %x_load_59, i32 %x_load_60, i32 %x_load_61, i32 %x_load_62, i32 %x_load_63, i32 %expert_result" [/home/simics/HMoE/HLS_HMoE/pseudo_block/run_2/src/pseudo_moe.cpp:106]   --->   Operation 608 'call' 'call_ln106' <Predicate = true> <Delay = 0.00> <CoreType = "Generic">   --->   Core 0 '' <Latency = 0> <II = 1> <Delay = 1.00> <Generic> <Opcode : >
ST_47 : Operation 609 [1/1] (7.30ns)   --->   "%gmem11_addr_read = read i32 @_ssdm_op_Read.m_axi.i32P1A, i32 %gmem11_addr" [/home/simics/HMoE/HLS_HMoE/pseudo_block/run_2/src/pseudo_moe.cpp:95]   --->   Operation 609 'read' 'gmem11_addr_read' <Predicate = true> <Delay = 7.30> <CoreInst = "m_axi">   --->   Core 121 'm_axi' <Latency = 0> <II = 1> <Delay = 1.00> <Adapter> <Opcode : 'read' 'write' 'readreq' 'writereq' 'writeresp'>
ST_47 : Operation 610 [4/8] (7.30ns)   --->   "%gmem11_load_1_req = readreq i1 @_ssdm_op_ReadReq.m_axi.i32P1A, i32 %gmem11_addr_1, i32 1" [/home/simics/HMoE/HLS_HMoE/pseudo_block/run_2/src/pseudo_moe.cpp:71]   --->   Operation 610 'readreq' 'gmem11_load_1_req' <Predicate = true> <Delay = 7.30> <CoreInst = "m_axi">   --->   Core 121 'm_axi' <Latency = 0> <II = 1> <Delay = 1.00> <Adapter> <Opcode : 'read' 'write' 'readreq' 'writereq' 'writeresp'>
ST_47 : Operation 611 [5/8] (7.30ns)   --->   "%gmem11_load_2_req = readreq i1 @_ssdm_op_ReadReq.m_axi.i32P1A, i32 %gmem11_addr_2, i32 1" [/home/simics/HMoE/HLS_HMoE/pseudo_block/run_2/src/pseudo_moe.cpp:71]   --->   Operation 611 'readreq' 'gmem11_load_2_req' <Predicate = true> <Delay = 7.30> <CoreInst = "m_axi">   --->   Core 121 'm_axi' <Latency = 0> <II = 1> <Delay = 1.00> <Adapter> <Opcode : 'read' 'write' 'readreq' 'writereq' 'writeresp'>
ST_47 : Operation 612 [6/8] (7.30ns)   --->   "%gmem11_load_3_req = readreq i1 @_ssdm_op_ReadReq.m_axi.i32P1A, i32 %gmem11_addr_3, i32 1" [/home/simics/HMoE/HLS_HMoE/pseudo_block/run_2/src/pseudo_moe.cpp:71]   --->   Operation 612 'readreq' 'gmem11_load_3_req' <Predicate = true> <Delay = 7.30> <CoreInst = "m_axi">   --->   Core 121 'm_axi' <Latency = 0> <II = 1> <Delay = 1.00> <Adapter> <Opcode : 'read' 'write' 'readreq' 'writereq' 'writeresp'>

State 48 <SV = 37> <Delay = 7.30>
ST_48 : Operation 613 [1/1] (0.00ns)   --->   "%empty_69 = bitcast i32 %gmem11_addr_read" [/home/simics/HMoE/HLS_HMoE/pseudo_block/run_2/src/pseudo_moe.cpp:95]   --->   Operation 613 'bitcast' 'empty_69' <Predicate = true> <Delay = 0.00>
ST_48 : Operation 614 [2/2] (0.96ns)   --->   "%call_ln95 = call void @pseudo_moe_Pipeline_VITIS_LOOP_110_8, i32 %gmem12, i32 %expert_result, i32 %empty_69, i4 %n_1, i64 %output_r_read" [/home/simics/HMoE/HLS_HMoE/pseudo_block/run_2/src/pseudo_moe.cpp:95]   --->   Operation 614 'call' 'call_ln95' <Predicate = true> <Delay = 0.96> <CoreType = "Generic">   --->   Core 0 '' <Latency = 0> <II = 1> <Delay = 1.00> <Generic> <Opcode : >
ST_48 : Operation 615 [3/8] (7.30ns)   --->   "%gmem11_load_1_req = readreq i1 @_ssdm_op_ReadReq.m_axi.i32P1A, i32 %gmem11_addr_1, i32 1" [/home/simics/HMoE/HLS_HMoE/pseudo_block/run_2/src/pseudo_moe.cpp:71]   --->   Operation 615 'readreq' 'gmem11_load_1_req' <Predicate = true> <Delay = 7.30> <CoreInst = "m_axi">   --->   Core 121 'm_axi' <Latency = 0> <II = 1> <Delay = 1.00> <Adapter> <Opcode : 'read' 'write' 'readreq' 'writereq' 'writeresp'>
ST_48 : Operation 616 [4/8] (7.30ns)   --->   "%gmem11_load_2_req = readreq i1 @_ssdm_op_ReadReq.m_axi.i32P1A, i32 %gmem11_addr_2, i32 1" [/home/simics/HMoE/HLS_HMoE/pseudo_block/run_2/src/pseudo_moe.cpp:71]   --->   Operation 616 'readreq' 'gmem11_load_2_req' <Predicate = true> <Delay = 7.30> <CoreInst = "m_axi">   --->   Core 121 'm_axi' <Latency = 0> <II = 1> <Delay = 1.00> <Adapter> <Opcode : 'read' 'write' 'readreq' 'writereq' 'writeresp'>
ST_48 : Operation 617 [5/8] (7.30ns)   --->   "%gmem11_load_3_req = readreq i1 @_ssdm_op_ReadReq.m_axi.i32P1A, i32 %gmem11_addr_3, i32 1" [/home/simics/HMoE/HLS_HMoE/pseudo_block/run_2/src/pseudo_moe.cpp:71]   --->   Operation 617 'readreq' 'gmem11_load_3_req' <Predicate = true> <Delay = 7.30> <CoreInst = "m_axi">   --->   Core 121 'm_axi' <Latency = 0> <II = 1> <Delay = 1.00> <Adapter> <Opcode : 'read' 'write' 'readreq' 'writereq' 'writeresp'>

State 49 <SV = 38> <Delay = 7.30>
ST_49 : Operation 618 [1/2] (0.00ns)   --->   "%call_ln95 = call void @pseudo_moe_Pipeline_VITIS_LOOP_110_8, i32 %gmem12, i32 %expert_result, i32 %empty_69, i4 %n_1, i64 %output_r_read" [/home/simics/HMoE/HLS_HMoE/pseudo_block/run_2/src/pseudo_moe.cpp:95]   --->   Operation 618 'call' 'call_ln95' <Predicate = true> <Delay = 0.00> <CoreType = "Generic">   --->   Core 0 '' <Latency = 0> <II = 1> <Delay = 1.00> <Generic> <Opcode : >
ST_49 : Operation 619 [2/8] (7.30ns)   --->   "%gmem11_load_1_req = readreq i1 @_ssdm_op_ReadReq.m_axi.i32P1A, i32 %gmem11_addr_1, i32 1" [/home/simics/HMoE/HLS_HMoE/pseudo_block/run_2/src/pseudo_moe.cpp:71]   --->   Operation 619 'readreq' 'gmem11_load_1_req' <Predicate = true> <Delay = 7.30> <CoreInst = "m_axi">   --->   Core 121 'm_axi' <Latency = 0> <II = 1> <Delay = 1.00> <Adapter> <Opcode : 'read' 'write' 'readreq' 'writereq' 'writeresp'>
ST_49 : Operation 620 [3/8] (7.30ns)   --->   "%gmem11_load_2_req = readreq i1 @_ssdm_op_ReadReq.m_axi.i32P1A, i32 %gmem11_addr_2, i32 1" [/home/simics/HMoE/HLS_HMoE/pseudo_block/run_2/src/pseudo_moe.cpp:71]   --->   Operation 620 'readreq' 'gmem11_load_2_req' <Predicate = true> <Delay = 7.30> <CoreInst = "m_axi">   --->   Core 121 'm_axi' <Latency = 0> <II = 1> <Delay = 1.00> <Adapter> <Opcode : 'read' 'write' 'readreq' 'writereq' 'writeresp'>
ST_49 : Operation 621 [4/8] (7.30ns)   --->   "%gmem11_load_3_req = readreq i1 @_ssdm_op_ReadReq.m_axi.i32P1A, i32 %gmem11_addr_3, i32 1" [/home/simics/HMoE/HLS_HMoE/pseudo_block/run_2/src/pseudo_moe.cpp:71]   --->   Operation 621 'readreq' 'gmem11_load_3_req' <Predicate = true> <Delay = 7.30> <CoreInst = "m_axi">   --->   Core 121 'm_axi' <Latency = 0> <II = 1> <Delay = 1.00> <Adapter> <Opcode : 'read' 'write' 'readreq' 'writereq' 'writeresp'>

State 50 <SV = 39> <Delay = 7.30>
ST_50 : Operation 622 [2/2] (0.00ns)   --->   "%call_ln116 = call void @pseudo_moe_Pipeline_VITIS_LOOP_116_9, i32 %gmem6, i32 %gmem5, i62 %trunc_ln116_1, i62 %trunc_ln3, i32 %x_load, i32 %x_load_1, i32 %x_load_2, i32 %x_load_3, i32 %x_load_4, i32 %x_load_5, i32 %x_load_6, i32 %x_load_7, i32 %x_load_8, i32 %x_load_9, i32 %x_load_10, i32 %x_load_11, i32 %x_load_12, i32 %x_load_13, i32 %x_load_14, i32 %x_load_15, i32 %x_load_16, i32 %x_load_17, i32 %x_load_18, i32 %x_load_19, i32 %x_load_20, i32 %x_load_21, i32 %x_load_22, i32 %x_load_23, i32 %x_load_24, i32 %x_load_25, i32 %x_load_26, i32 %x_load_27, i32 %x_load_28, i32 %x_load_29, i32 %x_load_30, i32 %x_load_31, i32 %x_load_32, i32 %x_load_33, i32 %x_load_34, i32 %x_load_35, i32 %x_load_36, i32 %x_load_37, i32 %x_load_38, i32 %x_load_39, i32 %x_load_40, i32 %x_load_41, i32 %x_load_42, i32 %x_load_43, i32 %x_load_44, i32 %x_load_45, i32 %x_load_46, i32 %x_load_47, i32 %x_load_48, i32 %x_load_49, i32 %x_load_50, i32 %x_load_51, i32 %x_load_52, i32 %x_load_53, i32 %x_load_54, i32 %x_load_55, i32 %x_load_56, i32 %x_load_57, i32 %x_load_58, i32 %x_load_59, i32 %x_load_60, i32 %x_load_61, i32 %x_load_62, i32 %x_load_63, i32 %expert_result" [/home/simics/HMoE/HLS_HMoE/pseudo_block/run_2/src/pseudo_moe.cpp:116]   --->   Operation 622 'call' 'call_ln116' <Predicate = true> <Delay = 0.00> <CoreType = "Generic">   --->   Core 0 '' <Latency = 0> <II = 1> <Delay = 1.00> <Generic> <Opcode : >
ST_50 : Operation 623 [1/8] (7.30ns)   --->   "%gmem11_load_1_req = readreq i1 @_ssdm_op_ReadReq.m_axi.i32P1A, i32 %gmem11_addr_1, i32 1" [/home/simics/HMoE/HLS_HMoE/pseudo_block/run_2/src/pseudo_moe.cpp:71]   --->   Operation 623 'readreq' 'gmem11_load_1_req' <Predicate = true> <Delay = 7.30> <CoreInst = "m_axi">   --->   Core 121 'm_axi' <Latency = 0> <II = 1> <Delay = 1.00> <Adapter> <Opcode : 'read' 'write' 'readreq' 'writereq' 'writeresp'>
ST_50 : Operation 624 [2/8] (7.30ns)   --->   "%gmem11_load_2_req = readreq i1 @_ssdm_op_ReadReq.m_axi.i32P1A, i32 %gmem11_addr_2, i32 1" [/home/simics/HMoE/HLS_HMoE/pseudo_block/run_2/src/pseudo_moe.cpp:71]   --->   Operation 624 'readreq' 'gmem11_load_2_req' <Predicate = true> <Delay = 7.30> <CoreInst = "m_axi">   --->   Core 121 'm_axi' <Latency = 0> <II = 1> <Delay = 1.00> <Adapter> <Opcode : 'read' 'write' 'readreq' 'writereq' 'writeresp'>
ST_50 : Operation 625 [3/8] (7.30ns)   --->   "%gmem11_load_3_req = readreq i1 @_ssdm_op_ReadReq.m_axi.i32P1A, i32 %gmem11_addr_3, i32 1" [/home/simics/HMoE/HLS_HMoE/pseudo_block/run_2/src/pseudo_moe.cpp:71]   --->   Operation 625 'readreq' 'gmem11_load_3_req' <Predicate = true> <Delay = 7.30> <CoreInst = "m_axi">   --->   Core 121 'm_axi' <Latency = 0> <II = 1> <Delay = 1.00> <Adapter> <Opcode : 'read' 'write' 'readreq' 'writereq' 'writeresp'>

State 51 <SV = 40> <Delay = 7.30>
ST_51 : Operation 626 [1/2] (0.00ns)   --->   "%call_ln116 = call void @pseudo_moe_Pipeline_VITIS_LOOP_116_9, i32 %gmem6, i32 %gmem5, i62 %trunc_ln116_1, i62 %trunc_ln3, i32 %x_load, i32 %x_load_1, i32 %x_load_2, i32 %x_load_3, i32 %x_load_4, i32 %x_load_5, i32 %x_load_6, i32 %x_load_7, i32 %x_load_8, i32 %x_load_9, i32 %x_load_10, i32 %x_load_11, i32 %x_load_12, i32 %x_load_13, i32 %x_load_14, i32 %x_load_15, i32 %x_load_16, i32 %x_load_17, i32 %x_load_18, i32 %x_load_19, i32 %x_load_20, i32 %x_load_21, i32 %x_load_22, i32 %x_load_23, i32 %x_load_24, i32 %x_load_25, i32 %x_load_26, i32 %x_load_27, i32 %x_load_28, i32 %x_load_29, i32 %x_load_30, i32 %x_load_31, i32 %x_load_32, i32 %x_load_33, i32 %x_load_34, i32 %x_load_35, i32 %x_load_36, i32 %x_load_37, i32 %x_load_38, i32 %x_load_39, i32 %x_load_40, i32 %x_load_41, i32 %x_load_42, i32 %x_load_43, i32 %x_load_44, i32 %x_load_45, i32 %x_load_46, i32 %x_load_47, i32 %x_load_48, i32 %x_load_49, i32 %x_load_50, i32 %x_load_51, i32 %x_load_52, i32 %x_load_53, i32 %x_load_54, i32 %x_load_55, i32 %x_load_56, i32 %x_load_57, i32 %x_load_58, i32 %x_load_59, i32 %x_load_60, i32 %x_load_61, i32 %x_load_62, i32 %x_load_63, i32 %expert_result" [/home/simics/HMoE/HLS_HMoE/pseudo_block/run_2/src/pseudo_moe.cpp:116]   --->   Operation 626 'call' 'call_ln116' <Predicate = true> <Delay = 0.00> <CoreType = "Generic">   --->   Core 0 '' <Latency = 0> <II = 1> <Delay = 1.00> <Generic> <Opcode : >
ST_51 : Operation 627 [1/1] (7.30ns)   --->   "%gmem11_addr_1_read = read i32 @_ssdm_op_Read.m_axi.i32P1A, i32 %gmem11_addr_1" [/home/simics/HMoE/HLS_HMoE/pseudo_block/run_2/src/pseudo_moe.cpp:71]   --->   Operation 627 'read' 'gmem11_addr_1_read' <Predicate = true> <Delay = 7.30> <CoreInst = "m_axi">   --->   Core 121 'm_axi' <Latency = 0> <II = 1> <Delay = 1.00> <Adapter> <Opcode : 'read' 'write' 'readreq' 'writereq' 'writeresp'>
ST_51 : Operation 628 [1/8] (7.30ns)   --->   "%gmem11_load_2_req = readreq i1 @_ssdm_op_ReadReq.m_axi.i32P1A, i32 %gmem11_addr_2, i32 1" [/home/simics/HMoE/HLS_HMoE/pseudo_block/run_2/src/pseudo_moe.cpp:71]   --->   Operation 628 'readreq' 'gmem11_load_2_req' <Predicate = true> <Delay = 7.30> <CoreInst = "m_axi">   --->   Core 121 'm_axi' <Latency = 0> <II = 1> <Delay = 1.00> <Adapter> <Opcode : 'read' 'write' 'readreq' 'writereq' 'writeresp'>
ST_51 : Operation 629 [2/8] (7.30ns)   --->   "%gmem11_load_3_req = readreq i1 @_ssdm_op_ReadReq.m_axi.i32P1A, i32 %gmem11_addr_3, i32 1" [/home/simics/HMoE/HLS_HMoE/pseudo_block/run_2/src/pseudo_moe.cpp:71]   --->   Operation 629 'readreq' 'gmem11_load_3_req' <Predicate = true> <Delay = 7.30> <CoreInst = "m_axi">   --->   Core 121 'm_axi' <Latency = 0> <II = 1> <Delay = 1.00> <Adapter> <Opcode : 'read' 'write' 'readreq' 'writereq' 'writeresp'>

State 52 <SV = 41> <Delay = 7.30>
ST_52 : Operation 630 [1/1] (0.00ns)   --->   "%empty_74 = bitcast i32 %gmem11_addr_1_read" [/home/simics/HMoE/HLS_HMoE/pseudo_block/run_2/src/pseudo_moe.cpp:71]   --->   Operation 630 'bitcast' 'empty_74' <Predicate = true> <Delay = 0.00>
ST_52 : Operation 631 [2/2] (0.96ns)   --->   "%call_ln71 = call void @pseudo_moe_Pipeline_VITIS_LOOP_120_10, i32 %gmem12, i32 %expert_result, i32 %empty_74, i4 %n_1, i64 %output_r_read" [/home/simics/HMoE/HLS_HMoE/pseudo_block/run_2/src/pseudo_moe.cpp:71]   --->   Operation 631 'call' 'call_ln71' <Predicate = true> <Delay = 0.96> <CoreType = "Generic">   --->   Core 0 '' <Latency = 0> <II = 1> <Delay = 1.00> <Generic> <Opcode : >
ST_52 : Operation 632 [1/8] (7.30ns)   --->   "%gmem11_load_3_req = readreq i1 @_ssdm_op_ReadReq.m_axi.i32P1A, i32 %gmem11_addr_3, i32 1" [/home/simics/HMoE/HLS_HMoE/pseudo_block/run_2/src/pseudo_moe.cpp:71]   --->   Operation 632 'readreq' 'gmem11_load_3_req' <Predicate = true> <Delay = 7.30> <CoreInst = "m_axi">   --->   Core 121 'm_axi' <Latency = 0> <II = 1> <Delay = 1.00> <Adapter> <Opcode : 'read' 'write' 'readreq' 'writereq' 'writeresp'>

State 53 <SV = 42> <Delay = 0.00>
ST_53 : Operation 633 [1/2] (0.00ns)   --->   "%call_ln71 = call void @pseudo_moe_Pipeline_VITIS_LOOP_120_10, i32 %gmem12, i32 %expert_result, i32 %empty_74, i4 %n_1, i64 %output_r_read" [/home/simics/HMoE/HLS_HMoE/pseudo_block/run_2/src/pseudo_moe.cpp:71]   --->   Operation 633 'call' 'call_ln71' <Predicate = true> <Delay = 0.00> <CoreType = "Generic">   --->   Core 0 '' <Latency = 0> <II = 1> <Delay = 1.00> <Generic> <Opcode : >

State 54 <SV = 43> <Delay = 0.00>
ST_54 : Operation 634 [2/2] (0.00ns)   --->   "%call_ln126 = call void @pseudo_moe_Pipeline_VITIS_LOOP_126_11, i32 %gmem8, i32 %gmem7, i62 %trunc_ln126_1, i62 %trunc_ln4, i32 %x_load, i32 %x_load_1, i32 %x_load_2, i32 %x_load_3, i32 %x_load_4, i32 %x_load_5, i32 %x_load_6, i32 %x_load_7, i32 %x_load_8, i32 %x_load_9, i32 %x_load_10, i32 %x_load_11, i32 %x_load_12, i32 %x_load_13, i32 %x_load_14, i32 %x_load_15, i32 %x_load_16, i32 %x_load_17, i32 %x_load_18, i32 %x_load_19, i32 %x_load_20, i32 %x_load_21, i32 %x_load_22, i32 %x_load_23, i32 %x_load_24, i32 %x_load_25, i32 %x_load_26, i32 %x_load_27, i32 %x_load_28, i32 %x_load_29, i32 %x_load_30, i32 %x_load_31, i32 %x_load_32, i32 %x_load_33, i32 %x_load_34, i32 %x_load_35, i32 %x_load_36, i32 %x_load_37, i32 %x_load_38, i32 %x_load_39, i32 %x_load_40, i32 %x_load_41, i32 %x_load_42, i32 %x_load_43, i32 %x_load_44, i32 %x_load_45, i32 %x_load_46, i32 %x_load_47, i32 %x_load_48, i32 %x_load_49, i32 %x_load_50, i32 %x_load_51, i32 %x_load_52, i32 %x_load_53, i32 %x_load_54, i32 %x_load_55, i32 %x_load_56, i32 %x_load_57, i32 %x_load_58, i32 %x_load_59, i32 %x_load_60, i32 %x_load_61, i32 %x_load_62, i32 %x_load_63, i32 %expert_result" [/home/simics/HMoE/HLS_HMoE/pseudo_block/run_2/src/pseudo_moe.cpp:126]   --->   Operation 634 'call' 'call_ln126' <Predicate = true> <Delay = 0.00> <CoreType = "Generic">   --->   Core 0 '' <Latency = 0> <II = 1> <Delay = 1.00> <Generic> <Opcode : >

State 55 <SV = 44> <Delay = 7.30>
ST_55 : Operation 635 [1/2] (0.00ns)   --->   "%call_ln126 = call void @pseudo_moe_Pipeline_VITIS_LOOP_126_11, i32 %gmem8, i32 %gmem7, i62 %trunc_ln126_1, i62 %trunc_ln4, i32 %x_load, i32 %x_load_1, i32 %x_load_2, i32 %x_load_3, i32 %x_load_4, i32 %x_load_5, i32 %x_load_6, i32 %x_load_7, i32 %x_load_8, i32 %x_load_9, i32 %x_load_10, i32 %x_load_11, i32 %x_load_12, i32 %x_load_13, i32 %x_load_14, i32 %x_load_15, i32 %x_load_16, i32 %x_load_17, i32 %x_load_18, i32 %x_load_19, i32 %x_load_20, i32 %x_load_21, i32 %x_load_22, i32 %x_load_23, i32 %x_load_24, i32 %x_load_25, i32 %x_load_26, i32 %x_load_27, i32 %x_load_28, i32 %x_load_29, i32 %x_load_30, i32 %x_load_31, i32 %x_load_32, i32 %x_load_33, i32 %x_load_34, i32 %x_load_35, i32 %x_load_36, i32 %x_load_37, i32 %x_load_38, i32 %x_load_39, i32 %x_load_40, i32 %x_load_41, i32 %x_load_42, i32 %x_load_43, i32 %x_load_44, i32 %x_load_45, i32 %x_load_46, i32 %x_load_47, i32 %x_load_48, i32 %x_load_49, i32 %x_load_50, i32 %x_load_51, i32 %x_load_52, i32 %x_load_53, i32 %x_load_54, i32 %x_load_55, i32 %x_load_56, i32 %x_load_57, i32 %x_load_58, i32 %x_load_59, i32 %x_load_60, i32 %x_load_61, i32 %x_load_62, i32 %x_load_63, i32 %expert_result" [/home/simics/HMoE/HLS_HMoE/pseudo_block/run_2/src/pseudo_moe.cpp:126]   --->   Operation 635 'call' 'call_ln126' <Predicate = true> <Delay = 0.00> <CoreType = "Generic">   --->   Core 0 '' <Latency = 0> <II = 1> <Delay = 1.00> <Generic> <Opcode : >
ST_55 : Operation 636 [1/1] (7.30ns)   --->   "%gmem11_addr_2_read = read i32 @_ssdm_op_Read.m_axi.i32P1A, i32 %gmem11_addr_2" [/home/simics/HMoE/HLS_HMoE/pseudo_block/run_2/src/pseudo_moe.cpp:71]   --->   Operation 636 'read' 'gmem11_addr_2_read' <Predicate = true> <Delay = 7.30> <CoreInst = "m_axi">   --->   Core 121 'm_axi' <Latency = 0> <II = 1> <Delay = 1.00> <Adapter> <Opcode : 'read' 'write' 'readreq' 'writereq' 'writeresp'>

State 56 <SV = 45> <Delay = 0.96>
ST_56 : Operation 637 [1/1] (0.00ns)   --->   "%empty_79 = bitcast i32 %gmem11_addr_2_read" [/home/simics/HMoE/HLS_HMoE/pseudo_block/run_2/src/pseudo_moe.cpp:71]   --->   Operation 637 'bitcast' 'empty_79' <Predicate = true> <Delay = 0.00>
ST_56 : Operation 638 [2/2] (0.96ns)   --->   "%call_ln71 = call void @pseudo_moe_Pipeline_VITIS_LOOP_130_12, i32 %gmem12, i32 %expert_result, i32 %empty_79, i4 %n_1, i64 %output_r_read" [/home/simics/HMoE/HLS_HMoE/pseudo_block/run_2/src/pseudo_moe.cpp:71]   --->   Operation 638 'call' 'call_ln71' <Predicate = true> <Delay = 0.96> <CoreType = "Generic">   --->   Core 0 '' <Latency = 0> <II = 1> <Delay = 1.00> <Generic> <Opcode : >

State 57 <SV = 46> <Delay = 0.00>
ST_57 : Operation 639 [1/2] (0.00ns)   --->   "%call_ln71 = call void @pseudo_moe_Pipeline_VITIS_LOOP_130_12, i32 %gmem12, i32 %expert_result, i32 %empty_79, i4 %n_1, i64 %output_r_read" [/home/simics/HMoE/HLS_HMoE/pseudo_block/run_2/src/pseudo_moe.cpp:71]   --->   Operation 639 'call' 'call_ln71' <Predicate = true> <Delay = 0.00> <CoreType = "Generic">   --->   Core 0 '' <Latency = 0> <II = 1> <Delay = 1.00> <Generic> <Opcode : >

State 58 <SV = 47> <Delay = 0.00>
ST_58 : Operation 640 [2/2] (0.00ns)   --->   "%call_ln136 = call void @pseudo_moe_Pipeline_VITIS_LOOP_136_13, i32 %gmem10, i32 %gmem9, i62 %trunc_ln136_1, i62 %trunc_ln5, i32 %x_load, i32 %x_load_1, i32 %x_load_2, i32 %x_load_3, i32 %x_load_4, i32 %x_load_5, i32 %x_load_6, i32 %x_load_7, i32 %x_load_8, i32 %x_load_9, i32 %x_load_10, i32 %x_load_11, i32 %x_load_12, i32 %x_load_13, i32 %x_load_14, i32 %x_load_15, i32 %x_load_16, i32 %x_load_17, i32 %x_load_18, i32 %x_load_19, i32 %x_load_20, i32 %x_load_21, i32 %x_load_22, i32 %x_load_23, i32 %x_load_24, i32 %x_load_25, i32 %x_load_26, i32 %x_load_27, i32 %x_load_28, i32 %x_load_29, i32 %x_load_30, i32 %x_load_31, i32 %x_load_32, i32 %x_load_33, i32 %x_load_34, i32 %x_load_35, i32 %x_load_36, i32 %x_load_37, i32 %x_load_38, i32 %x_load_39, i32 %x_load_40, i32 %x_load_41, i32 %x_load_42, i32 %x_load_43, i32 %x_load_44, i32 %x_load_45, i32 %x_load_46, i32 %x_load_47, i32 %x_load_48, i32 %x_load_49, i32 %x_load_50, i32 %x_load_51, i32 %x_load_52, i32 %x_load_53, i32 %x_load_54, i32 %x_load_55, i32 %x_load_56, i32 %x_load_57, i32 %x_load_58, i32 %x_load_59, i32 %x_load_60, i32 %x_load_61, i32 %x_load_62, i32 %x_load_63, i32 %expert_result" [/home/simics/HMoE/HLS_HMoE/pseudo_block/run_2/src/pseudo_moe.cpp:136]   --->   Operation 640 'call' 'call_ln136' <Predicate = true> <Delay = 0.00> <CoreType = "Generic">   --->   Core 0 '' <Latency = 0> <II = 1> <Delay = 1.00> <Generic> <Opcode : >

State 59 <SV = 48> <Delay = 7.30>
ST_59 : Operation 641 [1/2] (0.00ns)   --->   "%call_ln136 = call void @pseudo_moe_Pipeline_VITIS_LOOP_136_13, i32 %gmem10, i32 %gmem9, i62 %trunc_ln136_1, i62 %trunc_ln5, i32 %x_load, i32 %x_load_1, i32 %x_load_2, i32 %x_load_3, i32 %x_load_4, i32 %x_load_5, i32 %x_load_6, i32 %x_load_7, i32 %x_load_8, i32 %x_load_9, i32 %x_load_10, i32 %x_load_11, i32 %x_load_12, i32 %x_load_13, i32 %x_load_14, i32 %x_load_15, i32 %x_load_16, i32 %x_load_17, i32 %x_load_18, i32 %x_load_19, i32 %x_load_20, i32 %x_load_21, i32 %x_load_22, i32 %x_load_23, i32 %x_load_24, i32 %x_load_25, i32 %x_load_26, i32 %x_load_27, i32 %x_load_28, i32 %x_load_29, i32 %x_load_30, i32 %x_load_31, i32 %x_load_32, i32 %x_load_33, i32 %x_load_34, i32 %x_load_35, i32 %x_load_36, i32 %x_load_37, i32 %x_load_38, i32 %x_load_39, i32 %x_load_40, i32 %x_load_41, i32 %x_load_42, i32 %x_load_43, i32 %x_load_44, i32 %x_load_45, i32 %x_load_46, i32 %x_load_47, i32 %x_load_48, i32 %x_load_49, i32 %x_load_50, i32 %x_load_51, i32 %x_load_52, i32 %x_load_53, i32 %x_load_54, i32 %x_load_55, i32 %x_load_56, i32 %x_load_57, i32 %x_load_58, i32 %x_load_59, i32 %x_load_60, i32 %x_load_61, i32 %x_load_62, i32 %x_load_63, i32 %expert_result" [/home/simics/HMoE/HLS_HMoE/pseudo_block/run_2/src/pseudo_moe.cpp:136]   --->   Operation 641 'call' 'call_ln136' <Predicate = true> <Delay = 0.00> <CoreType = "Generic">   --->   Core 0 '' <Latency = 0> <II = 1> <Delay = 1.00> <Generic> <Opcode : >
ST_59 : Operation 642 [1/1] (7.30ns)   --->   "%gmem11_addr_3_read = read i32 @_ssdm_op_Read.m_axi.i32P1A, i32 %gmem11_addr_3" [/home/simics/HMoE/HLS_HMoE/pseudo_block/run_2/src/pseudo_moe.cpp:71]   --->   Operation 642 'read' 'gmem11_addr_3_read' <Predicate = true> <Delay = 7.30> <CoreInst = "m_axi">   --->   Core 121 'm_axi' <Latency = 0> <II = 1> <Delay = 1.00> <Adapter> <Opcode : 'read' 'write' 'readreq' 'writereq' 'writeresp'>

State 60 <SV = 49> <Delay = 0.96>
ST_60 : Operation 643 [1/1] (0.00ns)   --->   "%empty_84 = bitcast i32 %gmem11_addr_3_read" [/home/simics/HMoE/HLS_HMoE/pseudo_block/run_2/src/pseudo_moe.cpp:71]   --->   Operation 643 'bitcast' 'empty_84' <Predicate = true> <Delay = 0.00>
ST_60 : Operation 644 [2/2] (0.96ns)   --->   "%call_ln71 = call void @pseudo_moe_Pipeline_VITIS_LOOP_140_14, i32 %gmem12, i32 %expert_result, i32 %empty_84, i4 %n_1, i64 %output_r_read" [/home/simics/HMoE/HLS_HMoE/pseudo_block/run_2/src/pseudo_moe.cpp:71]   --->   Operation 644 'call' 'call_ln71' <Predicate = true> <Delay = 0.96> <CoreType = "Generic">   --->   Core 0 '' <Latency = 0> <II = 1> <Delay = 1.00> <Generic> <Opcode : >

State 61 <SV = 50> <Delay = 0.00>
ST_61 : Operation 645 [1/2] (0.00ns)   --->   "%call_ln71 = call void @pseudo_moe_Pipeline_VITIS_LOOP_140_14, i32 %gmem12, i32 %expert_result, i32 %empty_84, i4 %n_1, i64 %output_r_read" [/home/simics/HMoE/HLS_HMoE/pseudo_block/run_2/src/pseudo_moe.cpp:71]   --->   Operation 645 'call' 'call_ln71' <Predicate = true> <Delay = 0.00> <CoreType = "Generic">   --->   Core 0 '' <Latency = 0> <II = 1> <Delay = 1.00> <Generic> <Opcode : >
ST_61 : Operation 646 [1/1] (0.00ns)   --->   "%br_ln71 = br void %VITIS_LOOP_73_2" [/home/simics/HMoE/HLS_HMoE/pseudo_block/run_2/src/pseudo_moe.cpp:71]   --->   Operation 646 'br' 'br_ln71' <Predicate = true> <Delay = 0.00>


============================================================
+ Verbose Summary: Binding
============================================================
STG Binding: 
---------------- STG Properties BEGIN ----------------
- Is combinational: 0
- Is one-state seq: 0
- Is datapath-only: 0
- Is pipelined: 0
- Is top level: 1
Port [ Return ] is wired: 1; IO mode=ap_ctrl_hs:ce=0
Port [ gmem0]:  wired=1; compound=1; hidden=0; nouse=0; global=0; static=0; extern=0; dir=0; type=4; pingpong=0; private_global=0; IO mode=m_axi:ce=0
Port [ gmem1]:  wired=1; compound=1; hidden=0; nouse=0; global=0; static=0; extern=0; dir=0; type=4; pingpong=0; private_global=0; IO mode=m_axi:ce=0
Port [ gmem2]:  wired=1; compound=1; hidden=0; nouse=0; global=0; static=0; extern=0; dir=0; type=4; pingpong=0; private_global=0; IO mode=m_axi:ce=0
Port [ gmem3]:  wired=1; compound=1; hidden=0; nouse=0; global=0; static=0; extern=0; dir=0; type=4; pingpong=0; private_global=0; IO mode=m_axi:ce=0
Port [ gmem4]:  wired=1; compound=1; hidden=0; nouse=0; global=0; static=0; extern=0; dir=0; type=4; pingpong=0; private_global=0; IO mode=m_axi:ce=0
Port [ gmem5]:  wired=1; compound=1; hidden=0; nouse=0; global=0; static=0; extern=0; dir=0; type=4; pingpong=0; private_global=0; IO mode=m_axi:ce=0
Port [ gmem6]:  wired=1; compound=1; hidden=0; nouse=0; global=0; static=0; extern=0; dir=0; type=4; pingpong=0; private_global=0; IO mode=m_axi:ce=0
Port [ gmem7]:  wired=1; compound=1; hidden=0; nouse=0; global=0; static=0; extern=0; dir=0; type=4; pingpong=0; private_global=0; IO mode=m_axi:ce=0
Port [ gmem8]:  wired=1; compound=1; hidden=0; nouse=0; global=0; static=0; extern=0; dir=0; type=4; pingpong=0; private_global=0; IO mode=m_axi:ce=0
Port [ gmem9]:  wired=1; compound=1; hidden=0; nouse=0; global=0; static=0; extern=0; dir=0; type=4; pingpong=0; private_global=0; IO mode=m_axi:ce=0
Port [ gmem10]:  wired=1; compound=1; hidden=0; nouse=0; global=0; static=0; extern=0; dir=0; type=4; pingpong=0; private_global=0; IO mode=m_axi:ce=0
Port [ gmem11]:  wired=1; compound=1; hidden=0; nouse=0; global=0; static=0; extern=0; dir=2; type=4; pingpong=0; private_global=0; IO mode=m_axi:ce=0
Port [ gmem12]:  wired=1; compound=1; hidden=0; nouse=0; global=0; static=0; extern=0; dir=2; type=4; pingpong=0; private_global=0; IO mode=m_axi:ce=0
Port [ input_r]:  wired=1; compound=0; hidden=0; nouse=0; global=0; static=0; extern=0; dir=0; type=0; pingpong=0; private_global=0; IO mode=ap_none:ce=0
Port [ w_gate]:  wired=1; compound=0; hidden=0; nouse=0; global=0; static=0; extern=0; dir=0; type=0; pingpong=0; private_global=0; IO mode=ap_none:ce=0
Port [ b_gate]:  wired=1; compound=0; hidden=0; nouse=0; global=0; static=0; extern=0; dir=0; type=0; pingpong=0; private_global=0; IO mode=ap_none:ce=0
Port [ w0]:  wired=1; compound=0; hidden=0; nouse=0; global=0; static=0; extern=0; dir=0; type=0; pingpong=0; private_global=0; IO mode=ap_none:ce=0
Port [ b0]:  wired=1; compound=0; hidden=0; nouse=0; global=0; static=0; extern=0; dir=0; type=0; pingpong=0; private_global=0; IO mode=ap_none:ce=0
Port [ w1]:  wired=1; compound=0; hidden=0; nouse=0; global=0; static=0; extern=0; dir=0; type=0; pingpong=0; private_global=0; IO mode=ap_none:ce=0
Port [ b1]:  wired=1; compound=0; hidden=0; nouse=0; global=0; static=0; extern=0; dir=0; type=0; pingpong=0; private_global=0; IO mode=ap_none:ce=0
Port [ w2]:  wired=1; compound=0; hidden=0; nouse=0; global=0; static=0; extern=0; dir=0; type=0; pingpong=0; private_global=0; IO mode=ap_none:ce=0
Port [ b2]:  wired=1; compound=0; hidden=0; nouse=0; global=0; static=0; extern=0; dir=0; type=0; pingpong=0; private_global=0; IO mode=ap_none:ce=0
Port [ w3]:  wired=1; compound=0; hidden=0; nouse=0; global=0; static=0; extern=0; dir=0; type=0; pingpong=0; private_global=0; IO mode=ap_none:ce=0
Port [ b3]:  wired=1; compound=0; hidden=0; nouse=0; global=0; static=0; extern=0; dir=0; type=0; pingpong=0; private_global=0; IO mode=ap_none:ce=0
Port [ gates_out]:  wired=1; compound=0; hidden=0; nouse=0; global=0; static=0; extern=0; dir=0; type=0; pingpong=0; private_global=0; IO mode=ap_none:ce=0
Port [ output_r]:  wired=1; compound=0; hidden=0; nouse=0; global=0; static=0; extern=0; dir=0; type=0; pingpong=0; private_global=0; IO mode=ap_none:ce=0
---------------- STG Properties END ------------------

---------------- Datapath Model BEGIN ----------------

<LifeTime>
<method=bitvector/>
n                       (alloca           ) [ 01111111111111111111111111111111111111111111111111111111111111]
exp_values_0_05         (alloca           ) [ 00111111111111111111111111111111111111111111111111111111111111]
exp_values_1_06         (alloca           ) [ 00111111111111111111111111111111111111111111111111111111111111]
exp_values_2_07         (alloca           ) [ 00111111111111111111111111111111111111111111111111111111111111]
exp_values_3_08         (alloca           ) [ 00111111111111111111111111111111111111111111111111111111111111]
logits_0_01             (alloca           ) [ 00111111111111111111111111111111111111111111111111111111111111]
logits_1_02             (alloca           ) [ 00111111111111111111111111111111111111111111111111111111111111]
logits_2_03             (alloca           ) [ 00111111111111111111111111111111111111111111111111111111111111]
logits_3_04             (alloca           ) [ 00111111111111111111111111111111111111111111111111111111111111]
output_r_read           (read             ) [ 00111111111111111111111111111111111111111111111111111111111111]
gates_out_read          (read             ) [ 00111111111111111111111111111111111111111111111111111111111111]
b3_read                 (read             ) [ 00000000000000000000000000000000000000000000000000000000000000]
w3_read                 (read             ) [ 00000000000000000000000000000000000000000000000000000000000000]
b2_read                 (read             ) [ 00000000000000000000000000000000000000000000000000000000000000]
w2_read                 (read             ) [ 00000000000000000000000000000000000000000000000000000000000000]
b1_read                 (read             ) [ 00000000000000000000000000000000000000000000000000000000000000]
w1_read                 (read             ) [ 00000000000000000000000000000000000000000000000000000000000000]
b0_read                 (read             ) [ 00000000000000000000000000000000000000000000000000000000000000]
w0_read                 (read             ) [ 00000000000000000000000000000000000000000000000000000000000000]
b_gate_read             (read             ) [ 00000000000000000000000000000000000000000000000000000000000000]
w_gate_read             (read             ) [ 00000000000000000000000000000000000000000000000000000000000000]
input_r_read            (read             ) [ 00000000000000000000000000000000000000000000000000000000000000]
exp_sum_loc             (alloca           ) [ 00111111111111111111111111111111111111111111111111111111111111]
exp_values_0_1_loc      (alloca           ) [ 00111111111111111111111111111111111111111111111111111111111111]
exp_values_1_1_loc      (alloca           ) [ 00111111111111111111111111111111111111111111111111111111111111]
exp_values_2_1_loc      (alloca           ) [ 00111111111111111111111111111111111111111111111111111111111111]
exp_values_3_1_loc      (alloca           ) [ 00111111111111111111111111111111111111111111111111111111111111]
p_loc30                 (alloca           ) [ 00111111111111111111111111111111111111111111111111111111111111]
p_loc29                 (alloca           ) [ 00111111111111111111111111111111111111111111111111111111111111]
p_loc28                 (alloca           ) [ 00111111111111111111111111111111111111111111111111111111111111]
p_loc                   (alloca           ) [ 00111111111111111111111111111111111111111111111111111111111111]
x                       (alloca           ) [ 00111111111111111111111111111111111111111111111111111111111111]
expert_result           (alloca           ) [ 00111111111111111111111111111111111111111111111111111111111111]
trunc_ln                (partselect       ) [ 00111111111111111111111111111111111111111111111111111111111111]
trunc_ln1               (partselect       ) [ 00111111111111111111111111111111111111111111111111111111111111]
trunc_ln80_1            (partselect       ) [ 00000000000000000000000000000000000000000000000000000000000000]
sext_ln80_1             (sext             ) [ 00000000000000000000000000000000000000000000000000000000000000]
gmem2_addr              (getelementptr    ) [ 00111111111111111111111111111111111111111111111111111111111111]
trunc_ln2               (partselect       ) [ 00111111111111111111111111111111111111111111111111111111111111]
trunc_ln106_1           (partselect       ) [ 00111111111111111111111111111111111111111111111111111111111111]
trunc_ln3               (partselect       ) [ 00111111111111111111111111111111111111111111111111111111111111]
trunc_ln116_1           (partselect       ) [ 00111111111111111111111111111111111111111111111111111111111111]
trunc_ln4               (partselect       ) [ 00111111111111111111111111111111111111111111111111111111111111]
trunc_ln126_1           (partselect       ) [ 00111111111111111111111111111111111111111111111111111111111111]
trunc_ln5               (partselect       ) [ 00111111111111111111111111111111111111111111111111111111111111]
trunc_ln136_1           (partselect       ) [ 00111111111111111111111111111111111111111111111111111111111111]
store_ln71              (store            ) [ 00000000000000000000000000000000000000000000000000000000000000]
sext_ln71               (sext             ) [ 00000000000000000000000000000000000000000000000000000000000000]
gmem0_addr              (getelementptr    ) [ 00011111110000000000000000000000000000000000000000000000000000]
spectopmodule_ln40      (spectopmodule    ) [ 00000000000000000000000000000000000000000000000000000000000000]
specinterface_ln0       (specinterface    ) [ 00000000000000000000000000000000000000000000000000000000000000]
specbitsmap_ln0         (specbitsmap      ) [ 00000000000000000000000000000000000000000000000000000000000000]
specinterface_ln0       (specinterface    ) [ 00000000000000000000000000000000000000000000000000000000000000]
specbitsmap_ln0         (specbitsmap      ) [ 00000000000000000000000000000000000000000000000000000000000000]
specinterface_ln0       (specinterface    ) [ 00000000000000000000000000000000000000000000000000000000000000]
specbitsmap_ln0         (specbitsmap      ) [ 00000000000000000000000000000000000000000000000000000000000000]
specinterface_ln0       (specinterface    ) [ 00000000000000000000000000000000000000000000000000000000000000]
specbitsmap_ln0         (specbitsmap      ) [ 00000000000000000000000000000000000000000000000000000000000000]
specinterface_ln0       (specinterface    ) [ 00000000000000000000000000000000000000000000000000000000000000]
specbitsmap_ln0         (specbitsmap      ) [ 00000000000000000000000000000000000000000000000000000000000000]
specinterface_ln0       (specinterface    ) [ 00000000000000000000000000000000000000000000000000000000000000]
specbitsmap_ln0         (specbitsmap      ) [ 00000000000000000000000000000000000000000000000000000000000000]
specinterface_ln0       (specinterface    ) [ 00000000000000000000000000000000000000000000000000000000000000]
specbitsmap_ln0         (specbitsmap      ) [ 00000000000000000000000000000000000000000000000000000000000000]
specinterface_ln0       (specinterface    ) [ 00000000000000000000000000000000000000000000000000000000000000]
specbitsmap_ln0         (specbitsmap      ) [ 00000000000000000000000000000000000000000000000000000000000000]
specinterface_ln0       (specinterface    ) [ 00000000000000000000000000000000000000000000000000000000000000]
specbitsmap_ln0         (specbitsmap      ) [ 00000000000000000000000000000000000000000000000000000000000000]
specinterface_ln0       (specinterface    ) [ 00000000000000000000000000000000000000000000000000000000000000]
specbitsmap_ln0         (specbitsmap      ) [ 00000000000000000000000000000000000000000000000000000000000000]
specinterface_ln0       (specinterface    ) [ 00000000000000000000000000000000000000000000000000000000000000]
specbitsmap_ln0         (specbitsmap      ) [ 00000000000000000000000000000000000000000000000000000000000000]
specinterface_ln0       (specinterface    ) [ 00000000000000000000000000000000000000000000000000000000000000]
specbitsmap_ln0         (specbitsmap      ) [ 00000000000000000000000000000000000000000000000000000000000000]
specinterface_ln0       (specinterface    ) [ 00000000000000000000000000000000000000000000000000000000000000]
specbitsmap_ln0         (specbitsmap      ) [ 00000000000000000000000000000000000000000000000000000000000000]
specinterface_ln0       (specinterface    ) [ 00000000000000000000000000000000000000000000000000000000000000]
specinterface_ln0       (specinterface    ) [ 00000000000000000000000000000000000000000000000000000000000000]
specinterface_ln0       (specinterface    ) [ 00000000000000000000000000000000000000000000000000000000000000]
specinterface_ln0       (specinterface    ) [ 00000000000000000000000000000000000000000000000000000000000000]
specinterface_ln0       (specinterface    ) [ 00000000000000000000000000000000000000000000000000000000000000]
specinterface_ln0       (specinterface    ) [ 00000000000000000000000000000000000000000000000000000000000000]
specinterface_ln0       (specinterface    ) [ 00000000000000000000000000000000000000000000000000000000000000]
specinterface_ln0       (specinterface    ) [ 00000000000000000000000000000000000000000000000000000000000000]
specinterface_ln0       (specinterface    ) [ 00000000000000000000000000000000000000000000000000000000000000]
specinterface_ln0       (specinterface    ) [ 00000000000000000000000000000000000000000000000000000000000000]
specinterface_ln0       (specinterface    ) [ 00000000000000000000000000000000000000000000000000000000000000]
specinterface_ln0       (specinterface    ) [ 00000000000000000000000000000000000000000000000000000000000000]
specinterface_ln0       (specinterface    ) [ 00000000000000000000000000000000000000000000000000000000000000]
specinterface_ln0       (specinterface    ) [ 00000000000000000000000000000000000000000000000000000000000000]
specinterface_ln0       (specinterface    ) [ 00000000000000000000000000000000000000000000000000000000000000]
specinterface_ln0       (specinterface    ) [ 00000000000000000000000000000000000000000000000000000000000000]
specinterface_ln0       (specinterface    ) [ 00000000000000000000000000000000000000000000000000000000000000]
specinterface_ln0       (specinterface    ) [ 00000000000000000000000000000000000000000000000000000000000000]
specinterface_ln0       (specinterface    ) [ 00000000000000000000000000000000000000000000000000000000000000]
specinterface_ln0       (specinterface    ) [ 00000000000000000000000000000000000000000000000000000000000000]
specinterface_ln0       (specinterface    ) [ 00000000000000000000000000000000000000000000000000000000000000]
specinterface_ln0       (specinterface    ) [ 00000000000000000000000000000000000000000000000000000000000000]
specinterface_ln0       (specinterface    ) [ 00000000000000000000000000000000000000000000000000000000000000]
specinterface_ln0       (specinterface    ) [ 00000000000000000000000000000000000000000000000000000000000000]
specinterface_ln0       (specinterface    ) [ 00000000000000000000000000000000000000000000000000000000000000]
specinterface_ln0       (specinterface    ) [ 00000000000000000000000000000000000000000000000000000000000000]
specinterface_ln0       (specinterface    ) [ 00000000000000000000000000000000000000000000000000000000000000]
x_addr                  (getelementptr    ) [ 00000000001111111111111111111111111111111111111111111111111111]
x_addr_1                (getelementptr    ) [ 00000000001111111111111111111111111111111111111111111111111111]
x_addr_2                (getelementptr    ) [ 00000000001111111111111111111111111111111111111111111111111111]
x_addr_3                (getelementptr    ) [ 00000000001111111111111111111111111111111111111111111111111111]
x_addr_4                (getelementptr    ) [ 00000000001111111111111111111111111111111111111111111111111111]
x_addr_5                (getelementptr    ) [ 00000000001111111111111111111111111111111111111111111111111111]
x_addr_6                (getelementptr    ) [ 00000000001111111111111111111111111111111111111111111111111111]
x_addr_7                (getelementptr    ) [ 00000000001111111111111111111111111111111111111111111111111111]
x_addr_8                (getelementptr    ) [ 00000000001111111111111111111111111111111111111111111111111111]
x_addr_9                (getelementptr    ) [ 00000000001111111111111111111111111111111111111111111111111111]
x_addr_10               (getelementptr    ) [ 00000000001111111111111111111111111111111111111111111111111111]
x_addr_11               (getelementptr    ) [ 00000000001111111111111111111111111111111111111111111111111111]
x_addr_12               (getelementptr    ) [ 00000000001111111111111111111111111111111111111111111111111111]
x_addr_13               (getelementptr    ) [ 00000000001111111111111111111111111111111111111111111111111111]
x_addr_14               (getelementptr    ) [ 00000000001111111111111111111111111111111111111111111111111111]
x_addr_15               (getelementptr    ) [ 00000000001111111111111111111111111111111111111111111111111111]
x_addr_16               (getelementptr    ) [ 00000000001111111111111111111111111111111111111111111111111111]
x_addr_17               (getelementptr    ) [ 00000000001111111111111111111111111111111111111111111111111111]
x_addr_18               (getelementptr    ) [ 00000000001111111111111111111111111111111111111111111111111111]
x_addr_19               (getelementptr    ) [ 00000000001111111111111111111111111111111111111111111111111111]
x_addr_20               (getelementptr    ) [ 00000000001111111111111111111111111111111111111111111111111111]
x_addr_21               (getelementptr    ) [ 00000000001111111111111111111111111111111111111111111111111111]
x_addr_22               (getelementptr    ) [ 00000000001111111111111111111111111111111111111111111111111111]
x_addr_23               (getelementptr    ) [ 00000000001111111111111111111111111111111111111111111111111111]
x_addr_24               (getelementptr    ) [ 00000000001111111111111111111111111111111111111111111111111111]
x_addr_25               (getelementptr    ) [ 00000000001111111111111111111111111111111111111111111111111111]
x_addr_26               (getelementptr    ) [ 00000000001111111111111111111111111111111111111111111111111111]
x_addr_27               (getelementptr    ) [ 00000000001111111111111111111111111111111111111111111111111111]
x_addr_28               (getelementptr    ) [ 00000000001111111111111111111111111111111111111111111111111111]
x_addr_29               (getelementptr    ) [ 00000000001111111111111111111111111111111111111111111111111111]
x_addr_30               (getelementptr    ) [ 00000000001111111111111111111111111111111111111111111111111111]
x_addr_31               (getelementptr    ) [ 00000000001111111111111111111111111111111111111111111111111111]
x_addr_32               (getelementptr    ) [ 00000000001111111111111111111111111111111111111111111111111111]
x_addr_33               (getelementptr    ) [ 00000000001111111111111111111111111111111111111111111111111111]
x_addr_34               (getelementptr    ) [ 00000000001111111111111111111111111111111111111111111111111111]
x_addr_35               (getelementptr    ) [ 00000000001111111111111111111111111111111111111111111111111111]
x_addr_36               (getelementptr    ) [ 00000000001111111111111111111111111111111111111111111111111111]
x_addr_37               (getelementptr    ) [ 00000000001111111111111111111111111111111111111111111111111111]
x_addr_38               (getelementptr    ) [ 00000000001111111111111111111111111111111111111111111111111111]
x_addr_39               (getelementptr    ) [ 00000000001111111111111111111111111111111111111111111111111111]
x_addr_40               (getelementptr    ) [ 00000000001111111111111111111111111111111111111111111111111111]
x_addr_41               (getelementptr    ) [ 00000000001111111111111111111111111111111111111111111111111111]
x_addr_42               (getelementptr    ) [ 00000000001111111111111111111111111111111111111111111111111111]
x_addr_43               (getelementptr    ) [ 00000000001111111111111111111111111111111111111111111111111111]
x_addr_44               (getelementptr    ) [ 00000000001111111111111111111111111111111111111111111111111111]
x_addr_45               (getelementptr    ) [ 00000000001111111111111111111111111111111111111111111111111111]
x_addr_46               (getelementptr    ) [ 00000000001111111111111111111111111111111111111111111111111111]
x_addr_47               (getelementptr    ) [ 00000000001111111111111111111111111111111111111111111111111111]
x_addr_48               (getelementptr    ) [ 00000000001111111111111111111111111111111111111111111111111111]
x_addr_49               (getelementptr    ) [ 00000000001111111111111111111111111111111111111111111111111111]
x_addr_50               (getelementptr    ) [ 00000000001111111111111111111111111111111111111111111111111111]
x_addr_51               (getelementptr    ) [ 00000000001111111111111111111111111111111111111111111111111111]
x_addr_52               (getelementptr    ) [ 00000000001111111111111111111111111111111111111111111111111111]
x_addr_53               (getelementptr    ) [ 00000000001111111111111111111111111111111111111111111111111111]
x_addr_54               (getelementptr    ) [ 00000000001111111111111111111111111111111111111111111111111111]
x_addr_55               (getelementptr    ) [ 00000000001111111111111111111111111111111111111111111111111111]
x_addr_56               (getelementptr    ) [ 00000000001111111111111111111111111111111111111111111111111111]
x_addr_57               (getelementptr    ) [ 00000000001111111111111111111111111111111111111111111111111111]
x_addr_58               (getelementptr    ) [ 00000000001111111111111111111111111111111111111111111111111111]
x_addr_59               (getelementptr    ) [ 00000000001111111111111111111111111111111111111111111111111111]
x_addr_60               (getelementptr    ) [ 00000000001111111111111111111111111111111111111111111111111111]
x_addr_61               (getelementptr    ) [ 00000000001111111111111111111111111111111111111111111111111111]
x_addr_62               (getelementptr    ) [ 00000000001111111111111111111111111111111111111111111111111111]
x_addr_63               (getelementptr    ) [ 00000000001111111111111111111111111111111111111111111111111111]
empty                   (readreq          ) [ 00000000000000000000000000000000000000000000000000000000000000]
sext_ln80               (sext             ) [ 00000000000000000000000000000000000000000000000000000000000000]
gmem1_addr              (getelementptr    ) [ 00000000001111111111111111111111111111111111111111111111111111]
sext_ln106              (sext             ) [ 00000000000000000000000000000000000000000000000000000000000000]
gmem3_addr              (getelementptr    ) [ 00000000001111111111111111111111111111111111111111111111111111]
sext_ln106_1            (sext             ) [ 00000000000000000000000000000000000000000000000000000000000000]
gmem4_addr              (getelementptr    ) [ 00000000001111111111111111111111111111111111111111111111111111]
sext_ln116              (sext             ) [ 00000000000000000000000000000000000000000000000000000000000000]
gmem5_addr              (getelementptr    ) [ 00000000001111111111111111111111111111111111111111111111111111]
sext_ln116_1            (sext             ) [ 00000000000000000000000000000000000000000000000000000000000000]
gmem6_addr              (getelementptr    ) [ 00000000001111111111111111111111111111111111111111111111111111]
sext_ln126              (sext             ) [ 00000000000000000000000000000000000000000000000000000000000000]
gmem7_addr              (getelementptr    ) [ 00000000001111111111111111111111111111111111111111111111111111]
sext_ln126_1            (sext             ) [ 00000000000000000000000000000000000000000000000000000000000000]
gmem8_addr              (getelementptr    ) [ 00000000001111111111111111111111111111111111111111111111111111]
sext_ln136              (sext             ) [ 00000000000000000000000000000000000000000000000000000000000000]
gmem9_addr              (getelementptr    ) [ 00000000001111111111111111111111111111111111111111111111111111]
sext_ln136_1            (sext             ) [ 00000000000000000000000000000000000000000000000000000000000000]
gmem10_addr             (getelementptr    ) [ 00000000001111111111111111111111111111111111111111111111111111]
br_ln71                 (br               ) [ 00000000000000000000000000000000000000000000000000000000000000]
n_1                     (load             ) [ 00000000000111111111111111111111111111111111111111111111111111]
icmp_ln71               (icmp             ) [ 00000000001111111111111111111111111111111111111111111111111111]
add_ln71                (add              ) [ 00000000000111111111111111111100000000000000000000000000000000]
br_ln71                 (br               ) [ 00000000000000000000000000000000000000000000000000000000000000]
ret_ln145               (ret              ) [ 00000000000000000000000000000000000000000000000000000000000000]
call_ln71               (call             ) [ 00000000000000000000000000000000000000000000000000000000000000]
speclooptripcount_ln71  (speclooptripcount) [ 00000000000000000000000000000000000000000000000000000000000000]
specloopname_ln71       (specloopname     ) [ 00000000000000000000000000000000000000000000000000000000000000]
empty_59                (readreq          ) [ 00000000000000000000000000000000000000000000000000000000000000]
empty_60                (readreq          ) [ 00000000000000000000000000000000000000000000000000000000000000]
br_ln80                 (br               ) [ 00000000001111111111111111111111111111111111111111111111111111]
e                       (phi              ) [ 00000000000000000001000000000000000000000000000000000000000000]
max_logit               (phi              ) [ 00000000000000000001111111111110000000000000000000000000000000]
icmp_ln80               (icmp             ) [ 00000000001111111111111111111111111111111111111111111111111111]
add_ln80                (add              ) [ 00000000001111111111111111111111111111111111111111111111111111]
br_ln80                 (br               ) [ 00000000000000000000000000000000000000000000000000000000000000]
trunc_ln82              (trunc            ) [ 00000000000000000000111111111000000000000000000000000000000000]
exp_values_0_05_load    (load             ) [ 00000000000000000000000000000010000000000000000000000000000000]
exp_values_1_06_load    (load             ) [ 00000000000000000000000000000010000000000000000000000000000000]
exp_values_2_07_load    (load             ) [ 00000000000000000000000000000010000000000000000000000000000000]
exp_values_3_08_load    (load             ) [ 00000000000000000000000000000010000000000000000000000000000000]
logits_0_01_load        (load             ) [ 00000000000000000000000000000010000000000000000000000000000000]
logits_1_02_load        (load             ) [ 00000000000000000000000000000010000000000000000000000000000000]
logits_2_03_load        (load             ) [ 00000000000000000000000000000010000000000000000000000000000000]
logits_3_04_load        (load             ) [ 00000000000000000000000000000010000000000000000000000000000000]
tmp_5                   (bitconcatenate   ) [ 00000000000000000000000000000011111111111110000000000000000000]
p_cast14                (zext             ) [ 00000000000000000000000000000000000000000000000000000000000000]
empty_61                (add              ) [ 00000000000000000000000000000000000000000000000000000000000000]
trunc_ln6               (partselect       ) [ 00000000000000000000000000000011100000000000000000000000000000]
tmp_6                   (bitconcatenate   ) [ 00000000000000000000000000000000000000000000000000000000000000]
p_cast16                (zext             ) [ 00000000000000000000000000000000000000000000000000000000000000]
empty_63                (add              ) [ 00000000000000000000000000000000000000000000000000000000000000]
trunc_ln7               (partselect       ) [ 00000000000000000000000000000011100000000000000000000000000000]
store_ln71              (store            ) [ 00000000000000000000000000000000000000000000000000000000000000]
gmem2_addr_read         (read             ) [ 00000000000000000000010000000000000000000000000000000000000000]
call_ln80               (call             ) [ 00000000000000000000000000000000000000000000000000000000000000]
p_loc30_load            (load             ) [ 00000000000000000000001000000000000000000000000000000000000000]
sum                     (bitcast          ) [ 00000000000000000000001000000000000000000000000000000000000000]
sum_1                   (fadd             ) [ 00000000000000000000000110000000000000000000000000000000000000]
p_loc29_load            (load             ) [ 00000000000000000000000010000000000000000000000000000000000000]
sum_2                   (fadd             ) [ 00000000000000000000000001100000000000000000000000000000000000]
p_loc28_load            (load             ) [ 00000000000000000000000000100000000000000000000000000000000000]
sum_3                   (fadd             ) [ 00000000000000000000000000011000000000000000000000000000000000]
p_loc_load              (load             ) [ 00000000000000000000000000001000000000000000000000000000000000]
speclooptripcount_ln79  (speclooptripcount) [ 00000000000000000000000000000000000000000000000000000000000000]
specloopname_ln80       (specloopname     ) [ 00000000000000000000000000000000000000000000000000000000000000]
logits_0                (fadd             ) [ 00000000000000000000000000000100000000000000000000000000000000]
switch_ln82             (switch           ) [ 00000000000000000000000000000000000000000000000000000000000000]
store_ln35              (store            ) [ 00000000000000000000000000000000000000000000000000000000000000]
br_ln82                 (br               ) [ 00000000000000000000000000000000000000000000000000000000000000]
store_ln35              (store            ) [ 00000000000000000000000000000000000000000000000000000000000000]
br_ln82                 (br               ) [ 00000000000000000000000000000000000000000000000000000000000000]
store_ln35              (store            ) [ 00000000000000000000000000000000000000000000000000000000000000]
br_ln82                 (br               ) [ 00000000000000000000000000000000000000000000000000000000000000]
store_ln35              (store            ) [ 00000000000000000000000000000000000000000000000000000000000000]
br_ln82                 (br               ) [ 00000000000000000000000000000000000000000000000000000000000000]
bitcast_ln83            (bitcast          ) [ 00000000000000000000000000000000000000000000000000000000000000]
tmp_2                   (partselect       ) [ 00000000000000000000000000000000000000000000000000000000000000]
trunc_ln83              (trunc            ) [ 00000000000000000000000000000000000000000000000000000000000000]
bitcast_ln83_1          (bitcast          ) [ 00000000000000000000000000000000000000000000000000000000000000]
tmp_3                   (partselect       ) [ 00000000000000000000000000000000000000000000000000000000000000]
trunc_ln83_1            (trunc            ) [ 00000000000000000000000000000000000000000000000000000000000000]
icmp_ln83               (icmp             ) [ 00000000000000000000000000000000000000000000000000000000000000]
icmp_ln83_1             (icmp             ) [ 00000000000000000000000000000000000000000000000000000000000000]
or_ln83                 (or               ) [ 00000000000000000000000000000000000000000000000000000000000000]
icmp_ln83_2             (icmp             ) [ 00000000000000000000000000000000000000000000000000000000000000]
icmp_ln83_3             (icmp             ) [ 00000000000000000000000000000000000000000000000000000000000000]
or_ln83_1               (or               ) [ 00000000000000000000000000000000000000000000000000000000000000]
and_ln83                (and              ) [ 00000000000000000000000000000000000000000000000000000000000000]
tmp_4                   (fcmp             ) [ 00000000000000000000000000000000000000000000000000000000000000]
and_ln83_1              (and              ) [ 00000000000000000000000000000000000000000000000000000000000000]
max_logit_1             (select           ) [ 00000000001111111111111111111111111111111111111111111111111111]
br_ln80                 (br               ) [ 00000000001111111111111111111111111111111111111111111111111111]
call_ln83               (call             ) [ 00000000000000000000000000000000000000000000000000000000000000]
sext_ln95               (sext             ) [ 00000000000000000000000000000000000000000000000000000000000000]
gmem11_addr             (getelementptr    ) [ 00000000000000000000000000000001111111111111111100000000000000]
empty_62                (writereq         ) [ 00000000000000000000000000000000000000000000000000000000000000]
sext_ln100              (sext             ) [ 00000000000000000000000000000000000000000000000000000000000000]
gmem12_addr             (getelementptr    ) [ 00000000000000000000000000000001111111000000000000000000000000]
empty_65                (writereq         ) [ 00000000000000000000000000000000000000000000000000000000000000]
exp_values_3_1_loc_load (load             ) [ 00000000000000000000000000000000100000000000000000000000000000]
exp_values_2_1_loc_load (load             ) [ 00000000000000000000000000000000100000000000000000000000000000]
exp_values_1_1_loc_load (load             ) [ 00000000000000000000000000000000100000000000000000000000000000]
exp_values_0_1_loc_load (load             ) [ 00000000000000000000000000000000100000000000000000000000000000]
exp_sum_loc_load        (load             ) [ 00000000000000000000000000000000100000000000000000000000000000]
store_ln0               (store            ) [ 00000000000000000000000000000000000000000000000000000000000000]
store_ln0               (store            ) [ 00000000000000000000000000000000000000000000000000000000000000]
store_ln0               (store            ) [ 00000000000000000000000000000000000000000000000000000000000000]
store_ln0               (store            ) [ 00000000000000000000000000000000000000000000000000000000000000]
call_ln95               (call             ) [ 00000000000000000000000000000000000000000000000000000000000000]
call_ln100              (call             ) [ 00000000000000000000000000000000000000000000000000000000000000]
empty_64                (writeresp        ) [ 00000000000000000000000000000000000000000000000000000000000000]
empty_66                (writeresp        ) [ 00000000000000000000000000000000000000000000000000000000000000]
empty_72                (or               ) [ 00000000000000000000000000000000000000000000000000000000000000]
p_cast17                (zext             ) [ 00000000000000000000000000000000000000000000000000000000000000]
empty_73                (add              ) [ 00000000000000000000000000000000000000000000000000000000000000]
p_cast                  (partselect       ) [ 00000000000000000000000000000000000000000000000000000000000000]
p_cast_cast             (sext             ) [ 00000000000000000000000000000000000000000000000000000000000000]
gmem11_addr_1           (getelementptr    ) [ 00000000000000000000000000000000000000000001111111110000000000]
empty_77                (or               ) [ 00000000000000000000000000000000000000000000000000000000000000]
p_cast18                (zext             ) [ 00000000000000000000000000000000000000000000000000000000000000]
empty_78                (add              ) [ 00000000000000000000000000000000000000000000000000000000000000]
p_cast1                 (partselect       ) [ 00000000000000000000000000000000000000000000000000000000000000]
p_cast12_cast           (sext             ) [ 00000000000000000000000000000000000000000000000000000000000000]
gmem11_addr_2           (getelementptr    ) [ 00000000000000000000000000000000000000000001111111111111000000]
empty_82                (or               ) [ 00000000000000000000000000000000000000000000000000000000000000]
p_cast19                (zext             ) [ 00000000000000000000000000000000000000000000000000000000000000]
empty_83                (add              ) [ 00000000000000000000000000000000000000000000000000000000000000]
p_cast2                 (partselect       ) [ 00000000000000000000000000000000000000000000000000000000000000]
p_cast13_cast           (sext             ) [ 00000000000000000000000000000000000000000000000000000000000000]
gmem11_addr_3           (getelementptr    ) [ 00000000000000000000000000000000000000000001111111111111111100]
x_load                  (load             ) [ 00000000000000000000000000000000000000000000111111111111111100]
x_load_1                (load             ) [ 00000000000000000000000000000000000000000000111111111111111100]
x_load_2                (load             ) [ 00000000000000000000000000000000000000000000111111111111111100]
x_load_3                (load             ) [ 00000000000000000000000000000000000000000000111111111111111100]
x_load_4                (load             ) [ 00000000000000000000000000000000000000000000111111111111111100]
x_load_5                (load             ) [ 00000000000000000000000000000000000000000000111111111111111100]
x_load_6                (load             ) [ 00000000000000000000000000000000000000000000111111111111111100]
x_load_7                (load             ) [ 00000000000000000000000000000000000000000000111111111111111100]
x_load_8                (load             ) [ 00000000000000000000000000000000000000000000111111111111111100]
x_load_9                (load             ) [ 00000000000000000000000000000000000000000000111111111111111100]
x_load_10               (load             ) [ 00000000000000000000000000000000000000000000111111111111111100]
x_load_11               (load             ) [ 00000000000000000000000000000000000000000000111111111111111100]
x_load_12               (load             ) [ 00000000000000000000000000000000000000000000111111111111111100]
x_load_13               (load             ) [ 00000000000000000000000000000000000000000000011111111111111100]
x_load_14               (load             ) [ 00000000000000000000000000000000000000000000011111111111111100]
x_load_15               (load             ) [ 00000000000000000000000000000000000000000000011111111111111100]
x_load_16               (load             ) [ 00000000000000000000000000000000000000000000011111111111111100]
x_load_17               (load             ) [ 00000000000000000000000000000000000000000000011111111111111100]
x_load_18               (load             ) [ 00000000000000000000000000000000000000000000011111111111111100]
x_load_19               (load             ) [ 00000000000000000000000000000000000000000000011111111111111100]
x_load_20               (load             ) [ 00000000000000000000000000000000000000000000011111111111111100]
x_load_21               (load             ) [ 00000000000000000000000000000000000000000000011111111111111100]
x_load_22               (load             ) [ 00000000000000000000000000000000000000000000011111111111111100]
x_load_23               (load             ) [ 00000000000000000000000000000000000000000000011111111111111100]
x_load_24               (load             ) [ 00000000000000000000000000000000000000000000011111111111111100]
x_load_25               (load             ) [ 00000000000000000000000000000000000000000000011111111111111100]
x_load_26               (load             ) [ 00000000000000000000000000000000000000000000011111111111111100]
x_load_27               (load             ) [ 00000000000000000000000000000000000000000000011111111111111100]
x_load_28               (load             ) [ 00000000000000000000000000000000000000000000011111111111111100]
x_load_29               (load             ) [ 00000000000000000000000000000000000000000000011111111111111100]
x_load_30               (load             ) [ 00000000000000000000000000000000000000000000001111111111111100]
x_load_31               (load             ) [ 00000000000000000000000000000000000000000000001111111111111100]
x_load_32               (load             ) [ 00000000000000000000000000000000000000000000001111111111111100]
x_load_33               (load             ) [ 00000000000000000000000000000000000000000000001111111111111100]
x_load_34               (load             ) [ 00000000000000000000000000000000000000000000001111111111111100]
x_load_35               (load             ) [ 00000000000000000000000000000000000000000000001111111111111100]
x_load_36               (load             ) [ 00000000000000000000000000000000000000000000001111111111111100]
x_load_37               (load             ) [ 00000000000000000000000000000000000000000000001111111111111100]
x_load_38               (load             ) [ 00000000000000000000000000000000000000000000001111111111111100]
x_load_39               (load             ) [ 00000000000000000000000000000000000000000000001111111111111100]
x_load_40               (load             ) [ 00000000000000000000000000000000000000000000001111111111111100]
x_load_41               (load             ) [ 00000000000000000000000000000000000000000000001111111111111100]
x_load_42               (load             ) [ 00000000000000000000000000000000000000000000001111111111111100]
x_load_43               (load             ) [ 00000000000000000000000000000000000000000000001111111111111100]
x_load_44               (load             ) [ 00000000000000000000000000000000000000000000001111111111111100]
x_load_45               (load             ) [ 00000000000000000000000000000000000000000000001111111111111100]
x_load_46               (load             ) [ 00000000000000000000000000000000000000000000001111111111111100]
empty_67                (readreq          ) [ 00000000000000000000000000000000000000000000000000000000000000]
empty_68                (readreq          ) [ 00000000000000000000000000000000000000000000000000000000000000]
gmem11_load_req         (readreq          ) [ 00000000000000000000000000000000000000000000000000000000000000]
empty_70                (readreq          ) [ 00000000000000000000000000000000000000000000000000000000000000]
empty_71                (readreq          ) [ 00000000000000000000000000000000000000000000000000000000000000]
empty_75                (readreq          ) [ 00000000000000000000000000000000000000000000000000000000000000]
empty_76                (readreq          ) [ 00000000000000000000000000000000000000000000000000000000000000]
empty_80                (readreq          ) [ 00000000000000000000000000000000000000000000000000000000000000]
empty_81                (readreq          ) [ 00000000000000000000000000000000000000000000000000000000000000]
x_load_47               (load             ) [ 00000000000000000000000000000000000000000000000111111111111100]
x_load_48               (load             ) [ 00000000000000000000000000000000000000000000000111111111111100]
x_load_49               (load             ) [ 00000000000000000000000000000000000000000000000111111111111100]
x_load_50               (load             ) [ 00000000000000000000000000000000000000000000000111111111111100]
x_load_51               (load             ) [ 00000000000000000000000000000000000000000000000111111111111100]
x_load_52               (load             ) [ 00000000000000000000000000000000000000000000000111111111111100]
x_load_53               (load             ) [ 00000000000000000000000000000000000000000000000111111111111100]
x_load_54               (load             ) [ 00000000000000000000000000000000000000000000000111111111111100]
x_load_55               (load             ) [ 00000000000000000000000000000000000000000000000111111111111100]
x_load_56               (load             ) [ 00000000000000000000000000000000000000000000000111111111111100]
x_load_57               (load             ) [ 00000000000000000000000000000000000000000000000111111111111100]
x_load_58               (load             ) [ 00000000000000000000000000000000000000000000000111111111111100]
x_load_59               (load             ) [ 00000000000000000000000000000000000000000000000111111111111100]
x_load_60               (load             ) [ 00000000000000000000000000000000000000000000000111111111111100]
x_load_61               (load             ) [ 00000000000000000000000000000000000000000000000111111111111100]
x_load_62               (load             ) [ 00000000000000000000000000000000000000000000000111111111111100]
x_load_63               (load             ) [ 00000000000000000000000000000000000000000000000111111111111100]
call_ln106              (call             ) [ 00000000000000000000000000000000000000000000000000000000000000]
gmem11_addr_read        (read             ) [ 00000000000000000000000000000000000000000000000010000000000000]
empty_69                (bitcast          ) [ 00000000000000000000000000000000000000000000000001000000000000]
call_ln95               (call             ) [ 00000000000000000000000000000000000000000000000000000000000000]
gmem11_load_1_req       (readreq          ) [ 00000000000000000000000000000000000000000000000000000000000000]
call_ln116              (call             ) [ 00000000000000000000000000000000000000000000000000000000000000]
gmem11_addr_1_read      (read             ) [ 00000000000000000000000000000000000000000000000000001000000000]
gmem11_load_2_req       (readreq          ) [ 00000000000000000000000000000000000000000000000000000000000000]
empty_74                (bitcast          ) [ 00000000000000000000000000000000000000000000000000000100000000]
gmem11_load_3_req       (readreq          ) [ 00000000000000000000000000000000000000000000000000000000000000]
call_ln71               (call             ) [ 00000000000000000000000000000000000000000000000000000000000000]
call_ln126              (call             ) [ 00000000000000000000000000000000000000000000000000000000000000]
gmem11_addr_2_read      (read             ) [ 00000000000000000000000000000000000000000000000000000000100000]
empty_79                (bitcast          ) [ 00000000000000000000000000000000000000000000000000000000010000]
call_ln71               (call             ) [ 00000000000000000000000000000000000000000000000000000000000000]
call_ln136              (call             ) [ 00000000000000000000000000000000000000000000000000000000000000]
gmem11_addr_3_read      (read             ) [ 00000000000000000000000000000000000000000000000000000000000010]
empty_84                (bitcast          ) [ 00000000000000000000000000000000000000000000000000000000000001]
call_ln71               (call             ) [ 00000000000000000000000000000000000000000000000000000000000000]
br_ln71                 (br               ) [ 00000000000000000000000000000000000000000000000000000000000000]
</LifeTime>

<model>

<comp_list>
<comp id="0" class="1000" name="gmem0">
<pin_list>
<pin id="1" dir="1" index="0" bw="1" slack="0"/>
</pin_list>
<bind>
<StgValue><ssdm name="gmem0"/></StgValue>
</bind>
</comp>

<comp id="2" class="1000" name="gmem1">
<pin_list>
<pin id="3" dir="1" index="0" bw="1" slack="0"/>
</pin_list>
<bind>
<StgValue><ssdm name="gmem1"/></StgValue>
</bind>
</comp>

<comp id="4" class="1000" name="gmem2">
<pin_list>
<pin id="5" dir="1" index="0" bw="1" slack="0"/>
</pin_list>
<bind>
<StgValue><ssdm name="gmem2"/></StgValue>
</bind>
</comp>

<comp id="6" class="1000" name="gmem3">
<pin_list>
<pin id="7" dir="1" index="0" bw="1" slack="0"/>
</pin_list>
<bind>
<StgValue><ssdm name="gmem3"/></StgValue>
</bind>
</comp>

<comp id="8" class="1000" name="gmem4">
<pin_list>
<pin id="9" dir="1" index="0" bw="1" slack="0"/>
</pin_list>
<bind>
<StgValue><ssdm name="gmem4"/></StgValue>
</bind>
</comp>

<comp id="10" class="1000" name="gmem5">
<pin_list>
<pin id="11" dir="1" index="0" bw="1" slack="0"/>
</pin_list>
<bind>
<StgValue><ssdm name="gmem5"/></StgValue>
</bind>
</comp>

<comp id="12" class="1000" name="gmem6">
<pin_list>
<pin id="13" dir="1" index="0" bw="1" slack="0"/>
</pin_list>
<bind>
<StgValue><ssdm name="gmem6"/></StgValue>
</bind>
</comp>

<comp id="14" class="1000" name="gmem7">
<pin_list>
<pin id="15" dir="1" index="0" bw="1" slack="0"/>
</pin_list>
<bind>
<StgValue><ssdm name="gmem7"/></StgValue>
</bind>
</comp>

<comp id="16" class="1000" name="gmem8">
<pin_list>
<pin id="17" dir="1" index="0" bw="1" slack="0"/>
</pin_list>
<bind>
<StgValue><ssdm name="gmem8"/></StgValue>
</bind>
</comp>

<comp id="18" class="1000" name="gmem9">
<pin_list>
<pin id="19" dir="1" index="0" bw="1" slack="0"/>
</pin_list>
<bind>
<StgValue><ssdm name="gmem9"/></StgValue>
</bind>
</comp>

<comp id="20" class="1000" name="gmem10">
<pin_list>
<pin id="21" dir="1" index="0" bw="1" slack="0"/>
</pin_list>
<bind>
<StgValue><ssdm name="gmem10"/></StgValue>
</bind>
</comp>

<comp id="22" class="1000" name="gmem11">
<pin_list>
<pin id="23" dir="1" index="0" bw="1" slack="0"/>
</pin_list>
<bind>
<StgValue><ssdm name="gmem11"/></StgValue>
</bind>
</comp>

<comp id="24" class="1000" name="gmem12">
<pin_list>
<pin id="25" dir="1" index="0" bw="1" slack="0"/>
</pin_list>
<bind>
<StgValue><ssdm name="gmem12"/></StgValue>
</bind>
</comp>

<comp id="26" class="1000" name="input_r">
<pin_list>
<pin id="27" dir="1" index="0" bw="1" slack="0"/>
</pin_list>
<bind>
<StgValue><ssdm name="input_r"/></StgValue>
</bind>
</comp>

<comp id="28" class="1000" name="w_gate">
<pin_list>
<pin id="29" dir="1" index="0" bw="1" slack="0"/>
</pin_list>
<bind>
<StgValue><ssdm name="w_gate"/></StgValue>
</bind>
</comp>

<comp id="30" class="1000" name="b_gate">
<pin_list>
<pin id="31" dir="1" index="0" bw="1" slack="0"/>
</pin_list>
<bind>
<StgValue><ssdm name="b_gate"/></StgValue>
</bind>
</comp>

<comp id="32" class="1000" name="w0">
<pin_list>
<pin id="33" dir="1" index="0" bw="1" slack="0"/>
</pin_list>
<bind>
<StgValue><ssdm name="w0"/></StgValue>
</bind>
</comp>

<comp id="34" class="1000" name="b0">
<pin_list>
<pin id="35" dir="1" index="0" bw="1" slack="0"/>
</pin_list>
<bind>
<StgValue><ssdm name="b0"/></StgValue>
</bind>
</comp>

<comp id="36" class="1000" name="w1">
<pin_list>
<pin id="37" dir="1" index="0" bw="1" slack="0"/>
</pin_list>
<bind>
<StgValue><ssdm name="w1"/></StgValue>
</bind>
</comp>

<comp id="38" class="1000" name="b1">
<pin_list>
<pin id="39" dir="1" index="0" bw="1" slack="0"/>
</pin_list>
<bind>
<StgValue><ssdm name="b1"/></StgValue>
</bind>
</comp>

<comp id="40" class="1000" name="w2">
<pin_list>
<pin id="41" dir="1" index="0" bw="1" slack="0"/>
</pin_list>
<bind>
<StgValue><ssdm name="w2"/></StgValue>
</bind>
</comp>

<comp id="42" class="1000" name="b2">
<pin_list>
<pin id="43" dir="1" index="0" bw="1" slack="0"/>
</pin_list>
<bind>
<StgValue><ssdm name="b2"/></StgValue>
</bind>
</comp>

<comp id="44" class="1000" name="w3">
<pin_list>
<pin id="45" dir="1" index="0" bw="1" slack="0"/>
</pin_list>
<bind>
<StgValue><ssdm name="w3"/></StgValue>
</bind>
</comp>

<comp id="46" class="1000" name="b3">
<pin_list>
<pin id="47" dir="1" index="0" bw="1" slack="0"/>
</pin_list>
<bind>
<StgValue><ssdm name="b3"/></StgValue>
</bind>
</comp>

<comp id="48" class="1000" name="gates_out">
<pin_list>
<pin id="49" dir="1" index="0" bw="1" slack="0"/>
</pin_list>
<bind>
<StgValue><ssdm name="gates_out"/></StgValue>
</bind>
</comp>

<comp id="50" class="1000" name="output_r">
<pin_list>
<pin id="51" dir="1" index="0" bw="1" slack="0"/>
</pin_list>
<bind>
<StgValue><ssdm name="output_r"/></StgValue>
</bind>
</comp>

<comp id="52" class="1001" name="const_52">
<pin_list>
<pin id="53" dir="1" index="0" bw="1" slack="0"/>
</pin_list>
<bind>
<StgValue><ssdm name=""/></StgValue>
</bind>
</comp>

<comp id="54" class="1001" name="const_54">
<pin_list>
<pin id="55" dir="1" index="0" bw="1" slack="0"/>
</pin_list>
<bind>
<StgValue><ssdm name="_ssdm_op_Read.s_axilite.i64"/></StgValue>
</bind>
</comp>

<comp id="56" class="1001" name="const_56">
<pin_list>
<pin id="57" dir="1" index="0" bw="1" slack="0"/>
</pin_list>
<bind>
<StgValue><ssdm name=""/></StgValue>
</bind>
</comp>

<comp id="58" class="1001" name="const_58">
<pin_list>
<pin id="59" dir="1" index="0" bw="1" slack="0"/>
</pin_list>
<bind>
<StgValue><ssdm name="_ssdm_op_PartSelect.i62.i64.i32.i32"/></StgValue>
</bind>
</comp>

<comp id="60" class="1001" name="const_60">
<pin_list>
<pin id="61" dir="1" index="0" bw="1" slack="0"/>
</pin_list>
<bind>
<StgValue><ssdm name=""/></StgValue>
</bind>
</comp>

<comp id="62" class="1001" name="const_62">
<pin_list>
<pin id="63" dir="1" index="0" bw="1" slack="0"/>
</pin_list>
<bind>
<StgValue><ssdm name=""/></StgValue>
</bind>
</comp>

<comp id="64" class="1001" name="const_64">
<pin_list>
<pin id="65" dir="1" index="0" bw="1" slack="0"/>
</pin_list>
<bind>
<StgValue><ssdm name=""/></StgValue>
</bind>
</comp>

<comp id="66" class="1001" name="const_66">
<pin_list>
<pin id="67" dir="1" index="0" bw="1" slack="0"/>
</pin_list>
<bind>
<StgValue><ssdm name="_ssdm_op_ReadReq.m_axi.p1i32"/></StgValue>
</bind>
</comp>

<comp id="68" class="1001" name="const_68">
<pin_list>
<pin id="69" dir="1" index="0" bw="1" slack="0"/>
</pin_list>
<bind>
<StgValue><ssdm name=""/></StgValue>
</bind>
</comp>

<comp id="70" class="1001" name="const_70">
<pin_list>
<pin id="71" dir="1" index="0" bw="1" slack="2147483647"/>
</pin_list>
<bind>
<StgValue><ssdm name="_ssdm_op_SpecTopModule"/></StgValue>
</bind>
</comp>

<comp id="72" class="1001" name="const_72">
<pin_list>
<pin id="73" dir="1" index="0" bw="1" slack="2147483647"/>
</pin_list>
<bind>
<StgValue><ssdm name="empty_32"/></StgValue>
</bind>
</comp>

<comp id="74" class="1001" name="const_74">
<pin_list>
<pin id="75" dir="1" index="0" bw="1" slack="2147483647"/>
</pin_list>
<bind>
<StgValue><ssdm name="_ssdm_op_SpecInterface"/></StgValue>
</bind>
</comp>

<comp id="76" class="1001" name="const_76">
<pin_list>
<pin id="77" dir="1" index="0" bw="1" slack="2147483647"/>
</pin_list>
<bind>
<StgValue><ssdm name="empty_23"/></StgValue>
</bind>
</comp>

<comp id="78" class="1001" name="const_78">
<pin_list>
<pin id="79" dir="1" index="0" bw="1" slack="2147483647"/>
</pin_list>
<bind>
<StgValue><ssdm name=""/></StgValue>
</bind>
</comp>

<comp id="80" class="1001" name="const_80">
<pin_list>
<pin id="81" dir="1" index="0" bw="1" slack="2147483647"/>
</pin_list>
<bind>
<StgValue><ssdm name="empty_36"/></StgValue>
</bind>
</comp>

<comp id="82" class="1001" name="const_82">
<pin_list>
<pin id="83" dir="1" index="0" bw="1" slack="2147483647"/>
</pin_list>
<bind>
<StgValue><ssdm name="empty_12"/></StgValue>
</bind>
</comp>

<comp id="84" class="1001" name="const_84">
<pin_list>
<pin id="85" dir="1" index="0" bw="1" slack="2147483647"/>
</pin_list>
<bind>
<StgValue><ssdm name="empty_0"/></StgValue>
</bind>
</comp>

<comp id="86" class="1001" name="const_86">
<pin_list>
<pin id="87" dir="1" index="0" bw="1" slack="2147483647"/>
</pin_list>
<bind>
<StgValue><ssdm name=""/></StgValue>
</bind>
</comp>

<comp id="88" class="1001" name="const_88">
<pin_list>
<pin id="89" dir="1" index="0" bw="1" slack="2147483647"/>
</pin_list>
<bind>
<StgValue><ssdm name=""/></StgValue>
</bind>
</comp>

<comp id="90" class="1001" name="const_90">
<pin_list>
<pin id="91" dir="1" index="0" bw="1" slack="2147483647"/>
</pin_list>
<bind>
<StgValue><ssdm name="_ssdm_op_SpecBitsMap"/></StgValue>
</bind>
</comp>

<comp id="92" class="1001" name="const_92">
<pin_list>
<pin id="93" dir="1" index="0" bw="1" slack="2147483647"/>
</pin_list>
<bind>
<StgValue><ssdm name="empty_1"/></StgValue>
</bind>
</comp>

<comp id="94" class="1001" name="const_94">
<pin_list>
<pin id="95" dir="1" index="0" bw="1" slack="2147483647"/>
</pin_list>
<bind>
<StgValue><ssdm name="empty_2"/></StgValue>
</bind>
</comp>

<comp id="96" class="1001" name="const_96">
<pin_list>
<pin id="97" dir="1" index="0" bw="1" slack="2147483647"/>
</pin_list>
<bind>
<StgValue><ssdm name="empty_3"/></StgValue>
</bind>
</comp>

<comp id="98" class="1001" name="const_98">
<pin_list>
<pin id="99" dir="1" index="0" bw="1" slack="2147483647"/>
</pin_list>
<bind>
<StgValue><ssdm name="empty_4"/></StgValue>
</bind>
</comp>

<comp id="100" class="1001" name="const_100">
<pin_list>
<pin id="101" dir="1" index="0" bw="1" slack="2147483647"/>
</pin_list>
<bind>
<StgValue><ssdm name="empty_5"/></StgValue>
</bind>
</comp>

<comp id="102" class="1001" name="const_102">
<pin_list>
<pin id="103" dir="1" index="0" bw="1" slack="2147483647"/>
</pin_list>
<bind>
<StgValue><ssdm name="empty_6"/></StgValue>
</bind>
</comp>

<comp id="104" class="1001" name="const_104">
<pin_list>
<pin id="105" dir="1" index="0" bw="1" slack="2147483647"/>
</pin_list>
<bind>
<StgValue><ssdm name="empty_7"/></StgValue>
</bind>
</comp>

<comp id="106" class="1001" name="const_106">
<pin_list>
<pin id="107" dir="1" index="0" bw="1" slack="2147483647"/>
</pin_list>
<bind>
<StgValue><ssdm name="empty_48"/></StgValue>
</bind>
</comp>

<comp id="108" class="1001" name="const_108">
<pin_list>
<pin id="109" dir="1" index="0" bw="1" slack="2147483647"/>
</pin_list>
<bind>
<StgValue><ssdm name="empty_9"/></StgValue>
</bind>
</comp>

<comp id="110" class="1001" name="const_110">
<pin_list>
<pin id="111" dir="1" index="0" bw="1" slack="2147483647"/>
</pin_list>
<bind>
<StgValue><ssdm name="empty_22"/></StgValue>
</bind>
</comp>

<comp id="112" class="1001" name="const_112">
<pin_list>
<pin id="113" dir="1" index="0" bw="1" slack="2147483647"/>
</pin_list>
<bind>
<StgValue><ssdm name="empty_11"/></StgValue>
</bind>
</comp>

<comp id="114" class="1001" name="const_114">
<pin_list>
<pin id="115" dir="1" index="0" bw="1" slack="2147483647"/>
</pin_list>
<bind>
<StgValue><ssdm name="empty"/></StgValue>
</bind>
</comp>

<comp id="116" class="1001" name="const_116">
<pin_list>
<pin id="117" dir="1" index="0" bw="1" slack="2147483647"/>
</pin_list>
<bind>
<StgValue><ssdm name="empty_13"/></StgValue>
</bind>
</comp>

<comp id="118" class="1001" name="const_118">
<pin_list>
<pin id="119" dir="1" index="0" bw="1" slack="2147483647"/>
</pin_list>
<bind>
<StgValue><ssdm name="empty_14"/></StgValue>
</bind>
</comp>

<comp id="120" class="1001" name="const_120">
<pin_list>
<pin id="121" dir="1" index="0" bw="1" slack="2147483647"/>
</pin_list>
<bind>
<StgValue><ssdm name="empty_15"/></StgValue>
</bind>
</comp>

<comp id="122" class="1001" name="const_122">
<pin_list>
<pin id="123" dir="1" index="0" bw="1" slack="2147483647"/>
</pin_list>
<bind>
<StgValue><ssdm name="empty_16"/></StgValue>
</bind>
</comp>

<comp id="124" class="1001" name="const_124">
<pin_list>
<pin id="125" dir="1" index="0" bw="1" slack="2147483647"/>
</pin_list>
<bind>
<StgValue><ssdm name="empty_17"/></StgValue>
</bind>
</comp>

<comp id="126" class="1001" name="const_126">
<pin_list>
<pin id="127" dir="1" index="0" bw="1" slack="2147483647"/>
</pin_list>
<bind>
<StgValue><ssdm name="empty_18"/></StgValue>
</bind>
</comp>

<comp id="128" class="1001" name="const_128">
<pin_list>
<pin id="129" dir="1" index="0" bw="1" slack="2147483647"/>
</pin_list>
<bind>
<StgValue><ssdm name="empty_19"/></StgValue>
</bind>
</comp>

<comp id="130" class="1001" name="const_130">
<pin_list>
<pin id="131" dir="1" index="0" bw="1" slack="2147483647"/>
</pin_list>
<bind>
<StgValue><ssdm name="empty_20"/></StgValue>
</bind>
</comp>

<comp id="132" class="1001" name="const_132">
<pin_list>
<pin id="133" dir="1" index="0" bw="1" slack="2147483647"/>
</pin_list>
<bind>
<StgValue><ssdm name="empty_8"/></StgValue>
</bind>
</comp>

<comp id="134" class="1001" name="const_134">
<pin_list>
<pin id="135" dir="1" index="0" bw="1" slack="2147483647"/>
</pin_list>
<bind>
<StgValue><ssdm name="empty_10"/></StgValue>
</bind>
</comp>

<comp id="136" class="1001" name="const_136">
<pin_list>
<pin id="137" dir="1" index="0" bw="1" slack="2147483647"/>
</pin_list>
<bind>
<StgValue><ssdm name="empty_37"/></StgValue>
</bind>
</comp>

<comp id="138" class="1001" name="const_138">
<pin_list>
<pin id="139" dir="1" index="0" bw="1" slack="2147483647"/>
</pin_list>
<bind>
<StgValue><ssdm name="empty_25"/></StgValue>
</bind>
</comp>

<comp id="140" class="1001" name="const_140">
<pin_list>
<pin id="141" dir="1" index="0" bw="1" slack="2147483647"/>
</pin_list>
<bind>
<StgValue><ssdm name="empty_26"/></StgValue>
</bind>
</comp>

<comp id="142" class="1001" name="const_142">
<pin_list>
<pin id="143" dir="1" index="0" bw="1" slack="2147483647"/>
</pin_list>
<bind>
<StgValue><ssdm name="empty_27"/></StgValue>
</bind>
</comp>

<comp id="144" class="1001" name="const_144">
<pin_list>
<pin id="145" dir="1" index="0" bw="1" slack="2147483647"/>
</pin_list>
<bind>
<StgValue><ssdm name="empty_28"/></StgValue>
</bind>
</comp>

<comp id="146" class="1001" name="const_146">
<pin_list>
<pin id="147" dir="1" index="0" bw="1" slack="2147483647"/>
</pin_list>
<bind>
<StgValue><ssdm name="empty_29"/></StgValue>
</bind>
</comp>

<comp id="148" class="1001" name="const_148">
<pin_list>
<pin id="149" dir="1" index="0" bw="1" slack="2147483647"/>
</pin_list>
<bind>
<StgValue><ssdm name="empty_30"/></StgValue>
</bind>
</comp>

<comp id="150" class="1001" name="const_150">
<pin_list>
<pin id="151" dir="1" index="0" bw="1" slack="2147483647"/>
</pin_list>
<bind>
<StgValue><ssdm name="empty_31"/></StgValue>
</bind>
</comp>

<comp id="152" class="1001" name="const_152">
<pin_list>
<pin id="153" dir="1" index="0" bw="1" slack="0"/>
</pin_list>
<bind>
<StgValue><ssdm name=""/></StgValue>
</bind>
</comp>

<comp id="154" class="1001" name="const_154">
<pin_list>
<pin id="155" dir="1" index="0" bw="1" slack="0"/>
</pin_list>
<bind>
<StgValue><ssdm name=""/></StgValue>
</bind>
</comp>

<comp id="156" class="1001" name="const_156">
<pin_list>
<pin id="157" dir="1" index="0" bw="1" slack="0"/>
</pin_list>
<bind>
<StgValue><ssdm name=""/></StgValue>
</bind>
</comp>

<comp id="158" class="1001" name="const_158">
<pin_list>
<pin id="159" dir="1" index="0" bw="1" slack="0"/>
</pin_list>
<bind>
<StgValue><ssdm name=""/></StgValue>
</bind>
</comp>

<comp id="160" class="1001" name="const_160">
<pin_list>
<pin id="161" dir="1" index="0" bw="1" slack="0"/>
</pin_list>
<bind>
<StgValue><ssdm name=""/></StgValue>
</bind>
</comp>

<comp id="162" class="1001" name="const_162">
<pin_list>
<pin id="163" dir="1" index="0" bw="1" slack="0"/>
</pin_list>
<bind>
<StgValue><ssdm name=""/></StgValue>
</bind>
</comp>

<comp id="164" class="1001" name="const_164">
<pin_list>
<pin id="165" dir="1" index="0" bw="1" slack="0"/>
</pin_list>
<bind>
<StgValue><ssdm name=""/></StgValue>
</bind>
</comp>

<comp id="166" class="1001" name="const_166">
<pin_list>
<pin id="167" dir="1" index="0" bw="1" slack="0"/>
</pin_list>
<bind>
<StgValue><ssdm name=""/></StgValue>
</bind>
</comp>

<comp id="168" class="1001" name="const_168">
<pin_list>
<pin id="169" dir="1" index="0" bw="1" slack="0"/>
</pin_list>
<bind>
<StgValue><ssdm name=""/></StgValue>
</bind>
</comp>

<comp id="170" class="1001" name="const_170">
<pin_list>
<pin id="171" dir="1" index="0" bw="1" slack="0"/>
</pin_list>
<bind>
<StgValue><ssdm name=""/></StgValue>
</bind>
</comp>

<comp id="172" class="1001" name="const_172">
<pin_list>
<pin id="173" dir="1" index="0" bw="1" slack="0"/>
</pin_list>
<bind>
<StgValue><ssdm name=""/></StgValue>
</bind>
</comp>

<comp id="174" class="1001" name="const_174">
<pin_list>
<pin id="175" dir="1" index="0" bw="1" slack="0"/>
</pin_list>
<bind>
<StgValue><ssdm name=""/></StgValue>
</bind>
</comp>

<comp id="176" class="1001" name="const_176">
<pin_list>
<pin id="177" dir="1" index="0" bw="1" slack="0"/>
</pin_list>
<bind>
<StgValue><ssdm name=""/></StgValue>
</bind>
</comp>

<comp id="178" class="1001" name="const_178">
<pin_list>
<pin id="179" dir="1" index="0" bw="1" slack="0"/>
</pin_list>
<bind>
<StgValue><ssdm name=""/></StgValue>
</bind>
</comp>

<comp id="180" class="1001" name="const_180">
<pin_list>
<pin id="181" dir="1" index="0" bw="1" slack="0"/>
</pin_list>
<bind>
<StgValue><ssdm name=""/></StgValue>
</bind>
</comp>

<comp id="182" class="1001" name="const_182">
<pin_list>
<pin id="183" dir="1" index="0" bw="1" slack="0"/>
</pin_list>
<bind>
<StgValue><ssdm name=""/></StgValue>
</bind>
</comp>

<comp id="184" class="1001" name="const_184">
<pin_list>
<pin id="185" dir="1" index="0" bw="1" slack="0"/>
</pin_list>
<bind>
<StgValue><ssdm name=""/></StgValue>
</bind>
</comp>

<comp id="186" class="1001" name="const_186">
<pin_list>
<pin id="187" dir="1" index="0" bw="1" slack="0"/>
</pin_list>
<bind>
<StgValue><ssdm name=""/></StgValue>
</bind>
</comp>

<comp id="188" class="1001" name="const_188">
<pin_list>
<pin id="189" dir="1" index="0" bw="1" slack="0"/>
</pin_list>
<bind>
<StgValue><ssdm name=""/></StgValue>
</bind>
</comp>

<comp id="190" class="1001" name="const_190">
<pin_list>
<pin id="191" dir="1" index="0" bw="1" slack="0"/>
</pin_list>
<bind>
<StgValue><ssdm name=""/></StgValue>
</bind>
</comp>

<comp id="192" class="1001" name="const_192">
<pin_list>
<pin id="193" dir="1" index="0" bw="1" slack="0"/>
</pin_list>
<bind>
<StgValue><ssdm name=""/></StgValue>
</bind>
</comp>

<comp id="194" class="1001" name="const_194">
<pin_list>
<pin id="195" dir="1" index="0" bw="1" slack="0"/>
</pin_list>
<bind>
<StgValue><ssdm name=""/></StgValue>
</bind>
</comp>

<comp id="196" class="1001" name="const_196">
<pin_list>
<pin id="197" dir="1" index="0" bw="1" slack="0"/>
</pin_list>
<bind>
<StgValue><ssdm name=""/></StgValue>
</bind>
</comp>

<comp id="198" class="1001" name="const_198">
<pin_list>
<pin id="199" dir="1" index="0" bw="1" slack="0"/>
</pin_list>
<bind>
<StgValue><ssdm name=""/></StgValue>
</bind>
</comp>

<comp id="200" class="1001" name="const_200">
<pin_list>
<pin id="201" dir="1" index="0" bw="1" slack="0"/>
</pin_list>
<bind>
<StgValue><ssdm name=""/></StgValue>
</bind>
</comp>

<comp id="202" class="1001" name="const_202">
<pin_list>
<pin id="203" dir="1" index="0" bw="1" slack="0"/>
</pin_list>
<bind>
<StgValue><ssdm name=""/></StgValue>
</bind>
</comp>

<comp id="204" class="1001" name="const_204">
<pin_list>
<pin id="205" dir="1" index="0" bw="1" slack="0"/>
</pin_list>
<bind>
<StgValue><ssdm name=""/></StgValue>
</bind>
</comp>

<comp id="206" class="1001" name="const_206">
<pin_list>
<pin id="207" dir="1" index="0" bw="1" slack="0"/>
</pin_list>
<bind>
<StgValue><ssdm name=""/></StgValue>
</bind>
</comp>

<comp id="208" class="1001" name="const_208">
<pin_list>
<pin id="209" dir="1" index="0" bw="1" slack="0"/>
</pin_list>
<bind>
<StgValue><ssdm name=""/></StgValue>
</bind>
</comp>

<comp id="210" class="1001" name="const_210">
<pin_list>
<pin id="211" dir="1" index="0" bw="1" slack="0"/>
</pin_list>
<bind>
<StgValue><ssdm name=""/></StgValue>
</bind>
</comp>

<comp id="212" class="1001" name="const_212">
<pin_list>
<pin id="213" dir="1" index="0" bw="1" slack="0"/>
</pin_list>
<bind>
<StgValue><ssdm name=""/></StgValue>
</bind>
</comp>

<comp id="214" class="1001" name="const_214">
<pin_list>
<pin id="215" dir="1" index="0" bw="1" slack="0"/>
</pin_list>
<bind>
<StgValue><ssdm name=""/></StgValue>
</bind>
</comp>

<comp id="216" class="1001" name="const_216">
<pin_list>
<pin id="217" dir="1" index="0" bw="1" slack="0"/>
</pin_list>
<bind>
<StgValue><ssdm name=""/></StgValue>
</bind>
</comp>

<comp id="218" class="1001" name="const_218">
<pin_list>
<pin id="219" dir="1" index="0" bw="1" slack="0"/>
</pin_list>
<bind>
<StgValue><ssdm name=""/></StgValue>
</bind>
</comp>

<comp id="220" class="1001" name="const_220">
<pin_list>
<pin id="221" dir="1" index="0" bw="1" slack="0"/>
</pin_list>
<bind>
<StgValue><ssdm name=""/></StgValue>
</bind>
</comp>

<comp id="222" class="1001" name="const_222">
<pin_list>
<pin id="223" dir="1" index="0" bw="1" slack="0"/>
</pin_list>
<bind>
<StgValue><ssdm name=""/></StgValue>
</bind>
</comp>

<comp id="224" class="1001" name="const_224">
<pin_list>
<pin id="225" dir="1" index="0" bw="1" slack="0"/>
</pin_list>
<bind>
<StgValue><ssdm name=""/></StgValue>
</bind>
</comp>

<comp id="226" class="1001" name="const_226">
<pin_list>
<pin id="227" dir="1" index="0" bw="1" slack="0"/>
</pin_list>
<bind>
<StgValue><ssdm name=""/></StgValue>
</bind>
</comp>

<comp id="228" class="1001" name="const_228">
<pin_list>
<pin id="229" dir="1" index="0" bw="1" slack="0"/>
</pin_list>
<bind>
<StgValue><ssdm name=""/></StgValue>
</bind>
</comp>

<comp id="230" class="1001" name="const_230">
<pin_list>
<pin id="231" dir="1" index="0" bw="1" slack="0"/>
</pin_list>
<bind>
<StgValue><ssdm name=""/></StgValue>
</bind>
</comp>

<comp id="232" class="1001" name="const_232">
<pin_list>
<pin id="233" dir="1" index="0" bw="1" slack="0"/>
</pin_list>
<bind>
<StgValue><ssdm name=""/></StgValue>
</bind>
</comp>

<comp id="234" class="1001" name="const_234">
<pin_list>
<pin id="235" dir="1" index="0" bw="1" slack="0"/>
</pin_list>
<bind>
<StgValue><ssdm name=""/></StgValue>
</bind>
</comp>

<comp id="236" class="1001" name="const_236">
<pin_list>
<pin id="237" dir="1" index="0" bw="1" slack="0"/>
</pin_list>
<bind>
<StgValue><ssdm name=""/></StgValue>
</bind>
</comp>

<comp id="238" class="1001" name="const_238">
<pin_list>
<pin id="239" dir="1" index="0" bw="1" slack="0"/>
</pin_list>
<bind>
<StgValue><ssdm name=""/></StgValue>
</bind>
</comp>

<comp id="240" class="1001" name="const_240">
<pin_list>
<pin id="241" dir="1" index="0" bw="1" slack="0"/>
</pin_list>
<bind>
<StgValue><ssdm name=""/></StgValue>
</bind>
</comp>

<comp id="242" class="1001" name="const_242">
<pin_list>
<pin id="243" dir="1" index="0" bw="1" slack="0"/>
</pin_list>
<bind>
<StgValue><ssdm name=""/></StgValue>
</bind>
</comp>

<comp id="244" class="1001" name="const_244">
<pin_list>
<pin id="245" dir="1" index="0" bw="1" slack="0"/>
</pin_list>
<bind>
<StgValue><ssdm name=""/></StgValue>
</bind>
</comp>

<comp id="246" class="1001" name="const_246">
<pin_list>
<pin id="247" dir="1" index="0" bw="1" slack="0"/>
</pin_list>
<bind>
<StgValue><ssdm name=""/></StgValue>
</bind>
</comp>

<comp id="248" class="1001" name="const_248">
<pin_list>
<pin id="249" dir="1" index="0" bw="1" slack="0"/>
</pin_list>
<bind>
<StgValue><ssdm name=""/></StgValue>
</bind>
</comp>

<comp id="250" class="1001" name="const_250">
<pin_list>
<pin id="251" dir="1" index="0" bw="1" slack="0"/>
</pin_list>
<bind>
<StgValue><ssdm name=""/></StgValue>
</bind>
</comp>

<comp id="252" class="1001" name="const_252">
<pin_list>
<pin id="253" dir="1" index="0" bw="1" slack="0"/>
</pin_list>
<bind>
<StgValue><ssdm name=""/></StgValue>
</bind>
</comp>

<comp id="254" class="1001" name="const_254">
<pin_list>
<pin id="255" dir="1" index="0" bw="1" slack="0"/>
</pin_list>
<bind>
<StgValue><ssdm name=""/></StgValue>
</bind>
</comp>

<comp id="256" class="1001" name="const_256">
<pin_list>
<pin id="257" dir="1" index="0" bw="1" slack="0"/>
</pin_list>
<bind>
<StgValue><ssdm name=""/></StgValue>
</bind>
</comp>

<comp id="258" class="1001" name="const_258">
<pin_list>
<pin id="259" dir="1" index="0" bw="1" slack="0"/>
</pin_list>
<bind>
<StgValue><ssdm name=""/></StgValue>
</bind>
</comp>

<comp id="260" class="1001" name="const_260">
<pin_list>
<pin id="261" dir="1" index="0" bw="1" slack="0"/>
</pin_list>
<bind>
<StgValue><ssdm name=""/></StgValue>
</bind>
</comp>

<comp id="262" class="1001" name="const_262">
<pin_list>
<pin id="263" dir="1" index="0" bw="1" slack="0"/>
</pin_list>
<bind>
<StgValue><ssdm name=""/></StgValue>
</bind>
</comp>

<comp id="264" class="1001" name="const_264">
<pin_list>
<pin id="265" dir="1" index="0" bw="1" slack="0"/>
</pin_list>
<bind>
<StgValue><ssdm name=""/></StgValue>
</bind>
</comp>

<comp id="266" class="1001" name="const_266">
<pin_list>
<pin id="267" dir="1" index="0" bw="1" slack="0"/>
</pin_list>
<bind>
<StgValue><ssdm name=""/></StgValue>
</bind>
</comp>

<comp id="268" class="1001" name="const_268">
<pin_list>
<pin id="269" dir="1" index="0" bw="1" slack="0"/>
</pin_list>
<bind>
<StgValue><ssdm name=""/></StgValue>
</bind>
</comp>

<comp id="270" class="1001" name="const_270">
<pin_list>
<pin id="271" dir="1" index="0" bw="1" slack="0"/>
</pin_list>
<bind>
<StgValue><ssdm name=""/></StgValue>
</bind>
</comp>

<comp id="272" class="1001" name="const_272">
<pin_list>
<pin id="273" dir="1" index="0" bw="1" slack="0"/>
</pin_list>
<bind>
<StgValue><ssdm name=""/></StgValue>
</bind>
</comp>

<comp id="274" class="1001" name="const_274">
<pin_list>
<pin id="275" dir="1" index="0" bw="1" slack="0"/>
</pin_list>
<bind>
<StgValue><ssdm name=""/></StgValue>
</bind>
</comp>

<comp id="276" class="1001" name="const_276">
<pin_list>
<pin id="277" dir="1" index="0" bw="1" slack="0"/>
</pin_list>
<bind>
<StgValue><ssdm name=""/></StgValue>
</bind>
</comp>

<comp id="278" class="1001" name="const_278">
<pin_list>
<pin id="279" dir="1" index="0" bw="1" slack="0"/>
</pin_list>
<bind>
<StgValue><ssdm name=""/></StgValue>
</bind>
</comp>

<comp id="280" class="1001" name="const_280">
<pin_list>
<pin id="281" dir="1" index="0" bw="1" slack="0"/>
</pin_list>
<bind>
<StgValue><ssdm name=""/></StgValue>
</bind>
</comp>

<comp id="282" class="1001" name="const_282">
<pin_list>
<pin id="283" dir="1" index="0" bw="1" slack="0"/>
</pin_list>
<bind>
<StgValue><ssdm name="pseudo_moe_Pipeline_VITIS_LOOP_73_2"/></StgValue>
</bind>
</comp>

<comp id="284" class="1001" name="const_284">
<pin_list>
<pin id="285" dir="1" index="0" bw="1" slack="0"/>
</pin_list>
<bind>
<StgValue><ssdm name=""/></StgValue>
</bind>
</comp>

<comp id="286" class="1001" name="const_286">
<pin_list>
<pin id="287" dir="1" index="0" bw="1" slack="0"/>
</pin_list>
<bind>
<StgValue><ssdm name=""/></StgValue>
</bind>
</comp>

<comp id="288" class="1001" name="const_288">
<pin_list>
<pin id="289" dir="1" index="0" bw="1" slack="2147483647"/>
</pin_list>
<bind>
<StgValue><ssdm name="_ssdm_op_SpecLoopTripCount"/></StgValue>
</bind>
</comp>

<comp id="290" class="1001" name="const_290">
<pin_list>
<pin id="291" dir="1" index="0" bw="1" slack="2147483647"/>
</pin_list>
<bind>
<StgValue><ssdm name="_ssdm_op_SpecLoopName"/></StgValue>
</bind>
</comp>

<comp id="292" class="1001" name="const_292">
<pin_list>
<pin id="293" dir="1" index="0" bw="1" slack="2147483647"/>
</pin_list>
<bind>
<StgValue><ssdm name="empty_34"/></StgValue>
</bind>
</comp>

<comp id="294" class="1001" name="const_294">
<pin_list>
<pin id="295" dir="1" index="0" bw="1" slack="1"/>
</pin_list>
<bind>
<StgValue><ssdm name=""/></StgValue>
</bind>
</comp>

<comp id="296" class="1001" name="const_296">
<pin_list>
<pin id="297" dir="1" index="0" bw="1" slack="1"/>
</pin_list>
<bind>
<StgValue><ssdm name=""/></StgValue>
</bind>
</comp>

<comp id="298" class="1001" name="const_298">
<pin_list>
<pin id="299" dir="1" index="0" bw="1" slack="0"/>
</pin_list>
<bind>
<StgValue><ssdm name=""/></StgValue>
</bind>
</comp>

<comp id="300" class="1001" name="const_300">
<pin_list>
<pin id="301" dir="1" index="0" bw="1" slack="0"/>
</pin_list>
<bind>
<StgValue><ssdm name=""/></StgValue>
</bind>
</comp>

<comp id="302" class="1001" name="const_302">
<pin_list>
<pin id="303" dir="1" index="0" bw="1" slack="0"/>
</pin_list>
<bind>
<StgValue><ssdm name="pseudo_moe_Pipeline_VITIS_LOOP_24_2"/></StgValue>
</bind>
</comp>

<comp id="304" class="1001" name="const_304">
<pin_list>
<pin id="305" dir="1" index="0" bw="1" slack="0"/>
</pin_list>
<bind>
<StgValue><ssdm name="pseudo_moe_Pipeline_VITIS_LOOP_89_4"/></StgValue>
</bind>
</comp>

<comp id="306" class="1001" name="const_306">
<pin_list>
<pin id="307" dir="1" index="0" bw="1" slack="0"/>
</pin_list>
<bind>
<StgValue><ssdm name="_ssdm_op_BitConcatenate.i8.i4.i4"/></StgValue>
</bind>
</comp>

<comp id="308" class="1001" name="const_308">
<pin_list>
<pin id="309" dir="1" index="0" bw="1" slack="0"/>
</pin_list>
<bind>
<StgValue><ssdm name="_ssdm_op_BitConcatenate.i12.i4.i8"/></StgValue>
</bind>
</comp>

<comp id="310" class="1001" name="const_310">
<pin_list>
<pin id="311" dir="1" index="0" bw="1" slack="0"/>
</pin_list>
<bind>
<StgValue><ssdm name=""/></StgValue>
</bind>
</comp>

<comp id="312" class="1001" name="const_312">
<pin_list>
<pin id="313" dir="1" index="0" bw="1" slack="0"/>
</pin_list>
<bind>
<StgValue><ssdm name="_ssdm_op_Read.m_axi.p1i32"/></StgValue>
</bind>
</comp>

<comp id="314" class="1001" name="const_314">
<pin_list>
<pin id="315" dir="1" index="0" bw="1" slack="2147483647"/>
</pin_list>
<bind>
<StgValue><ssdm name="empty_35"/></StgValue>
</bind>
</comp>

<comp id="316" class="1001" name="const_316">
<pin_list>
<pin id="317" dir="1" index="0" bw="1" slack="2147483647"/>
</pin_list>
<bind>
<StgValue><ssdm name=""/></StgValue>
</bind>
</comp>

<comp id="318" class="1001" name="const_318">
<pin_list>
<pin id="319" dir="1" index="0" bw="1" slack="2147483647"/>
</pin_list>
<bind>
<StgValue><ssdm name=""/></StgValue>
</bind>
</comp>

<comp id="320" class="1001" name="const_320">
<pin_list>
<pin id="321" dir="1" index="0" bw="1" slack="2147483647"/>
</pin_list>
<bind>
<StgValue><ssdm name=""/></StgValue>
</bind>
</comp>

<comp id="322" class="1001" name="const_322">
<pin_list>
<pin id="323" dir="1" index="0" bw="1" slack="0"/>
</pin_list>
<bind>
<StgValue><ssdm name="_ssdm_op_PartSelect.i8.i32.i32.i32"/></StgValue>
</bind>
</comp>

<comp id="324" class="1001" name="const_324">
<pin_list>
<pin id="325" dir="1" index="0" bw="1" slack="0"/>
</pin_list>
<bind>
<StgValue><ssdm name=""/></StgValue>
</bind>
</comp>

<comp id="326" class="1001" name="const_326">
<pin_list>
<pin id="327" dir="1" index="0" bw="1" slack="0"/>
</pin_list>
<bind>
<StgValue><ssdm name=""/></StgValue>
</bind>
</comp>

<comp id="328" class="1001" name="const_328">
<pin_list>
<pin id="329" dir="1" index="0" bw="1" slack="0"/>
</pin_list>
<bind>
<StgValue><ssdm name=""/></StgValue>
</bind>
</comp>

<comp id="330" class="1001" name="const_330">
<pin_list>
<pin id="331" dir="1" index="0" bw="1" slack="0"/>
</pin_list>
<bind>
<StgValue><ssdm name=""/></StgValue>
</bind>
</comp>

<comp id="332" class="1001" name="const_332">
<pin_list>
<pin id="333" dir="1" index="0" bw="1" slack="0"/>
</pin_list>
<bind>
<StgValue><ssdm name="_ssdm_op_WriteReq.m_axi.p1i32"/></StgValue>
</bind>
</comp>

<comp id="334" class="1001" name="const_334">
<pin_list>
<pin id="335" dir="1" index="0" bw="1" slack="0"/>
</pin_list>
<bind>
<StgValue><ssdm name=""/></StgValue>
</bind>
</comp>

<comp id="336" class="1001" name="const_336">
<pin_list>
<pin id="337" dir="1" index="0" bw="1" slack="0"/>
</pin_list>
<bind>
<StgValue><ssdm name="pseudo_moe_Pipeline_VITIS_LOOP_95_5"/></StgValue>
</bind>
</comp>

<comp id="338" class="1001" name="const_338">
<pin_list>
<pin id="339" dir="1" index="0" bw="1" slack="0"/>
</pin_list>
<bind>
<StgValue><ssdm name="pseudo_moe_Pipeline_VITIS_LOOP_100_6"/></StgValue>
</bind>
</comp>

<comp id="340" class="1001" name="const_340">
<pin_list>
<pin id="341" dir="1" index="0" bw="1" slack="0"/>
</pin_list>
<bind>
<StgValue><ssdm name="_ssdm_op_WriteResp.m_axi.p1i32"/></StgValue>
</bind>
</comp>

<comp id="342" class="1001" name="const_342">
<pin_list>
<pin id="343" dir="1" index="0" bw="1" slack="0"/>
</pin_list>
<bind>
<StgValue><ssdm name=""/></StgValue>
</bind>
</comp>

<comp id="344" class="1001" name="const_344">
<pin_list>
<pin id="345" dir="1" index="0" bw="1" slack="0"/>
</pin_list>
<bind>
<StgValue><ssdm name="_ssdm_op_ReadReq.m_axi.i32P1A"/></StgValue>
</bind>
</comp>

<comp id="346" class="1001" name="const_346">
<pin_list>
<pin id="347" dir="1" index="0" bw="1" slack="0"/>
</pin_list>
<bind>
<StgValue><ssdm name=""/></StgValue>
</bind>
</comp>

<comp id="348" class="1001" name="const_348">
<pin_list>
<pin id="349" dir="1" index="0" bw="1" slack="0"/>
</pin_list>
<bind>
<StgValue><ssdm name=""/></StgValue>
</bind>
</comp>

<comp id="350" class="1001" name="const_350">
<pin_list>
<pin id="351" dir="1" index="0" bw="1" slack="0"/>
</pin_list>
<bind>
<StgValue><ssdm name=""/></StgValue>
</bind>
</comp>

<comp id="352" class="1001" name="const_352">
<pin_list>
<pin id="353" dir="1" index="0" bw="1" slack="0"/>
</pin_list>
<bind>
<StgValue><ssdm name="pseudo_moe_Pipeline_VITIS_LOOP_106_7"/></StgValue>
</bind>
</comp>

<comp id="354" class="1001" name="const_354">
<pin_list>
<pin id="355" dir="1" index="0" bw="1" slack="0"/>
</pin_list>
<bind>
<StgValue><ssdm name="_ssdm_op_Read.m_axi.i32P1A"/></StgValue>
</bind>
</comp>

<comp id="356" class="1001" name="const_356">
<pin_list>
<pin id="357" dir="1" index="0" bw="1" slack="0"/>
</pin_list>
<bind>
<StgValue><ssdm name="pseudo_moe_Pipeline_VITIS_LOOP_110_8"/></StgValue>
</bind>
</comp>

<comp id="358" class="1001" name="const_358">
<pin_list>
<pin id="359" dir="1" index="0" bw="1" slack="0"/>
</pin_list>
<bind>
<StgValue><ssdm name="pseudo_moe_Pipeline_VITIS_LOOP_116_9"/></StgValue>
</bind>
</comp>

<comp id="360" class="1001" name="const_360">
<pin_list>
<pin id="361" dir="1" index="0" bw="1" slack="0"/>
</pin_list>
<bind>
<StgValue><ssdm name="pseudo_moe_Pipeline_VITIS_LOOP_120_10"/></StgValue>
</bind>
</comp>

<comp id="362" class="1001" name="const_362">
<pin_list>
<pin id="363" dir="1" index="0" bw="1" slack="0"/>
</pin_list>
<bind>
<StgValue><ssdm name="pseudo_moe_Pipeline_VITIS_LOOP_126_11"/></StgValue>
</bind>
</comp>

<comp id="364" class="1001" name="const_364">
<pin_list>
<pin id="365" dir="1" index="0" bw="1" slack="0"/>
</pin_list>
<bind>
<StgValue><ssdm name="pseudo_moe_Pipeline_VITIS_LOOP_130_12"/></StgValue>
</bind>
</comp>

<comp id="366" class="1001" name="const_366">
<pin_list>
<pin id="367" dir="1" index="0" bw="1" slack="0"/>
</pin_list>
<bind>
<StgValue><ssdm name="pseudo_moe_Pipeline_VITIS_LOOP_136_13"/></StgValue>
</bind>
</comp>

<comp id="368" class="1001" name="const_368">
<pin_list>
<pin id="369" dir="1" index="0" bw="1" slack="0"/>
</pin_list>
<bind>
<StgValue><ssdm name="pseudo_moe_Pipeline_VITIS_LOOP_140_14"/></StgValue>
</bind>
</comp>

<comp id="370" class="1004" name="n_fu_370">
<pin_list>
<pin id="371" dir="0" index="0" bw="1" slack="0"/>
<pin id="372" dir="1" index="1" bw="4" slack="0"/>
</pin_list>
<bind>
<opcode="alloca(26) " fcode="alloca"/>
<opset="n/1 "/>
</bind>
</comp>

<comp id="374" class="1004" name="exp_values_0_05_fu_374">
<pin_list>
<pin id="375" dir="0" index="0" bw="1" slack="0"/>
<pin id="376" dir="1" index="1" bw="32" slack="18"/>
</pin_list>
<bind>
<opcode="alloca(26) " fcode="alloca"/>
<opset="exp_values_0_05/1 "/>
</bind>
</comp>

<comp id="378" class="1004" name="exp_values_1_06_fu_378">
<pin_list>
<pin id="379" dir="0" index="0" bw="1" slack="0"/>
<pin id="380" dir="1" index="1" bw="32" slack="18"/>
</pin_list>
<bind>
<opcode="alloca(26) " fcode="alloca"/>
<opset="exp_values_1_06/1 "/>
</bind>
</comp>

<comp id="382" class="1004" name="exp_values_2_07_fu_382">
<pin_list>
<pin id="383" dir="0" index="0" bw="1" slack="0"/>
<pin id="384" dir="1" index="1" bw="32" slack="18"/>
</pin_list>
<bind>
<opcode="alloca(26) " fcode="alloca"/>
<opset="exp_values_2_07/1 "/>
</bind>
</comp>

<comp id="386" class="1004" name="exp_values_3_08_fu_386">
<pin_list>
<pin id="387" dir="0" index="0" bw="1" slack="0"/>
<pin id="388" dir="1" index="1" bw="32" slack="18"/>
</pin_list>
<bind>
<opcode="alloca(26) " fcode="alloca"/>
<opset="exp_values_3_08/1 "/>
</bind>
</comp>

<comp id="390" class="1004" name="logits_0_01_fu_390">
<pin_list>
<pin id="391" dir="0" index="0" bw="1" slack="0"/>
<pin id="392" dir="1" index="1" bw="32" slack="18"/>
</pin_list>
<bind>
<opcode="alloca(26) " fcode="alloca"/>
<opset="logits_0_01/1 "/>
</bind>
</comp>

<comp id="394" class="1004" name="logits_1_02_fu_394">
<pin_list>
<pin id="395" dir="0" index="0" bw="1" slack="0"/>
<pin id="396" dir="1" index="1" bw="32" slack="18"/>
</pin_list>
<bind>
<opcode="alloca(26) " fcode="alloca"/>
<opset="logits_1_02/1 "/>
</bind>
</comp>

<comp id="398" class="1004" name="logits_2_03_fu_398">
<pin_list>
<pin id="399" dir="0" index="0" bw="1" slack="0"/>
<pin id="400" dir="1" index="1" bw="32" slack="18"/>
</pin_list>
<bind>
<opcode="alloca(26) " fcode="alloca"/>
<opset="logits_2_03/1 "/>
</bind>
</comp>

<comp id="402" class="1004" name="logits_3_04_fu_402">
<pin_list>
<pin id="403" dir="0" index="0" bw="1" slack="0"/>
<pin id="404" dir="1" index="1" bw="32" slack="18"/>
</pin_list>
<bind>
<opcode="alloca(26) " fcode="alloca"/>
<opset="logits_3_04/1 "/>
</bind>
</comp>

<comp id="406" class="1004" name="exp_sum_loc_fu_406">
<pin_list>
<pin id="407" dir="0" index="0" bw="1" slack="0"/>
<pin id="408" dir="1" index="1" bw="32" slack="18"/>
</pin_list>
<bind>
<opcode="alloca(26) " fcode="alloca"/>
<opset="exp_sum_loc/1 "/>
</bind>
</comp>

<comp id="410" class="1004" name="exp_values_0_1_loc_fu_410">
<pin_list>
<pin id="411" dir="0" index="0" bw="1" slack="0"/>
<pin id="412" dir="1" index="1" bw="32" slack="18"/>
</pin_list>
<bind>
<opcode="alloca(26) " fcode="alloca"/>
<opset="exp_values_0_1_loc/1 "/>
</bind>
</comp>

<comp id="414" class="1004" name="exp_values_1_1_loc_fu_414">
<pin_list>
<pin id="415" dir="0" index="0" bw="1" slack="0"/>
<pin id="416" dir="1" index="1" bw="32" slack="18"/>
</pin_list>
<bind>
<opcode="alloca(26) " fcode="alloca"/>
<opset="exp_values_1_1_loc/1 "/>
</bind>
</comp>

<comp id="418" class="1004" name="exp_values_2_1_loc_fu_418">
<pin_list>
<pin id="419" dir="0" index="0" bw="1" slack="0"/>
<pin id="420" dir="1" index="1" bw="32" slack="18"/>
</pin_list>
<bind>
<opcode="alloca(26) " fcode="alloca"/>
<opset="exp_values_2_1_loc/1 "/>
</bind>
</comp>

<comp id="422" class="1004" name="exp_values_3_1_loc_fu_422">
<pin_list>
<pin id="423" dir="0" index="0" bw="1" slack="0"/>
<pin id="424" dir="1" index="1" bw="32" slack="18"/>
</pin_list>
<bind>
<opcode="alloca(26) " fcode="alloca"/>
<opset="exp_values_3_1_loc/1 "/>
</bind>
</comp>

<comp id="426" class="1004" name="p_loc30_fu_426">
<pin_list>
<pin id="427" dir="0" index="0" bw="1" slack="0"/>
<pin id="428" dir="1" index="1" bw="32" slack="18"/>
</pin_list>
<bind>
<opcode="alloca(26) " fcode="alloca"/>
<opset="p_loc30/1 "/>
</bind>
</comp>

<comp id="430" class="1004" name="p_loc29_fu_430">
<pin_list>
<pin id="431" dir="0" index="0" bw="1" slack="0"/>
<pin id="432" dir="1" index="1" bw="32" slack="18"/>
</pin_list>
<bind>
<opcode="alloca(26) " fcode="alloca"/>
<opset="p_loc29/1 "/>
</bind>
</comp>

<comp id="434" class="1004" name="p_loc28_fu_434">
<pin_list>
<pin id="435" dir="0" index="0" bw="1" slack="0"/>
<pin id="436" dir="1" index="1" bw="32" slack="18"/>
</pin_list>
<bind>
<opcode="alloca(26) " fcode="alloca"/>
<opset="p_loc28/1 "/>
</bind>
</comp>

<comp id="438" class="1004" name="p_loc_fu_438">
<pin_list>
<pin id="439" dir="0" index="0" bw="1" slack="0"/>
<pin id="440" dir="1" index="1" bw="32" slack="18"/>
</pin_list>
<bind>
<opcode="alloca(26) " fcode="alloca"/>
<opset="p_loc/1 "/>
</bind>
</comp>

<comp id="442" class="1004" name="x_alloca_fu_442">
<pin_list>
<pin id="443" dir="0" index="0" bw="1" slack="0"/>
<pin id="444" dir="1" index="1" bw="32" slack="2147483647"/>
</pin_list>
<bind>
<opcode="alloca(26) " fcode="alloca"/>
<opset="x/1 "/>
</bind>
</comp>

<comp id="446" class="1004" name="expert_result_alloca_fu_446">
<pin_list>
<pin id="447" dir="0" index="0" bw="1" slack="0"/>
<pin id="448" dir="1" index="1" bw="32" slack="2147483647"/>
</pin_list>
<bind>
<opcode="alloca(26) " fcode="alloca"/>
<opset="expert_result/1 "/>
</bind>
</comp>

<comp id="450" class="1004" name="output_r_read_read_fu_450">
<pin_list>
<pin id="451" dir="0" index="0" bw="64" slack="0"/>
<pin id="452" dir="0" index="1" bw="64" slack="0"/>
<pin id="453" dir="1" index="2" bw="64" slack="18"/>
</pin_list>
<bind>
<opcode="read(1150) " fcode="read"/>
<opset="output_r_read/1 "/>
</bind>
</comp>

<comp id="456" class="1004" name="gates_out_read_read_fu_456">
<pin_list>
<pin id="457" dir="0" index="0" bw="64" slack="0"/>
<pin id="458" dir="0" index="1" bw="64" slack="0"/>
<pin id="459" dir="1" index="2" bw="64" slack="18"/>
</pin_list>
<bind>
<opcode="read(1150) " fcode="read"/>
<opset="gates_out_read/1 "/>
</bind>
</comp>

<comp id="462" class="1004" name="b3_read_read_fu_462">
<pin_list>
<pin id="463" dir="0" index="0" bw="64" slack="0"/>
<pin id="464" dir="0" index="1" bw="64" slack="0"/>
<pin id="465" dir="1" index="2" bw="64" slack="0"/>
</pin_list>
<bind>
<opcode="read(1150) " fcode="read"/>
<opset="b3_read/1 "/>
</bind>
</comp>

<comp id="468" class="1004" name="w3_read_read_fu_468">
<pin_list>
<pin id="469" dir="0" index="0" bw="64" slack="0"/>
<pin id="470" dir="0" index="1" bw="64" slack="0"/>
<pin id="471" dir="1" index="2" bw="64" slack="0"/>
</pin_list>
<bind>
<opcode="read(1150) " fcode="read"/>
<opset="w3_read/1 "/>
</bind>
</comp>

<comp id="474" class="1004" name="b2_read_read_fu_474">
<pin_list>
<pin id="475" dir="0" index="0" bw="64" slack="0"/>
<pin id="476" dir="0" index="1" bw="64" slack="0"/>
<pin id="477" dir="1" index="2" bw="64" slack="0"/>
</pin_list>
<bind>
<opcode="read(1150) " fcode="read"/>
<opset="b2_read/1 "/>
</bind>
</comp>

<comp id="480" class="1004" name="w2_read_read_fu_480">
<pin_list>
<pin id="481" dir="0" index="0" bw="64" slack="0"/>
<pin id="482" dir="0" index="1" bw="64" slack="0"/>
<pin id="483" dir="1" index="2" bw="64" slack="0"/>
</pin_list>
<bind>
<opcode="read(1150) " fcode="read"/>
<opset="w2_read/1 "/>
</bind>
</comp>

<comp id="486" class="1004" name="b1_read_read_fu_486">
<pin_list>
<pin id="487" dir="0" index="0" bw="64" slack="0"/>
<pin id="488" dir="0" index="1" bw="64" slack="0"/>
<pin id="489" dir="1" index="2" bw="64" slack="0"/>
</pin_list>
<bind>
<opcode="read(1150) " fcode="read"/>
<opset="b1_read/1 "/>
</bind>
</comp>

<comp id="492" class="1004" name="w1_read_read_fu_492">
<pin_list>
<pin id="493" dir="0" index="0" bw="64" slack="0"/>
<pin id="494" dir="0" index="1" bw="64" slack="0"/>
<pin id="495" dir="1" index="2" bw="64" slack="0"/>
</pin_list>
<bind>
<opcode="read(1150) " fcode="read"/>
<opset="w1_read/1 "/>
</bind>
</comp>

<comp id="498" class="1004" name="b0_read_read_fu_498">
<pin_list>
<pin id="499" dir="0" index="0" bw="64" slack="0"/>
<pin id="500" dir="0" index="1" bw="64" slack="0"/>
<pin id="501" dir="1" index="2" bw="64" slack="0"/>
</pin_list>
<bind>
<opcode="read(1150) " fcode="read"/>
<opset="b0_read/1 "/>
</bind>
</comp>

<comp id="504" class="1004" name="w0_read_read_fu_504">
<pin_list>
<pin id="505" dir="0" index="0" bw="64" slack="0"/>
<pin id="506" dir="0" index="1" bw="64" slack="0"/>
<pin id="507" dir="1" index="2" bw="64" slack="0"/>
</pin_list>
<bind>
<opcode="read(1150) " fcode="read"/>
<opset="w0_read/1 "/>
</bind>
</comp>

<comp id="510" class="1004" name="b_gate_read_read_fu_510">
<pin_list>
<pin id="511" dir="0" index="0" bw="64" slack="0"/>
<pin id="512" dir="0" index="1" bw="64" slack="0"/>
<pin id="513" dir="1" index="2" bw="64" slack="0"/>
</pin_list>
<bind>
<opcode="read(1150) " fcode="read"/>
<opset="b_gate_read/1 "/>
</bind>
</comp>

<comp id="516" class="1004" name="w_gate_read_read_fu_516">
<pin_list>
<pin id="517" dir="0" index="0" bw="64" slack="0"/>
<pin id="518" dir="0" index="1" bw="64" slack="0"/>
<pin id="519" dir="1" index="2" bw="64" slack="0"/>
</pin_list>
<bind>
<opcode="read(1150) " fcode="read"/>
<opset="w_gate_read/1 "/>
</bind>
</comp>

<comp id="522" class="1004" name="input_r_read_read_fu_522">
<pin_list>
<pin id="523" dir="0" index="0" bw="64" slack="0"/>
<pin id="524" dir="0" index="1" bw="64" slack="0"/>
<pin id="525" dir="1" index="2" bw="64" slack="0"/>
</pin_list>
<bind>
<opcode="read(1150) " fcode="read"/>
<opset="input_r_read/1 "/>
</bind>
</comp>

<comp id="528" class="1004" name="grp_readreq_fu_528">
<pin_list>
<pin id="529" dir="0" index="0" bw="1" slack="0"/>
<pin id="530" dir="0" index="1" bw="32" slack="0"/>
<pin id="531" dir="0" index="2" bw="11" slack="0"/>
<pin id="532" dir="1" index="3" bw="1" slack="2147483647"/>
</pin_list>
<bind>
<opcode="readreq(1154) " fcode="readreq"/>
<opset="empty/2 "/>
</bind>
</comp>

<comp id="535" class="1004" name="grp_readreq_fu_535">
<pin_list>
<pin id="536" dir="0" index="0" bw="1" slack="0"/>
<pin id="537" dir="0" index="1" bw="32" slack="2"/>
<pin id="538" dir="0" index="2" bw="10" slack="0"/>
<pin id="539" dir="1" index="3" bw="1" slack="2147483647"/>
</pin_list>
<bind>
<opcode="readreq(1154) " fcode="readreq"/>
<opset="empty_59/11 "/>
</bind>
</comp>

<comp id="542" class="1004" name="grp_readreq_fu_542">
<pin_list>
<pin id="543" dir="0" index="0" bw="1" slack="0"/>
<pin id="544" dir="0" index="1" bw="32" slack="10"/>
<pin id="545" dir="0" index="2" bw="4" slack="0"/>
<pin id="546" dir="1" index="3" bw="1" slack="2147483647"/>
</pin_list>
<bind>
<opcode="readreq(1154) " fcode="readreq"/>
<opset="empty_60/11 "/>
</bind>
</comp>

<comp id="549" class="1004" name="gmem2_addr_read_read_fu_549">
<pin_list>
<pin id="550" dir="0" index="0" bw="32" slack="0"/>
<pin id="551" dir="0" index="1" bw="32" slack="19"/>
<pin id="552" dir="1" index="2" bw="32" slack="1"/>
</pin_list>
<bind>
<opcode="read(1150) " fcode="read"/>
<opset="gmem2_addr_read/20 "/>
</bind>
</comp>

<comp id="554" class="1004" name="grp_readreq_fu_554">
<pin_list>
<pin id="555" dir="0" index="0" bw="1" slack="0"/>
<pin id="556" dir="0" index="1" bw="32" slack="0"/>
<pin id="557" dir="0" index="2" bw="4" slack="0"/>
<pin id="558" dir="1" index="3" bw="1" slack="2147483647"/>
</pin_list>
<bind>
<opcode="readreq(1154) writereq(1155) writeresp(1158) " fcode="readreq"/>
<opset="empty_62/30 empty_64/33 gmem11_load_req/38 "/>
</bind>
</comp>

<comp id="561" class="1004" name="grp_writeresp_fu_561">
<pin_list>
<pin id="562" dir="0" index="0" bw="1" slack="0"/>
<pin id="563" dir="0" index="1" bw="32" slack="0"/>
<pin id="564" dir="0" index="2" bw="8" slack="0"/>
<pin id="565" dir="1" index="3" bw="1" slack="2147483647"/>
</pin_list>
<bind>
<opcode="writereq(1155) writeresp(1158) " fcode="writeresp"/>
<opset="empty_65/30 empty_66/33 "/>
</bind>
</comp>

<comp id="570" class="1004" name="grp_readreq_fu_570">
<pin_list>
<pin id="571" dir="0" index="0" bw="1" slack="0"/>
<pin id="572" dir="0" index="1" bw="32" slack="19"/>
<pin id="573" dir="0" index="2" bw="14" slack="0"/>
<pin id="574" dir="1" index="3" bw="1" slack="2147483647"/>
</pin_list>
<bind>
<opcode="readreq(1154) " fcode="readreq"/>
<opset="empty_67/38 "/>
</bind>
</comp>

<comp id="577" class="1004" name="grp_readreq_fu_577">
<pin_list>
<pin id="578" dir="0" index="0" bw="1" slack="0"/>
<pin id="579" dir="0" index="1" bw="32" slack="19"/>
<pin id="580" dir="0" index="2" bw="8" slack="0"/>
<pin id="581" dir="1" index="3" bw="1" slack="2147483647"/>
</pin_list>
<bind>
<opcode="readreq(1154) " fcode="readreq"/>
<opset="empty_68/38 "/>
</bind>
</comp>

<comp id="586" class="1004" name="grp_readreq_fu_586">
<pin_list>
<pin id="587" dir="0" index="0" bw="1" slack="0"/>
<pin id="588" dir="0" index="1" bw="32" slack="19"/>
<pin id="589" dir="0" index="2" bw="14" slack="0"/>
<pin id="590" dir="1" index="3" bw="1" slack="2147483647"/>
</pin_list>
<bind>
<opcode="readreq(1154) " fcode="readreq"/>
<opset="empty_70/38 "/>
</bind>
</comp>

<comp id="593" class="1004" name="grp_readreq_fu_593">
<pin_list>
<pin id="594" dir="0" index="0" bw="1" slack="0"/>
<pin id="595" dir="0" index="1" bw="32" slack="19"/>
<pin id="596" dir="0" index="2" bw="8" slack="0"/>
<pin id="597" dir="1" index="3" bw="1" slack="2147483647"/>
</pin_list>
<bind>
<opcode="readreq(1154) " fcode="readreq"/>
<opset="empty_71/38 "/>
</bind>
</comp>

<comp id="600" class="1004" name="grp_readreq_fu_600">
<pin_list>
<pin id="601" dir="0" index="0" bw="1" slack="0"/>
<pin id="602" dir="0" index="1" bw="32" slack="19"/>
<pin id="603" dir="0" index="2" bw="14" slack="0"/>
<pin id="604" dir="1" index="3" bw="1" slack="2147483647"/>
</pin_list>
<bind>
<opcode="readreq(1154) " fcode="readreq"/>
<opset="empty_75/38 "/>
</bind>
</comp>

<comp id="607" class="1004" name="grp_readreq_fu_607">
<pin_list>
<pin id="608" dir="0" index="0" bw="1" slack="0"/>
<pin id="609" dir="0" index="1" bw="32" slack="19"/>
<pin id="610" dir="0" index="2" bw="8" slack="0"/>
<pin id="611" dir="1" index="3" bw="1" slack="2147483647"/>
</pin_list>
<bind>
<opcode="readreq(1154) " fcode="readreq"/>
<opset="empty_76/38 "/>
</bind>
</comp>

<comp id="614" class="1004" name="grp_readreq_fu_614">
<pin_list>
<pin id="615" dir="0" index="0" bw="1" slack="0"/>
<pin id="616" dir="0" index="1" bw="32" slack="19"/>
<pin id="617" dir="0" index="2" bw="14" slack="0"/>
<pin id="618" dir="1" index="3" bw="1" slack="2147483647"/>
</pin_list>
<bind>
<opcode="readreq(1154) " fcode="readreq"/>
<opset="empty_80/38 "/>
</bind>
</comp>

<comp id="621" class="1004" name="grp_readreq_fu_621">
<pin_list>
<pin id="622" dir="0" index="0" bw="1" slack="0"/>
<pin id="623" dir="0" index="1" bw="32" slack="19"/>
<pin id="624" dir="0" index="2" bw="8" slack="0"/>
<pin id="625" dir="1" index="3" bw="1" slack="2147483647"/>
</pin_list>
<bind>
<opcode="readreq(1154) " fcode="readreq"/>
<opset="empty_81/38 "/>
</bind>
</comp>

<comp id="628" class="1004" name="grp_readreq_fu_628">
<pin_list>
<pin id="629" dir="0" index="0" bw="1" slack="0"/>
<pin id="630" dir="0" index="1" bw="32" slack="1"/>
<pin id="631" dir="0" index="2" bw="1" slack="0"/>
<pin id="632" dir="1" index="3" bw="1" slack="2147483647"/>
</pin_list>
<bind>
<opcode="readreq(1154) " fcode="readreq"/>
<opset="gmem11_load_1_req/43 "/>
</bind>
</comp>

<comp id="635" class="1004" name="grp_readreq_fu_635">
<pin_list>
<pin id="636" dir="0" index="0" bw="1" slack="0"/>
<pin id="637" dir="0" index="1" bw="32" slack="2"/>
<pin id="638" dir="0" index="2" bw="1" slack="0"/>
<pin id="639" dir="1" index="3" bw="1" slack="2147483647"/>
</pin_list>
<bind>
<opcode="readreq(1154) " fcode="readreq"/>
<opset="gmem11_load_2_req/44 "/>
</bind>
</comp>

<comp id="642" class="1004" name="grp_readreq_fu_642">
<pin_list>
<pin id="643" dir="0" index="0" bw="1" slack="0"/>
<pin id="644" dir="0" index="1" bw="32" slack="3"/>
<pin id="645" dir="0" index="2" bw="1" slack="0"/>
<pin id="646" dir="1" index="3" bw="1" slack="2147483647"/>
</pin_list>
<bind>
<opcode="readreq(1154) " fcode="readreq"/>
<opset="gmem11_load_3_req/45 "/>
</bind>
</comp>

<comp id="649" class="1004" name="gmem11_addr_read_read_fu_649">
<pin_list>
<pin id="650" dir="0" index="0" bw="32" slack="0"/>
<pin id="651" dir="0" index="1" bw="32" slack="17"/>
<pin id="652" dir="1" index="2" bw="32" slack="1"/>
</pin_list>
<bind>
<opcode="read(1150) " fcode="read"/>
<opset="gmem11_addr_read/47 "/>
</bind>
</comp>

<comp id="654" class="1004" name="gmem11_addr_1_read_read_fu_654">
<pin_list>
<pin id="655" dir="0" index="0" bw="32" slack="0"/>
<pin id="656" dir="0" index="1" bw="32" slack="9"/>
<pin id="657" dir="1" index="2" bw="32" slack="1"/>
</pin_list>
<bind>
<opcode="read(1150) " fcode="read"/>
<opset="gmem11_addr_1_read/51 "/>
</bind>
</comp>

<comp id="659" class="1004" name="gmem11_addr_2_read_read_fu_659">
<pin_list>
<pin id="660" dir="0" index="0" bw="32" slack="0"/>
<pin id="661" dir="0" index="1" bw="32" slack="13"/>
<pin id="662" dir="1" index="2" bw="32" slack="1"/>
</pin_list>
<bind>
<opcode="read(1150) " fcode="read"/>
<opset="gmem11_addr_2_read/55 "/>
</bind>
</comp>

<comp id="664" class="1004" name="gmem11_addr_3_read_read_fu_664">
<pin_list>
<pin id="665" dir="0" index="0" bw="32" slack="0"/>
<pin id="666" dir="0" index="1" bw="32" slack="17"/>
<pin id="667" dir="1" index="2" bw="32" slack="1"/>
</pin_list>
<bind>
<opcode="read(1150) " fcode="read"/>
<opset="gmem11_addr_3_read/59 "/>
</bind>
</comp>

<comp id="669" class="1004" name="x_addr_gep_fu_669">
<pin_list>
<pin id="670" dir="0" index="0" bw="32" slack="2147483647"/>
<pin id="671" dir="0" index="1" bw="1" slack="0"/>
<pin id="672" dir="0" index="2" bw="1" slack="0"/>
<pin id="673" dir="1" index="3" bw="6" slack="23"/>
</pin_list>
<bind>
<opcode="getelementptr(29) " fcode="getelementptr"/>
<opset="x_addr/9 "/>
</bind>
</comp>

<comp id="676" class="1004" name="x_addr_1_gep_fu_676">
<pin_list>
<pin id="677" dir="0" index="0" bw="32" slack="2147483647"/>
<pin id="678" dir="0" index="1" bw="1" slack="0"/>
<pin id="679" dir="0" index="2" bw="1" slack="0"/>
<pin id="680" dir="1" index="3" bw="6" slack="23"/>
</pin_list>
<bind>
<opcode="getelementptr(29) " fcode="getelementptr"/>
<opset="x_addr_1/9 "/>
</bind>
</comp>

<comp id="683" class="1004" name="x_addr_2_gep_fu_683">
<pin_list>
<pin id="684" dir="0" index="0" bw="32" slack="2147483647"/>
<pin id="685" dir="0" index="1" bw="1" slack="0"/>
<pin id="686" dir="0" index="2" bw="3" slack="0"/>
<pin id="687" dir="1" index="3" bw="6" slack="23"/>
</pin_list>
<bind>
<opcode="getelementptr(29) " fcode="getelementptr"/>
<opset="x_addr_2/9 "/>
</bind>
</comp>

<comp id="690" class="1004" name="x_addr_3_gep_fu_690">
<pin_list>
<pin id="691" dir="0" index="0" bw="32" slack="2147483647"/>
<pin id="692" dir="0" index="1" bw="1" slack="0"/>
<pin id="693" dir="0" index="2" bw="3" slack="0"/>
<pin id="694" dir="1" index="3" bw="6" slack="23"/>
</pin_list>
<bind>
<opcode="getelementptr(29) " fcode="getelementptr"/>
<opset="x_addr_3/9 "/>
</bind>
</comp>

<comp id="697" class="1004" name="x_addr_4_gep_fu_697">
<pin_list>
<pin id="698" dir="0" index="0" bw="32" slack="2147483647"/>
<pin id="699" dir="0" index="1" bw="1" slack="0"/>
<pin id="700" dir="0" index="2" bw="4" slack="0"/>
<pin id="701" dir="1" index="3" bw="6" slack="23"/>
</pin_list>
<bind>
<opcode="getelementptr(29) " fcode="getelementptr"/>
<opset="x_addr_4/9 "/>
</bind>
</comp>

<comp id="704" class="1004" name="x_addr_5_gep_fu_704">
<pin_list>
<pin id="705" dir="0" index="0" bw="32" slack="2147483647"/>
<pin id="706" dir="0" index="1" bw="1" slack="0"/>
<pin id="707" dir="0" index="2" bw="4" slack="0"/>
<pin id="708" dir="1" index="3" bw="6" slack="23"/>
</pin_list>
<bind>
<opcode="getelementptr(29) " fcode="getelementptr"/>
<opset="x_addr_5/9 "/>
</bind>
</comp>

<comp id="711" class="1004" name="x_addr_6_gep_fu_711">
<pin_list>
<pin id="712" dir="0" index="0" bw="32" slack="2147483647"/>
<pin id="713" dir="0" index="1" bw="1" slack="0"/>
<pin id="714" dir="0" index="2" bw="4" slack="0"/>
<pin id="715" dir="1" index="3" bw="6" slack="23"/>
</pin_list>
<bind>
<opcode="getelementptr(29) " fcode="getelementptr"/>
<opset="x_addr_6/9 "/>
</bind>
</comp>

<comp id="718" class="1004" name="x_addr_7_gep_fu_718">
<pin_list>
<pin id="719" dir="0" index="0" bw="32" slack="2147483647"/>
<pin id="720" dir="0" index="1" bw="1" slack="0"/>
<pin id="721" dir="0" index="2" bw="4" slack="0"/>
<pin id="722" dir="1" index="3" bw="6" slack="23"/>
</pin_list>
<bind>
<opcode="getelementptr(29) " fcode="getelementptr"/>
<opset="x_addr_7/9 "/>
</bind>
</comp>

<comp id="725" class="1004" name="x_addr_8_gep_fu_725">
<pin_list>
<pin id="726" dir="0" index="0" bw="32" slack="2147483647"/>
<pin id="727" dir="0" index="1" bw="1" slack="0"/>
<pin id="728" dir="0" index="2" bw="5" slack="0"/>
<pin id="729" dir="1" index="3" bw="6" slack="23"/>
</pin_list>
<bind>
<opcode="getelementptr(29) " fcode="getelementptr"/>
<opset="x_addr_8/9 "/>
</bind>
</comp>

<comp id="732" class="1004" name="x_addr_9_gep_fu_732">
<pin_list>
<pin id="733" dir="0" index="0" bw="32" slack="2147483647"/>
<pin id="734" dir="0" index="1" bw="1" slack="0"/>
<pin id="735" dir="0" index="2" bw="5" slack="0"/>
<pin id="736" dir="1" index="3" bw="6" slack="23"/>
</pin_list>
<bind>
<opcode="getelementptr(29) " fcode="getelementptr"/>
<opset="x_addr_9/9 "/>
</bind>
</comp>

<comp id="739" class="1004" name="x_addr_10_gep_fu_739">
<pin_list>
<pin id="740" dir="0" index="0" bw="32" slack="2147483647"/>
<pin id="741" dir="0" index="1" bw="1" slack="0"/>
<pin id="742" dir="0" index="2" bw="5" slack="0"/>
<pin id="743" dir="1" index="3" bw="6" slack="23"/>
</pin_list>
<bind>
<opcode="getelementptr(29) " fcode="getelementptr"/>
<opset="x_addr_10/9 "/>
</bind>
</comp>

<comp id="746" class="1004" name="x_addr_11_gep_fu_746">
<pin_list>
<pin id="747" dir="0" index="0" bw="32" slack="2147483647"/>
<pin id="748" dir="0" index="1" bw="1" slack="0"/>
<pin id="749" dir="0" index="2" bw="5" slack="0"/>
<pin id="750" dir="1" index="3" bw="6" slack="23"/>
</pin_list>
<bind>
<opcode="getelementptr(29) " fcode="getelementptr"/>
<opset="x_addr_11/9 "/>
</bind>
</comp>

<comp id="753" class="1004" name="x_addr_12_gep_fu_753">
<pin_list>
<pin id="754" dir="0" index="0" bw="32" slack="2147483647"/>
<pin id="755" dir="0" index="1" bw="1" slack="0"/>
<pin id="756" dir="0" index="2" bw="5" slack="0"/>
<pin id="757" dir="1" index="3" bw="6" slack="23"/>
</pin_list>
<bind>
<opcode="getelementptr(29) " fcode="getelementptr"/>
<opset="x_addr_12/9 "/>
</bind>
</comp>

<comp id="760" class="1004" name="x_addr_13_gep_fu_760">
<pin_list>
<pin id="761" dir="0" index="0" bw="32" slack="2147483647"/>
<pin id="762" dir="0" index="1" bw="1" slack="0"/>
<pin id="763" dir="0" index="2" bw="5" slack="0"/>
<pin id="764" dir="1" index="3" bw="6" slack="24"/>
</pin_list>
<bind>
<opcode="getelementptr(29) " fcode="getelementptr"/>
<opset="x_addr_13/9 "/>
</bind>
</comp>

<comp id="767" class="1004" name="x_addr_14_gep_fu_767">
<pin_list>
<pin id="768" dir="0" index="0" bw="32" slack="2147483647"/>
<pin id="769" dir="0" index="1" bw="1" slack="0"/>
<pin id="770" dir="0" index="2" bw="5" slack="0"/>
<pin id="771" dir="1" index="3" bw="6" slack="24"/>
</pin_list>
<bind>
<opcode="getelementptr(29) " fcode="getelementptr"/>
<opset="x_addr_14/9 "/>
</bind>
</comp>

<comp id="774" class="1004" name="x_addr_15_gep_fu_774">
<pin_list>
<pin id="775" dir="0" index="0" bw="32" slack="2147483647"/>
<pin id="776" dir="0" index="1" bw="1" slack="0"/>
<pin id="777" dir="0" index="2" bw="5" slack="0"/>
<pin id="778" dir="1" index="3" bw="6" slack="24"/>
</pin_list>
<bind>
<opcode="getelementptr(29) " fcode="getelementptr"/>
<opset="x_addr_15/9 "/>
</bind>
</comp>

<comp id="781" class="1004" name="x_addr_16_gep_fu_781">
<pin_list>
<pin id="782" dir="0" index="0" bw="32" slack="2147483647"/>
<pin id="783" dir="0" index="1" bw="1" slack="0"/>
<pin id="784" dir="0" index="2" bw="6" slack="0"/>
<pin id="785" dir="1" index="3" bw="6" slack="24"/>
</pin_list>
<bind>
<opcode="getelementptr(29) " fcode="getelementptr"/>
<opset="x_addr_16/9 "/>
</bind>
</comp>

<comp id="788" class="1004" name="x_addr_17_gep_fu_788">
<pin_list>
<pin id="789" dir="0" index="0" bw="32" slack="2147483647"/>
<pin id="790" dir="0" index="1" bw="1" slack="0"/>
<pin id="791" dir="0" index="2" bw="6" slack="0"/>
<pin id="792" dir="1" index="3" bw="6" slack="24"/>
</pin_list>
<bind>
<opcode="getelementptr(29) " fcode="getelementptr"/>
<opset="x_addr_17/9 "/>
</bind>
</comp>

<comp id="795" class="1004" name="x_addr_18_gep_fu_795">
<pin_list>
<pin id="796" dir="0" index="0" bw="32" slack="2147483647"/>
<pin id="797" dir="0" index="1" bw="1" slack="0"/>
<pin id="798" dir="0" index="2" bw="6" slack="0"/>
<pin id="799" dir="1" index="3" bw="6" slack="24"/>
</pin_list>
<bind>
<opcode="getelementptr(29) " fcode="getelementptr"/>
<opset="x_addr_18/9 "/>
</bind>
</comp>

<comp id="802" class="1004" name="x_addr_19_gep_fu_802">
<pin_list>
<pin id="803" dir="0" index="0" bw="32" slack="2147483647"/>
<pin id="804" dir="0" index="1" bw="1" slack="0"/>
<pin id="805" dir="0" index="2" bw="6" slack="0"/>
<pin id="806" dir="1" index="3" bw="6" slack="24"/>
</pin_list>
<bind>
<opcode="getelementptr(29) " fcode="getelementptr"/>
<opset="x_addr_19/9 "/>
</bind>
</comp>

<comp id="809" class="1004" name="x_addr_20_gep_fu_809">
<pin_list>
<pin id="810" dir="0" index="0" bw="32" slack="2147483647"/>
<pin id="811" dir="0" index="1" bw="1" slack="0"/>
<pin id="812" dir="0" index="2" bw="6" slack="0"/>
<pin id="813" dir="1" index="3" bw="6" slack="24"/>
</pin_list>
<bind>
<opcode="getelementptr(29) " fcode="getelementptr"/>
<opset="x_addr_20/9 "/>
</bind>
</comp>

<comp id="816" class="1004" name="x_addr_21_gep_fu_816">
<pin_list>
<pin id="817" dir="0" index="0" bw="32" slack="2147483647"/>
<pin id="818" dir="0" index="1" bw="1" slack="0"/>
<pin id="819" dir="0" index="2" bw="6" slack="0"/>
<pin id="820" dir="1" index="3" bw="6" slack="24"/>
</pin_list>
<bind>
<opcode="getelementptr(29) " fcode="getelementptr"/>
<opset="x_addr_21/9 "/>
</bind>
</comp>

<comp id="823" class="1004" name="x_addr_22_gep_fu_823">
<pin_list>
<pin id="824" dir="0" index="0" bw="32" slack="2147483647"/>
<pin id="825" dir="0" index="1" bw="1" slack="0"/>
<pin id="826" dir="0" index="2" bw="6" slack="0"/>
<pin id="827" dir="1" index="3" bw="6" slack="24"/>
</pin_list>
<bind>
<opcode="getelementptr(29) " fcode="getelementptr"/>
<opset="x_addr_22/9 "/>
</bind>
</comp>

<comp id="830" class="1004" name="x_addr_23_gep_fu_830">
<pin_list>
<pin id="831" dir="0" index="0" bw="32" slack="2147483647"/>
<pin id="832" dir="0" index="1" bw="1" slack="0"/>
<pin id="833" dir="0" index="2" bw="6" slack="0"/>
<pin id="834" dir="1" index="3" bw="6" slack="24"/>
</pin_list>
<bind>
<opcode="getelementptr(29) " fcode="getelementptr"/>
<opset="x_addr_23/9 "/>
</bind>
</comp>

<comp id="837" class="1004" name="x_addr_24_gep_fu_837">
<pin_list>
<pin id="838" dir="0" index="0" bw="32" slack="2147483647"/>
<pin id="839" dir="0" index="1" bw="1" slack="0"/>
<pin id="840" dir="0" index="2" bw="6" slack="0"/>
<pin id="841" dir="1" index="3" bw="6" slack="24"/>
</pin_list>
<bind>
<opcode="getelementptr(29) " fcode="getelementptr"/>
<opset="x_addr_24/9 "/>
</bind>
</comp>

<comp id="844" class="1004" name="x_addr_25_gep_fu_844">
<pin_list>
<pin id="845" dir="0" index="0" bw="32" slack="2147483647"/>
<pin id="846" dir="0" index="1" bw="1" slack="0"/>
<pin id="847" dir="0" index="2" bw="6" slack="0"/>
<pin id="848" dir="1" index="3" bw="6" slack="24"/>
</pin_list>
<bind>
<opcode="getelementptr(29) " fcode="getelementptr"/>
<opset="x_addr_25/9 "/>
</bind>
</comp>

<comp id="851" class="1004" name="x_addr_26_gep_fu_851">
<pin_list>
<pin id="852" dir="0" index="0" bw="32" slack="2147483647"/>
<pin id="853" dir="0" index="1" bw="1" slack="0"/>
<pin id="854" dir="0" index="2" bw="6" slack="0"/>
<pin id="855" dir="1" index="3" bw="6" slack="24"/>
</pin_list>
<bind>
<opcode="getelementptr(29) " fcode="getelementptr"/>
<opset="x_addr_26/9 "/>
</bind>
</comp>

<comp id="858" class="1004" name="x_addr_27_gep_fu_858">
<pin_list>
<pin id="859" dir="0" index="0" bw="32" slack="2147483647"/>
<pin id="860" dir="0" index="1" bw="1" slack="0"/>
<pin id="861" dir="0" index="2" bw="6" slack="0"/>
<pin id="862" dir="1" index="3" bw="6" slack="24"/>
</pin_list>
<bind>
<opcode="getelementptr(29) " fcode="getelementptr"/>
<opset="x_addr_27/9 "/>
</bind>
</comp>

<comp id="865" class="1004" name="x_addr_28_gep_fu_865">
<pin_list>
<pin id="866" dir="0" index="0" bw="32" slack="2147483647"/>
<pin id="867" dir="0" index="1" bw="1" slack="0"/>
<pin id="868" dir="0" index="2" bw="6" slack="0"/>
<pin id="869" dir="1" index="3" bw="6" slack="24"/>
</pin_list>
<bind>
<opcode="getelementptr(29) " fcode="getelementptr"/>
<opset="x_addr_28/9 "/>
</bind>
</comp>

<comp id="872" class="1004" name="x_addr_29_gep_fu_872">
<pin_list>
<pin id="873" dir="0" index="0" bw="32" slack="2147483647"/>
<pin id="874" dir="0" index="1" bw="1" slack="0"/>
<pin id="875" dir="0" index="2" bw="6" slack="0"/>
<pin id="876" dir="1" index="3" bw="6" slack="24"/>
</pin_list>
<bind>
<opcode="getelementptr(29) " fcode="getelementptr"/>
<opset="x_addr_29/9 "/>
</bind>
</comp>

<comp id="879" class="1004" name="x_addr_30_gep_fu_879">
<pin_list>
<pin id="880" dir="0" index="0" bw="32" slack="2147483647"/>
<pin id="881" dir="0" index="1" bw="1" slack="0"/>
<pin id="882" dir="0" index="2" bw="6" slack="0"/>
<pin id="883" dir="1" index="3" bw="6" slack="25"/>
</pin_list>
<bind>
<opcode="getelementptr(29) " fcode="getelementptr"/>
<opset="x_addr_30/9 "/>
</bind>
</comp>

<comp id="886" class="1004" name="x_addr_31_gep_fu_886">
<pin_list>
<pin id="887" dir="0" index="0" bw="32" slack="2147483647"/>
<pin id="888" dir="0" index="1" bw="1" slack="0"/>
<pin id="889" dir="0" index="2" bw="6" slack="0"/>
<pin id="890" dir="1" index="3" bw="6" slack="25"/>
</pin_list>
<bind>
<opcode="getelementptr(29) " fcode="getelementptr"/>
<opset="x_addr_31/9 "/>
</bind>
</comp>

<comp id="893" class="1004" name="x_addr_32_gep_fu_893">
<pin_list>
<pin id="894" dir="0" index="0" bw="32" slack="2147483647"/>
<pin id="895" dir="0" index="1" bw="1" slack="0"/>
<pin id="896" dir="0" index="2" bw="7" slack="0"/>
<pin id="897" dir="1" index="3" bw="6" slack="25"/>
</pin_list>
<bind>
<opcode="getelementptr(29) " fcode="getelementptr"/>
<opset="x_addr_32/9 "/>
</bind>
</comp>

<comp id="900" class="1004" name="x_addr_33_gep_fu_900">
<pin_list>
<pin id="901" dir="0" index="0" bw="32" slack="2147483647"/>
<pin id="902" dir="0" index="1" bw="1" slack="0"/>
<pin id="903" dir="0" index="2" bw="7" slack="0"/>
<pin id="904" dir="1" index="3" bw="6" slack="25"/>
</pin_list>
<bind>
<opcode="getelementptr(29) " fcode="getelementptr"/>
<opset="x_addr_33/9 "/>
</bind>
</comp>

<comp id="907" class="1004" name="x_addr_34_gep_fu_907">
<pin_list>
<pin id="908" dir="0" index="0" bw="32" slack="2147483647"/>
<pin id="909" dir="0" index="1" bw="1" slack="0"/>
<pin id="910" dir="0" index="2" bw="7" slack="0"/>
<pin id="911" dir="1" index="3" bw="6" slack="25"/>
</pin_list>
<bind>
<opcode="getelementptr(29) " fcode="getelementptr"/>
<opset="x_addr_34/9 "/>
</bind>
</comp>

<comp id="914" class="1004" name="x_addr_35_gep_fu_914">
<pin_list>
<pin id="915" dir="0" index="0" bw="32" slack="2147483647"/>
<pin id="916" dir="0" index="1" bw="1" slack="0"/>
<pin id="917" dir="0" index="2" bw="7" slack="0"/>
<pin id="918" dir="1" index="3" bw="6" slack="25"/>
</pin_list>
<bind>
<opcode="getelementptr(29) " fcode="getelementptr"/>
<opset="x_addr_35/9 "/>
</bind>
</comp>

<comp id="921" class="1004" name="x_addr_36_gep_fu_921">
<pin_list>
<pin id="922" dir="0" index="0" bw="32" slack="2147483647"/>
<pin id="923" dir="0" index="1" bw="1" slack="0"/>
<pin id="924" dir="0" index="2" bw="7" slack="0"/>
<pin id="925" dir="1" index="3" bw="6" slack="25"/>
</pin_list>
<bind>
<opcode="getelementptr(29) " fcode="getelementptr"/>
<opset="x_addr_36/9 "/>
</bind>
</comp>

<comp id="928" class="1004" name="x_addr_37_gep_fu_928">
<pin_list>
<pin id="929" dir="0" index="0" bw="32" slack="2147483647"/>
<pin id="930" dir="0" index="1" bw="1" slack="0"/>
<pin id="931" dir="0" index="2" bw="7" slack="0"/>
<pin id="932" dir="1" index="3" bw="6" slack="25"/>
</pin_list>
<bind>
<opcode="getelementptr(29) " fcode="getelementptr"/>
<opset="x_addr_37/9 "/>
</bind>
</comp>

<comp id="935" class="1004" name="x_addr_38_gep_fu_935">
<pin_list>
<pin id="936" dir="0" index="0" bw="32" slack="2147483647"/>
<pin id="937" dir="0" index="1" bw="1" slack="0"/>
<pin id="938" dir="0" index="2" bw="7" slack="0"/>
<pin id="939" dir="1" index="3" bw="6" slack="25"/>
</pin_list>
<bind>
<opcode="getelementptr(29) " fcode="getelementptr"/>
<opset="x_addr_38/9 "/>
</bind>
</comp>

<comp id="942" class="1004" name="x_addr_39_gep_fu_942">
<pin_list>
<pin id="943" dir="0" index="0" bw="32" slack="2147483647"/>
<pin id="944" dir="0" index="1" bw="1" slack="0"/>
<pin id="945" dir="0" index="2" bw="7" slack="0"/>
<pin id="946" dir="1" index="3" bw="6" slack="25"/>
</pin_list>
<bind>
<opcode="getelementptr(29) " fcode="getelementptr"/>
<opset="x_addr_39/9 "/>
</bind>
</comp>

<comp id="949" class="1004" name="x_addr_40_gep_fu_949">
<pin_list>
<pin id="950" dir="0" index="0" bw="32" slack="2147483647"/>
<pin id="951" dir="0" index="1" bw="1" slack="0"/>
<pin id="952" dir="0" index="2" bw="7" slack="0"/>
<pin id="953" dir="1" index="3" bw="6" slack="25"/>
</pin_list>
<bind>
<opcode="getelementptr(29) " fcode="getelementptr"/>
<opset="x_addr_40/9 "/>
</bind>
</comp>

<comp id="956" class="1004" name="x_addr_41_gep_fu_956">
<pin_list>
<pin id="957" dir="0" index="0" bw="32" slack="2147483647"/>
<pin id="958" dir="0" index="1" bw="1" slack="0"/>
<pin id="959" dir="0" index="2" bw="7" slack="0"/>
<pin id="960" dir="1" index="3" bw="6" slack="25"/>
</pin_list>
<bind>
<opcode="getelementptr(29) " fcode="getelementptr"/>
<opset="x_addr_41/9 "/>
</bind>
</comp>

<comp id="963" class="1004" name="x_addr_42_gep_fu_963">
<pin_list>
<pin id="964" dir="0" index="0" bw="32" slack="2147483647"/>
<pin id="965" dir="0" index="1" bw="1" slack="0"/>
<pin id="966" dir="0" index="2" bw="7" slack="0"/>
<pin id="967" dir="1" index="3" bw="6" slack="25"/>
</pin_list>
<bind>
<opcode="getelementptr(29) " fcode="getelementptr"/>
<opset="x_addr_42/9 "/>
</bind>
</comp>

<comp id="970" class="1004" name="x_addr_43_gep_fu_970">
<pin_list>
<pin id="971" dir="0" index="0" bw="32" slack="2147483647"/>
<pin id="972" dir="0" index="1" bw="1" slack="0"/>
<pin id="973" dir="0" index="2" bw="7" slack="0"/>
<pin id="974" dir="1" index="3" bw="6" slack="25"/>
</pin_list>
<bind>
<opcode="getelementptr(29) " fcode="getelementptr"/>
<opset="x_addr_43/9 "/>
</bind>
</comp>

<comp id="977" class="1004" name="x_addr_44_gep_fu_977">
<pin_list>
<pin id="978" dir="0" index="0" bw="32" slack="2147483647"/>
<pin id="979" dir="0" index="1" bw="1" slack="0"/>
<pin id="980" dir="0" index="2" bw="7" slack="0"/>
<pin id="981" dir="1" index="3" bw="6" slack="25"/>
</pin_list>
<bind>
<opcode="getelementptr(29) " fcode="getelementptr"/>
<opset="x_addr_44/9 "/>
</bind>
</comp>

<comp id="984" class="1004" name="x_addr_45_gep_fu_984">
<pin_list>
<pin id="985" dir="0" index="0" bw="32" slack="2147483647"/>
<pin id="986" dir="0" index="1" bw="1" slack="0"/>
<pin id="987" dir="0" index="2" bw="7" slack="0"/>
<pin id="988" dir="1" index="3" bw="6" slack="25"/>
</pin_list>
<bind>
<opcode="getelementptr(29) " fcode="getelementptr"/>
<opset="x_addr_45/9 "/>
</bind>
</comp>

<comp id="991" class="1004" name="x_addr_46_gep_fu_991">
<pin_list>
<pin id="992" dir="0" index="0" bw="32" slack="2147483647"/>
<pin id="993" dir="0" index="1" bw="1" slack="0"/>
<pin id="994" dir="0" index="2" bw="7" slack="0"/>
<pin id="995" dir="1" index="3" bw="6" slack="25"/>
</pin_list>
<bind>
<opcode="getelementptr(29) " fcode="getelementptr"/>
<opset="x_addr_46/9 "/>
</bind>
</comp>

<comp id="998" class="1004" name="x_addr_47_gep_fu_998">
<pin_list>
<pin id="999" dir="0" index="0" bw="32" slack="2147483647"/>
<pin id="1000" dir="0" index="1" bw="1" slack="0"/>
<pin id="1001" dir="0" index="2" bw="7" slack="0"/>
<pin id="1002" dir="1" index="3" bw="6" slack="26"/>
</pin_list>
<bind>
<opcode="getelementptr(29) " fcode="getelementptr"/>
<opset="x_addr_47/9 "/>
</bind>
</comp>

<comp id="1005" class="1004" name="x_addr_48_gep_fu_1005">
<pin_list>
<pin id="1006" dir="0" index="0" bw="32" slack="2147483647"/>
<pin id="1007" dir="0" index="1" bw="1" slack="0"/>
<pin id="1008" dir="0" index="2" bw="7" slack="0"/>
<pin id="1009" dir="1" index="3" bw="6" slack="26"/>
</pin_list>
<bind>
<opcode="getelementptr(29) " fcode="getelementptr"/>
<opset="x_addr_48/9 "/>
</bind>
</comp>

<comp id="1012" class="1004" name="x_addr_49_gep_fu_1012">
<pin_list>
<pin id="1013" dir="0" index="0" bw="32" slack="2147483647"/>
<pin id="1014" dir="0" index="1" bw="1" slack="0"/>
<pin id="1015" dir="0" index="2" bw="7" slack="0"/>
<pin id="1016" dir="1" index="3" bw="6" slack="26"/>
</pin_list>
<bind>
<opcode="getelementptr(29) " fcode="getelementptr"/>
<opset="x_addr_49/9 "/>
</bind>
</comp>

<comp id="1019" class="1004" name="x_addr_50_gep_fu_1019">
<pin_list>
<pin id="1020" dir="0" index="0" bw="32" slack="2147483647"/>
<pin id="1021" dir="0" index="1" bw="1" slack="0"/>
<pin id="1022" dir="0" index="2" bw="7" slack="0"/>
<pin id="1023" dir="1" index="3" bw="6" slack="26"/>
</pin_list>
<bind>
<opcode="getelementptr(29) " fcode="getelementptr"/>
<opset="x_addr_50/9 "/>
</bind>
</comp>

<comp id="1026" class="1004" name="x_addr_51_gep_fu_1026">
<pin_list>
<pin id="1027" dir="0" index="0" bw="32" slack="2147483647"/>
<pin id="1028" dir="0" index="1" bw="1" slack="0"/>
<pin id="1029" dir="0" index="2" bw="7" slack="0"/>
<pin id="1030" dir="1" index="3" bw="6" slack="26"/>
</pin_list>
<bind>
<opcode="getelementptr(29) " fcode="getelementptr"/>
<opset="x_addr_51/9 "/>
</bind>
</comp>

<comp id="1033" class="1004" name="x_addr_52_gep_fu_1033">
<pin_list>
<pin id="1034" dir="0" index="0" bw="32" slack="2147483647"/>
<pin id="1035" dir="0" index="1" bw="1" slack="0"/>
<pin id="1036" dir="0" index="2" bw="7" slack="0"/>
<pin id="1037" dir="1" index="3" bw="6" slack="26"/>
</pin_list>
<bind>
<opcode="getelementptr(29) " fcode="getelementptr"/>
<opset="x_addr_52/9 "/>
</bind>
</comp>

<comp id="1040" class="1004" name="x_addr_53_gep_fu_1040">
<pin_list>
<pin id="1041" dir="0" index="0" bw="32" slack="2147483647"/>
<pin id="1042" dir="0" index="1" bw="1" slack="0"/>
<pin id="1043" dir="0" index="2" bw="7" slack="0"/>
<pin id="1044" dir="1" index="3" bw="6" slack="26"/>
</pin_list>
<bind>
<opcode="getelementptr(29) " fcode="getelementptr"/>
<opset="x_addr_53/9 "/>
</bind>
</comp>

<comp id="1047" class="1004" name="x_addr_54_gep_fu_1047">
<pin_list>
<pin id="1048" dir="0" index="0" bw="32" slack="2147483647"/>
<pin id="1049" dir="0" index="1" bw="1" slack="0"/>
<pin id="1050" dir="0" index="2" bw="7" slack="0"/>
<pin id="1051" dir="1" index="3" bw="6" slack="26"/>
</pin_list>
<bind>
<opcode="getelementptr(29) " fcode="getelementptr"/>
<opset="x_addr_54/9 "/>
</bind>
</comp>

<comp id="1054" class="1004" name="x_addr_55_gep_fu_1054">
<pin_list>
<pin id="1055" dir="0" index="0" bw="32" slack="2147483647"/>
<pin id="1056" dir="0" index="1" bw="1" slack="0"/>
<pin id="1057" dir="0" index="2" bw="7" slack="0"/>
<pin id="1058" dir="1" index="3" bw="6" slack="26"/>
</pin_list>
<bind>
<opcode="getelementptr(29) " fcode="getelementptr"/>
<opset="x_addr_55/9 "/>
</bind>
</comp>

<comp id="1061" class="1004" name="x_addr_56_gep_fu_1061">
<pin_list>
<pin id="1062" dir="0" index="0" bw="32" slack="2147483647"/>
<pin id="1063" dir="0" index="1" bw="1" slack="0"/>
<pin id="1064" dir="0" index="2" bw="7" slack="0"/>
<pin id="1065" dir="1" index="3" bw="6" slack="26"/>
</pin_list>
<bind>
<opcode="getelementptr(29) " fcode="getelementptr"/>
<opset="x_addr_56/9 "/>
</bind>
</comp>

<comp id="1068" class="1004" name="x_addr_57_gep_fu_1068">
<pin_list>
<pin id="1069" dir="0" index="0" bw="32" slack="2147483647"/>
<pin id="1070" dir="0" index="1" bw="1" slack="0"/>
<pin id="1071" dir="0" index="2" bw="7" slack="0"/>
<pin id="1072" dir="1" index="3" bw="6" slack="26"/>
</pin_list>
<bind>
<opcode="getelementptr(29) " fcode="getelementptr"/>
<opset="x_addr_57/9 "/>
</bind>
</comp>

<comp id="1075" class="1004" name="x_addr_58_gep_fu_1075">
<pin_list>
<pin id="1076" dir="0" index="0" bw="32" slack="2147483647"/>
<pin id="1077" dir="0" index="1" bw="1" slack="0"/>
<pin id="1078" dir="0" index="2" bw="7" slack="0"/>
<pin id="1079" dir="1" index="3" bw="6" slack="26"/>
</pin_list>
<bind>
<opcode="getelementptr(29) " fcode="getelementptr"/>
<opset="x_addr_58/9 "/>
</bind>
</comp>

<comp id="1082" class="1004" name="x_addr_59_gep_fu_1082">
<pin_list>
<pin id="1083" dir="0" index="0" bw="32" slack="2147483647"/>
<pin id="1084" dir="0" index="1" bw="1" slack="0"/>
<pin id="1085" dir="0" index="2" bw="7" slack="0"/>
<pin id="1086" dir="1" index="3" bw="6" slack="26"/>
</pin_list>
<bind>
<opcode="getelementptr(29) " fcode="getelementptr"/>
<opset="x_addr_59/9 "/>
</bind>
</comp>

<comp id="1089" class="1004" name="x_addr_60_gep_fu_1089">
<pin_list>
<pin id="1090" dir="0" index="0" bw="32" slack="2147483647"/>
<pin id="1091" dir="0" index="1" bw="1" slack="0"/>
<pin id="1092" dir="0" index="2" bw="7" slack="0"/>
<pin id="1093" dir="1" index="3" bw="6" slack="26"/>
</pin_list>
<bind>
<opcode="getelementptr(29) " fcode="getelementptr"/>
<opset="x_addr_60/9 "/>
</bind>
</comp>

<comp id="1096" class="1004" name="x_addr_61_gep_fu_1096">
<pin_list>
<pin id="1097" dir="0" index="0" bw="32" slack="2147483647"/>
<pin id="1098" dir="0" index="1" bw="1" slack="0"/>
<pin id="1099" dir="0" index="2" bw="7" slack="0"/>
<pin id="1100" dir="1" index="3" bw="6" slack="26"/>
</pin_list>
<bind>
<opcode="getelementptr(29) " fcode="getelementptr"/>
<opset="x_addr_61/9 "/>
</bind>
</comp>

<comp id="1103" class="1004" name="x_addr_62_gep_fu_1103">
<pin_list>
<pin id="1104" dir="0" index="0" bw="32" slack="2147483647"/>
<pin id="1105" dir="0" index="1" bw="1" slack="0"/>
<pin id="1106" dir="0" index="2" bw="7" slack="0"/>
<pin id="1107" dir="1" index="3" bw="6" slack="26"/>
</pin_list>
<bind>
<opcode="getelementptr(29) " fcode="getelementptr"/>
<opset="x_addr_62/9 "/>
</bind>
</comp>

<comp id="1110" class="1004" name="x_addr_63_gep_fu_1110">
<pin_list>
<pin id="1111" dir="0" index="0" bw="32" slack="2147483647"/>
<pin id="1112" dir="0" index="1" bw="1" slack="0"/>
<pin id="1113" dir="0" index="2" bw="7" slack="0"/>
<pin id="1114" dir="1" index="3" bw="6" slack="26"/>
</pin_list>
<bind>
<opcode="getelementptr(29) " fcode="getelementptr"/>
<opset="x_addr_63/9 "/>
</bind>
</comp>

<comp id="1117" class="1004" name="grp_access_fu_1117">
<pin_list>
<pin id="1118" dir="0" index="0" bw="6" slack="23"/>
<pin id="1119" dir="0" index="1" bw="32" slack="2147483647"/>
<pin id="1120" dir="0" index="2" bw="0" slack="23"/>
<pin id="1122" dir="0" index="4" bw="6" slack="2147483647"/>
<pin id="1123" dir="0" index="5" bw="32" slack="23"/>
<pin id="1124" dir="0" index="6" bw="0" slack="2147483647"/>
<pin id="1126" dir="0" index="8" bw="6" slack="23"/>
<pin id="1127" dir="0" index="9" bw="32" slack="2147483647"/>
<pin id="1128" dir="0" index="10" bw="0" slack="23"/>
<pin id="1130" dir="0" index="12" bw="6" slack="2147483647"/>
<pin id="1131" dir="0" index="13" bw="32" slack="23"/>
<pin id="1132" dir="0" index="14" bw="0" slack="2147483647"/>
<pin id="1134" dir="0" index="16" bw="6" slack="23"/>
<pin id="1135" dir="0" index="17" bw="32" slack="2147483647"/>
<pin id="1136" dir="0" index="18" bw="0" slack="23"/>
<pin id="1138" dir="0" index="20" bw="6" slack="2147483647"/>
<pin id="1139" dir="0" index="21" bw="32" slack="23"/>
<pin id="1140" dir="0" index="22" bw="0" slack="2147483647"/>
<pin id="1142" dir="0" index="24" bw="6" slack="23"/>
<pin id="1143" dir="0" index="25" bw="32" slack="2147483647"/>
<pin id="1144" dir="0" index="26" bw="0" slack="23"/>
<pin id="1146" dir="0" index="28" bw="6" slack="2147483647"/>
<pin id="1147" dir="0" index="29" bw="32" slack="23"/>
<pin id="1148" dir="0" index="30" bw="0" slack="2147483647"/>
<pin id="1150" dir="0" index="32" bw="6" slack="23"/>
<pin id="1151" dir="0" index="33" bw="32" slack="2147483647"/>
<pin id="1152" dir="0" index="34" bw="0" slack="24"/>
<pin id="1154" dir="0" index="36" bw="6" slack="2147483647"/>
<pin id="1155" dir="0" index="37" bw="32" slack="24"/>
<pin id="1156" dir="0" index="38" bw="0" slack="2147483647"/>
<pin id="1158" dir="0" index="40" bw="6" slack="24"/>
<pin id="1159" dir="0" index="41" bw="32" slack="2147483647"/>
<pin id="1160" dir="0" index="42" bw="0" slack="24"/>
<pin id="1162" dir="0" index="44" bw="6" slack="2147483647"/>
<pin id="1163" dir="0" index="45" bw="32" slack="2147483647"/>
<pin id="1164" dir="0" index="46" bw="0" slack="2147483647"/>
<pin id="1166" dir="0" index="48" bw="6" slack="2147483647"/>
<pin id="1167" dir="0" index="49" bw="32" slack="2147483647"/>
<pin id="1168" dir="0" index="50" bw="0" slack="2147483647"/>
<pin id="1170" dir="0" index="52" bw="6" slack="2147483647"/>
<pin id="1171" dir="0" index="53" bw="32" slack="2147483647"/>
<pin id="1172" dir="0" index="54" bw="0" slack="2147483647"/>
<pin id="1174" dir="0" index="56" bw="6" slack="2147483647"/>
<pin id="1175" dir="0" index="57" bw="32" slack="2147483647"/>
<pin id="1176" dir="0" index="58" bw="0" slack="2147483647"/>
<pin id="1178" dir="0" index="60" bw="6" slack="2147483647"/>
<pin id="1179" dir="0" index="61" bw="32" slack="2147483647"/>
<pin id="1180" dir="0" index="62" bw="0" slack="2147483647"/>
<pin id="1182" dir="0" index="64" bw="6" slack="2147483647"/>
<pin id="1183" dir="0" index="65" bw="32" slack="2147483647"/>
<pin id="1184" dir="0" index="66" bw="0" slack="2147483647"/>
<pin id="1121" dir="1" index="3" bw="32" slack="0"/>
<pin id="1125" dir="1" index="7" bw="32" slack="0"/>
<pin id="1129" dir="1" index="11" bw="32" slack="0"/>
<pin id="1133" dir="1" index="15" bw="32" slack="0"/>
<pin id="1137" dir="1" index="19" bw="32" slack="0"/>
<pin id="1141" dir="1" index="23" bw="32" slack="0"/>
<pin id="1145" dir="1" index="27" bw="32" slack="0"/>
<pin id="1149" dir="1" index="31" bw="32" slack="0"/>
<pin id="1153" dir="1" index="35" bw="32" slack="0"/>
<pin id="1157" dir="1" index="39" bw="32" slack="0"/>
<pin id="1161" dir="1" index="43" bw="32" slack="0"/>
<pin id="1165" dir="1" index="47" bw="32" slack="0"/>
<pin id="1169" dir="1" index="51" bw="32" slack="0"/>
<pin id="1173" dir="1" index="55" bw="32" slack="0"/>
<pin id="1177" dir="1" index="59" bw="32" slack="0"/>
<pin id="1181" dir="1" index="63" bw="32" slack="0"/>
<pin id="1185" dir="1" index="67" bw="32" slack="0"/>
</pin_list>
<bind>
<opcode="load(27) " fcode="load"/>
<opset="x_load/42 x_load_1/42 x_load_2/42 x_load_3/42 x_load_4/42 x_load_5/42 x_load_6/42 x_load_7/42 x_load_8/42 x_load_9/42 x_load_10/42 x_load_11/42 x_load_12/42 x_load_13/43 x_load_14/43 x_load_15/43 x_load_16/43 x_load_17/43 x_load_18/43 x_load_19/43 x_load_20/43 x_load_21/43 x_load_22/43 x_load_23/43 x_load_24/43 x_load_25/43 x_load_26/43 x_load_27/43 x_load_28/43 x_load_29/43 x_load_30/44 x_load_31/44 x_load_32/44 x_load_33/44 x_load_34/44 x_load_35/44 x_load_36/44 x_load_37/44 x_load_38/44 x_load_39/44 x_load_40/44 x_load_41/44 x_load_42/44 x_load_43/44 x_load_44/44 x_load_45/44 x_load_46/44 x_load_47/45 x_load_48/45 x_load_49/45 x_load_50/45 x_load_51/45 x_load_52/45 x_load_53/45 x_load_54/45 x_load_55/45 x_load_56/45 x_load_57/45 x_load_58/45 x_load_59/45 x_load_60/45 x_load_61/45 x_load_62/45 x_load_63/45 "/>
</bind>
</comp>

<comp id="1186" class="1005" name="e_reg_1186">
<pin_list>
<pin id="1187" dir="0" index="0" bw="3" slack="1"/>
<pin id="1188" dir="1" index="1" bw="3" slack="1"/>
</pin_list>
<bind>
<opset="e (phireg) "/>
</bind>
</comp>

<comp id="1190" class="1004" name="e_phi_fu_1190">
<pin_list>
<pin id="1191" dir="0" index="0" bw="1" slack="1"/>
<pin id="1192" dir="0" index="1" bw="0" slack="2147483647"/>
<pin id="1193" dir="0" index="2" bw="3" slack="0"/>
<pin id="1194" dir="0" index="3" bw="0" slack="2147483647"/>
<pin id="1195" dir="1" index="4" bw="3" slack="0"/>
</pin_list>
<bind>
<opcode="phi(47) " fcode="phi"/>
<opset="e/19 "/>
</bind>
</comp>

<comp id="1197" class="1005" name="max_logit_reg_1197">
<pin_list>
<pin id="1198" dir="0" index="0" bw="32" slack="1"/>
<pin id="1199" dir="1" index="1" bw="32" slack="1"/>
</pin_list>
<bind>
<opset="max_logit (phireg) "/>
</bind>
</comp>

<comp id="1201" class="1004" name="max_logit_phi_fu_1201">
<pin_list>
<pin id="1202" dir="0" index="0" bw="32" slack="1"/>
<pin id="1203" dir="0" index="1" bw="0" slack="2147483647"/>
<pin id="1204" dir="0" index="2" bw="32" slack="1"/>
<pin id="1205" dir="0" index="3" bw="0" slack="2147483647"/>
<pin id="1206" dir="1" index="4" bw="32" slack="0"/>
</pin_list>
<bind>
<opcode="phi(47) " fcode="phi"/>
<opset="max_logit/19 "/>
</bind>
</comp>

<comp id="1209" class="1004" name="grp_pseudo_moe_Pipeline_VITIS_LOOP_73_2_fu_1209">
<pin_list>
<pin id="1210" dir="0" index="0" bw="0" slack="0"/>
<pin id="1211" dir="0" index="1" bw="32" slack="0"/>
<pin id="1212" dir="0" index="2" bw="62" slack="9"/>
<pin id="1213" dir="0" index="3" bw="32" slack="2147483647"/>
<pin id="1214" dir="1" index="4" bw="0" slack="2147483647"/>
</pin_list>
<bind>
<opcode="call(48) " fcode="call"/>
<opset="call_ln71/10 "/>
</bind>
</comp>

<comp id="1217" class="1004" name="grp_pseudo_moe_Pipeline_VITIS_LOOP_24_2_fu_1217">
<pin_list>
<pin id="1218" dir="0" index="0" bw="0" slack="0"/>
<pin id="1219" dir="0" index="1" bw="32" slack="0"/>
<pin id="1220" dir="0" index="2" bw="62" slack="18"/>
<pin id="1221" dir="0" index="3" bw="32" slack="2147483647"/>
<pin id="1222" dir="0" index="4" bw="32" slack="18"/>
<pin id="1223" dir="0" index="5" bw="32" slack="18"/>
<pin id="1224" dir="0" index="6" bw="32" slack="18"/>
<pin id="1225" dir="0" index="7" bw="32" slack="18"/>
<pin id="1226" dir="1" index="8" bw="0" slack="2147483647"/>
</pin_list>
<bind>
<opcode="call(48) " fcode="call"/>
<opset="call_ln80/19 "/>
</bind>
</comp>

<comp id="1229" class="1004" name="grp_pseudo_moe_Pipeline_VITIS_LOOP_89_4_fu_1229">
<pin_list>
<pin id="1230" dir="0" index="0" bw="0" slack="0"/>
<pin id="1231" dir="0" index="1" bw="32" slack="0"/>
<pin id="1232" dir="0" index="2" bw="32" slack="0"/>
<pin id="1233" dir="0" index="3" bw="32" slack="0"/>
<pin id="1234" dir="0" index="4" bw="32" slack="0"/>
<pin id="1235" dir="0" index="5" bw="32" slack="0"/>
<pin id="1236" dir="0" index="6" bw="32" slack="0"/>
<pin id="1237" dir="0" index="7" bw="32" slack="0"/>
<pin id="1238" dir="0" index="8" bw="32" slack="0"/>
<pin id="1239" dir="0" index="9" bw="32" slack="0"/>
<pin id="1240" dir="0" index="10" bw="32" slack="18"/>
<pin id="1241" dir="0" index="11" bw="32" slack="18"/>
<pin id="1242" dir="0" index="12" bw="32" slack="18"/>
<pin id="1243" dir="0" index="13" bw="32" slack="18"/>
<pin id="1244" dir="0" index="14" bw="32" slack="18"/>
<pin id="1245" dir="1" index="15" bw="0" slack="2147483647"/>
</pin_list>
<bind>
<opcode="call(48) " fcode="call"/>
<opset="call_ln83/19 "/>
</bind>
</comp>

<comp id="1248" class="1004" name="grp_pseudo_moe_Pipeline_VITIS_LOOP_95_5_fu_1248">
<pin_list>
<pin id="1249" dir="0" index="0" bw="0" slack="0"/>
<pin id="1250" dir="0" index="1" bw="32" slack="0"/>
<pin id="1251" dir="0" index="2" bw="62" slack="2"/>
<pin id="1252" dir="0" index="3" bw="32" slack="0"/>
<pin id="1253" dir="0" index="4" bw="32" slack="0"/>
<pin id="1254" dir="0" index="5" bw="32" slack="0"/>
<pin id="1255" dir="0" index="6" bw="32" slack="0"/>
<pin id="1256" dir="0" index="7" bw="32" slack="0"/>
<pin id="1257" dir="1" index="8" bw="0" slack="2147483647"/>
</pin_list>
<bind>
<opcode="call(48) " fcode="call"/>
<opset="call_ln95/31 "/>
</bind>
</comp>

<comp id="1260" class="1004" name="grp_pseudo_moe_Pipeline_VITIS_LOOP_100_6_fu_1260">
<pin_list>
<pin id="1261" dir="0" index="0" bw="0" slack="0"/>
<pin id="1262" dir="0" index="1" bw="32" slack="0"/>
<pin id="1263" dir="0" index="2" bw="62" slack="2"/>
<pin id="1264" dir="1" index="3" bw="0" slack="2147483647"/>
</pin_list>
<bind>
<opcode="call(48) " fcode="call"/>
<opset="call_ln100/31 "/>
</bind>
</comp>

<comp id="1267" class="1004" name="grp_pseudo_moe_Pipeline_VITIS_LOOP_106_7_fu_1267">
<pin_list>
<pin id="1268" dir="0" index="0" bw="0" slack="0"/>
<pin id="1269" dir="0" index="1" bw="32" slack="0"/>
<pin id="1270" dir="0" index="2" bw="32" slack="0"/>
<pin id="1271" dir="0" index="3" bw="62" slack="35"/>
<pin id="1272" dir="0" index="4" bw="62" slack="35"/>
<pin id="1273" dir="0" index="5" bw="32" slack="3"/>
<pin id="1274" dir="0" index="6" bw="32" slack="3"/>
<pin id="1275" dir="0" index="7" bw="32" slack="3"/>
<pin id="1276" dir="0" index="8" bw="32" slack="3"/>
<pin id="1277" dir="0" index="9" bw="32" slack="3"/>
<pin id="1278" dir="0" index="10" bw="32" slack="3"/>
<pin id="1279" dir="0" index="11" bw="32" slack="3"/>
<pin id="1280" dir="0" index="12" bw="32" slack="3"/>
<pin id="1281" dir="0" index="13" bw="32" slack="3"/>
<pin id="1282" dir="0" index="14" bw="32" slack="3"/>
<pin id="1283" dir="0" index="15" bw="32" slack="3"/>
<pin id="1284" dir="0" index="16" bw="32" slack="3"/>
<pin id="1285" dir="0" index="17" bw="32" slack="3"/>
<pin id="1286" dir="0" index="18" bw="32" slack="2"/>
<pin id="1287" dir="0" index="19" bw="32" slack="2"/>
<pin id="1288" dir="0" index="20" bw="32" slack="2"/>
<pin id="1289" dir="0" index="21" bw="32" slack="2"/>
<pin id="1290" dir="0" index="22" bw="32" slack="2"/>
<pin id="1291" dir="0" index="23" bw="32" slack="2"/>
<pin id="1292" dir="0" index="24" bw="32" slack="2"/>
<pin id="1293" dir="0" index="25" bw="32" slack="2"/>
<pin id="1294" dir="0" index="26" bw="32" slack="2"/>
<pin id="1295" dir="0" index="27" bw="32" slack="2"/>
<pin id="1296" dir="0" index="28" bw="32" slack="2"/>
<pin id="1297" dir="0" index="29" bw="32" slack="2"/>
<pin id="1298" dir="0" index="30" bw="32" slack="2"/>
<pin id="1299" dir="0" index="31" bw="32" slack="2"/>
<pin id="1300" dir="0" index="32" bw="32" slack="2"/>
<pin id="1301" dir="0" index="33" bw="32" slack="2"/>
<pin id="1302" dir="0" index="34" bw="32" slack="2"/>
<pin id="1303" dir="0" index="35" bw="32" slack="1"/>
<pin id="1304" dir="0" index="36" bw="32" slack="1"/>
<pin id="1305" dir="0" index="37" bw="32" slack="1"/>
<pin id="1306" dir="0" index="38" bw="32" slack="1"/>
<pin id="1307" dir="0" index="39" bw="32" slack="1"/>
<pin id="1308" dir="0" index="40" bw="32" slack="1"/>
<pin id="1309" dir="0" index="41" bw="32" slack="1"/>
<pin id="1310" dir="0" index="42" bw="32" slack="1"/>
<pin id="1311" dir="0" index="43" bw="32" slack="1"/>
<pin id="1312" dir="0" index="44" bw="32" slack="1"/>
<pin id="1313" dir="0" index="45" bw="32" slack="1"/>
<pin id="1314" dir="0" index="46" bw="32" slack="1"/>
<pin id="1315" dir="0" index="47" bw="32" slack="1"/>
<pin id="1316" dir="0" index="48" bw="32" slack="1"/>
<pin id="1317" dir="0" index="49" bw="32" slack="1"/>
<pin id="1318" dir="0" index="50" bw="32" slack="1"/>
<pin id="1319" dir="0" index="51" bw="32" slack="1"/>
<pin id="1320" dir="0" index="52" bw="32" slack="0"/>
<pin id="1321" dir="0" index="53" bw="32" slack="0"/>
<pin id="1322" dir="0" index="54" bw="32" slack="0"/>
<pin id="1323" dir="0" index="55" bw="32" slack="0"/>
<pin id="1324" dir="0" index="56" bw="32" slack="0"/>
<pin id="1325" dir="0" index="57" bw="32" slack="0"/>
<pin id="1326" dir="0" index="58" bw="32" slack="0"/>
<pin id="1327" dir="0" index="59" bw="32" slack="0"/>
<pin id="1328" dir="0" index="60" bw="32" slack="0"/>
<pin id="1329" dir="0" index="61" bw="32" slack="0"/>
<pin id="1330" dir="0" index="62" bw="32" slack="0"/>
<pin id="1331" dir="0" index="63" bw="32" slack="0"/>
<pin id="1332" dir="0" index="64" bw="32" slack="0"/>
<pin id="1333" dir="0" index="65" bw="32" slack="0"/>
<pin id="1334" dir="0" index="66" bw="32" slack="0"/>
<pin id="1335" dir="0" index="67" bw="32" slack="0"/>
<pin id="1336" dir="0" index="68" bw="32" slack="0"/>
<pin id="1337" dir="0" index="69" bw="32" slack="2147483647"/>
<pin id="1338" dir="1" index="70" bw="0" slack="2147483647"/>
</pin_list>
<bind>
<opcode="call(48) " fcode="call"/>
<opset="call_ln106/46 "/>
</bind>
</comp>

<comp id="1359" class="1004" name="grp_pseudo_moe_Pipeline_VITIS_LOOP_110_8_fu_1359">
<pin_list>
<pin id="1360" dir="0" index="0" bw="0" slack="0"/>
<pin id="1361" dir="0" index="1" bw="32" slack="0"/>
<pin id="1362" dir="0" index="2" bw="32" slack="2147483647"/>
<pin id="1363" dir="0" index="3" bw="32" slack="0"/>
<pin id="1364" dir="0" index="4" bw="4" slack="28"/>
<pin id="1365" dir="0" index="5" bw="64" slack="37"/>
<pin id="1366" dir="1" index="6" bw="0" slack="2147483647"/>
</pin_list>
<bind>
<opcode="call(48) " fcode="call"/>
<opset="call_ln95/48 "/>
</bind>
</comp>

<comp id="1369" class="1004" name="grp_pseudo_moe_Pipeline_VITIS_LOOP_116_9_fu_1369">
<pin_list>
<pin id="1370" dir="0" index="0" bw="0" slack="0"/>
<pin id="1371" dir="0" index="1" bw="32" slack="0"/>
<pin id="1372" dir="0" index="2" bw="32" slack="0"/>
<pin id="1373" dir="0" index="3" bw="62" slack="39"/>
<pin id="1374" dir="0" index="4" bw="62" slack="39"/>
<pin id="1375" dir="0" index="5" bw="32" slack="7"/>
<pin id="1376" dir="0" index="6" bw="32" slack="7"/>
<pin id="1377" dir="0" index="7" bw="32" slack="7"/>
<pin id="1378" dir="0" index="8" bw="32" slack="7"/>
<pin id="1379" dir="0" index="9" bw="32" slack="7"/>
<pin id="1380" dir="0" index="10" bw="32" slack="7"/>
<pin id="1381" dir="0" index="11" bw="32" slack="7"/>
<pin id="1382" dir="0" index="12" bw="32" slack="7"/>
<pin id="1383" dir="0" index="13" bw="32" slack="7"/>
<pin id="1384" dir="0" index="14" bw="32" slack="7"/>
<pin id="1385" dir="0" index="15" bw="32" slack="7"/>
<pin id="1386" dir="0" index="16" bw="32" slack="7"/>
<pin id="1387" dir="0" index="17" bw="32" slack="7"/>
<pin id="1388" dir="0" index="18" bw="32" slack="6"/>
<pin id="1389" dir="0" index="19" bw="32" slack="6"/>
<pin id="1390" dir="0" index="20" bw="32" slack="6"/>
<pin id="1391" dir="0" index="21" bw="32" slack="6"/>
<pin id="1392" dir="0" index="22" bw="32" slack="6"/>
<pin id="1393" dir="0" index="23" bw="32" slack="6"/>
<pin id="1394" dir="0" index="24" bw="32" slack="6"/>
<pin id="1395" dir="0" index="25" bw="32" slack="6"/>
<pin id="1396" dir="0" index="26" bw="32" slack="6"/>
<pin id="1397" dir="0" index="27" bw="32" slack="6"/>
<pin id="1398" dir="0" index="28" bw="32" slack="6"/>
<pin id="1399" dir="0" index="29" bw="32" slack="6"/>
<pin id="1400" dir="0" index="30" bw="32" slack="6"/>
<pin id="1401" dir="0" index="31" bw="32" slack="6"/>
<pin id="1402" dir="0" index="32" bw="32" slack="6"/>
<pin id="1403" dir="0" index="33" bw="32" slack="6"/>
<pin id="1404" dir="0" index="34" bw="32" slack="6"/>
<pin id="1405" dir="0" index="35" bw="32" slack="5"/>
<pin id="1406" dir="0" index="36" bw="32" slack="5"/>
<pin id="1407" dir="0" index="37" bw="32" slack="5"/>
<pin id="1408" dir="0" index="38" bw="32" slack="5"/>
<pin id="1409" dir="0" index="39" bw="32" slack="5"/>
<pin id="1410" dir="0" index="40" bw="32" slack="5"/>
<pin id="1411" dir="0" index="41" bw="32" slack="5"/>
<pin id="1412" dir="0" index="42" bw="32" slack="5"/>
<pin id="1413" dir="0" index="43" bw="32" slack="5"/>
<pin id="1414" dir="0" index="44" bw="32" slack="5"/>
<pin id="1415" dir="0" index="45" bw="32" slack="5"/>
<pin id="1416" dir="0" index="46" bw="32" slack="5"/>
<pin id="1417" dir="0" index="47" bw="32" slack="5"/>
<pin id="1418" dir="0" index="48" bw="32" slack="5"/>
<pin id="1419" dir="0" index="49" bw="32" slack="5"/>
<pin id="1420" dir="0" index="50" bw="32" slack="5"/>
<pin id="1421" dir="0" index="51" bw="32" slack="5"/>
<pin id="1422" dir="0" index="52" bw="32" slack="4"/>
<pin id="1423" dir="0" index="53" bw="32" slack="4"/>
<pin id="1424" dir="0" index="54" bw="32" slack="4"/>
<pin id="1425" dir="0" index="55" bw="32" slack="4"/>
<pin id="1426" dir="0" index="56" bw="32" slack="4"/>
<pin id="1427" dir="0" index="57" bw="32" slack="4"/>
<pin id="1428" dir="0" index="58" bw="32" slack="4"/>
<pin id="1429" dir="0" index="59" bw="32" slack="4"/>
<pin id="1430" dir="0" index="60" bw="32" slack="4"/>
<pin id="1431" dir="0" index="61" bw="32" slack="4"/>
<pin id="1432" dir="0" index="62" bw="32" slack="4"/>
<pin id="1433" dir="0" index="63" bw="32" slack="4"/>
<pin id="1434" dir="0" index="64" bw="32" slack="4"/>
<pin id="1435" dir="0" index="65" bw="32" slack="4"/>
<pin id="1436" dir="0" index="66" bw="32" slack="4"/>
<pin id="1437" dir="0" index="67" bw="32" slack="4"/>
<pin id="1438" dir="0" index="68" bw="32" slack="4"/>
<pin id="1439" dir="0" index="69" bw="32" slack="2147483647"/>
<pin id="1440" dir="1" index="70" bw="0" slack="2147483647"/>
</pin_list>
<bind>
<opcode="call(48) " fcode="call"/>
<opset="call_ln116/50 "/>
</bind>
</comp>

<comp id="1444" class="1004" name="grp_pseudo_moe_Pipeline_VITIS_LOOP_120_10_fu_1444">
<pin_list>
<pin id="1445" dir="0" index="0" bw="0" slack="0"/>
<pin id="1446" dir="0" index="1" bw="32" slack="0"/>
<pin id="1447" dir="0" index="2" bw="32" slack="2147483647"/>
<pin id="1448" dir="0" index="3" bw="32" slack="0"/>
<pin id="1449" dir="0" index="4" bw="4" slack="32"/>
<pin id="1450" dir="0" index="5" bw="64" slack="41"/>
<pin id="1451" dir="1" index="6" bw="0" slack="2147483647"/>
</pin_list>
<bind>
<opcode="call(48) " fcode="call"/>
<opset="call_ln71/52 "/>
</bind>
</comp>

<comp id="1454" class="1004" name="grp_pseudo_moe_Pipeline_VITIS_LOOP_126_11_fu_1454">
<pin_list>
<pin id="1455" dir="0" index="0" bw="0" slack="0"/>
<pin id="1456" dir="0" index="1" bw="32" slack="0"/>
<pin id="1457" dir="0" index="2" bw="32" slack="0"/>
<pin id="1458" dir="0" index="3" bw="62" slack="43"/>
<pin id="1459" dir="0" index="4" bw="62" slack="43"/>
<pin id="1460" dir="0" index="5" bw="32" slack="11"/>
<pin id="1461" dir="0" index="6" bw="32" slack="11"/>
<pin id="1462" dir="0" index="7" bw="32" slack="11"/>
<pin id="1463" dir="0" index="8" bw="32" slack="11"/>
<pin id="1464" dir="0" index="9" bw="32" slack="11"/>
<pin id="1465" dir="0" index="10" bw="32" slack="11"/>
<pin id="1466" dir="0" index="11" bw="32" slack="11"/>
<pin id="1467" dir="0" index="12" bw="32" slack="11"/>
<pin id="1468" dir="0" index="13" bw="32" slack="11"/>
<pin id="1469" dir="0" index="14" bw="32" slack="11"/>
<pin id="1470" dir="0" index="15" bw="32" slack="11"/>
<pin id="1471" dir="0" index="16" bw="32" slack="11"/>
<pin id="1472" dir="0" index="17" bw="32" slack="11"/>
<pin id="1473" dir="0" index="18" bw="32" slack="10"/>
<pin id="1474" dir="0" index="19" bw="32" slack="10"/>
<pin id="1475" dir="0" index="20" bw="32" slack="10"/>
<pin id="1476" dir="0" index="21" bw="32" slack="10"/>
<pin id="1477" dir="0" index="22" bw="32" slack="10"/>
<pin id="1478" dir="0" index="23" bw="32" slack="10"/>
<pin id="1479" dir="0" index="24" bw="32" slack="10"/>
<pin id="1480" dir="0" index="25" bw="32" slack="10"/>
<pin id="1481" dir="0" index="26" bw="32" slack="10"/>
<pin id="1482" dir="0" index="27" bw="32" slack="10"/>
<pin id="1483" dir="0" index="28" bw="32" slack="10"/>
<pin id="1484" dir="0" index="29" bw="32" slack="10"/>
<pin id="1485" dir="0" index="30" bw="32" slack="10"/>
<pin id="1486" dir="0" index="31" bw="32" slack="10"/>
<pin id="1487" dir="0" index="32" bw="32" slack="10"/>
<pin id="1488" dir="0" index="33" bw="32" slack="10"/>
<pin id="1489" dir="0" index="34" bw="32" slack="10"/>
<pin id="1490" dir="0" index="35" bw="32" slack="9"/>
<pin id="1491" dir="0" index="36" bw="32" slack="9"/>
<pin id="1492" dir="0" index="37" bw="32" slack="9"/>
<pin id="1493" dir="0" index="38" bw="32" slack="9"/>
<pin id="1494" dir="0" index="39" bw="32" slack="9"/>
<pin id="1495" dir="0" index="40" bw="32" slack="9"/>
<pin id="1496" dir="0" index="41" bw="32" slack="9"/>
<pin id="1497" dir="0" index="42" bw="32" slack="9"/>
<pin id="1498" dir="0" index="43" bw="32" slack="9"/>
<pin id="1499" dir="0" index="44" bw="32" slack="9"/>
<pin id="1500" dir="0" index="45" bw="32" slack="9"/>
<pin id="1501" dir="0" index="46" bw="32" slack="9"/>
<pin id="1502" dir="0" index="47" bw="32" slack="9"/>
<pin id="1503" dir="0" index="48" bw="32" slack="9"/>
<pin id="1504" dir="0" index="49" bw="32" slack="9"/>
<pin id="1505" dir="0" index="50" bw="32" slack="9"/>
<pin id="1506" dir="0" index="51" bw="32" slack="9"/>
<pin id="1507" dir="0" index="52" bw="32" slack="8"/>
<pin id="1508" dir="0" index="53" bw="32" slack="8"/>
<pin id="1509" dir="0" index="54" bw="32" slack="8"/>
<pin id="1510" dir="0" index="55" bw="32" slack="8"/>
<pin id="1511" dir="0" index="56" bw="32" slack="8"/>
<pin id="1512" dir="0" index="57" bw="32" slack="8"/>
<pin id="1513" dir="0" index="58" bw="32" slack="8"/>
<pin id="1514" dir="0" index="59" bw="32" slack="8"/>
<pin id="1515" dir="0" index="60" bw="32" slack="8"/>
<pin id="1516" dir="0" index="61" bw="32" slack="8"/>
<pin id="1517" dir="0" index="62" bw="32" slack="8"/>
<pin id="1518" dir="0" index="63" bw="32" slack="8"/>
<pin id="1519" dir="0" index="64" bw="32" slack="8"/>
<pin id="1520" dir="0" index="65" bw="32" slack="8"/>
<pin id="1521" dir="0" index="66" bw="32" slack="8"/>
<pin id="1522" dir="0" index="67" bw="32" slack="8"/>
<pin id="1523" dir="0" index="68" bw="32" slack="8"/>
<pin id="1524" dir="0" index="69" bw="32" slack="2147483647"/>
<pin id="1525" dir="1" index="70" bw="0" slack="2147483647"/>
</pin_list>
<bind>
<opcode="call(48) " fcode="call"/>
<opset="call_ln126/54 "/>
</bind>
</comp>

<comp id="1529" class="1004" name="grp_pseudo_moe_Pipeline_VITIS_LOOP_130_12_fu_1529">
<pin_list>
<pin id="1530" dir="0" index="0" bw="0" slack="0"/>
<pin id="1531" dir="0" index="1" bw="32" slack="0"/>
<pin id="1532" dir="0" index="2" bw="32" slack="2147483647"/>
<pin id="1533" dir="0" index="3" bw="32" slack="0"/>
<pin id="1534" dir="0" index="4" bw="4" slack="36"/>
<pin id="1535" dir="0" index="5" bw="64" slack="45"/>
<pin id="1536" dir="1" index="6" bw="0" slack="2147483647"/>
</pin_list>
<bind>
<opcode="call(48) " fcode="call"/>
<opset="call_ln71/56 "/>
</bind>
</comp>

<comp id="1539" class="1004" name="grp_pseudo_moe_Pipeline_VITIS_LOOP_136_13_fu_1539">
<pin_list>
<pin id="1540" dir="0" index="0" bw="0" slack="0"/>
<pin id="1541" dir="0" index="1" bw="32" slack="0"/>
<pin id="1542" dir="0" index="2" bw="32" slack="0"/>
<pin id="1543" dir="0" index="3" bw="62" slack="47"/>
<pin id="1544" dir="0" index="4" bw="62" slack="47"/>
<pin id="1545" dir="0" index="5" bw="32" slack="15"/>
<pin id="1546" dir="0" index="6" bw="32" slack="15"/>
<pin id="1547" dir="0" index="7" bw="32" slack="15"/>
<pin id="1548" dir="0" index="8" bw="32" slack="15"/>
<pin id="1549" dir="0" index="9" bw="32" slack="15"/>
<pin id="1550" dir="0" index="10" bw="32" slack="15"/>
<pin id="1551" dir="0" index="11" bw="32" slack="15"/>
<pin id="1552" dir="0" index="12" bw="32" slack="15"/>
<pin id="1553" dir="0" index="13" bw="32" slack="15"/>
<pin id="1554" dir="0" index="14" bw="32" slack="15"/>
<pin id="1555" dir="0" index="15" bw="32" slack="15"/>
<pin id="1556" dir="0" index="16" bw="32" slack="15"/>
<pin id="1557" dir="0" index="17" bw="32" slack="15"/>
<pin id="1558" dir="0" index="18" bw="32" slack="14"/>
<pin id="1559" dir="0" index="19" bw="32" slack="14"/>
<pin id="1560" dir="0" index="20" bw="32" slack="14"/>
<pin id="1561" dir="0" index="21" bw="32" slack="14"/>
<pin id="1562" dir="0" index="22" bw="32" slack="14"/>
<pin id="1563" dir="0" index="23" bw="32" slack="14"/>
<pin id="1564" dir="0" index="24" bw="32" slack="14"/>
<pin id="1565" dir="0" index="25" bw="32" slack="14"/>
<pin id="1566" dir="0" index="26" bw="32" slack="14"/>
<pin id="1567" dir="0" index="27" bw="32" slack="14"/>
<pin id="1568" dir="0" index="28" bw="32" slack="14"/>
<pin id="1569" dir="0" index="29" bw="32" slack="14"/>
<pin id="1570" dir="0" index="30" bw="32" slack="14"/>
<pin id="1571" dir="0" index="31" bw="32" slack="14"/>
<pin id="1572" dir="0" index="32" bw="32" slack="14"/>
<pin id="1573" dir="0" index="33" bw="32" slack="14"/>
<pin id="1574" dir="0" index="34" bw="32" slack="14"/>
<pin id="1575" dir="0" index="35" bw="32" slack="13"/>
<pin id="1576" dir="0" index="36" bw="32" slack="13"/>
<pin id="1577" dir="0" index="37" bw="32" slack="13"/>
<pin id="1578" dir="0" index="38" bw="32" slack="13"/>
<pin id="1579" dir="0" index="39" bw="32" slack="13"/>
<pin id="1580" dir="0" index="40" bw="32" slack="13"/>
<pin id="1581" dir="0" index="41" bw="32" slack="13"/>
<pin id="1582" dir="0" index="42" bw="32" slack="13"/>
<pin id="1583" dir="0" index="43" bw="32" slack="13"/>
<pin id="1584" dir="0" index="44" bw="32" slack="13"/>
<pin id="1585" dir="0" index="45" bw="32" slack="13"/>
<pin id="1586" dir="0" index="46" bw="32" slack="13"/>
<pin id="1587" dir="0" index="47" bw="32" slack="13"/>
<pin id="1588" dir="0" index="48" bw="32" slack="13"/>
<pin id="1589" dir="0" index="49" bw="32" slack="13"/>
<pin id="1590" dir="0" index="50" bw="32" slack="13"/>
<pin id="1591" dir="0" index="51" bw="32" slack="13"/>
<pin id="1592" dir="0" index="52" bw="32" slack="12"/>
<pin id="1593" dir="0" index="53" bw="32" slack="12"/>
<pin id="1594" dir="0" index="54" bw="32" slack="12"/>
<pin id="1595" dir="0" index="55" bw="32" slack="12"/>
<pin id="1596" dir="0" index="56" bw="32" slack="12"/>
<pin id="1597" dir="0" index="57" bw="32" slack="12"/>
<pin id="1598" dir="0" index="58" bw="32" slack="12"/>
<pin id="1599" dir="0" index="59" bw="32" slack="12"/>
<pin id="1600" dir="0" index="60" bw="32" slack="12"/>
<pin id="1601" dir="0" index="61" bw="32" slack="12"/>
<pin id="1602" dir="0" index="62" bw="32" slack="12"/>
<pin id="1603" dir="0" index="63" bw="32" slack="12"/>
<pin id="1604" dir="0" index="64" bw="32" slack="12"/>
<pin id="1605" dir="0" index="65" bw="32" slack="12"/>
<pin id="1606" dir="0" index="66" bw="32" slack="12"/>
<pin id="1607" dir="0" index="67" bw="32" slack="12"/>
<pin id="1608" dir="0" index="68" bw="32" slack="12"/>
<pin id="1609" dir="0" index="69" bw="32" slack="2147483647"/>
<pin id="1610" dir="1" index="70" bw="0" slack="2147483647"/>
</pin_list>
<bind>
<opcode="call(48) " fcode="call"/>
<opset="call_ln136/58 "/>
</bind>
</comp>

<comp id="1614" class="1004" name="grp_pseudo_moe_Pipeline_VITIS_LOOP_140_14_fu_1614">
<pin_list>
<pin id="1615" dir="0" index="0" bw="0" slack="0"/>
<pin id="1616" dir="0" index="1" bw="32" slack="0"/>
<pin id="1617" dir="0" index="2" bw="32" slack="2147483647"/>
<pin id="1618" dir="0" index="3" bw="32" slack="0"/>
<pin id="1619" dir="0" index="4" bw="4" slack="40"/>
<pin id="1620" dir="0" index="5" bw="64" slack="49"/>
<pin id="1621" dir="1" index="6" bw="0" slack="2147483647"/>
</pin_list>
<bind>
<opcode="call(48) " fcode="call"/>
<opset="call_ln71/60 "/>
</bind>
</comp>

<comp id="1624" class="1004" name="grp_fu_1624">
<pin_list>
<pin id="1625" dir="0" index="0" bw="32" slack="0"/>
<pin id="1626" dir="0" index="1" bw="32" slack="0"/>
<pin id="1627" dir="1" index="2" bw="32" slack="0"/>
</pin_list>
<bind>
<opcode="fadd(9) " fcode="fadd"/>
<opset="sum_1/21 sum_2/23 sum_3/25 logits_0/27 "/>
</bind>
</comp>

<comp id="1628" class="1004" name="tmp_4_fu_1628">
<pin_list>
<pin id="1629" dir="0" index="0" bw="32" slack="1"/>
<pin id="1630" dir="0" index="1" bw="32" slack="10"/>
<pin id="1631" dir="1" index="2" bw="1" slack="0"/>
</pin_list>
<bind>
<opcode="fcmp(46) " fcode="fcmp"/>
<opset="tmp_4/29 "/>
</bind>
</comp>

<comp id="1633" class="1005" name="reg_1633">
<pin_list>
<pin id="1634" dir="0" index="0" bw="32" slack="1"/>
<pin id="1635" dir="1" index="1" bw="32" slack="1"/>
</pin_list>
<bind>
<opset="sum_1 sum_2 sum_3 logits_0 "/>
</bind>
</comp>

<comp id="1639" class="1004" name="trunc_ln_fu_1639">
<pin_list>
<pin id="1640" dir="0" index="0" bw="62" slack="0"/>
<pin id="1641" dir="0" index="1" bw="64" slack="0"/>
<pin id="1642" dir="0" index="2" bw="3" slack="0"/>
<pin id="1643" dir="0" index="3" bw="7" slack="0"/>
<pin id="1644" dir="1" index="4" bw="62" slack="1"/>
</pin_list>
<bind>
<opcode="partselect(1002) " fcode="partselect"/>
<opset="trunc_ln/1 "/>
</bind>
</comp>

<comp id="1649" class="1004" name="trunc_ln1_fu_1649">
<pin_list>
<pin id="1650" dir="0" index="0" bw="62" slack="0"/>
<pin id="1651" dir="0" index="1" bw="64" slack="0"/>
<pin id="1652" dir="0" index="2" bw="3" slack="0"/>
<pin id="1653" dir="0" index="3" bw="7" slack="0"/>
<pin id="1654" dir="1" index="4" bw="62" slack="8"/>
</pin_list>
<bind>
<opcode="partselect(1002) " fcode="partselect"/>
<opset="trunc_ln1/1 "/>
</bind>
</comp>

<comp id="1659" class="1004" name="trunc_ln80_1_fu_1659">
<pin_list>
<pin id="1660" dir="0" index="0" bw="62" slack="0"/>
<pin id="1661" dir="0" index="1" bw="64" slack="0"/>
<pin id="1662" dir="0" index="2" bw="3" slack="0"/>
<pin id="1663" dir="0" index="3" bw="7" slack="0"/>
<pin id="1664" dir="1" index="4" bw="62" slack="0"/>
</pin_list>
<bind>
<opcode="partselect(1002) " fcode="partselect"/>
<opset="trunc_ln80_1/1 "/>
</bind>
</comp>

<comp id="1669" class="1004" name="sext_ln80_1_fu_1669">
<pin_list>
<pin id="1670" dir="0" index="0" bw="62" slack="0"/>
<pin id="1671" dir="1" index="1" bw="64" slack="0"/>
</pin_list>
<bind>
<opcode="sext(35) " fcode="sext"/>
<opset="sext_ln80_1/1 "/>
</bind>
</comp>

<comp id="1673" class="1004" name="gmem2_addr_fu_1673">
<pin_list>
<pin id="1674" dir="0" index="0" bw="32" slack="0"/>
<pin id="1675" dir="0" index="1" bw="62" slack="0"/>
<pin id="1676" dir="1" index="2" bw="32" slack="10"/>
</pin_list>
<bind>
<opcode="getelementptr(29) " fcode="getelementptr"/>
<opset="gmem2_addr/1 "/>
</bind>
</comp>

<comp id="1679" class="1004" name="trunc_ln2_fu_1679">
<pin_list>
<pin id="1680" dir="0" index="0" bw="62" slack="0"/>
<pin id="1681" dir="0" index="1" bw="64" slack="0"/>
<pin id="1682" dir="0" index="2" bw="3" slack="0"/>
<pin id="1683" dir="0" index="3" bw="7" slack="0"/>
<pin id="1684" dir="1" index="4" bw="62" slack="8"/>
</pin_list>
<bind>
<opcode="partselect(1002) " fcode="partselect"/>
<opset="trunc_ln2/1 "/>
</bind>
</comp>

<comp id="1689" class="1004" name="trunc_ln106_1_fu_1689">
<pin_list>
<pin id="1690" dir="0" index="0" bw="62" slack="0"/>
<pin id="1691" dir="0" index="1" bw="64" slack="0"/>
<pin id="1692" dir="0" index="2" bw="3" slack="0"/>
<pin id="1693" dir="0" index="3" bw="7" slack="0"/>
<pin id="1694" dir="1" index="4" bw="62" slack="8"/>
</pin_list>
<bind>
<opcode="partselect(1002) " fcode="partselect"/>
<opset="trunc_ln106_1/1 "/>
</bind>
</comp>

<comp id="1699" class="1004" name="trunc_ln3_fu_1699">
<pin_list>
<pin id="1700" dir="0" index="0" bw="62" slack="0"/>
<pin id="1701" dir="0" index="1" bw="64" slack="0"/>
<pin id="1702" dir="0" index="2" bw="3" slack="0"/>
<pin id="1703" dir="0" index="3" bw="7" slack="0"/>
<pin id="1704" dir="1" index="4" bw="62" slack="8"/>
</pin_list>
<bind>
<opcode="partselect(1002) " fcode="partselect"/>
<opset="trunc_ln3/1 "/>
</bind>
</comp>

<comp id="1709" class="1004" name="trunc_ln116_1_fu_1709">
<pin_list>
<pin id="1710" dir="0" index="0" bw="62" slack="0"/>
<pin id="1711" dir="0" index="1" bw="64" slack="0"/>
<pin id="1712" dir="0" index="2" bw="3" slack="0"/>
<pin id="1713" dir="0" index="3" bw="7" slack="0"/>
<pin id="1714" dir="1" index="4" bw="62" slack="8"/>
</pin_list>
<bind>
<opcode="partselect(1002) " fcode="partselect"/>
<opset="trunc_ln116_1/1 "/>
</bind>
</comp>

<comp id="1719" class="1004" name="trunc_ln4_fu_1719">
<pin_list>
<pin id="1720" dir="0" index="0" bw="62" slack="0"/>
<pin id="1721" dir="0" index="1" bw="64" slack="0"/>
<pin id="1722" dir="0" index="2" bw="3" slack="0"/>
<pin id="1723" dir="0" index="3" bw="7" slack="0"/>
<pin id="1724" dir="1" index="4" bw="62" slack="8"/>
</pin_list>
<bind>
<opcode="partselect(1002) " fcode="partselect"/>
<opset="trunc_ln4/1 "/>
</bind>
</comp>

<comp id="1729" class="1004" name="trunc_ln126_1_fu_1729">
<pin_list>
<pin id="1730" dir="0" index="0" bw="62" slack="0"/>
<pin id="1731" dir="0" index="1" bw="64" slack="0"/>
<pin id="1732" dir="0" index="2" bw="3" slack="0"/>
<pin id="1733" dir="0" index="3" bw="7" slack="0"/>
<pin id="1734" dir="1" index="4" bw="62" slack="8"/>
</pin_list>
<bind>
<opcode="partselect(1002) " fcode="partselect"/>
<opset="trunc_ln126_1/1 "/>
</bind>
</comp>

<comp id="1739" class="1004" name="trunc_ln5_fu_1739">
<pin_list>
<pin id="1740" dir="0" index="0" bw="62" slack="0"/>
<pin id="1741" dir="0" index="1" bw="64" slack="0"/>
<pin id="1742" dir="0" index="2" bw="3" slack="0"/>
<pin id="1743" dir="0" index="3" bw="7" slack="0"/>
<pin id="1744" dir="1" index="4" bw="62" slack="8"/>
</pin_list>
<bind>
<opcode="partselect(1002) " fcode="partselect"/>
<opset="trunc_ln5/1 "/>
</bind>
</comp>

<comp id="1749" class="1004" name="trunc_ln136_1_fu_1749">
<pin_list>
<pin id="1750" dir="0" index="0" bw="62" slack="0"/>
<pin id="1751" dir="0" index="1" bw="64" slack="0"/>
<pin id="1752" dir="0" index="2" bw="3" slack="0"/>
<pin id="1753" dir="0" index="3" bw="7" slack="0"/>
<pin id="1754" dir="1" index="4" bw="62" slack="8"/>
</pin_list>
<bind>
<opcode="partselect(1002) " fcode="partselect"/>
<opset="trunc_ln136_1/1 "/>
</bind>
</comp>

<comp id="1759" class="1004" name="store_ln71_store_fu_1759">
<pin_list>
<pin id="1760" dir="0" index="0" bw="1" slack="0"/>
<pin id="1761" dir="0" index="1" bw="4" slack="0"/>
<pin id="1762" dir="1" index="2" bw="0" slack="2147483647"/>
</pin_list>
<bind>
<opcode="store(28) " fcode="store"/>
<opset="store_ln71/1 "/>
</bind>
</comp>

<comp id="1764" class="1004" name="sext_ln71_fu_1764">
<pin_list>
<pin id="1765" dir="0" index="0" bw="62" slack="1"/>
<pin id="1766" dir="1" index="1" bw="64" slack="0"/>
</pin_list>
<bind>
<opcode="sext(35) " fcode="sext"/>
<opset="sext_ln71/2 "/>
</bind>
</comp>

<comp id="1767" class="1004" name="gmem0_addr_fu_1767">
<pin_list>
<pin id="1768" dir="0" index="0" bw="32" slack="0"/>
<pin id="1769" dir="0" index="1" bw="62" slack="0"/>
<pin id="1770" dir="1" index="2" bw="32" slack="0"/>
</pin_list>
<bind>
<opcode="getelementptr(29) " fcode="getelementptr"/>
<opset="gmem0_addr/2 "/>
</bind>
</comp>

<comp id="1774" class="1004" name="sext_ln80_fu_1774">
<pin_list>
<pin id="1775" dir="0" index="0" bw="62" slack="8"/>
<pin id="1776" dir="1" index="1" bw="64" slack="0"/>
</pin_list>
<bind>
<opcode="sext(35) " fcode="sext"/>
<opset="sext_ln80/9 "/>
</bind>
</comp>

<comp id="1777" class="1004" name="gmem1_addr_fu_1777">
<pin_list>
<pin id="1778" dir="0" index="0" bw="32" slack="0"/>
<pin id="1779" dir="0" index="1" bw="62" slack="0"/>
<pin id="1780" dir="1" index="2" bw="32" slack="2"/>
</pin_list>
<bind>
<opcode="getelementptr(29) " fcode="getelementptr"/>
<opset="gmem1_addr/9 "/>
</bind>
</comp>

<comp id="1783" class="1004" name="sext_ln106_fu_1783">
<pin_list>
<pin id="1784" dir="0" index="0" bw="62" slack="8"/>
<pin id="1785" dir="1" index="1" bw="64" slack="0"/>
</pin_list>
<bind>
<opcode="sext(35) " fcode="sext"/>
<opset="sext_ln106/9 "/>
</bind>
</comp>

<comp id="1786" class="1004" name="gmem3_addr_fu_1786">
<pin_list>
<pin id="1787" dir="0" index="0" bw="32" slack="0"/>
<pin id="1788" dir="0" index="1" bw="62" slack="0"/>
<pin id="1789" dir="1" index="2" bw="32" slack="19"/>
</pin_list>
<bind>
<opcode="getelementptr(29) " fcode="getelementptr"/>
<opset="gmem3_addr/9 "/>
</bind>
</comp>

<comp id="1792" class="1004" name="sext_ln106_1_fu_1792">
<pin_list>
<pin id="1793" dir="0" index="0" bw="62" slack="8"/>
<pin id="1794" dir="1" index="1" bw="64" slack="0"/>
</pin_list>
<bind>
<opcode="sext(35) " fcode="sext"/>
<opset="sext_ln106_1/9 "/>
</bind>
</comp>

<comp id="1795" class="1004" name="gmem4_addr_fu_1795">
<pin_list>
<pin id="1796" dir="0" index="0" bw="32" slack="0"/>
<pin id="1797" dir="0" index="1" bw="62" slack="0"/>
<pin id="1798" dir="1" index="2" bw="32" slack="19"/>
</pin_list>
<bind>
<opcode="getelementptr(29) " fcode="getelementptr"/>
<opset="gmem4_addr/9 "/>
</bind>
</comp>

<comp id="1801" class="1004" name="sext_ln116_fu_1801">
<pin_list>
<pin id="1802" dir="0" index="0" bw="62" slack="8"/>
<pin id="1803" dir="1" index="1" bw="64" slack="0"/>
</pin_list>
<bind>
<opcode="sext(35) " fcode="sext"/>
<opset="sext_ln116/9 "/>
</bind>
</comp>

<comp id="1804" class="1004" name="gmem5_addr_fu_1804">
<pin_list>
<pin id="1805" dir="0" index="0" bw="32" slack="0"/>
<pin id="1806" dir="0" index="1" bw="62" slack="0"/>
<pin id="1807" dir="1" index="2" bw="32" slack="19"/>
</pin_list>
<bind>
<opcode="getelementptr(29) " fcode="getelementptr"/>
<opset="gmem5_addr/9 "/>
</bind>
</comp>

<comp id="1810" class="1004" name="sext_ln116_1_fu_1810">
<pin_list>
<pin id="1811" dir="0" index="0" bw="62" slack="8"/>
<pin id="1812" dir="1" index="1" bw="64" slack="0"/>
</pin_list>
<bind>
<opcode="sext(35) " fcode="sext"/>
<opset="sext_ln116_1/9 "/>
</bind>
</comp>

<comp id="1813" class="1004" name="gmem6_addr_fu_1813">
<pin_list>
<pin id="1814" dir="0" index="0" bw="32" slack="0"/>
<pin id="1815" dir="0" index="1" bw="62" slack="0"/>
<pin id="1816" dir="1" index="2" bw="32" slack="19"/>
</pin_list>
<bind>
<opcode="getelementptr(29) " fcode="getelementptr"/>
<opset="gmem6_addr/9 "/>
</bind>
</comp>

<comp id="1819" class="1004" name="sext_ln126_fu_1819">
<pin_list>
<pin id="1820" dir="0" index="0" bw="62" slack="8"/>
<pin id="1821" dir="1" index="1" bw="64" slack="0"/>
</pin_list>
<bind>
<opcode="sext(35) " fcode="sext"/>
<opset="sext_ln126/9 "/>
</bind>
</comp>

<comp id="1822" class="1004" name="gmem7_addr_fu_1822">
<pin_list>
<pin id="1823" dir="0" index="0" bw="32" slack="0"/>
<pin id="1824" dir="0" index="1" bw="62" slack="0"/>
<pin id="1825" dir="1" index="2" bw="32" slack="19"/>
</pin_list>
<bind>
<opcode="getelementptr(29) " fcode="getelementptr"/>
<opset="gmem7_addr/9 "/>
</bind>
</comp>

<comp id="1828" class="1004" name="sext_ln126_1_fu_1828">
<pin_list>
<pin id="1829" dir="0" index="0" bw="62" slack="8"/>
<pin id="1830" dir="1" index="1" bw="64" slack="0"/>
</pin_list>
<bind>
<opcode="sext(35) " fcode="sext"/>
<opset="sext_ln126_1/9 "/>
</bind>
</comp>

<comp id="1831" class="1004" name="gmem8_addr_fu_1831">
<pin_list>
<pin id="1832" dir="0" index="0" bw="32" slack="0"/>
<pin id="1833" dir="0" index="1" bw="62" slack="0"/>
<pin id="1834" dir="1" index="2" bw="32" slack="19"/>
</pin_list>
<bind>
<opcode="getelementptr(29) " fcode="getelementptr"/>
<opset="gmem8_addr/9 "/>
</bind>
</comp>

<comp id="1837" class="1004" name="sext_ln136_fu_1837">
<pin_list>
<pin id="1838" dir="0" index="0" bw="62" slack="8"/>
<pin id="1839" dir="1" index="1" bw="64" slack="0"/>
</pin_list>
<bind>
<opcode="sext(35) " fcode="sext"/>
<opset="sext_ln136/9 "/>
</bind>
</comp>

<comp id="1840" class="1004" name="gmem9_addr_fu_1840">
<pin_list>
<pin id="1841" dir="0" index="0" bw="32" slack="0"/>
<pin id="1842" dir="0" index="1" bw="62" slack="0"/>
<pin id="1843" dir="1" index="2" bw="32" slack="19"/>
</pin_list>
<bind>
<opcode="getelementptr(29) " fcode="getelementptr"/>
<opset="gmem9_addr/9 "/>
</bind>
</comp>

<comp id="1846" class="1004" name="sext_ln136_1_fu_1846">
<pin_list>
<pin id="1847" dir="0" index="0" bw="62" slack="8"/>
<pin id="1848" dir="1" index="1" bw="64" slack="0"/>
</pin_list>
<bind>
<opcode="sext(35) " fcode="sext"/>
<opset="sext_ln136_1/9 "/>
</bind>
</comp>

<comp id="1849" class="1004" name="gmem10_addr_fu_1849">
<pin_list>
<pin id="1850" dir="0" index="0" bw="32" slack="0"/>
<pin id="1851" dir="0" index="1" bw="62" slack="0"/>
<pin id="1852" dir="1" index="2" bw="32" slack="19"/>
</pin_list>
<bind>
<opcode="getelementptr(29) " fcode="getelementptr"/>
<opset="gmem10_addr/9 "/>
</bind>
</comp>

<comp id="1855" class="1004" name="n_1_load_fu_1855">
<pin_list>
<pin id="1856" dir="0" index="0" bw="4" slack="9"/>
<pin id="1857" dir="1" index="1" bw="4" slack="0"/>
</pin_list>
<bind>
<opcode="load(27) " fcode="load"/>
<opset="n_1/10 "/>
</bind>
</comp>

<comp id="1858" class="1004" name="icmp_ln71_fu_1858">
<pin_list>
<pin id="1859" dir="0" index="0" bw="4" slack="0"/>
<pin id="1860" dir="0" index="1" bw="4" slack="0"/>
<pin id="1861" dir="1" index="2" bw="1" slack="2147483647"/>
</pin_list>
<bind>
<opcode="icmp(45) " fcode="icmp"/>
<opset="icmp_ln71/10 "/>
</bind>
</comp>

<comp id="1864" class="1004" name="add_ln71_fu_1864">
<pin_list>
<pin id="1865" dir="0" index="0" bw="4" slack="0"/>
<pin id="1866" dir="0" index="1" bw="1" slack="0"/>
<pin id="1867" dir="1" index="2" bw="4" slack="9"/>
</pin_list>
<bind>
<opcode="add(8) " fcode="add"/>
<opset="add_ln71/10 "/>
</bind>
</comp>

<comp id="1870" class="1004" name="icmp_ln80_fu_1870">
<pin_list>
<pin id="1871" dir="0" index="0" bw="3" slack="0"/>
<pin id="1872" dir="0" index="1" bw="3" slack="0"/>
<pin id="1873" dir="1" index="2" bw="1" slack="2147483647"/>
</pin_list>
<bind>
<opcode="icmp(45) " fcode="icmp"/>
<opset="icmp_ln80/19 "/>
</bind>
</comp>

<comp id="1876" class="1004" name="add_ln80_fu_1876">
<pin_list>
<pin id="1877" dir="0" index="0" bw="3" slack="0"/>
<pin id="1878" dir="0" index="1" bw="1" slack="0"/>
<pin id="1879" dir="1" index="2" bw="3" slack="0"/>
</pin_list>
<bind>
<opcode="add(8) " fcode="add"/>
<opset="add_ln80/19 "/>
</bind>
</comp>

<comp id="1882" class="1004" name="trunc_ln82_fu_1882">
<pin_list>
<pin id="1883" dir="0" index="0" bw="3" slack="0"/>
<pin id="1884" dir="1" index="1" bw="2" slack="9"/>
</pin_list>
<bind>
<opcode="trunc(33) " fcode="trunc"/>
<opset="trunc_ln82/19 "/>
</bind>
</comp>

<comp id="1886" class="1004" name="exp_values_0_05_load_load_fu_1886">
<pin_list>
<pin id="1887" dir="0" index="0" bw="32" slack="18"/>
<pin id="1888" dir="1" index="1" bw="32" slack="0"/>
</pin_list>
<bind>
<opcode="load(27) " fcode="load"/>
<opset="exp_values_0_05_load/19 "/>
</bind>
</comp>

<comp id="1890" class="1004" name="exp_values_1_06_load_load_fu_1890">
<pin_list>
<pin id="1891" dir="0" index="0" bw="32" slack="18"/>
<pin id="1892" dir="1" index="1" bw="32" slack="0"/>
</pin_list>
<bind>
<opcode="load(27) " fcode="load"/>
<opset="exp_values_1_06_load/19 "/>
</bind>
</comp>

<comp id="1894" class="1004" name="exp_values_2_07_load_load_fu_1894">
<pin_list>
<pin id="1895" dir="0" index="0" bw="32" slack="18"/>
<pin id="1896" dir="1" index="1" bw="32" slack="0"/>
</pin_list>
<bind>
<opcode="load(27) " fcode="load"/>
<opset="exp_values_2_07_load/19 "/>
</bind>
</comp>

<comp id="1898" class="1004" name="exp_values_3_08_load_load_fu_1898">
<pin_list>
<pin id="1899" dir="0" index="0" bw="32" slack="18"/>
<pin id="1900" dir="1" index="1" bw="32" slack="0"/>
</pin_list>
<bind>
<opcode="load(27) " fcode="load"/>
<opset="exp_values_3_08_load/19 "/>
</bind>
</comp>

<comp id="1902" class="1004" name="logits_0_01_load_load_fu_1902">
<pin_list>
<pin id="1903" dir="0" index="0" bw="32" slack="18"/>
<pin id="1904" dir="1" index="1" bw="32" slack="0"/>
</pin_list>
<bind>
<opcode="load(27) " fcode="load"/>
<opset="logits_0_01_load/19 "/>
</bind>
</comp>

<comp id="1906" class="1004" name="logits_1_02_load_load_fu_1906">
<pin_list>
<pin id="1907" dir="0" index="0" bw="32" slack="18"/>
<pin id="1908" dir="1" index="1" bw="32" slack="0"/>
</pin_list>
<bind>
<opcode="load(27) " fcode="load"/>
<opset="logits_1_02_load/19 "/>
</bind>
</comp>

<comp id="1910" class="1004" name="logits_2_03_load_load_fu_1910">
<pin_list>
<pin id="1911" dir="0" index="0" bw="32" slack="18"/>
<pin id="1912" dir="1" index="1" bw="32" slack="0"/>
</pin_list>
<bind>
<opcode="load(27) " fcode="load"/>
<opset="logits_2_03_load/19 "/>
</bind>
</comp>

<comp id="1914" class="1004" name="logits_3_04_load_load_fu_1914">
<pin_list>
<pin id="1915" dir="0" index="0" bw="32" slack="18"/>
<pin id="1916" dir="1" index="1" bw="32" slack="0"/>
</pin_list>
<bind>
<opcode="load(27) " fcode="load"/>
<opset="logits_3_04_load/19 "/>
</bind>
</comp>

<comp id="1918" class="1004" name="tmp_5_fu_1918">
<pin_list>
<pin id="1919" dir="0" index="0" bw="8" slack="0"/>
<pin id="1920" dir="0" index="1" bw="4" slack="2147483647"/>
<pin id="1921" dir="0" index="2" bw="1" slack="0"/>
<pin id="1922" dir="1" index="3" bw="8" slack="0"/>
</pin_list>
<bind>
<opcode="bitconcatenate(1004) " fcode="bitconcatenate"/>
<opset="tmp_5/19 "/>
</bind>
</comp>

<comp id="1925" class="1004" name="p_cast14_fu_1925">
<pin_list>
<pin id="1926" dir="0" index="0" bw="8" slack="0"/>
<pin id="1927" dir="1" index="1" bw="64" slack="0"/>
</pin_list>
<bind>
<opcode="zext(34) " fcode="zext"/>
<opset="p_cast14/19 "/>
</bind>
</comp>

<comp id="1929" class="1004" name="empty_61_fu_1929">
<pin_list>
<pin id="1930" dir="0" index="0" bw="8" slack="0"/>
<pin id="1931" dir="0" index="1" bw="64" slack="18"/>
<pin id="1932" dir="1" index="2" bw="64" slack="0"/>
</pin_list>
<bind>
<opcode="add(8) " fcode="add"/>
<opset="empty_61/19 "/>
</bind>
</comp>

<comp id="1934" class="1004" name="trunc_ln6_fu_1934">
<pin_list>
<pin id="1935" dir="0" index="0" bw="62" slack="0"/>
<pin id="1936" dir="0" index="1" bw="64" slack="0"/>
<pin id="1937" dir="0" index="2" bw="3" slack="0"/>
<pin id="1938" dir="0" index="3" bw="7" slack="0"/>
<pin id="1939" dir="1" index="4" bw="62" slack="1"/>
</pin_list>
<bind>
<opcode="partselect(1002) " fcode="partselect"/>
<opset="trunc_ln6/19 "/>
</bind>
</comp>

<comp id="1944" class="1004" name="tmp_6_fu_1944">
<pin_list>
<pin id="1945" dir="0" index="0" bw="12" slack="0"/>
<pin id="1946" dir="0" index="1" bw="4" slack="2147483647"/>
<pin id="1947" dir="0" index="2" bw="1" slack="0"/>
<pin id="1948" dir="1" index="3" bw="12" slack="0"/>
</pin_list>
<bind>
<opcode="bitconcatenate(1004) " fcode="bitconcatenate"/>
<opset="tmp_6/19 "/>
</bind>
</comp>

<comp id="1951" class="1004" name="p_cast16_fu_1951">
<pin_list>
<pin id="1952" dir="0" index="0" bw="12" slack="0"/>
<pin id="1953" dir="1" index="1" bw="64" slack="0"/>
</pin_list>
<bind>
<opcode="zext(34) " fcode="zext"/>
<opset="p_cast16/19 "/>
</bind>
</comp>

<comp id="1955" class="1004" name="empty_63_fu_1955">
<pin_list>
<pin id="1956" dir="0" index="0" bw="12" slack="0"/>
<pin id="1957" dir="0" index="1" bw="64" slack="18"/>
<pin id="1958" dir="1" index="2" bw="64" slack="0"/>
</pin_list>
<bind>
<opcode="add(8) " fcode="add"/>
<opset="empty_63/19 "/>
</bind>
</comp>

<comp id="1960" class="1004" name="trunc_ln7_fu_1960">
<pin_list>
<pin id="1961" dir="0" index="0" bw="62" slack="0"/>
<pin id="1962" dir="0" index="1" bw="64" slack="0"/>
<pin id="1963" dir="0" index="2" bw="3" slack="0"/>
<pin id="1964" dir="0" index="3" bw="7" slack="0"/>
<pin id="1965" dir="1" index="4" bw="62" slack="1"/>
</pin_list>
<bind>
<opcode="partselect(1002) " fcode="partselect"/>
<opset="trunc_ln7/19 "/>
</bind>
</comp>

<comp id="1970" class="1004" name="store_ln71_store_fu_1970">
<pin_list>
<pin id="1971" dir="0" index="0" bw="4" slack="9"/>
<pin id="1972" dir="0" index="1" bw="4" slack="18"/>
<pin id="1973" dir="1" index="2" bw="0" slack="2147483647"/>
</pin_list>
<bind>
<opcode="store(28) " fcode="store"/>
<opset="store_ln71/19 "/>
</bind>
</comp>

<comp id="1974" class="1004" name="p_loc30_load_load_fu_1974">
<pin_list>
<pin id="1975" dir="0" index="0" bw="32" slack="20"/>
<pin id="1976" dir="1" index="1" bw="32" slack="0"/>
</pin_list>
<bind>
<opcode="load(27) " fcode="load"/>
<opset="p_loc30_load/21 "/>
</bind>
</comp>

<comp id="1978" class="1004" name="sum_fu_1978">
<pin_list>
<pin id="1979" dir="0" index="0" bw="32" slack="1"/>
<pin id="1980" dir="1" index="1" bw="32" slack="0"/>
</pin_list>
<bind>
<opcode="bitcast(44) " fcode="bitcast"/>
<opset="sum/21 "/>
</bind>
</comp>

<comp id="1982" class="1004" name="p_loc29_load_load_fu_1982">
<pin_list>
<pin id="1983" dir="0" index="0" bw="32" slack="22"/>
<pin id="1984" dir="1" index="1" bw="32" slack="0"/>
</pin_list>
<bind>
<opcode="load(27) " fcode="load"/>
<opset="p_loc29_load/23 "/>
</bind>
</comp>

<comp id="1986" class="1004" name="p_loc28_load_load_fu_1986">
<pin_list>
<pin id="1987" dir="0" index="0" bw="32" slack="24"/>
<pin id="1988" dir="1" index="1" bw="32" slack="0"/>
</pin_list>
<bind>
<opcode="load(27) " fcode="load"/>
<opset="p_loc28_load/25 "/>
</bind>
</comp>

<comp id="1990" class="1004" name="p_loc_load_load_fu_1990">
<pin_list>
<pin id="1991" dir="0" index="0" bw="32" slack="26"/>
<pin id="1992" dir="1" index="1" bw="32" slack="0"/>
</pin_list>
<bind>
<opcode="load(27) " fcode="load"/>
<opset="p_loc_load/27 "/>
</bind>
</comp>

<comp id="1994" class="1004" name="store_ln35_store_fu_1994">
<pin_list>
<pin id="1995" dir="0" index="0" bw="32" slack="0"/>
<pin id="1996" dir="0" index="1" bw="32" slack="27"/>
<pin id="1997" dir="1" index="2" bw="0" slack="2147483647"/>
</pin_list>
<bind>
<opcode="store(28) " fcode="store"/>
<opset="store_ln35/28 "/>
</bind>
</comp>

<comp id="1999" class="1004" name="store_ln35_store_fu_1999">
<pin_list>
<pin id="2000" dir="0" index="0" bw="32" slack="0"/>
<pin id="2001" dir="0" index="1" bw="32" slack="27"/>
<pin id="2002" dir="1" index="2" bw="0" slack="2147483647"/>
</pin_list>
<bind>
<opcode="store(28) " fcode="store"/>
<opset="store_ln35/28 "/>
</bind>
</comp>

<comp id="2004" class="1004" name="store_ln35_store_fu_2004">
<pin_list>
<pin id="2005" dir="0" index="0" bw="32" slack="0"/>
<pin id="2006" dir="0" index="1" bw="32" slack="27"/>
<pin id="2007" dir="1" index="2" bw="0" slack="2147483647"/>
</pin_list>
<bind>
<opcode="store(28) " fcode="store"/>
<opset="store_ln35/28 "/>
</bind>
</comp>

<comp id="2009" class="1004" name="store_ln35_store_fu_2009">
<pin_list>
<pin id="2010" dir="0" index="0" bw="32" slack="0"/>
<pin id="2011" dir="0" index="1" bw="32" slack="27"/>
<pin id="2012" dir="1" index="2" bw="0" slack="2147483647"/>
</pin_list>
<bind>
<opcode="store(28) " fcode="store"/>
<opset="store_ln35/28 "/>
</bind>
</comp>

<comp id="2014" class="1004" name="bitcast_ln83_fu_2014">
<pin_list>
<pin id="2015" dir="0" index="0" bw="32" slack="1"/>
<pin id="2016" dir="1" index="1" bw="32" slack="0"/>
</pin_list>
<bind>
<opcode="bitcast(44) " fcode="bitcast"/>
<opset="bitcast_ln83/29 "/>
</bind>
</comp>

<comp id="2018" class="1004" name="tmp_2_fu_2018">
<pin_list>
<pin id="2019" dir="0" index="0" bw="8" slack="0"/>
<pin id="2020" dir="0" index="1" bw="32" slack="0"/>
<pin id="2021" dir="0" index="2" bw="6" slack="0"/>
<pin id="2022" dir="0" index="3" bw="6" slack="0"/>
<pin id="2023" dir="1" index="4" bw="8" slack="0"/>
</pin_list>
<bind>
<opcode="partselect(1002) " fcode="partselect"/>
<opset="tmp_2/29 "/>
</bind>
</comp>

<comp id="2028" class="1004" name="trunc_ln83_fu_2028">
<pin_list>
<pin id="2029" dir="0" index="0" bw="32" slack="0"/>
<pin id="2030" dir="1" index="1" bw="23" slack="0"/>
</pin_list>
<bind>
<opcode="trunc(33) " fcode="trunc"/>
<opset="trunc_ln83/29 "/>
</bind>
</comp>

<comp id="2032" class="1004" name="bitcast_ln83_1_fu_2032">
<pin_list>
<pin id="2033" dir="0" index="0" bw="32" slack="10"/>
<pin id="2034" dir="1" index="1" bw="32" slack="0"/>
</pin_list>
<bind>
<opcode="bitcast(44) " fcode="bitcast"/>
<opset="bitcast_ln83_1/29 "/>
</bind>
</comp>

<comp id="2036" class="1004" name="tmp_3_fu_2036">
<pin_list>
<pin id="2037" dir="0" index="0" bw="8" slack="0"/>
<pin id="2038" dir="0" index="1" bw="32" slack="0"/>
<pin id="2039" dir="0" index="2" bw="6" slack="0"/>
<pin id="2040" dir="0" index="3" bw="6" slack="0"/>
<pin id="2041" dir="1" index="4" bw="8" slack="0"/>
</pin_list>
<bind>
<opcode="partselect(1002) " fcode="partselect"/>
<opset="tmp_3/29 "/>
</bind>
</comp>

<comp id="2046" class="1004" name="trunc_ln83_1_fu_2046">
<pin_list>
<pin id="2047" dir="0" index="0" bw="32" slack="0"/>
<pin id="2048" dir="1" index="1" bw="23" slack="0"/>
</pin_list>
<bind>
<opcode="trunc(33) " fcode="trunc"/>
<opset="trunc_ln83_1/29 "/>
</bind>
</comp>

<comp id="2050" class="1004" name="icmp_ln83_fu_2050">
<pin_list>
<pin id="2051" dir="0" index="0" bw="8" slack="0"/>
<pin id="2052" dir="0" index="1" bw="1" slack="0"/>
<pin id="2053" dir="1" index="2" bw="1" slack="0"/>
</pin_list>
<bind>
<opcode="icmp(45) " fcode="icmp"/>
<opset="icmp_ln83/29 "/>
</bind>
</comp>

<comp id="2056" class="1004" name="icmp_ln83_1_fu_2056">
<pin_list>
<pin id="2057" dir="0" index="0" bw="23" slack="0"/>
<pin id="2058" dir="0" index="1" bw="1" slack="0"/>
<pin id="2059" dir="1" index="2" bw="1" slack="0"/>
</pin_list>
<bind>
<opcode="icmp(45) " fcode="icmp"/>
<opset="icmp_ln83_1/29 "/>
</bind>
</comp>

<comp id="2062" class="1004" name="or_ln83_fu_2062">
<pin_list>
<pin id="2063" dir="0" index="0" bw="1" slack="0"/>
<pin id="2064" dir="0" index="1" bw="1" slack="0"/>
<pin id="2065" dir="1" index="2" bw="1" slack="0"/>
</pin_list>
<bind>
<opcode="or(24) " fcode="or"/>
<opset="or_ln83/29 "/>
</bind>
</comp>

<comp id="2068" class="1004" name="icmp_ln83_2_fu_2068">
<pin_list>
<pin id="2069" dir="0" index="0" bw="8" slack="0"/>
<pin id="2070" dir="0" index="1" bw="1" slack="0"/>
<pin id="2071" dir="1" index="2" bw="1" slack="0"/>
</pin_list>
<bind>
<opcode="icmp(45) " fcode="icmp"/>
<opset="icmp_ln83_2/29 "/>
</bind>
</comp>

<comp id="2074" class="1004" name="icmp_ln83_3_fu_2074">
<pin_list>
<pin id="2075" dir="0" index="0" bw="23" slack="0"/>
<pin id="2076" dir="0" index="1" bw="1" slack="0"/>
<pin id="2077" dir="1" index="2" bw="1" slack="0"/>
</pin_list>
<bind>
<opcode="icmp(45) " fcode="icmp"/>
<opset="icmp_ln83_3/29 "/>
</bind>
</comp>

<comp id="2080" class="1004" name="or_ln83_1_fu_2080">
<pin_list>
<pin id="2081" dir="0" index="0" bw="1" slack="0"/>
<pin id="2082" dir="0" index="1" bw="1" slack="0"/>
<pin id="2083" dir="1" index="2" bw="1" slack="0"/>
</pin_list>
<bind>
<opcode="or(24) " fcode="or"/>
<opset="or_ln83_1/29 "/>
</bind>
</comp>

<comp id="2086" class="1004" name="and_ln83_fu_2086">
<pin_list>
<pin id="2087" dir="0" index="0" bw="1" slack="0"/>
<pin id="2088" dir="0" index="1" bw="1" slack="0"/>
<pin id="2089" dir="1" index="2" bw="1" slack="0"/>
</pin_list>
<bind>
<opcode="and(23) " fcode="and"/>
<opset="and_ln83/29 "/>
</bind>
</comp>

<comp id="2092" class="1004" name="and_ln83_1_fu_2092">
<pin_list>
<pin id="2093" dir="0" index="0" bw="1" slack="0"/>
<pin id="2094" dir="0" index="1" bw="1" slack="0"/>
<pin id="2095" dir="1" index="2" bw="1" slack="0"/>
</pin_list>
<bind>
<opcode="and(23) " fcode="and"/>
<opset="and_ln83_1/29 "/>
</bind>
</comp>

<comp id="2098" class="1004" name="max_logit_1_fu_2098">
<pin_list>
<pin id="2099" dir="0" index="0" bw="1" slack="0"/>
<pin id="2100" dir="0" index="1" bw="32" slack="1"/>
<pin id="2101" dir="0" index="2" bw="32" slack="10"/>
<pin id="2102" dir="1" index="3" bw="32" slack="1"/>
</pin_list>
<bind>
<opcode="select(49) " fcode="select"/>
<opset="max_logit_1/29 "/>
</bind>
</comp>

<comp id="2106" class="1004" name="sext_ln95_fu_2106">
<pin_list>
<pin id="2107" dir="0" index="0" bw="62" slack="1"/>
<pin id="2108" dir="1" index="1" bw="64" slack="0"/>
</pin_list>
<bind>
<opcode="sext(35) " fcode="sext"/>
<opset="sext_ln95/30 "/>
</bind>
</comp>

<comp id="2109" class="1004" name="gmem11_addr_fu_2109">
<pin_list>
<pin id="2110" dir="0" index="0" bw="32" slack="0"/>
<pin id="2111" dir="0" index="1" bw="62" slack="0"/>
<pin id="2112" dir="1" index="2" bw="32" slack="0"/>
</pin_list>
<bind>
<opcode="getelementptr(29) " fcode="getelementptr"/>
<opset="gmem11_addr/30 "/>
</bind>
</comp>

<comp id="2116" class="1004" name="sext_ln100_fu_2116">
<pin_list>
<pin id="2117" dir="0" index="0" bw="62" slack="1"/>
<pin id="2118" dir="1" index="1" bw="64" slack="0"/>
</pin_list>
<bind>
<opcode="sext(35) " fcode="sext"/>
<opset="sext_ln100/30 "/>
</bind>
</comp>

<comp id="2119" class="1004" name="gmem12_addr_fu_2119">
<pin_list>
<pin id="2120" dir="0" index="0" bw="32" slack="0"/>
<pin id="2121" dir="0" index="1" bw="62" slack="0"/>
<pin id="2122" dir="1" index="2" bw="32" slack="0"/>
</pin_list>
<bind>
<opcode="getelementptr(29) " fcode="getelementptr"/>
<opset="gmem12_addr/30 "/>
</bind>
</comp>

<comp id="2126" class="1004" name="exp_values_3_1_loc_load_load_fu_2126">
<pin_list>
<pin id="2127" dir="0" index="0" bw="32" slack="20"/>
<pin id="2128" dir="1" index="1" bw="32" slack="0"/>
</pin_list>
<bind>
<opcode="load(27) " fcode="load"/>
<opset="exp_values_3_1_loc_load/31 "/>
</bind>
</comp>

<comp id="2130" class="1004" name="exp_values_2_1_loc_load_load_fu_2130">
<pin_list>
<pin id="2131" dir="0" index="0" bw="32" slack="20"/>
<pin id="2132" dir="1" index="1" bw="32" slack="0"/>
</pin_list>
<bind>
<opcode="load(27) " fcode="load"/>
<opset="exp_values_2_1_loc_load/31 "/>
</bind>
</comp>

<comp id="2134" class="1004" name="exp_values_1_1_loc_load_load_fu_2134">
<pin_list>
<pin id="2135" dir="0" index="0" bw="32" slack="20"/>
<pin id="2136" dir="1" index="1" bw="32" slack="0"/>
</pin_list>
<bind>
<opcode="load(27) " fcode="load"/>
<opset="exp_values_1_1_loc_load/31 "/>
</bind>
</comp>

<comp id="2138" class="1004" name="exp_values_0_1_loc_load_load_fu_2138">
<pin_list>
<pin id="2139" dir="0" index="0" bw="32" slack="20"/>
<pin id="2140" dir="1" index="1" bw="32" slack="0"/>
</pin_list>
<bind>
<opcode="load(27) " fcode="load"/>
<opset="exp_values_0_1_loc_load/31 "/>
</bind>
</comp>

<comp id="2142" class="1004" name="exp_sum_loc_load_load_fu_2142">
<pin_list>
<pin id="2143" dir="0" index="0" bw="32" slack="20"/>
<pin id="2144" dir="1" index="1" bw="32" slack="0"/>
</pin_list>
<bind>
<opcode="load(27) " fcode="load"/>
<opset="exp_sum_loc_load/31 "/>
</bind>
</comp>

<comp id="2146" class="1004" name="store_ln0_store_fu_2146">
<pin_list>
<pin id="2147" dir="0" index="0" bw="32" slack="0"/>
<pin id="2148" dir="0" index="1" bw="32" slack="20"/>
<pin id="2149" dir="1" index="2" bw="0" slack="2147483647"/>
</pin_list>
<bind>
<opcode="store(28) " fcode="store"/>
<opset="store_ln0/31 "/>
</bind>
</comp>

<comp id="2151" class="1004" name="store_ln0_store_fu_2151">
<pin_list>
<pin id="2152" dir="0" index="0" bw="32" slack="0"/>
<pin id="2153" dir="0" index="1" bw="32" slack="20"/>
<pin id="2154" dir="1" index="2" bw="0" slack="2147483647"/>
</pin_list>
<bind>
<opcode="store(28) " fcode="store"/>
<opset="store_ln0/31 "/>
</bind>
</comp>

<comp id="2156" class="1004" name="store_ln0_store_fu_2156">
<pin_list>
<pin id="2157" dir="0" index="0" bw="32" slack="0"/>
<pin id="2158" dir="0" index="1" bw="32" slack="20"/>
<pin id="2159" dir="1" index="2" bw="0" slack="2147483647"/>
</pin_list>
<bind>
<opcode="store(28) " fcode="store"/>
<opset="store_ln0/31 "/>
</bind>
</comp>

<comp id="2161" class="1004" name="store_ln0_store_fu_2161">
<pin_list>
<pin id="2162" dir="0" index="0" bw="32" slack="0"/>
<pin id="2163" dir="0" index="1" bw="32" slack="20"/>
<pin id="2164" dir="1" index="2" bw="0" slack="2147483647"/>
</pin_list>
<bind>
<opcode="store(28) " fcode="store"/>
<opset="store_ln0/31 "/>
</bind>
</comp>

<comp id="2166" class="1004" name="empty_72_fu_2166">
<pin_list>
<pin id="2167" dir="0" index="0" bw="8" slack="13"/>
<pin id="2168" dir="0" index="1" bw="4" slack="0"/>
<pin id="2169" dir="1" index="2" bw="8" slack="0"/>
</pin_list>
<bind>
<opcode="or(24) " fcode="or"/>
<opset="empty_72/42 "/>
</bind>
</comp>

<comp id="2171" class="1004" name="p_cast17_fu_2171">
<pin_list>
<pin id="2172" dir="0" index="0" bw="8" slack="0"/>
<pin id="2173" dir="1" index="1" bw="64" slack="0"/>
</pin_list>
<bind>
<opcode="zext(34) " fcode="zext"/>
<opset="p_cast17/42 "/>
</bind>
</comp>

<comp id="2175" class="1004" name="empty_73_fu_2175">
<pin_list>
<pin id="2176" dir="0" index="0" bw="8" slack="0"/>
<pin id="2177" dir="0" index="1" bw="64" slack="31"/>
<pin id="2178" dir="1" index="2" bw="64" slack="0"/>
</pin_list>
<bind>
<opcode="add(8) " fcode="add"/>
<opset="empty_73/42 "/>
</bind>
</comp>

<comp id="2180" class="1004" name="p_cast_fu_2180">
<pin_list>
<pin id="2181" dir="0" index="0" bw="62" slack="0"/>
<pin id="2182" dir="0" index="1" bw="64" slack="0"/>
<pin id="2183" dir="0" index="2" bw="3" slack="0"/>
<pin id="2184" dir="0" index="3" bw="7" slack="0"/>
<pin id="2185" dir="1" index="4" bw="62" slack="0"/>
</pin_list>
<bind>
<opcode="partselect(1002) " fcode="partselect"/>
<opset="p_cast/42 "/>
</bind>
</comp>

<comp id="2190" class="1004" name="p_cast_cast_fu_2190">
<pin_list>
<pin id="2191" dir="0" index="0" bw="62" slack="0"/>
<pin id="2192" dir="1" index="1" bw="64" slack="0"/>
</pin_list>
<bind>
<opcode="sext(35) " fcode="sext"/>
<opset="p_cast_cast/42 "/>
</bind>
</comp>

<comp id="2194" class="1004" name="gmem11_addr_1_fu_2194">
<pin_list>
<pin id="2195" dir="0" index="0" bw="32" slack="0"/>
<pin id="2196" dir="0" index="1" bw="62" slack="0"/>
<pin id="2197" dir="1" index="2" bw="32" slack="1"/>
</pin_list>
<bind>
<opcode="getelementptr(29) " fcode="getelementptr"/>
<opset="gmem11_addr_1/42 "/>
</bind>
</comp>

<comp id="2200" class="1004" name="empty_77_fu_2200">
<pin_list>
<pin id="2201" dir="0" index="0" bw="8" slack="13"/>
<pin id="2202" dir="0" index="1" bw="5" slack="0"/>
<pin id="2203" dir="1" index="2" bw="8" slack="0"/>
</pin_list>
<bind>
<opcode="or(24) " fcode="or"/>
<opset="empty_77/42 "/>
</bind>
</comp>

<comp id="2205" class="1004" name="p_cast18_fu_2205">
<pin_list>
<pin id="2206" dir="0" index="0" bw="8" slack="0"/>
<pin id="2207" dir="1" index="1" bw="64" slack="0"/>
</pin_list>
<bind>
<opcode="zext(34) " fcode="zext"/>
<opset="p_cast18/42 "/>
</bind>
</comp>

<comp id="2209" class="1004" name="empty_78_fu_2209">
<pin_list>
<pin id="2210" dir="0" index="0" bw="8" slack="0"/>
<pin id="2211" dir="0" index="1" bw="64" slack="31"/>
<pin id="2212" dir="1" index="2" bw="64" slack="0"/>
</pin_list>
<bind>
<opcode="add(8) " fcode="add"/>
<opset="empty_78/42 "/>
</bind>
</comp>

<comp id="2214" class="1004" name="p_cast1_fu_2214">
<pin_list>
<pin id="2215" dir="0" index="0" bw="62" slack="0"/>
<pin id="2216" dir="0" index="1" bw="64" slack="0"/>
<pin id="2217" dir="0" index="2" bw="3" slack="0"/>
<pin id="2218" dir="0" index="3" bw="7" slack="0"/>
<pin id="2219" dir="1" index="4" bw="62" slack="0"/>
</pin_list>
<bind>
<opcode="partselect(1002) " fcode="partselect"/>
<opset="p_cast1/42 "/>
</bind>
</comp>

<comp id="2224" class="1004" name="p_cast12_cast_fu_2224">
<pin_list>
<pin id="2225" dir="0" index="0" bw="62" slack="0"/>
<pin id="2226" dir="1" index="1" bw="64" slack="0"/>
</pin_list>
<bind>
<opcode="sext(35) " fcode="sext"/>
<opset="p_cast12_cast/42 "/>
</bind>
</comp>

<comp id="2228" class="1004" name="gmem11_addr_2_fu_2228">
<pin_list>
<pin id="2229" dir="0" index="0" bw="32" slack="0"/>
<pin id="2230" dir="0" index="1" bw="62" slack="0"/>
<pin id="2231" dir="1" index="2" bw="32" slack="2"/>
</pin_list>
<bind>
<opcode="getelementptr(29) " fcode="getelementptr"/>
<opset="gmem11_addr_2/42 "/>
</bind>
</comp>

<comp id="2234" class="1004" name="empty_82_fu_2234">
<pin_list>
<pin id="2235" dir="0" index="0" bw="8" slack="13"/>
<pin id="2236" dir="0" index="1" bw="5" slack="0"/>
<pin id="2237" dir="1" index="2" bw="8" slack="0"/>
</pin_list>
<bind>
<opcode="or(24) " fcode="or"/>
<opset="empty_82/42 "/>
</bind>
</comp>

<comp id="2239" class="1004" name="p_cast19_fu_2239">
<pin_list>
<pin id="2240" dir="0" index="0" bw="8" slack="0"/>
<pin id="2241" dir="1" index="1" bw="64" slack="0"/>
</pin_list>
<bind>
<opcode="zext(34) " fcode="zext"/>
<opset="p_cast19/42 "/>
</bind>
</comp>

<comp id="2243" class="1004" name="empty_83_fu_2243">
<pin_list>
<pin id="2244" dir="0" index="0" bw="8" slack="0"/>
<pin id="2245" dir="0" index="1" bw="64" slack="31"/>
<pin id="2246" dir="1" index="2" bw="64" slack="0"/>
</pin_list>
<bind>
<opcode="add(8) " fcode="add"/>
<opset="empty_83/42 "/>
</bind>
</comp>

<comp id="2248" class="1004" name="p_cast2_fu_2248">
<pin_list>
<pin id="2249" dir="0" index="0" bw="62" slack="0"/>
<pin id="2250" dir="0" index="1" bw="64" slack="0"/>
<pin id="2251" dir="0" index="2" bw="3" slack="0"/>
<pin id="2252" dir="0" index="3" bw="7" slack="0"/>
<pin id="2253" dir="1" index="4" bw="62" slack="0"/>
</pin_list>
<bind>
<opcode="partselect(1002) " fcode="partselect"/>
<opset="p_cast2/42 "/>
</bind>
</comp>

<comp id="2258" class="1004" name="p_cast13_cast_fu_2258">
<pin_list>
<pin id="2259" dir="0" index="0" bw="62" slack="0"/>
<pin id="2260" dir="1" index="1" bw="64" slack="0"/>
</pin_list>
<bind>
<opcode="sext(35) " fcode="sext"/>
<opset="p_cast13_cast/42 "/>
</bind>
</comp>

<comp id="2262" class="1004" name="gmem11_addr_3_fu_2262">
<pin_list>
<pin id="2263" dir="0" index="0" bw="32" slack="0"/>
<pin id="2264" dir="0" index="1" bw="62" slack="0"/>
<pin id="2265" dir="1" index="2" bw="32" slack="3"/>
</pin_list>
<bind>
<opcode="getelementptr(29) " fcode="getelementptr"/>
<opset="gmem11_addr_3/42 "/>
</bind>
</comp>

<comp id="2268" class="1004" name="empty_69_fu_2268">
<pin_list>
<pin id="2269" dir="0" index="0" bw="32" slack="1"/>
<pin id="2270" dir="1" index="1" bw="32" slack="0"/>
</pin_list>
<bind>
<opcode="bitcast(44) " fcode="bitcast"/>
<opset="empty_69/48 "/>
</bind>
</comp>

<comp id="2272" class="1004" name="empty_74_fu_2272">
<pin_list>
<pin id="2273" dir="0" index="0" bw="32" slack="1"/>
<pin id="2274" dir="1" index="1" bw="32" slack="0"/>
</pin_list>
<bind>
<opcode="bitcast(44) " fcode="bitcast"/>
<opset="empty_74/52 "/>
</bind>
</comp>

<comp id="2276" class="1004" name="empty_79_fu_2276">
<pin_list>
<pin id="2277" dir="0" index="0" bw="32" slack="1"/>
<pin id="2278" dir="1" index="1" bw="32" slack="0"/>
</pin_list>
<bind>
<opcode="bitcast(44) " fcode="bitcast"/>
<opset="empty_79/56 "/>
</bind>
</comp>

<comp id="2280" class="1004" name="empty_84_fu_2280">
<pin_list>
<pin id="2281" dir="0" index="0" bw="32" slack="1"/>
<pin id="2282" dir="1" index="1" bw="32" slack="0"/>
</pin_list>
<bind>
<opcode="bitcast(44) " fcode="bitcast"/>
<opset="empty_84/60 "/>
</bind>
</comp>

<comp id="2284" class="1005" name="n_reg_2284">
<pin_list>
<pin id="2285" dir="0" index="0" bw="4" slack="0"/>
<pin id="2286" dir="1" index="1" bw="4" slack="0"/>
</pin_list>
<bind>
<opset="n "/>
</bind>
</comp>

<comp id="2291" class="1005" name="exp_values_0_05_reg_2291">
<pin_list>
<pin id="2292" dir="0" index="0" bw="32" slack="18"/>
<pin id="2293" dir="1" index="1" bw="32" slack="18"/>
</pin_list>
<bind>
<opset="exp_values_0_05 "/>
</bind>
</comp>

<comp id="2297" class="1005" name="exp_values_1_06_reg_2297">
<pin_list>
<pin id="2298" dir="0" index="0" bw="32" slack="18"/>
<pin id="2299" dir="1" index="1" bw="32" slack="18"/>
</pin_list>
<bind>
<opset="exp_values_1_06 "/>
</bind>
</comp>

<comp id="2303" class="1005" name="exp_values_2_07_reg_2303">
<pin_list>
<pin id="2304" dir="0" index="0" bw="32" slack="18"/>
<pin id="2305" dir="1" index="1" bw="32" slack="18"/>
</pin_list>
<bind>
<opset="exp_values_2_07 "/>
</bind>
</comp>

<comp id="2309" class="1005" name="exp_values_3_08_reg_2309">
<pin_list>
<pin id="2310" dir="0" index="0" bw="32" slack="18"/>
<pin id="2311" dir="1" index="1" bw="32" slack="18"/>
</pin_list>
<bind>
<opset="exp_values_3_08 "/>
</bind>
</comp>

<comp id="2315" class="1005" name="logits_0_01_reg_2315">
<pin_list>
<pin id="2316" dir="0" index="0" bw="32" slack="18"/>
<pin id="2317" dir="1" index="1" bw="32" slack="18"/>
</pin_list>
<bind>
<opset="logits_0_01 "/>
</bind>
</comp>

<comp id="2321" class="1005" name="logits_1_02_reg_2321">
<pin_list>
<pin id="2322" dir="0" index="0" bw="32" slack="18"/>
<pin id="2323" dir="1" index="1" bw="32" slack="18"/>
</pin_list>
<bind>
<opset="logits_1_02 "/>
</bind>
</comp>

<comp id="2327" class="1005" name="logits_2_03_reg_2327">
<pin_list>
<pin id="2328" dir="0" index="0" bw="32" slack="18"/>
<pin id="2329" dir="1" index="1" bw="32" slack="18"/>
</pin_list>
<bind>
<opset="logits_2_03 "/>
</bind>
</comp>

<comp id="2333" class="1005" name="logits_3_04_reg_2333">
<pin_list>
<pin id="2334" dir="0" index="0" bw="32" slack="18"/>
<pin id="2335" dir="1" index="1" bw="32" slack="18"/>
</pin_list>
<bind>
<opset="logits_3_04 "/>
</bind>
</comp>

<comp id="2339" class="1005" name="output_r_read_reg_2339">
<pin_list>
<pin id="2340" dir="0" index="0" bw="64" slack="18"/>
<pin id="2341" dir="1" index="1" bw="64" slack="18"/>
</pin_list>
<bind>
<opset="output_r_read "/>
</bind>
</comp>

<comp id="2348" class="1005" name="gates_out_read_reg_2348">
<pin_list>
<pin id="2349" dir="0" index="0" bw="64" slack="18"/>
<pin id="2350" dir="1" index="1" bw="64" slack="18"/>
</pin_list>
<bind>
<opset="gates_out_read "/>
</bind>
</comp>

<comp id="2356" class="1005" name="exp_sum_loc_reg_2356">
<pin_list>
<pin id="2357" dir="0" index="0" bw="32" slack="18"/>
<pin id="2358" dir="1" index="1" bw="32" slack="18"/>
</pin_list>
<bind>
<opset="exp_sum_loc "/>
</bind>
</comp>

<comp id="2362" class="1005" name="exp_values_0_1_loc_reg_2362">
<pin_list>
<pin id="2363" dir="0" index="0" bw="32" slack="18"/>
<pin id="2364" dir="1" index="1" bw="32" slack="18"/>
</pin_list>
<bind>
<opset="exp_values_0_1_loc "/>
</bind>
</comp>

<comp id="2368" class="1005" name="exp_values_1_1_loc_reg_2368">
<pin_list>
<pin id="2369" dir="0" index="0" bw="32" slack="18"/>
<pin id="2370" dir="1" index="1" bw="32" slack="18"/>
</pin_list>
<bind>
<opset="exp_values_1_1_loc "/>
</bind>
</comp>

<comp id="2374" class="1005" name="exp_values_2_1_loc_reg_2374">
<pin_list>
<pin id="2375" dir="0" index="0" bw="32" slack="18"/>
<pin id="2376" dir="1" index="1" bw="32" slack="18"/>
</pin_list>
<bind>
<opset="exp_values_2_1_loc "/>
</bind>
</comp>

<comp id="2380" class="1005" name="exp_values_3_1_loc_reg_2380">
<pin_list>
<pin id="2381" dir="0" index="0" bw="32" slack="18"/>
<pin id="2382" dir="1" index="1" bw="32" slack="18"/>
</pin_list>
<bind>
<opset="exp_values_3_1_loc "/>
</bind>
</comp>

<comp id="2386" class="1005" name="p_loc30_reg_2386">
<pin_list>
<pin id="2387" dir="0" index="0" bw="32" slack="18"/>
<pin id="2388" dir="1" index="1" bw="32" slack="18"/>
</pin_list>
<bind>
<opset="p_loc30 "/>
</bind>
</comp>

<comp id="2392" class="1005" name="p_loc29_reg_2392">
<pin_list>
<pin id="2393" dir="0" index="0" bw="32" slack="18"/>
<pin id="2394" dir="1" index="1" bw="32" slack="18"/>
</pin_list>
<bind>
<opset="p_loc29 "/>
</bind>
</comp>

<comp id="2398" class="1005" name="p_loc28_reg_2398">
<pin_list>
<pin id="2399" dir="0" index="0" bw="32" slack="18"/>
<pin id="2400" dir="1" index="1" bw="32" slack="18"/>
</pin_list>
<bind>
<opset="p_loc28 "/>
</bind>
</comp>

<comp id="2404" class="1005" name="p_loc_reg_2404">
<pin_list>
<pin id="2405" dir="0" index="0" bw="32" slack="18"/>
<pin id="2406" dir="1" index="1" bw="32" slack="18"/>
</pin_list>
<bind>
<opset="p_loc "/>
</bind>
</comp>

<comp id="2410" class="1005" name="trunc_ln_reg_2410">
<pin_list>
<pin id="2411" dir="0" index="0" bw="62" slack="1"/>
<pin id="2412" dir="1" index="1" bw="62" slack="1"/>
</pin_list>
<bind>
<opset="trunc_ln "/>
</bind>
</comp>

<comp id="2416" class="1005" name="trunc_ln1_reg_2416">
<pin_list>
<pin id="2417" dir="0" index="0" bw="62" slack="8"/>
<pin id="2418" dir="1" index="1" bw="62" slack="8"/>
</pin_list>
<bind>
<opset="trunc_ln1 "/>
</bind>
</comp>

<comp id="2422" class="1005" name="gmem2_addr_reg_2422">
<pin_list>
<pin id="2423" dir="0" index="0" bw="32" slack="10"/>
<pin id="2424" dir="1" index="1" bw="32" slack="10"/>
</pin_list>
<bind>
<opset="gmem2_addr "/>
</bind>
</comp>

<comp id="2428" class="1005" name="trunc_ln2_reg_2428">
<pin_list>
<pin id="2429" dir="0" index="0" bw="62" slack="8"/>
<pin id="2430" dir="1" index="1" bw="62" slack="8"/>
</pin_list>
<bind>
<opset="trunc_ln2 "/>
</bind>
</comp>

<comp id="2434" class="1005" name="trunc_ln106_1_reg_2434">
<pin_list>
<pin id="2435" dir="0" index="0" bw="62" slack="8"/>
<pin id="2436" dir="1" index="1" bw="62" slack="8"/>
</pin_list>
<bind>
<opset="trunc_ln106_1 "/>
</bind>
</comp>

<comp id="2440" class="1005" name="trunc_ln3_reg_2440">
<pin_list>
<pin id="2441" dir="0" index="0" bw="62" slack="8"/>
<pin id="2442" dir="1" index="1" bw="62" slack="8"/>
</pin_list>
<bind>
<opset="trunc_ln3 "/>
</bind>
</comp>

<comp id="2446" class="1005" name="trunc_ln116_1_reg_2446">
<pin_list>
<pin id="2447" dir="0" index="0" bw="62" slack="8"/>
<pin id="2448" dir="1" index="1" bw="62" slack="8"/>
</pin_list>
<bind>
<opset="trunc_ln116_1 "/>
</bind>
</comp>

<comp id="2452" class="1005" name="trunc_ln4_reg_2452">
<pin_list>
<pin id="2453" dir="0" index="0" bw="62" slack="8"/>
<pin id="2454" dir="1" index="1" bw="62" slack="8"/>
</pin_list>
<bind>
<opset="trunc_ln4 "/>
</bind>
</comp>

<comp id="2458" class="1005" name="trunc_ln126_1_reg_2458">
<pin_list>
<pin id="2459" dir="0" index="0" bw="62" slack="8"/>
<pin id="2460" dir="1" index="1" bw="62" slack="8"/>
</pin_list>
<bind>
<opset="trunc_ln126_1 "/>
</bind>
</comp>

<comp id="2464" class="1005" name="trunc_ln5_reg_2464">
<pin_list>
<pin id="2465" dir="0" index="0" bw="62" slack="8"/>
<pin id="2466" dir="1" index="1" bw="62" slack="8"/>
</pin_list>
<bind>
<opset="trunc_ln5 "/>
</bind>
</comp>

<comp id="2470" class="1005" name="trunc_ln136_1_reg_2470">
<pin_list>
<pin id="2471" dir="0" index="0" bw="62" slack="8"/>
<pin id="2472" dir="1" index="1" bw="62" slack="8"/>
</pin_list>
<bind>
<opset="trunc_ln136_1 "/>
</bind>
</comp>

<comp id="2476" class="1005" name="gmem0_addr_reg_2476">
<pin_list>
<pin id="2477" dir="0" index="0" bw="32" slack="1"/>
<pin id="2478" dir="1" index="1" bw="32" slack="1"/>
</pin_list>
<bind>
<opset="gmem0_addr "/>
</bind>
</comp>

<comp id="2481" class="1005" name="x_addr_reg_2481">
<pin_list>
<pin id="2482" dir="0" index="0" bw="6" slack="23"/>
<pin id="2483" dir="1" index="1" bw="6" slack="23"/>
</pin_list>
<bind>
<opset="x_addr "/>
</bind>
</comp>

<comp id="2486" class="1005" name="x_addr_1_reg_2486">
<pin_list>
<pin id="2487" dir="0" index="0" bw="6" slack="23"/>
<pin id="2488" dir="1" index="1" bw="6" slack="23"/>
</pin_list>
<bind>
<opset="x_addr_1 "/>
</bind>
</comp>

<comp id="2491" class="1005" name="x_addr_2_reg_2491">
<pin_list>
<pin id="2492" dir="0" index="0" bw="6" slack="23"/>
<pin id="2493" dir="1" index="1" bw="6" slack="23"/>
</pin_list>
<bind>
<opset="x_addr_2 "/>
</bind>
</comp>

<comp id="2496" class="1005" name="x_addr_3_reg_2496">
<pin_list>
<pin id="2497" dir="0" index="0" bw="6" slack="23"/>
<pin id="2498" dir="1" index="1" bw="6" slack="23"/>
</pin_list>
<bind>
<opset="x_addr_3 "/>
</bind>
</comp>

<comp id="2501" class="1005" name="x_addr_4_reg_2501">
<pin_list>
<pin id="2502" dir="0" index="0" bw="6" slack="23"/>
<pin id="2503" dir="1" index="1" bw="6" slack="23"/>
</pin_list>
<bind>
<opset="x_addr_4 "/>
</bind>
</comp>

<comp id="2506" class="1005" name="x_addr_5_reg_2506">
<pin_list>
<pin id="2507" dir="0" index="0" bw="6" slack="23"/>
<pin id="2508" dir="1" index="1" bw="6" slack="23"/>
</pin_list>
<bind>
<opset="x_addr_5 "/>
</bind>
</comp>

<comp id="2511" class="1005" name="x_addr_6_reg_2511">
<pin_list>
<pin id="2512" dir="0" index="0" bw="6" slack="23"/>
<pin id="2513" dir="1" index="1" bw="6" slack="23"/>
</pin_list>
<bind>
<opset="x_addr_6 "/>
</bind>
</comp>

<comp id="2516" class="1005" name="x_addr_7_reg_2516">
<pin_list>
<pin id="2517" dir="0" index="0" bw="6" slack="23"/>
<pin id="2518" dir="1" index="1" bw="6" slack="23"/>
</pin_list>
<bind>
<opset="x_addr_7 "/>
</bind>
</comp>

<comp id="2521" class="1005" name="x_addr_8_reg_2521">
<pin_list>
<pin id="2522" dir="0" index="0" bw="6" slack="23"/>
<pin id="2523" dir="1" index="1" bw="6" slack="23"/>
</pin_list>
<bind>
<opset="x_addr_8 "/>
</bind>
</comp>

<comp id="2526" class="1005" name="x_addr_9_reg_2526">
<pin_list>
<pin id="2527" dir="0" index="0" bw="6" slack="23"/>
<pin id="2528" dir="1" index="1" bw="6" slack="23"/>
</pin_list>
<bind>
<opset="x_addr_9 "/>
</bind>
</comp>

<comp id="2531" class="1005" name="x_addr_10_reg_2531">
<pin_list>
<pin id="2532" dir="0" index="0" bw="6" slack="23"/>
<pin id="2533" dir="1" index="1" bw="6" slack="23"/>
</pin_list>
<bind>
<opset="x_addr_10 "/>
</bind>
</comp>

<comp id="2536" class="1005" name="x_addr_11_reg_2536">
<pin_list>
<pin id="2537" dir="0" index="0" bw="6" slack="23"/>
<pin id="2538" dir="1" index="1" bw="6" slack="23"/>
</pin_list>
<bind>
<opset="x_addr_11 "/>
</bind>
</comp>

<comp id="2541" class="1005" name="x_addr_12_reg_2541">
<pin_list>
<pin id="2542" dir="0" index="0" bw="6" slack="23"/>
<pin id="2543" dir="1" index="1" bw="6" slack="23"/>
</pin_list>
<bind>
<opset="x_addr_12 "/>
</bind>
</comp>

<comp id="2546" class="1005" name="x_addr_13_reg_2546">
<pin_list>
<pin id="2547" dir="0" index="0" bw="6" slack="24"/>
<pin id="2548" dir="1" index="1" bw="6" slack="24"/>
</pin_list>
<bind>
<opset="x_addr_13 "/>
</bind>
</comp>

<comp id="2551" class="1005" name="x_addr_14_reg_2551">
<pin_list>
<pin id="2552" dir="0" index="0" bw="6" slack="24"/>
<pin id="2553" dir="1" index="1" bw="6" slack="24"/>
</pin_list>
<bind>
<opset="x_addr_14 "/>
</bind>
</comp>

<comp id="2556" class="1005" name="x_addr_15_reg_2556">
<pin_list>
<pin id="2557" dir="0" index="0" bw="6" slack="24"/>
<pin id="2558" dir="1" index="1" bw="6" slack="24"/>
</pin_list>
<bind>
<opset="x_addr_15 "/>
</bind>
</comp>

<comp id="2561" class="1005" name="x_addr_16_reg_2561">
<pin_list>
<pin id="2562" dir="0" index="0" bw="6" slack="24"/>
<pin id="2563" dir="1" index="1" bw="6" slack="24"/>
</pin_list>
<bind>
<opset="x_addr_16 "/>
</bind>
</comp>

<comp id="2566" class="1005" name="x_addr_17_reg_2566">
<pin_list>
<pin id="2567" dir="0" index="0" bw="6" slack="24"/>
<pin id="2568" dir="1" index="1" bw="6" slack="24"/>
</pin_list>
<bind>
<opset="x_addr_17 "/>
</bind>
</comp>

<comp id="2571" class="1005" name="x_addr_18_reg_2571">
<pin_list>
<pin id="2572" dir="0" index="0" bw="6" slack="24"/>
<pin id="2573" dir="1" index="1" bw="6" slack="24"/>
</pin_list>
<bind>
<opset="x_addr_18 "/>
</bind>
</comp>

<comp id="2576" class="1005" name="x_addr_19_reg_2576">
<pin_list>
<pin id="2577" dir="0" index="0" bw="6" slack="24"/>
<pin id="2578" dir="1" index="1" bw="6" slack="24"/>
</pin_list>
<bind>
<opset="x_addr_19 "/>
</bind>
</comp>

<comp id="2581" class="1005" name="x_addr_20_reg_2581">
<pin_list>
<pin id="2582" dir="0" index="0" bw="6" slack="24"/>
<pin id="2583" dir="1" index="1" bw="6" slack="24"/>
</pin_list>
<bind>
<opset="x_addr_20 "/>
</bind>
</comp>

<comp id="2586" class="1005" name="x_addr_21_reg_2586">
<pin_list>
<pin id="2587" dir="0" index="0" bw="6" slack="24"/>
<pin id="2588" dir="1" index="1" bw="6" slack="24"/>
</pin_list>
<bind>
<opset="x_addr_21 "/>
</bind>
</comp>

<comp id="2591" class="1005" name="x_addr_22_reg_2591">
<pin_list>
<pin id="2592" dir="0" index="0" bw="6" slack="24"/>
<pin id="2593" dir="1" index="1" bw="6" slack="24"/>
</pin_list>
<bind>
<opset="x_addr_22 "/>
</bind>
</comp>

<comp id="2596" class="1005" name="x_addr_23_reg_2596">
<pin_list>
<pin id="2597" dir="0" index="0" bw="6" slack="24"/>
<pin id="2598" dir="1" index="1" bw="6" slack="24"/>
</pin_list>
<bind>
<opset="x_addr_23 "/>
</bind>
</comp>

<comp id="2601" class="1005" name="x_addr_24_reg_2601">
<pin_list>
<pin id="2602" dir="0" index="0" bw="6" slack="24"/>
<pin id="2603" dir="1" index="1" bw="6" slack="24"/>
</pin_list>
<bind>
<opset="x_addr_24 "/>
</bind>
</comp>

<comp id="2606" class="1005" name="x_addr_25_reg_2606">
<pin_list>
<pin id="2607" dir="0" index="0" bw="6" slack="24"/>
<pin id="2608" dir="1" index="1" bw="6" slack="24"/>
</pin_list>
<bind>
<opset="x_addr_25 "/>
</bind>
</comp>

<comp id="2611" class="1005" name="x_addr_26_reg_2611">
<pin_list>
<pin id="2612" dir="0" index="0" bw="6" slack="24"/>
<pin id="2613" dir="1" index="1" bw="6" slack="24"/>
</pin_list>
<bind>
<opset="x_addr_26 "/>
</bind>
</comp>

<comp id="2616" class="1005" name="x_addr_27_reg_2616">
<pin_list>
<pin id="2617" dir="0" index="0" bw="6" slack="24"/>
<pin id="2618" dir="1" index="1" bw="6" slack="24"/>
</pin_list>
<bind>
<opset="x_addr_27 "/>
</bind>
</comp>

<comp id="2621" class="1005" name="x_addr_28_reg_2621">
<pin_list>
<pin id="2622" dir="0" index="0" bw="6" slack="24"/>
<pin id="2623" dir="1" index="1" bw="6" slack="24"/>
</pin_list>
<bind>
<opset="x_addr_28 "/>
</bind>
</comp>

<comp id="2626" class="1005" name="x_addr_29_reg_2626">
<pin_list>
<pin id="2627" dir="0" index="0" bw="6" slack="24"/>
<pin id="2628" dir="1" index="1" bw="6" slack="24"/>
</pin_list>
<bind>
<opset="x_addr_29 "/>
</bind>
</comp>

<comp id="2631" class="1005" name="x_addr_30_reg_2631">
<pin_list>
<pin id="2632" dir="0" index="0" bw="6" slack="25"/>
<pin id="2633" dir="1" index="1" bw="6" slack="25"/>
</pin_list>
<bind>
<opset="x_addr_30 "/>
</bind>
</comp>

<comp id="2636" class="1005" name="x_addr_31_reg_2636">
<pin_list>
<pin id="2637" dir="0" index="0" bw="6" slack="25"/>
<pin id="2638" dir="1" index="1" bw="6" slack="25"/>
</pin_list>
<bind>
<opset="x_addr_31 "/>
</bind>
</comp>

<comp id="2641" class="1005" name="x_addr_32_reg_2641">
<pin_list>
<pin id="2642" dir="0" index="0" bw="6" slack="25"/>
<pin id="2643" dir="1" index="1" bw="6" slack="25"/>
</pin_list>
<bind>
<opset="x_addr_32 "/>
</bind>
</comp>

<comp id="2646" class="1005" name="x_addr_33_reg_2646">
<pin_list>
<pin id="2647" dir="0" index="0" bw="6" slack="25"/>
<pin id="2648" dir="1" index="1" bw="6" slack="25"/>
</pin_list>
<bind>
<opset="x_addr_33 "/>
</bind>
</comp>

<comp id="2651" class="1005" name="x_addr_34_reg_2651">
<pin_list>
<pin id="2652" dir="0" index="0" bw="6" slack="25"/>
<pin id="2653" dir="1" index="1" bw="6" slack="25"/>
</pin_list>
<bind>
<opset="x_addr_34 "/>
</bind>
</comp>

<comp id="2656" class="1005" name="x_addr_35_reg_2656">
<pin_list>
<pin id="2657" dir="0" index="0" bw="6" slack="25"/>
<pin id="2658" dir="1" index="1" bw="6" slack="25"/>
</pin_list>
<bind>
<opset="x_addr_35 "/>
</bind>
</comp>

<comp id="2661" class="1005" name="x_addr_36_reg_2661">
<pin_list>
<pin id="2662" dir="0" index="0" bw="6" slack="25"/>
<pin id="2663" dir="1" index="1" bw="6" slack="25"/>
</pin_list>
<bind>
<opset="x_addr_36 "/>
</bind>
</comp>

<comp id="2666" class="1005" name="x_addr_37_reg_2666">
<pin_list>
<pin id="2667" dir="0" index="0" bw="6" slack="25"/>
<pin id="2668" dir="1" index="1" bw="6" slack="25"/>
</pin_list>
<bind>
<opset="x_addr_37 "/>
</bind>
</comp>

<comp id="2671" class="1005" name="x_addr_38_reg_2671">
<pin_list>
<pin id="2672" dir="0" index="0" bw="6" slack="25"/>
<pin id="2673" dir="1" index="1" bw="6" slack="25"/>
</pin_list>
<bind>
<opset="x_addr_38 "/>
</bind>
</comp>

<comp id="2676" class="1005" name="x_addr_39_reg_2676">
<pin_list>
<pin id="2677" dir="0" index="0" bw="6" slack="25"/>
<pin id="2678" dir="1" index="1" bw="6" slack="25"/>
</pin_list>
<bind>
<opset="x_addr_39 "/>
</bind>
</comp>

<comp id="2681" class="1005" name="x_addr_40_reg_2681">
<pin_list>
<pin id="2682" dir="0" index="0" bw="6" slack="25"/>
<pin id="2683" dir="1" index="1" bw="6" slack="25"/>
</pin_list>
<bind>
<opset="x_addr_40 "/>
</bind>
</comp>

<comp id="2686" class="1005" name="x_addr_41_reg_2686">
<pin_list>
<pin id="2687" dir="0" index="0" bw="6" slack="25"/>
<pin id="2688" dir="1" index="1" bw="6" slack="25"/>
</pin_list>
<bind>
<opset="x_addr_41 "/>
</bind>
</comp>

<comp id="2691" class="1005" name="x_addr_42_reg_2691">
<pin_list>
<pin id="2692" dir="0" index="0" bw="6" slack="25"/>
<pin id="2693" dir="1" index="1" bw="6" slack="25"/>
</pin_list>
<bind>
<opset="x_addr_42 "/>
</bind>
</comp>

<comp id="2696" class="1005" name="x_addr_43_reg_2696">
<pin_list>
<pin id="2697" dir="0" index="0" bw="6" slack="25"/>
<pin id="2698" dir="1" index="1" bw="6" slack="25"/>
</pin_list>
<bind>
<opset="x_addr_43 "/>
</bind>
</comp>

<comp id="2701" class="1005" name="x_addr_44_reg_2701">
<pin_list>
<pin id="2702" dir="0" index="0" bw="6" slack="25"/>
<pin id="2703" dir="1" index="1" bw="6" slack="25"/>
</pin_list>
<bind>
<opset="x_addr_44 "/>
</bind>
</comp>

<comp id="2706" class="1005" name="x_addr_45_reg_2706">
<pin_list>
<pin id="2707" dir="0" index="0" bw="6" slack="25"/>
<pin id="2708" dir="1" index="1" bw="6" slack="25"/>
</pin_list>
<bind>
<opset="x_addr_45 "/>
</bind>
</comp>

<comp id="2711" class="1005" name="x_addr_46_reg_2711">
<pin_list>
<pin id="2712" dir="0" index="0" bw="6" slack="25"/>
<pin id="2713" dir="1" index="1" bw="6" slack="25"/>
</pin_list>
<bind>
<opset="x_addr_46 "/>
</bind>
</comp>

<comp id="2716" class="1005" name="x_addr_47_reg_2716">
<pin_list>
<pin id="2717" dir="0" index="0" bw="6" slack="26"/>
<pin id="2718" dir="1" index="1" bw="6" slack="26"/>
</pin_list>
<bind>
<opset="x_addr_47 "/>
</bind>
</comp>

<comp id="2721" class="1005" name="x_addr_48_reg_2721">
<pin_list>
<pin id="2722" dir="0" index="0" bw="6" slack="26"/>
<pin id="2723" dir="1" index="1" bw="6" slack="26"/>
</pin_list>
<bind>
<opset="x_addr_48 "/>
</bind>
</comp>

<comp id="2726" class="1005" name="x_addr_49_reg_2726">
<pin_list>
<pin id="2727" dir="0" index="0" bw="6" slack="26"/>
<pin id="2728" dir="1" index="1" bw="6" slack="26"/>
</pin_list>
<bind>
<opset="x_addr_49 "/>
</bind>
</comp>

<comp id="2731" class="1005" name="x_addr_50_reg_2731">
<pin_list>
<pin id="2732" dir="0" index="0" bw="6" slack="26"/>
<pin id="2733" dir="1" index="1" bw="6" slack="26"/>
</pin_list>
<bind>
<opset="x_addr_50 "/>
</bind>
</comp>

<comp id="2736" class="1005" name="x_addr_51_reg_2736">
<pin_list>
<pin id="2737" dir="0" index="0" bw="6" slack="26"/>
<pin id="2738" dir="1" index="1" bw="6" slack="26"/>
</pin_list>
<bind>
<opset="x_addr_51 "/>
</bind>
</comp>

<comp id="2741" class="1005" name="x_addr_52_reg_2741">
<pin_list>
<pin id="2742" dir="0" index="0" bw="6" slack="26"/>
<pin id="2743" dir="1" index="1" bw="6" slack="26"/>
</pin_list>
<bind>
<opset="x_addr_52 "/>
</bind>
</comp>

<comp id="2746" class="1005" name="x_addr_53_reg_2746">
<pin_list>
<pin id="2747" dir="0" index="0" bw="6" slack="26"/>
<pin id="2748" dir="1" index="1" bw="6" slack="26"/>
</pin_list>
<bind>
<opset="x_addr_53 "/>
</bind>
</comp>

<comp id="2751" class="1005" name="x_addr_54_reg_2751">
<pin_list>
<pin id="2752" dir="0" index="0" bw="6" slack="26"/>
<pin id="2753" dir="1" index="1" bw="6" slack="26"/>
</pin_list>
<bind>
<opset="x_addr_54 "/>
</bind>
</comp>

<comp id="2756" class="1005" name="x_addr_55_reg_2756">
<pin_list>
<pin id="2757" dir="0" index="0" bw="6" slack="26"/>
<pin id="2758" dir="1" index="1" bw="6" slack="26"/>
</pin_list>
<bind>
<opset="x_addr_55 "/>
</bind>
</comp>

<comp id="2761" class="1005" name="x_addr_56_reg_2761">
<pin_list>
<pin id="2762" dir="0" index="0" bw="6" slack="26"/>
<pin id="2763" dir="1" index="1" bw="6" slack="26"/>
</pin_list>
<bind>
<opset="x_addr_56 "/>
</bind>
</comp>

<comp id="2766" class="1005" name="x_addr_57_reg_2766">
<pin_list>
<pin id="2767" dir="0" index="0" bw="6" slack="26"/>
<pin id="2768" dir="1" index="1" bw="6" slack="26"/>
</pin_list>
<bind>
<opset="x_addr_57 "/>
</bind>
</comp>

<comp id="2771" class="1005" name="x_addr_58_reg_2771">
<pin_list>
<pin id="2772" dir="0" index="0" bw="6" slack="26"/>
<pin id="2773" dir="1" index="1" bw="6" slack="26"/>
</pin_list>
<bind>
<opset="x_addr_58 "/>
</bind>
</comp>

<comp id="2776" class="1005" name="x_addr_59_reg_2776">
<pin_list>
<pin id="2777" dir="0" index="0" bw="6" slack="26"/>
<pin id="2778" dir="1" index="1" bw="6" slack="26"/>
</pin_list>
<bind>
<opset="x_addr_59 "/>
</bind>
</comp>

<comp id="2781" class="1005" name="x_addr_60_reg_2781">
<pin_list>
<pin id="2782" dir="0" index="0" bw="6" slack="26"/>
<pin id="2783" dir="1" index="1" bw="6" slack="26"/>
</pin_list>
<bind>
<opset="x_addr_60 "/>
</bind>
</comp>

<comp id="2786" class="1005" name="x_addr_61_reg_2786">
<pin_list>
<pin id="2787" dir="0" index="0" bw="6" slack="26"/>
<pin id="2788" dir="1" index="1" bw="6" slack="26"/>
</pin_list>
<bind>
<opset="x_addr_61 "/>
</bind>
</comp>

<comp id="2791" class="1005" name="x_addr_62_reg_2791">
<pin_list>
<pin id="2792" dir="0" index="0" bw="6" slack="26"/>
<pin id="2793" dir="1" index="1" bw="6" slack="26"/>
</pin_list>
<bind>
<opset="x_addr_62 "/>
</bind>
</comp>

<comp id="2796" class="1005" name="x_addr_63_reg_2796">
<pin_list>
<pin id="2797" dir="0" index="0" bw="6" slack="26"/>
<pin id="2798" dir="1" index="1" bw="6" slack="26"/>
</pin_list>
<bind>
<opset="x_addr_63 "/>
</bind>
</comp>

<comp id="2801" class="1005" name="gmem1_addr_reg_2801">
<pin_list>
<pin id="2802" dir="0" index="0" bw="32" slack="2"/>
<pin id="2803" dir="1" index="1" bw="32" slack="2"/>
</pin_list>
<bind>
<opset="gmem1_addr "/>
</bind>
</comp>

<comp id="2806" class="1005" name="gmem3_addr_reg_2806">
<pin_list>
<pin id="2807" dir="0" index="0" bw="32" slack="19"/>
<pin id="2808" dir="1" index="1" bw="32" slack="19"/>
</pin_list>
<bind>
<opset="gmem3_addr "/>
</bind>
</comp>

<comp id="2811" class="1005" name="gmem4_addr_reg_2811">
<pin_list>
<pin id="2812" dir="0" index="0" bw="32" slack="19"/>
<pin id="2813" dir="1" index="1" bw="32" slack="19"/>
</pin_list>
<bind>
<opset="gmem4_addr "/>
</bind>
</comp>

<comp id="2816" class="1005" name="gmem5_addr_reg_2816">
<pin_list>
<pin id="2817" dir="0" index="0" bw="32" slack="19"/>
<pin id="2818" dir="1" index="1" bw="32" slack="19"/>
</pin_list>
<bind>
<opset="gmem5_addr "/>
</bind>
</comp>

<comp id="2821" class="1005" name="gmem6_addr_reg_2821">
<pin_list>
<pin id="2822" dir="0" index="0" bw="32" slack="19"/>
<pin id="2823" dir="1" index="1" bw="32" slack="19"/>
</pin_list>
<bind>
<opset="gmem6_addr "/>
</bind>
</comp>

<comp id="2826" class="1005" name="gmem7_addr_reg_2826">
<pin_list>
<pin id="2827" dir="0" index="0" bw="32" slack="19"/>
<pin id="2828" dir="1" index="1" bw="32" slack="19"/>
</pin_list>
<bind>
<opset="gmem7_addr "/>
</bind>
</comp>

<comp id="2831" class="1005" name="gmem8_addr_reg_2831">
<pin_list>
<pin id="2832" dir="0" index="0" bw="32" slack="19"/>
<pin id="2833" dir="1" index="1" bw="32" slack="19"/>
</pin_list>
<bind>
<opset="gmem8_addr "/>
</bind>
</comp>

<comp id="2836" class="1005" name="gmem9_addr_reg_2836">
<pin_list>
<pin id="2837" dir="0" index="0" bw="32" slack="19"/>
<pin id="2838" dir="1" index="1" bw="32" slack="19"/>
</pin_list>
<bind>
<opset="gmem9_addr "/>
</bind>
</comp>

<comp id="2841" class="1005" name="gmem10_addr_reg_2841">
<pin_list>
<pin id="2842" dir="0" index="0" bw="32" slack="19"/>
<pin id="2843" dir="1" index="1" bw="32" slack="19"/>
</pin_list>
<bind>
<opset="gmem10_addr "/>
</bind>
</comp>

<comp id="2846" class="1005" name="n_1_reg_2846">
<pin_list>
<pin id="2847" dir="0" index="0" bw="4" slack="28"/>
<pin id="2848" dir="1" index="1" bw="4" slack="28"/>
</pin_list>
<bind>
<opset="n_1 "/>
</bind>
</comp>

<comp id="2857" class="1005" name="add_ln71_reg_2857">
<pin_list>
<pin id="2858" dir="0" index="0" bw="4" slack="9"/>
<pin id="2859" dir="1" index="1" bw="4" slack="9"/>
</pin_list>
<bind>
<opset="add_ln71 "/>
</bind>
</comp>

<comp id="2865" class="1005" name="add_ln80_reg_2865">
<pin_list>
<pin id="2866" dir="0" index="0" bw="3" slack="0"/>
<pin id="2867" dir="1" index="1" bw="3" slack="0"/>
</pin_list>
<bind>
<opset="add_ln80 "/>
</bind>
</comp>

<comp id="2870" class="1005" name="trunc_ln82_reg_2870">
<pin_list>
<pin id="2871" dir="0" index="0" bw="2" slack="9"/>
<pin id="2872" dir="1" index="1" bw="2" slack="2147483647"/>
</pin_list>
<bind>
<opset="trunc_ln82 "/>
</bind>
</comp>

<comp id="2886" class="1005" name="logits_0_01_load_reg_2886">
<pin_list>
<pin id="2887" dir="0" index="0" bw="32" slack="1"/>
<pin id="2888" dir="1" index="1" bw="32" slack="1"/>
</pin_list>
<bind>
<opset="logits_0_01_load "/>
</bind>
</comp>

<comp id="2891" class="1005" name="logits_1_02_load_reg_2891">
<pin_list>
<pin id="2892" dir="0" index="0" bw="32" slack="1"/>
<pin id="2893" dir="1" index="1" bw="32" slack="1"/>
</pin_list>
<bind>
<opset="logits_1_02_load "/>
</bind>
</comp>

<comp id="2896" class="1005" name="logits_2_03_load_reg_2896">
<pin_list>
<pin id="2897" dir="0" index="0" bw="32" slack="1"/>
<pin id="2898" dir="1" index="1" bw="32" slack="1"/>
</pin_list>
<bind>
<opset="logits_2_03_load "/>
</bind>
</comp>

<comp id="2901" class="1005" name="logits_3_04_load_reg_2901">
<pin_list>
<pin id="2902" dir="0" index="0" bw="32" slack="1"/>
<pin id="2903" dir="1" index="1" bw="32" slack="1"/>
</pin_list>
<bind>
<opset="logits_3_04_load "/>
</bind>
</comp>

<comp id="2906" class="1005" name="tmp_5_reg_2906">
<pin_list>
<pin id="2907" dir="0" index="0" bw="8" slack="13"/>
<pin id="2908" dir="1" index="1" bw="8" slack="13"/>
</pin_list>
<bind>
<opset="tmp_5 "/>
</bind>
</comp>

<comp id="2913" class="1005" name="trunc_ln6_reg_2913">
<pin_list>
<pin id="2914" dir="0" index="0" bw="62" slack="1"/>
<pin id="2915" dir="1" index="1" bw="62" slack="1"/>
</pin_list>
<bind>
<opset="trunc_ln6 "/>
</bind>
</comp>

<comp id="2919" class="1005" name="trunc_ln7_reg_2919">
<pin_list>
<pin id="2920" dir="0" index="0" bw="62" slack="1"/>
<pin id="2921" dir="1" index="1" bw="62" slack="1"/>
</pin_list>
<bind>
<opset="trunc_ln7 "/>
</bind>
</comp>

<comp id="2925" class="1005" name="gmem2_addr_read_reg_2925">
<pin_list>
<pin id="2926" dir="0" index="0" bw="32" slack="1"/>
<pin id="2927" dir="1" index="1" bw="32" slack="1"/>
</pin_list>
<bind>
<opset="gmem2_addr_read "/>
</bind>
</comp>

<comp id="2933" class="1005" name="sum_reg_2933">
<pin_list>
<pin id="2934" dir="0" index="0" bw="32" slack="1"/>
<pin id="2935" dir="1" index="1" bw="32" slack="1"/>
</pin_list>
<bind>
<opset="sum "/>
</bind>
</comp>

<comp id="2947" class="1005" name="max_logit_1_reg_2947">
<pin_list>
<pin id="2948" dir="0" index="0" bw="32" slack="1"/>
<pin id="2949" dir="1" index="1" bw="32" slack="1"/>
</pin_list>
<bind>
<opset="max_logit_1 "/>
</bind>
</comp>

<comp id="2952" class="1005" name="gmem11_addr_reg_2952">
<pin_list>
<pin id="2953" dir="0" index="0" bw="32" slack="3"/>
<pin id="2954" dir="1" index="1" bw="32" slack="3"/>
</pin_list>
<bind>
<opset="gmem11_addr "/>
</bind>
</comp>

<comp id="2958" class="1005" name="gmem12_addr_reg_2958">
<pin_list>
<pin id="2959" dir="0" index="0" bw="32" slack="3"/>
<pin id="2960" dir="1" index="1" bw="32" slack="3"/>
</pin_list>
<bind>
<opset="gmem12_addr "/>
</bind>
</comp>

<comp id="2978" class="1005" name="gmem11_addr_1_reg_2978">
<pin_list>
<pin id="2979" dir="0" index="0" bw="32" slack="1"/>
<pin id="2980" dir="1" index="1" bw="32" slack="1"/>
</pin_list>
<bind>
<opset="gmem11_addr_1 "/>
</bind>
</comp>

<comp id="2984" class="1005" name="gmem11_addr_2_reg_2984">
<pin_list>
<pin id="2985" dir="0" index="0" bw="32" slack="2"/>
<pin id="2986" dir="1" index="1" bw="32" slack="2"/>
</pin_list>
<bind>
<opset="gmem11_addr_2 "/>
</bind>
</comp>

<comp id="2990" class="1005" name="gmem11_addr_3_reg_2990">
<pin_list>
<pin id="2991" dir="0" index="0" bw="32" slack="3"/>
<pin id="2992" dir="1" index="1" bw="32" slack="3"/>
</pin_list>
<bind>
<opset="gmem11_addr_3 "/>
</bind>
</comp>

<comp id="2996" class="1005" name="x_load_reg_2996">
<pin_list>
<pin id="2997" dir="0" index="0" bw="32" slack="3"/>
<pin id="2998" dir="1" index="1" bw="32" slack="3"/>
</pin_list>
<bind>
<opset="x_load "/>
</bind>
</comp>

<comp id="3004" class="1005" name="x_load_1_reg_3004">
<pin_list>
<pin id="3005" dir="0" index="0" bw="32" slack="3"/>
<pin id="3006" dir="1" index="1" bw="32" slack="3"/>
</pin_list>
<bind>
<opset="x_load_1 "/>
</bind>
</comp>

<comp id="3012" class="1005" name="x_load_2_reg_3012">
<pin_list>
<pin id="3013" dir="0" index="0" bw="32" slack="3"/>
<pin id="3014" dir="1" index="1" bw="32" slack="3"/>
</pin_list>
<bind>
<opset="x_load_2 "/>
</bind>
</comp>

<comp id="3020" class="1005" name="x_load_3_reg_3020">
<pin_list>
<pin id="3021" dir="0" index="0" bw="32" slack="3"/>
<pin id="3022" dir="1" index="1" bw="32" slack="3"/>
</pin_list>
<bind>
<opset="x_load_3 "/>
</bind>
</comp>

<comp id="3028" class="1005" name="x_load_4_reg_3028">
<pin_list>
<pin id="3029" dir="0" index="0" bw="32" slack="3"/>
<pin id="3030" dir="1" index="1" bw="32" slack="3"/>
</pin_list>
<bind>
<opset="x_load_4 "/>
</bind>
</comp>

<comp id="3036" class="1005" name="x_load_5_reg_3036">
<pin_list>
<pin id="3037" dir="0" index="0" bw="32" slack="3"/>
<pin id="3038" dir="1" index="1" bw="32" slack="3"/>
</pin_list>
<bind>
<opset="x_load_5 "/>
</bind>
</comp>

<comp id="3044" class="1005" name="x_load_6_reg_3044">
<pin_list>
<pin id="3045" dir="0" index="0" bw="32" slack="3"/>
<pin id="3046" dir="1" index="1" bw="32" slack="3"/>
</pin_list>
<bind>
<opset="x_load_6 "/>
</bind>
</comp>

<comp id="3052" class="1005" name="x_load_7_reg_3052">
<pin_list>
<pin id="3053" dir="0" index="0" bw="32" slack="3"/>
<pin id="3054" dir="1" index="1" bw="32" slack="3"/>
</pin_list>
<bind>
<opset="x_load_7 "/>
</bind>
</comp>

<comp id="3060" class="1005" name="x_load_8_reg_3060">
<pin_list>
<pin id="3061" dir="0" index="0" bw="32" slack="3"/>
<pin id="3062" dir="1" index="1" bw="32" slack="3"/>
</pin_list>
<bind>
<opset="x_load_8 "/>
</bind>
</comp>

<comp id="3068" class="1005" name="x_load_9_reg_3068">
<pin_list>
<pin id="3069" dir="0" index="0" bw="32" slack="3"/>
<pin id="3070" dir="1" index="1" bw="32" slack="3"/>
</pin_list>
<bind>
<opset="x_load_9 "/>
</bind>
</comp>

<comp id="3076" class="1005" name="x_load_10_reg_3076">
<pin_list>
<pin id="3077" dir="0" index="0" bw="32" slack="3"/>
<pin id="3078" dir="1" index="1" bw="32" slack="3"/>
</pin_list>
<bind>
<opset="x_load_10 "/>
</bind>
</comp>

<comp id="3084" class="1005" name="x_load_11_reg_3084">
<pin_list>
<pin id="3085" dir="0" index="0" bw="32" slack="3"/>
<pin id="3086" dir="1" index="1" bw="32" slack="3"/>
</pin_list>
<bind>
<opset="x_load_11 "/>
</bind>
</comp>

<comp id="3092" class="1005" name="x_load_12_reg_3092">
<pin_list>
<pin id="3093" dir="0" index="0" bw="32" slack="3"/>
<pin id="3094" dir="1" index="1" bw="32" slack="3"/>
</pin_list>
<bind>
<opset="x_load_12 "/>
</bind>
</comp>

<comp id="3100" class="1005" name="x_load_13_reg_3100">
<pin_list>
<pin id="3101" dir="0" index="0" bw="32" slack="2"/>
<pin id="3102" dir="1" index="1" bw="32" slack="2"/>
</pin_list>
<bind>
<opset="x_load_13 "/>
</bind>
</comp>

<comp id="3108" class="1005" name="x_load_14_reg_3108">
<pin_list>
<pin id="3109" dir="0" index="0" bw="32" slack="2"/>
<pin id="3110" dir="1" index="1" bw="32" slack="2"/>
</pin_list>
<bind>
<opset="x_load_14 "/>
</bind>
</comp>

<comp id="3116" class="1005" name="x_load_15_reg_3116">
<pin_list>
<pin id="3117" dir="0" index="0" bw="32" slack="2"/>
<pin id="3118" dir="1" index="1" bw="32" slack="2"/>
</pin_list>
<bind>
<opset="x_load_15 "/>
</bind>
</comp>

<comp id="3124" class="1005" name="x_load_16_reg_3124">
<pin_list>
<pin id="3125" dir="0" index="0" bw="32" slack="2"/>
<pin id="3126" dir="1" index="1" bw="32" slack="2"/>
</pin_list>
<bind>
<opset="x_load_16 "/>
</bind>
</comp>

<comp id="3132" class="1005" name="x_load_17_reg_3132">
<pin_list>
<pin id="3133" dir="0" index="0" bw="32" slack="2"/>
<pin id="3134" dir="1" index="1" bw="32" slack="2"/>
</pin_list>
<bind>
<opset="x_load_17 "/>
</bind>
</comp>

<comp id="3140" class="1005" name="x_load_18_reg_3140">
<pin_list>
<pin id="3141" dir="0" index="0" bw="32" slack="2"/>
<pin id="3142" dir="1" index="1" bw="32" slack="2"/>
</pin_list>
<bind>
<opset="x_load_18 "/>
</bind>
</comp>

<comp id="3148" class="1005" name="x_load_19_reg_3148">
<pin_list>
<pin id="3149" dir="0" index="0" bw="32" slack="2"/>
<pin id="3150" dir="1" index="1" bw="32" slack="2"/>
</pin_list>
<bind>
<opset="x_load_19 "/>
</bind>
</comp>

<comp id="3156" class="1005" name="x_load_20_reg_3156">
<pin_list>
<pin id="3157" dir="0" index="0" bw="32" slack="2"/>
<pin id="3158" dir="1" index="1" bw="32" slack="2"/>
</pin_list>
<bind>
<opset="x_load_20 "/>
</bind>
</comp>

<comp id="3164" class="1005" name="x_load_21_reg_3164">
<pin_list>
<pin id="3165" dir="0" index="0" bw="32" slack="2"/>
<pin id="3166" dir="1" index="1" bw="32" slack="2"/>
</pin_list>
<bind>
<opset="x_load_21 "/>
</bind>
</comp>

<comp id="3172" class="1005" name="x_load_22_reg_3172">
<pin_list>
<pin id="3173" dir="0" index="0" bw="32" slack="2"/>
<pin id="3174" dir="1" index="1" bw="32" slack="2"/>
</pin_list>
<bind>
<opset="x_load_22 "/>
</bind>
</comp>

<comp id="3180" class="1005" name="x_load_23_reg_3180">
<pin_list>
<pin id="3181" dir="0" index="0" bw="32" slack="2"/>
<pin id="3182" dir="1" index="1" bw="32" slack="2"/>
</pin_list>
<bind>
<opset="x_load_23 "/>
</bind>
</comp>

<comp id="3188" class="1005" name="x_load_24_reg_3188">
<pin_list>
<pin id="3189" dir="0" index="0" bw="32" slack="2"/>
<pin id="3190" dir="1" index="1" bw="32" slack="2"/>
</pin_list>
<bind>
<opset="x_load_24 "/>
</bind>
</comp>

<comp id="3196" class="1005" name="x_load_25_reg_3196">
<pin_list>
<pin id="3197" dir="0" index="0" bw="32" slack="2"/>
<pin id="3198" dir="1" index="1" bw="32" slack="2"/>
</pin_list>
<bind>
<opset="x_load_25 "/>
</bind>
</comp>

<comp id="3204" class="1005" name="x_load_26_reg_3204">
<pin_list>
<pin id="3205" dir="0" index="0" bw="32" slack="2"/>
<pin id="3206" dir="1" index="1" bw="32" slack="2"/>
</pin_list>
<bind>
<opset="x_load_26 "/>
</bind>
</comp>

<comp id="3212" class="1005" name="x_load_27_reg_3212">
<pin_list>
<pin id="3213" dir="0" index="0" bw="32" slack="2"/>
<pin id="3214" dir="1" index="1" bw="32" slack="2"/>
</pin_list>
<bind>
<opset="x_load_27 "/>
</bind>
</comp>

<comp id="3220" class="1005" name="x_load_28_reg_3220">
<pin_list>
<pin id="3221" dir="0" index="0" bw="32" slack="2"/>
<pin id="3222" dir="1" index="1" bw="32" slack="2"/>
</pin_list>
<bind>
<opset="x_load_28 "/>
</bind>
</comp>

<comp id="3228" class="1005" name="x_load_29_reg_3228">
<pin_list>
<pin id="3229" dir="0" index="0" bw="32" slack="2"/>
<pin id="3230" dir="1" index="1" bw="32" slack="2"/>
</pin_list>
<bind>
<opset="x_load_29 "/>
</bind>
</comp>

<comp id="3236" class="1005" name="x_load_30_reg_3236">
<pin_list>
<pin id="3237" dir="0" index="0" bw="32" slack="1"/>
<pin id="3238" dir="1" index="1" bw="32" slack="1"/>
</pin_list>
<bind>
<opset="x_load_30 "/>
</bind>
</comp>

<comp id="3244" class="1005" name="x_load_31_reg_3244">
<pin_list>
<pin id="3245" dir="0" index="0" bw="32" slack="1"/>
<pin id="3246" dir="1" index="1" bw="32" slack="1"/>
</pin_list>
<bind>
<opset="x_load_31 "/>
</bind>
</comp>

<comp id="3252" class="1005" name="x_load_32_reg_3252">
<pin_list>
<pin id="3253" dir="0" index="0" bw="32" slack="1"/>
<pin id="3254" dir="1" index="1" bw="32" slack="1"/>
</pin_list>
<bind>
<opset="x_load_32 "/>
</bind>
</comp>

<comp id="3260" class="1005" name="x_load_33_reg_3260">
<pin_list>
<pin id="3261" dir="0" index="0" bw="32" slack="1"/>
<pin id="3262" dir="1" index="1" bw="32" slack="1"/>
</pin_list>
<bind>
<opset="x_load_33 "/>
</bind>
</comp>

<comp id="3268" class="1005" name="x_load_34_reg_3268">
<pin_list>
<pin id="3269" dir="0" index="0" bw="32" slack="1"/>
<pin id="3270" dir="1" index="1" bw="32" slack="1"/>
</pin_list>
<bind>
<opset="x_load_34 "/>
</bind>
</comp>

<comp id="3276" class="1005" name="x_load_35_reg_3276">
<pin_list>
<pin id="3277" dir="0" index="0" bw="32" slack="1"/>
<pin id="3278" dir="1" index="1" bw="32" slack="1"/>
</pin_list>
<bind>
<opset="x_load_35 "/>
</bind>
</comp>

<comp id="3284" class="1005" name="x_load_36_reg_3284">
<pin_list>
<pin id="3285" dir="0" index="0" bw="32" slack="1"/>
<pin id="3286" dir="1" index="1" bw="32" slack="1"/>
</pin_list>
<bind>
<opset="x_load_36 "/>
</bind>
</comp>

<comp id="3292" class="1005" name="x_load_37_reg_3292">
<pin_list>
<pin id="3293" dir="0" index="0" bw="32" slack="1"/>
<pin id="3294" dir="1" index="1" bw="32" slack="1"/>
</pin_list>
<bind>
<opset="x_load_37 "/>
</bind>
</comp>

<comp id="3300" class="1005" name="x_load_38_reg_3300">
<pin_list>
<pin id="3301" dir="0" index="0" bw="32" slack="1"/>
<pin id="3302" dir="1" index="1" bw="32" slack="1"/>
</pin_list>
<bind>
<opset="x_load_38 "/>
</bind>
</comp>

<comp id="3308" class="1005" name="x_load_39_reg_3308">
<pin_list>
<pin id="3309" dir="0" index="0" bw="32" slack="1"/>
<pin id="3310" dir="1" index="1" bw="32" slack="1"/>
</pin_list>
<bind>
<opset="x_load_39 "/>
</bind>
</comp>

<comp id="3316" class="1005" name="x_load_40_reg_3316">
<pin_list>
<pin id="3317" dir="0" index="0" bw="32" slack="1"/>
<pin id="3318" dir="1" index="1" bw="32" slack="1"/>
</pin_list>
<bind>
<opset="x_load_40 "/>
</bind>
</comp>

<comp id="3324" class="1005" name="x_load_41_reg_3324">
<pin_list>
<pin id="3325" dir="0" index="0" bw="32" slack="1"/>
<pin id="3326" dir="1" index="1" bw="32" slack="1"/>
</pin_list>
<bind>
<opset="x_load_41 "/>
</bind>
</comp>

<comp id="3332" class="1005" name="x_load_42_reg_3332">
<pin_list>
<pin id="3333" dir="0" index="0" bw="32" slack="1"/>
<pin id="3334" dir="1" index="1" bw="32" slack="1"/>
</pin_list>
<bind>
<opset="x_load_42 "/>
</bind>
</comp>

<comp id="3340" class="1005" name="x_load_43_reg_3340">
<pin_list>
<pin id="3341" dir="0" index="0" bw="32" slack="1"/>
<pin id="3342" dir="1" index="1" bw="32" slack="1"/>
</pin_list>
<bind>
<opset="x_load_43 "/>
</bind>
</comp>

<comp id="3348" class="1005" name="x_load_44_reg_3348">
<pin_list>
<pin id="3349" dir="0" index="0" bw="32" slack="1"/>
<pin id="3350" dir="1" index="1" bw="32" slack="1"/>
</pin_list>
<bind>
<opset="x_load_44 "/>
</bind>
</comp>

<comp id="3356" class="1005" name="x_load_45_reg_3356">
<pin_list>
<pin id="3357" dir="0" index="0" bw="32" slack="1"/>
<pin id="3358" dir="1" index="1" bw="32" slack="1"/>
</pin_list>
<bind>
<opset="x_load_45 "/>
</bind>
</comp>

<comp id="3364" class="1005" name="x_load_46_reg_3364">
<pin_list>
<pin id="3365" dir="0" index="0" bw="32" slack="1"/>
<pin id="3366" dir="1" index="1" bw="32" slack="1"/>
</pin_list>
<bind>
<opset="x_load_46 "/>
</bind>
</comp>

<comp id="3372" class="1005" name="x_load_47_reg_3372">
<pin_list>
<pin id="3373" dir="0" index="0" bw="32" slack="1"/>
<pin id="3374" dir="1" index="1" bw="32" slack="1"/>
</pin_list>
<bind>
<opset="x_load_47 "/>
</bind>
</comp>

<comp id="3380" class="1005" name="x_load_48_reg_3380">
<pin_list>
<pin id="3381" dir="0" index="0" bw="32" slack="1"/>
<pin id="3382" dir="1" index="1" bw="32" slack="1"/>
</pin_list>
<bind>
<opset="x_load_48 "/>
</bind>
</comp>

<comp id="3388" class="1005" name="x_load_49_reg_3388">
<pin_list>
<pin id="3389" dir="0" index="0" bw="32" slack="1"/>
<pin id="3390" dir="1" index="1" bw="32" slack="1"/>
</pin_list>
<bind>
<opset="x_load_49 "/>
</bind>
</comp>

<comp id="3396" class="1005" name="x_load_50_reg_3396">
<pin_list>
<pin id="3397" dir="0" index="0" bw="32" slack="1"/>
<pin id="3398" dir="1" index="1" bw="32" slack="1"/>
</pin_list>
<bind>
<opset="x_load_50 "/>
</bind>
</comp>

<comp id="3404" class="1005" name="x_load_51_reg_3404">
<pin_list>
<pin id="3405" dir="0" index="0" bw="32" slack="1"/>
<pin id="3406" dir="1" index="1" bw="32" slack="1"/>
</pin_list>
<bind>
<opset="x_load_51 "/>
</bind>
</comp>

<comp id="3412" class="1005" name="x_load_52_reg_3412">
<pin_list>
<pin id="3413" dir="0" index="0" bw="32" slack="1"/>
<pin id="3414" dir="1" index="1" bw="32" slack="1"/>
</pin_list>
<bind>
<opset="x_load_52 "/>
</bind>
</comp>

<comp id="3420" class="1005" name="x_load_53_reg_3420">
<pin_list>
<pin id="3421" dir="0" index="0" bw="32" slack="1"/>
<pin id="3422" dir="1" index="1" bw="32" slack="1"/>
</pin_list>
<bind>
<opset="x_load_53 "/>
</bind>
</comp>

<comp id="3428" class="1005" name="x_load_54_reg_3428">
<pin_list>
<pin id="3429" dir="0" index="0" bw="32" slack="1"/>
<pin id="3430" dir="1" index="1" bw="32" slack="1"/>
</pin_list>
<bind>
<opset="x_load_54 "/>
</bind>
</comp>

<comp id="3436" class="1005" name="x_load_55_reg_3436">
<pin_list>
<pin id="3437" dir="0" index="0" bw="32" slack="1"/>
<pin id="3438" dir="1" index="1" bw="32" slack="1"/>
</pin_list>
<bind>
<opset="x_load_55 "/>
</bind>
</comp>

<comp id="3444" class="1005" name="x_load_56_reg_3444">
<pin_list>
<pin id="3445" dir="0" index="0" bw="32" slack="1"/>
<pin id="3446" dir="1" index="1" bw="32" slack="1"/>
</pin_list>
<bind>
<opset="x_load_56 "/>
</bind>
</comp>

<comp id="3452" class="1005" name="x_load_57_reg_3452">
<pin_list>
<pin id="3453" dir="0" index="0" bw="32" slack="1"/>
<pin id="3454" dir="1" index="1" bw="32" slack="1"/>
</pin_list>
<bind>
<opset="x_load_57 "/>
</bind>
</comp>

<comp id="3460" class="1005" name="x_load_58_reg_3460">
<pin_list>
<pin id="3461" dir="0" index="0" bw="32" slack="1"/>
<pin id="3462" dir="1" index="1" bw="32" slack="1"/>
</pin_list>
<bind>
<opset="x_load_58 "/>
</bind>
</comp>

<comp id="3468" class="1005" name="x_load_59_reg_3468">
<pin_list>
<pin id="3469" dir="0" index="0" bw="32" slack="1"/>
<pin id="3470" dir="1" index="1" bw="32" slack="1"/>
</pin_list>
<bind>
<opset="x_load_59 "/>
</bind>
</comp>

<comp id="3476" class="1005" name="x_load_60_reg_3476">
<pin_list>
<pin id="3477" dir="0" index="0" bw="32" slack="1"/>
<pin id="3478" dir="1" index="1" bw="32" slack="1"/>
</pin_list>
<bind>
<opset="x_load_60 "/>
</bind>
</comp>

<comp id="3484" class="1005" name="x_load_61_reg_3484">
<pin_list>
<pin id="3485" dir="0" index="0" bw="32" slack="1"/>
<pin id="3486" dir="1" index="1" bw="32" slack="1"/>
</pin_list>
<bind>
<opset="x_load_61 "/>
</bind>
</comp>

<comp id="3492" class="1005" name="x_load_62_reg_3492">
<pin_list>
<pin id="3493" dir="0" index="0" bw="32" slack="1"/>
<pin id="3494" dir="1" index="1" bw="32" slack="1"/>
</pin_list>
<bind>
<opset="x_load_62 "/>
</bind>
</comp>

<comp id="3500" class="1005" name="x_load_63_reg_3500">
<pin_list>
<pin id="3501" dir="0" index="0" bw="32" slack="1"/>
<pin id="3502" dir="1" index="1" bw="32" slack="1"/>
</pin_list>
<bind>
<opset="x_load_63 "/>
</bind>
</comp>

<comp id="3508" class="1005" name="gmem11_addr_read_reg_3508">
<pin_list>
<pin id="3509" dir="0" index="0" bw="32" slack="1"/>
<pin id="3510" dir="1" index="1" bw="32" slack="1"/>
</pin_list>
<bind>
<opset="gmem11_addr_read "/>
</bind>
</comp>

<comp id="3513" class="1005" name="empty_69_reg_3513">
<pin_list>
<pin id="3514" dir="0" index="0" bw="32" slack="1"/>
<pin id="3515" dir="1" index="1" bw="32" slack="1"/>
</pin_list>
<bind>
<opset="empty_69 "/>
</bind>
</comp>

<comp id="3518" class="1005" name="gmem11_addr_1_read_reg_3518">
<pin_list>
<pin id="3519" dir="0" index="0" bw="32" slack="1"/>
<pin id="3520" dir="1" index="1" bw="32" slack="1"/>
</pin_list>
<bind>
<opset="gmem11_addr_1_read "/>
</bind>
</comp>

<comp id="3523" class="1005" name="empty_74_reg_3523">
<pin_list>
<pin id="3524" dir="0" index="0" bw="32" slack="1"/>
<pin id="3525" dir="1" index="1" bw="32" slack="1"/>
</pin_list>
<bind>
<opset="empty_74 "/>
</bind>
</comp>

<comp id="3528" class="1005" name="gmem11_addr_2_read_reg_3528">
<pin_list>
<pin id="3529" dir="0" index="0" bw="32" slack="1"/>
<pin id="3530" dir="1" index="1" bw="32" slack="1"/>
</pin_list>
<bind>
<opset="gmem11_addr_2_read "/>
</bind>
</comp>

<comp id="3533" class="1005" name="empty_79_reg_3533">
<pin_list>
<pin id="3534" dir="0" index="0" bw="32" slack="1"/>
<pin id="3535" dir="1" index="1" bw="32" slack="1"/>
</pin_list>
<bind>
<opset="empty_79 "/>
</bind>
</comp>

<comp id="3538" class="1005" name="gmem11_addr_3_read_reg_3538">
<pin_list>
<pin id="3539" dir="0" index="0" bw="32" slack="1"/>
<pin id="3540" dir="1" index="1" bw="32" slack="1"/>
</pin_list>
<bind>
<opset="gmem11_addr_3_read "/>
</bind>
</comp>

<comp id="3543" class="1005" name="empty_84_reg_3543">
<pin_list>
<pin id="3544" dir="0" index="0" bw="32" slack="1"/>
<pin id="3545" dir="1" index="1" bw="32" slack="1"/>
</pin_list>
<bind>
<opset="empty_84 "/>
</bind>
</comp>

</comp_list>

<net_list>
<net id="373"><net_src comp="52" pin="0"/><net_sink comp="370" pin=0"/></net>

<net id="377"><net_src comp="52" pin="0"/><net_sink comp="374" pin=0"/></net>

<net id="381"><net_src comp="52" pin="0"/><net_sink comp="378" pin=0"/></net>

<net id="385"><net_src comp="52" pin="0"/><net_sink comp="382" pin=0"/></net>

<net id="389"><net_src comp="52" pin="0"/><net_sink comp="386" pin=0"/></net>

<net id="393"><net_src comp="52" pin="0"/><net_sink comp="390" pin=0"/></net>

<net id="397"><net_src comp="52" pin="0"/><net_sink comp="394" pin=0"/></net>

<net id="401"><net_src comp="52" pin="0"/><net_sink comp="398" pin=0"/></net>

<net id="405"><net_src comp="52" pin="0"/><net_sink comp="402" pin=0"/></net>

<net id="409"><net_src comp="56" pin="0"/><net_sink comp="406" pin=0"/></net>

<net id="413"><net_src comp="56" pin="0"/><net_sink comp="410" pin=0"/></net>

<net id="417"><net_src comp="56" pin="0"/><net_sink comp="414" pin=0"/></net>

<net id="421"><net_src comp="56" pin="0"/><net_sink comp="418" pin=0"/></net>

<net id="425"><net_src comp="56" pin="0"/><net_sink comp="422" pin=0"/></net>

<net id="429"><net_src comp="56" pin="0"/><net_sink comp="426" pin=0"/></net>

<net id="433"><net_src comp="56" pin="0"/><net_sink comp="430" pin=0"/></net>

<net id="437"><net_src comp="56" pin="0"/><net_sink comp="434" pin=0"/></net>

<net id="441"><net_src comp="56" pin="0"/><net_sink comp="438" pin=0"/></net>

<net id="445"><net_src comp="56" pin="0"/><net_sink comp="442" pin=0"/></net>

<net id="449"><net_src comp="56" pin="0"/><net_sink comp="446" pin=0"/></net>

<net id="454"><net_src comp="54" pin="0"/><net_sink comp="450" pin=0"/></net>

<net id="455"><net_src comp="50" pin="0"/><net_sink comp="450" pin=1"/></net>

<net id="460"><net_src comp="54" pin="0"/><net_sink comp="456" pin=0"/></net>

<net id="461"><net_src comp="48" pin="0"/><net_sink comp="456" pin=1"/></net>

<net id="466"><net_src comp="54" pin="0"/><net_sink comp="462" pin=0"/></net>

<net id="467"><net_src comp="46" pin="0"/><net_sink comp="462" pin=1"/></net>

<net id="472"><net_src comp="54" pin="0"/><net_sink comp="468" pin=0"/></net>

<net id="473"><net_src comp="44" pin="0"/><net_sink comp="468" pin=1"/></net>

<net id="478"><net_src comp="54" pin="0"/><net_sink comp="474" pin=0"/></net>

<net id="479"><net_src comp="42" pin="0"/><net_sink comp="474" pin=1"/></net>

<net id="484"><net_src comp="54" pin="0"/><net_sink comp="480" pin=0"/></net>

<net id="485"><net_src comp="40" pin="0"/><net_sink comp="480" pin=1"/></net>

<net id="490"><net_src comp="54" pin="0"/><net_sink comp="486" pin=0"/></net>

<net id="491"><net_src comp="38" pin="0"/><net_sink comp="486" pin=1"/></net>

<net id="496"><net_src comp="54" pin="0"/><net_sink comp="492" pin=0"/></net>

<net id="497"><net_src comp="36" pin="0"/><net_sink comp="492" pin=1"/></net>

<net id="502"><net_src comp="54" pin="0"/><net_sink comp="498" pin=0"/></net>

<net id="503"><net_src comp="34" pin="0"/><net_sink comp="498" pin=1"/></net>

<net id="508"><net_src comp="54" pin="0"/><net_sink comp="504" pin=0"/></net>

<net id="509"><net_src comp="32" pin="0"/><net_sink comp="504" pin=1"/></net>

<net id="514"><net_src comp="54" pin="0"/><net_sink comp="510" pin=0"/></net>

<net id="515"><net_src comp="30" pin="0"/><net_sink comp="510" pin=1"/></net>

<net id="520"><net_src comp="54" pin="0"/><net_sink comp="516" pin=0"/></net>

<net id="521"><net_src comp="28" pin="0"/><net_sink comp="516" pin=1"/></net>

<net id="526"><net_src comp="54" pin="0"/><net_sink comp="522" pin=0"/></net>

<net id="527"><net_src comp="26" pin="0"/><net_sink comp="522" pin=1"/></net>

<net id="533"><net_src comp="66" pin="0"/><net_sink comp="528" pin=0"/></net>

<net id="534"><net_src comp="68" pin="0"/><net_sink comp="528" pin=2"/></net>

<net id="540"><net_src comp="66" pin="0"/><net_sink comp="535" pin=0"/></net>

<net id="541"><net_src comp="284" pin="0"/><net_sink comp="535" pin=2"/></net>

<net id="547"><net_src comp="66" pin="0"/><net_sink comp="542" pin=0"/></net>

<net id="548"><net_src comp="286" pin="0"/><net_sink comp="542" pin=2"/></net>

<net id="553"><net_src comp="312" pin="0"/><net_sink comp="549" pin=0"/></net>

<net id="559"><net_src comp="332" pin="0"/><net_sink comp="554" pin=0"/></net>

<net id="560"><net_src comp="286" pin="0"/><net_sink comp="554" pin=2"/></net>

<net id="566"><net_src comp="332" pin="0"/><net_sink comp="561" pin=0"/></net>

<net id="567"><net_src comp="334" pin="0"/><net_sink comp="561" pin=2"/></net>

<net id="568"><net_src comp="340" pin="0"/><net_sink comp="554" pin=0"/></net>

<net id="569"><net_src comp="340" pin="0"/><net_sink comp="561" pin=0"/></net>

<net id="575"><net_src comp="66" pin="0"/><net_sink comp="570" pin=0"/></net>

<net id="576"><net_src comp="342" pin="0"/><net_sink comp="570" pin=2"/></net>

<net id="582"><net_src comp="66" pin="0"/><net_sink comp="577" pin=0"/></net>

<net id="583"><net_src comp="334" pin="0"/><net_sink comp="577" pin=2"/></net>

<net id="584"><net_src comp="344" pin="0"/><net_sink comp="554" pin=0"/></net>

<net id="585"><net_src comp="52" pin="0"/><net_sink comp="554" pin=2"/></net>

<net id="591"><net_src comp="66" pin="0"/><net_sink comp="586" pin=0"/></net>

<net id="592"><net_src comp="342" pin="0"/><net_sink comp="586" pin=2"/></net>

<net id="598"><net_src comp="66" pin="0"/><net_sink comp="593" pin=0"/></net>

<net id="599"><net_src comp="334" pin="0"/><net_sink comp="593" pin=2"/></net>

<net id="605"><net_src comp="66" pin="0"/><net_sink comp="600" pin=0"/></net>

<net id="606"><net_src comp="342" pin="0"/><net_sink comp="600" pin=2"/></net>

<net id="612"><net_src comp="66" pin="0"/><net_sink comp="607" pin=0"/></net>

<net id="613"><net_src comp="334" pin="0"/><net_sink comp="607" pin=2"/></net>

<net id="619"><net_src comp="66" pin="0"/><net_sink comp="614" pin=0"/></net>

<net id="620"><net_src comp="342" pin="0"/><net_sink comp="614" pin=2"/></net>

<net id="626"><net_src comp="66" pin="0"/><net_sink comp="621" pin=0"/></net>

<net id="627"><net_src comp="334" pin="0"/><net_sink comp="621" pin=2"/></net>

<net id="633"><net_src comp="344" pin="0"/><net_sink comp="628" pin=0"/></net>

<net id="634"><net_src comp="52" pin="0"/><net_sink comp="628" pin=2"/></net>

<net id="640"><net_src comp="344" pin="0"/><net_sink comp="635" pin=0"/></net>

<net id="641"><net_src comp="52" pin="0"/><net_sink comp="635" pin=2"/></net>

<net id="647"><net_src comp="344" pin="0"/><net_sink comp="642" pin=0"/></net>

<net id="648"><net_src comp="52" pin="0"/><net_sink comp="642" pin=2"/></net>

<net id="653"><net_src comp="354" pin="0"/><net_sink comp="649" pin=0"/></net>

<net id="658"><net_src comp="354" pin="0"/><net_sink comp="654" pin=0"/></net>

<net id="663"><net_src comp="354" pin="0"/><net_sink comp="659" pin=0"/></net>

<net id="668"><net_src comp="354" pin="0"/><net_sink comp="664" pin=0"/></net>

<net id="674"><net_src comp="152" pin="0"/><net_sink comp="669" pin=1"/></net>

<net id="675"><net_src comp="152" pin="0"/><net_sink comp="669" pin=2"/></net>

<net id="681"><net_src comp="152" pin="0"/><net_sink comp="676" pin=1"/></net>

<net id="682"><net_src comp="56" pin="0"/><net_sink comp="676" pin=2"/></net>

<net id="688"><net_src comp="152" pin="0"/><net_sink comp="683" pin=1"/></net>

<net id="689"><net_src comp="154" pin="0"/><net_sink comp="683" pin=2"/></net>

<net id="695"><net_src comp="152" pin="0"/><net_sink comp="690" pin=1"/></net>

<net id="696"><net_src comp="156" pin="0"/><net_sink comp="690" pin=2"/></net>

<net id="702"><net_src comp="152" pin="0"/><net_sink comp="697" pin=1"/></net>

<net id="703"><net_src comp="158" pin="0"/><net_sink comp="697" pin=2"/></net>

<net id="709"><net_src comp="152" pin="0"/><net_sink comp="704" pin=1"/></net>

<net id="710"><net_src comp="160" pin="0"/><net_sink comp="704" pin=2"/></net>

<net id="716"><net_src comp="152" pin="0"/><net_sink comp="711" pin=1"/></net>

<net id="717"><net_src comp="162" pin="0"/><net_sink comp="711" pin=2"/></net>

<net id="723"><net_src comp="152" pin="0"/><net_sink comp="718" pin=1"/></net>

<net id="724"><net_src comp="164" pin="0"/><net_sink comp="718" pin=2"/></net>

<net id="730"><net_src comp="152" pin="0"/><net_sink comp="725" pin=1"/></net>

<net id="731"><net_src comp="166" pin="0"/><net_sink comp="725" pin=2"/></net>

<net id="737"><net_src comp="152" pin="0"/><net_sink comp="732" pin=1"/></net>

<net id="738"><net_src comp="168" pin="0"/><net_sink comp="732" pin=2"/></net>

<net id="744"><net_src comp="152" pin="0"/><net_sink comp="739" pin=1"/></net>

<net id="745"><net_src comp="170" pin="0"/><net_sink comp="739" pin=2"/></net>

<net id="751"><net_src comp="152" pin="0"/><net_sink comp="746" pin=1"/></net>

<net id="752"><net_src comp="172" pin="0"/><net_sink comp="746" pin=2"/></net>

<net id="758"><net_src comp="152" pin="0"/><net_sink comp="753" pin=1"/></net>

<net id="759"><net_src comp="174" pin="0"/><net_sink comp="753" pin=2"/></net>

<net id="765"><net_src comp="152" pin="0"/><net_sink comp="760" pin=1"/></net>

<net id="766"><net_src comp="176" pin="0"/><net_sink comp="760" pin=2"/></net>

<net id="772"><net_src comp="152" pin="0"/><net_sink comp="767" pin=1"/></net>

<net id="773"><net_src comp="178" pin="0"/><net_sink comp="767" pin=2"/></net>

<net id="779"><net_src comp="152" pin="0"/><net_sink comp="774" pin=1"/></net>

<net id="780"><net_src comp="180" pin="0"/><net_sink comp="774" pin=2"/></net>

<net id="786"><net_src comp="152" pin="0"/><net_sink comp="781" pin=1"/></net>

<net id="787"><net_src comp="182" pin="0"/><net_sink comp="781" pin=2"/></net>

<net id="793"><net_src comp="152" pin="0"/><net_sink comp="788" pin=1"/></net>

<net id="794"><net_src comp="184" pin="0"/><net_sink comp="788" pin=2"/></net>

<net id="800"><net_src comp="152" pin="0"/><net_sink comp="795" pin=1"/></net>

<net id="801"><net_src comp="186" pin="0"/><net_sink comp="795" pin=2"/></net>

<net id="807"><net_src comp="152" pin="0"/><net_sink comp="802" pin=1"/></net>

<net id="808"><net_src comp="188" pin="0"/><net_sink comp="802" pin=2"/></net>

<net id="814"><net_src comp="152" pin="0"/><net_sink comp="809" pin=1"/></net>

<net id="815"><net_src comp="190" pin="0"/><net_sink comp="809" pin=2"/></net>

<net id="821"><net_src comp="152" pin="0"/><net_sink comp="816" pin=1"/></net>

<net id="822"><net_src comp="192" pin="0"/><net_sink comp="816" pin=2"/></net>

<net id="828"><net_src comp="152" pin="0"/><net_sink comp="823" pin=1"/></net>

<net id="829"><net_src comp="194" pin="0"/><net_sink comp="823" pin=2"/></net>

<net id="835"><net_src comp="152" pin="0"/><net_sink comp="830" pin=1"/></net>

<net id="836"><net_src comp="196" pin="0"/><net_sink comp="830" pin=2"/></net>

<net id="842"><net_src comp="152" pin="0"/><net_sink comp="837" pin=1"/></net>

<net id="843"><net_src comp="198" pin="0"/><net_sink comp="837" pin=2"/></net>

<net id="849"><net_src comp="152" pin="0"/><net_sink comp="844" pin=1"/></net>

<net id="850"><net_src comp="200" pin="0"/><net_sink comp="844" pin=2"/></net>

<net id="856"><net_src comp="152" pin="0"/><net_sink comp="851" pin=1"/></net>

<net id="857"><net_src comp="202" pin="0"/><net_sink comp="851" pin=2"/></net>

<net id="863"><net_src comp="152" pin="0"/><net_sink comp="858" pin=1"/></net>

<net id="864"><net_src comp="204" pin="0"/><net_sink comp="858" pin=2"/></net>

<net id="870"><net_src comp="152" pin="0"/><net_sink comp="865" pin=1"/></net>

<net id="871"><net_src comp="206" pin="0"/><net_sink comp="865" pin=2"/></net>

<net id="877"><net_src comp="152" pin="0"/><net_sink comp="872" pin=1"/></net>

<net id="878"><net_src comp="208" pin="0"/><net_sink comp="872" pin=2"/></net>

<net id="884"><net_src comp="152" pin="0"/><net_sink comp="879" pin=1"/></net>

<net id="885"><net_src comp="210" pin="0"/><net_sink comp="879" pin=2"/></net>

<net id="891"><net_src comp="152" pin="0"/><net_sink comp="886" pin=1"/></net>

<net id="892"><net_src comp="212" pin="0"/><net_sink comp="886" pin=2"/></net>

<net id="898"><net_src comp="152" pin="0"/><net_sink comp="893" pin=1"/></net>

<net id="899"><net_src comp="214" pin="0"/><net_sink comp="893" pin=2"/></net>

<net id="905"><net_src comp="152" pin="0"/><net_sink comp="900" pin=1"/></net>

<net id="906"><net_src comp="216" pin="0"/><net_sink comp="900" pin=2"/></net>

<net id="912"><net_src comp="152" pin="0"/><net_sink comp="907" pin=1"/></net>

<net id="913"><net_src comp="218" pin="0"/><net_sink comp="907" pin=2"/></net>

<net id="919"><net_src comp="152" pin="0"/><net_sink comp="914" pin=1"/></net>

<net id="920"><net_src comp="220" pin="0"/><net_sink comp="914" pin=2"/></net>

<net id="926"><net_src comp="152" pin="0"/><net_sink comp="921" pin=1"/></net>

<net id="927"><net_src comp="222" pin="0"/><net_sink comp="921" pin=2"/></net>

<net id="933"><net_src comp="152" pin="0"/><net_sink comp="928" pin=1"/></net>

<net id="934"><net_src comp="224" pin="0"/><net_sink comp="928" pin=2"/></net>

<net id="940"><net_src comp="152" pin="0"/><net_sink comp="935" pin=1"/></net>

<net id="941"><net_src comp="226" pin="0"/><net_sink comp="935" pin=2"/></net>

<net id="947"><net_src comp="152" pin="0"/><net_sink comp="942" pin=1"/></net>

<net id="948"><net_src comp="228" pin="0"/><net_sink comp="942" pin=2"/></net>

<net id="954"><net_src comp="152" pin="0"/><net_sink comp="949" pin=1"/></net>

<net id="955"><net_src comp="230" pin="0"/><net_sink comp="949" pin=2"/></net>

<net id="961"><net_src comp="152" pin="0"/><net_sink comp="956" pin=1"/></net>

<net id="962"><net_src comp="232" pin="0"/><net_sink comp="956" pin=2"/></net>

<net id="968"><net_src comp="152" pin="0"/><net_sink comp="963" pin=1"/></net>

<net id="969"><net_src comp="234" pin="0"/><net_sink comp="963" pin=2"/></net>

<net id="975"><net_src comp="152" pin="0"/><net_sink comp="970" pin=1"/></net>

<net id="976"><net_src comp="236" pin="0"/><net_sink comp="970" pin=2"/></net>

<net id="982"><net_src comp="152" pin="0"/><net_sink comp="977" pin=1"/></net>

<net id="983"><net_src comp="238" pin="0"/><net_sink comp="977" pin=2"/></net>

<net id="989"><net_src comp="152" pin="0"/><net_sink comp="984" pin=1"/></net>

<net id="990"><net_src comp="240" pin="0"/><net_sink comp="984" pin=2"/></net>

<net id="996"><net_src comp="152" pin="0"/><net_sink comp="991" pin=1"/></net>

<net id="997"><net_src comp="242" pin="0"/><net_sink comp="991" pin=2"/></net>

<net id="1003"><net_src comp="152" pin="0"/><net_sink comp="998" pin=1"/></net>

<net id="1004"><net_src comp="244" pin="0"/><net_sink comp="998" pin=2"/></net>

<net id="1010"><net_src comp="152" pin="0"/><net_sink comp="1005" pin=1"/></net>

<net id="1011"><net_src comp="246" pin="0"/><net_sink comp="1005" pin=2"/></net>

<net id="1017"><net_src comp="152" pin="0"/><net_sink comp="1012" pin=1"/></net>

<net id="1018"><net_src comp="248" pin="0"/><net_sink comp="1012" pin=2"/></net>

<net id="1024"><net_src comp="152" pin="0"/><net_sink comp="1019" pin=1"/></net>

<net id="1025"><net_src comp="250" pin="0"/><net_sink comp="1019" pin=2"/></net>

<net id="1031"><net_src comp="152" pin="0"/><net_sink comp="1026" pin=1"/></net>

<net id="1032"><net_src comp="252" pin="0"/><net_sink comp="1026" pin=2"/></net>

<net id="1038"><net_src comp="152" pin="0"/><net_sink comp="1033" pin=1"/></net>

<net id="1039"><net_src comp="254" pin="0"/><net_sink comp="1033" pin=2"/></net>

<net id="1045"><net_src comp="152" pin="0"/><net_sink comp="1040" pin=1"/></net>

<net id="1046"><net_src comp="256" pin="0"/><net_sink comp="1040" pin=2"/></net>

<net id="1052"><net_src comp="152" pin="0"/><net_sink comp="1047" pin=1"/></net>

<net id="1053"><net_src comp="258" pin="0"/><net_sink comp="1047" pin=2"/></net>

<net id="1059"><net_src comp="152" pin="0"/><net_sink comp="1054" pin=1"/></net>

<net id="1060"><net_src comp="260" pin="0"/><net_sink comp="1054" pin=2"/></net>

<net id="1066"><net_src comp="152" pin="0"/><net_sink comp="1061" pin=1"/></net>

<net id="1067"><net_src comp="262" pin="0"/><net_sink comp="1061" pin=2"/></net>

<net id="1073"><net_src comp="152" pin="0"/><net_sink comp="1068" pin=1"/></net>

<net id="1074"><net_src comp="264" pin="0"/><net_sink comp="1068" pin=2"/></net>

<net id="1080"><net_src comp="152" pin="0"/><net_sink comp="1075" pin=1"/></net>

<net id="1081"><net_src comp="266" pin="0"/><net_sink comp="1075" pin=2"/></net>

<net id="1087"><net_src comp="152" pin="0"/><net_sink comp="1082" pin=1"/></net>

<net id="1088"><net_src comp="268" pin="0"/><net_sink comp="1082" pin=2"/></net>

<net id="1094"><net_src comp="152" pin="0"/><net_sink comp="1089" pin=1"/></net>

<net id="1095"><net_src comp="270" pin="0"/><net_sink comp="1089" pin=2"/></net>

<net id="1101"><net_src comp="152" pin="0"/><net_sink comp="1096" pin=1"/></net>

<net id="1102"><net_src comp="272" pin="0"/><net_sink comp="1096" pin=2"/></net>

<net id="1108"><net_src comp="152" pin="0"/><net_sink comp="1103" pin=1"/></net>

<net id="1109"><net_src comp="274" pin="0"/><net_sink comp="1103" pin=2"/></net>

<net id="1115"><net_src comp="152" pin="0"/><net_sink comp="1110" pin=1"/></net>

<net id="1116"><net_src comp="276" pin="0"/><net_sink comp="1110" pin=2"/></net>

<net id="1189"><net_src comp="294" pin="0"/><net_sink comp="1186" pin=0"/></net>

<net id="1196"><net_src comp="1186" pin="1"/><net_sink comp="1190" pin=0"/></net>

<net id="1200"><net_src comp="296" pin="0"/><net_sink comp="1197" pin=0"/></net>

<net id="1207"><net_src comp="1197" pin="1"/><net_sink comp="1201" pin=0"/></net>

<net id="1208"><net_src comp="1201" pin="4"/><net_sink comp="1197" pin=0"/></net>

<net id="1215"><net_src comp="282" pin="0"/><net_sink comp="1209" pin=0"/></net>

<net id="1216"><net_src comp="0" pin="0"/><net_sink comp="1209" pin=1"/></net>

<net id="1227"><net_src comp="302" pin="0"/><net_sink comp="1217" pin=0"/></net>

<net id="1228"><net_src comp="2" pin="0"/><net_sink comp="1217" pin=1"/></net>

<net id="1246"><net_src comp="304" pin="0"/><net_sink comp="1229" pin=0"/></net>

<net id="1247"><net_src comp="1201" pin="4"/><net_sink comp="1229" pin=9"/></net>

<net id="1258"><net_src comp="336" pin="0"/><net_sink comp="1248" pin=0"/></net>

<net id="1259"><net_src comp="22" pin="0"/><net_sink comp="1248" pin=1"/></net>

<net id="1265"><net_src comp="338" pin="0"/><net_sink comp="1260" pin=0"/></net>

<net id="1266"><net_src comp="24" pin="0"/><net_sink comp="1260" pin=1"/></net>

<net id="1339"><net_src comp="352" pin="0"/><net_sink comp="1267" pin=0"/></net>

<net id="1340"><net_src comp="8" pin="0"/><net_sink comp="1267" pin=1"/></net>

<net id="1341"><net_src comp="6" pin="0"/><net_sink comp="1267" pin=2"/></net>

<net id="1342"><net_src comp="1117" pin="7"/><net_sink comp="1267" pin=52"/></net>

<net id="1343"><net_src comp="1117" pin="11"/><net_sink comp="1267" pin=53"/></net>

<net id="1344"><net_src comp="1117" pin="15"/><net_sink comp="1267" pin=54"/></net>

<net id="1345"><net_src comp="1117" pin="19"/><net_sink comp="1267" pin=55"/></net>

<net id="1346"><net_src comp="1117" pin="23"/><net_sink comp="1267" pin=56"/></net>

<net id="1347"><net_src comp="1117" pin="27"/><net_sink comp="1267" pin=57"/></net>

<net id="1348"><net_src comp="1117" pin="31"/><net_sink comp="1267" pin=58"/></net>

<net id="1349"><net_src comp="1117" pin="3"/><net_sink comp="1267" pin=59"/></net>

<net id="1350"><net_src comp="1117" pin="39"/><net_sink comp="1267" pin=60"/></net>

<net id="1351"><net_src comp="1117" pin="43"/><net_sink comp="1267" pin=61"/></net>

<net id="1352"><net_src comp="1117" pin="47"/><net_sink comp="1267" pin=62"/></net>

<net id="1353"><net_src comp="1117" pin="51"/><net_sink comp="1267" pin=63"/></net>

<net id="1354"><net_src comp="1117" pin="35"/><net_sink comp="1267" pin=64"/></net>

<net id="1355"><net_src comp="1117" pin="55"/><net_sink comp="1267" pin=65"/></net>

<net id="1356"><net_src comp="1117" pin="59"/><net_sink comp="1267" pin=66"/></net>

<net id="1357"><net_src comp="1117" pin="63"/><net_sink comp="1267" pin=67"/></net>

<net id="1358"><net_src comp="1117" pin="67"/><net_sink comp="1267" pin=68"/></net>

<net id="1367"><net_src comp="356" pin="0"/><net_sink comp="1359" pin=0"/></net>

<net id="1368"><net_src comp="24" pin="0"/><net_sink comp="1359" pin=1"/></net>

<net id="1441"><net_src comp="358" pin="0"/><net_sink comp="1369" pin=0"/></net>

<net id="1442"><net_src comp="12" pin="0"/><net_sink comp="1369" pin=1"/></net>

<net id="1443"><net_src comp="10" pin="0"/><net_sink comp="1369" pin=2"/></net>

<net id="1452"><net_src comp="360" pin="0"/><net_sink comp="1444" pin=0"/></net>

<net id="1453"><net_src comp="24" pin="0"/><net_sink comp="1444" pin=1"/></net>

<net id="1526"><net_src comp="362" pin="0"/><net_sink comp="1454" pin=0"/></net>

<net id="1527"><net_src comp="16" pin="0"/><net_sink comp="1454" pin=1"/></net>

<net id="1528"><net_src comp="14" pin="0"/><net_sink comp="1454" pin=2"/></net>

<net id="1537"><net_src comp="364" pin="0"/><net_sink comp="1529" pin=0"/></net>

<net id="1538"><net_src comp="24" pin="0"/><net_sink comp="1529" pin=1"/></net>

<net id="1611"><net_src comp="366" pin="0"/><net_sink comp="1539" pin=0"/></net>

<net id="1612"><net_src comp="20" pin="0"/><net_sink comp="1539" pin=1"/></net>

<net id="1613"><net_src comp="18" pin="0"/><net_sink comp="1539" pin=2"/></net>

<net id="1622"><net_src comp="368" pin="0"/><net_sink comp="1614" pin=0"/></net>

<net id="1623"><net_src comp="24" pin="0"/><net_sink comp="1614" pin=1"/></net>

<net id="1632"><net_src comp="1197" pin="1"/><net_sink comp="1628" pin=1"/></net>

<net id="1636"><net_src comp="1624" pin="2"/><net_sink comp="1633" pin=0"/></net>

<net id="1637"><net_src comp="1633" pin="1"/><net_sink comp="1624" pin=0"/></net>

<net id="1638"><net_src comp="1633" pin="1"/><net_sink comp="1628" pin=0"/></net>

<net id="1645"><net_src comp="58" pin="0"/><net_sink comp="1639" pin=0"/></net>

<net id="1646"><net_src comp="522" pin="2"/><net_sink comp="1639" pin=1"/></net>

<net id="1647"><net_src comp="60" pin="0"/><net_sink comp="1639" pin=2"/></net>

<net id="1648"><net_src comp="62" pin="0"/><net_sink comp="1639" pin=3"/></net>

<net id="1655"><net_src comp="58" pin="0"/><net_sink comp="1649" pin=0"/></net>

<net id="1656"><net_src comp="516" pin="2"/><net_sink comp="1649" pin=1"/></net>

<net id="1657"><net_src comp="60" pin="0"/><net_sink comp="1649" pin=2"/></net>

<net id="1658"><net_src comp="62" pin="0"/><net_sink comp="1649" pin=3"/></net>

<net id="1665"><net_src comp="58" pin="0"/><net_sink comp="1659" pin=0"/></net>

<net id="1666"><net_src comp="510" pin="2"/><net_sink comp="1659" pin=1"/></net>

<net id="1667"><net_src comp="60" pin="0"/><net_sink comp="1659" pin=2"/></net>

<net id="1668"><net_src comp="62" pin="0"/><net_sink comp="1659" pin=3"/></net>

<net id="1672"><net_src comp="1659" pin="4"/><net_sink comp="1669" pin=0"/></net>

<net id="1677"><net_src comp="4" pin="0"/><net_sink comp="1673" pin=0"/></net>

<net id="1678"><net_src comp="1669" pin="1"/><net_sink comp="1673" pin=1"/></net>

<net id="1685"><net_src comp="58" pin="0"/><net_sink comp="1679" pin=0"/></net>

<net id="1686"><net_src comp="504" pin="2"/><net_sink comp="1679" pin=1"/></net>

<net id="1687"><net_src comp="60" pin="0"/><net_sink comp="1679" pin=2"/></net>

<net id="1688"><net_src comp="62" pin="0"/><net_sink comp="1679" pin=3"/></net>

<net id="1695"><net_src comp="58" pin="0"/><net_sink comp="1689" pin=0"/></net>

<net id="1696"><net_src comp="498" pin="2"/><net_sink comp="1689" pin=1"/></net>

<net id="1697"><net_src comp="60" pin="0"/><net_sink comp="1689" pin=2"/></net>

<net id="1698"><net_src comp="62" pin="0"/><net_sink comp="1689" pin=3"/></net>

<net id="1705"><net_src comp="58" pin="0"/><net_sink comp="1699" pin=0"/></net>

<net id="1706"><net_src comp="492" pin="2"/><net_sink comp="1699" pin=1"/></net>

<net id="1707"><net_src comp="60" pin="0"/><net_sink comp="1699" pin=2"/></net>

<net id="1708"><net_src comp="62" pin="0"/><net_sink comp="1699" pin=3"/></net>

<net id="1715"><net_src comp="58" pin="0"/><net_sink comp="1709" pin=0"/></net>

<net id="1716"><net_src comp="486" pin="2"/><net_sink comp="1709" pin=1"/></net>

<net id="1717"><net_src comp="60" pin="0"/><net_sink comp="1709" pin=2"/></net>

<net id="1718"><net_src comp="62" pin="0"/><net_sink comp="1709" pin=3"/></net>

<net id="1725"><net_src comp="58" pin="0"/><net_sink comp="1719" pin=0"/></net>

<net id="1726"><net_src comp="480" pin="2"/><net_sink comp="1719" pin=1"/></net>

<net id="1727"><net_src comp="60" pin="0"/><net_sink comp="1719" pin=2"/></net>

<net id="1728"><net_src comp="62" pin="0"/><net_sink comp="1719" pin=3"/></net>

<net id="1735"><net_src comp="58" pin="0"/><net_sink comp="1729" pin=0"/></net>

<net id="1736"><net_src comp="474" pin="2"/><net_sink comp="1729" pin=1"/></net>

<net id="1737"><net_src comp="60" pin="0"/><net_sink comp="1729" pin=2"/></net>

<net id="1738"><net_src comp="62" pin="0"/><net_sink comp="1729" pin=3"/></net>

<net id="1745"><net_src comp="58" pin="0"/><net_sink comp="1739" pin=0"/></net>

<net id="1746"><net_src comp="468" pin="2"/><net_sink comp="1739" pin=1"/></net>

<net id="1747"><net_src comp="60" pin="0"/><net_sink comp="1739" pin=2"/></net>

<net id="1748"><net_src comp="62" pin="0"/><net_sink comp="1739" pin=3"/></net>

<net id="1755"><net_src comp="58" pin="0"/><net_sink comp="1749" pin=0"/></net>

<net id="1756"><net_src comp="462" pin="2"/><net_sink comp="1749" pin=1"/></net>

<net id="1757"><net_src comp="60" pin="0"/><net_sink comp="1749" pin=2"/></net>

<net id="1758"><net_src comp="62" pin="0"/><net_sink comp="1749" pin=3"/></net>

<net id="1763"><net_src comp="64" pin="0"/><net_sink comp="1759" pin=0"/></net>

<net id="1771"><net_src comp="0" pin="0"/><net_sink comp="1767" pin=0"/></net>

<net id="1772"><net_src comp="1764" pin="1"/><net_sink comp="1767" pin=1"/></net>

<net id="1773"><net_src comp="1767" pin="2"/><net_sink comp="528" pin=1"/></net>

<net id="1781"><net_src comp="2" pin="0"/><net_sink comp="1777" pin=0"/></net>

<net id="1782"><net_src comp="1774" pin="1"/><net_sink comp="1777" pin=1"/></net>

<net id="1790"><net_src comp="6" pin="0"/><net_sink comp="1786" pin=0"/></net>

<net id="1791"><net_src comp="1783" pin="1"/><net_sink comp="1786" pin=1"/></net>

<net id="1799"><net_src comp="8" pin="0"/><net_sink comp="1795" pin=0"/></net>

<net id="1800"><net_src comp="1792" pin="1"/><net_sink comp="1795" pin=1"/></net>

<net id="1808"><net_src comp="10" pin="0"/><net_sink comp="1804" pin=0"/></net>

<net id="1809"><net_src comp="1801" pin="1"/><net_sink comp="1804" pin=1"/></net>

<net id="1817"><net_src comp="12" pin="0"/><net_sink comp="1813" pin=0"/></net>

<net id="1818"><net_src comp="1810" pin="1"/><net_sink comp="1813" pin=1"/></net>

<net id="1826"><net_src comp="14" pin="0"/><net_sink comp="1822" pin=0"/></net>

<net id="1827"><net_src comp="1819" pin="1"/><net_sink comp="1822" pin=1"/></net>

<net id="1835"><net_src comp="16" pin="0"/><net_sink comp="1831" pin=0"/></net>

<net id="1836"><net_src comp="1828" pin="1"/><net_sink comp="1831" pin=1"/></net>

<net id="1844"><net_src comp="18" pin="0"/><net_sink comp="1840" pin=0"/></net>

<net id="1845"><net_src comp="1837" pin="1"/><net_sink comp="1840" pin=1"/></net>

<net id="1853"><net_src comp="20" pin="0"/><net_sink comp="1849" pin=0"/></net>

<net id="1854"><net_src comp="1846" pin="1"/><net_sink comp="1849" pin=1"/></net>

<net id="1862"><net_src comp="1855" pin="1"/><net_sink comp="1858" pin=0"/></net>

<net id="1863"><net_src comp="278" pin="0"/><net_sink comp="1858" pin=1"/></net>

<net id="1868"><net_src comp="1855" pin="1"/><net_sink comp="1864" pin=0"/></net>

<net id="1869"><net_src comp="280" pin="0"/><net_sink comp="1864" pin=1"/></net>

<net id="1874"><net_src comp="1190" pin="4"/><net_sink comp="1870" pin=0"/></net>

<net id="1875"><net_src comp="298" pin="0"/><net_sink comp="1870" pin=1"/></net>

<net id="1880"><net_src comp="1190" pin="4"/><net_sink comp="1876" pin=0"/></net>

<net id="1881"><net_src comp="300" pin="0"/><net_sink comp="1876" pin=1"/></net>

<net id="1885"><net_src comp="1190" pin="4"/><net_sink comp="1882" pin=0"/></net>

<net id="1889"><net_src comp="1886" pin="1"/><net_sink comp="1229" pin=4"/></net>

<net id="1893"><net_src comp="1890" pin="1"/><net_sink comp="1229" pin=3"/></net>

<net id="1897"><net_src comp="1894" pin="1"/><net_sink comp="1229" pin=2"/></net>

<net id="1901"><net_src comp="1898" pin="1"/><net_sink comp="1229" pin=1"/></net>

<net id="1905"><net_src comp="1902" pin="1"/><net_sink comp="1229" pin=5"/></net>

<net id="1909"><net_src comp="1906" pin="1"/><net_sink comp="1229" pin=6"/></net>

<net id="1913"><net_src comp="1910" pin="1"/><net_sink comp="1229" pin=7"/></net>

<net id="1917"><net_src comp="1914" pin="1"/><net_sink comp="1229" pin=8"/></net>

<net id="1923"><net_src comp="306" pin="0"/><net_sink comp="1918" pin=0"/></net>

<net id="1924"><net_src comp="64" pin="0"/><net_sink comp="1918" pin=2"/></net>

<net id="1928"><net_src comp="1918" pin="3"/><net_sink comp="1925" pin=0"/></net>

<net id="1933"><net_src comp="1925" pin="1"/><net_sink comp="1929" pin=0"/></net>

<net id="1940"><net_src comp="58" pin="0"/><net_sink comp="1934" pin=0"/></net>

<net id="1941"><net_src comp="1929" pin="2"/><net_sink comp="1934" pin=1"/></net>

<net id="1942"><net_src comp="60" pin="0"/><net_sink comp="1934" pin=2"/></net>

<net id="1943"><net_src comp="62" pin="0"/><net_sink comp="1934" pin=3"/></net>

<net id="1949"><net_src comp="308" pin="0"/><net_sink comp="1944" pin=0"/></net>

<net id="1950"><net_src comp="310" pin="0"/><net_sink comp="1944" pin=2"/></net>

<net id="1954"><net_src comp="1944" pin="3"/><net_sink comp="1951" pin=0"/></net>

<net id="1959"><net_src comp="1951" pin="1"/><net_sink comp="1955" pin=0"/></net>

<net id="1966"><net_src comp="58" pin="0"/><net_sink comp="1960" pin=0"/></net>

<net id="1967"><net_src comp="1955" pin="2"/><net_sink comp="1960" pin=1"/></net>

<net id="1968"><net_src comp="60" pin="0"/><net_sink comp="1960" pin=2"/></net>

<net id="1969"><net_src comp="62" pin="0"/><net_sink comp="1960" pin=3"/></net>

<net id="1977"><net_src comp="1974" pin="1"/><net_sink comp="1624" pin=1"/></net>

<net id="1981"><net_src comp="1978" pin="1"/><net_sink comp="1624" pin=0"/></net>

<net id="1985"><net_src comp="1982" pin="1"/><net_sink comp="1624" pin=1"/></net>

<net id="1989"><net_src comp="1986" pin="1"/><net_sink comp="1624" pin=1"/></net>

<net id="1993"><net_src comp="1990" pin="1"/><net_sink comp="1624" pin=1"/></net>

<net id="1998"><net_src comp="1624" pin="2"/><net_sink comp="1994" pin=0"/></net>

<net id="2003"><net_src comp="1624" pin="2"/><net_sink comp="1999" pin=0"/></net>

<net id="2008"><net_src comp="1624" pin="2"/><net_sink comp="2004" pin=0"/></net>

<net id="2013"><net_src comp="1624" pin="2"/><net_sink comp="2009" pin=0"/></net>

<net id="2017"><net_src comp="1633" pin="1"/><net_sink comp="2014" pin=0"/></net>

<net id="2024"><net_src comp="322" pin="0"/><net_sink comp="2018" pin=0"/></net>

<net id="2025"><net_src comp="2014" pin="1"/><net_sink comp="2018" pin=1"/></net>

<net id="2026"><net_src comp="324" pin="0"/><net_sink comp="2018" pin=2"/></net>

<net id="2027"><net_src comp="326" pin="0"/><net_sink comp="2018" pin=3"/></net>

<net id="2031"><net_src comp="2014" pin="1"/><net_sink comp="2028" pin=0"/></net>

<net id="2035"><net_src comp="1197" pin="1"/><net_sink comp="2032" pin=0"/></net>

<net id="2042"><net_src comp="322" pin="0"/><net_sink comp="2036" pin=0"/></net>

<net id="2043"><net_src comp="2032" pin="1"/><net_sink comp="2036" pin=1"/></net>

<net id="2044"><net_src comp="324" pin="0"/><net_sink comp="2036" pin=2"/></net>

<net id="2045"><net_src comp="326" pin="0"/><net_sink comp="2036" pin=3"/></net>

<net id="2049"><net_src comp="2032" pin="1"/><net_sink comp="2046" pin=0"/></net>

<net id="2054"><net_src comp="2018" pin="4"/><net_sink comp="2050" pin=0"/></net>

<net id="2055"><net_src comp="328" pin="0"/><net_sink comp="2050" pin=1"/></net>

<net id="2060"><net_src comp="2028" pin="1"/><net_sink comp="2056" pin=0"/></net>

<net id="2061"><net_src comp="330" pin="0"/><net_sink comp="2056" pin=1"/></net>

<net id="2066"><net_src comp="2056" pin="2"/><net_sink comp="2062" pin=0"/></net>

<net id="2067"><net_src comp="2050" pin="2"/><net_sink comp="2062" pin=1"/></net>

<net id="2072"><net_src comp="2036" pin="4"/><net_sink comp="2068" pin=0"/></net>

<net id="2073"><net_src comp="328" pin="0"/><net_sink comp="2068" pin=1"/></net>

<net id="2078"><net_src comp="2046" pin="1"/><net_sink comp="2074" pin=0"/></net>

<net id="2079"><net_src comp="330" pin="0"/><net_sink comp="2074" pin=1"/></net>

<net id="2084"><net_src comp="2074" pin="2"/><net_sink comp="2080" pin=0"/></net>

<net id="2085"><net_src comp="2068" pin="2"/><net_sink comp="2080" pin=1"/></net>

<net id="2090"><net_src comp="2062" pin="2"/><net_sink comp="2086" pin=0"/></net>

<net id="2091"><net_src comp="2080" pin="2"/><net_sink comp="2086" pin=1"/></net>

<net id="2096"><net_src comp="2086" pin="2"/><net_sink comp="2092" pin=0"/></net>

<net id="2097"><net_src comp="1628" pin="2"/><net_sink comp="2092" pin=1"/></net>

<net id="2103"><net_src comp="2092" pin="2"/><net_sink comp="2098" pin=0"/></net>

<net id="2104"><net_src comp="1633" pin="1"/><net_sink comp="2098" pin=1"/></net>

<net id="2105"><net_src comp="1197" pin="1"/><net_sink comp="2098" pin=2"/></net>

<net id="2113"><net_src comp="22" pin="0"/><net_sink comp="2109" pin=0"/></net>

<net id="2114"><net_src comp="2106" pin="1"/><net_sink comp="2109" pin=1"/></net>

<net id="2115"><net_src comp="2109" pin="2"/><net_sink comp="554" pin=1"/></net>

<net id="2123"><net_src comp="24" pin="0"/><net_sink comp="2119" pin=0"/></net>

<net id="2124"><net_src comp="2116" pin="1"/><net_sink comp="2119" pin=1"/></net>

<net id="2125"><net_src comp="2119" pin="2"/><net_sink comp="561" pin=1"/></net>

<net id="2129"><net_src comp="2126" pin="1"/><net_sink comp="1248" pin=6"/></net>

<net id="2133"><net_src comp="2130" pin="1"/><net_sink comp="1248" pin=5"/></net>

<net id="2137"><net_src comp="2134" pin="1"/><net_sink comp="1248" pin=4"/></net>

<net id="2141"><net_src comp="2138" pin="1"/><net_sink comp="1248" pin=3"/></net>

<net id="2145"><net_src comp="2142" pin="1"/><net_sink comp="1248" pin=7"/></net>

<net id="2150"><net_src comp="2126" pin="1"/><net_sink comp="2146" pin=0"/></net>

<net id="2155"><net_src comp="2130" pin="1"/><net_sink comp="2151" pin=0"/></net>

<net id="2160"><net_src comp="2134" pin="1"/><net_sink comp="2156" pin=0"/></net>

<net id="2165"><net_src comp="2138" pin="1"/><net_sink comp="2161" pin=0"/></net>

<net id="2170"><net_src comp="346" pin="0"/><net_sink comp="2166" pin=1"/></net>

<net id="2174"><net_src comp="2166" pin="2"/><net_sink comp="2171" pin=0"/></net>

<net id="2179"><net_src comp="2171" pin="1"/><net_sink comp="2175" pin=0"/></net>

<net id="2186"><net_src comp="58" pin="0"/><net_sink comp="2180" pin=0"/></net>

<net id="2187"><net_src comp="2175" pin="2"/><net_sink comp="2180" pin=1"/></net>

<net id="2188"><net_src comp="60" pin="0"/><net_sink comp="2180" pin=2"/></net>

<net id="2189"><net_src comp="62" pin="0"/><net_sink comp="2180" pin=3"/></net>

<net id="2193"><net_src comp="2180" pin="4"/><net_sink comp="2190" pin=0"/></net>

<net id="2198"><net_src comp="22" pin="0"/><net_sink comp="2194" pin=0"/></net>

<net id="2199"><net_src comp="2190" pin="1"/><net_sink comp="2194" pin=1"/></net>

<net id="2204"><net_src comp="348" pin="0"/><net_sink comp="2200" pin=1"/></net>

<net id="2208"><net_src comp="2200" pin="2"/><net_sink comp="2205" pin=0"/></net>

<net id="2213"><net_src comp="2205" pin="1"/><net_sink comp="2209" pin=0"/></net>

<net id="2220"><net_src comp="58" pin="0"/><net_sink comp="2214" pin=0"/></net>

<net id="2221"><net_src comp="2209" pin="2"/><net_sink comp="2214" pin=1"/></net>

<net id="2222"><net_src comp="60" pin="0"/><net_sink comp="2214" pin=2"/></net>

<net id="2223"><net_src comp="62" pin="0"/><net_sink comp="2214" pin=3"/></net>

<net id="2227"><net_src comp="2214" pin="4"/><net_sink comp="2224" pin=0"/></net>

<net id="2232"><net_src comp="22" pin="0"/><net_sink comp="2228" pin=0"/></net>

<net id="2233"><net_src comp="2224" pin="1"/><net_sink comp="2228" pin=1"/></net>

<net id="2238"><net_src comp="350" pin="0"/><net_sink comp="2234" pin=1"/></net>

<net id="2242"><net_src comp="2234" pin="2"/><net_sink comp="2239" pin=0"/></net>

<net id="2247"><net_src comp="2239" pin="1"/><net_sink comp="2243" pin=0"/></net>

<net id="2254"><net_src comp="58" pin="0"/><net_sink comp="2248" pin=0"/></net>

<net id="2255"><net_src comp="2243" pin="2"/><net_sink comp="2248" pin=1"/></net>

<net id="2256"><net_src comp="60" pin="0"/><net_sink comp="2248" pin=2"/></net>

<net id="2257"><net_src comp="62" pin="0"/><net_sink comp="2248" pin=3"/></net>

<net id="2261"><net_src comp="2248" pin="4"/><net_sink comp="2258" pin=0"/></net>

<net id="2266"><net_src comp="22" pin="0"/><net_sink comp="2262" pin=0"/></net>

<net id="2267"><net_src comp="2258" pin="1"/><net_sink comp="2262" pin=1"/></net>

<net id="2271"><net_src comp="2268" pin="1"/><net_sink comp="1359" pin=3"/></net>

<net id="2275"><net_src comp="2272" pin="1"/><net_sink comp="1444" pin=3"/></net>

<net id="2279"><net_src comp="2276" pin="1"/><net_sink comp="1529" pin=3"/></net>

<net id="2283"><net_src comp="2280" pin="1"/><net_sink comp="1614" pin=3"/></net>

<net id="2287"><net_src comp="370" pin="1"/><net_sink comp="2284" pin=0"/></net>

<net id="2288"><net_src comp="2284" pin="1"/><net_sink comp="1759" pin=1"/></net>

<net id="2289"><net_src comp="2284" pin="1"/><net_sink comp="1855" pin=0"/></net>

<net id="2290"><net_src comp="2284" pin="1"/><net_sink comp="1970" pin=1"/></net>

<net id="2294"><net_src comp="374" pin="1"/><net_sink comp="2291" pin=0"/></net>

<net id="2295"><net_src comp="2291" pin="1"/><net_sink comp="1886" pin=0"/></net>

<net id="2296"><net_src comp="2291" pin="1"/><net_sink comp="2161" pin=1"/></net>

<net id="2300"><net_src comp="378" pin="1"/><net_sink comp="2297" pin=0"/></net>

<net id="2301"><net_src comp="2297" pin="1"/><net_sink comp="1890" pin=0"/></net>

<net id="2302"><net_src comp="2297" pin="1"/><net_sink comp="2156" pin=1"/></net>

<net id="2306"><net_src comp="382" pin="1"/><net_sink comp="2303" pin=0"/></net>

<net id="2307"><net_src comp="2303" pin="1"/><net_sink comp="1894" pin=0"/></net>

<net id="2308"><net_src comp="2303" pin="1"/><net_sink comp="2151" pin=1"/></net>

<net id="2312"><net_src comp="386" pin="1"/><net_sink comp="2309" pin=0"/></net>

<net id="2313"><net_src comp="2309" pin="1"/><net_sink comp="1898" pin=0"/></net>

<net id="2314"><net_src comp="2309" pin="1"/><net_sink comp="2146" pin=1"/></net>

<net id="2318"><net_src comp="390" pin="1"/><net_sink comp="2315" pin=0"/></net>

<net id="2319"><net_src comp="2315" pin="1"/><net_sink comp="1902" pin=0"/></net>

<net id="2320"><net_src comp="2315" pin="1"/><net_sink comp="2004" pin=1"/></net>

<net id="2324"><net_src comp="394" pin="1"/><net_sink comp="2321" pin=0"/></net>

<net id="2325"><net_src comp="2321" pin="1"/><net_sink comp="1906" pin=0"/></net>

<net id="2326"><net_src comp="2321" pin="1"/><net_sink comp="1999" pin=1"/></net>

<net id="2330"><net_src comp="398" pin="1"/><net_sink comp="2327" pin=0"/></net>

<net id="2331"><net_src comp="2327" pin="1"/><net_sink comp="1910" pin=0"/></net>

<net id="2332"><net_src comp="2327" pin="1"/><net_sink comp="1994" pin=1"/></net>

<net id="2336"><net_src comp="402" pin="1"/><net_sink comp="2333" pin=0"/></net>

<net id="2337"><net_src comp="2333" pin="1"/><net_sink comp="1914" pin=0"/></net>

<net id="2338"><net_src comp="2333" pin="1"/><net_sink comp="2009" pin=1"/></net>

<net id="2342"><net_src comp="450" pin="2"/><net_sink comp="2339" pin=0"/></net>

<net id="2343"><net_src comp="2339" pin="1"/><net_sink comp="1955" pin=1"/></net>

<net id="2344"><net_src comp="2339" pin="1"/><net_sink comp="1359" pin=5"/></net>

<net id="2345"><net_src comp="2339" pin="1"/><net_sink comp="1444" pin=5"/></net>

<net id="2346"><net_src comp="2339" pin="1"/><net_sink comp="1529" pin=5"/></net>

<net id="2347"><net_src comp="2339" pin="1"/><net_sink comp="1614" pin=5"/></net>

<net id="2351"><net_src comp="456" pin="2"/><net_sink comp="2348" pin=0"/></net>

<net id="2352"><net_src comp="2348" pin="1"/><net_sink comp="1929" pin=1"/></net>

<net id="2353"><net_src comp="2348" pin="1"/><net_sink comp="2175" pin=1"/></net>

<net id="2354"><net_src comp="2348" pin="1"/><net_sink comp="2209" pin=1"/></net>

<net id="2355"><net_src comp="2348" pin="1"/><net_sink comp="2243" pin=1"/></net>

<net id="2359"><net_src comp="406" pin="1"/><net_sink comp="2356" pin=0"/></net>

<net id="2360"><net_src comp="2356" pin="1"/><net_sink comp="1229" pin=14"/></net>

<net id="2361"><net_src comp="2356" pin="1"/><net_sink comp="2142" pin=0"/></net>

<net id="2365"><net_src comp="410" pin="1"/><net_sink comp="2362" pin=0"/></net>

<net id="2366"><net_src comp="2362" pin="1"/><net_sink comp="1229" pin=13"/></net>

<net id="2367"><net_src comp="2362" pin="1"/><net_sink comp="2138" pin=0"/></net>

<net id="2371"><net_src comp="414" pin="1"/><net_sink comp="2368" pin=0"/></net>

<net id="2372"><net_src comp="2368" pin="1"/><net_sink comp="1229" pin=12"/></net>

<net id="2373"><net_src comp="2368" pin="1"/><net_sink comp="2134" pin=0"/></net>

<net id="2377"><net_src comp="418" pin="1"/><net_sink comp="2374" pin=0"/></net>

<net id="2378"><net_src comp="2374" pin="1"/><net_sink comp="1229" pin=11"/></net>

<net id="2379"><net_src comp="2374" pin="1"/><net_sink comp="2130" pin=0"/></net>

<net id="2383"><net_src comp="422" pin="1"/><net_sink comp="2380" pin=0"/></net>

<net id="2384"><net_src comp="2380" pin="1"/><net_sink comp="1229" pin=10"/></net>

<net id="2385"><net_src comp="2380" pin="1"/><net_sink comp="2126" pin=0"/></net>

<net id="2389"><net_src comp="426" pin="1"/><net_sink comp="2386" pin=0"/></net>

<net id="2390"><net_src comp="2386" pin="1"/><net_sink comp="1217" pin=7"/></net>

<net id="2391"><net_src comp="2386" pin="1"/><net_sink comp="1974" pin=0"/></net>

<net id="2395"><net_src comp="430" pin="1"/><net_sink comp="2392" pin=0"/></net>

<net id="2396"><net_src comp="2392" pin="1"/><net_sink comp="1217" pin=6"/></net>

<net id="2397"><net_src comp="2392" pin="1"/><net_sink comp="1982" pin=0"/></net>

<net id="2401"><net_src comp="434" pin="1"/><net_sink comp="2398" pin=0"/></net>

<net id="2402"><net_src comp="2398" pin="1"/><net_sink comp="1217" pin=5"/></net>

<net id="2403"><net_src comp="2398" pin="1"/><net_sink comp="1986" pin=0"/></net>

<net id="2407"><net_src comp="438" pin="1"/><net_sink comp="2404" pin=0"/></net>

<net id="2408"><net_src comp="2404" pin="1"/><net_sink comp="1217" pin=4"/></net>

<net id="2409"><net_src comp="2404" pin="1"/><net_sink comp="1990" pin=0"/></net>

<net id="2413"><net_src comp="1639" pin="4"/><net_sink comp="2410" pin=0"/></net>

<net id="2414"><net_src comp="2410" pin="1"/><net_sink comp="1764" pin=0"/></net>

<net id="2415"><net_src comp="2410" pin="1"/><net_sink comp="1209" pin=2"/></net>

<net id="2419"><net_src comp="1649" pin="4"/><net_sink comp="2416" pin=0"/></net>

<net id="2420"><net_src comp="2416" pin="1"/><net_sink comp="1774" pin=0"/></net>

<net id="2421"><net_src comp="2416" pin="1"/><net_sink comp="1217" pin=2"/></net>

<net id="2425"><net_src comp="1673" pin="2"/><net_sink comp="2422" pin=0"/></net>

<net id="2426"><net_src comp="2422" pin="1"/><net_sink comp="542" pin=1"/></net>

<net id="2427"><net_src comp="2422" pin="1"/><net_sink comp="549" pin=1"/></net>

<net id="2431"><net_src comp="1679" pin="4"/><net_sink comp="2428" pin=0"/></net>

<net id="2432"><net_src comp="2428" pin="1"/><net_sink comp="1783" pin=0"/></net>

<net id="2433"><net_src comp="2428" pin="1"/><net_sink comp="1267" pin=4"/></net>

<net id="2437"><net_src comp="1689" pin="4"/><net_sink comp="2434" pin=0"/></net>

<net id="2438"><net_src comp="2434" pin="1"/><net_sink comp="1792" pin=0"/></net>

<net id="2439"><net_src comp="2434" pin="1"/><net_sink comp="1267" pin=3"/></net>

<net id="2443"><net_src comp="1699" pin="4"/><net_sink comp="2440" pin=0"/></net>

<net id="2444"><net_src comp="2440" pin="1"/><net_sink comp="1801" pin=0"/></net>

<net id="2445"><net_src comp="2440" pin="1"/><net_sink comp="1369" pin=4"/></net>

<net id="2449"><net_src comp="1709" pin="4"/><net_sink comp="2446" pin=0"/></net>

<net id="2450"><net_src comp="2446" pin="1"/><net_sink comp="1810" pin=0"/></net>

<net id="2451"><net_src comp="2446" pin="1"/><net_sink comp="1369" pin=3"/></net>

<net id="2455"><net_src comp="1719" pin="4"/><net_sink comp="2452" pin=0"/></net>

<net id="2456"><net_src comp="2452" pin="1"/><net_sink comp="1819" pin=0"/></net>

<net id="2457"><net_src comp="2452" pin="1"/><net_sink comp="1454" pin=4"/></net>

<net id="2461"><net_src comp="1729" pin="4"/><net_sink comp="2458" pin=0"/></net>

<net id="2462"><net_src comp="2458" pin="1"/><net_sink comp="1828" pin=0"/></net>

<net id="2463"><net_src comp="2458" pin="1"/><net_sink comp="1454" pin=3"/></net>

<net id="2467"><net_src comp="1739" pin="4"/><net_sink comp="2464" pin=0"/></net>

<net id="2468"><net_src comp="2464" pin="1"/><net_sink comp="1837" pin=0"/></net>

<net id="2469"><net_src comp="2464" pin="1"/><net_sink comp="1539" pin=4"/></net>

<net id="2473"><net_src comp="1749" pin="4"/><net_sink comp="2470" pin=0"/></net>

<net id="2474"><net_src comp="2470" pin="1"/><net_sink comp="1846" pin=0"/></net>

<net id="2475"><net_src comp="2470" pin="1"/><net_sink comp="1539" pin=3"/></net>

<net id="2479"><net_src comp="1767" pin="2"/><net_sink comp="2476" pin=0"/></net>

<net id="2480"><net_src comp="2476" pin="1"/><net_sink comp="528" pin=1"/></net>

<net id="2484"><net_src comp="669" pin="3"/><net_sink comp="2481" pin=0"/></net>

<net id="2485"><net_src comp="2481" pin="1"/><net_sink comp="1117" pin=32"/></net>

<net id="2489"><net_src comp="676" pin="3"/><net_sink comp="2486" pin=0"/></net>

<net id="2490"><net_src comp="2486" pin="1"/><net_sink comp="1117" pin=29"/></net>

<net id="2494"><net_src comp="683" pin="3"/><net_sink comp="2491" pin=0"/></net>

<net id="2495"><net_src comp="2491" pin="1"/><net_sink comp="1117" pin=26"/></net>

<net id="2499"><net_src comp="690" pin="3"/><net_sink comp="2496" pin=0"/></net>

<net id="2500"><net_src comp="2496" pin="1"/><net_sink comp="1117" pin=24"/></net>

<net id="2504"><net_src comp="697" pin="3"/><net_sink comp="2501" pin=0"/></net>

<net id="2505"><net_src comp="2501" pin="1"/><net_sink comp="1117" pin=21"/></net>

<net id="2509"><net_src comp="704" pin="3"/><net_sink comp="2506" pin=0"/></net>

<net id="2510"><net_src comp="2506" pin="1"/><net_sink comp="1117" pin=18"/></net>

<net id="2514"><net_src comp="711" pin="3"/><net_sink comp="2511" pin=0"/></net>

<net id="2515"><net_src comp="2511" pin="1"/><net_sink comp="1117" pin=16"/></net>

<net id="2519"><net_src comp="718" pin="3"/><net_sink comp="2516" pin=0"/></net>

<net id="2520"><net_src comp="2516" pin="1"/><net_sink comp="1117" pin=13"/></net>

<net id="2524"><net_src comp="725" pin="3"/><net_sink comp="2521" pin=0"/></net>

<net id="2525"><net_src comp="2521" pin="1"/><net_sink comp="1117" pin=10"/></net>

<net id="2529"><net_src comp="732" pin="3"/><net_sink comp="2526" pin=0"/></net>

<net id="2530"><net_src comp="2526" pin="1"/><net_sink comp="1117" pin=8"/></net>

<net id="2534"><net_src comp="739" pin="3"/><net_sink comp="2531" pin=0"/></net>

<net id="2535"><net_src comp="2531" pin="1"/><net_sink comp="1117" pin=5"/></net>

<net id="2539"><net_src comp="746" pin="3"/><net_sink comp="2536" pin=0"/></net>

<net id="2540"><net_src comp="2536" pin="1"/><net_sink comp="1117" pin=2"/></net>

<net id="2544"><net_src comp="753" pin="3"/><net_sink comp="2541" pin=0"/></net>

<net id="2545"><net_src comp="2541" pin="1"/><net_sink comp="1117" pin=0"/></net>

<net id="2549"><net_src comp="760" pin="3"/><net_sink comp="2546" pin=0"/></net>

<net id="2550"><net_src comp="2546" pin="1"/><net_sink comp="1117" pin=42"/></net>

<net id="2554"><net_src comp="767" pin="3"/><net_sink comp="2551" pin=0"/></net>

<net id="2555"><net_src comp="2551" pin="1"/><net_sink comp="1117" pin=40"/></net>

<net id="2559"><net_src comp="774" pin="3"/><net_sink comp="2556" pin=0"/></net>

<net id="2560"><net_src comp="2556" pin="1"/><net_sink comp="1117" pin=37"/></net>

<net id="2564"><net_src comp="781" pin="3"/><net_sink comp="2561" pin=0"/></net>

<net id="2565"><net_src comp="2561" pin="1"/><net_sink comp="1117" pin=34"/></net>

<net id="2569"><net_src comp="788" pin="3"/><net_sink comp="2566" pin=0"/></net>

<net id="2570"><net_src comp="2566" pin="1"/><net_sink comp="1117" pin=32"/></net>

<net id="2574"><net_src comp="795" pin="3"/><net_sink comp="2571" pin=0"/></net>

<net id="2575"><net_src comp="2571" pin="1"/><net_sink comp="1117" pin=29"/></net>

<net id="2579"><net_src comp="802" pin="3"/><net_sink comp="2576" pin=0"/></net>

<net id="2580"><net_src comp="2576" pin="1"/><net_sink comp="1117" pin=26"/></net>

<net id="2584"><net_src comp="809" pin="3"/><net_sink comp="2581" pin=0"/></net>

<net id="2585"><net_src comp="2581" pin="1"/><net_sink comp="1117" pin=24"/></net>

<net id="2589"><net_src comp="816" pin="3"/><net_sink comp="2586" pin=0"/></net>

<net id="2590"><net_src comp="2586" pin="1"/><net_sink comp="1117" pin=21"/></net>

<net id="2594"><net_src comp="823" pin="3"/><net_sink comp="2591" pin=0"/></net>

<net id="2595"><net_src comp="2591" pin="1"/><net_sink comp="1117" pin=18"/></net>

<net id="2599"><net_src comp="830" pin="3"/><net_sink comp="2596" pin=0"/></net>

<net id="2600"><net_src comp="2596" pin="1"/><net_sink comp="1117" pin=16"/></net>

<net id="2604"><net_src comp="837" pin="3"/><net_sink comp="2601" pin=0"/></net>

<net id="2605"><net_src comp="2601" pin="1"/><net_sink comp="1117" pin=13"/></net>

<net id="2609"><net_src comp="844" pin="3"/><net_sink comp="2606" pin=0"/></net>

<net id="2610"><net_src comp="2606" pin="1"/><net_sink comp="1117" pin=10"/></net>

<net id="2614"><net_src comp="851" pin="3"/><net_sink comp="2611" pin=0"/></net>

<net id="2615"><net_src comp="2611" pin="1"/><net_sink comp="1117" pin=8"/></net>

<net id="2619"><net_src comp="858" pin="3"/><net_sink comp="2616" pin=0"/></net>

<net id="2620"><net_src comp="2616" pin="1"/><net_sink comp="1117" pin=5"/></net>

<net id="2624"><net_src comp="865" pin="3"/><net_sink comp="2621" pin=0"/></net>

<net id="2625"><net_src comp="2621" pin="1"/><net_sink comp="1117" pin=2"/></net>

<net id="2629"><net_src comp="872" pin="3"/><net_sink comp="2626" pin=0"/></net>

<net id="2630"><net_src comp="2626" pin="1"/><net_sink comp="1117" pin=0"/></net>

<net id="2634"><net_src comp="879" pin="3"/><net_sink comp="2631" pin=0"/></net>

<net id="2635"><net_src comp="2631" pin="1"/><net_sink comp="1117" pin=2"/></net>

<net id="2639"><net_src comp="886" pin="3"/><net_sink comp="2636" pin=0"/></net>

<net id="2640"><net_src comp="2636" pin="1"/><net_sink comp="1117" pin=5"/></net>

<net id="2644"><net_src comp="893" pin="3"/><net_sink comp="2641" pin=0"/></net>

<net id="2645"><net_src comp="2641" pin="1"/><net_sink comp="1117" pin=8"/></net>

<net id="2649"><net_src comp="900" pin="3"/><net_sink comp="2646" pin=0"/></net>

<net id="2650"><net_src comp="2646" pin="1"/><net_sink comp="1117" pin=10"/></net>

<net id="2654"><net_src comp="907" pin="3"/><net_sink comp="2651" pin=0"/></net>

<net id="2655"><net_src comp="2651" pin="1"/><net_sink comp="1117" pin=13"/></net>

<net id="2659"><net_src comp="914" pin="3"/><net_sink comp="2656" pin=0"/></net>

<net id="2660"><net_src comp="2656" pin="1"/><net_sink comp="1117" pin=16"/></net>

<net id="2664"><net_src comp="921" pin="3"/><net_sink comp="2661" pin=0"/></net>

<net id="2665"><net_src comp="2661" pin="1"/><net_sink comp="1117" pin=18"/></net>

<net id="2669"><net_src comp="928" pin="3"/><net_sink comp="2666" pin=0"/></net>

<net id="2670"><net_src comp="2666" pin="1"/><net_sink comp="1117" pin=0"/></net>

<net id="2674"><net_src comp="935" pin="3"/><net_sink comp="2671" pin=0"/></net>

<net id="2675"><net_src comp="2671" pin="1"/><net_sink comp="1117" pin=24"/></net>

<net id="2679"><net_src comp="942" pin="3"/><net_sink comp="2676" pin=0"/></net>

<net id="2680"><net_src comp="2676" pin="1"/><net_sink comp="1117" pin=26"/></net>

<net id="2684"><net_src comp="949" pin="3"/><net_sink comp="2681" pin=0"/></net>

<net id="2685"><net_src comp="2681" pin="1"/><net_sink comp="1117" pin=29"/></net>

<net id="2689"><net_src comp="956" pin="3"/><net_sink comp="2686" pin=0"/></net>

<net id="2690"><net_src comp="2686" pin="1"/><net_sink comp="1117" pin=32"/></net>

<net id="2694"><net_src comp="963" pin="3"/><net_sink comp="2691" pin=0"/></net>

<net id="2695"><net_src comp="2691" pin="1"/><net_sink comp="1117" pin=21"/></net>

<net id="2699"><net_src comp="970" pin="3"/><net_sink comp="2696" pin=0"/></net>

<net id="2700"><net_src comp="2696" pin="1"/><net_sink comp="1117" pin=34"/></net>

<net id="2704"><net_src comp="977" pin="3"/><net_sink comp="2701" pin=0"/></net>

<net id="2705"><net_src comp="2701" pin="1"/><net_sink comp="1117" pin=37"/></net>

<net id="2709"><net_src comp="984" pin="3"/><net_sink comp="2706" pin=0"/></net>

<net id="2710"><net_src comp="2706" pin="1"/><net_sink comp="1117" pin=40"/></net>

<net id="2714"><net_src comp="991" pin="3"/><net_sink comp="2711" pin=0"/></net>

<net id="2715"><net_src comp="2711" pin="1"/><net_sink comp="1117" pin=42"/></net>

<net id="2719"><net_src comp="998" pin="3"/><net_sink comp="2716" pin=0"/></net>

<net id="2720"><net_src comp="2716" pin="1"/><net_sink comp="1117" pin=2"/></net>

<net id="2724"><net_src comp="1005" pin="3"/><net_sink comp="2721" pin=0"/></net>

<net id="2725"><net_src comp="2721" pin="1"/><net_sink comp="1117" pin=5"/></net>

<net id="2729"><net_src comp="1012" pin="3"/><net_sink comp="2726" pin=0"/></net>

<net id="2730"><net_src comp="2726" pin="1"/><net_sink comp="1117" pin=8"/></net>

<net id="2734"><net_src comp="1019" pin="3"/><net_sink comp="2731" pin=0"/></net>

<net id="2735"><net_src comp="2731" pin="1"/><net_sink comp="1117" pin=10"/></net>

<net id="2739"><net_src comp="1026" pin="3"/><net_sink comp="2736" pin=0"/></net>

<net id="2740"><net_src comp="2736" pin="1"/><net_sink comp="1117" pin=13"/></net>

<net id="2744"><net_src comp="1033" pin="3"/><net_sink comp="2741" pin=0"/></net>

<net id="2745"><net_src comp="2741" pin="1"/><net_sink comp="1117" pin=16"/></net>

<net id="2749"><net_src comp="1040" pin="3"/><net_sink comp="2746" pin=0"/></net>

<net id="2750"><net_src comp="2746" pin="1"/><net_sink comp="1117" pin=18"/></net>

<net id="2754"><net_src comp="1047" pin="3"/><net_sink comp="2751" pin=0"/></net>

<net id="2755"><net_src comp="2751" pin="1"/><net_sink comp="1117" pin=0"/></net>

<net id="2759"><net_src comp="1054" pin="3"/><net_sink comp="2756" pin=0"/></net>

<net id="2760"><net_src comp="2756" pin="1"/><net_sink comp="1117" pin=24"/></net>

<net id="2764"><net_src comp="1061" pin="3"/><net_sink comp="2761" pin=0"/></net>

<net id="2765"><net_src comp="2761" pin="1"/><net_sink comp="1117" pin=26"/></net>

<net id="2769"><net_src comp="1068" pin="3"/><net_sink comp="2766" pin=0"/></net>

<net id="2770"><net_src comp="2766" pin="1"/><net_sink comp="1117" pin=29"/></net>

<net id="2774"><net_src comp="1075" pin="3"/><net_sink comp="2771" pin=0"/></net>

<net id="2775"><net_src comp="2771" pin="1"/><net_sink comp="1117" pin=32"/></net>

<net id="2779"><net_src comp="1082" pin="3"/><net_sink comp="2776" pin=0"/></net>

<net id="2780"><net_src comp="2776" pin="1"/><net_sink comp="1117" pin=21"/></net>

<net id="2784"><net_src comp="1089" pin="3"/><net_sink comp="2781" pin=0"/></net>

<net id="2785"><net_src comp="2781" pin="1"/><net_sink comp="1117" pin=34"/></net>

<net id="2789"><net_src comp="1096" pin="3"/><net_sink comp="2786" pin=0"/></net>

<net id="2790"><net_src comp="2786" pin="1"/><net_sink comp="1117" pin=37"/></net>

<net id="2794"><net_src comp="1103" pin="3"/><net_sink comp="2791" pin=0"/></net>

<net id="2795"><net_src comp="2791" pin="1"/><net_sink comp="1117" pin=40"/></net>

<net id="2799"><net_src comp="1110" pin="3"/><net_sink comp="2796" pin=0"/></net>

<net id="2800"><net_src comp="2796" pin="1"/><net_sink comp="1117" pin=42"/></net>

<net id="2804"><net_src comp="1777" pin="2"/><net_sink comp="2801" pin=0"/></net>

<net id="2805"><net_src comp="2801" pin="1"/><net_sink comp="535" pin=1"/></net>

<net id="2809"><net_src comp="1786" pin="2"/><net_sink comp="2806" pin=0"/></net>

<net id="2810"><net_src comp="2806" pin="1"/><net_sink comp="570" pin=1"/></net>

<net id="2814"><net_src comp="1795" pin="2"/><net_sink comp="2811" pin=0"/></net>

<net id="2815"><net_src comp="2811" pin="1"/><net_sink comp="577" pin=1"/></net>

<net id="2819"><net_src comp="1804" pin="2"/><net_sink comp="2816" pin=0"/></net>

<net id="2820"><net_src comp="2816" pin="1"/><net_sink comp="586" pin=1"/></net>

<net id="2824"><net_src comp="1813" pin="2"/><net_sink comp="2821" pin=0"/></net>

<net id="2825"><net_src comp="2821" pin="1"/><net_sink comp="593" pin=1"/></net>

<net id="2829"><net_src comp="1822" pin="2"/><net_sink comp="2826" pin=0"/></net>

<net id="2830"><net_src comp="2826" pin="1"/><net_sink comp="600" pin=1"/></net>

<net id="2834"><net_src comp="1831" pin="2"/><net_sink comp="2831" pin=0"/></net>

<net id="2835"><net_src comp="2831" pin="1"/><net_sink comp="607" pin=1"/></net>

<net id="2839"><net_src comp="1840" pin="2"/><net_sink comp="2836" pin=0"/></net>

<net id="2840"><net_src comp="2836" pin="1"/><net_sink comp="614" pin=1"/></net>

<net id="2844"><net_src comp="1849" pin="2"/><net_sink comp="2841" pin=0"/></net>

<net id="2845"><net_src comp="2841" pin="1"/><net_sink comp="621" pin=1"/></net>

<net id="2849"><net_src comp="1855" pin="1"/><net_sink comp="2846" pin=0"/></net>

<net id="2850"><net_src comp="2846" pin="1"/><net_sink comp="1359" pin=4"/></net>

<net id="2851"><net_src comp="2846" pin="1"/><net_sink comp="1444" pin=4"/></net>

<net id="2852"><net_src comp="2846" pin="1"/><net_sink comp="1529" pin=4"/></net>

<net id="2853"><net_src comp="2846" pin="1"/><net_sink comp="1614" pin=4"/></net>

<net id="2860"><net_src comp="1864" pin="2"/><net_sink comp="2857" pin=0"/></net>

<net id="2861"><net_src comp="2857" pin="1"/><net_sink comp="1970" pin=0"/></net>

<net id="2868"><net_src comp="1876" pin="2"/><net_sink comp="2865" pin=0"/></net>

<net id="2869"><net_src comp="2865" pin="1"/><net_sink comp="1190" pin=2"/></net>

<net id="2873"><net_src comp="1882" pin="1"/><net_sink comp="2870" pin=0"/></net>

<net id="2889"><net_src comp="1902" pin="1"/><net_sink comp="2886" pin=0"/></net>

<net id="2890"><net_src comp="2886" pin="1"/><net_sink comp="1229" pin=5"/></net>

<net id="2894"><net_src comp="1906" pin="1"/><net_sink comp="2891" pin=0"/></net>

<net id="2895"><net_src comp="2891" pin="1"/><net_sink comp="1229" pin=6"/></net>

<net id="2899"><net_src comp="1910" pin="1"/><net_sink comp="2896" pin=0"/></net>

<net id="2900"><net_src comp="2896" pin="1"/><net_sink comp="1229" pin=7"/></net>

<net id="2904"><net_src comp="1914" pin="1"/><net_sink comp="2901" pin=0"/></net>

<net id="2905"><net_src comp="2901" pin="1"/><net_sink comp="1229" pin=8"/></net>

<net id="2909"><net_src comp="1918" pin="3"/><net_sink comp="2906" pin=0"/></net>

<net id="2910"><net_src comp="2906" pin="1"/><net_sink comp="2166" pin=0"/></net>

<net id="2911"><net_src comp="2906" pin="1"/><net_sink comp="2200" pin=0"/></net>

<net id="2912"><net_src comp="2906" pin="1"/><net_sink comp="2234" pin=0"/></net>

<net id="2916"><net_src comp="1934" pin="4"/><net_sink comp="2913" pin=0"/></net>

<net id="2917"><net_src comp="2913" pin="1"/><net_sink comp="2106" pin=0"/></net>

<net id="2918"><net_src comp="2913" pin="1"/><net_sink comp="1248" pin=2"/></net>

<net id="2922"><net_src comp="1960" pin="4"/><net_sink comp="2919" pin=0"/></net>

<net id="2923"><net_src comp="2919" pin="1"/><net_sink comp="2116" pin=0"/></net>

<net id="2924"><net_src comp="2919" pin="1"/><net_sink comp="1260" pin=2"/></net>

<net id="2928"><net_src comp="549" pin="2"/><net_sink comp="2925" pin=0"/></net>

<net id="2929"><net_src comp="2925" pin="1"/><net_sink comp="1978" pin=0"/></net>

<net id="2936"><net_src comp="1978" pin="1"/><net_sink comp="2933" pin=0"/></net>

<net id="2937"><net_src comp="2933" pin="1"/><net_sink comp="1624" pin=0"/></net>

<net id="2950"><net_src comp="2098" pin="3"/><net_sink comp="2947" pin=0"/></net>

<net id="2951"><net_src comp="2947" pin="1"/><net_sink comp="1201" pin=2"/></net>

<net id="2955"><net_src comp="2109" pin="2"/><net_sink comp="2952" pin=0"/></net>

<net id="2956"><net_src comp="2952" pin="1"/><net_sink comp="554" pin=1"/></net>

<net id="2957"><net_src comp="2952" pin="1"/><net_sink comp="649" pin=1"/></net>

<net id="2961"><net_src comp="2119" pin="2"/><net_sink comp="2958" pin=0"/></net>

<net id="2962"><net_src comp="2958" pin="1"/><net_sink comp="561" pin=1"/></net>

<net id="2981"><net_src comp="2194" pin="2"/><net_sink comp="2978" pin=0"/></net>

<net id="2982"><net_src comp="2978" pin="1"/><net_sink comp="628" pin=1"/></net>

<net id="2983"><net_src comp="2978" pin="1"/><net_sink comp="654" pin=1"/></net>

<net id="2987"><net_src comp="2228" pin="2"/><net_sink comp="2984" pin=0"/></net>

<net id="2988"><net_src comp="2984" pin="1"/><net_sink comp="635" pin=1"/></net>

<net id="2989"><net_src comp="2984" pin="1"/><net_sink comp="659" pin=1"/></net>

<net id="2993"><net_src comp="2262" pin="2"/><net_sink comp="2990" pin=0"/></net>

<net id="2994"><net_src comp="2990" pin="1"/><net_sink comp="642" pin=1"/></net>

<net id="2995"><net_src comp="2990" pin="1"/><net_sink comp="664" pin=1"/></net>

<net id="2999"><net_src comp="1117" pin="51"/><net_sink comp="2996" pin=0"/></net>

<net id="3000"><net_src comp="2996" pin="1"/><net_sink comp="1267" pin=5"/></net>

<net id="3001"><net_src comp="2996" pin="1"/><net_sink comp="1369" pin=5"/></net>

<net id="3002"><net_src comp="2996" pin="1"/><net_sink comp="1454" pin=5"/></net>

<net id="3003"><net_src comp="2996" pin="1"/><net_sink comp="1539" pin=5"/></net>

<net id="3007"><net_src comp="1117" pin="47"/><net_sink comp="3004" pin=0"/></net>

<net id="3008"><net_src comp="3004" pin="1"/><net_sink comp="1267" pin=6"/></net>

<net id="3009"><net_src comp="3004" pin="1"/><net_sink comp="1369" pin=6"/></net>

<net id="3010"><net_src comp="3004" pin="1"/><net_sink comp="1454" pin=6"/></net>

<net id="3011"><net_src comp="3004" pin="1"/><net_sink comp="1539" pin=6"/></net>

<net id="3015"><net_src comp="1117" pin="43"/><net_sink comp="3012" pin=0"/></net>

<net id="3016"><net_src comp="3012" pin="1"/><net_sink comp="1267" pin=7"/></net>

<net id="3017"><net_src comp="3012" pin="1"/><net_sink comp="1369" pin=7"/></net>

<net id="3018"><net_src comp="3012" pin="1"/><net_sink comp="1454" pin=7"/></net>

<net id="3019"><net_src comp="3012" pin="1"/><net_sink comp="1539" pin=7"/></net>

<net id="3023"><net_src comp="1117" pin="39"/><net_sink comp="3020" pin=0"/></net>

<net id="3024"><net_src comp="3020" pin="1"/><net_sink comp="1267" pin=8"/></net>

<net id="3025"><net_src comp="3020" pin="1"/><net_sink comp="1369" pin=8"/></net>

<net id="3026"><net_src comp="3020" pin="1"/><net_sink comp="1454" pin=8"/></net>

<net id="3027"><net_src comp="3020" pin="1"/><net_sink comp="1539" pin=8"/></net>

<net id="3031"><net_src comp="1117" pin="35"/><net_sink comp="3028" pin=0"/></net>

<net id="3032"><net_src comp="3028" pin="1"/><net_sink comp="1267" pin=9"/></net>

<net id="3033"><net_src comp="3028" pin="1"/><net_sink comp="1369" pin=9"/></net>

<net id="3034"><net_src comp="3028" pin="1"/><net_sink comp="1454" pin=9"/></net>

<net id="3035"><net_src comp="3028" pin="1"/><net_sink comp="1539" pin=9"/></net>

<net id="3039"><net_src comp="1117" pin="31"/><net_sink comp="3036" pin=0"/></net>

<net id="3040"><net_src comp="3036" pin="1"/><net_sink comp="1267" pin=10"/></net>

<net id="3041"><net_src comp="3036" pin="1"/><net_sink comp="1369" pin=10"/></net>

<net id="3042"><net_src comp="3036" pin="1"/><net_sink comp="1454" pin=10"/></net>

<net id="3043"><net_src comp="3036" pin="1"/><net_sink comp="1539" pin=10"/></net>

<net id="3047"><net_src comp="1117" pin="27"/><net_sink comp="3044" pin=0"/></net>

<net id="3048"><net_src comp="3044" pin="1"/><net_sink comp="1267" pin=11"/></net>

<net id="3049"><net_src comp="3044" pin="1"/><net_sink comp="1369" pin=11"/></net>

<net id="3050"><net_src comp="3044" pin="1"/><net_sink comp="1454" pin=11"/></net>

<net id="3051"><net_src comp="3044" pin="1"/><net_sink comp="1539" pin=11"/></net>

<net id="3055"><net_src comp="1117" pin="23"/><net_sink comp="3052" pin=0"/></net>

<net id="3056"><net_src comp="3052" pin="1"/><net_sink comp="1267" pin=12"/></net>

<net id="3057"><net_src comp="3052" pin="1"/><net_sink comp="1369" pin=12"/></net>

<net id="3058"><net_src comp="3052" pin="1"/><net_sink comp="1454" pin=12"/></net>

<net id="3059"><net_src comp="3052" pin="1"/><net_sink comp="1539" pin=12"/></net>

<net id="3063"><net_src comp="1117" pin="19"/><net_sink comp="3060" pin=0"/></net>

<net id="3064"><net_src comp="3060" pin="1"/><net_sink comp="1267" pin=13"/></net>

<net id="3065"><net_src comp="3060" pin="1"/><net_sink comp="1369" pin=13"/></net>

<net id="3066"><net_src comp="3060" pin="1"/><net_sink comp="1454" pin=13"/></net>

<net id="3067"><net_src comp="3060" pin="1"/><net_sink comp="1539" pin=13"/></net>

<net id="3071"><net_src comp="1117" pin="15"/><net_sink comp="3068" pin=0"/></net>

<net id="3072"><net_src comp="3068" pin="1"/><net_sink comp="1267" pin=14"/></net>

<net id="3073"><net_src comp="3068" pin="1"/><net_sink comp="1369" pin=14"/></net>

<net id="3074"><net_src comp="3068" pin="1"/><net_sink comp="1454" pin=14"/></net>

<net id="3075"><net_src comp="3068" pin="1"/><net_sink comp="1539" pin=14"/></net>

<net id="3079"><net_src comp="1117" pin="11"/><net_sink comp="3076" pin=0"/></net>

<net id="3080"><net_src comp="3076" pin="1"/><net_sink comp="1267" pin=15"/></net>

<net id="3081"><net_src comp="3076" pin="1"/><net_sink comp="1369" pin=15"/></net>

<net id="3082"><net_src comp="3076" pin="1"/><net_sink comp="1454" pin=15"/></net>

<net id="3083"><net_src comp="3076" pin="1"/><net_sink comp="1539" pin=15"/></net>

<net id="3087"><net_src comp="1117" pin="7"/><net_sink comp="3084" pin=0"/></net>

<net id="3088"><net_src comp="3084" pin="1"/><net_sink comp="1267" pin=16"/></net>

<net id="3089"><net_src comp="3084" pin="1"/><net_sink comp="1369" pin=16"/></net>

<net id="3090"><net_src comp="3084" pin="1"/><net_sink comp="1454" pin=16"/></net>

<net id="3091"><net_src comp="3084" pin="1"/><net_sink comp="1539" pin=16"/></net>

<net id="3095"><net_src comp="1117" pin="3"/><net_sink comp="3092" pin=0"/></net>

<net id="3096"><net_src comp="3092" pin="1"/><net_sink comp="1267" pin=17"/></net>

<net id="3097"><net_src comp="3092" pin="1"/><net_sink comp="1369" pin=17"/></net>

<net id="3098"><net_src comp="3092" pin="1"/><net_sink comp="1454" pin=17"/></net>

<net id="3099"><net_src comp="3092" pin="1"/><net_sink comp="1539" pin=17"/></net>

<net id="3103"><net_src comp="1117" pin="67"/><net_sink comp="3100" pin=0"/></net>

<net id="3104"><net_src comp="3100" pin="1"/><net_sink comp="1267" pin=18"/></net>

<net id="3105"><net_src comp="3100" pin="1"/><net_sink comp="1369" pin=18"/></net>

<net id="3106"><net_src comp="3100" pin="1"/><net_sink comp="1454" pin=18"/></net>

<net id="3107"><net_src comp="3100" pin="1"/><net_sink comp="1539" pin=18"/></net>

<net id="3111"><net_src comp="1117" pin="63"/><net_sink comp="3108" pin=0"/></net>

<net id="3112"><net_src comp="3108" pin="1"/><net_sink comp="1267" pin=19"/></net>

<net id="3113"><net_src comp="3108" pin="1"/><net_sink comp="1369" pin=19"/></net>

<net id="3114"><net_src comp="3108" pin="1"/><net_sink comp="1454" pin=19"/></net>

<net id="3115"><net_src comp="3108" pin="1"/><net_sink comp="1539" pin=19"/></net>

<net id="3119"><net_src comp="1117" pin="59"/><net_sink comp="3116" pin=0"/></net>

<net id="3120"><net_src comp="3116" pin="1"/><net_sink comp="1267" pin=20"/></net>

<net id="3121"><net_src comp="3116" pin="1"/><net_sink comp="1369" pin=20"/></net>

<net id="3122"><net_src comp="3116" pin="1"/><net_sink comp="1454" pin=20"/></net>

<net id="3123"><net_src comp="3116" pin="1"/><net_sink comp="1539" pin=20"/></net>

<net id="3127"><net_src comp="1117" pin="55"/><net_sink comp="3124" pin=0"/></net>

<net id="3128"><net_src comp="3124" pin="1"/><net_sink comp="1267" pin=21"/></net>

<net id="3129"><net_src comp="3124" pin="1"/><net_sink comp="1369" pin=21"/></net>

<net id="3130"><net_src comp="3124" pin="1"/><net_sink comp="1454" pin=21"/></net>

<net id="3131"><net_src comp="3124" pin="1"/><net_sink comp="1539" pin=21"/></net>

<net id="3135"><net_src comp="1117" pin="51"/><net_sink comp="3132" pin=0"/></net>

<net id="3136"><net_src comp="3132" pin="1"/><net_sink comp="1267" pin=22"/></net>

<net id="3137"><net_src comp="3132" pin="1"/><net_sink comp="1369" pin=22"/></net>

<net id="3138"><net_src comp="3132" pin="1"/><net_sink comp="1454" pin=22"/></net>

<net id="3139"><net_src comp="3132" pin="1"/><net_sink comp="1539" pin=22"/></net>

<net id="3143"><net_src comp="1117" pin="47"/><net_sink comp="3140" pin=0"/></net>

<net id="3144"><net_src comp="3140" pin="1"/><net_sink comp="1267" pin=23"/></net>

<net id="3145"><net_src comp="3140" pin="1"/><net_sink comp="1369" pin=23"/></net>

<net id="3146"><net_src comp="3140" pin="1"/><net_sink comp="1454" pin=23"/></net>

<net id="3147"><net_src comp="3140" pin="1"/><net_sink comp="1539" pin=23"/></net>

<net id="3151"><net_src comp="1117" pin="43"/><net_sink comp="3148" pin=0"/></net>

<net id="3152"><net_src comp="3148" pin="1"/><net_sink comp="1267" pin=24"/></net>

<net id="3153"><net_src comp="3148" pin="1"/><net_sink comp="1369" pin=24"/></net>

<net id="3154"><net_src comp="3148" pin="1"/><net_sink comp="1454" pin=24"/></net>

<net id="3155"><net_src comp="3148" pin="1"/><net_sink comp="1539" pin=24"/></net>

<net id="3159"><net_src comp="1117" pin="39"/><net_sink comp="3156" pin=0"/></net>

<net id="3160"><net_src comp="3156" pin="1"/><net_sink comp="1267" pin=25"/></net>

<net id="3161"><net_src comp="3156" pin="1"/><net_sink comp="1369" pin=25"/></net>

<net id="3162"><net_src comp="3156" pin="1"/><net_sink comp="1454" pin=25"/></net>

<net id="3163"><net_src comp="3156" pin="1"/><net_sink comp="1539" pin=25"/></net>

<net id="3167"><net_src comp="1117" pin="35"/><net_sink comp="3164" pin=0"/></net>

<net id="3168"><net_src comp="3164" pin="1"/><net_sink comp="1267" pin=26"/></net>

<net id="3169"><net_src comp="3164" pin="1"/><net_sink comp="1369" pin=26"/></net>

<net id="3170"><net_src comp="3164" pin="1"/><net_sink comp="1454" pin=26"/></net>

<net id="3171"><net_src comp="3164" pin="1"/><net_sink comp="1539" pin=26"/></net>

<net id="3175"><net_src comp="1117" pin="31"/><net_sink comp="3172" pin=0"/></net>

<net id="3176"><net_src comp="3172" pin="1"/><net_sink comp="1267" pin=27"/></net>

<net id="3177"><net_src comp="3172" pin="1"/><net_sink comp="1369" pin=27"/></net>

<net id="3178"><net_src comp="3172" pin="1"/><net_sink comp="1454" pin=27"/></net>

<net id="3179"><net_src comp="3172" pin="1"/><net_sink comp="1539" pin=27"/></net>

<net id="3183"><net_src comp="1117" pin="27"/><net_sink comp="3180" pin=0"/></net>

<net id="3184"><net_src comp="3180" pin="1"/><net_sink comp="1267" pin=28"/></net>

<net id="3185"><net_src comp="3180" pin="1"/><net_sink comp="1369" pin=28"/></net>

<net id="3186"><net_src comp="3180" pin="1"/><net_sink comp="1454" pin=28"/></net>

<net id="3187"><net_src comp="3180" pin="1"/><net_sink comp="1539" pin=28"/></net>

<net id="3191"><net_src comp="1117" pin="23"/><net_sink comp="3188" pin=0"/></net>

<net id="3192"><net_src comp="3188" pin="1"/><net_sink comp="1267" pin=29"/></net>

<net id="3193"><net_src comp="3188" pin="1"/><net_sink comp="1369" pin=29"/></net>

<net id="3194"><net_src comp="3188" pin="1"/><net_sink comp="1454" pin=29"/></net>

<net id="3195"><net_src comp="3188" pin="1"/><net_sink comp="1539" pin=29"/></net>

<net id="3199"><net_src comp="1117" pin="19"/><net_sink comp="3196" pin=0"/></net>

<net id="3200"><net_src comp="3196" pin="1"/><net_sink comp="1267" pin=30"/></net>

<net id="3201"><net_src comp="3196" pin="1"/><net_sink comp="1369" pin=30"/></net>

<net id="3202"><net_src comp="3196" pin="1"/><net_sink comp="1454" pin=30"/></net>

<net id="3203"><net_src comp="3196" pin="1"/><net_sink comp="1539" pin=30"/></net>

<net id="3207"><net_src comp="1117" pin="15"/><net_sink comp="3204" pin=0"/></net>

<net id="3208"><net_src comp="3204" pin="1"/><net_sink comp="1267" pin=31"/></net>

<net id="3209"><net_src comp="3204" pin="1"/><net_sink comp="1369" pin=31"/></net>

<net id="3210"><net_src comp="3204" pin="1"/><net_sink comp="1454" pin=31"/></net>

<net id="3211"><net_src comp="3204" pin="1"/><net_sink comp="1539" pin=31"/></net>

<net id="3215"><net_src comp="1117" pin="11"/><net_sink comp="3212" pin=0"/></net>

<net id="3216"><net_src comp="3212" pin="1"/><net_sink comp="1267" pin=32"/></net>

<net id="3217"><net_src comp="3212" pin="1"/><net_sink comp="1369" pin=32"/></net>

<net id="3218"><net_src comp="3212" pin="1"/><net_sink comp="1454" pin=32"/></net>

<net id="3219"><net_src comp="3212" pin="1"/><net_sink comp="1539" pin=32"/></net>

<net id="3223"><net_src comp="1117" pin="7"/><net_sink comp="3220" pin=0"/></net>

<net id="3224"><net_src comp="3220" pin="1"/><net_sink comp="1267" pin=33"/></net>

<net id="3225"><net_src comp="3220" pin="1"/><net_sink comp="1369" pin=33"/></net>

<net id="3226"><net_src comp="3220" pin="1"/><net_sink comp="1454" pin=33"/></net>

<net id="3227"><net_src comp="3220" pin="1"/><net_sink comp="1539" pin=33"/></net>

<net id="3231"><net_src comp="1117" pin="3"/><net_sink comp="3228" pin=0"/></net>

<net id="3232"><net_src comp="3228" pin="1"/><net_sink comp="1267" pin=34"/></net>

<net id="3233"><net_src comp="3228" pin="1"/><net_sink comp="1369" pin=34"/></net>

<net id="3234"><net_src comp="3228" pin="1"/><net_sink comp="1454" pin=34"/></net>

<net id="3235"><net_src comp="3228" pin="1"/><net_sink comp="1539" pin=34"/></net>

<net id="3239"><net_src comp="1117" pin="7"/><net_sink comp="3236" pin=0"/></net>

<net id="3240"><net_src comp="3236" pin="1"/><net_sink comp="1267" pin=35"/></net>

<net id="3241"><net_src comp="3236" pin="1"/><net_sink comp="1369" pin=35"/></net>

<net id="3242"><net_src comp="3236" pin="1"/><net_sink comp="1454" pin=35"/></net>

<net id="3243"><net_src comp="3236" pin="1"/><net_sink comp="1539" pin=35"/></net>

<net id="3247"><net_src comp="1117" pin="11"/><net_sink comp="3244" pin=0"/></net>

<net id="3248"><net_src comp="3244" pin="1"/><net_sink comp="1267" pin=36"/></net>

<net id="3249"><net_src comp="3244" pin="1"/><net_sink comp="1369" pin=36"/></net>

<net id="3250"><net_src comp="3244" pin="1"/><net_sink comp="1454" pin=36"/></net>

<net id="3251"><net_src comp="3244" pin="1"/><net_sink comp="1539" pin=36"/></net>

<net id="3255"><net_src comp="1117" pin="15"/><net_sink comp="3252" pin=0"/></net>

<net id="3256"><net_src comp="3252" pin="1"/><net_sink comp="1267" pin=37"/></net>

<net id="3257"><net_src comp="3252" pin="1"/><net_sink comp="1369" pin=37"/></net>

<net id="3258"><net_src comp="3252" pin="1"/><net_sink comp="1454" pin=37"/></net>

<net id="3259"><net_src comp="3252" pin="1"/><net_sink comp="1539" pin=37"/></net>

<net id="3263"><net_src comp="1117" pin="19"/><net_sink comp="3260" pin=0"/></net>

<net id="3264"><net_src comp="3260" pin="1"/><net_sink comp="1267" pin=38"/></net>

<net id="3265"><net_src comp="3260" pin="1"/><net_sink comp="1369" pin=38"/></net>

<net id="3266"><net_src comp="3260" pin="1"/><net_sink comp="1454" pin=38"/></net>

<net id="3267"><net_src comp="3260" pin="1"/><net_sink comp="1539" pin=38"/></net>

<net id="3271"><net_src comp="1117" pin="23"/><net_sink comp="3268" pin=0"/></net>

<net id="3272"><net_src comp="3268" pin="1"/><net_sink comp="1267" pin=39"/></net>

<net id="3273"><net_src comp="3268" pin="1"/><net_sink comp="1369" pin=39"/></net>

<net id="3274"><net_src comp="3268" pin="1"/><net_sink comp="1454" pin=39"/></net>

<net id="3275"><net_src comp="3268" pin="1"/><net_sink comp="1539" pin=39"/></net>

<net id="3279"><net_src comp="1117" pin="27"/><net_sink comp="3276" pin=0"/></net>

<net id="3280"><net_src comp="3276" pin="1"/><net_sink comp="1267" pin=40"/></net>

<net id="3281"><net_src comp="3276" pin="1"/><net_sink comp="1369" pin=40"/></net>

<net id="3282"><net_src comp="3276" pin="1"/><net_sink comp="1454" pin=40"/></net>

<net id="3283"><net_src comp="3276" pin="1"/><net_sink comp="1539" pin=40"/></net>

<net id="3287"><net_src comp="1117" pin="31"/><net_sink comp="3284" pin=0"/></net>

<net id="3288"><net_src comp="3284" pin="1"/><net_sink comp="1267" pin=41"/></net>

<net id="3289"><net_src comp="3284" pin="1"/><net_sink comp="1369" pin=41"/></net>

<net id="3290"><net_src comp="3284" pin="1"/><net_sink comp="1454" pin=41"/></net>

<net id="3291"><net_src comp="3284" pin="1"/><net_sink comp="1539" pin=41"/></net>

<net id="3295"><net_src comp="1117" pin="3"/><net_sink comp="3292" pin=0"/></net>

<net id="3296"><net_src comp="3292" pin="1"/><net_sink comp="1267" pin=42"/></net>

<net id="3297"><net_src comp="3292" pin="1"/><net_sink comp="1369" pin=42"/></net>

<net id="3298"><net_src comp="3292" pin="1"/><net_sink comp="1454" pin=42"/></net>

<net id="3299"><net_src comp="3292" pin="1"/><net_sink comp="1539" pin=42"/></net>

<net id="3303"><net_src comp="1117" pin="39"/><net_sink comp="3300" pin=0"/></net>

<net id="3304"><net_src comp="3300" pin="1"/><net_sink comp="1267" pin=43"/></net>

<net id="3305"><net_src comp="3300" pin="1"/><net_sink comp="1369" pin=43"/></net>

<net id="3306"><net_src comp="3300" pin="1"/><net_sink comp="1454" pin=43"/></net>

<net id="3307"><net_src comp="3300" pin="1"/><net_sink comp="1539" pin=43"/></net>

<net id="3311"><net_src comp="1117" pin="43"/><net_sink comp="3308" pin=0"/></net>

<net id="3312"><net_src comp="3308" pin="1"/><net_sink comp="1267" pin=44"/></net>

<net id="3313"><net_src comp="3308" pin="1"/><net_sink comp="1369" pin=44"/></net>

<net id="3314"><net_src comp="3308" pin="1"/><net_sink comp="1454" pin=44"/></net>

<net id="3315"><net_src comp="3308" pin="1"/><net_sink comp="1539" pin=44"/></net>

<net id="3319"><net_src comp="1117" pin="47"/><net_sink comp="3316" pin=0"/></net>

<net id="3320"><net_src comp="3316" pin="1"/><net_sink comp="1267" pin=45"/></net>

<net id="3321"><net_src comp="3316" pin="1"/><net_sink comp="1369" pin=45"/></net>

<net id="3322"><net_src comp="3316" pin="1"/><net_sink comp="1454" pin=45"/></net>

<net id="3323"><net_src comp="3316" pin="1"/><net_sink comp="1539" pin=45"/></net>

<net id="3327"><net_src comp="1117" pin="51"/><net_sink comp="3324" pin=0"/></net>

<net id="3328"><net_src comp="3324" pin="1"/><net_sink comp="1267" pin=46"/></net>

<net id="3329"><net_src comp="3324" pin="1"/><net_sink comp="1369" pin=46"/></net>

<net id="3330"><net_src comp="3324" pin="1"/><net_sink comp="1454" pin=46"/></net>

<net id="3331"><net_src comp="3324" pin="1"/><net_sink comp="1539" pin=46"/></net>

<net id="3335"><net_src comp="1117" pin="35"/><net_sink comp="3332" pin=0"/></net>

<net id="3336"><net_src comp="3332" pin="1"/><net_sink comp="1267" pin=47"/></net>

<net id="3337"><net_src comp="3332" pin="1"/><net_sink comp="1369" pin=47"/></net>

<net id="3338"><net_src comp="3332" pin="1"/><net_sink comp="1454" pin=47"/></net>

<net id="3339"><net_src comp="3332" pin="1"/><net_sink comp="1539" pin=47"/></net>

<net id="3343"><net_src comp="1117" pin="55"/><net_sink comp="3340" pin=0"/></net>

<net id="3344"><net_src comp="3340" pin="1"/><net_sink comp="1267" pin=48"/></net>

<net id="3345"><net_src comp="3340" pin="1"/><net_sink comp="1369" pin=48"/></net>

<net id="3346"><net_src comp="3340" pin="1"/><net_sink comp="1454" pin=48"/></net>

<net id="3347"><net_src comp="3340" pin="1"/><net_sink comp="1539" pin=48"/></net>

<net id="3351"><net_src comp="1117" pin="59"/><net_sink comp="3348" pin=0"/></net>

<net id="3352"><net_src comp="3348" pin="1"/><net_sink comp="1267" pin=49"/></net>

<net id="3353"><net_src comp="3348" pin="1"/><net_sink comp="1369" pin=49"/></net>

<net id="3354"><net_src comp="3348" pin="1"/><net_sink comp="1454" pin=49"/></net>

<net id="3355"><net_src comp="3348" pin="1"/><net_sink comp="1539" pin=49"/></net>

<net id="3359"><net_src comp="1117" pin="63"/><net_sink comp="3356" pin=0"/></net>

<net id="3360"><net_src comp="3356" pin="1"/><net_sink comp="1267" pin=50"/></net>

<net id="3361"><net_src comp="3356" pin="1"/><net_sink comp="1369" pin=50"/></net>

<net id="3362"><net_src comp="3356" pin="1"/><net_sink comp="1454" pin=50"/></net>

<net id="3363"><net_src comp="3356" pin="1"/><net_sink comp="1539" pin=50"/></net>

<net id="3367"><net_src comp="1117" pin="67"/><net_sink comp="3364" pin=0"/></net>

<net id="3368"><net_src comp="3364" pin="1"/><net_sink comp="1267" pin=51"/></net>

<net id="3369"><net_src comp="3364" pin="1"/><net_sink comp="1369" pin=51"/></net>

<net id="3370"><net_src comp="3364" pin="1"/><net_sink comp="1454" pin=51"/></net>

<net id="3371"><net_src comp="3364" pin="1"/><net_sink comp="1539" pin=51"/></net>

<net id="3375"><net_src comp="1117" pin="7"/><net_sink comp="3372" pin=0"/></net>

<net id="3376"><net_src comp="3372" pin="1"/><net_sink comp="1267" pin=52"/></net>

<net id="3377"><net_src comp="3372" pin="1"/><net_sink comp="1369" pin=52"/></net>

<net id="3378"><net_src comp="3372" pin="1"/><net_sink comp="1454" pin=52"/></net>

<net id="3379"><net_src comp="3372" pin="1"/><net_sink comp="1539" pin=52"/></net>

<net id="3383"><net_src comp="1117" pin="11"/><net_sink comp="3380" pin=0"/></net>

<net id="3384"><net_src comp="3380" pin="1"/><net_sink comp="1267" pin=53"/></net>

<net id="3385"><net_src comp="3380" pin="1"/><net_sink comp="1369" pin=53"/></net>

<net id="3386"><net_src comp="3380" pin="1"/><net_sink comp="1454" pin=53"/></net>

<net id="3387"><net_src comp="3380" pin="1"/><net_sink comp="1539" pin=53"/></net>

<net id="3391"><net_src comp="1117" pin="15"/><net_sink comp="3388" pin=0"/></net>

<net id="3392"><net_src comp="3388" pin="1"/><net_sink comp="1267" pin=54"/></net>

<net id="3393"><net_src comp="3388" pin="1"/><net_sink comp="1369" pin=54"/></net>

<net id="3394"><net_src comp="3388" pin="1"/><net_sink comp="1454" pin=54"/></net>

<net id="3395"><net_src comp="3388" pin="1"/><net_sink comp="1539" pin=54"/></net>

<net id="3399"><net_src comp="1117" pin="19"/><net_sink comp="3396" pin=0"/></net>

<net id="3400"><net_src comp="3396" pin="1"/><net_sink comp="1267" pin=55"/></net>

<net id="3401"><net_src comp="3396" pin="1"/><net_sink comp="1369" pin=55"/></net>

<net id="3402"><net_src comp="3396" pin="1"/><net_sink comp="1454" pin=55"/></net>

<net id="3403"><net_src comp="3396" pin="1"/><net_sink comp="1539" pin=55"/></net>

<net id="3407"><net_src comp="1117" pin="23"/><net_sink comp="3404" pin=0"/></net>

<net id="3408"><net_src comp="3404" pin="1"/><net_sink comp="1267" pin=56"/></net>

<net id="3409"><net_src comp="3404" pin="1"/><net_sink comp="1369" pin=56"/></net>

<net id="3410"><net_src comp="3404" pin="1"/><net_sink comp="1454" pin=56"/></net>

<net id="3411"><net_src comp="3404" pin="1"/><net_sink comp="1539" pin=56"/></net>

<net id="3415"><net_src comp="1117" pin="27"/><net_sink comp="3412" pin=0"/></net>

<net id="3416"><net_src comp="3412" pin="1"/><net_sink comp="1267" pin=57"/></net>

<net id="3417"><net_src comp="3412" pin="1"/><net_sink comp="1369" pin=57"/></net>

<net id="3418"><net_src comp="3412" pin="1"/><net_sink comp="1454" pin=57"/></net>

<net id="3419"><net_src comp="3412" pin="1"/><net_sink comp="1539" pin=57"/></net>

<net id="3423"><net_src comp="1117" pin="31"/><net_sink comp="3420" pin=0"/></net>

<net id="3424"><net_src comp="3420" pin="1"/><net_sink comp="1267" pin=58"/></net>

<net id="3425"><net_src comp="3420" pin="1"/><net_sink comp="1369" pin=58"/></net>

<net id="3426"><net_src comp="3420" pin="1"/><net_sink comp="1454" pin=58"/></net>

<net id="3427"><net_src comp="3420" pin="1"/><net_sink comp="1539" pin=58"/></net>

<net id="3431"><net_src comp="1117" pin="3"/><net_sink comp="3428" pin=0"/></net>

<net id="3432"><net_src comp="3428" pin="1"/><net_sink comp="1267" pin=59"/></net>

<net id="3433"><net_src comp="3428" pin="1"/><net_sink comp="1369" pin=59"/></net>

<net id="3434"><net_src comp="3428" pin="1"/><net_sink comp="1454" pin=59"/></net>

<net id="3435"><net_src comp="3428" pin="1"/><net_sink comp="1539" pin=59"/></net>

<net id="3439"><net_src comp="1117" pin="39"/><net_sink comp="3436" pin=0"/></net>

<net id="3440"><net_src comp="3436" pin="1"/><net_sink comp="1267" pin=60"/></net>

<net id="3441"><net_src comp="3436" pin="1"/><net_sink comp="1369" pin=60"/></net>

<net id="3442"><net_src comp="3436" pin="1"/><net_sink comp="1454" pin=60"/></net>

<net id="3443"><net_src comp="3436" pin="1"/><net_sink comp="1539" pin=60"/></net>

<net id="3447"><net_src comp="1117" pin="43"/><net_sink comp="3444" pin=0"/></net>

<net id="3448"><net_src comp="3444" pin="1"/><net_sink comp="1267" pin=61"/></net>

<net id="3449"><net_src comp="3444" pin="1"/><net_sink comp="1369" pin=61"/></net>

<net id="3450"><net_src comp="3444" pin="1"/><net_sink comp="1454" pin=61"/></net>

<net id="3451"><net_src comp="3444" pin="1"/><net_sink comp="1539" pin=61"/></net>

<net id="3455"><net_src comp="1117" pin="47"/><net_sink comp="3452" pin=0"/></net>

<net id="3456"><net_src comp="3452" pin="1"/><net_sink comp="1267" pin=62"/></net>

<net id="3457"><net_src comp="3452" pin="1"/><net_sink comp="1369" pin=62"/></net>

<net id="3458"><net_src comp="3452" pin="1"/><net_sink comp="1454" pin=62"/></net>

<net id="3459"><net_src comp="3452" pin="1"/><net_sink comp="1539" pin=62"/></net>

<net id="3463"><net_src comp="1117" pin="51"/><net_sink comp="3460" pin=0"/></net>

<net id="3464"><net_src comp="3460" pin="1"/><net_sink comp="1267" pin=63"/></net>

<net id="3465"><net_src comp="3460" pin="1"/><net_sink comp="1369" pin=63"/></net>

<net id="3466"><net_src comp="3460" pin="1"/><net_sink comp="1454" pin=63"/></net>

<net id="3467"><net_src comp="3460" pin="1"/><net_sink comp="1539" pin=63"/></net>

<net id="3471"><net_src comp="1117" pin="35"/><net_sink comp="3468" pin=0"/></net>

<net id="3472"><net_src comp="3468" pin="1"/><net_sink comp="1267" pin=64"/></net>

<net id="3473"><net_src comp="3468" pin="1"/><net_sink comp="1369" pin=64"/></net>

<net id="3474"><net_src comp="3468" pin="1"/><net_sink comp="1454" pin=64"/></net>

<net id="3475"><net_src comp="3468" pin="1"/><net_sink comp="1539" pin=64"/></net>

<net id="3479"><net_src comp="1117" pin="55"/><net_sink comp="3476" pin=0"/></net>

<net id="3480"><net_src comp="3476" pin="1"/><net_sink comp="1267" pin=65"/></net>

<net id="3481"><net_src comp="3476" pin="1"/><net_sink comp="1369" pin=65"/></net>

<net id="3482"><net_src comp="3476" pin="1"/><net_sink comp="1454" pin=65"/></net>

<net id="3483"><net_src comp="3476" pin="1"/><net_sink comp="1539" pin=65"/></net>

<net id="3487"><net_src comp="1117" pin="59"/><net_sink comp="3484" pin=0"/></net>

<net id="3488"><net_src comp="3484" pin="1"/><net_sink comp="1267" pin=66"/></net>

<net id="3489"><net_src comp="3484" pin="1"/><net_sink comp="1369" pin=66"/></net>

<net id="3490"><net_src comp="3484" pin="1"/><net_sink comp="1454" pin=66"/></net>

<net id="3491"><net_src comp="3484" pin="1"/><net_sink comp="1539" pin=66"/></net>

<net id="3495"><net_src comp="1117" pin="63"/><net_sink comp="3492" pin=0"/></net>

<net id="3496"><net_src comp="3492" pin="1"/><net_sink comp="1267" pin=67"/></net>

<net id="3497"><net_src comp="3492" pin="1"/><net_sink comp="1369" pin=67"/></net>

<net id="3498"><net_src comp="3492" pin="1"/><net_sink comp="1454" pin=67"/></net>

<net id="3499"><net_src comp="3492" pin="1"/><net_sink comp="1539" pin=67"/></net>

<net id="3503"><net_src comp="1117" pin="67"/><net_sink comp="3500" pin=0"/></net>

<net id="3504"><net_src comp="3500" pin="1"/><net_sink comp="1267" pin=68"/></net>

<net id="3505"><net_src comp="3500" pin="1"/><net_sink comp="1369" pin=68"/></net>

<net id="3506"><net_src comp="3500" pin="1"/><net_sink comp="1454" pin=68"/></net>

<net id="3507"><net_src comp="3500" pin="1"/><net_sink comp="1539" pin=68"/></net>

<net id="3511"><net_src comp="649" pin="2"/><net_sink comp="3508" pin=0"/></net>

<net id="3512"><net_src comp="3508" pin="1"/><net_sink comp="2268" pin=0"/></net>

<net id="3516"><net_src comp="2268" pin="1"/><net_sink comp="3513" pin=0"/></net>

<net id="3517"><net_src comp="3513" pin="1"/><net_sink comp="1359" pin=3"/></net>

<net id="3521"><net_src comp="654" pin="2"/><net_sink comp="3518" pin=0"/></net>

<net id="3522"><net_src comp="3518" pin="1"/><net_sink comp="2272" pin=0"/></net>

<net id="3526"><net_src comp="2272" pin="1"/><net_sink comp="3523" pin=0"/></net>

<net id="3527"><net_src comp="3523" pin="1"/><net_sink comp="1444" pin=3"/></net>

<net id="3531"><net_src comp="659" pin="2"/><net_sink comp="3528" pin=0"/></net>

<net id="3532"><net_src comp="3528" pin="1"/><net_sink comp="2276" pin=0"/></net>

<net id="3536"><net_src comp="2276" pin="1"/><net_sink comp="3533" pin=0"/></net>

<net id="3537"><net_src comp="3533" pin="1"/><net_sink comp="1529" pin=3"/></net>

<net id="3541"><net_src comp="664" pin="2"/><net_sink comp="3538" pin=0"/></net>

<net id="3542"><net_src comp="3538" pin="1"/><net_sink comp="2280" pin=0"/></net>

<net id="3546"><net_src comp="2280" pin="1"/><net_sink comp="3543" pin=0"/></net>

<net id="3547"><net_src comp="3543" pin="1"/><net_sink comp="1614" pin=3"/></net>

</net_list>

</model> 
---------------- Datapath Model END ------------------

* FSMD analyzer results:
  - Output states:
	Port: gmem11 | {30 31 32 33 34 35 36 37 }
	Port: gmem12 | {30 31 32 33 34 35 36 37 48 49 52 53 56 57 60 61 }
 - Input state : 
	Port: pseudo_moe : gmem0 | {2 3 4 5 6 7 8 9 10 11 }
	Port: pseudo_moe : gmem1 | {11 12 13 14 15 16 17 18 19 20 }
	Port: pseudo_moe : gmem2 | {11 12 13 14 15 16 17 18 20 }
	Port: pseudo_moe : gmem3 | {38 39 40 41 42 43 44 45 46 47 }
	Port: pseudo_moe : gmem4 | {38 39 40 41 42 43 44 45 46 47 }
	Port: pseudo_moe : gmem5 | {38 39 40 41 42 43 44 45 50 51 }
	Port: pseudo_moe : gmem6 | {38 39 40 41 42 43 44 45 50 51 }
	Port: pseudo_moe : gmem7 | {38 39 40 41 42 43 44 45 54 55 }
	Port: pseudo_moe : gmem8 | {38 39 40 41 42 43 44 45 54 55 }
	Port: pseudo_moe : gmem9 | {38 39 40 41 42 43 44 45 58 59 }
	Port: pseudo_moe : gmem10 | {38 39 40 41 42 43 44 45 58 59 }
	Port: pseudo_moe : gmem11 | {38 39 40 41 42 43 44 45 46 47 48 49 50 51 52 55 59 }
	Port: pseudo_moe : gmem12 | {48 49 52 53 56 57 60 61 }
	Port: pseudo_moe : input_r | {1 }
	Port: pseudo_moe : w_gate | {1 }
	Port: pseudo_moe : b_gate | {1 }
	Port: pseudo_moe : w0 | {1 }
	Port: pseudo_moe : b0 | {1 }
	Port: pseudo_moe : w1 | {1 }
	Port: pseudo_moe : b1 | {1 }
	Port: pseudo_moe : w2 | {1 }
	Port: pseudo_moe : b2 | {1 }
	Port: pseudo_moe : w3 | {1 }
	Port: pseudo_moe : b3 | {1 }
	Port: pseudo_moe : gates_out | {1 }
	Port: pseudo_moe : output_r | {1 }
  - Chain level:
	State 1
		sext_ln80_1 : 1
		gmem2_addr : 2
		store_ln71 : 1
	State 2
		gmem0_addr : 1
		empty : 2
	State 3
	State 4
	State 5
	State 6
	State 7
	State 8
	State 9
		gmem1_addr : 1
		gmem3_addr : 1
		gmem4_addr : 1
		gmem5_addr : 1
		gmem6_addr : 1
		gmem7_addr : 1
		gmem8_addr : 1
		gmem9_addr : 1
		gmem10_addr : 1
	State 10
		icmp_ln71 : 1
		add_ln71 : 1
		br_ln71 : 2
	State 11
	State 12
	State 13
	State 14
	State 15
	State 16
	State 17
	State 18
	State 19
		icmp_ln80 : 1
		add_ln80 : 1
		br_ln80 : 2
		trunc_ln82 : 1
		call_ln83 : 1
		p_cast14 : 1
		empty_61 : 2
		trunc_ln6 : 3
		p_cast16 : 1
		empty_63 : 2
		trunc_ln7 : 3
	State 20
	State 21
		sum_1 : 1
	State 22
	State 23
		sum_2 : 1
	State 24
	State 25
		sum_3 : 1
	State 26
	State 27
		logits_0 : 1
	State 28
		store_ln35 : 1
		store_ln35 : 1
		store_ln35 : 1
		store_ln35 : 1
	State 29
		tmp_2 : 1
		trunc_ln83 : 1
		tmp_3 : 1
		trunc_ln83_1 : 1
		icmp_ln83 : 2
		icmp_ln83_1 : 2
		or_ln83 : 3
		icmp_ln83_2 : 2
		icmp_ln83_3 : 2
		or_ln83_1 : 3
		and_ln83 : 3
		and_ln83_1 : 3
		max_logit_1 : 3
	State 30
		gmem11_addr : 1
		empty_62 : 2
		gmem12_addr : 1
		empty_65 : 2
	State 31
		call_ln95 : 1
		store_ln0 : 1
		store_ln0 : 1
		store_ln0 : 1
		store_ln0 : 1
	State 32
	State 33
	State 34
	State 35
	State 36
	State 37
	State 38
	State 39
	State 40
	State 41
	State 42
		empty_73 : 1
		p_cast : 2
		p_cast_cast : 3
		gmem11_addr_1 : 4
		empty_78 : 1
		p_cast1 : 2
		p_cast12_cast : 3
		gmem11_addr_2 : 4
		empty_83 : 1
		p_cast2 : 2
		p_cast13_cast : 3
		gmem11_addr_3 : 4
	State 43
	State 44
	State 45
	State 46
		call_ln106 : 1
	State 47
	State 48
		call_ln95 : 1
	State 49
	State 50
	State 51
	State 52
		call_ln71 : 1
	State 53
	State 54
	State 55
	State 56
		call_ln71 : 1
	State 57
	State 58
	State 59
	State 60
		call_ln71 : 1
	State 61


============================================================
+ Verbose Summary: Datapath Resource usage 
============================================================

* Functional unit list:
|----------|---------------------------------------------------|---------|---------|---------|---------|
| Operation|                  Functional Unit                  |   DSP   |  Delay  |    FF   |   LUT   |
|----------|---------------------------------------------------|---------|---------|---------|---------|
|          |  grp_pseudo_moe_Pipeline_VITIS_LOOP_73_2_fu_1209  |    0    |    0    |   111   |    28   |
|          |  grp_pseudo_moe_Pipeline_VITIS_LOOP_24_2_fu_1217  |    5    |  3.056  |   1047  |   489   |
|          |  grp_pseudo_moe_Pipeline_VITIS_LOOP_89_4_fu_1229  |    11   |  1.086  |   820   |   1270  |
|          |  grp_pseudo_moe_Pipeline_VITIS_LOOP_95_5_fu_1248  |    0    |  0.724  |   164   |    58   |
|          |  grp_pseudo_moe_Pipeline_VITIS_LOOP_100_6_fu_1260 |    0    |    0    |    71   |    28   |
|          |  grp_pseudo_moe_Pipeline_VITIS_LOOP_106_7_fu_1267 |    7    |  3.347  |   5009  |   1597  |
|   call   |  grp_pseudo_moe_Pipeline_VITIS_LOOP_110_8_fu_1359 |    5    |  1.477  |   511   |   437   |
|          |  grp_pseudo_moe_Pipeline_VITIS_LOOP_116_9_fu_1369 |    7    |  3.347  |   5009  |   1597  |
|          | grp_pseudo_moe_Pipeline_VITIS_LOOP_120_10_fu_1444 |    5    |  1.477  |   511   |   437   |
|          | grp_pseudo_moe_Pipeline_VITIS_LOOP_126_11_fu_1454 |    7    |  3.347  |   5009  |   1597  |
|          | grp_pseudo_moe_Pipeline_VITIS_LOOP_130_12_fu_1529 |    5    |  1.477  |   511   |   437   |
|          | grp_pseudo_moe_Pipeline_VITIS_LOOP_136_13_fu_1539 |    7    |  3.347  |   5009  |   1597  |
|          | grp_pseudo_moe_Pipeline_VITIS_LOOP_140_14_fu_1614 |    5    |  1.477  |   511   |   437   |
|----------|---------------------------------------------------|---------|---------|---------|---------|
|   fadd   |                    grp_fu_1624                    |    2    |    0    |   177   |   233   |
|----------|---------------------------------------------------|---------|---------|---------|---------|
|          |                  add_ln71_fu_1864                 |    0    |    0    |    0    |    12   |
|          |                  add_ln80_fu_1876                 |    0    |    0    |    0    |    10   |
|          |                  empty_61_fu_1929                 |    0    |    0    |    0    |    71   |
|    add   |                  empty_63_fu_1955                 |    0    |    0    |    0    |    71   |
|          |                  empty_73_fu_2175                 |    0    |    0    |    0    |    71   |
|          |                  empty_78_fu_2209                 |    0    |    0    |    0    |    71   |
|          |                  empty_83_fu_2243                 |    0    |    0    |    0    |    71   |
|----------|---------------------------------------------------|---------|---------|---------|---------|
|          |                 icmp_ln71_fu_1858                 |    0    |    0    |    0    |    12   |
|          |                 icmp_ln80_fu_1870                 |    0    |    0    |    0    |    10   |
|   icmp   |                 icmp_ln83_fu_2050                 |    0    |    0    |    0    |    15   |
|          |                icmp_ln83_1_fu_2056                |    0    |    0    |    0    |    30   |
|          |                icmp_ln83_2_fu_2068                |    0    |    0    |    0    |    15   |
|          |                icmp_ln83_3_fu_2074                |    0    |    0    |    0    |    30   |
|----------|---------------------------------------------------|---------|---------|---------|---------|
|  select  |                max_logit_1_fu_2098                |    0    |    0    |    0    |    32   |
|----------|---------------------------------------------------|---------|---------|---------|---------|
|          |                  or_ln83_fu_2062                  |    0    |    0    |    0    |    2    |
|          |                 or_ln83_1_fu_2080                 |    0    |    0    |    0    |    2    |
|    or    |                  empty_72_fu_2166                 |    0    |    0    |    0    |    0    |
|          |                  empty_77_fu_2200                 |    0    |    0    |    0    |    0    |
|          |                  empty_82_fu_2234                 |    0    |    0    |    0    |    0    |
|----------|---------------------------------------------------|---------|---------|---------|---------|
|    and   |                  and_ln83_fu_2086                 |    0    |    0    |    0    |    2    |
|          |                 and_ln83_1_fu_2092                |    0    |    0    |    0    |    2    |
|----------|---------------------------------------------------|---------|---------|---------|---------|
|          |             output_r_read_read_fu_450             |    0    |    0    |    0    |    0    |
|          |             gates_out_read_read_fu_456            |    0    |    0    |    0    |    0    |
|          |                b3_read_read_fu_462                |    0    |    0    |    0    |    0    |
|          |                w3_read_read_fu_468                |    0    |    0    |    0    |    0    |
|          |                b2_read_read_fu_474                |    0    |    0    |    0    |    0    |
|          |                w2_read_read_fu_480                |    0    |    0    |    0    |    0    |
|          |                b1_read_read_fu_486                |    0    |    0    |    0    |    0    |
|          |                w1_read_read_fu_492                |    0    |    0    |    0    |    0    |
|   read   |                b0_read_read_fu_498                |    0    |    0    |    0    |    0    |
|          |                w0_read_read_fu_504                |    0    |    0    |    0    |    0    |
|          |              b_gate_read_read_fu_510              |    0    |    0    |    0    |    0    |
|          |              w_gate_read_read_fu_516              |    0    |    0    |    0    |    0    |
|          |              input_r_read_read_fu_522             |    0    |    0    |    0    |    0    |
|          |            gmem2_addr_read_read_fu_549            |    0    |    0    |    0    |    0    |
|          |            gmem11_addr_read_read_fu_649           |    0    |    0    |    0    |    0    |
|          |           gmem11_addr_1_read_read_fu_654          |    0    |    0    |    0    |    0    |
|          |           gmem11_addr_2_read_read_fu_659          |    0    |    0    |    0    |    0    |
|          |           gmem11_addr_3_read_read_fu_664          |    0    |    0    |    0    |    0    |
|----------|---------------------------------------------------|---------|---------|---------|---------|
|          |                 grp_readreq_fu_528                |    0    |    0    |    0    |    0    |
|          |                 grp_readreq_fu_535                |    0    |    0    |    0    |    0    |
|          |                 grp_readreq_fu_542                |    0    |    0    |    0    |    0    |
|          |                 grp_readreq_fu_554                |    0    |    0    |    0    |    0    |
|          |                 grp_readreq_fu_570                |    0    |    0    |    0    |    0    |
|          |                 grp_readreq_fu_577                |    0    |    0    |    0    |    0    |
|          |                 grp_readreq_fu_586                |    0    |    0    |    0    |    0    |
|  readreq |                 grp_readreq_fu_593                |    0    |    0    |    0    |    0    |
|          |                 grp_readreq_fu_600                |    0    |    0    |    0    |    0    |
|          |                 grp_readreq_fu_607                |    0    |    0    |    0    |    0    |
|          |                 grp_readreq_fu_614                |    0    |    0    |    0    |    0    |
|          |                 grp_readreq_fu_621                |    0    |    0    |    0    |    0    |
|          |                 grp_readreq_fu_628                |    0    |    0    |    0    |    0    |
|          |                 grp_readreq_fu_635                |    0    |    0    |    0    |    0    |
|          |                 grp_readreq_fu_642                |    0    |    0    |    0    |    0    |
|----------|---------------------------------------------------|---------|---------|---------|---------|
| writeresp|                grp_writeresp_fu_561               |    0    |    0    |    0    |    0    |
|----------|---------------------------------------------------|---------|---------|---------|---------|
|   fcmp   |                   tmp_4_fu_1628                   |    0    |    0    |    0    |    0    |
|----------|---------------------------------------------------|---------|---------|---------|---------|
|          |                  trunc_ln_fu_1639                 |    0    |    0    |    0    |    0    |
|          |                 trunc_ln1_fu_1649                 |    0    |    0    |    0    |    0    |
|          |                trunc_ln80_1_fu_1659               |    0    |    0    |    0    |    0    |
|          |                 trunc_ln2_fu_1679                 |    0    |    0    |    0    |    0    |
|          |               trunc_ln106_1_fu_1689               |    0    |    0    |    0    |    0    |
|          |                 trunc_ln3_fu_1699                 |    0    |    0    |    0    |    0    |
|          |               trunc_ln116_1_fu_1709               |    0    |    0    |    0    |    0    |
|          |                 trunc_ln4_fu_1719                 |    0    |    0    |    0    |    0    |
|partselect|               trunc_ln126_1_fu_1729               |    0    |    0    |    0    |    0    |
|          |                 trunc_ln5_fu_1739                 |    0    |    0    |    0    |    0    |
|          |               trunc_ln136_1_fu_1749               |    0    |    0    |    0    |    0    |
|          |                 trunc_ln6_fu_1934                 |    0    |    0    |    0    |    0    |
|          |                 trunc_ln7_fu_1960                 |    0    |    0    |    0    |    0    |
|          |                   tmp_2_fu_2018                   |    0    |    0    |    0    |    0    |
|          |                   tmp_3_fu_2036                   |    0    |    0    |    0    |    0    |
|          |                   p_cast_fu_2180                  |    0    |    0    |    0    |    0    |
|          |                  p_cast1_fu_2214                  |    0    |    0    |    0    |    0    |
|          |                  p_cast2_fu_2248                  |    0    |    0    |    0    |    0    |
|----------|---------------------------------------------------|---------|---------|---------|---------|
|          |                sext_ln80_1_fu_1669                |    0    |    0    |    0    |    0    |
|          |                 sext_ln71_fu_1764                 |    0    |    0    |    0    |    0    |
|          |                 sext_ln80_fu_1774                 |    0    |    0    |    0    |    0    |
|          |                 sext_ln106_fu_1783                |    0    |    0    |    0    |    0    |
|          |                sext_ln106_1_fu_1792               |    0    |    0    |    0    |    0    |
|          |                 sext_ln116_fu_1801                |    0    |    0    |    0    |    0    |
|          |                sext_ln116_1_fu_1810               |    0    |    0    |    0    |    0    |
|   sext   |                 sext_ln126_fu_1819                |    0    |    0    |    0    |    0    |
|          |                sext_ln126_1_fu_1828               |    0    |    0    |    0    |    0    |
|          |                 sext_ln136_fu_1837                |    0    |    0    |    0    |    0    |
|          |                sext_ln136_1_fu_1846               |    0    |    0    |    0    |    0    |
|          |                 sext_ln95_fu_2106                 |    0    |    0    |    0    |    0    |
|          |                 sext_ln100_fu_2116                |    0    |    0    |    0    |    0    |
|          |                p_cast_cast_fu_2190                |    0    |    0    |    0    |    0    |
|          |               p_cast12_cast_fu_2224               |    0    |    0    |    0    |    0    |
|          |               p_cast13_cast_fu_2258               |    0    |    0    |    0    |    0    |
|----------|---------------------------------------------------|---------|---------|---------|---------|
|          |                 trunc_ln82_fu_1882                |    0    |    0    |    0    |    0    |
|   trunc  |                 trunc_ln83_fu_2028                |    0    |    0    |    0    |    0    |
|          |                trunc_ln83_1_fu_2046               |    0    |    0    |    0    |    0    |
|----------|---------------------------------------------------|---------|---------|---------|---------|
|bitconcatenate|                   tmp_5_fu_1918                   |    0    |    0    |    0    |    0    |
|          |                   tmp_6_fu_1944                   |    0    |    0    |    0    |    0    |
|----------|---------------------------------------------------|---------|---------|---------|---------|
|          |                  p_cast14_fu_1925                 |    0    |    0    |    0    |    0    |
|          |                  p_cast16_fu_1951                 |    0    |    0    |    0    |    0    |
|   zext   |                  p_cast17_fu_2171                 |    0    |    0    |    0    |    0    |
|          |                  p_cast18_fu_2205                 |    0    |    0    |    0    |    0    |
|          |                  p_cast19_fu_2239                 |    0    |    0    |    0    |    0    |
|----------|---------------------------------------------------|---------|---------|---------|---------|
|   Total  |                                                   |    66   |  24.162 |  24470  |  10771  |
|----------|---------------------------------------------------|---------|---------|---------|---------|

Memories:
+-------------+--------+--------+--------+--------+
|             |  BRAM  |   FF   |   LUT  |  URAM  |
+-------------+--------+--------+--------+--------+
|expert_result|    1   |    0   |    0   |    0   |
|      x      |   32   |    0   |    0   |    0   |
+-------------+--------+--------+--------+--------+
|    Total    |   33   |    0   |    0   |    0   |
+-------------+--------+--------+--------+--------+

* Register list:
+---------------------------+--------+
|                           |   FF   |
+---------------------------+--------+
|     add_ln71_reg_2857     |    4   |
|     add_ln80_reg_2865     |    3   |
|         e_reg_1186        |    3   |
|     empty_69_reg_3513     |   32   |
|     empty_74_reg_3523     |   32   |
|     empty_79_reg_3533     |   32   |
|     empty_84_reg_3543     |   32   |
|    exp_sum_loc_reg_2356   |   32   |
|  exp_values_0_05_reg_2291 |   32   |
|exp_values_0_1_loc_reg_2362|   32   |
|  exp_values_1_06_reg_2297 |   32   |
|exp_values_1_1_loc_reg_2368|   32   |
|  exp_values_2_07_reg_2303 |   32   |
|exp_values_2_1_loc_reg_2374|   32   |
|  exp_values_3_08_reg_2309 |   32   |
|exp_values_3_1_loc_reg_2380|   32   |
|  gates_out_read_reg_2348  |   64   |
|    gmem0_addr_reg_2476    |   32   |
|    gmem10_addr_reg_2841   |   32   |
|gmem11_addr_1_read_reg_3518|   32   |
|   gmem11_addr_1_reg_2978  |   32   |
|gmem11_addr_2_read_reg_3528|   32   |
|   gmem11_addr_2_reg_2984  |   32   |
|gmem11_addr_3_read_reg_3538|   32   |
|   gmem11_addr_3_reg_2990  |   32   |
| gmem11_addr_read_reg_3508 |   32   |
|    gmem11_addr_reg_2952   |   32   |
|    gmem12_addr_reg_2958   |   32   |
|    gmem1_addr_reg_2801    |   32   |
|  gmem2_addr_read_reg_2925 |   32   |
|    gmem2_addr_reg_2422    |   32   |
|    gmem3_addr_reg_2806    |   32   |
|    gmem4_addr_reg_2811    |   32   |
|    gmem5_addr_reg_2816    |   32   |
|    gmem6_addr_reg_2821    |   32   |
|    gmem7_addr_reg_2826    |   32   |
|    gmem8_addr_reg_2831    |   32   |
|    gmem9_addr_reg_2836    |   32   |
| logits_0_01_load_reg_2886 |   32   |
|    logits_0_01_reg_2315   |   32   |
| logits_1_02_load_reg_2891 |   32   |
|    logits_1_02_reg_2321   |   32   |
| logits_2_03_load_reg_2896 |   32   |
|    logits_2_03_reg_2327   |   32   |
| logits_3_04_load_reg_2901 |   32   |
|    logits_3_04_reg_2333   |   32   |
|    max_logit_1_reg_2947   |   32   |
|     max_logit_reg_1197    |   32   |
|        n_1_reg_2846       |    4   |
|         n_reg_2284        |    4   |
|   output_r_read_reg_2339  |   64   |
|      p_loc28_reg_2398     |   32   |
|      p_loc29_reg_2392     |   32   |
|      p_loc30_reg_2386     |   32   |
|       p_loc_reg_2404      |   32   |
|          reg_1633         |   32   |
|        sum_reg_2933       |   32   |
|       tmp_5_reg_2906      |    8   |
|   trunc_ln106_1_reg_2434  |   62   |
|   trunc_ln116_1_reg_2446  |   62   |
|   trunc_ln126_1_reg_2458  |   62   |
|   trunc_ln136_1_reg_2470  |   62   |
|     trunc_ln1_reg_2416    |   62   |
|     trunc_ln2_reg_2428    |   62   |
|     trunc_ln3_reg_2440    |   62   |
|     trunc_ln4_reg_2452    |   62   |
|     trunc_ln5_reg_2464    |   62   |
|     trunc_ln6_reg_2913    |   62   |
|     trunc_ln7_reg_2919    |   62   |
|    trunc_ln82_reg_2870    |    2   |
|     trunc_ln_reg_2410     |   62   |
|     x_addr_10_reg_2531    |    6   |
|     x_addr_11_reg_2536    |    6   |
|     x_addr_12_reg_2541    |    6   |
|     x_addr_13_reg_2546    |    6   |
|     x_addr_14_reg_2551    |    6   |
|     x_addr_15_reg_2556    |    6   |
|     x_addr_16_reg_2561    |    6   |
|     x_addr_17_reg_2566    |    6   |
|     x_addr_18_reg_2571    |    6   |
|     x_addr_19_reg_2576    |    6   |
|     x_addr_1_reg_2486     |    6   |
|     x_addr_20_reg_2581    |    6   |
|     x_addr_21_reg_2586    |    6   |
|     x_addr_22_reg_2591    |    6   |
|     x_addr_23_reg_2596    |    6   |
|     x_addr_24_reg_2601    |    6   |
|     x_addr_25_reg_2606    |    6   |
|     x_addr_26_reg_2611    |    6   |
|     x_addr_27_reg_2616    |    6   |
|     x_addr_28_reg_2621    |    6   |
|     x_addr_29_reg_2626    |    6   |
|     x_addr_2_reg_2491     |    6   |
|     x_addr_30_reg_2631    |    6   |
|     x_addr_31_reg_2636    |    6   |
|     x_addr_32_reg_2641    |    6   |
|     x_addr_33_reg_2646    |    6   |
|     x_addr_34_reg_2651    |    6   |
|     x_addr_35_reg_2656    |    6   |
|     x_addr_36_reg_2661    |    6   |
|     x_addr_37_reg_2666    |    6   |
|     x_addr_38_reg_2671    |    6   |
|     x_addr_39_reg_2676    |    6   |
|     x_addr_3_reg_2496     |    6   |
|     x_addr_40_reg_2681    |    6   |
|     x_addr_41_reg_2686    |    6   |
|     x_addr_42_reg_2691    |    6   |
|     x_addr_43_reg_2696    |    6   |
|     x_addr_44_reg_2701    |    6   |
|     x_addr_45_reg_2706    |    6   |
|     x_addr_46_reg_2711    |    6   |
|     x_addr_47_reg_2716    |    6   |
|     x_addr_48_reg_2721    |    6   |
|     x_addr_49_reg_2726    |    6   |
|     x_addr_4_reg_2501     |    6   |
|     x_addr_50_reg_2731    |    6   |
|     x_addr_51_reg_2736    |    6   |
|     x_addr_52_reg_2741    |    6   |
|     x_addr_53_reg_2746    |    6   |
|     x_addr_54_reg_2751    |    6   |
|     x_addr_55_reg_2756    |    6   |
|     x_addr_56_reg_2761    |    6   |
|     x_addr_57_reg_2766    |    6   |
|     x_addr_58_reg_2771    |    6   |
|     x_addr_59_reg_2776    |    6   |
|     x_addr_5_reg_2506     |    6   |
|     x_addr_60_reg_2781    |    6   |
|     x_addr_61_reg_2786    |    6   |
|     x_addr_62_reg_2791    |    6   |
|     x_addr_63_reg_2796    |    6   |
|     x_addr_6_reg_2511     |    6   |
|     x_addr_7_reg_2516     |    6   |
|     x_addr_8_reg_2521     |    6   |
|     x_addr_9_reg_2526     |    6   |
|      x_addr_reg_2481      |    6   |
|     x_load_10_reg_3076    |   32   |
|     x_load_11_reg_3084    |   32   |
|     x_load_12_reg_3092    |   32   |
|     x_load_13_reg_3100    |   32   |
|     x_load_14_reg_3108    |   32   |
|     x_load_15_reg_3116    |   32   |
|     x_load_16_reg_3124    |   32   |
|     x_load_17_reg_3132    |   32   |
|     x_load_18_reg_3140    |   32   |
|     x_load_19_reg_3148    |   32   |
|     x_load_1_reg_3004     |   32   |
|     x_load_20_reg_3156    |   32   |
|     x_load_21_reg_3164    |   32   |
|     x_load_22_reg_3172    |   32   |
|     x_load_23_reg_3180    |   32   |
|     x_load_24_reg_3188    |   32   |
|     x_load_25_reg_3196    |   32   |
|     x_load_26_reg_3204    |   32   |
|     x_load_27_reg_3212    |   32   |
|     x_load_28_reg_3220    |   32   |
|     x_load_29_reg_3228    |   32   |
|     x_load_2_reg_3012     |   32   |
|     x_load_30_reg_3236    |   32   |
|     x_load_31_reg_3244    |   32   |
|     x_load_32_reg_3252    |   32   |
|     x_load_33_reg_3260    |   32   |
|     x_load_34_reg_3268    |   32   |
|     x_load_35_reg_3276    |   32   |
|     x_load_36_reg_3284    |   32   |
|     x_load_37_reg_3292    |   32   |
|     x_load_38_reg_3300    |   32   |
|     x_load_39_reg_3308    |   32   |
|     x_load_3_reg_3020     |   32   |
|     x_load_40_reg_3316    |   32   |
|     x_load_41_reg_3324    |   32   |
|     x_load_42_reg_3332    |   32   |
|     x_load_43_reg_3340    |   32   |
|     x_load_44_reg_3348    |   32   |
|     x_load_45_reg_3356    |   32   |
|     x_load_46_reg_3364    |   32   |
|     x_load_47_reg_3372    |   32   |
|     x_load_48_reg_3380    |   32   |
|     x_load_49_reg_3388    |   32   |
|     x_load_4_reg_3028     |   32   |
|     x_load_50_reg_3396    |   32   |
|     x_load_51_reg_3404    |   32   |
|     x_load_52_reg_3412    |   32   |
|     x_load_53_reg_3420    |   32   |
|     x_load_54_reg_3428    |   32   |
|     x_load_55_reg_3436    |   32   |
|     x_load_56_reg_3444    |   32   |
|     x_load_57_reg_3452    |   32   |
|     x_load_58_reg_3460    |   32   |
|     x_load_59_reg_3468    |   32   |
|     x_load_5_reg_3036     |   32   |
|     x_load_60_reg_3476    |   32   |
|     x_load_61_reg_3484    |   32   |
|     x_load_62_reg_3492    |   32   |
|     x_load_63_reg_3500    |   32   |
|     x_load_6_reg_3044     |   32   |
|     x_load_7_reg_3052     |   32   |
|     x_load_8_reg_3060     |   32   |
|     x_load_9_reg_3068     |   32   |
|      x_load_reg_2996      |   32   |
+---------------------------+--------+
|           Total           |  4932  |
+---------------------------+--------+

* Multiplexer (MUX) list: 
|---------------------------------------------------|------|------|------|--------||---------||---------|
|                        Comp                       |  Pin | Size |  BW  | S x BW ||  Delay  ||   LUT   |
|---------------------------------------------------|------|------|------|--------||---------||---------|
|                 grp_readreq_fu_528                |  p1  |   2  |  32  |   64   ||    9    |
|                 grp_readreq_fu_554                |  p0  |   3  |   1  |    3   |
|                 grp_readreq_fu_554                |  p1  |   2  |  32  |   64   ||    9    |
|                 grp_readreq_fu_554                |  p2  |   2  |   4  |    8   |
|                grp_writeresp_fu_561               |  p0  |   2  |   1  |    2   |
|                grp_writeresp_fu_561               |  p1  |   2  |  32  |   64   ||    9    |
|                 grp_access_fu_1117                |  p0  |   4  |   6  |   24   ||    20   |
|                 grp_access_fu_1117                |  p2  |   4  |   0  |    0   ||    20   |
|                 grp_access_fu_1117                |  p5  |   4  |  32  |   128  ||    20   |
|                 grp_access_fu_1117                |  p8  |   4  |   6  |   24   ||    20   |
|                 grp_access_fu_1117                |  p10 |   4  |   0  |    0   ||    20   |
|                 grp_access_fu_1117                |  p13 |   4  |  32  |   128  ||    20   |
|                 grp_access_fu_1117                |  p16 |   4  |   6  |   24   ||    20   |
|                 grp_access_fu_1117                |  p18 |   4  |   0  |    0   ||    20   |
|                 grp_access_fu_1117                |  p21 |   4  |  32  |   128  ||    20   |
|                 grp_access_fu_1117                |  p24 |   4  |   6  |   24   ||    20   |
|                 grp_access_fu_1117                |  p26 |   4  |   0  |    0   ||    20   |
|                 grp_access_fu_1117                |  p29 |   4  |  32  |   128  ||    20   |
|                 grp_access_fu_1117                |  p32 |   4  |   6  |   24   ||    20   |
|                 grp_access_fu_1117                |  p34 |   3  |   0  |    0   ||    14   |
|                 grp_access_fu_1117                |  p37 |   3  |  32  |   96   ||    14   |
|                 grp_access_fu_1117                |  p40 |   3  |   6  |   18   ||    14   |
|                 grp_access_fu_1117                |  p42 |   3  |   0  |    0   ||    14   |
|                 max_logit_reg_1197                |  p0  |   2  |  32  |   64   ||    9    |
|  grp_pseudo_moe_Pipeline_VITIS_LOOP_89_4_fu_1229  |  p5  |   2  |  32  |   64   ||    9    |
|  grp_pseudo_moe_Pipeline_VITIS_LOOP_89_4_fu_1229  |  p6  |   2  |  32  |   64   ||    9    |
|  grp_pseudo_moe_Pipeline_VITIS_LOOP_89_4_fu_1229  |  p7  |   2  |  32  |   64   ||    9    |
|  grp_pseudo_moe_Pipeline_VITIS_LOOP_89_4_fu_1229  |  p8  |   2  |  32  |   64   ||    9    |
|  grp_pseudo_moe_Pipeline_VITIS_LOOP_106_7_fu_1267 |  p52 |   2  |  32  |   64   ||    9    |
|  grp_pseudo_moe_Pipeline_VITIS_LOOP_106_7_fu_1267 |  p53 |   2  |  32  |   64   ||    9    |
|  grp_pseudo_moe_Pipeline_VITIS_LOOP_106_7_fu_1267 |  p54 |   2  |  32  |   64   ||    9    |
|  grp_pseudo_moe_Pipeline_VITIS_LOOP_106_7_fu_1267 |  p55 |   2  |  32  |   64   ||    9    |
|  grp_pseudo_moe_Pipeline_VITIS_LOOP_106_7_fu_1267 |  p56 |   2  |  32  |   64   ||    9    |
|  grp_pseudo_moe_Pipeline_VITIS_LOOP_106_7_fu_1267 |  p57 |   2  |  32  |   64   ||    9    |
|  grp_pseudo_moe_Pipeline_VITIS_LOOP_106_7_fu_1267 |  p58 |   2  |  32  |   64   ||    9    |
|  grp_pseudo_moe_Pipeline_VITIS_LOOP_106_7_fu_1267 |  p59 |   2  |  32  |   64   ||    9    |
|  grp_pseudo_moe_Pipeline_VITIS_LOOP_106_7_fu_1267 |  p60 |   2  |  32  |   64   ||    9    |
|  grp_pseudo_moe_Pipeline_VITIS_LOOP_106_7_fu_1267 |  p61 |   2  |  32  |   64   ||    9    |
|  grp_pseudo_moe_Pipeline_VITIS_LOOP_106_7_fu_1267 |  p62 |   2  |  32  |   64   ||    9    |
|  grp_pseudo_moe_Pipeline_VITIS_LOOP_106_7_fu_1267 |  p63 |   2  |  32  |   64   ||    9    |
|  grp_pseudo_moe_Pipeline_VITIS_LOOP_106_7_fu_1267 |  p64 |   2  |  32  |   64   ||    9    |
|  grp_pseudo_moe_Pipeline_VITIS_LOOP_106_7_fu_1267 |  p65 |   2  |  32  |   64   ||    9    |
|  grp_pseudo_moe_Pipeline_VITIS_LOOP_106_7_fu_1267 |  p66 |   2  |  32  |   64   ||    9    |
|  grp_pseudo_moe_Pipeline_VITIS_LOOP_106_7_fu_1267 |  p67 |   2  |  32  |   64   ||    9    |
|  grp_pseudo_moe_Pipeline_VITIS_LOOP_106_7_fu_1267 |  p68 |   2  |  32  |   64   ||    9    |
|  grp_pseudo_moe_Pipeline_VITIS_LOOP_110_8_fu_1359 |  p3  |   2  |  32  |   64   ||    9    |
| grp_pseudo_moe_Pipeline_VITIS_LOOP_120_10_fu_1444 |  p3  |   2  |  32  |   64   ||    9    |
| grp_pseudo_moe_Pipeline_VITIS_LOOP_130_12_fu_1529 |  p3  |   2  |  32  |   64   ||    9    |
| grp_pseudo_moe_Pipeline_VITIS_LOOP_140_14_fu_1614 |  p3  |   2  |  32  |   64   ||    9    |
|                    grp_fu_1624                    |  p0  |   3  |  32  |   96   ||    14   |
|                    grp_fu_1624                    |  p1  |   4  |  32  |   128  ||    20   |
|---------------------------------------------------|------|------|------|--------||---------||---------|
|                       Total                       |      |      |      |  2839  ||  19.448 ||   611   |
|---------------------------------------------------|------|------|------|--------||---------||---------|



* Summary:
+-----------+--------+--------+--------+--------+--------+--------+
|           |  BRAM  |   DSP  |  Delay |   FF   |   LUT  |  URAM  |
+-----------+--------+--------+--------+--------+--------+--------+
|  Function |    -   |   66   |   24   |  24470 |  10771 |    -   |
|   Memory  |   33   |    -   |    -   |    0   |    0   |    0   |
|Multiplexer|    -   |    -   |   19   |    -   |   611  |    -   |
|  Register |    -   |    -   |    -   |  4932  |    -   |    -   |
+-----------+--------+--------+--------+--------+--------+--------+
|   Total   |   33   |   66   |   43   |  29402 |  11382 |    0   |
+-----------+--------+--------+--------+--------+--------+--------+
