

================================================================
== Vitis HLS Report for 'pseudo_moe_Pipeline_VITIS_LOOP_94_2'
================================================================
* Date:           Sun Sep 20 17:32:43 2026

* Version:        2023.2 (Build 4023990 on Oct 11 2023)
* Project:        project
* Solution:       solution1 (Vivado IP Flow Target)
* Product family: virtexuplus
* Target device:  xcvu13p_CIV-figd2104-3-e


================================================================
== Performance Estimates
================================================================
+ Timing: 
    * Summary: 
    +--------+----------+----------+------------+
    |  Clock |  Target  | Estimated| Uncertainty|
    +--------+----------+----------+------------+
    |ap_clk  |  10.00 ns|  7.300 ns|     2.70 ns|
    +--------+----------+----------+------------+

+ Latency: 
    * Summary: 
    +---------+---------+----------+----------+-----+-----+---------+
    |  Latency (cycles) |  Latency (absolute) |  Interval | Pipeline|
    |   min   |   max   |    min   |    max   | min | max |   Type  |
    +---------+---------+----------+----------+-----+-----+---------+
    |      336|      336|  3.360 us|  3.360 us|  336|  336|       no|
    +---------+---------+----------+----------+-----+-----+---------+

    + Detail: 
        * Instance: 
        N/A

        * Loop: 
        +-------------------+---------+---------+----------+-----------+-----------+------+----------+
        |                   |  Latency (cycles) | Iteration|  Initiation Interval  | Trip |          |
        |     Loop Name     |   min   |   max   |  Latency |  achieved |   target  | Count| Pipelined|
        +-------------------+---------+---------+----------+-----------+-----------+------+----------+
        |- VITIS_LOOP_94_2  |      334|      334|       143|         64|          1|     4|       yes|
        +-------------------+---------+---------+----------+-----------+-----------+------+----------+



================================================================
== Utilization Estimates
================================================================
* Summary: 
+---------------------+---------+-------+---------+---------+------+
|         Name        | BRAM_18K|  DSP  |    FF   |   LUT   | URAM |
+---------------------+---------+-------+---------+---------+------+
|DSP                  |        -|      -|        -|        -|     -|
|Expression           |        -|      -|        0|      294|     -|
|FIFO                 |        -|      -|        -|        -|     -|
|Instance             |        -|      -|        -|        -|     -|
|Memory               |        -|      -|        -|        -|     -|
|Multiplexer          |        -|      -|        -|     1208|     -|
|Register             |        -|      -|     2284|       32|     -|
+---------------------+---------+-------+---------+---------+------+
|Total                |        0|      0|     2284|     1534|     0|
+---------------------+---------+-------+---------+---------+------+
|Available SLR        |     1344|   3072|   864000|   432000|   320|
+---------------------+---------+-------+---------+---------+------+
|Utilization SLR (%)  |        0|      0|       ~0|       ~0|     0|
+---------------------+---------+-------+---------+---------+------+
|Available            |     5376|  12288|  3456000|  1728000|  1280|
+---------------------+---------+-------+---------+---------+------+
|Utilization (%)      |        0|      0|       ~0|       ~0|     0|
+---------------------+---------+-------+---------+---------+------+

+ Detail: 
    * Instance: 
    +--------------------------------+-----------------------------+---------+----+---+----+-----+
    |            Instance            |            Module           | BRAM_18K| DSP| FF| LUT| URAM|
    +--------------------------------+-----------------------------+---------+----+---+----+-----+
    |fcmp_32ns_32ns_1_1_no_dsp_1_U3  |fcmp_32ns_32ns_1_1_no_dsp_1  |        0|   0|  0|   0|    0|
    +--------------------------------+-----------------------------+---------+----+---+----+-----+
    |Total                           |                             |        0|   0|  0|   0|    0|
    +--------------------------------+-----------------------------+---------+----+---+----+-----+

    * DSP: 
    N/A

    * Memory: 
    N/A

    * FIFO: 
    N/A

    * Expression: 
    +-----------------------------------+----------+----+---+----+------------+------------+
    |           Variable Name           | Operation| DSP| FF| LUT| Bitwidth P0| Bitwidth P1|
    +-----------------------------------+----------+----+---+----+------------+------------+
    |add_ln94_fu_396_p2                 |         +|   0|  0|  10|           3|           1|
    |and_ln103_1_fu_1188_p2             |       and|   0|  0|   2|           1|           1|
    |and_ln103_fu_1182_p2               |       and|   0|  0|   2|           1|           1|
    |ap_block_pp0_stage0_00001          |       and|   0|  0|   2|           1|           1|
    |ap_block_pp0_stage10_00001         |       and|   0|  0|   2|           1|           1|
    |ap_block_pp0_stage11_00001         |       and|   0|  0|   2|           1|           1|
    |ap_block_pp0_stage12_00001         |       and|   0|  0|   2|           1|           1|
    |ap_block_pp0_stage13_00001         |       and|   0|  0|   2|           1|           1|
    |ap_block_pp0_stage14_00001         |       and|   0|  0|   2|           1|           1|
    |ap_block_pp0_stage15_00001         |       and|   0|  0|   2|           1|           1|
    |ap_block_pp0_stage16_00001         |       and|   0|  0|   2|           1|           1|
    |ap_block_pp0_stage17_00001         |       and|   0|  0|   2|           1|           1|
    |ap_block_pp0_stage18_00001         |       and|   0|  0|   2|           1|           1|
    |ap_block_pp0_stage19_00001         |       and|   0|  0|   2|           1|           1|
    |ap_block_pp0_stage20_00001         |       and|   0|  0|   2|           1|           1|
    |ap_block_pp0_stage21_00001         |       and|   0|  0|   2|           1|           1|
    |ap_block_pp0_stage22_00001         |       and|   0|  0|   2|           1|           1|
    |ap_block_pp0_stage23_00001         |       and|   0|  0|   2|           1|           1|
    |ap_block_pp0_stage24_00001         |       and|   0|  0|   2|           1|           1|
    |ap_block_pp0_stage25_00001         |       and|   0|  0|   2|           1|           1|
    |ap_block_pp0_stage26_00001         |       and|   0|  0|   2|           1|           1|
    |ap_block_pp0_stage27_00001         |       and|   0|  0|   2|           1|           1|
    |ap_block_pp0_stage28_00001         |       and|   0|  0|   2|           1|           1|
    |ap_block_pp0_stage29_00001         |       and|   0|  0|   2|           1|           1|
    |ap_block_pp0_stage30_00001         |       and|   0|  0|   2|           1|           1|
    |ap_block_pp0_stage31_00001         |       and|   0|  0|   2|           1|           1|
    |ap_block_pp0_stage32_00001         |       and|   0|  0|   2|           1|           1|
    |ap_block_pp0_stage33_00001         |       and|   0|  0|   2|           1|           1|
    |ap_block_pp0_stage34_00001         |       and|   0|  0|   2|           1|           1|
    |ap_block_pp0_stage35_00001         |       and|   0|  0|   2|           1|           1|
    |ap_block_pp0_stage36_00001         |       and|   0|  0|   2|           1|           1|
    |ap_block_pp0_stage37_00001         |       and|   0|  0|   2|           1|           1|
    |ap_block_pp0_stage38_00001         |       and|   0|  0|   2|           1|           1|
    |ap_block_pp0_stage39_00001         |       and|   0|  0|   2|           1|           1|
    |ap_block_pp0_stage40_00001         |       and|   0|  0|   2|           1|           1|
    |ap_block_pp0_stage41_00001         |       and|   0|  0|   2|           1|           1|
    |ap_block_pp0_stage42_00001         |       and|   0|  0|   2|           1|           1|
    |ap_block_pp0_stage43_00001         |       and|   0|  0|   2|           1|           1|
    |ap_block_pp0_stage44_00001         |       and|   0|  0|   2|           1|           1|
    |ap_block_pp0_stage45_00001         |       and|   0|  0|   2|           1|           1|
    |ap_block_pp0_stage46_00001         |       and|   0|  0|   2|           1|           1|
    |ap_block_pp0_stage47_00001         |       and|   0|  0|   2|           1|           1|
    |ap_block_pp0_stage48_00001         |       and|   0|  0|   2|           1|           1|
    |ap_block_pp0_stage49_00001         |       and|   0|  0|   2|           1|           1|
    |ap_block_pp0_stage50_00001         |       and|   0|  0|   2|           1|           1|
    |ap_block_pp0_stage51_00001         |       and|   0|  0|   2|           1|           1|
    |ap_block_pp0_stage52_00001         |       and|   0|  0|   2|           1|           1|
    |ap_block_pp0_stage53_00001         |       and|   0|  0|   2|           1|           1|
    |ap_block_pp0_stage54_00001         |       and|   0|  0|   2|           1|           1|
    |ap_block_pp0_stage55_00001         |       and|   0|  0|   2|           1|           1|
    |ap_block_pp0_stage56_00001         |       and|   0|  0|   2|           1|           1|
    |ap_block_pp0_stage57_00001         |       and|   0|  0|   2|           1|           1|
    |ap_block_pp0_stage58_00001         |       and|   0|  0|   2|           1|           1|
    |ap_block_pp0_stage59_00001         |       and|   0|  0|   2|           1|           1|
    |ap_block_pp0_stage60_00001         |       and|   0|  0|   2|           1|           1|
    |ap_block_pp0_stage61_00001         |       and|   0|  0|   2|           1|           1|
    |ap_block_pp0_stage62_00001         |       and|   0|  0|   2|           1|           1|
    |ap_block_pp0_stage63_00001         |       and|   0|  0|   2|           1|           1|
    |ap_block_pp0_stage9_00001          |       and|   0|  0|   2|           1|           1|
    |ap_block_state2_io                 |       and|   0|  0|   2|           1|           1|
    |ap_block_state3_pp0_stage2_iter0   |       and|   0|  0|   2|           1|           1|
    |icmp_ln103_1_fu_1152_p2            |      icmp|   0|  0|  30|          23|           1|
    |icmp_ln103_2_fu_1164_p2            |      icmp|   0|  0|  15|           8|           2|
    |icmp_ln103_3_fu_1170_p2            |      icmp|   0|  0|  30|          23|           1|
    |icmp_ln103_fu_1146_p2              |      icmp|   0|  0|  15|           8|           2|
    |icmp_ln94_fu_390_p2                |      icmp|   0|  0|  12|           3|           4|
    |ap_block_pp0_stage1_00001          |        or|   0|  0|   2|           1|           1|
    |ap_block_pp0_stage1_11001          |        or|   0|  0|   2|           1|           1|
    |ap_block_pp0_stage2_00001          |        or|   0|  0|   2|           1|           1|
    |ap_block_pp0_stage3_00001          |        or|   0|  0|   2|           1|           1|
    |ap_block_pp0_stage4_00001          |        or|   0|  0|   2|           1|           1|
    |ap_block_pp0_stage5_00001          |        or|   0|  0|   2|           1|           1|
    |ap_block_pp0_stage6_00001          |        or|   0|  0|   2|           1|           1|
    |ap_block_pp0_stage7_00001          |        or|   0|  0|   2|           1|           1|
    |ap_block_pp0_stage8_00001          |        or|   0|  0|   2|           1|           1|
    |ap_block_state10_pp0_stage9_iter0  |        or|   0|  0|   2|           1|           1|
    |ap_block_state2_pp0_stage1_iter0   |        or|   0|  0|   2|           1|           1|
    |ap_block_state65_pp0_stage0_iter1  |        or|   0|  0|   2|           1|           1|
    |or_ln103_1_fu_1176_p2              |        or|   0|  0|   2|           1|           1|
    |or_ln103_fu_1158_p2                |        or|   0|  0|   2|           1|           1|
    |max_logit_1_fu_1194_p3             |    select|   0|  0|  32|           1|          32|
    |ap_enable_pp0                      |       xor|   0|  0|   2|           1|           2|
    +-----------------------------------+----------+----+---+----+------------+------------+
    |Total                              |          |   0|  0| 294|         144|         119|
    +-----------------------------------+----------+----+---+----+------------+------------+

    * Multiplexer: 
    +----------------------------------+-----+-----------+-----+-----------+
    |               Name               | LUT | Input Size| Bits| Total Bits|
    +----------------------------------+-----+-----------+-----+-----------+
    |ap_NS_fsm                         |  279|         65|    1|         65|
    |ap_done_int                       |    9|          2|    1|          2|
    |ap_enable_reg_pp0_iter0           |    9|          2|    1|          2|
    |ap_enable_reg_pp0_iter1           |    9|          2|    1|          2|
    |ap_enable_reg_pp0_iter2           |    9|          2|    1|          2|
    |ap_loop_exit_ready_pp0_iter1_reg  |    9|          2|    1|          2|
    |ap_sig_allocacmp_e_1              |    9|          2|    3|          6|
    |e_fu_112                          |    9|          2|    3|          6|
    |gmem0_blk_n_AR                    |    9|          2|    1|          2|
    |gmem0_blk_n_R                     |    9|          2|    1|          2|
    |gmem1_blk_n_R                     |    9|          2|    1|          2|
    |gmem2_blk_n_R                     |    9|          2|    1|          2|
    |grp_fu_231_p0                     |   26|          5|   32|        160|
    |grp_fu_231_p1                     |  201|         46|   32|       1472|
    |grp_fu_235_p0                     |  279|         65|   32|       2080|
    |grp_fu_235_p1                     |  279|         65|   32|       2080|
    |logits_0_1_fu_116                 |    9|          2|   32|         64|
    |logits_1_1_fu_120                 |    9|          2|   32|         64|
    |logits_2_1_fu_124                 |    9|          2|   32|         64|
    |logits_3_1_fu_128                 |    9|          2|   32|         64|
    |max_logit_fu_108                  |    9|          2|   32|         64|
    +----------------------------------+-----+-----------+-----+-----------+
    |Total                             | 1208|        278|  304|       6207|
    +----------------------------------+-----+-----------+-----+-----------+

    * Register: 
    +----------------------------------+----+----+-----+-----------+
    |               Name               | FF | LUT| Bits| Const Bits|
    +----------------------------------+----+----+-----+-----------+
    |acc_63_reg_2128                   |  32|   0|   32|          0|
    |ap_CS_fsm                         |  64|   0|   64|          0|
    |ap_done_reg                       |   1|   0|    1|          0|
    |ap_enable_reg_pp0_iter0_reg       |   1|   0|    1|          0|
    |ap_enable_reg_pp0_iter1           |   1|   0|    1|          0|
    |ap_enable_reg_pp0_iter2           |   1|   0|    1|          0|
    |ap_loop_exit_ready_pp0_iter1_reg  |   1|   0|    1|          0|
    |e_fu_112                          |   3|   0|    3|          0|
    |gmem1_addr_read_63_reg_1983       |  32|   0|   32|          0|
    |gmem2_addr_read_reg_1297          |  32|   0|   32|          0|
    |icmp_ln94_reg_1284                |   1|   0|    1|          0|
    |icmp_ln94_reg_1284_pp0_iter1_reg  |   1|   0|    1|          0|
    |logits_0_1_fu_116                 |  32|   0|   32|          0|
    |logits_1_1_fu_120                 |  32|   0|   32|          0|
    |logits_2_1_fu_124                 |  32|   0|   32|          0|
    |logits_3_1_fu_128                 |  32|   0|   32|          0|
    |max_logit_1_reg_2133              |  32|   0|   32|          0|
    |max_logit_fu_108                  |  32|   0|   32|          0|
    |mul15_20_reg_1533                 |  32|   0|   32|          0|
    |mul15_22_reg_1558                 |  32|   0|   32|          0|
    |mul15_24_reg_1583                 |  32|   0|   32|          0|
    |mul15_26_reg_1608                 |  32|   0|   32|          0|
    |mul15_28_reg_1633                 |  32|   0|   32|          0|
    |mul15_30_reg_1658                 |  32|   0|   32|          0|
    |mul15_32_reg_1683                 |  32|   0|   32|          0|
    |mul15_34_reg_1708                 |  32|   0|   32|          0|
    |mul15_36_reg_1733                 |  32|   0|   32|          0|
    |mul15_37_reg_1748                 |  32|   0|   32|          0|
    |mul15_38_reg_1763                 |  32|   0|   32|          0|
    |mul15_40_reg_1788                 |  32|   0|   32|          0|
    |mul15_41_reg_1803                 |  32|   0|   32|          0|
    |mul15_42_reg_1818                 |  32|   0|   32|          0|
    |mul15_43_reg_1833                 |  32|   0|   32|          0|
    |mul15_44_reg_1848                 |  32|   0|   32|          0|
    |mul15_45_reg_1863                 |  32|   0|   32|          0|
    |mul15_46_reg_1878                 |  32|   0|   32|          0|
    |mul15_47_reg_1893                 |  32|   0|   32|          0|
    |mul15_48_reg_1908                 |  32|   0|   32|          0|
    |mul15_49_reg_1923                 |  32|   0|   32|          0|
    |mul15_50_reg_1938                 |  32|   0|   32|          0|
    |mul15_51_reg_1953                 |  32|   0|   32|          0|
    |mul15_52_reg_1968                 |  32|   0|   32|          0|
    |mul15_53_reg_1988                 |  32|   0|   32|          0|
    |mul15_54_reg_2003                 |  32|   0|   32|          0|
    |mul15_55_reg_2018                 |  32|   0|   32|          0|
    |mul15_56_reg_2033                 |  32|   0|   32|          0|
    |mul15_57_reg_2048                 |  32|   0|   32|          0|
    |mul15_58_reg_2063                 |  32|   0|   32|          0|
    |mul15_59_reg_2078                 |  32|   0|   32|          0|
    |mul15_60_reg_2093                 |  32|   0|   32|          0|
    |mul15_61_reg_2108                 |  32|   0|   32|          0|
    |mul15_62_reg_2123                 |  32|   0|   32|          0|
    |mul15_62_reg_2123_pp0_iter2_reg   |  32|   0|   32|          0|
    |reg_243                           |  32|   0|   32|          0|
    |reg_247                           |  32|   0|   32|          0|
    |reg_251                           |  32|   0|   32|          0|
    |reg_255                           |  32|   0|   32|          0|
    |reg_259                           |  32|   0|   32|          0|
    |reg_263                           |  32|   0|   32|          0|
    |reg_267                           |  32|   0|   32|          0|
    |reg_271                           |  32|   0|   32|          0|
    |reg_275                           |  32|   0|   32|          0|
    |reg_279                           |  32|   0|   32|          0|
    |reg_283                           |  32|   0|   32|          0|
    |reg_288                           |  32|   0|   32|          0|
    |reg_293                           |  32|   0|   32|          0|
    |reg_299                           |  32|   0|   32|          0|
    |reg_304                           |  32|   0|   32|          0|
    |reg_309                           |  32|   0|   32|          0|
    |reg_314                           |  32|   0|   32|          0|
    |reg_319                           |  32|   0|   32|          0|
    |reg_324                           |  32|   0|   32|          0|
    |reg_329                           |  32|   0|   32|          0|
    |reg_334                           |  32|   0|   32|          0|
    |reg_339                           |  32|   0|   32|          0|
    |reg_344                           |  32|   0|   32|          0|
    |trunc_ln101_reg_1288              |   2|   0|    2|          0|
    |trunc_ln101_reg_1288              |  64|  32|    2|          0|
    +----------------------------------+----+----+-----+-----------+
    |Total                             |2284|  32| 2222|          0|
    +----------------------------------+----+----+-----+-----------+



================================================================
== Interface
================================================================
* Summary: 
+-----------------------+-----+-----+------------+-------------------------------------+--------------+
|       RTL Ports       | Dir | Bits|  Protocol  |            Source Object            |    C Type    |
+-----------------------+-----+-----+------------+-------------------------------------+--------------+
|ap_clk                 |   in|    1|  ap_ctrl_hs|  pseudo_moe_Pipeline_VITIS_LOOP_94_2|  return value|
|ap_rst                 |   in|    1|  ap_ctrl_hs|  pseudo_moe_Pipeline_VITIS_LOOP_94_2|  return value|
|ap_start               |   in|    1|  ap_ctrl_hs|  pseudo_moe_Pipeline_VITIS_LOOP_94_2|  return value|
|ap_done                |  out|    1|  ap_ctrl_hs|  pseudo_moe_Pipeline_VITIS_LOOP_94_2|  return value|
|ap_idle                |  out|    1|  ap_ctrl_hs|  pseudo_moe_Pipeline_VITIS_LOOP_94_2|  return value|
|ap_ready               |  out|    1|  ap_ctrl_hs|  pseudo_moe_Pipeline_VITIS_LOOP_94_2|  return value|
|grp_fu_1310_p_din0     |  out|   32|  ap_ctrl_hs|  pseudo_moe_Pipeline_VITIS_LOOP_94_2|  return value|
|grp_fu_1310_p_din1     |  out|   32|  ap_ctrl_hs|  pseudo_moe_Pipeline_VITIS_LOOP_94_2|  return value|
|grp_fu_1310_p_opcode   |  out|    1|  ap_ctrl_hs|  pseudo_moe_Pipeline_VITIS_LOOP_94_2|  return value|
|grp_fu_1310_p_dout0    |   in|   32|  ap_ctrl_hs|  pseudo_moe_Pipeline_VITIS_LOOP_94_2|  return value|
|grp_fu_1310_p_ce       |  out|    1|  ap_ctrl_hs|  pseudo_moe_Pipeline_VITIS_LOOP_94_2|  return value|
|grp_fu_1314_p_din0     |  out|   32|  ap_ctrl_hs|  pseudo_moe_Pipeline_VITIS_LOOP_94_2|  return value|
|grp_fu_1314_p_din1     |  out|   32|  ap_ctrl_hs|  pseudo_moe_Pipeline_VITIS_LOOP_94_2|  return value|
|grp_fu_1314_p_dout0    |   in|   32|  ap_ctrl_hs|  pseudo_moe_Pipeline_VITIS_LOOP_94_2|  return value|
|grp_fu_1314_p_ce       |  out|    1|  ap_ctrl_hs|  pseudo_moe_Pipeline_VITIS_LOOP_94_2|  return value|
|m_axi_gmem0_AWVALID    |  out|    1|       m_axi|                                gmem0|       pointer|
|m_axi_gmem0_AWREADY    |   in|    1|       m_axi|                                gmem0|       pointer|
|m_axi_gmem0_AWADDR     |  out|   64|       m_axi|                                gmem0|       pointer|
|m_axi_gmem0_AWID       |  out|    1|       m_axi|                                gmem0|       pointer|
|m_axi_gmem0_AWLEN      |  out|   32|       m_axi|                                gmem0|       pointer|
|m_axi_gmem0_AWSIZE     |  out|    3|       m_axi|                                gmem0|       pointer|
|m_axi_gmem0_AWBURST    |  out|    2|       m_axi|                                gmem0|       pointer|
|m_axi_gmem0_AWLOCK     |  out|    2|       m_axi|                                gmem0|       pointer|
|m_axi_gmem0_AWCACHE    |  out|    4|       m_axi|                                gmem0|       pointer|
|m_axi_gmem0_AWPROT     |  out|    3|       m_axi|                                gmem0|       pointer|
|m_axi_gmem0_AWQOS      |  out|    4|       m_axi|                                gmem0|       pointer|
|m_axi_gmem0_AWREGION   |  out|    4|       m_axi|                                gmem0|       pointer|
|m_axi_gmem0_AWUSER     |  out|    1|       m_axi|                                gmem0|       pointer|
|m_axi_gmem0_WVALID     |  out|    1|       m_axi|                                gmem0|       pointer|
|m_axi_gmem0_WREADY     |   in|    1|       m_axi|                                gmem0|       pointer|
|m_axi_gmem0_WDATA      |  out|   32|       m_axi|                                gmem0|       pointer|
|m_axi_gmem0_WSTRB      |  out|    4|       m_axi|                                gmem0|       pointer|
|m_axi_gmem0_WLAST      |  out|    1|       m_axi|                                gmem0|       pointer|
|m_axi_gmem0_WID        |  out|    1|       m_axi|                                gmem0|       pointer|
|m_axi_gmem0_WUSER      |  out|    1|       m_axi|                                gmem0|       pointer|
|m_axi_gmem0_ARVALID    |  out|    1|       m_axi|                                gmem0|       pointer|
|m_axi_gmem0_ARREADY    |   in|    1|       m_axi|                                gmem0|       pointer|
|m_axi_gmem0_ARADDR     |  out|   64|       m_axi|                                gmem0|       pointer|
|m_axi_gmem0_ARID       |  out|    1|       m_axi|                                gmem0|       pointer|
|m_axi_gmem0_ARLEN      |  out|   32|       m_axi|                                gmem0|       pointer|
|m_axi_gmem0_ARSIZE     |  out|    3|       m_axi|                                gmem0|       pointer|
|m_axi_gmem0_ARBURST    |  out|    2|       m_axi|                                gmem0|       pointer|
|m_axi_gmem0_ARLOCK     |  out|    2|       m_axi|                                gmem0|       pointer|
|m_axi_gmem0_ARCACHE    |  out|    4|       m_axi|                                gmem0|       pointer|
|m_axi_gmem0_ARPROT     |  out|    3|       m_axi|                                gmem0|       pointer|
|m_axi_gmem0_ARQOS      |  out|    4|       m_axi|                                gmem0|       pointer|
|m_axi_gmem0_ARREGION   |  out|    4|       m_axi|                                gmem0|       pointer|
|m_axi_gmem0_ARUSER     |  out|    1|       m_axi|                                gmem0|       pointer|
|m_axi_gmem0_RVALID     |   in|    1|       m_axi|                                gmem0|       pointer|
|m_axi_gmem0_RREADY     |  out|    1|       m_axi|                                gmem0|       pointer|
|m_axi_gmem0_RDATA      |   in|   32|       m_axi|                                gmem0|       pointer|
|m_axi_gmem0_RLAST      |   in|    1|       m_axi|                                gmem0|       pointer|
|m_axi_gmem0_RID        |   in|    1|       m_axi|                                gmem0|       pointer|
|m_axi_gmem0_RFIFONUM   |   in|    9|       m_axi|                                gmem0|       pointer|
|m_axi_gmem0_RUSER      |   in|    1|       m_axi|                                gmem0|       pointer|
|m_axi_gmem0_RRESP      |   in|    2|       m_axi|                                gmem0|       pointer|
|m_axi_gmem0_BVALID     |   in|    1|       m_axi|                                gmem0|       pointer|
|m_axi_gmem0_BREADY     |  out|    1|       m_axi|                                gmem0|       pointer|
|m_axi_gmem0_BRESP      |   in|    2|       m_axi|                                gmem0|       pointer|
|m_axi_gmem0_BID        |   in|    1|       m_axi|                                gmem0|       pointer|
|m_axi_gmem0_BUSER      |   in|    1|       m_axi|                                gmem0|       pointer|
|m_axi_gmem1_AWVALID    |  out|    1|       m_axi|                                gmem1|       pointer|
|m_axi_gmem1_AWREADY    |   in|    1|       m_axi|                                gmem1|       pointer|
|m_axi_gmem1_AWADDR     |  out|   64|       m_axi|                                gmem1|       pointer|
|m_axi_gmem1_AWID       |  out|    1|       m_axi|                                gmem1|       pointer|
|m_axi_gmem1_AWLEN      |  out|   32|       m_axi|                                gmem1|       pointer|
|m_axi_gmem1_AWSIZE     |  out|    3|       m_axi|                                gmem1|       pointer|
|m_axi_gmem1_AWBURST    |  out|    2|       m_axi|                                gmem1|       pointer|
|m_axi_gmem1_AWLOCK     |  out|    2|       m_axi|                                gmem1|       pointer|
|m_axi_gmem1_AWCACHE    |  out|    4|       m_axi|                                gmem1|       pointer|
|m_axi_gmem1_AWPROT     |  out|    3|       m_axi|                                gmem1|       pointer|
|m_axi_gmem1_AWQOS      |  out|    4|       m_axi|                                gmem1|       pointer|
|m_axi_gmem1_AWREGION   |  out|    4|       m_axi|                                gmem1|       pointer|
|m_axi_gmem1_AWUSER     |  out|    1|       m_axi|                                gmem1|       pointer|
|m_axi_gmem1_WVALID     |  out|    1|       m_axi|                                gmem1|       pointer|
|m_axi_gmem1_WREADY     |   in|    1|       m_axi|                                gmem1|       pointer|
|m_axi_gmem1_WDATA      |  out|   32|       m_axi|                                gmem1|       pointer|
|m_axi_gmem1_WSTRB      |  out|    4|       m_axi|                                gmem1|       pointer|
|m_axi_gmem1_WLAST      |  out|    1|       m_axi|                                gmem1|       pointer|
|m_axi_gmem1_WID        |  out|    1|       m_axi|                                gmem1|       pointer|
|m_axi_gmem1_WUSER      |  out|    1|       m_axi|                                gmem1|       pointer|
|m_axi_gmem1_ARVALID    |  out|    1|       m_axi|                                gmem1|       pointer|
|m_axi_gmem1_ARREADY    |   in|    1|       m_axi|                                gmem1|       pointer|
|m_axi_gmem1_ARADDR     |  out|   64|       m_axi|                                gmem1|       pointer|
|m_axi_gmem1_ARID       |  out|    1|       m_axi|                                gmem1|       pointer|
|m_axi_gmem1_ARLEN      |  out|   32|       m_axi|                                gmem1|       pointer|
|m_axi_gmem1_ARSIZE     |  out|    3|       m_axi|                                gmem1|       pointer|
|m_axi_gmem1_ARBURST    |  out|    2|       m_axi|                                gmem1|       pointer|
|m_axi_gmem1_ARLOCK     |  out|    2|       m_axi|                                gmem1|       pointer|
|m_axi_gmem1_ARCACHE    |  out|    4|       m_axi|                                gmem1|       pointer|
|m_axi_gmem1_ARPROT     |  out|    3|       m_axi|                                gmem1|       pointer|
|m_axi_gmem1_ARQOS      |  out|    4|       m_axi|                                gmem1|       pointer|
|m_axi_gmem1_ARREGION   |  out|    4|       m_axi|                                gmem1|       pointer|
|m_axi_gmem1_ARUSER     |  out|    1|       m_axi|                                gmem1|       pointer|
|m_axi_gmem1_RVALID     |   in|    1|       m_axi|                                gmem1|       pointer|
|m_axi_gmem1_RREADY     |  out|    1|       m_axi|                                gmem1|       pointer|
|m_axi_gmem1_RDATA      |   in|   32|       m_axi|                                gmem1|       pointer|
|m_axi_gmem1_RLAST      |   in|    1|       m_axi|                                gmem1|       pointer|
|m_axi_gmem1_RID        |   in|    1|       m_axi|                                gmem1|       pointer|
|m_axi_gmem1_RFIFONUM   |   in|    9|       m_axi|                                gmem1|       pointer|
|m_axi_gmem1_RUSER      |   in|    1|       m_axi|                                gmem1|       pointer|
|m_axi_gmem1_RRESP      |   in|    2|       m_axi|                                gmem1|       pointer|
|m_axi_gmem1_BVALID     |   in|    1|       m_axi|                                gmem1|       pointer|
|m_axi_gmem1_BREADY     |  out|    1|       m_axi|                                gmem1|       pointer|
|m_axi_gmem1_BRESP      |   in|    2|       m_axi|                                gmem1|       pointer|
|m_axi_gmem1_BID        |   in|    1|       m_axi|                                gmem1|       pointer|
|m_axi_gmem1_BUSER      |   in|    1|       m_axi|                                gmem1|       pointer|
|logits_3_04            |   in|   32|     ap_none|                          logits_3_04|        scalar|
|logits_2_03            |   in|   32|     ap_none|                          logits_2_03|        scalar|
|logits_1_02            |   in|   32|     ap_none|                          logits_1_02|        scalar|
|logits_0_01            |   in|   32|     ap_none|                          logits_0_01|        scalar|
|m_axi_gmem2_AWVALID    |  out|    1|       m_axi|                                gmem2|       pointer|
|m_axi_gmem2_AWREADY    |   in|    1|       m_axi|                                gmem2|       pointer|
|m_axi_gmem2_AWADDR     |  out|   64|       m_axi|                                gmem2|       pointer|
|m_axi_gmem2_AWID       |  out|    1|       m_axi|                                gmem2|       pointer|
|m_axi_gmem2_AWLEN      |  out|   32|       m_axi|                                gmem2|       pointer|
|m_axi_gmem2_AWSIZE     |  out|    3|       m_axi|                                gmem2|       pointer|
|m_axi_gmem2_AWBURST    |  out|    2|       m_axi|                                gmem2|       pointer|
|m_axi_gmem2_AWLOCK     |  out|    2|       m_axi|                                gmem2|       pointer|
|m_axi_gmem2_AWCACHE    |  out|    4|       m_axi|                                gmem2|       pointer|
|m_axi_gmem2_AWPROT     |  out|    3|       m_axi|                                gmem2|       pointer|
|m_axi_gmem2_AWQOS      |  out|    4|       m_axi|                                gmem2|       pointer|
|m_axi_gmem2_AWREGION   |  out|    4|       m_axi|                                gmem2|       pointer|
|m_axi_gmem2_AWUSER     |  out|    1|       m_axi|                                gmem2|       pointer|
|m_axi_gmem2_WVALID     |  out|    1|       m_axi|                                gmem2|       pointer|
|m_axi_gmem2_WREADY     |   in|    1|       m_axi|                                gmem2|       pointer|
|m_axi_gmem2_WDATA      |  out|   32|       m_axi|                                gmem2|       pointer|
|m_axi_gmem2_WSTRB      |  out|    4|       m_axi|                                gmem2|       pointer|
|m_axi_gmem2_WLAST      |  out|    1|       m_axi|                                gmem2|       pointer|
|m_axi_gmem2_WID        |  out|    1|       m_axi|                                gmem2|       pointer|
|m_axi_gmem2_WUSER      |  out|    1|       m_axi|                                gmem2|       pointer|
|m_axi_gmem2_ARVALID    |  out|    1|       m_axi|                                gmem2|       pointer|
|m_axi_gmem2_ARREADY    |   in|    1|       m_axi|                                gmem2|       pointer|
|m_axi_gmem2_ARADDR     |  out|   64|       m_axi|                                gmem2|       pointer|
|m_axi_gmem2_ARID       |  out|    1|       m_axi|                                gmem2|       pointer|
|m_axi_gmem2_ARLEN      |  out|   32|       m_axi|                                gmem2|       pointer|
|m_axi_gmem2_ARSIZE     |  out|    3|       m_axi|                                gmem2|       pointer|
|m_axi_gmem2_ARBURST    |  out|    2|       m_axi|                                gmem2|       pointer|
|m_axi_gmem2_ARLOCK     |  out|    2|       m_axi|                                gmem2|       pointer|
|m_axi_gmem2_ARCACHE    |  out|    4|       m_axi|                                gmem2|       pointer|
|m_axi_gmem2_ARPROT     |  out|    3|       m_axi|                                gmem2|       pointer|
|m_axi_gmem2_ARQOS      |  out|    4|       m_axi|                                gmem2|       pointer|
|m_axi_gmem2_ARREGION   |  out|    4|       m_axi|                                gmem2|       pointer|
|m_axi_gmem2_ARUSER     |  out|    1|       m_axi|                                gmem2|       pointer|
|m_axi_gmem2_RVALID     |   in|    1|       m_axi|                                gmem2|       pointer|
|m_axi_gmem2_RREADY     |  out|    1|       m_axi|                                gmem2|       pointer|
|m_axi_gmem2_RDATA      |   in|   32|       m_axi|                                gmem2|       pointer|
|m_axi_gmem2_RLAST      |   in|    1|       m_axi|                                gmem2|       pointer|
|m_axi_gmem2_RID        |   in|    1|       m_axi|                                gmem2|       pointer|
|m_axi_gmem2_RFIFONUM   |   in|    9|       m_axi|                                gmem2|       pointer|
|m_axi_gmem2_RUSER      |   in|    1|       m_axi|                                gmem2|       pointer|
|m_axi_gmem2_RRESP      |   in|    2|       m_axi|                                gmem2|       pointer|
|m_axi_gmem2_BVALID     |   in|    1|       m_axi|                                gmem2|       pointer|
|m_axi_gmem2_BREADY     |  out|    1|       m_axi|                                gmem2|       pointer|
|m_axi_gmem2_BRESP      |   in|    2|       m_axi|                                gmem2|       pointer|
|m_axi_gmem2_BID        |   in|    1|       m_axi|                                gmem2|       pointer|
|m_axi_gmem2_BUSER      |   in|    1|       m_axi|                                gmem2|       pointer|
|sext_ln94_1            |   in|   62|     ap_none|                          sext_ln94_1|        scalar|
|sext_ln94              |   in|   62|     ap_none|                            sext_ln94|        scalar|
|empty                  |   in|   64|     ap_none|                                empty|        scalar|
|logits_3_1_out         |  out|   32|      ap_vld|                       logits_3_1_out|       pointer|
|logits_3_1_out_ap_vld  |  out|    1|      ap_vld|                       logits_3_1_out|       pointer|
|logits_2_1_out         |  out|   32|      ap_vld|                       logits_2_1_out|       pointer|
|logits_2_1_out_ap_vld  |  out|    1|      ap_vld|                       logits_2_1_out|       pointer|
|logits_1_1_out         |  out|   32|      ap_vld|                       logits_1_1_out|       pointer|
|logits_1_1_out_ap_vld  |  out|    1|      ap_vld|                       logits_1_1_out|       pointer|
|logits_0_1_out         |  out|   32|      ap_vld|                       logits_0_1_out|       pointer|
|logits_0_1_out_ap_vld  |  out|    1|      ap_vld|                       logits_0_1_out|       pointer|
|max_logit_out          |  out|   32|      ap_vld|                        max_logit_out|       pointer|
|max_logit_out_ap_vld   |  out|    1|      ap_vld|                        max_logit_out|       pointer|
+-----------------------+-----+-----+------------+-------------------------------------+--------------+

============================================================
+ Verbose Summary: Synthesis Manager
============================================================
InlineROM: 1
ExposeGlobal: 0
============================================================
+ Verbose Summary: CDFG Model
============================================================
IsTopModel: 0
ResetActiveHigh: 1
IsCombinational: 2
IsDatapathOnly: 2
HasWiredReturn: 1
HasMFsm: 2
HasVarLatency: 1
IsPipeline: 0
IsRtlPipelined: 0
IsInstanceOverlapped: 0
IsDontTouch: 0
HasImplIP: 0
IsGatedGlobalClock: 0

+ Individual pipeline summary: 
  * Pipeline-0: initiation interval (II) = 64, depth = 143


============================================================
+ Verbose Summary: Schedule
============================================================
* Number of FSM states : 143
* Pipeline : 1
  Pipeline-0 : II = 64, D = 143, States = { 1 2 3 4 5 6 7 8 9 10 11 12 13 14 15 16 17 18 19 20 21 22 23 24 25 26 27 28 29 30 31 32 33 34 35 36 37 38 39 40 41 42 43 44 45 46 47 48 49 50 51 52 53 54 55 56 57 58 59 60 61 62 63 64 65 66 67 68 69 70 71 72 73 74 75 76 77 78 79 80 81 82 83 84 85 86 87 88 89 90 91 92 93 94 95 96 97 98 99 100 101 102 103 104 105 106 107 108 109 110 111 112 113 114 115 116 117 118 119 120 121 122 123 124 125 126 127 128 129 130 131 132 133 134 135 136 137 138 139 140 141 142 143 }
* Dataflow Pipeline: 0

* FSM state transitions: 
1 --> 2 
2 --> 3 
3 --> 4 
4 --> 5 
5 --> 6 
6 --> 7 
7 --> 8 
8 --> 9 
9 --> 10 
10 --> 11 
11 --> 12 
12 --> 13 
13 --> 14 
14 --> 15 
15 --> 16 
16 --> 17 
17 --> 18 
18 --> 19 
19 --> 20 
20 --> 21 
21 --> 22 
22 --> 23 
23 --> 24 
24 --> 25 
25 --> 26 
26 --> 27 
27 --> 28 
28 --> 29 
29 --> 30 
30 --> 31 
31 --> 32 
32 --> 33 
33 --> 34 
34 --> 35 
35 --> 36 
36 --> 37 
37 --> 38 
38 --> 39 
39 --> 40 
40 --> 41 
41 --> 42 
42 --> 43 
43 --> 44 
44 --> 45 
45 --> 46 
46 --> 47 
47 --> 48 
48 --> 49 
49 --> 50 
50 --> 51 
51 --> 52 
52 --> 53 
53 --> 54 
54 --> 55 
55 --> 56 
56 --> 57 
57 --> 58 
58 --> 59 
59 --> 60 
60 --> 61 
61 --> 62 
62 --> 63 
63 --> 64 
64 --> 65 
65 --> 66 
66 --> 67 
67 --> 68 
68 --> 69 
69 --> 70 
70 --> 71 
71 --> 72 
72 --> 73 
73 --> 74 
74 --> 75 
75 --> 76 
76 --> 77 
77 --> 78 
78 --> 79 
79 --> 80 
80 --> 81 
81 --> 82 
82 --> 83 
83 --> 84 
84 --> 85 
85 --> 86 
86 --> 87 
87 --> 88 
88 --> 89 
89 --> 90 
90 --> 91 
91 --> 92 
92 --> 93 
93 --> 94 
94 --> 95 
95 --> 96 
96 --> 97 
97 --> 98 
98 --> 99 
99 --> 100 
100 --> 101 
101 --> 102 
102 --> 103 
103 --> 104 
104 --> 105 
105 --> 106 
106 --> 107 
107 --> 108 
108 --> 109 
109 --> 110 
110 --> 111 
111 --> 112 
112 --> 113 
113 --> 114 
114 --> 115 
115 --> 116 
116 --> 117 
117 --> 118 
118 --> 119 
119 --> 120 
120 --> 121 
121 --> 122 
122 --> 123 
123 --> 124 
124 --> 125 
125 --> 126 
126 --> 127 
127 --> 128 
128 --> 129 
129 --> 130 
130 --> 131 
131 --> 132 
132 --> 133 
133 --> 134 
134 --> 135 
135 --> 136 
136 --> 137 
137 --> 138 
138 --> 139 
139 --> 140 
140 --> 141 
141 --> 142 
142 --> 143 
143 --> 

* FSM state operations: 

State 1 <SV = 0> <Delay = 1.24>
ST_1 : Operation 146 [1/1] (0.00ns)   --->   "%max_logit = alloca i32 1" [/home/simics/HMoE/HLS_HMoE/pseudo_block/run_3/src/pseudo_moe.cpp:92]   --->   Operation 146 'alloca' 'max_logit' <Predicate = true> <Delay = 0.00>
ST_1 : Operation 147 [1/1] (0.00ns)   --->   "%e = alloca i32 1" [/home/simics/HMoE/HLS_HMoE/pseudo_block/run_3/src/pseudo_moe.cpp:94]   --->   Operation 147 'alloca' 'e' <Predicate = true> <Delay = 0.00>
ST_1 : Operation 148 [1/1] (0.00ns)   --->   "%logits_0_1 = alloca i32 1"   --->   Operation 148 'alloca' 'logits_0_1' <Predicate = true> <Delay = 0.00>
ST_1 : Operation 149 [1/1] (0.00ns)   --->   "%logits_1_1 = alloca i32 1"   --->   Operation 149 'alloca' 'logits_1_1' <Predicate = true> <Delay = 0.00>
ST_1 : Operation 150 [1/1] (0.00ns)   --->   "%logits_2_1 = alloca i32 1"   --->   Operation 150 'alloca' 'logits_2_1' <Predicate = true> <Delay = 0.00>
ST_1 : Operation 151 [1/1] (0.00ns)   --->   "%logits_3_1 = alloca i32 1"   --->   Operation 151 'alloca' 'logits_3_1' <Predicate = true> <Delay = 0.00>
ST_1 : Operation 152 [1/1] (0.00ns)   --->   "%tmp = read i64 @_ssdm_op_Read.ap_auto.i64, i64 %empty"   --->   Operation 152 'read' 'tmp' <Predicate = true> <Delay = 0.00>
ST_1 : Operation 153 [1/1] (0.00ns)   --->   "%sext_ln94_read = read i62 @_ssdm_op_Read.ap_auto.i62, i62 %sext_ln94"   --->   Operation 153 'read' 'sext_ln94_read' <Predicate = true> <Delay = 0.00>
ST_1 : Operation 154 [1/1] (0.00ns)   --->   "%sext_ln94_1_read = read i62 @_ssdm_op_Read.ap_auto.i62, i62 %sext_ln94_1"   --->   Operation 154 'read' 'sext_ln94_1_read' <Predicate = true> <Delay = 0.00>
ST_1 : Operation 155 [1/1] (0.00ns)   --->   "%logits_0_01_read = read i32 @_ssdm_op_Read.ap_auto.float, i32 %logits_0_01"   --->   Operation 155 'read' 'logits_0_01_read' <Predicate = true> <Delay = 0.00>
ST_1 : Operation 156 [1/1] (0.00ns)   --->   "%logits_1_02_read = read i32 @_ssdm_op_Read.ap_auto.float, i32 %logits_1_02"   --->   Operation 156 'read' 'logits_1_02_read' <Predicate = true> <Delay = 0.00>
ST_1 : Operation 157 [1/1] (0.00ns)   --->   "%logits_2_03_read = read i32 @_ssdm_op_Read.ap_auto.float, i32 %logits_2_03"   --->   Operation 157 'read' 'logits_2_03_read' <Predicate = true> <Delay = 0.00>
ST_1 : Operation 158 [1/1] (0.00ns)   --->   "%logits_3_04_read = read i32 @_ssdm_op_Read.ap_auto.float, i32 %logits_3_04"   --->   Operation 158 'read' 'logits_3_04_read' <Predicate = true> <Delay = 0.00>
ST_1 : Operation 159 [1/1] (0.00ns)   --->   "%sext_ln94_cast = sext i62 %sext_ln94_read"   --->   Operation 159 'sext' 'sext_ln94_cast' <Predicate = true> <Delay = 0.00>
ST_1 : Operation 160 [1/1] (0.00ns)   --->   "%sext_ln94_1_cast = sext i62 %sext_ln94_1_read"   --->   Operation 160 'sext' 'sext_ln94_1_cast' <Predicate = true> <Delay = 0.00>
ST_1 : Operation 161 [1/1] (0.00ns)   --->   "%specinterface_ln0 = specinterface void @_ssdm_op_SpecInterface, i32 %gmem2, void @empty_17, i32 0, i32 0, void @empty_32, i32 0, i32 0, void @empty_2, void @empty_31, void @empty_32, i32 16, i32 16, i32 16, i32 16, void @empty_32, void @empty_32, i32 4294967295, i32 0"   --->   Operation 161 'specinterface' 'specinterface_ln0' <Predicate = true> <Delay = 0.00>
ST_1 : Operation 162 [1/1] (0.00ns)   --->   "%specinterface_ln0 = specinterface void @_ssdm_op_SpecInterface, i32 %gmem1, void @empty_17, i32 0, i32 0, void @empty_32, i32 0, i32 0, void @empty_1, void @empty_31, void @empty_32, i32 16, i32 16, i32 16, i32 16, void @empty_32, void @empty_32, i32 4294967295, i32 0"   --->   Operation 162 'specinterface' 'specinterface_ln0' <Predicate = true> <Delay = 0.00>
ST_1 : Operation 163 [1/1] (0.00ns)   --->   "%specinterface_ln0 = specinterface void @_ssdm_op_SpecInterface, i32 %gmem0, void @empty_17, i32 0, i32 0, void @empty_32, i32 0, i32 0, void @empty, void @empty_31, void @empty_32, i32 16, i32 16, i32 16, i32 16, void @empty_32, void @empty_32, i32 4294967295, i32 0"   --->   Operation 163 'specinterface' 'specinterface_ln0' <Predicate = true> <Delay = 0.00>
ST_1 : Operation 164 [1/1] (0.36ns)   --->   "%store_ln0 = store i32 %logits_3_04_read, i32 %logits_3_1"   --->   Operation 164 'store' 'store_ln0' <Predicate = true> <Delay = 0.36>
ST_1 : Operation 165 [1/1] (0.36ns)   --->   "%store_ln0 = store i32 %logits_2_03_read, i32 %logits_2_1"   --->   Operation 165 'store' 'store_ln0' <Predicate = true> <Delay = 0.36>
ST_1 : Operation 166 [1/1] (0.36ns)   --->   "%store_ln0 = store i32 %logits_1_02_read, i32 %logits_1_1"   --->   Operation 166 'store' 'store_ln0' <Predicate = true> <Delay = 0.36>
ST_1 : Operation 167 [1/1] (0.36ns)   --->   "%store_ln0 = store i32 %logits_0_01_read, i32 %logits_0_1"   --->   Operation 167 'store' 'store_ln0' <Predicate = true> <Delay = 0.36>
ST_1 : Operation 168 [1/1] (0.36ns)   --->   "%store_ln94 = store i3 0, i3 %e" [/home/simics/HMoE/HLS_HMoE/pseudo_block/run_3/src/pseudo_moe.cpp:94]   --->   Operation 168 'store' 'store_ln94' <Predicate = true> <Delay = 0.36>
ST_1 : Operation 169 [1/1] (0.36ns)   --->   "%store_ln92 = store i32 -1e+30, i32 %max_logit" [/home/simics/HMoE/HLS_HMoE/pseudo_block/run_3/src/pseudo_moe.cpp:92]   --->   Operation 169 'store' 'store_ln92' <Predicate = true> <Delay = 0.36>
ST_1 : Operation 170 [1/1] (0.00ns)   --->   "%br_ln0 = br void %VITIS_LOOP_97_3"   --->   Operation 170 'br' 'br_ln0' <Predicate = true> <Delay = 0.00>
ST_1 : Operation 171 [1/1] (0.00ns)   --->   "%e_1 = load i3 %e" [/home/simics/HMoE/HLS_HMoE/pseudo_block/run_3/src/pseudo_moe.cpp:101]   --->   Operation 171 'load' 'e_1' <Predicate = true> <Delay = 0.00>
ST_1 : Operation 172 [1/1] (0.00ns)   --->   "%specbitsmap_ln0 = specbitsmap void @_ssdm_op_SpecBitsMap, i32 %gmem2"   --->   Operation 172 'specbitsmap' 'specbitsmap_ln0' <Predicate = true> <Delay = 0.00>
ST_1 : Operation 173 [1/1] (0.00ns)   --->   "%specbitsmap_ln0 = specbitsmap void @_ssdm_op_SpecBitsMap, i32 %gmem1"   --->   Operation 173 'specbitsmap' 'specbitsmap_ln0' <Predicate = true> <Delay = 0.00>
ST_1 : Operation 174 [1/1] (0.00ns)   --->   "%specbitsmap_ln0 = specbitsmap void @_ssdm_op_SpecBitsMap, i32 %gmem0"   --->   Operation 174 'specbitsmap' 'specbitsmap_ln0' <Predicate = true> <Delay = 0.00>
ST_1 : Operation 175 [1/1] (0.52ns)   --->   "%icmp_ln94 = icmp_eq  i3 %e_1, i3 4" [/home/simics/HMoE/HLS_HMoE/pseudo_block/run_3/src/pseudo_moe.cpp:94]   --->   Operation 175 'icmp' 'icmp_ln94' <Predicate = true> <Delay = 0.52> <CoreInst = "Cmp">   --->   Core 9 'Cmp' <Latency = 0> <II = 1> <Delay = 0.64> <FuncUnit> <Opcode : 'icmp'> <InPorts = 2> <OutPorts = 1>
ST_1 : Operation 176 [1/1] (0.52ns)   --->   "%add_ln94 = add i3 %e_1, i3 1" [/home/simics/HMoE/HLS_HMoE/pseudo_block/run_3/src/pseudo_moe.cpp:94]   --->   Operation 176 'add' 'add_ln94' <Predicate = true> <Delay = 0.52> <CoreInst = "Adder">   --->   Core 1 'Adder' <Latency = 0> <II = 1> <Delay = 0.52> <FuncUnit> <Opcode : 'add' 'sub'> <InPorts = 2> <OutPorts = 1>
ST_1 : Operation 177 [1/1] (0.00ns)   --->   "%br_ln94 = br i1 %icmp_ln94, void %VITIS_LOOP_97_3.split, void %for.inc35.preheader.exitStub" [/home/simics/HMoE/HLS_HMoE/pseudo_block/run_3/src/pseudo_moe.cpp:94]   --->   Operation 177 'br' 'br_ln94' <Predicate = true> <Delay = 0.00>
ST_1 : Operation 178 [1/1] (0.00ns)   --->   "%trunc_ln101 = trunc i3 %e_1" [/home/simics/HMoE/HLS_HMoE/pseudo_block/run_3/src/pseudo_moe.cpp:101]   --->   Operation 178 'trunc' 'trunc_ln101' <Predicate = (!icmp_ln94)> <Delay = 0.00>
ST_1 : Operation 179 [1/1] (0.66ns)   --->   "%switch_ln101 = switch i2 %trunc_ln101, void %branch3, i2 0, void %VITIS_LOOP_97_3.split.VITIS_LOOP_97_3.split16_crit_edge, i2 1, void %VITIS_LOOP_97_3.split.VITIS_LOOP_97_3.split16_crit_edge12, i2 2, void %branch2" [/home/simics/HMoE/HLS_HMoE/pseudo_block/run_3/src/pseudo_moe.cpp:101]   --->   Operation 179 'switch' 'switch_ln101' <Predicate = (!icmp_ln94)> <Delay = 0.66>
ST_1 : Operation 180 [1/1] (0.36ns)   --->   "%store_ln94 = store i3 %add_ln94, i3 %e" [/home/simics/HMoE/HLS_HMoE/pseudo_block/run_3/src/pseudo_moe.cpp:94]   --->   Operation 180 'store' 'store_ln94' <Predicate = (!icmp_ln94)> <Delay = 0.36>

State 2 <SV = 1> <Delay = 7.30>
ST_2 : Operation 181 [1/1] (0.00ns)   --->   "%gmem2_addr = getelementptr i32 %gmem2, i64 %sext_ln94_1_cast" [/home/simics/HMoE/HLS_HMoE/pseudo_block/run_3/src/pseudo_moe.cpp:94]   --->   Operation 181 'getelementptr' 'gmem2_addr' <Predicate = (!icmp_ln94)> <Delay = 0.00>
ST_2 : Operation 182 [1/1] (0.00ns)   --->   "%gmem1_addr = getelementptr i32 %gmem1, i64 %sext_ln94_cast" [/home/simics/HMoE/HLS_HMoE/pseudo_block/run_3/src/pseudo_moe.cpp:94]   --->   Operation 182 'getelementptr' 'gmem1_addr' <Predicate = (!icmp_ln94)> <Delay = 0.00>
ST_2 : Operation 183 [1/1] (7.30ns)   --->   "%gmem2_addr_read = read i32 @_ssdm_op_Read.m_axi.p1i32, i64 %gmem2_addr" [/home/simics/HMoE/HLS_HMoE/pseudo_block/run_3/src/pseudo_moe.cpp:95]   --->   Operation 183 'read' 'gmem2_addr_read' <Predicate = (!icmp_ln94)> <Delay = 7.30> <CoreInst = "m_axi">   --->   Core 121 'm_axi' <Latency = 0> <II = 1> <Delay = 1.00> <Adapter> <Opcode : 'read' 'write' 'readreq' 'writereq' 'writeresp'>
ST_2 : Operation 184 [1/1] (0.00ns)   --->   "%trunc_ln1 = partselect i62 @_ssdm_op_PartSelect.i62.i64.i32.i32, i64 %tmp, i32 2, i32 63" [/home/simics/HMoE/HLS_HMoE/pseudo_block/run_3/src/pseudo_moe.cpp:97]   --->   Operation 184 'partselect' 'trunc_ln1' <Predicate = (!icmp_ln94)> <Delay = 0.00>
ST_2 : Operation 185 [1/1] (0.00ns)   --->   "%sext_ln97 = sext i62 %trunc_ln1" [/home/simics/HMoE/HLS_HMoE/pseudo_block/run_3/src/pseudo_moe.cpp:97]   --->   Operation 185 'sext' 'sext_ln97' <Predicate = (!icmp_ln94)> <Delay = 0.00>
ST_2 : Operation 186 [1/1] (0.00ns)   --->   "%gmem0_addr = getelementptr i32 %gmem0, i64 %sext_ln97" [/home/simics/HMoE/HLS_HMoE/pseudo_block/run_3/src/pseudo_moe.cpp:97]   --->   Operation 186 'getelementptr' 'gmem0_addr' <Predicate = (!icmp_ln94)> <Delay = 0.00>
ST_2 : Operation 187 [8/8] (7.30ns)   --->   "%empty_50 = readreq i1 @_ssdm_op_ReadReq.m_axi.p1i32, i64 %gmem0_addr, i32 64" [/home/simics/HMoE/HLS_HMoE/pseudo_block/run_3/src/pseudo_moe.cpp:97]   --->   Operation 187 'readreq' 'empty_50' <Predicate = (!icmp_ln94)> <Delay = 7.30> <CoreInst = "m_axi">   --->   Core 121 'm_axi' <Latency = 0> <II = 1> <Delay = 1.00> <Adapter> <Opcode : 'read' 'write' 'readreq' 'writereq' 'writeresp'>
ST_2 : Operation 188 [1/1] (7.30ns)   --->   "%gmem1_addr_read = read i32 @_ssdm_op_Read.m_axi.p1i32, i64 %gmem1_addr" [/home/simics/HMoE/HLS_HMoE/pseudo_block/run_3/src/pseudo_moe.cpp:98]   --->   Operation 188 'read' 'gmem1_addr_read' <Predicate = (!icmp_ln94)> <Delay = 7.30> <CoreInst = "m_axi">   --->   Core 121 'm_axi' <Latency = 0> <II = 1> <Delay = 1.00> <Adapter> <Opcode : 'read' 'write' 'readreq' 'writereq' 'writeresp'>

State 3 <SV = 2> <Delay = 7.30>
ST_3 : Operation 189 [7/8] (7.30ns)   --->   "%empty_50 = readreq i1 @_ssdm_op_ReadReq.m_axi.p1i32, i64 %gmem0_addr, i32 64" [/home/simics/HMoE/HLS_HMoE/pseudo_block/run_3/src/pseudo_moe.cpp:97]   --->   Operation 189 'readreq' 'empty_50' <Predicate = (!icmp_ln94)> <Delay = 7.30> <CoreInst = "m_axi">   --->   Core 121 'm_axi' <Latency = 0> <II = 1> <Delay = 1.00> <Adapter> <Opcode : 'read' 'write' 'readreq' 'writereq' 'writeresp'>
ST_3 : Operation 190 [1/1] (7.30ns)   --->   "%gmem1_addr_read_1 = read i32 @_ssdm_op_Read.m_axi.p1i32, i64 %gmem1_addr" [/home/simics/HMoE/HLS_HMoE/pseudo_block/run_3/src/pseudo_moe.cpp:98]   --->   Operation 190 'read' 'gmem1_addr_read_1' <Predicate = (!icmp_ln94)> <Delay = 7.30> <CoreInst = "m_axi">   --->   Core 121 'm_axi' <Latency = 0> <II = 1> <Delay = 1.00> <Adapter> <Opcode : 'read' 'write' 'readreq' 'writereq' 'writeresp'>

State 4 <SV = 3> <Delay = 7.30>
ST_4 : Operation 191 [6/8] (7.30ns)   --->   "%empty_50 = readreq i1 @_ssdm_op_ReadReq.m_axi.p1i32, i64 %gmem0_addr, i32 64" [/home/simics/HMoE/HLS_HMoE/pseudo_block/run_3/src/pseudo_moe.cpp:97]   --->   Operation 191 'readreq' 'empty_50' <Predicate = (!icmp_ln94)> <Delay = 7.30> <CoreInst = "m_axi">   --->   Core 121 'm_axi' <Latency = 0> <II = 1> <Delay = 1.00> <Adapter> <Opcode : 'read' 'write' 'readreq' 'writereq' 'writeresp'>
ST_4 : Operation 192 [1/1] (7.30ns)   --->   "%gmem1_addr_read_2 = read i32 @_ssdm_op_Read.m_axi.p1i32, i64 %gmem1_addr" [/home/simics/HMoE/HLS_HMoE/pseudo_block/run_3/src/pseudo_moe.cpp:98]   --->   Operation 192 'read' 'gmem1_addr_read_2' <Predicate = (!icmp_ln94)> <Delay = 7.30> <CoreInst = "m_axi">   --->   Core 121 'm_axi' <Latency = 0> <II = 1> <Delay = 1.00> <Adapter> <Opcode : 'read' 'write' 'readreq' 'writereq' 'writeresp'>

State 5 <SV = 4> <Delay = 7.30>
ST_5 : Operation 193 [5/8] (7.30ns)   --->   "%empty_50 = readreq i1 @_ssdm_op_ReadReq.m_axi.p1i32, i64 %gmem0_addr, i32 64" [/home/simics/HMoE/HLS_HMoE/pseudo_block/run_3/src/pseudo_moe.cpp:97]   --->   Operation 193 'readreq' 'empty_50' <Predicate = (!icmp_ln94)> <Delay = 7.30> <CoreInst = "m_axi">   --->   Core 121 'm_axi' <Latency = 0> <II = 1> <Delay = 1.00> <Adapter> <Opcode : 'read' 'write' 'readreq' 'writereq' 'writeresp'>
ST_5 : Operation 194 [1/1] (7.30ns)   --->   "%gmem1_addr_read_3 = read i32 @_ssdm_op_Read.m_axi.p1i32, i64 %gmem1_addr" [/home/simics/HMoE/HLS_HMoE/pseudo_block/run_3/src/pseudo_moe.cpp:98]   --->   Operation 194 'read' 'gmem1_addr_read_3' <Predicate = (!icmp_ln94)> <Delay = 7.30> <CoreInst = "m_axi">   --->   Core 121 'm_axi' <Latency = 0> <II = 1> <Delay = 1.00> <Adapter> <Opcode : 'read' 'write' 'readreq' 'writereq' 'writeresp'>

State 6 <SV = 5> <Delay = 7.30>
ST_6 : Operation 195 [4/8] (7.30ns)   --->   "%empty_50 = readreq i1 @_ssdm_op_ReadReq.m_axi.p1i32, i64 %gmem0_addr, i32 64" [/home/simics/HMoE/HLS_HMoE/pseudo_block/run_3/src/pseudo_moe.cpp:97]   --->   Operation 195 'readreq' 'empty_50' <Predicate = (!icmp_ln94)> <Delay = 7.30> <CoreInst = "m_axi">   --->   Core 121 'm_axi' <Latency = 0> <II = 1> <Delay = 1.00> <Adapter> <Opcode : 'read' 'write' 'readreq' 'writereq' 'writeresp'>
ST_6 : Operation 196 [1/1] (7.30ns)   --->   "%gmem1_addr_read_4 = read i32 @_ssdm_op_Read.m_axi.p1i32, i64 %gmem1_addr" [/home/simics/HMoE/HLS_HMoE/pseudo_block/run_3/src/pseudo_moe.cpp:98]   --->   Operation 196 'read' 'gmem1_addr_read_4' <Predicate = (!icmp_ln94)> <Delay = 7.30> <CoreInst = "m_axi">   --->   Core 121 'm_axi' <Latency = 0> <II = 1> <Delay = 1.00> <Adapter> <Opcode : 'read' 'write' 'readreq' 'writereq' 'writeresp'>

State 7 <SV = 6> <Delay = 7.30>
ST_7 : Operation 197 [3/8] (7.30ns)   --->   "%empty_50 = readreq i1 @_ssdm_op_ReadReq.m_axi.p1i32, i64 %gmem0_addr, i32 64" [/home/simics/HMoE/HLS_HMoE/pseudo_block/run_3/src/pseudo_moe.cpp:97]   --->   Operation 197 'readreq' 'empty_50' <Predicate = (!icmp_ln94)> <Delay = 7.30> <CoreInst = "m_axi">   --->   Core 121 'm_axi' <Latency = 0> <II = 1> <Delay = 1.00> <Adapter> <Opcode : 'read' 'write' 'readreq' 'writereq' 'writeresp'>
ST_7 : Operation 198 [1/1] (7.30ns)   --->   "%gmem1_addr_read_5 = read i32 @_ssdm_op_Read.m_axi.p1i32, i64 %gmem1_addr" [/home/simics/HMoE/HLS_HMoE/pseudo_block/run_3/src/pseudo_moe.cpp:98]   --->   Operation 198 'read' 'gmem1_addr_read_5' <Predicate = (!icmp_ln94)> <Delay = 7.30> <CoreInst = "m_axi">   --->   Core 121 'm_axi' <Latency = 0> <II = 1> <Delay = 1.00> <Adapter> <Opcode : 'read' 'write' 'readreq' 'writereq' 'writeresp'>

State 8 <SV = 7> <Delay = 7.30>
ST_8 : Operation 199 [2/8] (7.30ns)   --->   "%empty_50 = readreq i1 @_ssdm_op_ReadReq.m_axi.p1i32, i64 %gmem0_addr, i32 64" [/home/simics/HMoE/HLS_HMoE/pseudo_block/run_3/src/pseudo_moe.cpp:97]   --->   Operation 199 'readreq' 'empty_50' <Predicate = (!icmp_ln94)> <Delay = 7.30> <CoreInst = "m_axi">   --->   Core 121 'm_axi' <Latency = 0> <II = 1> <Delay = 1.00> <Adapter> <Opcode : 'read' 'write' 'readreq' 'writereq' 'writeresp'>
ST_8 : Operation 200 [1/1] (7.30ns)   --->   "%gmem1_addr_read_6 = read i32 @_ssdm_op_Read.m_axi.p1i32, i64 %gmem1_addr" [/home/simics/HMoE/HLS_HMoE/pseudo_block/run_3/src/pseudo_moe.cpp:98]   --->   Operation 200 'read' 'gmem1_addr_read_6' <Predicate = (!icmp_ln94)> <Delay = 7.30> <CoreInst = "m_axi">   --->   Core 121 'm_axi' <Latency = 0> <II = 1> <Delay = 1.00> <Adapter> <Opcode : 'read' 'write' 'readreq' 'writereq' 'writeresp'>

State 9 <SV = 8> <Delay = 7.30>
ST_9 : Operation 201 [1/8] (7.30ns)   --->   "%empty_50 = readreq i1 @_ssdm_op_ReadReq.m_axi.p1i32, i64 %gmem0_addr, i32 64" [/home/simics/HMoE/HLS_HMoE/pseudo_block/run_3/src/pseudo_moe.cpp:97]   --->   Operation 201 'readreq' 'empty_50' <Predicate = (!icmp_ln94)> <Delay = 7.30> <CoreInst = "m_axi">   --->   Core 121 'm_axi' <Latency = 0> <II = 1> <Delay = 1.00> <Adapter> <Opcode : 'read' 'write' 'readreq' 'writereq' 'writeresp'>
ST_9 : Operation 202 [1/1] (7.30ns)   --->   "%gmem1_addr_read_7 = read i32 @_ssdm_op_Read.m_axi.p1i32, i64 %gmem1_addr" [/home/simics/HMoE/HLS_HMoE/pseudo_block/run_3/src/pseudo_moe.cpp:98]   --->   Operation 202 'read' 'gmem1_addr_read_7' <Predicate = (!icmp_ln94)> <Delay = 7.30> <CoreInst = "m_axi">   --->   Core 121 'm_axi' <Latency = 0> <II = 1> <Delay = 1.00> <Adapter> <Opcode : 'read' 'write' 'readreq' 'writereq' 'writeresp'>

State 10 <SV = 9> <Delay = 7.30>
ST_10 : Operation 203 [1/1] (7.30ns)   --->   "%gmem0_addr_read = read i32 @_ssdm_op_Read.m_axi.p1i32, i64 %gmem0_addr" [/home/simics/HMoE/HLS_HMoE/pseudo_block/run_3/src/pseudo_moe.cpp:98]   --->   Operation 203 'read' 'gmem0_addr_read' <Predicate = (!icmp_ln94)> <Delay = 7.30> <CoreInst = "m_axi">   --->   Core 121 'm_axi' <Latency = 0> <II = 1> <Delay = 1.00> <Adapter> <Opcode : 'read' 'write' 'readreq' 'writereq' 'writeresp'>
ST_10 : Operation 204 [1/1] (7.30ns)   --->   "%gmem1_addr_read_8 = read i32 @_ssdm_op_Read.m_axi.p1i32, i64 %gmem1_addr" [/home/simics/HMoE/HLS_HMoE/pseudo_block/run_3/src/pseudo_moe.cpp:98]   --->   Operation 204 'read' 'gmem1_addr_read_8' <Predicate = (!icmp_ln94)> <Delay = 7.30> <CoreInst = "m_axi">   --->   Core 121 'm_axi' <Latency = 0> <II = 1> <Delay = 1.00> <Adapter> <Opcode : 'read' 'write' 'readreq' 'writereq' 'writeresp'>

State 11 <SV = 10> <Delay = 7.30>
ST_11 : Operation 205 [1/1] (0.00ns)   --->   "%bitcast_ln98 = bitcast i32 %gmem0_addr_read" [/home/simics/HMoE/HLS_HMoE/pseudo_block/run_3/src/pseudo_moe.cpp:98]   --->   Operation 205 'bitcast' 'bitcast_ln98' <Predicate = (!icmp_ln94)> <Delay = 0.00>
ST_11 : Operation 206 [1/1] (0.00ns)   --->   "%bitcast_ln98_1 = bitcast i32 %gmem1_addr_read" [/home/simics/HMoE/HLS_HMoE/pseudo_block/run_3/src/pseudo_moe.cpp:98]   --->   Operation 206 'bitcast' 'bitcast_ln98_1' <Predicate = (!icmp_ln94)> <Delay = 0.00>
ST_11 : Operation 207 [2/2] (4.20ns)   --->   "%mul = fmul i32 %bitcast_ln98, i32 %bitcast_ln98_1" [/home/simics/HMoE/HLS_HMoE/pseudo_block/run_3/src/pseudo_moe.cpp:98]   --->   Operation 207 'fmul' 'mul' <Predicate = (!icmp_ln94)> <Delay = 4.20> <CoreInst = "FMul_maxdsp">   --->   Core 30 'FMul_maxdsp' <Latency = 1> <II = 1> <Delay = 3.88> <FuncUnit> <Opcode : 'fmul'> <InPorts = 2> <OutPorts = 1>
ST_11 : Operation 208 [1/1] (7.30ns)   --->   "%gmem0_addr_read_1 = read i32 @_ssdm_op_Read.m_axi.p1i32, i64 %gmem0_addr" [/home/simics/HMoE/HLS_HMoE/pseudo_block/run_3/src/pseudo_moe.cpp:98]   --->   Operation 208 'read' 'gmem0_addr_read_1' <Predicate = (!icmp_ln94)> <Delay = 7.30> <CoreInst = "m_axi">   --->   Core 121 'm_axi' <Latency = 0> <II = 1> <Delay = 1.00> <Adapter> <Opcode : 'read' 'write' 'readreq' 'writereq' 'writeresp'>
ST_11 : Operation 209 [1/1] (7.30ns)   --->   "%gmem1_addr_read_9 = read i32 @_ssdm_op_Read.m_axi.p1i32, i64 %gmem1_addr" [/home/simics/HMoE/HLS_HMoE/pseudo_block/run_3/src/pseudo_moe.cpp:98]   --->   Operation 209 'read' 'gmem1_addr_read_9' <Predicate = (!icmp_ln94)> <Delay = 7.30> <CoreInst = "m_axi">   --->   Core 121 'm_axi' <Latency = 0> <II = 1> <Delay = 1.00> <Adapter> <Opcode : 'read' 'write' 'readreq' 'writereq' 'writeresp'>

State 12 <SV = 11> <Delay = 7.30>
ST_12 : Operation 210 [1/2] (3.88ns)   --->   "%mul = fmul i32 %bitcast_ln98, i32 %bitcast_ln98_1" [/home/simics/HMoE/HLS_HMoE/pseudo_block/run_3/src/pseudo_moe.cpp:98]   --->   Operation 210 'fmul' 'mul' <Predicate = (!icmp_ln94)> <Delay = 3.88> <CoreInst = "FMul_maxdsp">   --->   Core 30 'FMul_maxdsp' <Latency = 1> <II = 1> <Delay = 3.88> <FuncUnit> <Opcode : 'fmul'> <InPorts = 2> <OutPorts = 1>
ST_12 : Operation 211 [1/1] (0.00ns)   --->   "%bitcast_ln98_2 = bitcast i32 %gmem0_addr_read_1" [/home/simics/HMoE/HLS_HMoE/pseudo_block/run_3/src/pseudo_moe.cpp:98]   --->   Operation 211 'bitcast' 'bitcast_ln98_2' <Predicate = (!icmp_ln94)> <Delay = 0.00>
ST_12 : Operation 212 [1/1] (0.00ns)   --->   "%bitcast_ln98_3 = bitcast i32 %gmem1_addr_read_1" [/home/simics/HMoE/HLS_HMoE/pseudo_block/run_3/src/pseudo_moe.cpp:98]   --->   Operation 212 'bitcast' 'bitcast_ln98_3' <Predicate = (!icmp_ln94)> <Delay = 0.00>
ST_12 : Operation 213 [2/2] (4.20ns)   --->   "%mul15_1 = fmul i32 %bitcast_ln98_2, i32 %bitcast_ln98_3" [/home/simics/HMoE/HLS_HMoE/pseudo_block/run_3/src/pseudo_moe.cpp:98]   --->   Operation 213 'fmul' 'mul15_1' <Predicate = (!icmp_ln94)> <Delay = 4.20> <CoreInst = "FMul_maxdsp">   --->   Core 30 'FMul_maxdsp' <Latency = 1> <II = 1> <Delay = 3.88> <FuncUnit> <Opcode : 'fmul'> <InPorts = 2> <OutPorts = 1>
ST_12 : Operation 214 [1/1] (7.30ns)   --->   "%gmem0_addr_read_2 = read i32 @_ssdm_op_Read.m_axi.p1i32, i64 %gmem0_addr" [/home/simics/HMoE/HLS_HMoE/pseudo_block/run_3/src/pseudo_moe.cpp:98]   --->   Operation 214 'read' 'gmem0_addr_read_2' <Predicate = (!icmp_ln94)> <Delay = 7.30> <CoreInst = "m_axi">   --->   Core 121 'm_axi' <Latency = 0> <II = 1> <Delay = 1.00> <Adapter> <Opcode : 'read' 'write' 'readreq' 'writereq' 'writeresp'>
ST_12 : Operation 215 [1/1] (7.30ns)   --->   "%gmem1_addr_read_10 = read i32 @_ssdm_op_Read.m_axi.p1i32, i64 %gmem1_addr" [/home/simics/HMoE/HLS_HMoE/pseudo_block/run_3/src/pseudo_moe.cpp:98]   --->   Operation 215 'read' 'gmem1_addr_read_10' <Predicate = (!icmp_ln94)> <Delay = 7.30> <CoreInst = "m_axi">   --->   Core 121 'm_axi' <Latency = 0> <II = 1> <Delay = 1.00> <Adapter> <Opcode : 'read' 'write' 'readreq' 'writereq' 'writeresp'>

State 13 <SV = 12> <Delay = 7.30>
ST_13 : Operation 216 [1/1] (0.00ns)   --->   "%acc = bitcast i32 %gmem2_addr_read" [/home/simics/HMoE/HLS_HMoE/pseudo_block/run_3/src/pseudo_moe.cpp:95]   --->   Operation 216 'bitcast' 'acc' <Predicate = (!icmp_ln94)> <Delay = 0.00>
ST_13 : Operation 217 [2/2] (6.36ns)   --->   "%acc_1 = fadd i32 %acc, i32 %mul" [/home/simics/HMoE/HLS_HMoE/pseudo_block/run_3/src/pseudo_moe.cpp:98]   --->   Operation 217 'fadd' 'acc_1' <Predicate = (!icmp_ln94)> <Delay = 6.36> <CoreInst = "FAddSub_fulldsp">   --->   Core 18 'FAddSub_fulldsp' <Latency = 1> <II = 1> <Delay = 6.04> <FuncUnit> <Opcode : 'fadd' 'fsub'> <InPorts = 2> <OutPorts = 1>
ST_13 : Operation 218 [1/2] (3.88ns)   --->   "%mul15_1 = fmul i32 %bitcast_ln98_2, i32 %bitcast_ln98_3" [/home/simics/HMoE/HLS_HMoE/pseudo_block/run_3/src/pseudo_moe.cpp:98]   --->   Operation 218 'fmul' 'mul15_1' <Predicate = (!icmp_ln94)> <Delay = 3.88> <CoreInst = "FMul_maxdsp">   --->   Core 30 'FMul_maxdsp' <Latency = 1> <II = 1> <Delay = 3.88> <FuncUnit> <Opcode : 'fmul'> <InPorts = 2> <OutPorts = 1>
ST_13 : Operation 219 [1/1] (0.00ns)   --->   "%bitcast_ln98_4 = bitcast i32 %gmem0_addr_read_2" [/home/simics/HMoE/HLS_HMoE/pseudo_block/run_3/src/pseudo_moe.cpp:98]   --->   Operation 219 'bitcast' 'bitcast_ln98_4' <Predicate = (!icmp_ln94)> <Delay = 0.00>
ST_13 : Operation 220 [1/1] (0.00ns)   --->   "%bitcast_ln98_5 = bitcast i32 %gmem1_addr_read_2" [/home/simics/HMoE/HLS_HMoE/pseudo_block/run_3/src/pseudo_moe.cpp:98]   --->   Operation 220 'bitcast' 'bitcast_ln98_5' <Predicate = (!icmp_ln94)> <Delay = 0.00>
ST_13 : Operation 221 [2/2] (4.20ns)   --->   "%mul15_2 = fmul i32 %bitcast_ln98_4, i32 %bitcast_ln98_5" [/home/simics/HMoE/HLS_HMoE/pseudo_block/run_3/src/pseudo_moe.cpp:98]   --->   Operation 221 'fmul' 'mul15_2' <Predicate = (!icmp_ln94)> <Delay = 4.20> <CoreInst = "FMul_maxdsp">   --->   Core 30 'FMul_maxdsp' <Latency = 1> <II = 1> <Delay = 3.88> <FuncUnit> <Opcode : 'fmul'> <InPorts = 2> <OutPorts = 1>
ST_13 : Operation 222 [1/1] (7.30ns)   --->   "%gmem0_addr_read_3 = read i32 @_ssdm_op_Read.m_axi.p1i32, i64 %gmem0_addr" [/home/simics/HMoE/HLS_HMoE/pseudo_block/run_3/src/pseudo_moe.cpp:98]   --->   Operation 222 'read' 'gmem0_addr_read_3' <Predicate = (!icmp_ln94)> <Delay = 7.30> <CoreInst = "m_axi">   --->   Core 121 'm_axi' <Latency = 0> <II = 1> <Delay = 1.00> <Adapter> <Opcode : 'read' 'write' 'readreq' 'writereq' 'writeresp'>
ST_13 : Operation 223 [1/1] (7.30ns)   --->   "%gmem1_addr_read_11 = read i32 @_ssdm_op_Read.m_axi.p1i32, i64 %gmem1_addr" [/home/simics/HMoE/HLS_HMoE/pseudo_block/run_3/src/pseudo_moe.cpp:98]   --->   Operation 223 'read' 'gmem1_addr_read_11' <Predicate = (!icmp_ln94)> <Delay = 7.30> <CoreInst = "m_axi">   --->   Core 121 'm_axi' <Latency = 0> <II = 1> <Delay = 1.00> <Adapter> <Opcode : 'read' 'write' 'readreq' 'writereq' 'writeresp'>

State 14 <SV = 13> <Delay = 7.30>
ST_14 : Operation 224 [1/2] (6.04ns)   --->   "%acc_1 = fadd i32 %acc, i32 %mul" [/home/simics/HMoE/HLS_HMoE/pseudo_block/run_3/src/pseudo_moe.cpp:98]   --->   Operation 224 'fadd' 'acc_1' <Predicate = (!icmp_ln94)> <Delay = 6.04> <CoreInst = "FAddSub_fulldsp">   --->   Core 18 'FAddSub_fulldsp' <Latency = 1> <II = 1> <Delay = 6.04> <FuncUnit> <Opcode : 'fadd' 'fsub'> <InPorts = 2> <OutPorts = 1>
ST_14 : Operation 225 [1/2] (3.88ns)   --->   "%mul15_2 = fmul i32 %bitcast_ln98_4, i32 %bitcast_ln98_5" [/home/simics/HMoE/HLS_HMoE/pseudo_block/run_3/src/pseudo_moe.cpp:98]   --->   Operation 225 'fmul' 'mul15_2' <Predicate = (!icmp_ln94)> <Delay = 3.88> <CoreInst = "FMul_maxdsp">   --->   Core 30 'FMul_maxdsp' <Latency = 1> <II = 1> <Delay = 3.88> <FuncUnit> <Opcode : 'fmul'> <InPorts = 2> <OutPorts = 1>
ST_14 : Operation 226 [1/1] (0.00ns)   --->   "%bitcast_ln98_6 = bitcast i32 %gmem0_addr_read_3" [/home/simics/HMoE/HLS_HMoE/pseudo_block/run_3/src/pseudo_moe.cpp:98]   --->   Operation 226 'bitcast' 'bitcast_ln98_6' <Predicate = (!icmp_ln94)> <Delay = 0.00>
ST_14 : Operation 227 [1/1] (0.00ns)   --->   "%bitcast_ln98_7 = bitcast i32 %gmem1_addr_read_3" [/home/simics/HMoE/HLS_HMoE/pseudo_block/run_3/src/pseudo_moe.cpp:98]   --->   Operation 227 'bitcast' 'bitcast_ln98_7' <Predicate = (!icmp_ln94)> <Delay = 0.00>
ST_14 : Operation 228 [2/2] (4.20ns)   --->   "%mul15_3 = fmul i32 %bitcast_ln98_6, i32 %bitcast_ln98_7" [/home/simics/HMoE/HLS_HMoE/pseudo_block/run_3/src/pseudo_moe.cpp:98]   --->   Operation 228 'fmul' 'mul15_3' <Predicate = (!icmp_ln94)> <Delay = 4.20> <CoreInst = "FMul_maxdsp">   --->   Core 30 'FMul_maxdsp' <Latency = 1> <II = 1> <Delay = 3.88> <FuncUnit> <Opcode : 'fmul'> <InPorts = 2> <OutPorts = 1>
ST_14 : Operation 229 [1/1] (7.30ns)   --->   "%gmem0_addr_read_4 = read i32 @_ssdm_op_Read.m_axi.p1i32, i64 %gmem0_addr" [/home/simics/HMoE/HLS_HMoE/pseudo_block/run_3/src/pseudo_moe.cpp:98]   --->   Operation 229 'read' 'gmem0_addr_read_4' <Predicate = (!icmp_ln94)> <Delay = 7.30> <CoreInst = "m_axi">   --->   Core 121 'm_axi' <Latency = 0> <II = 1> <Delay = 1.00> <Adapter> <Opcode : 'read' 'write' 'readreq' 'writereq' 'writeresp'>
ST_14 : Operation 230 [1/1] (7.30ns)   --->   "%gmem1_addr_read_12 = read i32 @_ssdm_op_Read.m_axi.p1i32, i64 %gmem1_addr" [/home/simics/HMoE/HLS_HMoE/pseudo_block/run_3/src/pseudo_moe.cpp:98]   --->   Operation 230 'read' 'gmem1_addr_read_12' <Predicate = (!icmp_ln94)> <Delay = 7.30> <CoreInst = "m_axi">   --->   Core 121 'm_axi' <Latency = 0> <II = 1> <Delay = 1.00> <Adapter> <Opcode : 'read' 'write' 'readreq' 'writereq' 'writeresp'>

State 15 <SV = 14> <Delay = 7.30>
ST_15 : Operation 231 [2/2] (6.36ns)   --->   "%acc_2 = fadd i32 %acc_1, i32 %mul15_1" [/home/simics/HMoE/HLS_HMoE/pseudo_block/run_3/src/pseudo_moe.cpp:98]   --->   Operation 231 'fadd' 'acc_2' <Predicate = (!icmp_ln94)> <Delay = 6.36> <CoreInst = "FAddSub_fulldsp">   --->   Core 18 'FAddSub_fulldsp' <Latency = 1> <II = 1> <Delay = 6.04> <FuncUnit> <Opcode : 'fadd' 'fsub'> <InPorts = 2> <OutPorts = 1>
ST_15 : Operation 232 [1/2] (3.88ns)   --->   "%mul15_3 = fmul i32 %bitcast_ln98_6, i32 %bitcast_ln98_7" [/home/simics/HMoE/HLS_HMoE/pseudo_block/run_3/src/pseudo_moe.cpp:98]   --->   Operation 232 'fmul' 'mul15_3' <Predicate = (!icmp_ln94)> <Delay = 3.88> <CoreInst = "FMul_maxdsp">   --->   Core 30 'FMul_maxdsp' <Latency = 1> <II = 1> <Delay = 3.88> <FuncUnit> <Opcode : 'fmul'> <InPorts = 2> <OutPorts = 1>
ST_15 : Operation 233 [1/1] (0.00ns)   --->   "%bitcast_ln98_8 = bitcast i32 %gmem0_addr_read_4" [/home/simics/HMoE/HLS_HMoE/pseudo_block/run_3/src/pseudo_moe.cpp:98]   --->   Operation 233 'bitcast' 'bitcast_ln98_8' <Predicate = (!icmp_ln94)> <Delay = 0.00>
ST_15 : Operation 234 [1/1] (0.00ns)   --->   "%bitcast_ln98_9 = bitcast i32 %gmem1_addr_read_4" [/home/simics/HMoE/HLS_HMoE/pseudo_block/run_3/src/pseudo_moe.cpp:98]   --->   Operation 234 'bitcast' 'bitcast_ln98_9' <Predicate = (!icmp_ln94)> <Delay = 0.00>
ST_15 : Operation 235 [2/2] (4.20ns)   --->   "%mul15_4 = fmul i32 %bitcast_ln98_8, i32 %bitcast_ln98_9" [/home/simics/HMoE/HLS_HMoE/pseudo_block/run_3/src/pseudo_moe.cpp:98]   --->   Operation 235 'fmul' 'mul15_4' <Predicate = (!icmp_ln94)> <Delay = 4.20> <CoreInst = "FMul_maxdsp">   --->   Core 30 'FMul_maxdsp' <Latency = 1> <II = 1> <Delay = 3.88> <FuncUnit> <Opcode : 'fmul'> <InPorts = 2> <OutPorts = 1>
ST_15 : Operation 236 [1/1] (7.30ns)   --->   "%gmem0_addr_read_5 = read i32 @_ssdm_op_Read.m_axi.p1i32, i64 %gmem0_addr" [/home/simics/HMoE/HLS_HMoE/pseudo_block/run_3/src/pseudo_moe.cpp:98]   --->   Operation 236 'read' 'gmem0_addr_read_5' <Predicate = (!icmp_ln94)> <Delay = 7.30> <CoreInst = "m_axi">   --->   Core 121 'm_axi' <Latency = 0> <II = 1> <Delay = 1.00> <Adapter> <Opcode : 'read' 'write' 'readreq' 'writereq' 'writeresp'>
ST_15 : Operation 237 [1/1] (7.30ns)   --->   "%gmem1_addr_read_13 = read i32 @_ssdm_op_Read.m_axi.p1i32, i64 %gmem1_addr" [/home/simics/HMoE/HLS_HMoE/pseudo_block/run_3/src/pseudo_moe.cpp:98]   --->   Operation 237 'read' 'gmem1_addr_read_13' <Predicate = (!icmp_ln94)> <Delay = 7.30> <CoreInst = "m_axi">   --->   Core 121 'm_axi' <Latency = 0> <II = 1> <Delay = 1.00> <Adapter> <Opcode : 'read' 'write' 'readreq' 'writereq' 'writeresp'>

State 16 <SV = 15> <Delay = 7.30>
ST_16 : Operation 238 [1/2] (6.04ns)   --->   "%acc_2 = fadd i32 %acc_1, i32 %mul15_1" [/home/simics/HMoE/HLS_HMoE/pseudo_block/run_3/src/pseudo_moe.cpp:98]   --->   Operation 238 'fadd' 'acc_2' <Predicate = (!icmp_ln94)> <Delay = 6.04> <CoreInst = "FAddSub_fulldsp">   --->   Core 18 'FAddSub_fulldsp' <Latency = 1> <II = 1> <Delay = 6.04> <FuncUnit> <Opcode : 'fadd' 'fsub'> <InPorts = 2> <OutPorts = 1>
ST_16 : Operation 239 [1/2] (3.88ns)   --->   "%mul15_4 = fmul i32 %bitcast_ln98_8, i32 %bitcast_ln98_9" [/home/simics/HMoE/HLS_HMoE/pseudo_block/run_3/src/pseudo_moe.cpp:98]   --->   Operation 239 'fmul' 'mul15_4' <Predicate = (!icmp_ln94)> <Delay = 3.88> <CoreInst = "FMul_maxdsp">   --->   Core 30 'FMul_maxdsp' <Latency = 1> <II = 1> <Delay = 3.88> <FuncUnit> <Opcode : 'fmul'> <InPorts = 2> <OutPorts = 1>
ST_16 : Operation 240 [1/1] (0.00ns)   --->   "%bitcast_ln98_10 = bitcast i32 %gmem0_addr_read_5" [/home/simics/HMoE/HLS_HMoE/pseudo_block/run_3/src/pseudo_moe.cpp:98]   --->   Operation 240 'bitcast' 'bitcast_ln98_10' <Predicate = (!icmp_ln94)> <Delay = 0.00>
ST_16 : Operation 241 [1/1] (0.00ns)   --->   "%bitcast_ln98_11 = bitcast i32 %gmem1_addr_read_5" [/home/simics/HMoE/HLS_HMoE/pseudo_block/run_3/src/pseudo_moe.cpp:98]   --->   Operation 241 'bitcast' 'bitcast_ln98_11' <Predicate = (!icmp_ln94)> <Delay = 0.00>
ST_16 : Operation 242 [2/2] (4.20ns)   --->   "%mul15_5 = fmul i32 %bitcast_ln98_10, i32 %bitcast_ln98_11" [/home/simics/HMoE/HLS_HMoE/pseudo_block/run_3/src/pseudo_moe.cpp:98]   --->   Operation 242 'fmul' 'mul15_5' <Predicate = (!icmp_ln94)> <Delay = 4.20> <CoreInst = "FMul_maxdsp">   --->   Core 30 'FMul_maxdsp' <Latency = 1> <II = 1> <Delay = 3.88> <FuncUnit> <Opcode : 'fmul'> <InPorts = 2> <OutPorts = 1>
ST_16 : Operation 243 [1/1] (7.30ns)   --->   "%gmem0_addr_read_6 = read i32 @_ssdm_op_Read.m_axi.p1i32, i64 %gmem0_addr" [/home/simics/HMoE/HLS_HMoE/pseudo_block/run_3/src/pseudo_moe.cpp:98]   --->   Operation 243 'read' 'gmem0_addr_read_6' <Predicate = (!icmp_ln94)> <Delay = 7.30> <CoreInst = "m_axi">   --->   Core 121 'm_axi' <Latency = 0> <II = 1> <Delay = 1.00> <Adapter> <Opcode : 'read' 'write' 'readreq' 'writereq' 'writeresp'>
ST_16 : Operation 244 [1/1] (7.30ns)   --->   "%gmem1_addr_read_14 = read i32 @_ssdm_op_Read.m_axi.p1i32, i64 %gmem1_addr" [/home/simics/HMoE/HLS_HMoE/pseudo_block/run_3/src/pseudo_moe.cpp:98]   --->   Operation 244 'read' 'gmem1_addr_read_14' <Predicate = (!icmp_ln94)> <Delay = 7.30> <CoreInst = "m_axi">   --->   Core 121 'm_axi' <Latency = 0> <II = 1> <Delay = 1.00> <Adapter> <Opcode : 'read' 'write' 'readreq' 'writereq' 'writeresp'>

State 17 <SV = 16> <Delay = 7.30>
ST_17 : Operation 245 [2/2] (6.36ns)   --->   "%acc_3 = fadd i32 %acc_2, i32 %mul15_2" [/home/simics/HMoE/HLS_HMoE/pseudo_block/run_3/src/pseudo_moe.cpp:98]   --->   Operation 245 'fadd' 'acc_3' <Predicate = (!icmp_ln94)> <Delay = 6.36> <CoreInst = "FAddSub_fulldsp">   --->   Core 18 'FAddSub_fulldsp' <Latency = 1> <II = 1> <Delay = 6.04> <FuncUnit> <Opcode : 'fadd' 'fsub'> <InPorts = 2> <OutPorts = 1>
ST_17 : Operation 246 [1/2] (3.88ns)   --->   "%mul15_5 = fmul i32 %bitcast_ln98_10, i32 %bitcast_ln98_11" [/home/simics/HMoE/HLS_HMoE/pseudo_block/run_3/src/pseudo_moe.cpp:98]   --->   Operation 246 'fmul' 'mul15_5' <Predicate = (!icmp_ln94)> <Delay = 3.88> <CoreInst = "FMul_maxdsp">   --->   Core 30 'FMul_maxdsp' <Latency = 1> <II = 1> <Delay = 3.88> <FuncUnit> <Opcode : 'fmul'> <InPorts = 2> <OutPorts = 1>
ST_17 : Operation 247 [1/1] (0.00ns)   --->   "%bitcast_ln98_12 = bitcast i32 %gmem0_addr_read_6" [/home/simics/HMoE/HLS_HMoE/pseudo_block/run_3/src/pseudo_moe.cpp:98]   --->   Operation 247 'bitcast' 'bitcast_ln98_12' <Predicate = (!icmp_ln94)> <Delay = 0.00>
ST_17 : Operation 248 [1/1] (0.00ns)   --->   "%bitcast_ln98_13 = bitcast i32 %gmem1_addr_read_6" [/home/simics/HMoE/HLS_HMoE/pseudo_block/run_3/src/pseudo_moe.cpp:98]   --->   Operation 248 'bitcast' 'bitcast_ln98_13' <Predicate = (!icmp_ln94)> <Delay = 0.00>
ST_17 : Operation 249 [2/2] (4.20ns)   --->   "%mul15_6 = fmul i32 %bitcast_ln98_12, i32 %bitcast_ln98_13" [/home/simics/HMoE/HLS_HMoE/pseudo_block/run_3/src/pseudo_moe.cpp:98]   --->   Operation 249 'fmul' 'mul15_6' <Predicate = (!icmp_ln94)> <Delay = 4.20> <CoreInst = "FMul_maxdsp">   --->   Core 30 'FMul_maxdsp' <Latency = 1> <II = 1> <Delay = 3.88> <FuncUnit> <Opcode : 'fmul'> <InPorts = 2> <OutPorts = 1>
ST_17 : Operation 250 [1/1] (7.30ns)   --->   "%gmem0_addr_read_7 = read i32 @_ssdm_op_Read.m_axi.p1i32, i64 %gmem0_addr" [/home/simics/HMoE/HLS_HMoE/pseudo_block/run_3/src/pseudo_moe.cpp:98]   --->   Operation 250 'read' 'gmem0_addr_read_7' <Predicate = (!icmp_ln94)> <Delay = 7.30> <CoreInst = "m_axi">   --->   Core 121 'm_axi' <Latency = 0> <II = 1> <Delay = 1.00> <Adapter> <Opcode : 'read' 'write' 'readreq' 'writereq' 'writeresp'>
ST_17 : Operation 251 [1/1] (7.30ns)   --->   "%gmem1_addr_read_15 = read i32 @_ssdm_op_Read.m_axi.p1i32, i64 %gmem1_addr" [/home/simics/HMoE/HLS_HMoE/pseudo_block/run_3/src/pseudo_moe.cpp:98]   --->   Operation 251 'read' 'gmem1_addr_read_15' <Predicate = (!icmp_ln94)> <Delay = 7.30> <CoreInst = "m_axi">   --->   Core 121 'm_axi' <Latency = 0> <II = 1> <Delay = 1.00> <Adapter> <Opcode : 'read' 'write' 'readreq' 'writereq' 'writeresp'>

State 18 <SV = 17> <Delay = 7.30>
ST_18 : Operation 252 [1/2] (6.04ns)   --->   "%acc_3 = fadd i32 %acc_2, i32 %mul15_2" [/home/simics/HMoE/HLS_HMoE/pseudo_block/run_3/src/pseudo_moe.cpp:98]   --->   Operation 252 'fadd' 'acc_3' <Predicate = (!icmp_ln94)> <Delay = 6.04> <CoreInst = "FAddSub_fulldsp">   --->   Core 18 'FAddSub_fulldsp' <Latency = 1> <II = 1> <Delay = 6.04> <FuncUnit> <Opcode : 'fadd' 'fsub'> <InPorts = 2> <OutPorts = 1>
ST_18 : Operation 253 [1/2] (3.88ns)   --->   "%mul15_6 = fmul i32 %bitcast_ln98_12, i32 %bitcast_ln98_13" [/home/simics/HMoE/HLS_HMoE/pseudo_block/run_3/src/pseudo_moe.cpp:98]   --->   Operation 253 'fmul' 'mul15_6' <Predicate = (!icmp_ln94)> <Delay = 3.88> <CoreInst = "FMul_maxdsp">   --->   Core 30 'FMul_maxdsp' <Latency = 1> <II = 1> <Delay = 3.88> <FuncUnit> <Opcode : 'fmul'> <InPorts = 2> <OutPorts = 1>
ST_18 : Operation 254 [1/1] (0.00ns)   --->   "%bitcast_ln98_14 = bitcast i32 %gmem0_addr_read_7" [/home/simics/HMoE/HLS_HMoE/pseudo_block/run_3/src/pseudo_moe.cpp:98]   --->   Operation 254 'bitcast' 'bitcast_ln98_14' <Predicate = (!icmp_ln94)> <Delay = 0.00>
ST_18 : Operation 255 [1/1] (0.00ns)   --->   "%bitcast_ln98_15 = bitcast i32 %gmem1_addr_read_7" [/home/simics/HMoE/HLS_HMoE/pseudo_block/run_3/src/pseudo_moe.cpp:98]   --->   Operation 255 'bitcast' 'bitcast_ln98_15' <Predicate = (!icmp_ln94)> <Delay = 0.00>
ST_18 : Operation 256 [2/2] (4.20ns)   --->   "%mul15_7 = fmul i32 %bitcast_ln98_14, i32 %bitcast_ln98_15" [/home/simics/HMoE/HLS_HMoE/pseudo_block/run_3/src/pseudo_moe.cpp:98]   --->   Operation 256 'fmul' 'mul15_7' <Predicate = (!icmp_ln94)> <Delay = 4.20> <CoreInst = "FMul_maxdsp">   --->   Core 30 'FMul_maxdsp' <Latency = 1> <II = 1> <Delay = 3.88> <FuncUnit> <Opcode : 'fmul'> <InPorts = 2> <OutPorts = 1>
ST_18 : Operation 257 [1/1] (7.30ns)   --->   "%gmem0_addr_read_8 = read i32 @_ssdm_op_Read.m_axi.p1i32, i64 %gmem0_addr" [/home/simics/HMoE/HLS_HMoE/pseudo_block/run_3/src/pseudo_moe.cpp:98]   --->   Operation 257 'read' 'gmem0_addr_read_8' <Predicate = (!icmp_ln94)> <Delay = 7.30> <CoreInst = "m_axi">   --->   Core 121 'm_axi' <Latency = 0> <II = 1> <Delay = 1.00> <Adapter> <Opcode : 'read' 'write' 'readreq' 'writereq' 'writeresp'>
ST_18 : Operation 258 [1/1] (7.30ns)   --->   "%gmem1_addr_read_16 = read i32 @_ssdm_op_Read.m_axi.p1i32, i64 %gmem1_addr" [/home/simics/HMoE/HLS_HMoE/pseudo_block/run_3/src/pseudo_moe.cpp:98]   --->   Operation 258 'read' 'gmem1_addr_read_16' <Predicate = (!icmp_ln94)> <Delay = 7.30> <CoreInst = "m_axi">   --->   Core 121 'm_axi' <Latency = 0> <II = 1> <Delay = 1.00> <Adapter> <Opcode : 'read' 'write' 'readreq' 'writereq' 'writeresp'>

State 19 <SV = 18> <Delay = 7.30>
ST_19 : Operation 259 [2/2] (6.36ns)   --->   "%acc_4 = fadd i32 %acc_3, i32 %mul15_3" [/home/simics/HMoE/HLS_HMoE/pseudo_block/run_3/src/pseudo_moe.cpp:98]   --->   Operation 259 'fadd' 'acc_4' <Predicate = (!icmp_ln94)> <Delay = 6.36> <CoreInst = "FAddSub_fulldsp">   --->   Core 18 'FAddSub_fulldsp' <Latency = 1> <II = 1> <Delay = 6.04> <FuncUnit> <Opcode : 'fadd' 'fsub'> <InPorts = 2> <OutPorts = 1>
ST_19 : Operation 260 [1/2] (3.88ns)   --->   "%mul15_7 = fmul i32 %bitcast_ln98_14, i32 %bitcast_ln98_15" [/home/simics/HMoE/HLS_HMoE/pseudo_block/run_3/src/pseudo_moe.cpp:98]   --->   Operation 260 'fmul' 'mul15_7' <Predicate = (!icmp_ln94)> <Delay = 3.88> <CoreInst = "FMul_maxdsp">   --->   Core 30 'FMul_maxdsp' <Latency = 1> <II = 1> <Delay = 3.88> <FuncUnit> <Opcode : 'fmul'> <InPorts = 2> <OutPorts = 1>
ST_19 : Operation 261 [1/1] (0.00ns)   --->   "%bitcast_ln98_16 = bitcast i32 %gmem0_addr_read_8" [/home/simics/HMoE/HLS_HMoE/pseudo_block/run_3/src/pseudo_moe.cpp:98]   --->   Operation 261 'bitcast' 'bitcast_ln98_16' <Predicate = (!icmp_ln94)> <Delay = 0.00>
ST_19 : Operation 262 [1/1] (0.00ns)   --->   "%bitcast_ln98_17 = bitcast i32 %gmem1_addr_read_8" [/home/simics/HMoE/HLS_HMoE/pseudo_block/run_3/src/pseudo_moe.cpp:98]   --->   Operation 262 'bitcast' 'bitcast_ln98_17' <Predicate = (!icmp_ln94)> <Delay = 0.00>
ST_19 : Operation 263 [2/2] (4.20ns)   --->   "%mul15_8 = fmul i32 %bitcast_ln98_16, i32 %bitcast_ln98_17" [/home/simics/HMoE/HLS_HMoE/pseudo_block/run_3/src/pseudo_moe.cpp:98]   --->   Operation 263 'fmul' 'mul15_8' <Predicate = (!icmp_ln94)> <Delay = 4.20> <CoreInst = "FMul_maxdsp">   --->   Core 30 'FMul_maxdsp' <Latency = 1> <II = 1> <Delay = 3.88> <FuncUnit> <Opcode : 'fmul'> <InPorts = 2> <OutPorts = 1>
ST_19 : Operation 264 [1/1] (7.30ns)   --->   "%gmem0_addr_read_9 = read i32 @_ssdm_op_Read.m_axi.p1i32, i64 %gmem0_addr" [/home/simics/HMoE/HLS_HMoE/pseudo_block/run_3/src/pseudo_moe.cpp:98]   --->   Operation 264 'read' 'gmem0_addr_read_9' <Predicate = (!icmp_ln94)> <Delay = 7.30> <CoreInst = "m_axi">   --->   Core 121 'm_axi' <Latency = 0> <II = 1> <Delay = 1.00> <Adapter> <Opcode : 'read' 'write' 'readreq' 'writereq' 'writeresp'>
ST_19 : Operation 265 [1/1] (7.30ns)   --->   "%gmem1_addr_read_17 = read i32 @_ssdm_op_Read.m_axi.p1i32, i64 %gmem1_addr" [/home/simics/HMoE/HLS_HMoE/pseudo_block/run_3/src/pseudo_moe.cpp:98]   --->   Operation 265 'read' 'gmem1_addr_read_17' <Predicate = (!icmp_ln94)> <Delay = 7.30> <CoreInst = "m_axi">   --->   Core 121 'm_axi' <Latency = 0> <II = 1> <Delay = 1.00> <Adapter> <Opcode : 'read' 'write' 'readreq' 'writereq' 'writeresp'>

State 20 <SV = 19> <Delay = 7.30>
ST_20 : Operation 266 [1/2] (6.04ns)   --->   "%acc_4 = fadd i32 %acc_3, i32 %mul15_3" [/home/simics/HMoE/HLS_HMoE/pseudo_block/run_3/src/pseudo_moe.cpp:98]   --->   Operation 266 'fadd' 'acc_4' <Predicate = (!icmp_ln94)> <Delay = 6.04> <CoreInst = "FAddSub_fulldsp">   --->   Core 18 'FAddSub_fulldsp' <Latency = 1> <II = 1> <Delay = 6.04> <FuncUnit> <Opcode : 'fadd' 'fsub'> <InPorts = 2> <OutPorts = 1>
ST_20 : Operation 267 [1/2] (3.88ns)   --->   "%mul15_8 = fmul i32 %bitcast_ln98_16, i32 %bitcast_ln98_17" [/home/simics/HMoE/HLS_HMoE/pseudo_block/run_3/src/pseudo_moe.cpp:98]   --->   Operation 267 'fmul' 'mul15_8' <Predicate = (!icmp_ln94)> <Delay = 3.88> <CoreInst = "FMul_maxdsp">   --->   Core 30 'FMul_maxdsp' <Latency = 1> <II = 1> <Delay = 3.88> <FuncUnit> <Opcode : 'fmul'> <InPorts = 2> <OutPorts = 1>
ST_20 : Operation 268 [1/1] (0.00ns)   --->   "%bitcast_ln98_18 = bitcast i32 %gmem0_addr_read_9" [/home/simics/HMoE/HLS_HMoE/pseudo_block/run_3/src/pseudo_moe.cpp:98]   --->   Operation 268 'bitcast' 'bitcast_ln98_18' <Predicate = (!icmp_ln94)> <Delay = 0.00>
ST_20 : Operation 269 [1/1] (0.00ns)   --->   "%bitcast_ln98_19 = bitcast i32 %gmem1_addr_read_9" [/home/simics/HMoE/HLS_HMoE/pseudo_block/run_3/src/pseudo_moe.cpp:98]   --->   Operation 269 'bitcast' 'bitcast_ln98_19' <Predicate = (!icmp_ln94)> <Delay = 0.00>
ST_20 : Operation 270 [2/2] (4.20ns)   --->   "%mul15_9 = fmul i32 %bitcast_ln98_18, i32 %bitcast_ln98_19" [/home/simics/HMoE/HLS_HMoE/pseudo_block/run_3/src/pseudo_moe.cpp:98]   --->   Operation 270 'fmul' 'mul15_9' <Predicate = (!icmp_ln94)> <Delay = 4.20> <CoreInst = "FMul_maxdsp">   --->   Core 30 'FMul_maxdsp' <Latency = 1> <II = 1> <Delay = 3.88> <FuncUnit> <Opcode : 'fmul'> <InPorts = 2> <OutPorts = 1>
ST_20 : Operation 271 [1/1] (7.30ns)   --->   "%gmem0_addr_read_10 = read i32 @_ssdm_op_Read.m_axi.p1i32, i64 %gmem0_addr" [/home/simics/HMoE/HLS_HMoE/pseudo_block/run_3/src/pseudo_moe.cpp:98]   --->   Operation 271 'read' 'gmem0_addr_read_10' <Predicate = (!icmp_ln94)> <Delay = 7.30> <CoreInst = "m_axi">   --->   Core 121 'm_axi' <Latency = 0> <II = 1> <Delay = 1.00> <Adapter> <Opcode : 'read' 'write' 'readreq' 'writereq' 'writeresp'>
ST_20 : Operation 272 [1/1] (7.30ns)   --->   "%gmem1_addr_read_18 = read i32 @_ssdm_op_Read.m_axi.p1i32, i64 %gmem1_addr" [/home/simics/HMoE/HLS_HMoE/pseudo_block/run_3/src/pseudo_moe.cpp:98]   --->   Operation 272 'read' 'gmem1_addr_read_18' <Predicate = (!icmp_ln94)> <Delay = 7.30> <CoreInst = "m_axi">   --->   Core 121 'm_axi' <Latency = 0> <II = 1> <Delay = 1.00> <Adapter> <Opcode : 'read' 'write' 'readreq' 'writereq' 'writeresp'>

State 21 <SV = 20> <Delay = 7.30>
ST_21 : Operation 273 [2/2] (6.36ns)   --->   "%acc_5 = fadd i32 %acc_4, i32 %mul15_4" [/home/simics/HMoE/HLS_HMoE/pseudo_block/run_3/src/pseudo_moe.cpp:98]   --->   Operation 273 'fadd' 'acc_5' <Predicate = (!icmp_ln94)> <Delay = 6.36> <CoreInst = "FAddSub_fulldsp">   --->   Core 18 'FAddSub_fulldsp' <Latency = 1> <II = 1> <Delay = 6.04> <FuncUnit> <Opcode : 'fadd' 'fsub'> <InPorts = 2> <OutPorts = 1>
ST_21 : Operation 274 [1/2] (3.88ns)   --->   "%mul15_9 = fmul i32 %bitcast_ln98_18, i32 %bitcast_ln98_19" [/home/simics/HMoE/HLS_HMoE/pseudo_block/run_3/src/pseudo_moe.cpp:98]   --->   Operation 274 'fmul' 'mul15_9' <Predicate = (!icmp_ln94)> <Delay = 3.88> <CoreInst = "FMul_maxdsp">   --->   Core 30 'FMul_maxdsp' <Latency = 1> <II = 1> <Delay = 3.88> <FuncUnit> <Opcode : 'fmul'> <InPorts = 2> <OutPorts = 1>
ST_21 : Operation 275 [1/1] (0.00ns)   --->   "%bitcast_ln98_20 = bitcast i32 %gmem0_addr_read_10" [/home/simics/HMoE/HLS_HMoE/pseudo_block/run_3/src/pseudo_moe.cpp:98]   --->   Operation 275 'bitcast' 'bitcast_ln98_20' <Predicate = (!icmp_ln94)> <Delay = 0.00>
ST_21 : Operation 276 [1/1] (0.00ns)   --->   "%bitcast_ln98_21 = bitcast i32 %gmem1_addr_read_10" [/home/simics/HMoE/HLS_HMoE/pseudo_block/run_3/src/pseudo_moe.cpp:98]   --->   Operation 276 'bitcast' 'bitcast_ln98_21' <Predicate = (!icmp_ln94)> <Delay = 0.00>
ST_21 : Operation 277 [2/2] (4.20ns)   --->   "%mul15_s = fmul i32 %bitcast_ln98_20, i32 %bitcast_ln98_21" [/home/simics/HMoE/HLS_HMoE/pseudo_block/run_3/src/pseudo_moe.cpp:98]   --->   Operation 277 'fmul' 'mul15_s' <Predicate = (!icmp_ln94)> <Delay = 4.20> <CoreInst = "FMul_maxdsp">   --->   Core 30 'FMul_maxdsp' <Latency = 1> <II = 1> <Delay = 3.88> <FuncUnit> <Opcode : 'fmul'> <InPorts = 2> <OutPorts = 1>
ST_21 : Operation 278 [1/1] (7.30ns)   --->   "%gmem0_addr_read_11 = read i32 @_ssdm_op_Read.m_axi.p1i32, i64 %gmem0_addr" [/home/simics/HMoE/HLS_HMoE/pseudo_block/run_3/src/pseudo_moe.cpp:98]   --->   Operation 278 'read' 'gmem0_addr_read_11' <Predicate = (!icmp_ln94)> <Delay = 7.30> <CoreInst = "m_axi">   --->   Core 121 'm_axi' <Latency = 0> <II = 1> <Delay = 1.00> <Adapter> <Opcode : 'read' 'write' 'readreq' 'writereq' 'writeresp'>
ST_21 : Operation 279 [1/1] (7.30ns)   --->   "%gmem1_addr_read_19 = read i32 @_ssdm_op_Read.m_axi.p1i32, i64 %gmem1_addr" [/home/simics/HMoE/HLS_HMoE/pseudo_block/run_3/src/pseudo_moe.cpp:98]   --->   Operation 279 'read' 'gmem1_addr_read_19' <Predicate = (!icmp_ln94)> <Delay = 7.30> <CoreInst = "m_axi">   --->   Core 121 'm_axi' <Latency = 0> <II = 1> <Delay = 1.00> <Adapter> <Opcode : 'read' 'write' 'readreq' 'writereq' 'writeresp'>

State 22 <SV = 21> <Delay = 7.30>
ST_22 : Operation 280 [1/2] (6.04ns)   --->   "%acc_5 = fadd i32 %acc_4, i32 %mul15_4" [/home/simics/HMoE/HLS_HMoE/pseudo_block/run_3/src/pseudo_moe.cpp:98]   --->   Operation 280 'fadd' 'acc_5' <Predicate = (!icmp_ln94)> <Delay = 6.04> <CoreInst = "FAddSub_fulldsp">   --->   Core 18 'FAddSub_fulldsp' <Latency = 1> <II = 1> <Delay = 6.04> <FuncUnit> <Opcode : 'fadd' 'fsub'> <InPorts = 2> <OutPorts = 1>
ST_22 : Operation 281 [1/2] (3.88ns)   --->   "%mul15_s = fmul i32 %bitcast_ln98_20, i32 %bitcast_ln98_21" [/home/simics/HMoE/HLS_HMoE/pseudo_block/run_3/src/pseudo_moe.cpp:98]   --->   Operation 281 'fmul' 'mul15_s' <Predicate = (!icmp_ln94)> <Delay = 3.88> <CoreInst = "FMul_maxdsp">   --->   Core 30 'FMul_maxdsp' <Latency = 1> <II = 1> <Delay = 3.88> <FuncUnit> <Opcode : 'fmul'> <InPorts = 2> <OutPorts = 1>
ST_22 : Operation 282 [1/1] (0.00ns)   --->   "%bitcast_ln98_22 = bitcast i32 %gmem0_addr_read_11" [/home/simics/HMoE/HLS_HMoE/pseudo_block/run_3/src/pseudo_moe.cpp:98]   --->   Operation 282 'bitcast' 'bitcast_ln98_22' <Predicate = (!icmp_ln94)> <Delay = 0.00>
ST_22 : Operation 283 [1/1] (0.00ns)   --->   "%bitcast_ln98_23 = bitcast i32 %gmem1_addr_read_11" [/home/simics/HMoE/HLS_HMoE/pseudo_block/run_3/src/pseudo_moe.cpp:98]   --->   Operation 283 'bitcast' 'bitcast_ln98_23' <Predicate = (!icmp_ln94)> <Delay = 0.00>
ST_22 : Operation 284 [2/2] (4.20ns)   --->   "%mul15_10 = fmul i32 %bitcast_ln98_22, i32 %bitcast_ln98_23" [/home/simics/HMoE/HLS_HMoE/pseudo_block/run_3/src/pseudo_moe.cpp:98]   --->   Operation 284 'fmul' 'mul15_10' <Predicate = (!icmp_ln94)> <Delay = 4.20> <CoreInst = "FMul_maxdsp">   --->   Core 30 'FMul_maxdsp' <Latency = 1> <II = 1> <Delay = 3.88> <FuncUnit> <Opcode : 'fmul'> <InPorts = 2> <OutPorts = 1>
ST_22 : Operation 285 [1/1] (7.30ns)   --->   "%gmem0_addr_read_12 = read i32 @_ssdm_op_Read.m_axi.p1i32, i64 %gmem0_addr" [/home/simics/HMoE/HLS_HMoE/pseudo_block/run_3/src/pseudo_moe.cpp:98]   --->   Operation 285 'read' 'gmem0_addr_read_12' <Predicate = (!icmp_ln94)> <Delay = 7.30> <CoreInst = "m_axi">   --->   Core 121 'm_axi' <Latency = 0> <II = 1> <Delay = 1.00> <Adapter> <Opcode : 'read' 'write' 'readreq' 'writereq' 'writeresp'>
ST_22 : Operation 286 [1/1] (7.30ns)   --->   "%gmem1_addr_read_20 = read i32 @_ssdm_op_Read.m_axi.p1i32, i64 %gmem1_addr" [/home/simics/HMoE/HLS_HMoE/pseudo_block/run_3/src/pseudo_moe.cpp:98]   --->   Operation 286 'read' 'gmem1_addr_read_20' <Predicate = (!icmp_ln94)> <Delay = 7.30> <CoreInst = "m_axi">   --->   Core 121 'm_axi' <Latency = 0> <II = 1> <Delay = 1.00> <Adapter> <Opcode : 'read' 'write' 'readreq' 'writereq' 'writeresp'>

State 23 <SV = 22> <Delay = 7.30>
ST_23 : Operation 287 [2/2] (6.36ns)   --->   "%acc_6 = fadd i32 %acc_5, i32 %mul15_5" [/home/simics/HMoE/HLS_HMoE/pseudo_block/run_3/src/pseudo_moe.cpp:98]   --->   Operation 287 'fadd' 'acc_6' <Predicate = (!icmp_ln94)> <Delay = 6.36> <CoreInst = "FAddSub_fulldsp">   --->   Core 18 'FAddSub_fulldsp' <Latency = 1> <II = 1> <Delay = 6.04> <FuncUnit> <Opcode : 'fadd' 'fsub'> <InPorts = 2> <OutPorts = 1>
ST_23 : Operation 288 [1/2] (3.88ns)   --->   "%mul15_10 = fmul i32 %bitcast_ln98_22, i32 %bitcast_ln98_23" [/home/simics/HMoE/HLS_HMoE/pseudo_block/run_3/src/pseudo_moe.cpp:98]   --->   Operation 288 'fmul' 'mul15_10' <Predicate = (!icmp_ln94)> <Delay = 3.88> <CoreInst = "FMul_maxdsp">   --->   Core 30 'FMul_maxdsp' <Latency = 1> <II = 1> <Delay = 3.88> <FuncUnit> <Opcode : 'fmul'> <InPorts = 2> <OutPorts = 1>
ST_23 : Operation 289 [1/1] (0.00ns)   --->   "%bitcast_ln98_24 = bitcast i32 %gmem0_addr_read_12" [/home/simics/HMoE/HLS_HMoE/pseudo_block/run_3/src/pseudo_moe.cpp:98]   --->   Operation 289 'bitcast' 'bitcast_ln98_24' <Predicate = (!icmp_ln94)> <Delay = 0.00>
ST_23 : Operation 290 [1/1] (0.00ns)   --->   "%bitcast_ln98_25 = bitcast i32 %gmem1_addr_read_12" [/home/simics/HMoE/HLS_HMoE/pseudo_block/run_3/src/pseudo_moe.cpp:98]   --->   Operation 290 'bitcast' 'bitcast_ln98_25' <Predicate = (!icmp_ln94)> <Delay = 0.00>
ST_23 : Operation 291 [2/2] (4.20ns)   --->   "%mul15_11 = fmul i32 %bitcast_ln98_24, i32 %bitcast_ln98_25" [/home/simics/HMoE/HLS_HMoE/pseudo_block/run_3/src/pseudo_moe.cpp:98]   --->   Operation 291 'fmul' 'mul15_11' <Predicate = (!icmp_ln94)> <Delay = 4.20> <CoreInst = "FMul_maxdsp">   --->   Core 30 'FMul_maxdsp' <Latency = 1> <II = 1> <Delay = 3.88> <FuncUnit> <Opcode : 'fmul'> <InPorts = 2> <OutPorts = 1>
ST_23 : Operation 292 [1/1] (7.30ns)   --->   "%gmem0_addr_read_13 = read i32 @_ssdm_op_Read.m_axi.p1i32, i64 %gmem0_addr" [/home/simics/HMoE/HLS_HMoE/pseudo_block/run_3/src/pseudo_moe.cpp:98]   --->   Operation 292 'read' 'gmem0_addr_read_13' <Predicate = (!icmp_ln94)> <Delay = 7.30> <CoreInst = "m_axi">   --->   Core 121 'm_axi' <Latency = 0> <II = 1> <Delay = 1.00> <Adapter> <Opcode : 'read' 'write' 'readreq' 'writereq' 'writeresp'>
ST_23 : Operation 293 [1/1] (7.30ns)   --->   "%gmem1_addr_read_21 = read i32 @_ssdm_op_Read.m_axi.p1i32, i64 %gmem1_addr" [/home/simics/HMoE/HLS_HMoE/pseudo_block/run_3/src/pseudo_moe.cpp:98]   --->   Operation 293 'read' 'gmem1_addr_read_21' <Predicate = (!icmp_ln94)> <Delay = 7.30> <CoreInst = "m_axi">   --->   Core 121 'm_axi' <Latency = 0> <II = 1> <Delay = 1.00> <Adapter> <Opcode : 'read' 'write' 'readreq' 'writereq' 'writeresp'>

State 24 <SV = 23> <Delay = 7.30>
ST_24 : Operation 294 [1/2] (6.04ns)   --->   "%acc_6 = fadd i32 %acc_5, i32 %mul15_5" [/home/simics/HMoE/HLS_HMoE/pseudo_block/run_3/src/pseudo_moe.cpp:98]   --->   Operation 294 'fadd' 'acc_6' <Predicate = (!icmp_ln94)> <Delay = 6.04> <CoreInst = "FAddSub_fulldsp">   --->   Core 18 'FAddSub_fulldsp' <Latency = 1> <II = 1> <Delay = 6.04> <FuncUnit> <Opcode : 'fadd' 'fsub'> <InPorts = 2> <OutPorts = 1>
ST_24 : Operation 295 [1/2] (3.88ns)   --->   "%mul15_11 = fmul i32 %bitcast_ln98_24, i32 %bitcast_ln98_25" [/home/simics/HMoE/HLS_HMoE/pseudo_block/run_3/src/pseudo_moe.cpp:98]   --->   Operation 295 'fmul' 'mul15_11' <Predicate = (!icmp_ln94)> <Delay = 3.88> <CoreInst = "FMul_maxdsp">   --->   Core 30 'FMul_maxdsp' <Latency = 1> <II = 1> <Delay = 3.88> <FuncUnit> <Opcode : 'fmul'> <InPorts = 2> <OutPorts = 1>
ST_24 : Operation 296 [1/1] (0.00ns)   --->   "%bitcast_ln98_26 = bitcast i32 %gmem0_addr_read_13" [/home/simics/HMoE/HLS_HMoE/pseudo_block/run_3/src/pseudo_moe.cpp:98]   --->   Operation 296 'bitcast' 'bitcast_ln98_26' <Predicate = (!icmp_ln94)> <Delay = 0.00>
ST_24 : Operation 297 [1/1] (0.00ns)   --->   "%bitcast_ln98_27 = bitcast i32 %gmem1_addr_read_13" [/home/simics/HMoE/HLS_HMoE/pseudo_block/run_3/src/pseudo_moe.cpp:98]   --->   Operation 297 'bitcast' 'bitcast_ln98_27' <Predicate = (!icmp_ln94)> <Delay = 0.00>
ST_24 : Operation 298 [2/2] (4.20ns)   --->   "%mul15_12 = fmul i32 %bitcast_ln98_26, i32 %bitcast_ln98_27" [/home/simics/HMoE/HLS_HMoE/pseudo_block/run_3/src/pseudo_moe.cpp:98]   --->   Operation 298 'fmul' 'mul15_12' <Predicate = (!icmp_ln94)> <Delay = 4.20> <CoreInst = "FMul_maxdsp">   --->   Core 30 'FMul_maxdsp' <Latency = 1> <II = 1> <Delay = 3.88> <FuncUnit> <Opcode : 'fmul'> <InPorts = 2> <OutPorts = 1>
ST_24 : Operation 299 [1/1] (7.30ns)   --->   "%gmem0_addr_read_14 = read i32 @_ssdm_op_Read.m_axi.p1i32, i64 %gmem0_addr" [/home/simics/HMoE/HLS_HMoE/pseudo_block/run_3/src/pseudo_moe.cpp:98]   --->   Operation 299 'read' 'gmem0_addr_read_14' <Predicate = (!icmp_ln94)> <Delay = 7.30> <CoreInst = "m_axi">   --->   Core 121 'm_axi' <Latency = 0> <II = 1> <Delay = 1.00> <Adapter> <Opcode : 'read' 'write' 'readreq' 'writereq' 'writeresp'>
ST_24 : Operation 300 [1/1] (7.30ns)   --->   "%gmem1_addr_read_22 = read i32 @_ssdm_op_Read.m_axi.p1i32, i64 %gmem1_addr" [/home/simics/HMoE/HLS_HMoE/pseudo_block/run_3/src/pseudo_moe.cpp:98]   --->   Operation 300 'read' 'gmem1_addr_read_22' <Predicate = (!icmp_ln94)> <Delay = 7.30> <CoreInst = "m_axi">   --->   Core 121 'm_axi' <Latency = 0> <II = 1> <Delay = 1.00> <Adapter> <Opcode : 'read' 'write' 'readreq' 'writereq' 'writeresp'>

State 25 <SV = 24> <Delay = 7.30>
ST_25 : Operation 301 [2/2] (6.36ns)   --->   "%acc_7 = fadd i32 %acc_6, i32 %mul15_6" [/home/simics/HMoE/HLS_HMoE/pseudo_block/run_3/src/pseudo_moe.cpp:98]   --->   Operation 301 'fadd' 'acc_7' <Predicate = (!icmp_ln94)> <Delay = 6.36> <CoreInst = "FAddSub_fulldsp">   --->   Core 18 'FAddSub_fulldsp' <Latency = 1> <II = 1> <Delay = 6.04> <FuncUnit> <Opcode : 'fadd' 'fsub'> <InPorts = 2> <OutPorts = 1>
ST_25 : Operation 302 [1/2] (3.88ns)   --->   "%mul15_12 = fmul i32 %bitcast_ln98_26, i32 %bitcast_ln98_27" [/home/simics/HMoE/HLS_HMoE/pseudo_block/run_3/src/pseudo_moe.cpp:98]   --->   Operation 302 'fmul' 'mul15_12' <Predicate = (!icmp_ln94)> <Delay = 3.88> <CoreInst = "FMul_maxdsp">   --->   Core 30 'FMul_maxdsp' <Latency = 1> <II = 1> <Delay = 3.88> <FuncUnit> <Opcode : 'fmul'> <InPorts = 2> <OutPorts = 1>
ST_25 : Operation 303 [1/1] (0.00ns)   --->   "%bitcast_ln98_28 = bitcast i32 %gmem0_addr_read_14" [/home/simics/HMoE/HLS_HMoE/pseudo_block/run_3/src/pseudo_moe.cpp:98]   --->   Operation 303 'bitcast' 'bitcast_ln98_28' <Predicate = (!icmp_ln94)> <Delay = 0.00>
ST_25 : Operation 304 [1/1] (0.00ns)   --->   "%bitcast_ln98_29 = bitcast i32 %gmem1_addr_read_14" [/home/simics/HMoE/HLS_HMoE/pseudo_block/run_3/src/pseudo_moe.cpp:98]   --->   Operation 304 'bitcast' 'bitcast_ln98_29' <Predicate = (!icmp_ln94)> <Delay = 0.00>
ST_25 : Operation 305 [2/2] (4.20ns)   --->   "%mul15_13 = fmul i32 %bitcast_ln98_28, i32 %bitcast_ln98_29" [/home/simics/HMoE/HLS_HMoE/pseudo_block/run_3/src/pseudo_moe.cpp:98]   --->   Operation 305 'fmul' 'mul15_13' <Predicate = (!icmp_ln94)> <Delay = 4.20> <CoreInst = "FMul_maxdsp">   --->   Core 30 'FMul_maxdsp' <Latency = 1> <II = 1> <Delay = 3.88> <FuncUnit> <Opcode : 'fmul'> <InPorts = 2> <OutPorts = 1>
ST_25 : Operation 306 [1/1] (7.30ns)   --->   "%gmem0_addr_read_15 = read i32 @_ssdm_op_Read.m_axi.p1i32, i64 %gmem0_addr" [/home/simics/HMoE/HLS_HMoE/pseudo_block/run_3/src/pseudo_moe.cpp:98]   --->   Operation 306 'read' 'gmem0_addr_read_15' <Predicate = (!icmp_ln94)> <Delay = 7.30> <CoreInst = "m_axi">   --->   Core 121 'm_axi' <Latency = 0> <II = 1> <Delay = 1.00> <Adapter> <Opcode : 'read' 'write' 'readreq' 'writereq' 'writeresp'>
ST_25 : Operation 307 [1/1] (7.30ns)   --->   "%gmem1_addr_read_23 = read i32 @_ssdm_op_Read.m_axi.p1i32, i64 %gmem1_addr" [/home/simics/HMoE/HLS_HMoE/pseudo_block/run_3/src/pseudo_moe.cpp:98]   --->   Operation 307 'read' 'gmem1_addr_read_23' <Predicate = (!icmp_ln94)> <Delay = 7.30> <CoreInst = "m_axi">   --->   Core 121 'm_axi' <Latency = 0> <II = 1> <Delay = 1.00> <Adapter> <Opcode : 'read' 'write' 'readreq' 'writereq' 'writeresp'>

State 26 <SV = 25> <Delay = 7.30>
ST_26 : Operation 308 [1/2] (6.04ns)   --->   "%acc_7 = fadd i32 %acc_6, i32 %mul15_6" [/home/simics/HMoE/HLS_HMoE/pseudo_block/run_3/src/pseudo_moe.cpp:98]   --->   Operation 308 'fadd' 'acc_7' <Predicate = (!icmp_ln94)> <Delay = 6.04> <CoreInst = "FAddSub_fulldsp">   --->   Core 18 'FAddSub_fulldsp' <Latency = 1> <II = 1> <Delay = 6.04> <FuncUnit> <Opcode : 'fadd' 'fsub'> <InPorts = 2> <OutPorts = 1>
ST_26 : Operation 309 [1/2] (3.88ns)   --->   "%mul15_13 = fmul i32 %bitcast_ln98_28, i32 %bitcast_ln98_29" [/home/simics/HMoE/HLS_HMoE/pseudo_block/run_3/src/pseudo_moe.cpp:98]   --->   Operation 309 'fmul' 'mul15_13' <Predicate = (!icmp_ln94)> <Delay = 3.88> <CoreInst = "FMul_maxdsp">   --->   Core 30 'FMul_maxdsp' <Latency = 1> <II = 1> <Delay = 3.88> <FuncUnit> <Opcode : 'fmul'> <InPorts = 2> <OutPorts = 1>
ST_26 : Operation 310 [1/1] (0.00ns)   --->   "%bitcast_ln98_30 = bitcast i32 %gmem0_addr_read_15" [/home/simics/HMoE/HLS_HMoE/pseudo_block/run_3/src/pseudo_moe.cpp:98]   --->   Operation 310 'bitcast' 'bitcast_ln98_30' <Predicate = (!icmp_ln94)> <Delay = 0.00>
ST_26 : Operation 311 [1/1] (0.00ns)   --->   "%bitcast_ln98_31 = bitcast i32 %gmem1_addr_read_15" [/home/simics/HMoE/HLS_HMoE/pseudo_block/run_3/src/pseudo_moe.cpp:98]   --->   Operation 311 'bitcast' 'bitcast_ln98_31' <Predicate = (!icmp_ln94)> <Delay = 0.00>
ST_26 : Operation 312 [2/2] (4.20ns)   --->   "%mul15_14 = fmul i32 %bitcast_ln98_30, i32 %bitcast_ln98_31" [/home/simics/HMoE/HLS_HMoE/pseudo_block/run_3/src/pseudo_moe.cpp:98]   --->   Operation 312 'fmul' 'mul15_14' <Predicate = (!icmp_ln94)> <Delay = 4.20> <CoreInst = "FMul_maxdsp">   --->   Core 30 'FMul_maxdsp' <Latency = 1> <II = 1> <Delay = 3.88> <FuncUnit> <Opcode : 'fmul'> <InPorts = 2> <OutPorts = 1>
ST_26 : Operation 313 [1/1] (7.30ns)   --->   "%gmem0_addr_read_16 = read i32 @_ssdm_op_Read.m_axi.p1i32, i64 %gmem0_addr" [/home/simics/HMoE/HLS_HMoE/pseudo_block/run_3/src/pseudo_moe.cpp:98]   --->   Operation 313 'read' 'gmem0_addr_read_16' <Predicate = (!icmp_ln94)> <Delay = 7.30> <CoreInst = "m_axi">   --->   Core 121 'm_axi' <Latency = 0> <II = 1> <Delay = 1.00> <Adapter> <Opcode : 'read' 'write' 'readreq' 'writereq' 'writeresp'>
ST_26 : Operation 314 [1/1] (7.30ns)   --->   "%gmem1_addr_read_24 = read i32 @_ssdm_op_Read.m_axi.p1i32, i64 %gmem1_addr" [/home/simics/HMoE/HLS_HMoE/pseudo_block/run_3/src/pseudo_moe.cpp:98]   --->   Operation 314 'read' 'gmem1_addr_read_24' <Predicate = (!icmp_ln94)> <Delay = 7.30> <CoreInst = "m_axi">   --->   Core 121 'm_axi' <Latency = 0> <II = 1> <Delay = 1.00> <Adapter> <Opcode : 'read' 'write' 'readreq' 'writereq' 'writeresp'>

State 27 <SV = 26> <Delay = 7.30>
ST_27 : Operation 315 [2/2] (6.36ns)   --->   "%acc_8 = fadd i32 %acc_7, i32 %mul15_7" [/home/simics/HMoE/HLS_HMoE/pseudo_block/run_3/src/pseudo_moe.cpp:98]   --->   Operation 315 'fadd' 'acc_8' <Predicate = (!icmp_ln94)> <Delay = 6.36> <CoreInst = "FAddSub_fulldsp">   --->   Core 18 'FAddSub_fulldsp' <Latency = 1> <II = 1> <Delay = 6.04> <FuncUnit> <Opcode : 'fadd' 'fsub'> <InPorts = 2> <OutPorts = 1>
ST_27 : Operation 316 [1/2] (3.88ns)   --->   "%mul15_14 = fmul i32 %bitcast_ln98_30, i32 %bitcast_ln98_31" [/home/simics/HMoE/HLS_HMoE/pseudo_block/run_3/src/pseudo_moe.cpp:98]   --->   Operation 316 'fmul' 'mul15_14' <Predicate = (!icmp_ln94)> <Delay = 3.88> <CoreInst = "FMul_maxdsp">   --->   Core 30 'FMul_maxdsp' <Latency = 1> <II = 1> <Delay = 3.88> <FuncUnit> <Opcode : 'fmul'> <InPorts = 2> <OutPorts = 1>
ST_27 : Operation 317 [1/1] (0.00ns)   --->   "%bitcast_ln98_32 = bitcast i32 %gmem0_addr_read_16" [/home/simics/HMoE/HLS_HMoE/pseudo_block/run_3/src/pseudo_moe.cpp:98]   --->   Operation 317 'bitcast' 'bitcast_ln98_32' <Predicate = (!icmp_ln94)> <Delay = 0.00>
ST_27 : Operation 318 [1/1] (0.00ns)   --->   "%bitcast_ln98_33 = bitcast i32 %gmem1_addr_read_16" [/home/simics/HMoE/HLS_HMoE/pseudo_block/run_3/src/pseudo_moe.cpp:98]   --->   Operation 318 'bitcast' 'bitcast_ln98_33' <Predicate = (!icmp_ln94)> <Delay = 0.00>
ST_27 : Operation 319 [2/2] (4.20ns)   --->   "%mul15_15 = fmul i32 %bitcast_ln98_32, i32 %bitcast_ln98_33" [/home/simics/HMoE/HLS_HMoE/pseudo_block/run_3/src/pseudo_moe.cpp:98]   --->   Operation 319 'fmul' 'mul15_15' <Predicate = (!icmp_ln94)> <Delay = 4.20> <CoreInst = "FMul_maxdsp">   --->   Core 30 'FMul_maxdsp' <Latency = 1> <II = 1> <Delay = 3.88> <FuncUnit> <Opcode : 'fmul'> <InPorts = 2> <OutPorts = 1>
ST_27 : Operation 320 [1/1] (7.30ns)   --->   "%gmem0_addr_read_17 = read i32 @_ssdm_op_Read.m_axi.p1i32, i64 %gmem0_addr" [/home/simics/HMoE/HLS_HMoE/pseudo_block/run_3/src/pseudo_moe.cpp:98]   --->   Operation 320 'read' 'gmem0_addr_read_17' <Predicate = (!icmp_ln94)> <Delay = 7.30> <CoreInst = "m_axi">   --->   Core 121 'm_axi' <Latency = 0> <II = 1> <Delay = 1.00> <Adapter> <Opcode : 'read' 'write' 'readreq' 'writereq' 'writeresp'>
ST_27 : Operation 321 [1/1] (7.30ns)   --->   "%gmem1_addr_read_25 = read i32 @_ssdm_op_Read.m_axi.p1i32, i64 %gmem1_addr" [/home/simics/HMoE/HLS_HMoE/pseudo_block/run_3/src/pseudo_moe.cpp:98]   --->   Operation 321 'read' 'gmem1_addr_read_25' <Predicate = (!icmp_ln94)> <Delay = 7.30> <CoreInst = "m_axi">   --->   Core 121 'm_axi' <Latency = 0> <II = 1> <Delay = 1.00> <Adapter> <Opcode : 'read' 'write' 'readreq' 'writereq' 'writeresp'>

State 28 <SV = 27> <Delay = 7.30>
ST_28 : Operation 322 [1/2] (6.04ns)   --->   "%acc_8 = fadd i32 %acc_7, i32 %mul15_7" [/home/simics/HMoE/HLS_HMoE/pseudo_block/run_3/src/pseudo_moe.cpp:98]   --->   Operation 322 'fadd' 'acc_8' <Predicate = (!icmp_ln94)> <Delay = 6.04> <CoreInst = "FAddSub_fulldsp">   --->   Core 18 'FAddSub_fulldsp' <Latency = 1> <II = 1> <Delay = 6.04> <FuncUnit> <Opcode : 'fadd' 'fsub'> <InPorts = 2> <OutPorts = 1>
ST_28 : Operation 323 [1/2] (3.88ns)   --->   "%mul15_15 = fmul i32 %bitcast_ln98_32, i32 %bitcast_ln98_33" [/home/simics/HMoE/HLS_HMoE/pseudo_block/run_3/src/pseudo_moe.cpp:98]   --->   Operation 323 'fmul' 'mul15_15' <Predicate = (!icmp_ln94)> <Delay = 3.88> <CoreInst = "FMul_maxdsp">   --->   Core 30 'FMul_maxdsp' <Latency = 1> <II = 1> <Delay = 3.88> <FuncUnit> <Opcode : 'fmul'> <InPorts = 2> <OutPorts = 1>
ST_28 : Operation 324 [1/1] (0.00ns)   --->   "%bitcast_ln98_34 = bitcast i32 %gmem0_addr_read_17" [/home/simics/HMoE/HLS_HMoE/pseudo_block/run_3/src/pseudo_moe.cpp:98]   --->   Operation 324 'bitcast' 'bitcast_ln98_34' <Predicate = (!icmp_ln94)> <Delay = 0.00>
ST_28 : Operation 325 [1/1] (0.00ns)   --->   "%bitcast_ln98_35 = bitcast i32 %gmem1_addr_read_17" [/home/simics/HMoE/HLS_HMoE/pseudo_block/run_3/src/pseudo_moe.cpp:98]   --->   Operation 325 'bitcast' 'bitcast_ln98_35' <Predicate = (!icmp_ln94)> <Delay = 0.00>
ST_28 : Operation 326 [2/2] (4.20ns)   --->   "%mul15_16 = fmul i32 %bitcast_ln98_34, i32 %bitcast_ln98_35" [/home/simics/HMoE/HLS_HMoE/pseudo_block/run_3/src/pseudo_moe.cpp:98]   --->   Operation 326 'fmul' 'mul15_16' <Predicate = (!icmp_ln94)> <Delay = 4.20> <CoreInst = "FMul_maxdsp">   --->   Core 30 'FMul_maxdsp' <Latency = 1> <II = 1> <Delay = 3.88> <FuncUnit> <Opcode : 'fmul'> <InPorts = 2> <OutPorts = 1>
ST_28 : Operation 327 [1/1] (7.30ns)   --->   "%gmem0_addr_read_18 = read i32 @_ssdm_op_Read.m_axi.p1i32, i64 %gmem0_addr" [/home/simics/HMoE/HLS_HMoE/pseudo_block/run_3/src/pseudo_moe.cpp:98]   --->   Operation 327 'read' 'gmem0_addr_read_18' <Predicate = (!icmp_ln94)> <Delay = 7.30> <CoreInst = "m_axi">   --->   Core 121 'm_axi' <Latency = 0> <II = 1> <Delay = 1.00> <Adapter> <Opcode : 'read' 'write' 'readreq' 'writereq' 'writeresp'>
ST_28 : Operation 328 [1/1] (7.30ns)   --->   "%gmem1_addr_read_26 = read i32 @_ssdm_op_Read.m_axi.p1i32, i64 %gmem1_addr" [/home/simics/HMoE/HLS_HMoE/pseudo_block/run_3/src/pseudo_moe.cpp:98]   --->   Operation 328 'read' 'gmem1_addr_read_26' <Predicate = (!icmp_ln94)> <Delay = 7.30> <CoreInst = "m_axi">   --->   Core 121 'm_axi' <Latency = 0> <II = 1> <Delay = 1.00> <Adapter> <Opcode : 'read' 'write' 'readreq' 'writereq' 'writeresp'>

State 29 <SV = 28> <Delay = 7.30>
ST_29 : Operation 329 [2/2] (6.36ns)   --->   "%acc_9 = fadd i32 %acc_8, i32 %mul15_8" [/home/simics/HMoE/HLS_HMoE/pseudo_block/run_3/src/pseudo_moe.cpp:98]   --->   Operation 329 'fadd' 'acc_9' <Predicate = (!icmp_ln94)> <Delay = 6.36> <CoreInst = "FAddSub_fulldsp">   --->   Core 18 'FAddSub_fulldsp' <Latency = 1> <II = 1> <Delay = 6.04> <FuncUnit> <Opcode : 'fadd' 'fsub'> <InPorts = 2> <OutPorts = 1>
ST_29 : Operation 330 [1/2] (3.88ns)   --->   "%mul15_16 = fmul i32 %bitcast_ln98_34, i32 %bitcast_ln98_35" [/home/simics/HMoE/HLS_HMoE/pseudo_block/run_3/src/pseudo_moe.cpp:98]   --->   Operation 330 'fmul' 'mul15_16' <Predicate = (!icmp_ln94)> <Delay = 3.88> <CoreInst = "FMul_maxdsp">   --->   Core 30 'FMul_maxdsp' <Latency = 1> <II = 1> <Delay = 3.88> <FuncUnit> <Opcode : 'fmul'> <InPorts = 2> <OutPorts = 1>
ST_29 : Operation 331 [1/1] (0.00ns)   --->   "%bitcast_ln98_36 = bitcast i32 %gmem0_addr_read_18" [/home/simics/HMoE/HLS_HMoE/pseudo_block/run_3/src/pseudo_moe.cpp:98]   --->   Operation 331 'bitcast' 'bitcast_ln98_36' <Predicate = (!icmp_ln94)> <Delay = 0.00>
ST_29 : Operation 332 [1/1] (0.00ns)   --->   "%bitcast_ln98_37 = bitcast i32 %gmem1_addr_read_18" [/home/simics/HMoE/HLS_HMoE/pseudo_block/run_3/src/pseudo_moe.cpp:98]   --->   Operation 332 'bitcast' 'bitcast_ln98_37' <Predicate = (!icmp_ln94)> <Delay = 0.00>
ST_29 : Operation 333 [2/2] (4.20ns)   --->   "%mul15_17 = fmul i32 %bitcast_ln98_36, i32 %bitcast_ln98_37" [/home/simics/HMoE/HLS_HMoE/pseudo_block/run_3/src/pseudo_moe.cpp:98]   --->   Operation 333 'fmul' 'mul15_17' <Predicate = (!icmp_ln94)> <Delay = 4.20> <CoreInst = "FMul_maxdsp">   --->   Core 30 'FMul_maxdsp' <Latency = 1> <II = 1> <Delay = 3.88> <FuncUnit> <Opcode : 'fmul'> <InPorts = 2> <OutPorts = 1>
ST_29 : Operation 334 [1/1] (7.30ns)   --->   "%gmem0_addr_read_19 = read i32 @_ssdm_op_Read.m_axi.p1i32, i64 %gmem0_addr" [/home/simics/HMoE/HLS_HMoE/pseudo_block/run_3/src/pseudo_moe.cpp:98]   --->   Operation 334 'read' 'gmem0_addr_read_19' <Predicate = (!icmp_ln94)> <Delay = 7.30> <CoreInst = "m_axi">   --->   Core 121 'm_axi' <Latency = 0> <II = 1> <Delay = 1.00> <Adapter> <Opcode : 'read' 'write' 'readreq' 'writereq' 'writeresp'>
ST_29 : Operation 335 [1/1] (7.30ns)   --->   "%gmem1_addr_read_27 = read i32 @_ssdm_op_Read.m_axi.p1i32, i64 %gmem1_addr" [/home/simics/HMoE/HLS_HMoE/pseudo_block/run_3/src/pseudo_moe.cpp:98]   --->   Operation 335 'read' 'gmem1_addr_read_27' <Predicate = (!icmp_ln94)> <Delay = 7.30> <CoreInst = "m_axi">   --->   Core 121 'm_axi' <Latency = 0> <II = 1> <Delay = 1.00> <Adapter> <Opcode : 'read' 'write' 'readreq' 'writereq' 'writeresp'>

State 30 <SV = 29> <Delay = 7.30>
ST_30 : Operation 336 [1/2] (6.04ns)   --->   "%acc_9 = fadd i32 %acc_8, i32 %mul15_8" [/home/simics/HMoE/HLS_HMoE/pseudo_block/run_3/src/pseudo_moe.cpp:98]   --->   Operation 336 'fadd' 'acc_9' <Predicate = (!icmp_ln94)> <Delay = 6.04> <CoreInst = "FAddSub_fulldsp">   --->   Core 18 'FAddSub_fulldsp' <Latency = 1> <II = 1> <Delay = 6.04> <FuncUnit> <Opcode : 'fadd' 'fsub'> <InPorts = 2> <OutPorts = 1>
ST_30 : Operation 337 [1/2] (3.88ns)   --->   "%mul15_17 = fmul i32 %bitcast_ln98_36, i32 %bitcast_ln98_37" [/home/simics/HMoE/HLS_HMoE/pseudo_block/run_3/src/pseudo_moe.cpp:98]   --->   Operation 337 'fmul' 'mul15_17' <Predicate = (!icmp_ln94)> <Delay = 3.88> <CoreInst = "FMul_maxdsp">   --->   Core 30 'FMul_maxdsp' <Latency = 1> <II = 1> <Delay = 3.88> <FuncUnit> <Opcode : 'fmul'> <InPorts = 2> <OutPorts = 1>
ST_30 : Operation 338 [1/1] (0.00ns)   --->   "%bitcast_ln98_38 = bitcast i32 %gmem0_addr_read_19" [/home/simics/HMoE/HLS_HMoE/pseudo_block/run_3/src/pseudo_moe.cpp:98]   --->   Operation 338 'bitcast' 'bitcast_ln98_38' <Predicate = (!icmp_ln94)> <Delay = 0.00>
ST_30 : Operation 339 [1/1] (0.00ns)   --->   "%bitcast_ln98_39 = bitcast i32 %gmem1_addr_read_19" [/home/simics/HMoE/HLS_HMoE/pseudo_block/run_3/src/pseudo_moe.cpp:98]   --->   Operation 339 'bitcast' 'bitcast_ln98_39' <Predicate = (!icmp_ln94)> <Delay = 0.00>
ST_30 : Operation 340 [2/2] (4.20ns)   --->   "%mul15_18 = fmul i32 %bitcast_ln98_38, i32 %bitcast_ln98_39" [/home/simics/HMoE/HLS_HMoE/pseudo_block/run_3/src/pseudo_moe.cpp:98]   --->   Operation 340 'fmul' 'mul15_18' <Predicate = (!icmp_ln94)> <Delay = 4.20> <CoreInst = "FMul_maxdsp">   --->   Core 30 'FMul_maxdsp' <Latency = 1> <II = 1> <Delay = 3.88> <FuncUnit> <Opcode : 'fmul'> <InPorts = 2> <OutPorts = 1>
ST_30 : Operation 341 [1/1] (7.30ns)   --->   "%gmem0_addr_read_20 = read i32 @_ssdm_op_Read.m_axi.p1i32, i64 %gmem0_addr" [/home/simics/HMoE/HLS_HMoE/pseudo_block/run_3/src/pseudo_moe.cpp:98]   --->   Operation 341 'read' 'gmem0_addr_read_20' <Predicate = (!icmp_ln94)> <Delay = 7.30> <CoreInst = "m_axi">   --->   Core 121 'm_axi' <Latency = 0> <II = 1> <Delay = 1.00> <Adapter> <Opcode : 'read' 'write' 'readreq' 'writereq' 'writeresp'>
ST_30 : Operation 342 [1/1] (7.30ns)   --->   "%gmem1_addr_read_28 = read i32 @_ssdm_op_Read.m_axi.p1i32, i64 %gmem1_addr" [/home/simics/HMoE/HLS_HMoE/pseudo_block/run_3/src/pseudo_moe.cpp:98]   --->   Operation 342 'read' 'gmem1_addr_read_28' <Predicate = (!icmp_ln94)> <Delay = 7.30> <CoreInst = "m_axi">   --->   Core 121 'm_axi' <Latency = 0> <II = 1> <Delay = 1.00> <Adapter> <Opcode : 'read' 'write' 'readreq' 'writereq' 'writeresp'>

State 31 <SV = 30> <Delay = 7.30>
ST_31 : Operation 343 [2/2] (6.36ns)   --->   "%acc_10 = fadd i32 %acc_9, i32 %mul15_9" [/home/simics/HMoE/HLS_HMoE/pseudo_block/run_3/src/pseudo_moe.cpp:98]   --->   Operation 343 'fadd' 'acc_10' <Predicate = (!icmp_ln94)> <Delay = 6.36> <CoreInst = "FAddSub_fulldsp">   --->   Core 18 'FAddSub_fulldsp' <Latency = 1> <II = 1> <Delay = 6.04> <FuncUnit> <Opcode : 'fadd' 'fsub'> <InPorts = 2> <OutPorts = 1>
ST_31 : Operation 344 [1/2] (3.88ns)   --->   "%mul15_18 = fmul i32 %bitcast_ln98_38, i32 %bitcast_ln98_39" [/home/simics/HMoE/HLS_HMoE/pseudo_block/run_3/src/pseudo_moe.cpp:98]   --->   Operation 344 'fmul' 'mul15_18' <Predicate = (!icmp_ln94)> <Delay = 3.88> <CoreInst = "FMul_maxdsp">   --->   Core 30 'FMul_maxdsp' <Latency = 1> <II = 1> <Delay = 3.88> <FuncUnit> <Opcode : 'fmul'> <InPorts = 2> <OutPorts = 1>
ST_31 : Operation 345 [1/1] (0.00ns)   --->   "%bitcast_ln98_40 = bitcast i32 %gmem0_addr_read_20" [/home/simics/HMoE/HLS_HMoE/pseudo_block/run_3/src/pseudo_moe.cpp:98]   --->   Operation 345 'bitcast' 'bitcast_ln98_40' <Predicate = (!icmp_ln94)> <Delay = 0.00>
ST_31 : Operation 346 [1/1] (0.00ns)   --->   "%bitcast_ln98_41 = bitcast i32 %gmem1_addr_read_20" [/home/simics/HMoE/HLS_HMoE/pseudo_block/run_3/src/pseudo_moe.cpp:98]   --->   Operation 346 'bitcast' 'bitcast_ln98_41' <Predicate = (!icmp_ln94)> <Delay = 0.00>
ST_31 : Operation 347 [2/2] (4.20ns)   --->   "%mul15_19 = fmul i32 %bitcast_ln98_40, i32 %bitcast_ln98_41" [/home/simics/HMoE/HLS_HMoE/pseudo_block/run_3/src/pseudo_moe.cpp:98]   --->   Operation 347 'fmul' 'mul15_19' <Predicate = (!icmp_ln94)> <Delay = 4.20> <CoreInst = "FMul_maxdsp">   --->   Core 30 'FMul_maxdsp' <Latency = 1> <II = 1> <Delay = 3.88> <FuncUnit> <Opcode : 'fmul'> <InPorts = 2> <OutPorts = 1>
ST_31 : Operation 348 [1/1] (7.30ns)   --->   "%gmem0_addr_read_21 = read i32 @_ssdm_op_Read.m_axi.p1i32, i64 %gmem0_addr" [/home/simics/HMoE/HLS_HMoE/pseudo_block/run_3/src/pseudo_moe.cpp:98]   --->   Operation 348 'read' 'gmem0_addr_read_21' <Predicate = (!icmp_ln94)> <Delay = 7.30> <CoreInst = "m_axi">   --->   Core 121 'm_axi' <Latency = 0> <II = 1> <Delay = 1.00> <Adapter> <Opcode : 'read' 'write' 'readreq' 'writereq' 'writeresp'>
ST_31 : Operation 349 [1/1] (7.30ns)   --->   "%gmem1_addr_read_29 = read i32 @_ssdm_op_Read.m_axi.p1i32, i64 %gmem1_addr" [/home/simics/HMoE/HLS_HMoE/pseudo_block/run_3/src/pseudo_moe.cpp:98]   --->   Operation 349 'read' 'gmem1_addr_read_29' <Predicate = (!icmp_ln94)> <Delay = 7.30> <CoreInst = "m_axi">   --->   Core 121 'm_axi' <Latency = 0> <II = 1> <Delay = 1.00> <Adapter> <Opcode : 'read' 'write' 'readreq' 'writereq' 'writeresp'>

State 32 <SV = 31> <Delay = 7.30>
ST_32 : Operation 350 [1/2] (6.04ns)   --->   "%acc_10 = fadd i32 %acc_9, i32 %mul15_9" [/home/simics/HMoE/HLS_HMoE/pseudo_block/run_3/src/pseudo_moe.cpp:98]   --->   Operation 350 'fadd' 'acc_10' <Predicate = (!icmp_ln94)> <Delay = 6.04> <CoreInst = "FAddSub_fulldsp">   --->   Core 18 'FAddSub_fulldsp' <Latency = 1> <II = 1> <Delay = 6.04> <FuncUnit> <Opcode : 'fadd' 'fsub'> <InPorts = 2> <OutPorts = 1>
ST_32 : Operation 351 [1/2] (3.88ns)   --->   "%mul15_19 = fmul i32 %bitcast_ln98_40, i32 %bitcast_ln98_41" [/home/simics/HMoE/HLS_HMoE/pseudo_block/run_3/src/pseudo_moe.cpp:98]   --->   Operation 351 'fmul' 'mul15_19' <Predicate = (!icmp_ln94)> <Delay = 3.88> <CoreInst = "FMul_maxdsp">   --->   Core 30 'FMul_maxdsp' <Latency = 1> <II = 1> <Delay = 3.88> <FuncUnit> <Opcode : 'fmul'> <InPorts = 2> <OutPorts = 1>
ST_32 : Operation 352 [1/1] (0.00ns)   --->   "%bitcast_ln98_42 = bitcast i32 %gmem0_addr_read_21" [/home/simics/HMoE/HLS_HMoE/pseudo_block/run_3/src/pseudo_moe.cpp:98]   --->   Operation 352 'bitcast' 'bitcast_ln98_42' <Predicate = (!icmp_ln94)> <Delay = 0.00>
ST_32 : Operation 353 [1/1] (0.00ns)   --->   "%bitcast_ln98_43 = bitcast i32 %gmem1_addr_read_21" [/home/simics/HMoE/HLS_HMoE/pseudo_block/run_3/src/pseudo_moe.cpp:98]   --->   Operation 353 'bitcast' 'bitcast_ln98_43' <Predicate = (!icmp_ln94)> <Delay = 0.00>
ST_32 : Operation 354 [2/2] (4.20ns)   --->   "%mul15_20 = fmul i32 %bitcast_ln98_42, i32 %bitcast_ln98_43" [/home/simics/HMoE/HLS_HMoE/pseudo_block/run_3/src/pseudo_moe.cpp:98]   --->   Operation 354 'fmul' 'mul15_20' <Predicate = (!icmp_ln94)> <Delay = 4.20> <CoreInst = "FMul_maxdsp">   --->   Core 30 'FMul_maxdsp' <Latency = 1> <II = 1> <Delay = 3.88> <FuncUnit> <Opcode : 'fmul'> <InPorts = 2> <OutPorts = 1>
ST_32 : Operation 355 [1/1] (7.30ns)   --->   "%gmem0_addr_read_22 = read i32 @_ssdm_op_Read.m_axi.p1i32, i64 %gmem0_addr" [/home/simics/HMoE/HLS_HMoE/pseudo_block/run_3/src/pseudo_moe.cpp:98]   --->   Operation 355 'read' 'gmem0_addr_read_22' <Predicate = (!icmp_ln94)> <Delay = 7.30> <CoreInst = "m_axi">   --->   Core 121 'm_axi' <Latency = 0> <II = 1> <Delay = 1.00> <Adapter> <Opcode : 'read' 'write' 'readreq' 'writereq' 'writeresp'>
ST_32 : Operation 356 [1/1] (7.30ns)   --->   "%gmem1_addr_read_30 = read i32 @_ssdm_op_Read.m_axi.p1i32, i64 %gmem1_addr" [/home/simics/HMoE/HLS_HMoE/pseudo_block/run_3/src/pseudo_moe.cpp:98]   --->   Operation 356 'read' 'gmem1_addr_read_30' <Predicate = (!icmp_ln94)> <Delay = 7.30> <CoreInst = "m_axi">   --->   Core 121 'm_axi' <Latency = 0> <II = 1> <Delay = 1.00> <Adapter> <Opcode : 'read' 'write' 'readreq' 'writereq' 'writeresp'>

State 33 <SV = 32> <Delay = 7.30>
ST_33 : Operation 357 [2/2] (6.36ns)   --->   "%acc_11 = fadd i32 %acc_10, i32 %mul15_s" [/home/simics/HMoE/HLS_HMoE/pseudo_block/run_3/src/pseudo_moe.cpp:98]   --->   Operation 357 'fadd' 'acc_11' <Predicate = (!icmp_ln94)> <Delay = 6.36> <CoreInst = "FAddSub_fulldsp">   --->   Core 18 'FAddSub_fulldsp' <Latency = 1> <II = 1> <Delay = 6.04> <FuncUnit> <Opcode : 'fadd' 'fsub'> <InPorts = 2> <OutPorts = 1>
ST_33 : Operation 358 [1/2] (3.88ns)   --->   "%mul15_20 = fmul i32 %bitcast_ln98_42, i32 %bitcast_ln98_43" [/home/simics/HMoE/HLS_HMoE/pseudo_block/run_3/src/pseudo_moe.cpp:98]   --->   Operation 358 'fmul' 'mul15_20' <Predicate = (!icmp_ln94)> <Delay = 3.88> <CoreInst = "FMul_maxdsp">   --->   Core 30 'FMul_maxdsp' <Latency = 1> <II = 1> <Delay = 3.88> <FuncUnit> <Opcode : 'fmul'> <InPorts = 2> <OutPorts = 1>
ST_33 : Operation 359 [1/1] (0.00ns)   --->   "%bitcast_ln98_44 = bitcast i32 %gmem0_addr_read_22" [/home/simics/HMoE/HLS_HMoE/pseudo_block/run_3/src/pseudo_moe.cpp:98]   --->   Operation 359 'bitcast' 'bitcast_ln98_44' <Predicate = (!icmp_ln94)> <Delay = 0.00>
ST_33 : Operation 360 [1/1] (0.00ns)   --->   "%bitcast_ln98_45 = bitcast i32 %gmem1_addr_read_22" [/home/simics/HMoE/HLS_HMoE/pseudo_block/run_3/src/pseudo_moe.cpp:98]   --->   Operation 360 'bitcast' 'bitcast_ln98_45' <Predicate = (!icmp_ln94)> <Delay = 0.00>
ST_33 : Operation 361 [2/2] (4.20ns)   --->   "%mul15_21 = fmul i32 %bitcast_ln98_44, i32 %bitcast_ln98_45" [/home/simics/HMoE/HLS_HMoE/pseudo_block/run_3/src/pseudo_moe.cpp:98]   --->   Operation 361 'fmul' 'mul15_21' <Predicate = (!icmp_ln94)> <Delay = 4.20> <CoreInst = "FMul_maxdsp">   --->   Core 30 'FMul_maxdsp' <Latency = 1> <II = 1> <Delay = 3.88> <FuncUnit> <Opcode : 'fmul'> <InPorts = 2> <OutPorts = 1>
ST_33 : Operation 362 [1/1] (7.30ns)   --->   "%gmem0_addr_read_23 = read i32 @_ssdm_op_Read.m_axi.p1i32, i64 %gmem0_addr" [/home/simics/HMoE/HLS_HMoE/pseudo_block/run_3/src/pseudo_moe.cpp:98]   --->   Operation 362 'read' 'gmem0_addr_read_23' <Predicate = (!icmp_ln94)> <Delay = 7.30> <CoreInst = "m_axi">   --->   Core 121 'm_axi' <Latency = 0> <II = 1> <Delay = 1.00> <Adapter> <Opcode : 'read' 'write' 'readreq' 'writereq' 'writeresp'>
ST_33 : Operation 363 [1/1] (7.30ns)   --->   "%gmem1_addr_read_31 = read i32 @_ssdm_op_Read.m_axi.p1i32, i64 %gmem1_addr" [/home/simics/HMoE/HLS_HMoE/pseudo_block/run_3/src/pseudo_moe.cpp:98]   --->   Operation 363 'read' 'gmem1_addr_read_31' <Predicate = (!icmp_ln94)> <Delay = 7.30> <CoreInst = "m_axi">   --->   Core 121 'm_axi' <Latency = 0> <II = 1> <Delay = 1.00> <Adapter> <Opcode : 'read' 'write' 'readreq' 'writereq' 'writeresp'>

State 34 <SV = 33> <Delay = 7.30>
ST_34 : Operation 364 [1/2] (6.04ns)   --->   "%acc_11 = fadd i32 %acc_10, i32 %mul15_s" [/home/simics/HMoE/HLS_HMoE/pseudo_block/run_3/src/pseudo_moe.cpp:98]   --->   Operation 364 'fadd' 'acc_11' <Predicate = (!icmp_ln94)> <Delay = 6.04> <CoreInst = "FAddSub_fulldsp">   --->   Core 18 'FAddSub_fulldsp' <Latency = 1> <II = 1> <Delay = 6.04> <FuncUnit> <Opcode : 'fadd' 'fsub'> <InPorts = 2> <OutPorts = 1>
ST_34 : Operation 365 [1/2] (3.88ns)   --->   "%mul15_21 = fmul i32 %bitcast_ln98_44, i32 %bitcast_ln98_45" [/home/simics/HMoE/HLS_HMoE/pseudo_block/run_3/src/pseudo_moe.cpp:98]   --->   Operation 365 'fmul' 'mul15_21' <Predicate = (!icmp_ln94)> <Delay = 3.88> <CoreInst = "FMul_maxdsp">   --->   Core 30 'FMul_maxdsp' <Latency = 1> <II = 1> <Delay = 3.88> <FuncUnit> <Opcode : 'fmul'> <InPorts = 2> <OutPorts = 1>
ST_34 : Operation 366 [1/1] (0.00ns)   --->   "%bitcast_ln98_46 = bitcast i32 %gmem0_addr_read_23" [/home/simics/HMoE/HLS_HMoE/pseudo_block/run_3/src/pseudo_moe.cpp:98]   --->   Operation 366 'bitcast' 'bitcast_ln98_46' <Predicate = (!icmp_ln94)> <Delay = 0.00>
ST_34 : Operation 367 [1/1] (0.00ns)   --->   "%bitcast_ln98_47 = bitcast i32 %gmem1_addr_read_23" [/home/simics/HMoE/HLS_HMoE/pseudo_block/run_3/src/pseudo_moe.cpp:98]   --->   Operation 367 'bitcast' 'bitcast_ln98_47' <Predicate = (!icmp_ln94)> <Delay = 0.00>
ST_34 : Operation 368 [2/2] (4.20ns)   --->   "%mul15_22 = fmul i32 %bitcast_ln98_46, i32 %bitcast_ln98_47" [/home/simics/HMoE/HLS_HMoE/pseudo_block/run_3/src/pseudo_moe.cpp:98]   --->   Operation 368 'fmul' 'mul15_22' <Predicate = (!icmp_ln94)> <Delay = 4.20> <CoreInst = "FMul_maxdsp">   --->   Core 30 'FMul_maxdsp' <Latency = 1> <II = 1> <Delay = 3.88> <FuncUnit> <Opcode : 'fmul'> <InPorts = 2> <OutPorts = 1>
ST_34 : Operation 369 [1/1] (7.30ns)   --->   "%gmem0_addr_read_24 = read i32 @_ssdm_op_Read.m_axi.p1i32, i64 %gmem0_addr" [/home/simics/HMoE/HLS_HMoE/pseudo_block/run_3/src/pseudo_moe.cpp:98]   --->   Operation 369 'read' 'gmem0_addr_read_24' <Predicate = (!icmp_ln94)> <Delay = 7.30> <CoreInst = "m_axi">   --->   Core 121 'm_axi' <Latency = 0> <II = 1> <Delay = 1.00> <Adapter> <Opcode : 'read' 'write' 'readreq' 'writereq' 'writeresp'>
ST_34 : Operation 370 [1/1] (7.30ns)   --->   "%gmem1_addr_read_32 = read i32 @_ssdm_op_Read.m_axi.p1i32, i64 %gmem1_addr" [/home/simics/HMoE/HLS_HMoE/pseudo_block/run_3/src/pseudo_moe.cpp:98]   --->   Operation 370 'read' 'gmem1_addr_read_32' <Predicate = (!icmp_ln94)> <Delay = 7.30> <CoreInst = "m_axi">   --->   Core 121 'm_axi' <Latency = 0> <II = 1> <Delay = 1.00> <Adapter> <Opcode : 'read' 'write' 'readreq' 'writereq' 'writeresp'>

State 35 <SV = 34> <Delay = 7.30>
ST_35 : Operation 371 [2/2] (6.36ns)   --->   "%acc_12 = fadd i32 %acc_11, i32 %mul15_10" [/home/simics/HMoE/HLS_HMoE/pseudo_block/run_3/src/pseudo_moe.cpp:98]   --->   Operation 371 'fadd' 'acc_12' <Predicate = (!icmp_ln94)> <Delay = 6.36> <CoreInst = "FAddSub_fulldsp">   --->   Core 18 'FAddSub_fulldsp' <Latency = 1> <II = 1> <Delay = 6.04> <FuncUnit> <Opcode : 'fadd' 'fsub'> <InPorts = 2> <OutPorts = 1>
ST_35 : Operation 372 [1/2] (3.88ns)   --->   "%mul15_22 = fmul i32 %bitcast_ln98_46, i32 %bitcast_ln98_47" [/home/simics/HMoE/HLS_HMoE/pseudo_block/run_3/src/pseudo_moe.cpp:98]   --->   Operation 372 'fmul' 'mul15_22' <Predicate = (!icmp_ln94)> <Delay = 3.88> <CoreInst = "FMul_maxdsp">   --->   Core 30 'FMul_maxdsp' <Latency = 1> <II = 1> <Delay = 3.88> <FuncUnit> <Opcode : 'fmul'> <InPorts = 2> <OutPorts = 1>
ST_35 : Operation 373 [1/1] (0.00ns)   --->   "%bitcast_ln98_48 = bitcast i32 %gmem0_addr_read_24" [/home/simics/HMoE/HLS_HMoE/pseudo_block/run_3/src/pseudo_moe.cpp:98]   --->   Operation 373 'bitcast' 'bitcast_ln98_48' <Predicate = (!icmp_ln94)> <Delay = 0.00>
ST_35 : Operation 374 [1/1] (0.00ns)   --->   "%bitcast_ln98_49 = bitcast i32 %gmem1_addr_read_24" [/home/simics/HMoE/HLS_HMoE/pseudo_block/run_3/src/pseudo_moe.cpp:98]   --->   Operation 374 'bitcast' 'bitcast_ln98_49' <Predicate = (!icmp_ln94)> <Delay = 0.00>
ST_35 : Operation 375 [2/2] (4.20ns)   --->   "%mul15_23 = fmul i32 %bitcast_ln98_48, i32 %bitcast_ln98_49" [/home/simics/HMoE/HLS_HMoE/pseudo_block/run_3/src/pseudo_moe.cpp:98]   --->   Operation 375 'fmul' 'mul15_23' <Predicate = (!icmp_ln94)> <Delay = 4.20> <CoreInst = "FMul_maxdsp">   --->   Core 30 'FMul_maxdsp' <Latency = 1> <II = 1> <Delay = 3.88> <FuncUnit> <Opcode : 'fmul'> <InPorts = 2> <OutPorts = 1>
ST_35 : Operation 376 [1/1] (7.30ns)   --->   "%gmem0_addr_read_25 = read i32 @_ssdm_op_Read.m_axi.p1i32, i64 %gmem0_addr" [/home/simics/HMoE/HLS_HMoE/pseudo_block/run_3/src/pseudo_moe.cpp:98]   --->   Operation 376 'read' 'gmem0_addr_read_25' <Predicate = (!icmp_ln94)> <Delay = 7.30> <CoreInst = "m_axi">   --->   Core 121 'm_axi' <Latency = 0> <II = 1> <Delay = 1.00> <Adapter> <Opcode : 'read' 'write' 'readreq' 'writereq' 'writeresp'>
ST_35 : Operation 377 [1/1] (7.30ns)   --->   "%gmem1_addr_read_33 = read i32 @_ssdm_op_Read.m_axi.p1i32, i64 %gmem1_addr" [/home/simics/HMoE/HLS_HMoE/pseudo_block/run_3/src/pseudo_moe.cpp:98]   --->   Operation 377 'read' 'gmem1_addr_read_33' <Predicate = (!icmp_ln94)> <Delay = 7.30> <CoreInst = "m_axi">   --->   Core 121 'm_axi' <Latency = 0> <II = 1> <Delay = 1.00> <Adapter> <Opcode : 'read' 'write' 'readreq' 'writereq' 'writeresp'>

State 36 <SV = 35> <Delay = 7.30>
ST_36 : Operation 378 [1/2] (6.04ns)   --->   "%acc_12 = fadd i32 %acc_11, i32 %mul15_10" [/home/simics/HMoE/HLS_HMoE/pseudo_block/run_3/src/pseudo_moe.cpp:98]   --->   Operation 378 'fadd' 'acc_12' <Predicate = (!icmp_ln94)> <Delay = 6.04> <CoreInst = "FAddSub_fulldsp">   --->   Core 18 'FAddSub_fulldsp' <Latency = 1> <II = 1> <Delay = 6.04> <FuncUnit> <Opcode : 'fadd' 'fsub'> <InPorts = 2> <OutPorts = 1>
ST_36 : Operation 379 [1/2] (3.88ns)   --->   "%mul15_23 = fmul i32 %bitcast_ln98_48, i32 %bitcast_ln98_49" [/home/simics/HMoE/HLS_HMoE/pseudo_block/run_3/src/pseudo_moe.cpp:98]   --->   Operation 379 'fmul' 'mul15_23' <Predicate = (!icmp_ln94)> <Delay = 3.88> <CoreInst = "FMul_maxdsp">   --->   Core 30 'FMul_maxdsp' <Latency = 1> <II = 1> <Delay = 3.88> <FuncUnit> <Opcode : 'fmul'> <InPorts = 2> <OutPorts = 1>
ST_36 : Operation 380 [1/1] (0.00ns)   --->   "%bitcast_ln98_50 = bitcast i32 %gmem0_addr_read_25" [/home/simics/HMoE/HLS_HMoE/pseudo_block/run_3/src/pseudo_moe.cpp:98]   --->   Operation 380 'bitcast' 'bitcast_ln98_50' <Predicate = (!icmp_ln94)> <Delay = 0.00>
ST_36 : Operation 381 [1/1] (0.00ns)   --->   "%bitcast_ln98_51 = bitcast i32 %gmem1_addr_read_25" [/home/simics/HMoE/HLS_HMoE/pseudo_block/run_3/src/pseudo_moe.cpp:98]   --->   Operation 381 'bitcast' 'bitcast_ln98_51' <Predicate = (!icmp_ln94)> <Delay = 0.00>
ST_36 : Operation 382 [2/2] (4.20ns)   --->   "%mul15_24 = fmul i32 %bitcast_ln98_50, i32 %bitcast_ln98_51" [/home/simics/HMoE/HLS_HMoE/pseudo_block/run_3/src/pseudo_moe.cpp:98]   --->   Operation 382 'fmul' 'mul15_24' <Predicate = (!icmp_ln94)> <Delay = 4.20> <CoreInst = "FMul_maxdsp">   --->   Core 30 'FMul_maxdsp' <Latency = 1> <II = 1> <Delay = 3.88> <FuncUnit> <Opcode : 'fmul'> <InPorts = 2> <OutPorts = 1>
ST_36 : Operation 383 [1/1] (7.30ns)   --->   "%gmem0_addr_read_26 = read i32 @_ssdm_op_Read.m_axi.p1i32, i64 %gmem0_addr" [/home/simics/HMoE/HLS_HMoE/pseudo_block/run_3/src/pseudo_moe.cpp:98]   --->   Operation 383 'read' 'gmem0_addr_read_26' <Predicate = (!icmp_ln94)> <Delay = 7.30> <CoreInst = "m_axi">   --->   Core 121 'm_axi' <Latency = 0> <II = 1> <Delay = 1.00> <Adapter> <Opcode : 'read' 'write' 'readreq' 'writereq' 'writeresp'>
ST_36 : Operation 384 [1/1] (7.30ns)   --->   "%gmem1_addr_read_34 = read i32 @_ssdm_op_Read.m_axi.p1i32, i64 %gmem1_addr" [/home/simics/HMoE/HLS_HMoE/pseudo_block/run_3/src/pseudo_moe.cpp:98]   --->   Operation 384 'read' 'gmem1_addr_read_34' <Predicate = (!icmp_ln94)> <Delay = 7.30> <CoreInst = "m_axi">   --->   Core 121 'm_axi' <Latency = 0> <II = 1> <Delay = 1.00> <Adapter> <Opcode : 'read' 'write' 'readreq' 'writereq' 'writeresp'>

State 37 <SV = 36> <Delay = 7.30>
ST_37 : Operation 385 [2/2] (6.36ns)   --->   "%acc_13 = fadd i32 %acc_12, i32 %mul15_11" [/home/simics/HMoE/HLS_HMoE/pseudo_block/run_3/src/pseudo_moe.cpp:98]   --->   Operation 385 'fadd' 'acc_13' <Predicate = (!icmp_ln94)> <Delay = 6.36> <CoreInst = "FAddSub_fulldsp">   --->   Core 18 'FAddSub_fulldsp' <Latency = 1> <II = 1> <Delay = 6.04> <FuncUnit> <Opcode : 'fadd' 'fsub'> <InPorts = 2> <OutPorts = 1>
ST_37 : Operation 386 [1/2] (3.88ns)   --->   "%mul15_24 = fmul i32 %bitcast_ln98_50, i32 %bitcast_ln98_51" [/home/simics/HMoE/HLS_HMoE/pseudo_block/run_3/src/pseudo_moe.cpp:98]   --->   Operation 386 'fmul' 'mul15_24' <Predicate = (!icmp_ln94)> <Delay = 3.88> <CoreInst = "FMul_maxdsp">   --->   Core 30 'FMul_maxdsp' <Latency = 1> <II = 1> <Delay = 3.88> <FuncUnit> <Opcode : 'fmul'> <InPorts = 2> <OutPorts = 1>
ST_37 : Operation 387 [1/1] (0.00ns)   --->   "%bitcast_ln98_52 = bitcast i32 %gmem0_addr_read_26" [/home/simics/HMoE/HLS_HMoE/pseudo_block/run_3/src/pseudo_moe.cpp:98]   --->   Operation 387 'bitcast' 'bitcast_ln98_52' <Predicate = (!icmp_ln94)> <Delay = 0.00>
ST_37 : Operation 388 [1/1] (0.00ns)   --->   "%bitcast_ln98_53 = bitcast i32 %gmem1_addr_read_26" [/home/simics/HMoE/HLS_HMoE/pseudo_block/run_3/src/pseudo_moe.cpp:98]   --->   Operation 388 'bitcast' 'bitcast_ln98_53' <Predicate = (!icmp_ln94)> <Delay = 0.00>
ST_37 : Operation 389 [2/2] (4.20ns)   --->   "%mul15_25 = fmul i32 %bitcast_ln98_52, i32 %bitcast_ln98_53" [/home/simics/HMoE/HLS_HMoE/pseudo_block/run_3/src/pseudo_moe.cpp:98]   --->   Operation 389 'fmul' 'mul15_25' <Predicate = (!icmp_ln94)> <Delay = 4.20> <CoreInst = "FMul_maxdsp">   --->   Core 30 'FMul_maxdsp' <Latency = 1> <II = 1> <Delay = 3.88> <FuncUnit> <Opcode : 'fmul'> <InPorts = 2> <OutPorts = 1>
ST_37 : Operation 390 [1/1] (7.30ns)   --->   "%gmem0_addr_read_27 = read i32 @_ssdm_op_Read.m_axi.p1i32, i64 %gmem0_addr" [/home/simics/HMoE/HLS_HMoE/pseudo_block/run_3/src/pseudo_moe.cpp:98]   --->   Operation 390 'read' 'gmem0_addr_read_27' <Predicate = (!icmp_ln94)> <Delay = 7.30> <CoreInst = "m_axi">   --->   Core 121 'm_axi' <Latency = 0> <II = 1> <Delay = 1.00> <Adapter> <Opcode : 'read' 'write' 'readreq' 'writereq' 'writeresp'>
ST_37 : Operation 391 [1/1] (7.30ns)   --->   "%gmem1_addr_read_35 = read i32 @_ssdm_op_Read.m_axi.p1i32, i64 %gmem1_addr" [/home/simics/HMoE/HLS_HMoE/pseudo_block/run_3/src/pseudo_moe.cpp:98]   --->   Operation 391 'read' 'gmem1_addr_read_35' <Predicate = (!icmp_ln94)> <Delay = 7.30> <CoreInst = "m_axi">   --->   Core 121 'm_axi' <Latency = 0> <II = 1> <Delay = 1.00> <Adapter> <Opcode : 'read' 'write' 'readreq' 'writereq' 'writeresp'>

State 38 <SV = 37> <Delay = 7.30>
ST_38 : Operation 392 [1/2] (6.04ns)   --->   "%acc_13 = fadd i32 %acc_12, i32 %mul15_11" [/home/simics/HMoE/HLS_HMoE/pseudo_block/run_3/src/pseudo_moe.cpp:98]   --->   Operation 392 'fadd' 'acc_13' <Predicate = (!icmp_ln94)> <Delay = 6.04> <CoreInst = "FAddSub_fulldsp">   --->   Core 18 'FAddSub_fulldsp' <Latency = 1> <II = 1> <Delay = 6.04> <FuncUnit> <Opcode : 'fadd' 'fsub'> <InPorts = 2> <OutPorts = 1>
ST_38 : Operation 393 [1/2] (3.88ns)   --->   "%mul15_25 = fmul i32 %bitcast_ln98_52, i32 %bitcast_ln98_53" [/home/simics/HMoE/HLS_HMoE/pseudo_block/run_3/src/pseudo_moe.cpp:98]   --->   Operation 393 'fmul' 'mul15_25' <Predicate = (!icmp_ln94)> <Delay = 3.88> <CoreInst = "FMul_maxdsp">   --->   Core 30 'FMul_maxdsp' <Latency = 1> <II = 1> <Delay = 3.88> <FuncUnit> <Opcode : 'fmul'> <InPorts = 2> <OutPorts = 1>
ST_38 : Operation 394 [1/1] (0.00ns)   --->   "%bitcast_ln98_54 = bitcast i32 %gmem0_addr_read_27" [/home/simics/HMoE/HLS_HMoE/pseudo_block/run_3/src/pseudo_moe.cpp:98]   --->   Operation 394 'bitcast' 'bitcast_ln98_54' <Predicate = (!icmp_ln94)> <Delay = 0.00>
ST_38 : Operation 395 [1/1] (0.00ns)   --->   "%bitcast_ln98_55 = bitcast i32 %gmem1_addr_read_27" [/home/simics/HMoE/HLS_HMoE/pseudo_block/run_3/src/pseudo_moe.cpp:98]   --->   Operation 395 'bitcast' 'bitcast_ln98_55' <Predicate = (!icmp_ln94)> <Delay = 0.00>
ST_38 : Operation 396 [2/2] (4.20ns)   --->   "%mul15_26 = fmul i32 %bitcast_ln98_54, i32 %bitcast_ln98_55" [/home/simics/HMoE/HLS_HMoE/pseudo_block/run_3/src/pseudo_moe.cpp:98]   --->   Operation 396 'fmul' 'mul15_26' <Predicate = (!icmp_ln94)> <Delay = 4.20> <CoreInst = "FMul_maxdsp">   --->   Core 30 'FMul_maxdsp' <Latency = 1> <II = 1> <Delay = 3.88> <FuncUnit> <Opcode : 'fmul'> <InPorts = 2> <OutPorts = 1>
ST_38 : Operation 397 [1/1] (7.30ns)   --->   "%gmem0_addr_read_28 = read i32 @_ssdm_op_Read.m_axi.p1i32, i64 %gmem0_addr" [/home/simics/HMoE/HLS_HMoE/pseudo_block/run_3/src/pseudo_moe.cpp:98]   --->   Operation 397 'read' 'gmem0_addr_read_28' <Predicate = (!icmp_ln94)> <Delay = 7.30> <CoreInst = "m_axi">   --->   Core 121 'm_axi' <Latency = 0> <II = 1> <Delay = 1.00> <Adapter> <Opcode : 'read' 'write' 'readreq' 'writereq' 'writeresp'>
ST_38 : Operation 398 [1/1] (7.30ns)   --->   "%gmem1_addr_read_36 = read i32 @_ssdm_op_Read.m_axi.p1i32, i64 %gmem1_addr" [/home/simics/HMoE/HLS_HMoE/pseudo_block/run_3/src/pseudo_moe.cpp:98]   --->   Operation 398 'read' 'gmem1_addr_read_36' <Predicate = (!icmp_ln94)> <Delay = 7.30> <CoreInst = "m_axi">   --->   Core 121 'm_axi' <Latency = 0> <II = 1> <Delay = 1.00> <Adapter> <Opcode : 'read' 'write' 'readreq' 'writereq' 'writeresp'>

State 39 <SV = 38> <Delay = 7.30>
ST_39 : Operation 399 [2/2] (6.36ns)   --->   "%acc_14 = fadd i32 %acc_13, i32 %mul15_12" [/home/simics/HMoE/HLS_HMoE/pseudo_block/run_3/src/pseudo_moe.cpp:98]   --->   Operation 399 'fadd' 'acc_14' <Predicate = (!icmp_ln94)> <Delay = 6.36> <CoreInst = "FAddSub_fulldsp">   --->   Core 18 'FAddSub_fulldsp' <Latency = 1> <II = 1> <Delay = 6.04> <FuncUnit> <Opcode : 'fadd' 'fsub'> <InPorts = 2> <OutPorts = 1>
ST_39 : Operation 400 [1/2] (3.88ns)   --->   "%mul15_26 = fmul i32 %bitcast_ln98_54, i32 %bitcast_ln98_55" [/home/simics/HMoE/HLS_HMoE/pseudo_block/run_3/src/pseudo_moe.cpp:98]   --->   Operation 400 'fmul' 'mul15_26' <Predicate = (!icmp_ln94)> <Delay = 3.88> <CoreInst = "FMul_maxdsp">   --->   Core 30 'FMul_maxdsp' <Latency = 1> <II = 1> <Delay = 3.88> <FuncUnit> <Opcode : 'fmul'> <InPorts = 2> <OutPorts = 1>
ST_39 : Operation 401 [1/1] (0.00ns)   --->   "%bitcast_ln98_56 = bitcast i32 %gmem0_addr_read_28" [/home/simics/HMoE/HLS_HMoE/pseudo_block/run_3/src/pseudo_moe.cpp:98]   --->   Operation 401 'bitcast' 'bitcast_ln98_56' <Predicate = (!icmp_ln94)> <Delay = 0.00>
ST_39 : Operation 402 [1/1] (0.00ns)   --->   "%bitcast_ln98_57 = bitcast i32 %gmem1_addr_read_28" [/home/simics/HMoE/HLS_HMoE/pseudo_block/run_3/src/pseudo_moe.cpp:98]   --->   Operation 402 'bitcast' 'bitcast_ln98_57' <Predicate = (!icmp_ln94)> <Delay = 0.00>
ST_39 : Operation 403 [2/2] (4.20ns)   --->   "%mul15_27 = fmul i32 %bitcast_ln98_56, i32 %bitcast_ln98_57" [/home/simics/HMoE/HLS_HMoE/pseudo_block/run_3/src/pseudo_moe.cpp:98]   --->   Operation 403 'fmul' 'mul15_27' <Predicate = (!icmp_ln94)> <Delay = 4.20> <CoreInst = "FMul_maxdsp">   --->   Core 30 'FMul_maxdsp' <Latency = 1> <II = 1> <Delay = 3.88> <FuncUnit> <Opcode : 'fmul'> <InPorts = 2> <OutPorts = 1>
ST_39 : Operation 404 [1/1] (7.30ns)   --->   "%gmem0_addr_read_29 = read i32 @_ssdm_op_Read.m_axi.p1i32, i64 %gmem0_addr" [/home/simics/HMoE/HLS_HMoE/pseudo_block/run_3/src/pseudo_moe.cpp:98]   --->   Operation 404 'read' 'gmem0_addr_read_29' <Predicate = (!icmp_ln94)> <Delay = 7.30> <CoreInst = "m_axi">   --->   Core 121 'm_axi' <Latency = 0> <II = 1> <Delay = 1.00> <Adapter> <Opcode : 'read' 'write' 'readreq' 'writereq' 'writeresp'>
ST_39 : Operation 405 [1/1] (7.30ns)   --->   "%gmem1_addr_read_37 = read i32 @_ssdm_op_Read.m_axi.p1i32, i64 %gmem1_addr" [/home/simics/HMoE/HLS_HMoE/pseudo_block/run_3/src/pseudo_moe.cpp:98]   --->   Operation 405 'read' 'gmem1_addr_read_37' <Predicate = (!icmp_ln94)> <Delay = 7.30> <CoreInst = "m_axi">   --->   Core 121 'm_axi' <Latency = 0> <II = 1> <Delay = 1.00> <Adapter> <Opcode : 'read' 'write' 'readreq' 'writereq' 'writeresp'>

State 40 <SV = 39> <Delay = 7.30>
ST_40 : Operation 406 [1/2] (6.04ns)   --->   "%acc_14 = fadd i32 %acc_13, i32 %mul15_12" [/home/simics/HMoE/HLS_HMoE/pseudo_block/run_3/src/pseudo_moe.cpp:98]   --->   Operation 406 'fadd' 'acc_14' <Predicate = (!icmp_ln94)> <Delay = 6.04> <CoreInst = "FAddSub_fulldsp">   --->   Core 18 'FAddSub_fulldsp' <Latency = 1> <II = 1> <Delay = 6.04> <FuncUnit> <Opcode : 'fadd' 'fsub'> <InPorts = 2> <OutPorts = 1>
ST_40 : Operation 407 [1/2] (3.88ns)   --->   "%mul15_27 = fmul i32 %bitcast_ln98_56, i32 %bitcast_ln98_57" [/home/simics/HMoE/HLS_HMoE/pseudo_block/run_3/src/pseudo_moe.cpp:98]   --->   Operation 407 'fmul' 'mul15_27' <Predicate = (!icmp_ln94)> <Delay = 3.88> <CoreInst = "FMul_maxdsp">   --->   Core 30 'FMul_maxdsp' <Latency = 1> <II = 1> <Delay = 3.88> <FuncUnit> <Opcode : 'fmul'> <InPorts = 2> <OutPorts = 1>
ST_40 : Operation 408 [1/1] (0.00ns)   --->   "%bitcast_ln98_58 = bitcast i32 %gmem0_addr_read_29" [/home/simics/HMoE/HLS_HMoE/pseudo_block/run_3/src/pseudo_moe.cpp:98]   --->   Operation 408 'bitcast' 'bitcast_ln98_58' <Predicate = (!icmp_ln94)> <Delay = 0.00>
ST_40 : Operation 409 [1/1] (0.00ns)   --->   "%bitcast_ln98_59 = bitcast i32 %gmem1_addr_read_29" [/home/simics/HMoE/HLS_HMoE/pseudo_block/run_3/src/pseudo_moe.cpp:98]   --->   Operation 409 'bitcast' 'bitcast_ln98_59' <Predicate = (!icmp_ln94)> <Delay = 0.00>
ST_40 : Operation 410 [2/2] (4.20ns)   --->   "%mul15_28 = fmul i32 %bitcast_ln98_58, i32 %bitcast_ln98_59" [/home/simics/HMoE/HLS_HMoE/pseudo_block/run_3/src/pseudo_moe.cpp:98]   --->   Operation 410 'fmul' 'mul15_28' <Predicate = (!icmp_ln94)> <Delay = 4.20> <CoreInst = "FMul_maxdsp">   --->   Core 30 'FMul_maxdsp' <Latency = 1> <II = 1> <Delay = 3.88> <FuncUnit> <Opcode : 'fmul'> <InPorts = 2> <OutPorts = 1>
ST_40 : Operation 411 [1/1] (7.30ns)   --->   "%gmem0_addr_read_30 = read i32 @_ssdm_op_Read.m_axi.p1i32, i64 %gmem0_addr" [/home/simics/HMoE/HLS_HMoE/pseudo_block/run_3/src/pseudo_moe.cpp:98]   --->   Operation 411 'read' 'gmem0_addr_read_30' <Predicate = (!icmp_ln94)> <Delay = 7.30> <CoreInst = "m_axi">   --->   Core 121 'm_axi' <Latency = 0> <II = 1> <Delay = 1.00> <Adapter> <Opcode : 'read' 'write' 'readreq' 'writereq' 'writeresp'>
ST_40 : Operation 412 [1/1] (7.30ns)   --->   "%gmem1_addr_read_38 = read i32 @_ssdm_op_Read.m_axi.p1i32, i64 %gmem1_addr" [/home/simics/HMoE/HLS_HMoE/pseudo_block/run_3/src/pseudo_moe.cpp:98]   --->   Operation 412 'read' 'gmem1_addr_read_38' <Predicate = (!icmp_ln94)> <Delay = 7.30> <CoreInst = "m_axi">   --->   Core 121 'm_axi' <Latency = 0> <II = 1> <Delay = 1.00> <Adapter> <Opcode : 'read' 'write' 'readreq' 'writereq' 'writeresp'>

State 41 <SV = 40> <Delay = 7.30>
ST_41 : Operation 413 [2/2] (6.36ns)   --->   "%acc_15 = fadd i32 %acc_14, i32 %mul15_13" [/home/simics/HMoE/HLS_HMoE/pseudo_block/run_3/src/pseudo_moe.cpp:98]   --->   Operation 413 'fadd' 'acc_15' <Predicate = (!icmp_ln94)> <Delay = 6.36> <CoreInst = "FAddSub_fulldsp">   --->   Core 18 'FAddSub_fulldsp' <Latency = 1> <II = 1> <Delay = 6.04> <FuncUnit> <Opcode : 'fadd' 'fsub'> <InPorts = 2> <OutPorts = 1>
ST_41 : Operation 414 [1/2] (3.88ns)   --->   "%mul15_28 = fmul i32 %bitcast_ln98_58, i32 %bitcast_ln98_59" [/home/simics/HMoE/HLS_HMoE/pseudo_block/run_3/src/pseudo_moe.cpp:98]   --->   Operation 414 'fmul' 'mul15_28' <Predicate = (!icmp_ln94)> <Delay = 3.88> <CoreInst = "FMul_maxdsp">   --->   Core 30 'FMul_maxdsp' <Latency = 1> <II = 1> <Delay = 3.88> <FuncUnit> <Opcode : 'fmul'> <InPorts = 2> <OutPorts = 1>
ST_41 : Operation 415 [1/1] (0.00ns)   --->   "%bitcast_ln98_60 = bitcast i32 %gmem0_addr_read_30" [/home/simics/HMoE/HLS_HMoE/pseudo_block/run_3/src/pseudo_moe.cpp:98]   --->   Operation 415 'bitcast' 'bitcast_ln98_60' <Predicate = (!icmp_ln94)> <Delay = 0.00>
ST_41 : Operation 416 [1/1] (0.00ns)   --->   "%bitcast_ln98_61 = bitcast i32 %gmem1_addr_read_30" [/home/simics/HMoE/HLS_HMoE/pseudo_block/run_3/src/pseudo_moe.cpp:98]   --->   Operation 416 'bitcast' 'bitcast_ln98_61' <Predicate = (!icmp_ln94)> <Delay = 0.00>
ST_41 : Operation 417 [2/2] (4.20ns)   --->   "%mul15_29 = fmul i32 %bitcast_ln98_60, i32 %bitcast_ln98_61" [/home/simics/HMoE/HLS_HMoE/pseudo_block/run_3/src/pseudo_moe.cpp:98]   --->   Operation 417 'fmul' 'mul15_29' <Predicate = (!icmp_ln94)> <Delay = 4.20> <CoreInst = "FMul_maxdsp">   --->   Core 30 'FMul_maxdsp' <Latency = 1> <II = 1> <Delay = 3.88> <FuncUnit> <Opcode : 'fmul'> <InPorts = 2> <OutPorts = 1>
ST_41 : Operation 418 [1/1] (7.30ns)   --->   "%gmem0_addr_read_31 = read i32 @_ssdm_op_Read.m_axi.p1i32, i64 %gmem0_addr" [/home/simics/HMoE/HLS_HMoE/pseudo_block/run_3/src/pseudo_moe.cpp:98]   --->   Operation 418 'read' 'gmem0_addr_read_31' <Predicate = (!icmp_ln94)> <Delay = 7.30> <CoreInst = "m_axi">   --->   Core 121 'm_axi' <Latency = 0> <II = 1> <Delay = 1.00> <Adapter> <Opcode : 'read' 'write' 'readreq' 'writereq' 'writeresp'>
ST_41 : Operation 419 [1/1] (7.30ns)   --->   "%gmem1_addr_read_39 = read i32 @_ssdm_op_Read.m_axi.p1i32, i64 %gmem1_addr" [/home/simics/HMoE/HLS_HMoE/pseudo_block/run_3/src/pseudo_moe.cpp:98]   --->   Operation 419 'read' 'gmem1_addr_read_39' <Predicate = (!icmp_ln94)> <Delay = 7.30> <CoreInst = "m_axi">   --->   Core 121 'm_axi' <Latency = 0> <II = 1> <Delay = 1.00> <Adapter> <Opcode : 'read' 'write' 'readreq' 'writereq' 'writeresp'>

State 42 <SV = 41> <Delay = 7.30>
ST_42 : Operation 420 [1/2] (6.04ns)   --->   "%acc_15 = fadd i32 %acc_14, i32 %mul15_13" [/home/simics/HMoE/HLS_HMoE/pseudo_block/run_3/src/pseudo_moe.cpp:98]   --->   Operation 420 'fadd' 'acc_15' <Predicate = (!icmp_ln94)> <Delay = 6.04> <CoreInst = "FAddSub_fulldsp">   --->   Core 18 'FAddSub_fulldsp' <Latency = 1> <II = 1> <Delay = 6.04> <FuncUnit> <Opcode : 'fadd' 'fsub'> <InPorts = 2> <OutPorts = 1>
ST_42 : Operation 421 [1/2] (3.88ns)   --->   "%mul15_29 = fmul i32 %bitcast_ln98_60, i32 %bitcast_ln98_61" [/home/simics/HMoE/HLS_HMoE/pseudo_block/run_3/src/pseudo_moe.cpp:98]   --->   Operation 421 'fmul' 'mul15_29' <Predicate = (!icmp_ln94)> <Delay = 3.88> <CoreInst = "FMul_maxdsp">   --->   Core 30 'FMul_maxdsp' <Latency = 1> <II = 1> <Delay = 3.88> <FuncUnit> <Opcode : 'fmul'> <InPorts = 2> <OutPorts = 1>
ST_42 : Operation 422 [1/1] (0.00ns)   --->   "%bitcast_ln98_62 = bitcast i32 %gmem0_addr_read_31" [/home/simics/HMoE/HLS_HMoE/pseudo_block/run_3/src/pseudo_moe.cpp:98]   --->   Operation 422 'bitcast' 'bitcast_ln98_62' <Predicate = (!icmp_ln94)> <Delay = 0.00>
ST_42 : Operation 423 [1/1] (0.00ns)   --->   "%bitcast_ln98_63 = bitcast i32 %gmem1_addr_read_31" [/home/simics/HMoE/HLS_HMoE/pseudo_block/run_3/src/pseudo_moe.cpp:98]   --->   Operation 423 'bitcast' 'bitcast_ln98_63' <Predicate = (!icmp_ln94)> <Delay = 0.00>
ST_42 : Operation 424 [2/2] (4.20ns)   --->   "%mul15_30 = fmul i32 %bitcast_ln98_62, i32 %bitcast_ln98_63" [/home/simics/HMoE/HLS_HMoE/pseudo_block/run_3/src/pseudo_moe.cpp:98]   --->   Operation 424 'fmul' 'mul15_30' <Predicate = (!icmp_ln94)> <Delay = 4.20> <CoreInst = "FMul_maxdsp">   --->   Core 30 'FMul_maxdsp' <Latency = 1> <II = 1> <Delay = 3.88> <FuncUnit> <Opcode : 'fmul'> <InPorts = 2> <OutPorts = 1>
ST_42 : Operation 425 [1/1] (7.30ns)   --->   "%gmem0_addr_read_32 = read i32 @_ssdm_op_Read.m_axi.p1i32, i64 %gmem0_addr" [/home/simics/HMoE/HLS_HMoE/pseudo_block/run_3/src/pseudo_moe.cpp:98]   --->   Operation 425 'read' 'gmem0_addr_read_32' <Predicate = (!icmp_ln94)> <Delay = 7.30> <CoreInst = "m_axi">   --->   Core 121 'm_axi' <Latency = 0> <II = 1> <Delay = 1.00> <Adapter> <Opcode : 'read' 'write' 'readreq' 'writereq' 'writeresp'>
ST_42 : Operation 426 [1/1] (7.30ns)   --->   "%gmem1_addr_read_40 = read i32 @_ssdm_op_Read.m_axi.p1i32, i64 %gmem1_addr" [/home/simics/HMoE/HLS_HMoE/pseudo_block/run_3/src/pseudo_moe.cpp:98]   --->   Operation 426 'read' 'gmem1_addr_read_40' <Predicate = (!icmp_ln94)> <Delay = 7.30> <CoreInst = "m_axi">   --->   Core 121 'm_axi' <Latency = 0> <II = 1> <Delay = 1.00> <Adapter> <Opcode : 'read' 'write' 'readreq' 'writereq' 'writeresp'>

State 43 <SV = 42> <Delay = 7.30>
ST_43 : Operation 427 [2/2] (6.36ns)   --->   "%acc_16 = fadd i32 %acc_15, i32 %mul15_14" [/home/simics/HMoE/HLS_HMoE/pseudo_block/run_3/src/pseudo_moe.cpp:98]   --->   Operation 427 'fadd' 'acc_16' <Predicate = (!icmp_ln94)> <Delay = 6.36> <CoreInst = "FAddSub_fulldsp">   --->   Core 18 'FAddSub_fulldsp' <Latency = 1> <II = 1> <Delay = 6.04> <FuncUnit> <Opcode : 'fadd' 'fsub'> <InPorts = 2> <OutPorts = 1>
ST_43 : Operation 428 [1/2] (3.88ns)   --->   "%mul15_30 = fmul i32 %bitcast_ln98_62, i32 %bitcast_ln98_63" [/home/simics/HMoE/HLS_HMoE/pseudo_block/run_3/src/pseudo_moe.cpp:98]   --->   Operation 428 'fmul' 'mul15_30' <Predicate = (!icmp_ln94)> <Delay = 3.88> <CoreInst = "FMul_maxdsp">   --->   Core 30 'FMul_maxdsp' <Latency = 1> <II = 1> <Delay = 3.88> <FuncUnit> <Opcode : 'fmul'> <InPorts = 2> <OutPorts = 1>
ST_43 : Operation 429 [1/1] (0.00ns)   --->   "%bitcast_ln98_64 = bitcast i32 %gmem0_addr_read_32" [/home/simics/HMoE/HLS_HMoE/pseudo_block/run_3/src/pseudo_moe.cpp:98]   --->   Operation 429 'bitcast' 'bitcast_ln98_64' <Predicate = (!icmp_ln94)> <Delay = 0.00>
ST_43 : Operation 430 [1/1] (0.00ns)   --->   "%bitcast_ln98_65 = bitcast i32 %gmem1_addr_read_32" [/home/simics/HMoE/HLS_HMoE/pseudo_block/run_3/src/pseudo_moe.cpp:98]   --->   Operation 430 'bitcast' 'bitcast_ln98_65' <Predicate = (!icmp_ln94)> <Delay = 0.00>
ST_43 : Operation 431 [2/2] (4.20ns)   --->   "%mul15_31 = fmul i32 %bitcast_ln98_64, i32 %bitcast_ln98_65" [/home/simics/HMoE/HLS_HMoE/pseudo_block/run_3/src/pseudo_moe.cpp:98]   --->   Operation 431 'fmul' 'mul15_31' <Predicate = (!icmp_ln94)> <Delay = 4.20> <CoreInst = "FMul_maxdsp">   --->   Core 30 'FMul_maxdsp' <Latency = 1> <II = 1> <Delay = 3.88> <FuncUnit> <Opcode : 'fmul'> <InPorts = 2> <OutPorts = 1>
ST_43 : Operation 432 [1/1] (7.30ns)   --->   "%gmem0_addr_read_33 = read i32 @_ssdm_op_Read.m_axi.p1i32, i64 %gmem0_addr" [/home/simics/HMoE/HLS_HMoE/pseudo_block/run_3/src/pseudo_moe.cpp:98]   --->   Operation 432 'read' 'gmem0_addr_read_33' <Predicate = (!icmp_ln94)> <Delay = 7.30> <CoreInst = "m_axi">   --->   Core 121 'm_axi' <Latency = 0> <II = 1> <Delay = 1.00> <Adapter> <Opcode : 'read' 'write' 'readreq' 'writereq' 'writeresp'>
ST_43 : Operation 433 [1/1] (7.30ns)   --->   "%gmem1_addr_read_41 = read i32 @_ssdm_op_Read.m_axi.p1i32, i64 %gmem1_addr" [/home/simics/HMoE/HLS_HMoE/pseudo_block/run_3/src/pseudo_moe.cpp:98]   --->   Operation 433 'read' 'gmem1_addr_read_41' <Predicate = (!icmp_ln94)> <Delay = 7.30> <CoreInst = "m_axi">   --->   Core 121 'm_axi' <Latency = 0> <II = 1> <Delay = 1.00> <Adapter> <Opcode : 'read' 'write' 'readreq' 'writereq' 'writeresp'>

State 44 <SV = 43> <Delay = 7.30>
ST_44 : Operation 434 [1/2] (6.04ns)   --->   "%acc_16 = fadd i32 %acc_15, i32 %mul15_14" [/home/simics/HMoE/HLS_HMoE/pseudo_block/run_3/src/pseudo_moe.cpp:98]   --->   Operation 434 'fadd' 'acc_16' <Predicate = (!icmp_ln94)> <Delay = 6.04> <CoreInst = "FAddSub_fulldsp">   --->   Core 18 'FAddSub_fulldsp' <Latency = 1> <II = 1> <Delay = 6.04> <FuncUnit> <Opcode : 'fadd' 'fsub'> <InPorts = 2> <OutPorts = 1>
ST_44 : Operation 435 [1/2] (3.88ns)   --->   "%mul15_31 = fmul i32 %bitcast_ln98_64, i32 %bitcast_ln98_65" [/home/simics/HMoE/HLS_HMoE/pseudo_block/run_3/src/pseudo_moe.cpp:98]   --->   Operation 435 'fmul' 'mul15_31' <Predicate = (!icmp_ln94)> <Delay = 3.88> <CoreInst = "FMul_maxdsp">   --->   Core 30 'FMul_maxdsp' <Latency = 1> <II = 1> <Delay = 3.88> <FuncUnit> <Opcode : 'fmul'> <InPorts = 2> <OutPorts = 1>
ST_44 : Operation 436 [1/1] (0.00ns)   --->   "%bitcast_ln98_66 = bitcast i32 %gmem0_addr_read_33" [/home/simics/HMoE/HLS_HMoE/pseudo_block/run_3/src/pseudo_moe.cpp:98]   --->   Operation 436 'bitcast' 'bitcast_ln98_66' <Predicate = (!icmp_ln94)> <Delay = 0.00>
ST_44 : Operation 437 [1/1] (0.00ns)   --->   "%bitcast_ln98_67 = bitcast i32 %gmem1_addr_read_33" [/home/simics/HMoE/HLS_HMoE/pseudo_block/run_3/src/pseudo_moe.cpp:98]   --->   Operation 437 'bitcast' 'bitcast_ln98_67' <Predicate = (!icmp_ln94)> <Delay = 0.00>
ST_44 : Operation 438 [2/2] (4.20ns)   --->   "%mul15_32 = fmul i32 %bitcast_ln98_66, i32 %bitcast_ln98_67" [/home/simics/HMoE/HLS_HMoE/pseudo_block/run_3/src/pseudo_moe.cpp:98]   --->   Operation 438 'fmul' 'mul15_32' <Predicate = (!icmp_ln94)> <Delay = 4.20> <CoreInst = "FMul_maxdsp">   --->   Core 30 'FMul_maxdsp' <Latency = 1> <II = 1> <Delay = 3.88> <FuncUnit> <Opcode : 'fmul'> <InPorts = 2> <OutPorts = 1>
ST_44 : Operation 439 [1/1] (7.30ns)   --->   "%gmem0_addr_read_34 = read i32 @_ssdm_op_Read.m_axi.p1i32, i64 %gmem0_addr" [/home/simics/HMoE/HLS_HMoE/pseudo_block/run_3/src/pseudo_moe.cpp:98]   --->   Operation 439 'read' 'gmem0_addr_read_34' <Predicate = (!icmp_ln94)> <Delay = 7.30> <CoreInst = "m_axi">   --->   Core 121 'm_axi' <Latency = 0> <II = 1> <Delay = 1.00> <Adapter> <Opcode : 'read' 'write' 'readreq' 'writereq' 'writeresp'>
ST_44 : Operation 440 [1/1] (7.30ns)   --->   "%gmem1_addr_read_42 = read i32 @_ssdm_op_Read.m_axi.p1i32, i64 %gmem1_addr" [/home/simics/HMoE/HLS_HMoE/pseudo_block/run_3/src/pseudo_moe.cpp:98]   --->   Operation 440 'read' 'gmem1_addr_read_42' <Predicate = (!icmp_ln94)> <Delay = 7.30> <CoreInst = "m_axi">   --->   Core 121 'm_axi' <Latency = 0> <II = 1> <Delay = 1.00> <Adapter> <Opcode : 'read' 'write' 'readreq' 'writereq' 'writeresp'>

State 45 <SV = 44> <Delay = 7.30>
ST_45 : Operation 441 [2/2] (6.36ns)   --->   "%acc_17 = fadd i32 %acc_16, i32 %mul15_15" [/home/simics/HMoE/HLS_HMoE/pseudo_block/run_3/src/pseudo_moe.cpp:98]   --->   Operation 441 'fadd' 'acc_17' <Predicate = (!icmp_ln94)> <Delay = 6.36> <CoreInst = "FAddSub_fulldsp">   --->   Core 18 'FAddSub_fulldsp' <Latency = 1> <II = 1> <Delay = 6.04> <FuncUnit> <Opcode : 'fadd' 'fsub'> <InPorts = 2> <OutPorts = 1>
ST_45 : Operation 442 [1/2] (3.88ns)   --->   "%mul15_32 = fmul i32 %bitcast_ln98_66, i32 %bitcast_ln98_67" [/home/simics/HMoE/HLS_HMoE/pseudo_block/run_3/src/pseudo_moe.cpp:98]   --->   Operation 442 'fmul' 'mul15_32' <Predicate = (!icmp_ln94)> <Delay = 3.88> <CoreInst = "FMul_maxdsp">   --->   Core 30 'FMul_maxdsp' <Latency = 1> <II = 1> <Delay = 3.88> <FuncUnit> <Opcode : 'fmul'> <InPorts = 2> <OutPorts = 1>
ST_45 : Operation 443 [1/1] (0.00ns)   --->   "%bitcast_ln98_68 = bitcast i32 %gmem0_addr_read_34" [/home/simics/HMoE/HLS_HMoE/pseudo_block/run_3/src/pseudo_moe.cpp:98]   --->   Operation 443 'bitcast' 'bitcast_ln98_68' <Predicate = (!icmp_ln94)> <Delay = 0.00>
ST_45 : Operation 444 [1/1] (0.00ns)   --->   "%bitcast_ln98_69 = bitcast i32 %gmem1_addr_read_34" [/home/simics/HMoE/HLS_HMoE/pseudo_block/run_3/src/pseudo_moe.cpp:98]   --->   Operation 444 'bitcast' 'bitcast_ln98_69' <Predicate = (!icmp_ln94)> <Delay = 0.00>
ST_45 : Operation 445 [2/2] (4.20ns)   --->   "%mul15_33 = fmul i32 %bitcast_ln98_68, i32 %bitcast_ln98_69" [/home/simics/HMoE/HLS_HMoE/pseudo_block/run_3/src/pseudo_moe.cpp:98]   --->   Operation 445 'fmul' 'mul15_33' <Predicate = (!icmp_ln94)> <Delay = 4.20> <CoreInst = "FMul_maxdsp">   --->   Core 30 'FMul_maxdsp' <Latency = 1> <II = 1> <Delay = 3.88> <FuncUnit> <Opcode : 'fmul'> <InPorts = 2> <OutPorts = 1>
ST_45 : Operation 446 [1/1] (7.30ns)   --->   "%gmem0_addr_read_35 = read i32 @_ssdm_op_Read.m_axi.p1i32, i64 %gmem0_addr" [/home/simics/HMoE/HLS_HMoE/pseudo_block/run_3/src/pseudo_moe.cpp:98]   --->   Operation 446 'read' 'gmem0_addr_read_35' <Predicate = (!icmp_ln94)> <Delay = 7.30> <CoreInst = "m_axi">   --->   Core 121 'm_axi' <Latency = 0> <II = 1> <Delay = 1.00> <Adapter> <Opcode : 'read' 'write' 'readreq' 'writereq' 'writeresp'>
ST_45 : Operation 447 [1/1] (7.30ns)   --->   "%gmem1_addr_read_43 = read i32 @_ssdm_op_Read.m_axi.p1i32, i64 %gmem1_addr" [/home/simics/HMoE/HLS_HMoE/pseudo_block/run_3/src/pseudo_moe.cpp:98]   --->   Operation 447 'read' 'gmem1_addr_read_43' <Predicate = (!icmp_ln94)> <Delay = 7.30> <CoreInst = "m_axi">   --->   Core 121 'm_axi' <Latency = 0> <II = 1> <Delay = 1.00> <Adapter> <Opcode : 'read' 'write' 'readreq' 'writereq' 'writeresp'>

State 46 <SV = 45> <Delay = 7.30>
ST_46 : Operation 448 [1/2] (6.04ns)   --->   "%acc_17 = fadd i32 %acc_16, i32 %mul15_15" [/home/simics/HMoE/HLS_HMoE/pseudo_block/run_3/src/pseudo_moe.cpp:98]   --->   Operation 448 'fadd' 'acc_17' <Predicate = (!icmp_ln94)> <Delay = 6.04> <CoreInst = "FAddSub_fulldsp">   --->   Core 18 'FAddSub_fulldsp' <Latency = 1> <II = 1> <Delay = 6.04> <FuncUnit> <Opcode : 'fadd' 'fsub'> <InPorts = 2> <OutPorts = 1>
ST_46 : Operation 449 [1/2] (3.88ns)   --->   "%mul15_33 = fmul i32 %bitcast_ln98_68, i32 %bitcast_ln98_69" [/home/simics/HMoE/HLS_HMoE/pseudo_block/run_3/src/pseudo_moe.cpp:98]   --->   Operation 449 'fmul' 'mul15_33' <Predicate = (!icmp_ln94)> <Delay = 3.88> <CoreInst = "FMul_maxdsp">   --->   Core 30 'FMul_maxdsp' <Latency = 1> <II = 1> <Delay = 3.88> <FuncUnit> <Opcode : 'fmul'> <InPorts = 2> <OutPorts = 1>
ST_46 : Operation 450 [1/1] (0.00ns)   --->   "%bitcast_ln98_70 = bitcast i32 %gmem0_addr_read_35" [/home/simics/HMoE/HLS_HMoE/pseudo_block/run_3/src/pseudo_moe.cpp:98]   --->   Operation 450 'bitcast' 'bitcast_ln98_70' <Predicate = (!icmp_ln94)> <Delay = 0.00>
ST_46 : Operation 451 [1/1] (0.00ns)   --->   "%bitcast_ln98_71 = bitcast i32 %gmem1_addr_read_35" [/home/simics/HMoE/HLS_HMoE/pseudo_block/run_3/src/pseudo_moe.cpp:98]   --->   Operation 451 'bitcast' 'bitcast_ln98_71' <Predicate = (!icmp_ln94)> <Delay = 0.00>
ST_46 : Operation 452 [2/2] (4.20ns)   --->   "%mul15_34 = fmul i32 %bitcast_ln98_70, i32 %bitcast_ln98_71" [/home/simics/HMoE/HLS_HMoE/pseudo_block/run_3/src/pseudo_moe.cpp:98]   --->   Operation 452 'fmul' 'mul15_34' <Predicate = (!icmp_ln94)> <Delay = 4.20> <CoreInst = "FMul_maxdsp">   --->   Core 30 'FMul_maxdsp' <Latency = 1> <II = 1> <Delay = 3.88> <FuncUnit> <Opcode : 'fmul'> <InPorts = 2> <OutPorts = 1>
ST_46 : Operation 453 [1/1] (7.30ns)   --->   "%gmem0_addr_read_36 = read i32 @_ssdm_op_Read.m_axi.p1i32, i64 %gmem0_addr" [/home/simics/HMoE/HLS_HMoE/pseudo_block/run_3/src/pseudo_moe.cpp:98]   --->   Operation 453 'read' 'gmem0_addr_read_36' <Predicate = (!icmp_ln94)> <Delay = 7.30> <CoreInst = "m_axi">   --->   Core 121 'm_axi' <Latency = 0> <II = 1> <Delay = 1.00> <Adapter> <Opcode : 'read' 'write' 'readreq' 'writereq' 'writeresp'>
ST_46 : Operation 454 [1/1] (7.30ns)   --->   "%gmem1_addr_read_44 = read i32 @_ssdm_op_Read.m_axi.p1i32, i64 %gmem1_addr" [/home/simics/HMoE/HLS_HMoE/pseudo_block/run_3/src/pseudo_moe.cpp:98]   --->   Operation 454 'read' 'gmem1_addr_read_44' <Predicate = (!icmp_ln94)> <Delay = 7.30> <CoreInst = "m_axi">   --->   Core 121 'm_axi' <Latency = 0> <II = 1> <Delay = 1.00> <Adapter> <Opcode : 'read' 'write' 'readreq' 'writereq' 'writeresp'>

State 47 <SV = 46> <Delay = 7.30>
ST_47 : Operation 455 [2/2] (6.36ns)   --->   "%acc_18 = fadd i32 %acc_17, i32 %mul15_16" [/home/simics/HMoE/HLS_HMoE/pseudo_block/run_3/src/pseudo_moe.cpp:98]   --->   Operation 455 'fadd' 'acc_18' <Predicate = (!icmp_ln94)> <Delay = 6.36> <CoreInst = "FAddSub_fulldsp">   --->   Core 18 'FAddSub_fulldsp' <Latency = 1> <II = 1> <Delay = 6.04> <FuncUnit> <Opcode : 'fadd' 'fsub'> <InPorts = 2> <OutPorts = 1>
ST_47 : Operation 456 [1/2] (3.88ns)   --->   "%mul15_34 = fmul i32 %bitcast_ln98_70, i32 %bitcast_ln98_71" [/home/simics/HMoE/HLS_HMoE/pseudo_block/run_3/src/pseudo_moe.cpp:98]   --->   Operation 456 'fmul' 'mul15_34' <Predicate = (!icmp_ln94)> <Delay = 3.88> <CoreInst = "FMul_maxdsp">   --->   Core 30 'FMul_maxdsp' <Latency = 1> <II = 1> <Delay = 3.88> <FuncUnit> <Opcode : 'fmul'> <InPorts = 2> <OutPorts = 1>
ST_47 : Operation 457 [1/1] (0.00ns)   --->   "%bitcast_ln98_72 = bitcast i32 %gmem0_addr_read_36" [/home/simics/HMoE/HLS_HMoE/pseudo_block/run_3/src/pseudo_moe.cpp:98]   --->   Operation 457 'bitcast' 'bitcast_ln98_72' <Predicate = (!icmp_ln94)> <Delay = 0.00>
ST_47 : Operation 458 [1/1] (0.00ns)   --->   "%bitcast_ln98_73 = bitcast i32 %gmem1_addr_read_36" [/home/simics/HMoE/HLS_HMoE/pseudo_block/run_3/src/pseudo_moe.cpp:98]   --->   Operation 458 'bitcast' 'bitcast_ln98_73' <Predicate = (!icmp_ln94)> <Delay = 0.00>
ST_47 : Operation 459 [2/2] (4.20ns)   --->   "%mul15_35 = fmul i32 %bitcast_ln98_72, i32 %bitcast_ln98_73" [/home/simics/HMoE/HLS_HMoE/pseudo_block/run_3/src/pseudo_moe.cpp:98]   --->   Operation 459 'fmul' 'mul15_35' <Predicate = (!icmp_ln94)> <Delay = 4.20> <CoreInst = "FMul_maxdsp">   --->   Core 30 'FMul_maxdsp' <Latency = 1> <II = 1> <Delay = 3.88> <FuncUnit> <Opcode : 'fmul'> <InPorts = 2> <OutPorts = 1>
ST_47 : Operation 460 [1/1] (7.30ns)   --->   "%gmem0_addr_read_37 = read i32 @_ssdm_op_Read.m_axi.p1i32, i64 %gmem0_addr" [/home/simics/HMoE/HLS_HMoE/pseudo_block/run_3/src/pseudo_moe.cpp:98]   --->   Operation 460 'read' 'gmem0_addr_read_37' <Predicate = (!icmp_ln94)> <Delay = 7.30> <CoreInst = "m_axi">   --->   Core 121 'm_axi' <Latency = 0> <II = 1> <Delay = 1.00> <Adapter> <Opcode : 'read' 'write' 'readreq' 'writereq' 'writeresp'>
ST_47 : Operation 461 [1/1] (7.30ns)   --->   "%gmem1_addr_read_45 = read i32 @_ssdm_op_Read.m_axi.p1i32, i64 %gmem1_addr" [/home/simics/HMoE/HLS_HMoE/pseudo_block/run_3/src/pseudo_moe.cpp:98]   --->   Operation 461 'read' 'gmem1_addr_read_45' <Predicate = (!icmp_ln94)> <Delay = 7.30> <CoreInst = "m_axi">   --->   Core 121 'm_axi' <Latency = 0> <II = 1> <Delay = 1.00> <Adapter> <Opcode : 'read' 'write' 'readreq' 'writereq' 'writeresp'>

State 48 <SV = 47> <Delay = 7.30>
ST_48 : Operation 462 [1/2] (6.04ns)   --->   "%acc_18 = fadd i32 %acc_17, i32 %mul15_16" [/home/simics/HMoE/HLS_HMoE/pseudo_block/run_3/src/pseudo_moe.cpp:98]   --->   Operation 462 'fadd' 'acc_18' <Predicate = (!icmp_ln94)> <Delay = 6.04> <CoreInst = "FAddSub_fulldsp">   --->   Core 18 'FAddSub_fulldsp' <Latency = 1> <II = 1> <Delay = 6.04> <FuncUnit> <Opcode : 'fadd' 'fsub'> <InPorts = 2> <OutPorts = 1>
ST_48 : Operation 463 [1/2] (3.88ns)   --->   "%mul15_35 = fmul i32 %bitcast_ln98_72, i32 %bitcast_ln98_73" [/home/simics/HMoE/HLS_HMoE/pseudo_block/run_3/src/pseudo_moe.cpp:98]   --->   Operation 463 'fmul' 'mul15_35' <Predicate = (!icmp_ln94)> <Delay = 3.88> <CoreInst = "FMul_maxdsp">   --->   Core 30 'FMul_maxdsp' <Latency = 1> <II = 1> <Delay = 3.88> <FuncUnit> <Opcode : 'fmul'> <InPorts = 2> <OutPorts = 1>
ST_48 : Operation 464 [1/1] (0.00ns)   --->   "%bitcast_ln98_74 = bitcast i32 %gmem0_addr_read_37" [/home/simics/HMoE/HLS_HMoE/pseudo_block/run_3/src/pseudo_moe.cpp:98]   --->   Operation 464 'bitcast' 'bitcast_ln98_74' <Predicate = (!icmp_ln94)> <Delay = 0.00>
ST_48 : Operation 465 [1/1] (0.00ns)   --->   "%bitcast_ln98_75 = bitcast i32 %gmem1_addr_read_37" [/home/simics/HMoE/HLS_HMoE/pseudo_block/run_3/src/pseudo_moe.cpp:98]   --->   Operation 465 'bitcast' 'bitcast_ln98_75' <Predicate = (!icmp_ln94)> <Delay = 0.00>
ST_48 : Operation 466 [2/2] (4.20ns)   --->   "%mul15_36 = fmul i32 %bitcast_ln98_74, i32 %bitcast_ln98_75" [/home/simics/HMoE/HLS_HMoE/pseudo_block/run_3/src/pseudo_moe.cpp:98]   --->   Operation 466 'fmul' 'mul15_36' <Predicate = (!icmp_ln94)> <Delay = 4.20> <CoreInst = "FMul_maxdsp">   --->   Core 30 'FMul_maxdsp' <Latency = 1> <II = 1> <Delay = 3.88> <FuncUnit> <Opcode : 'fmul'> <InPorts = 2> <OutPorts = 1>
ST_48 : Operation 467 [1/1] (7.30ns)   --->   "%gmem0_addr_read_38 = read i32 @_ssdm_op_Read.m_axi.p1i32, i64 %gmem0_addr" [/home/simics/HMoE/HLS_HMoE/pseudo_block/run_3/src/pseudo_moe.cpp:98]   --->   Operation 467 'read' 'gmem0_addr_read_38' <Predicate = (!icmp_ln94)> <Delay = 7.30> <CoreInst = "m_axi">   --->   Core 121 'm_axi' <Latency = 0> <II = 1> <Delay = 1.00> <Adapter> <Opcode : 'read' 'write' 'readreq' 'writereq' 'writeresp'>
ST_48 : Operation 468 [1/1] (7.30ns)   --->   "%gmem1_addr_read_46 = read i32 @_ssdm_op_Read.m_axi.p1i32, i64 %gmem1_addr" [/home/simics/HMoE/HLS_HMoE/pseudo_block/run_3/src/pseudo_moe.cpp:98]   --->   Operation 468 'read' 'gmem1_addr_read_46' <Predicate = (!icmp_ln94)> <Delay = 7.30> <CoreInst = "m_axi">   --->   Core 121 'm_axi' <Latency = 0> <II = 1> <Delay = 1.00> <Adapter> <Opcode : 'read' 'write' 'readreq' 'writereq' 'writeresp'>

State 49 <SV = 48> <Delay = 7.30>
ST_49 : Operation 469 [2/2] (6.36ns)   --->   "%acc_19 = fadd i32 %acc_18, i32 %mul15_17" [/home/simics/HMoE/HLS_HMoE/pseudo_block/run_3/src/pseudo_moe.cpp:98]   --->   Operation 469 'fadd' 'acc_19' <Predicate = (!icmp_ln94)> <Delay = 6.36> <CoreInst = "FAddSub_fulldsp">   --->   Core 18 'FAddSub_fulldsp' <Latency = 1> <II = 1> <Delay = 6.04> <FuncUnit> <Opcode : 'fadd' 'fsub'> <InPorts = 2> <OutPorts = 1>
ST_49 : Operation 470 [1/2] (3.88ns)   --->   "%mul15_36 = fmul i32 %bitcast_ln98_74, i32 %bitcast_ln98_75" [/home/simics/HMoE/HLS_HMoE/pseudo_block/run_3/src/pseudo_moe.cpp:98]   --->   Operation 470 'fmul' 'mul15_36' <Predicate = (!icmp_ln94)> <Delay = 3.88> <CoreInst = "FMul_maxdsp">   --->   Core 30 'FMul_maxdsp' <Latency = 1> <II = 1> <Delay = 3.88> <FuncUnit> <Opcode : 'fmul'> <InPorts = 2> <OutPorts = 1>
ST_49 : Operation 471 [1/1] (0.00ns)   --->   "%bitcast_ln98_76 = bitcast i32 %gmem0_addr_read_38" [/home/simics/HMoE/HLS_HMoE/pseudo_block/run_3/src/pseudo_moe.cpp:98]   --->   Operation 471 'bitcast' 'bitcast_ln98_76' <Predicate = (!icmp_ln94)> <Delay = 0.00>
ST_49 : Operation 472 [1/1] (0.00ns)   --->   "%bitcast_ln98_77 = bitcast i32 %gmem1_addr_read_38" [/home/simics/HMoE/HLS_HMoE/pseudo_block/run_3/src/pseudo_moe.cpp:98]   --->   Operation 472 'bitcast' 'bitcast_ln98_77' <Predicate = (!icmp_ln94)> <Delay = 0.00>
ST_49 : Operation 473 [2/2] (4.20ns)   --->   "%mul15_37 = fmul i32 %bitcast_ln98_76, i32 %bitcast_ln98_77" [/home/simics/HMoE/HLS_HMoE/pseudo_block/run_3/src/pseudo_moe.cpp:98]   --->   Operation 473 'fmul' 'mul15_37' <Predicate = (!icmp_ln94)> <Delay = 4.20> <CoreInst = "FMul_maxdsp">   --->   Core 30 'FMul_maxdsp' <Latency = 1> <II = 1> <Delay = 3.88> <FuncUnit> <Opcode : 'fmul'> <InPorts = 2> <OutPorts = 1>
ST_49 : Operation 474 [1/1] (7.30ns)   --->   "%gmem0_addr_read_39 = read i32 @_ssdm_op_Read.m_axi.p1i32, i64 %gmem0_addr" [/home/simics/HMoE/HLS_HMoE/pseudo_block/run_3/src/pseudo_moe.cpp:98]   --->   Operation 474 'read' 'gmem0_addr_read_39' <Predicate = (!icmp_ln94)> <Delay = 7.30> <CoreInst = "m_axi">   --->   Core 121 'm_axi' <Latency = 0> <II = 1> <Delay = 1.00> <Adapter> <Opcode : 'read' 'write' 'readreq' 'writereq' 'writeresp'>
ST_49 : Operation 475 [1/1] (7.30ns)   --->   "%gmem1_addr_read_47 = read i32 @_ssdm_op_Read.m_axi.p1i32, i64 %gmem1_addr" [/home/simics/HMoE/HLS_HMoE/pseudo_block/run_3/src/pseudo_moe.cpp:98]   --->   Operation 475 'read' 'gmem1_addr_read_47' <Predicate = (!icmp_ln94)> <Delay = 7.30> <CoreInst = "m_axi">   --->   Core 121 'm_axi' <Latency = 0> <II = 1> <Delay = 1.00> <Adapter> <Opcode : 'read' 'write' 'readreq' 'writereq' 'writeresp'>

State 50 <SV = 49> <Delay = 7.30>
ST_50 : Operation 476 [1/2] (6.04ns)   --->   "%acc_19 = fadd i32 %acc_18, i32 %mul15_17" [/home/simics/HMoE/HLS_HMoE/pseudo_block/run_3/src/pseudo_moe.cpp:98]   --->   Operation 476 'fadd' 'acc_19' <Predicate = (!icmp_ln94)> <Delay = 6.04> <CoreInst = "FAddSub_fulldsp">   --->   Core 18 'FAddSub_fulldsp' <Latency = 1> <II = 1> <Delay = 6.04> <FuncUnit> <Opcode : 'fadd' 'fsub'> <InPorts = 2> <OutPorts = 1>
ST_50 : Operation 477 [1/2] (3.88ns)   --->   "%mul15_37 = fmul i32 %bitcast_ln98_76, i32 %bitcast_ln98_77" [/home/simics/HMoE/HLS_HMoE/pseudo_block/run_3/src/pseudo_moe.cpp:98]   --->   Operation 477 'fmul' 'mul15_37' <Predicate = (!icmp_ln94)> <Delay = 3.88> <CoreInst = "FMul_maxdsp">   --->   Core 30 'FMul_maxdsp' <Latency = 1> <II = 1> <Delay = 3.88> <FuncUnit> <Opcode : 'fmul'> <InPorts = 2> <OutPorts = 1>
ST_50 : Operation 478 [1/1] (0.00ns)   --->   "%bitcast_ln98_78 = bitcast i32 %gmem0_addr_read_39" [/home/simics/HMoE/HLS_HMoE/pseudo_block/run_3/src/pseudo_moe.cpp:98]   --->   Operation 478 'bitcast' 'bitcast_ln98_78' <Predicate = (!icmp_ln94)> <Delay = 0.00>
ST_50 : Operation 479 [1/1] (0.00ns)   --->   "%bitcast_ln98_79 = bitcast i32 %gmem1_addr_read_39" [/home/simics/HMoE/HLS_HMoE/pseudo_block/run_3/src/pseudo_moe.cpp:98]   --->   Operation 479 'bitcast' 'bitcast_ln98_79' <Predicate = (!icmp_ln94)> <Delay = 0.00>
ST_50 : Operation 480 [2/2] (4.20ns)   --->   "%mul15_38 = fmul i32 %bitcast_ln98_78, i32 %bitcast_ln98_79" [/home/simics/HMoE/HLS_HMoE/pseudo_block/run_3/src/pseudo_moe.cpp:98]   --->   Operation 480 'fmul' 'mul15_38' <Predicate = (!icmp_ln94)> <Delay = 4.20> <CoreInst = "FMul_maxdsp">   --->   Core 30 'FMul_maxdsp' <Latency = 1> <II = 1> <Delay = 3.88> <FuncUnit> <Opcode : 'fmul'> <InPorts = 2> <OutPorts = 1>
ST_50 : Operation 481 [1/1] (7.30ns)   --->   "%gmem0_addr_read_40 = read i32 @_ssdm_op_Read.m_axi.p1i32, i64 %gmem0_addr" [/home/simics/HMoE/HLS_HMoE/pseudo_block/run_3/src/pseudo_moe.cpp:98]   --->   Operation 481 'read' 'gmem0_addr_read_40' <Predicate = (!icmp_ln94)> <Delay = 7.30> <CoreInst = "m_axi">   --->   Core 121 'm_axi' <Latency = 0> <II = 1> <Delay = 1.00> <Adapter> <Opcode : 'read' 'write' 'readreq' 'writereq' 'writeresp'>
ST_50 : Operation 482 [1/1] (7.30ns)   --->   "%gmem1_addr_read_48 = read i32 @_ssdm_op_Read.m_axi.p1i32, i64 %gmem1_addr" [/home/simics/HMoE/HLS_HMoE/pseudo_block/run_3/src/pseudo_moe.cpp:98]   --->   Operation 482 'read' 'gmem1_addr_read_48' <Predicate = (!icmp_ln94)> <Delay = 7.30> <CoreInst = "m_axi">   --->   Core 121 'm_axi' <Latency = 0> <II = 1> <Delay = 1.00> <Adapter> <Opcode : 'read' 'write' 'readreq' 'writereq' 'writeresp'>

State 51 <SV = 50> <Delay = 7.30>
ST_51 : Operation 483 [2/2] (6.36ns)   --->   "%acc_20 = fadd i32 %acc_19, i32 %mul15_18" [/home/simics/HMoE/HLS_HMoE/pseudo_block/run_3/src/pseudo_moe.cpp:98]   --->   Operation 483 'fadd' 'acc_20' <Predicate = (!icmp_ln94)> <Delay = 6.36> <CoreInst = "FAddSub_fulldsp">   --->   Core 18 'FAddSub_fulldsp' <Latency = 1> <II = 1> <Delay = 6.04> <FuncUnit> <Opcode : 'fadd' 'fsub'> <InPorts = 2> <OutPorts = 1>
ST_51 : Operation 484 [1/2] (3.88ns)   --->   "%mul15_38 = fmul i32 %bitcast_ln98_78, i32 %bitcast_ln98_79" [/home/simics/HMoE/HLS_HMoE/pseudo_block/run_3/src/pseudo_moe.cpp:98]   --->   Operation 484 'fmul' 'mul15_38' <Predicate = (!icmp_ln94)> <Delay = 3.88> <CoreInst = "FMul_maxdsp">   --->   Core 30 'FMul_maxdsp' <Latency = 1> <II = 1> <Delay = 3.88> <FuncUnit> <Opcode : 'fmul'> <InPorts = 2> <OutPorts = 1>
ST_51 : Operation 485 [1/1] (0.00ns)   --->   "%bitcast_ln98_80 = bitcast i32 %gmem0_addr_read_40" [/home/simics/HMoE/HLS_HMoE/pseudo_block/run_3/src/pseudo_moe.cpp:98]   --->   Operation 485 'bitcast' 'bitcast_ln98_80' <Predicate = (!icmp_ln94)> <Delay = 0.00>
ST_51 : Operation 486 [1/1] (0.00ns)   --->   "%bitcast_ln98_81 = bitcast i32 %gmem1_addr_read_40" [/home/simics/HMoE/HLS_HMoE/pseudo_block/run_3/src/pseudo_moe.cpp:98]   --->   Operation 486 'bitcast' 'bitcast_ln98_81' <Predicate = (!icmp_ln94)> <Delay = 0.00>
ST_51 : Operation 487 [2/2] (4.20ns)   --->   "%mul15_39 = fmul i32 %bitcast_ln98_80, i32 %bitcast_ln98_81" [/home/simics/HMoE/HLS_HMoE/pseudo_block/run_3/src/pseudo_moe.cpp:98]   --->   Operation 487 'fmul' 'mul15_39' <Predicate = (!icmp_ln94)> <Delay = 4.20> <CoreInst = "FMul_maxdsp">   --->   Core 30 'FMul_maxdsp' <Latency = 1> <II = 1> <Delay = 3.88> <FuncUnit> <Opcode : 'fmul'> <InPorts = 2> <OutPorts = 1>
ST_51 : Operation 488 [1/1] (7.30ns)   --->   "%gmem0_addr_read_41 = read i32 @_ssdm_op_Read.m_axi.p1i32, i64 %gmem0_addr" [/home/simics/HMoE/HLS_HMoE/pseudo_block/run_3/src/pseudo_moe.cpp:98]   --->   Operation 488 'read' 'gmem0_addr_read_41' <Predicate = (!icmp_ln94)> <Delay = 7.30> <CoreInst = "m_axi">   --->   Core 121 'm_axi' <Latency = 0> <II = 1> <Delay = 1.00> <Adapter> <Opcode : 'read' 'write' 'readreq' 'writereq' 'writeresp'>
ST_51 : Operation 489 [1/1] (7.30ns)   --->   "%gmem1_addr_read_49 = read i32 @_ssdm_op_Read.m_axi.p1i32, i64 %gmem1_addr" [/home/simics/HMoE/HLS_HMoE/pseudo_block/run_3/src/pseudo_moe.cpp:98]   --->   Operation 489 'read' 'gmem1_addr_read_49' <Predicate = (!icmp_ln94)> <Delay = 7.30> <CoreInst = "m_axi">   --->   Core 121 'm_axi' <Latency = 0> <II = 1> <Delay = 1.00> <Adapter> <Opcode : 'read' 'write' 'readreq' 'writereq' 'writeresp'>

State 52 <SV = 51> <Delay = 7.30>
ST_52 : Operation 490 [1/2] (6.04ns)   --->   "%acc_20 = fadd i32 %acc_19, i32 %mul15_18" [/home/simics/HMoE/HLS_HMoE/pseudo_block/run_3/src/pseudo_moe.cpp:98]   --->   Operation 490 'fadd' 'acc_20' <Predicate = (!icmp_ln94)> <Delay = 6.04> <CoreInst = "FAddSub_fulldsp">   --->   Core 18 'FAddSub_fulldsp' <Latency = 1> <II = 1> <Delay = 6.04> <FuncUnit> <Opcode : 'fadd' 'fsub'> <InPorts = 2> <OutPorts = 1>
ST_52 : Operation 491 [1/2] (3.88ns)   --->   "%mul15_39 = fmul i32 %bitcast_ln98_80, i32 %bitcast_ln98_81" [/home/simics/HMoE/HLS_HMoE/pseudo_block/run_3/src/pseudo_moe.cpp:98]   --->   Operation 491 'fmul' 'mul15_39' <Predicate = (!icmp_ln94)> <Delay = 3.88> <CoreInst = "FMul_maxdsp">   --->   Core 30 'FMul_maxdsp' <Latency = 1> <II = 1> <Delay = 3.88> <FuncUnit> <Opcode : 'fmul'> <InPorts = 2> <OutPorts = 1>
ST_52 : Operation 492 [1/1] (0.00ns)   --->   "%bitcast_ln98_82 = bitcast i32 %gmem0_addr_read_41" [/home/simics/HMoE/HLS_HMoE/pseudo_block/run_3/src/pseudo_moe.cpp:98]   --->   Operation 492 'bitcast' 'bitcast_ln98_82' <Predicate = (!icmp_ln94)> <Delay = 0.00>
ST_52 : Operation 493 [1/1] (0.00ns)   --->   "%bitcast_ln98_83 = bitcast i32 %gmem1_addr_read_41" [/home/simics/HMoE/HLS_HMoE/pseudo_block/run_3/src/pseudo_moe.cpp:98]   --->   Operation 493 'bitcast' 'bitcast_ln98_83' <Predicate = (!icmp_ln94)> <Delay = 0.00>
ST_52 : Operation 494 [2/2] (4.20ns)   --->   "%mul15_40 = fmul i32 %bitcast_ln98_82, i32 %bitcast_ln98_83" [/home/simics/HMoE/HLS_HMoE/pseudo_block/run_3/src/pseudo_moe.cpp:98]   --->   Operation 494 'fmul' 'mul15_40' <Predicate = (!icmp_ln94)> <Delay = 4.20> <CoreInst = "FMul_maxdsp">   --->   Core 30 'FMul_maxdsp' <Latency = 1> <II = 1> <Delay = 3.88> <FuncUnit> <Opcode : 'fmul'> <InPorts = 2> <OutPorts = 1>
ST_52 : Operation 495 [1/1] (7.30ns)   --->   "%gmem0_addr_read_42 = read i32 @_ssdm_op_Read.m_axi.p1i32, i64 %gmem0_addr" [/home/simics/HMoE/HLS_HMoE/pseudo_block/run_3/src/pseudo_moe.cpp:98]   --->   Operation 495 'read' 'gmem0_addr_read_42' <Predicate = (!icmp_ln94)> <Delay = 7.30> <CoreInst = "m_axi">   --->   Core 121 'm_axi' <Latency = 0> <II = 1> <Delay = 1.00> <Adapter> <Opcode : 'read' 'write' 'readreq' 'writereq' 'writeresp'>
ST_52 : Operation 496 [1/1] (7.30ns)   --->   "%gmem1_addr_read_50 = read i32 @_ssdm_op_Read.m_axi.p1i32, i64 %gmem1_addr" [/home/simics/HMoE/HLS_HMoE/pseudo_block/run_3/src/pseudo_moe.cpp:98]   --->   Operation 496 'read' 'gmem1_addr_read_50' <Predicate = (!icmp_ln94)> <Delay = 7.30> <CoreInst = "m_axi">   --->   Core 121 'm_axi' <Latency = 0> <II = 1> <Delay = 1.00> <Adapter> <Opcode : 'read' 'write' 'readreq' 'writereq' 'writeresp'>

State 53 <SV = 52> <Delay = 7.30>
ST_53 : Operation 497 [2/2] (6.36ns)   --->   "%acc_21 = fadd i32 %acc_20, i32 %mul15_19" [/home/simics/HMoE/HLS_HMoE/pseudo_block/run_3/src/pseudo_moe.cpp:98]   --->   Operation 497 'fadd' 'acc_21' <Predicate = (!icmp_ln94)> <Delay = 6.36> <CoreInst = "FAddSub_fulldsp">   --->   Core 18 'FAddSub_fulldsp' <Latency = 1> <II = 1> <Delay = 6.04> <FuncUnit> <Opcode : 'fadd' 'fsub'> <InPorts = 2> <OutPorts = 1>
ST_53 : Operation 498 [1/2] (3.88ns)   --->   "%mul15_40 = fmul i32 %bitcast_ln98_82, i32 %bitcast_ln98_83" [/home/simics/HMoE/HLS_HMoE/pseudo_block/run_3/src/pseudo_moe.cpp:98]   --->   Operation 498 'fmul' 'mul15_40' <Predicate = (!icmp_ln94)> <Delay = 3.88> <CoreInst = "FMul_maxdsp">   --->   Core 30 'FMul_maxdsp' <Latency = 1> <II = 1> <Delay = 3.88> <FuncUnit> <Opcode : 'fmul'> <InPorts = 2> <OutPorts = 1>
ST_53 : Operation 499 [1/1] (0.00ns)   --->   "%bitcast_ln98_84 = bitcast i32 %gmem0_addr_read_42" [/home/simics/HMoE/HLS_HMoE/pseudo_block/run_3/src/pseudo_moe.cpp:98]   --->   Operation 499 'bitcast' 'bitcast_ln98_84' <Predicate = (!icmp_ln94)> <Delay = 0.00>
ST_53 : Operation 500 [1/1] (0.00ns)   --->   "%bitcast_ln98_85 = bitcast i32 %gmem1_addr_read_42" [/home/simics/HMoE/HLS_HMoE/pseudo_block/run_3/src/pseudo_moe.cpp:98]   --->   Operation 500 'bitcast' 'bitcast_ln98_85' <Predicate = (!icmp_ln94)> <Delay = 0.00>
ST_53 : Operation 501 [2/2] (4.20ns)   --->   "%mul15_41 = fmul i32 %bitcast_ln98_84, i32 %bitcast_ln98_85" [/home/simics/HMoE/HLS_HMoE/pseudo_block/run_3/src/pseudo_moe.cpp:98]   --->   Operation 501 'fmul' 'mul15_41' <Predicate = (!icmp_ln94)> <Delay = 4.20> <CoreInst = "FMul_maxdsp">   --->   Core 30 'FMul_maxdsp' <Latency = 1> <II = 1> <Delay = 3.88> <FuncUnit> <Opcode : 'fmul'> <InPorts = 2> <OutPorts = 1>
ST_53 : Operation 502 [1/1] (7.30ns)   --->   "%gmem0_addr_read_43 = read i32 @_ssdm_op_Read.m_axi.p1i32, i64 %gmem0_addr" [/home/simics/HMoE/HLS_HMoE/pseudo_block/run_3/src/pseudo_moe.cpp:98]   --->   Operation 502 'read' 'gmem0_addr_read_43' <Predicate = (!icmp_ln94)> <Delay = 7.30> <CoreInst = "m_axi">   --->   Core 121 'm_axi' <Latency = 0> <II = 1> <Delay = 1.00> <Adapter> <Opcode : 'read' 'write' 'readreq' 'writereq' 'writeresp'>
ST_53 : Operation 503 [1/1] (7.30ns)   --->   "%gmem1_addr_read_51 = read i32 @_ssdm_op_Read.m_axi.p1i32, i64 %gmem1_addr" [/home/simics/HMoE/HLS_HMoE/pseudo_block/run_3/src/pseudo_moe.cpp:98]   --->   Operation 503 'read' 'gmem1_addr_read_51' <Predicate = (!icmp_ln94)> <Delay = 7.30> <CoreInst = "m_axi">   --->   Core 121 'm_axi' <Latency = 0> <II = 1> <Delay = 1.00> <Adapter> <Opcode : 'read' 'write' 'readreq' 'writereq' 'writeresp'>

State 54 <SV = 53> <Delay = 7.30>
ST_54 : Operation 504 [1/2] (6.04ns)   --->   "%acc_21 = fadd i32 %acc_20, i32 %mul15_19" [/home/simics/HMoE/HLS_HMoE/pseudo_block/run_3/src/pseudo_moe.cpp:98]   --->   Operation 504 'fadd' 'acc_21' <Predicate = (!icmp_ln94)> <Delay = 6.04> <CoreInst = "FAddSub_fulldsp">   --->   Core 18 'FAddSub_fulldsp' <Latency = 1> <II = 1> <Delay = 6.04> <FuncUnit> <Opcode : 'fadd' 'fsub'> <InPorts = 2> <OutPorts = 1>
ST_54 : Operation 505 [1/2] (3.88ns)   --->   "%mul15_41 = fmul i32 %bitcast_ln98_84, i32 %bitcast_ln98_85" [/home/simics/HMoE/HLS_HMoE/pseudo_block/run_3/src/pseudo_moe.cpp:98]   --->   Operation 505 'fmul' 'mul15_41' <Predicate = (!icmp_ln94)> <Delay = 3.88> <CoreInst = "FMul_maxdsp">   --->   Core 30 'FMul_maxdsp' <Latency = 1> <II = 1> <Delay = 3.88> <FuncUnit> <Opcode : 'fmul'> <InPorts = 2> <OutPorts = 1>
ST_54 : Operation 506 [1/1] (0.00ns)   --->   "%bitcast_ln98_86 = bitcast i32 %gmem0_addr_read_43" [/home/simics/HMoE/HLS_HMoE/pseudo_block/run_3/src/pseudo_moe.cpp:98]   --->   Operation 506 'bitcast' 'bitcast_ln98_86' <Predicate = (!icmp_ln94)> <Delay = 0.00>
ST_54 : Operation 507 [1/1] (0.00ns)   --->   "%bitcast_ln98_87 = bitcast i32 %gmem1_addr_read_43" [/home/simics/HMoE/HLS_HMoE/pseudo_block/run_3/src/pseudo_moe.cpp:98]   --->   Operation 507 'bitcast' 'bitcast_ln98_87' <Predicate = (!icmp_ln94)> <Delay = 0.00>
ST_54 : Operation 508 [2/2] (4.20ns)   --->   "%mul15_42 = fmul i32 %bitcast_ln98_86, i32 %bitcast_ln98_87" [/home/simics/HMoE/HLS_HMoE/pseudo_block/run_3/src/pseudo_moe.cpp:98]   --->   Operation 508 'fmul' 'mul15_42' <Predicate = (!icmp_ln94)> <Delay = 4.20> <CoreInst = "FMul_maxdsp">   --->   Core 30 'FMul_maxdsp' <Latency = 1> <II = 1> <Delay = 3.88> <FuncUnit> <Opcode : 'fmul'> <InPorts = 2> <OutPorts = 1>
ST_54 : Operation 509 [1/1] (7.30ns)   --->   "%gmem0_addr_read_44 = read i32 @_ssdm_op_Read.m_axi.p1i32, i64 %gmem0_addr" [/home/simics/HMoE/HLS_HMoE/pseudo_block/run_3/src/pseudo_moe.cpp:98]   --->   Operation 509 'read' 'gmem0_addr_read_44' <Predicate = (!icmp_ln94)> <Delay = 7.30> <CoreInst = "m_axi">   --->   Core 121 'm_axi' <Latency = 0> <II = 1> <Delay = 1.00> <Adapter> <Opcode : 'read' 'write' 'readreq' 'writereq' 'writeresp'>
ST_54 : Operation 510 [1/1] (7.30ns)   --->   "%gmem1_addr_read_52 = read i32 @_ssdm_op_Read.m_axi.p1i32, i64 %gmem1_addr" [/home/simics/HMoE/HLS_HMoE/pseudo_block/run_3/src/pseudo_moe.cpp:98]   --->   Operation 510 'read' 'gmem1_addr_read_52' <Predicate = (!icmp_ln94)> <Delay = 7.30> <CoreInst = "m_axi">   --->   Core 121 'm_axi' <Latency = 0> <II = 1> <Delay = 1.00> <Adapter> <Opcode : 'read' 'write' 'readreq' 'writereq' 'writeresp'>

State 55 <SV = 54> <Delay = 7.30>
ST_55 : Operation 511 [2/2] (6.36ns)   --->   "%acc_22 = fadd i32 %acc_21, i32 %mul15_20" [/home/simics/HMoE/HLS_HMoE/pseudo_block/run_3/src/pseudo_moe.cpp:98]   --->   Operation 511 'fadd' 'acc_22' <Predicate = (!icmp_ln94)> <Delay = 6.36> <CoreInst = "FAddSub_fulldsp">   --->   Core 18 'FAddSub_fulldsp' <Latency = 1> <II = 1> <Delay = 6.04> <FuncUnit> <Opcode : 'fadd' 'fsub'> <InPorts = 2> <OutPorts = 1>
ST_55 : Operation 512 [1/2] (3.88ns)   --->   "%mul15_42 = fmul i32 %bitcast_ln98_86, i32 %bitcast_ln98_87" [/home/simics/HMoE/HLS_HMoE/pseudo_block/run_3/src/pseudo_moe.cpp:98]   --->   Operation 512 'fmul' 'mul15_42' <Predicate = (!icmp_ln94)> <Delay = 3.88> <CoreInst = "FMul_maxdsp">   --->   Core 30 'FMul_maxdsp' <Latency = 1> <II = 1> <Delay = 3.88> <FuncUnit> <Opcode : 'fmul'> <InPorts = 2> <OutPorts = 1>
ST_55 : Operation 513 [1/1] (0.00ns)   --->   "%bitcast_ln98_88 = bitcast i32 %gmem0_addr_read_44" [/home/simics/HMoE/HLS_HMoE/pseudo_block/run_3/src/pseudo_moe.cpp:98]   --->   Operation 513 'bitcast' 'bitcast_ln98_88' <Predicate = (!icmp_ln94)> <Delay = 0.00>
ST_55 : Operation 514 [1/1] (0.00ns)   --->   "%bitcast_ln98_89 = bitcast i32 %gmem1_addr_read_44" [/home/simics/HMoE/HLS_HMoE/pseudo_block/run_3/src/pseudo_moe.cpp:98]   --->   Operation 514 'bitcast' 'bitcast_ln98_89' <Predicate = (!icmp_ln94)> <Delay = 0.00>
ST_55 : Operation 515 [2/2] (4.20ns)   --->   "%mul15_43 = fmul i32 %bitcast_ln98_88, i32 %bitcast_ln98_89" [/home/simics/HMoE/HLS_HMoE/pseudo_block/run_3/src/pseudo_moe.cpp:98]   --->   Operation 515 'fmul' 'mul15_43' <Predicate = (!icmp_ln94)> <Delay = 4.20> <CoreInst = "FMul_maxdsp">   --->   Core 30 'FMul_maxdsp' <Latency = 1> <II = 1> <Delay = 3.88> <FuncUnit> <Opcode : 'fmul'> <InPorts = 2> <OutPorts = 1>
ST_55 : Operation 516 [1/1] (7.30ns)   --->   "%gmem0_addr_read_45 = read i32 @_ssdm_op_Read.m_axi.p1i32, i64 %gmem0_addr" [/home/simics/HMoE/HLS_HMoE/pseudo_block/run_3/src/pseudo_moe.cpp:98]   --->   Operation 516 'read' 'gmem0_addr_read_45' <Predicate = (!icmp_ln94)> <Delay = 7.30> <CoreInst = "m_axi">   --->   Core 121 'm_axi' <Latency = 0> <II = 1> <Delay = 1.00> <Adapter> <Opcode : 'read' 'write' 'readreq' 'writereq' 'writeresp'>
ST_55 : Operation 517 [1/1] (7.30ns)   --->   "%gmem1_addr_read_53 = read i32 @_ssdm_op_Read.m_axi.p1i32, i64 %gmem1_addr" [/home/simics/HMoE/HLS_HMoE/pseudo_block/run_3/src/pseudo_moe.cpp:98]   --->   Operation 517 'read' 'gmem1_addr_read_53' <Predicate = (!icmp_ln94)> <Delay = 7.30> <CoreInst = "m_axi">   --->   Core 121 'm_axi' <Latency = 0> <II = 1> <Delay = 1.00> <Adapter> <Opcode : 'read' 'write' 'readreq' 'writereq' 'writeresp'>

State 56 <SV = 55> <Delay = 7.30>
ST_56 : Operation 518 [1/2] (6.04ns)   --->   "%acc_22 = fadd i32 %acc_21, i32 %mul15_20" [/home/simics/HMoE/HLS_HMoE/pseudo_block/run_3/src/pseudo_moe.cpp:98]   --->   Operation 518 'fadd' 'acc_22' <Predicate = (!icmp_ln94)> <Delay = 6.04> <CoreInst = "FAddSub_fulldsp">   --->   Core 18 'FAddSub_fulldsp' <Latency = 1> <II = 1> <Delay = 6.04> <FuncUnit> <Opcode : 'fadd' 'fsub'> <InPorts = 2> <OutPorts = 1>
ST_56 : Operation 519 [1/2] (3.88ns)   --->   "%mul15_43 = fmul i32 %bitcast_ln98_88, i32 %bitcast_ln98_89" [/home/simics/HMoE/HLS_HMoE/pseudo_block/run_3/src/pseudo_moe.cpp:98]   --->   Operation 519 'fmul' 'mul15_43' <Predicate = (!icmp_ln94)> <Delay = 3.88> <CoreInst = "FMul_maxdsp">   --->   Core 30 'FMul_maxdsp' <Latency = 1> <II = 1> <Delay = 3.88> <FuncUnit> <Opcode : 'fmul'> <InPorts = 2> <OutPorts = 1>
ST_56 : Operation 520 [1/1] (0.00ns)   --->   "%bitcast_ln98_90 = bitcast i32 %gmem0_addr_read_45" [/home/simics/HMoE/HLS_HMoE/pseudo_block/run_3/src/pseudo_moe.cpp:98]   --->   Operation 520 'bitcast' 'bitcast_ln98_90' <Predicate = (!icmp_ln94)> <Delay = 0.00>
ST_56 : Operation 521 [1/1] (0.00ns)   --->   "%bitcast_ln98_91 = bitcast i32 %gmem1_addr_read_45" [/home/simics/HMoE/HLS_HMoE/pseudo_block/run_3/src/pseudo_moe.cpp:98]   --->   Operation 521 'bitcast' 'bitcast_ln98_91' <Predicate = (!icmp_ln94)> <Delay = 0.00>
ST_56 : Operation 522 [2/2] (4.20ns)   --->   "%mul15_44 = fmul i32 %bitcast_ln98_90, i32 %bitcast_ln98_91" [/home/simics/HMoE/HLS_HMoE/pseudo_block/run_3/src/pseudo_moe.cpp:98]   --->   Operation 522 'fmul' 'mul15_44' <Predicate = (!icmp_ln94)> <Delay = 4.20> <CoreInst = "FMul_maxdsp">   --->   Core 30 'FMul_maxdsp' <Latency = 1> <II = 1> <Delay = 3.88> <FuncUnit> <Opcode : 'fmul'> <InPorts = 2> <OutPorts = 1>
ST_56 : Operation 523 [1/1] (7.30ns)   --->   "%gmem0_addr_read_46 = read i32 @_ssdm_op_Read.m_axi.p1i32, i64 %gmem0_addr" [/home/simics/HMoE/HLS_HMoE/pseudo_block/run_3/src/pseudo_moe.cpp:98]   --->   Operation 523 'read' 'gmem0_addr_read_46' <Predicate = (!icmp_ln94)> <Delay = 7.30> <CoreInst = "m_axi">   --->   Core 121 'm_axi' <Latency = 0> <II = 1> <Delay = 1.00> <Adapter> <Opcode : 'read' 'write' 'readreq' 'writereq' 'writeresp'>
ST_56 : Operation 524 [1/1] (7.30ns)   --->   "%gmem1_addr_read_54 = read i32 @_ssdm_op_Read.m_axi.p1i32, i64 %gmem1_addr" [/home/simics/HMoE/HLS_HMoE/pseudo_block/run_3/src/pseudo_moe.cpp:98]   --->   Operation 524 'read' 'gmem1_addr_read_54' <Predicate = (!icmp_ln94)> <Delay = 7.30> <CoreInst = "m_axi">   --->   Core 121 'm_axi' <Latency = 0> <II = 1> <Delay = 1.00> <Adapter> <Opcode : 'read' 'write' 'readreq' 'writereq' 'writeresp'>

State 57 <SV = 56> <Delay = 7.30>
ST_57 : Operation 525 [2/2] (6.36ns)   --->   "%acc_23 = fadd i32 %acc_22, i32 %mul15_21" [/home/simics/HMoE/HLS_HMoE/pseudo_block/run_3/src/pseudo_moe.cpp:98]   --->   Operation 525 'fadd' 'acc_23' <Predicate = (!icmp_ln94)> <Delay = 6.36> <CoreInst = "FAddSub_fulldsp">   --->   Core 18 'FAddSub_fulldsp' <Latency = 1> <II = 1> <Delay = 6.04> <FuncUnit> <Opcode : 'fadd' 'fsub'> <InPorts = 2> <OutPorts = 1>
ST_57 : Operation 526 [1/2] (3.88ns)   --->   "%mul15_44 = fmul i32 %bitcast_ln98_90, i32 %bitcast_ln98_91" [/home/simics/HMoE/HLS_HMoE/pseudo_block/run_3/src/pseudo_moe.cpp:98]   --->   Operation 526 'fmul' 'mul15_44' <Predicate = (!icmp_ln94)> <Delay = 3.88> <CoreInst = "FMul_maxdsp">   --->   Core 30 'FMul_maxdsp' <Latency = 1> <II = 1> <Delay = 3.88> <FuncUnit> <Opcode : 'fmul'> <InPorts = 2> <OutPorts = 1>
ST_57 : Operation 527 [1/1] (0.00ns)   --->   "%bitcast_ln98_92 = bitcast i32 %gmem0_addr_read_46" [/home/simics/HMoE/HLS_HMoE/pseudo_block/run_3/src/pseudo_moe.cpp:98]   --->   Operation 527 'bitcast' 'bitcast_ln98_92' <Predicate = (!icmp_ln94)> <Delay = 0.00>
ST_57 : Operation 528 [1/1] (0.00ns)   --->   "%bitcast_ln98_93 = bitcast i32 %gmem1_addr_read_46" [/home/simics/HMoE/HLS_HMoE/pseudo_block/run_3/src/pseudo_moe.cpp:98]   --->   Operation 528 'bitcast' 'bitcast_ln98_93' <Predicate = (!icmp_ln94)> <Delay = 0.00>
ST_57 : Operation 529 [2/2] (4.20ns)   --->   "%mul15_45 = fmul i32 %bitcast_ln98_92, i32 %bitcast_ln98_93" [/home/simics/HMoE/HLS_HMoE/pseudo_block/run_3/src/pseudo_moe.cpp:98]   --->   Operation 529 'fmul' 'mul15_45' <Predicate = (!icmp_ln94)> <Delay = 4.20> <CoreInst = "FMul_maxdsp">   --->   Core 30 'FMul_maxdsp' <Latency = 1> <II = 1> <Delay = 3.88> <FuncUnit> <Opcode : 'fmul'> <InPorts = 2> <OutPorts = 1>
ST_57 : Operation 530 [1/1] (7.30ns)   --->   "%gmem0_addr_read_47 = read i32 @_ssdm_op_Read.m_axi.p1i32, i64 %gmem0_addr" [/home/simics/HMoE/HLS_HMoE/pseudo_block/run_3/src/pseudo_moe.cpp:98]   --->   Operation 530 'read' 'gmem0_addr_read_47' <Predicate = (!icmp_ln94)> <Delay = 7.30> <CoreInst = "m_axi">   --->   Core 121 'm_axi' <Latency = 0> <II = 1> <Delay = 1.00> <Adapter> <Opcode : 'read' 'write' 'readreq' 'writereq' 'writeresp'>
ST_57 : Operation 531 [1/1] (7.30ns)   --->   "%gmem1_addr_read_55 = read i32 @_ssdm_op_Read.m_axi.p1i32, i64 %gmem1_addr" [/home/simics/HMoE/HLS_HMoE/pseudo_block/run_3/src/pseudo_moe.cpp:98]   --->   Operation 531 'read' 'gmem1_addr_read_55' <Predicate = (!icmp_ln94)> <Delay = 7.30> <CoreInst = "m_axi">   --->   Core 121 'm_axi' <Latency = 0> <II = 1> <Delay = 1.00> <Adapter> <Opcode : 'read' 'write' 'readreq' 'writereq' 'writeresp'>

State 58 <SV = 57> <Delay = 7.30>
ST_58 : Operation 532 [1/2] (6.04ns)   --->   "%acc_23 = fadd i32 %acc_22, i32 %mul15_21" [/home/simics/HMoE/HLS_HMoE/pseudo_block/run_3/src/pseudo_moe.cpp:98]   --->   Operation 532 'fadd' 'acc_23' <Predicate = (!icmp_ln94)> <Delay = 6.04> <CoreInst = "FAddSub_fulldsp">   --->   Core 18 'FAddSub_fulldsp' <Latency = 1> <II = 1> <Delay = 6.04> <FuncUnit> <Opcode : 'fadd' 'fsub'> <InPorts = 2> <OutPorts = 1>
ST_58 : Operation 533 [1/2] (3.88ns)   --->   "%mul15_45 = fmul i32 %bitcast_ln98_92, i32 %bitcast_ln98_93" [/home/simics/HMoE/HLS_HMoE/pseudo_block/run_3/src/pseudo_moe.cpp:98]   --->   Operation 533 'fmul' 'mul15_45' <Predicate = (!icmp_ln94)> <Delay = 3.88> <CoreInst = "FMul_maxdsp">   --->   Core 30 'FMul_maxdsp' <Latency = 1> <II = 1> <Delay = 3.88> <FuncUnit> <Opcode : 'fmul'> <InPorts = 2> <OutPorts = 1>
ST_58 : Operation 534 [1/1] (0.00ns)   --->   "%bitcast_ln98_94 = bitcast i32 %gmem0_addr_read_47" [/home/simics/HMoE/HLS_HMoE/pseudo_block/run_3/src/pseudo_moe.cpp:98]   --->   Operation 534 'bitcast' 'bitcast_ln98_94' <Predicate = (!icmp_ln94)> <Delay = 0.00>
ST_58 : Operation 535 [1/1] (0.00ns)   --->   "%bitcast_ln98_95 = bitcast i32 %gmem1_addr_read_47" [/home/simics/HMoE/HLS_HMoE/pseudo_block/run_3/src/pseudo_moe.cpp:98]   --->   Operation 535 'bitcast' 'bitcast_ln98_95' <Predicate = (!icmp_ln94)> <Delay = 0.00>
ST_58 : Operation 536 [2/2] (4.20ns)   --->   "%mul15_46 = fmul i32 %bitcast_ln98_94, i32 %bitcast_ln98_95" [/home/simics/HMoE/HLS_HMoE/pseudo_block/run_3/src/pseudo_moe.cpp:98]   --->   Operation 536 'fmul' 'mul15_46' <Predicate = (!icmp_ln94)> <Delay = 4.20> <CoreInst = "FMul_maxdsp">   --->   Core 30 'FMul_maxdsp' <Latency = 1> <II = 1> <Delay = 3.88> <FuncUnit> <Opcode : 'fmul'> <InPorts = 2> <OutPorts = 1>
ST_58 : Operation 537 [1/1] (7.30ns)   --->   "%gmem0_addr_read_48 = read i32 @_ssdm_op_Read.m_axi.p1i32, i64 %gmem0_addr" [/home/simics/HMoE/HLS_HMoE/pseudo_block/run_3/src/pseudo_moe.cpp:98]   --->   Operation 537 'read' 'gmem0_addr_read_48' <Predicate = (!icmp_ln94)> <Delay = 7.30> <CoreInst = "m_axi">   --->   Core 121 'm_axi' <Latency = 0> <II = 1> <Delay = 1.00> <Adapter> <Opcode : 'read' 'write' 'readreq' 'writereq' 'writeresp'>
ST_58 : Operation 538 [1/1] (7.30ns)   --->   "%gmem1_addr_read_56 = read i32 @_ssdm_op_Read.m_axi.p1i32, i64 %gmem1_addr" [/home/simics/HMoE/HLS_HMoE/pseudo_block/run_3/src/pseudo_moe.cpp:98]   --->   Operation 538 'read' 'gmem1_addr_read_56' <Predicate = (!icmp_ln94)> <Delay = 7.30> <CoreInst = "m_axi">   --->   Core 121 'm_axi' <Latency = 0> <II = 1> <Delay = 1.00> <Adapter> <Opcode : 'read' 'write' 'readreq' 'writereq' 'writeresp'>

State 59 <SV = 58> <Delay = 7.30>
ST_59 : Operation 539 [2/2] (6.36ns)   --->   "%acc_24 = fadd i32 %acc_23, i32 %mul15_22" [/home/simics/HMoE/HLS_HMoE/pseudo_block/run_3/src/pseudo_moe.cpp:98]   --->   Operation 539 'fadd' 'acc_24' <Predicate = (!icmp_ln94)> <Delay = 6.36> <CoreInst = "FAddSub_fulldsp">   --->   Core 18 'FAddSub_fulldsp' <Latency = 1> <II = 1> <Delay = 6.04> <FuncUnit> <Opcode : 'fadd' 'fsub'> <InPorts = 2> <OutPorts = 1>
ST_59 : Operation 540 [1/2] (3.88ns)   --->   "%mul15_46 = fmul i32 %bitcast_ln98_94, i32 %bitcast_ln98_95" [/home/simics/HMoE/HLS_HMoE/pseudo_block/run_3/src/pseudo_moe.cpp:98]   --->   Operation 540 'fmul' 'mul15_46' <Predicate = (!icmp_ln94)> <Delay = 3.88> <CoreInst = "FMul_maxdsp">   --->   Core 30 'FMul_maxdsp' <Latency = 1> <II = 1> <Delay = 3.88> <FuncUnit> <Opcode : 'fmul'> <InPorts = 2> <OutPorts = 1>
ST_59 : Operation 541 [1/1] (0.00ns)   --->   "%bitcast_ln98_96 = bitcast i32 %gmem0_addr_read_48" [/home/simics/HMoE/HLS_HMoE/pseudo_block/run_3/src/pseudo_moe.cpp:98]   --->   Operation 541 'bitcast' 'bitcast_ln98_96' <Predicate = (!icmp_ln94)> <Delay = 0.00>
ST_59 : Operation 542 [1/1] (0.00ns)   --->   "%bitcast_ln98_97 = bitcast i32 %gmem1_addr_read_48" [/home/simics/HMoE/HLS_HMoE/pseudo_block/run_3/src/pseudo_moe.cpp:98]   --->   Operation 542 'bitcast' 'bitcast_ln98_97' <Predicate = (!icmp_ln94)> <Delay = 0.00>
ST_59 : Operation 543 [2/2] (4.20ns)   --->   "%mul15_47 = fmul i32 %bitcast_ln98_96, i32 %bitcast_ln98_97" [/home/simics/HMoE/HLS_HMoE/pseudo_block/run_3/src/pseudo_moe.cpp:98]   --->   Operation 543 'fmul' 'mul15_47' <Predicate = (!icmp_ln94)> <Delay = 4.20> <CoreInst = "FMul_maxdsp">   --->   Core 30 'FMul_maxdsp' <Latency = 1> <II = 1> <Delay = 3.88> <FuncUnit> <Opcode : 'fmul'> <InPorts = 2> <OutPorts = 1>
ST_59 : Operation 544 [1/1] (7.30ns)   --->   "%gmem0_addr_read_49 = read i32 @_ssdm_op_Read.m_axi.p1i32, i64 %gmem0_addr" [/home/simics/HMoE/HLS_HMoE/pseudo_block/run_3/src/pseudo_moe.cpp:98]   --->   Operation 544 'read' 'gmem0_addr_read_49' <Predicate = (!icmp_ln94)> <Delay = 7.30> <CoreInst = "m_axi">   --->   Core 121 'm_axi' <Latency = 0> <II = 1> <Delay = 1.00> <Adapter> <Opcode : 'read' 'write' 'readreq' 'writereq' 'writeresp'>
ST_59 : Operation 545 [1/1] (7.30ns)   --->   "%gmem1_addr_read_57 = read i32 @_ssdm_op_Read.m_axi.p1i32, i64 %gmem1_addr" [/home/simics/HMoE/HLS_HMoE/pseudo_block/run_3/src/pseudo_moe.cpp:98]   --->   Operation 545 'read' 'gmem1_addr_read_57' <Predicate = (!icmp_ln94)> <Delay = 7.30> <CoreInst = "m_axi">   --->   Core 121 'm_axi' <Latency = 0> <II = 1> <Delay = 1.00> <Adapter> <Opcode : 'read' 'write' 'readreq' 'writereq' 'writeresp'>

State 60 <SV = 59> <Delay = 7.30>
ST_60 : Operation 546 [1/2] (6.04ns)   --->   "%acc_24 = fadd i32 %acc_23, i32 %mul15_22" [/home/simics/HMoE/HLS_HMoE/pseudo_block/run_3/src/pseudo_moe.cpp:98]   --->   Operation 546 'fadd' 'acc_24' <Predicate = (!icmp_ln94)> <Delay = 6.04> <CoreInst = "FAddSub_fulldsp">   --->   Core 18 'FAddSub_fulldsp' <Latency = 1> <II = 1> <Delay = 6.04> <FuncUnit> <Opcode : 'fadd' 'fsub'> <InPorts = 2> <OutPorts = 1>
ST_60 : Operation 547 [1/2] (3.88ns)   --->   "%mul15_47 = fmul i32 %bitcast_ln98_96, i32 %bitcast_ln98_97" [/home/simics/HMoE/HLS_HMoE/pseudo_block/run_3/src/pseudo_moe.cpp:98]   --->   Operation 547 'fmul' 'mul15_47' <Predicate = (!icmp_ln94)> <Delay = 3.88> <CoreInst = "FMul_maxdsp">   --->   Core 30 'FMul_maxdsp' <Latency = 1> <II = 1> <Delay = 3.88> <FuncUnit> <Opcode : 'fmul'> <InPorts = 2> <OutPorts = 1>
ST_60 : Operation 548 [1/1] (0.00ns)   --->   "%bitcast_ln98_98 = bitcast i32 %gmem0_addr_read_49" [/home/simics/HMoE/HLS_HMoE/pseudo_block/run_3/src/pseudo_moe.cpp:98]   --->   Operation 548 'bitcast' 'bitcast_ln98_98' <Predicate = (!icmp_ln94)> <Delay = 0.00>
ST_60 : Operation 549 [1/1] (0.00ns)   --->   "%bitcast_ln98_99 = bitcast i32 %gmem1_addr_read_49" [/home/simics/HMoE/HLS_HMoE/pseudo_block/run_3/src/pseudo_moe.cpp:98]   --->   Operation 549 'bitcast' 'bitcast_ln98_99' <Predicate = (!icmp_ln94)> <Delay = 0.00>
ST_60 : Operation 550 [2/2] (4.20ns)   --->   "%mul15_48 = fmul i32 %bitcast_ln98_98, i32 %bitcast_ln98_99" [/home/simics/HMoE/HLS_HMoE/pseudo_block/run_3/src/pseudo_moe.cpp:98]   --->   Operation 550 'fmul' 'mul15_48' <Predicate = (!icmp_ln94)> <Delay = 4.20> <CoreInst = "FMul_maxdsp">   --->   Core 30 'FMul_maxdsp' <Latency = 1> <II = 1> <Delay = 3.88> <FuncUnit> <Opcode : 'fmul'> <InPorts = 2> <OutPorts = 1>
ST_60 : Operation 551 [1/1] (7.30ns)   --->   "%gmem0_addr_read_50 = read i32 @_ssdm_op_Read.m_axi.p1i32, i64 %gmem0_addr" [/home/simics/HMoE/HLS_HMoE/pseudo_block/run_3/src/pseudo_moe.cpp:98]   --->   Operation 551 'read' 'gmem0_addr_read_50' <Predicate = (!icmp_ln94)> <Delay = 7.30> <CoreInst = "m_axi">   --->   Core 121 'm_axi' <Latency = 0> <II = 1> <Delay = 1.00> <Adapter> <Opcode : 'read' 'write' 'readreq' 'writereq' 'writeresp'>
ST_60 : Operation 552 [1/1] (7.30ns)   --->   "%gmem1_addr_read_58 = read i32 @_ssdm_op_Read.m_axi.p1i32, i64 %gmem1_addr" [/home/simics/HMoE/HLS_HMoE/pseudo_block/run_3/src/pseudo_moe.cpp:98]   --->   Operation 552 'read' 'gmem1_addr_read_58' <Predicate = (!icmp_ln94)> <Delay = 7.30> <CoreInst = "m_axi">   --->   Core 121 'm_axi' <Latency = 0> <II = 1> <Delay = 1.00> <Adapter> <Opcode : 'read' 'write' 'readreq' 'writereq' 'writeresp'>

State 61 <SV = 60> <Delay = 7.30>
ST_61 : Operation 553 [2/2] (6.36ns)   --->   "%acc_25 = fadd i32 %acc_24, i32 %mul15_23" [/home/simics/HMoE/HLS_HMoE/pseudo_block/run_3/src/pseudo_moe.cpp:98]   --->   Operation 553 'fadd' 'acc_25' <Predicate = (!icmp_ln94)> <Delay = 6.36> <CoreInst = "FAddSub_fulldsp">   --->   Core 18 'FAddSub_fulldsp' <Latency = 1> <II = 1> <Delay = 6.04> <FuncUnit> <Opcode : 'fadd' 'fsub'> <InPorts = 2> <OutPorts = 1>
ST_61 : Operation 554 [1/2] (3.88ns)   --->   "%mul15_48 = fmul i32 %bitcast_ln98_98, i32 %bitcast_ln98_99" [/home/simics/HMoE/HLS_HMoE/pseudo_block/run_3/src/pseudo_moe.cpp:98]   --->   Operation 554 'fmul' 'mul15_48' <Predicate = (!icmp_ln94)> <Delay = 3.88> <CoreInst = "FMul_maxdsp">   --->   Core 30 'FMul_maxdsp' <Latency = 1> <II = 1> <Delay = 3.88> <FuncUnit> <Opcode : 'fmul'> <InPorts = 2> <OutPorts = 1>
ST_61 : Operation 555 [1/1] (0.00ns)   --->   "%bitcast_ln98_100 = bitcast i32 %gmem0_addr_read_50" [/home/simics/HMoE/HLS_HMoE/pseudo_block/run_3/src/pseudo_moe.cpp:98]   --->   Operation 555 'bitcast' 'bitcast_ln98_100' <Predicate = (!icmp_ln94)> <Delay = 0.00>
ST_61 : Operation 556 [1/1] (0.00ns)   --->   "%bitcast_ln98_101 = bitcast i32 %gmem1_addr_read_50" [/home/simics/HMoE/HLS_HMoE/pseudo_block/run_3/src/pseudo_moe.cpp:98]   --->   Operation 556 'bitcast' 'bitcast_ln98_101' <Predicate = (!icmp_ln94)> <Delay = 0.00>
ST_61 : Operation 557 [2/2] (4.20ns)   --->   "%mul15_49 = fmul i32 %bitcast_ln98_100, i32 %bitcast_ln98_101" [/home/simics/HMoE/HLS_HMoE/pseudo_block/run_3/src/pseudo_moe.cpp:98]   --->   Operation 557 'fmul' 'mul15_49' <Predicate = (!icmp_ln94)> <Delay = 4.20> <CoreInst = "FMul_maxdsp">   --->   Core 30 'FMul_maxdsp' <Latency = 1> <II = 1> <Delay = 3.88> <FuncUnit> <Opcode : 'fmul'> <InPorts = 2> <OutPorts = 1>
ST_61 : Operation 558 [1/1] (7.30ns)   --->   "%gmem0_addr_read_51 = read i32 @_ssdm_op_Read.m_axi.p1i32, i64 %gmem0_addr" [/home/simics/HMoE/HLS_HMoE/pseudo_block/run_3/src/pseudo_moe.cpp:98]   --->   Operation 558 'read' 'gmem0_addr_read_51' <Predicate = (!icmp_ln94)> <Delay = 7.30> <CoreInst = "m_axi">   --->   Core 121 'm_axi' <Latency = 0> <II = 1> <Delay = 1.00> <Adapter> <Opcode : 'read' 'write' 'readreq' 'writereq' 'writeresp'>
ST_61 : Operation 559 [1/1] (7.30ns)   --->   "%gmem1_addr_read_59 = read i32 @_ssdm_op_Read.m_axi.p1i32, i64 %gmem1_addr" [/home/simics/HMoE/HLS_HMoE/pseudo_block/run_3/src/pseudo_moe.cpp:98]   --->   Operation 559 'read' 'gmem1_addr_read_59' <Predicate = (!icmp_ln94)> <Delay = 7.30> <CoreInst = "m_axi">   --->   Core 121 'm_axi' <Latency = 0> <II = 1> <Delay = 1.00> <Adapter> <Opcode : 'read' 'write' 'readreq' 'writereq' 'writeresp'>

State 62 <SV = 61> <Delay = 7.30>
ST_62 : Operation 560 [1/2] (6.04ns)   --->   "%acc_25 = fadd i32 %acc_24, i32 %mul15_23" [/home/simics/HMoE/HLS_HMoE/pseudo_block/run_3/src/pseudo_moe.cpp:98]   --->   Operation 560 'fadd' 'acc_25' <Predicate = (!icmp_ln94)> <Delay = 6.04> <CoreInst = "FAddSub_fulldsp">   --->   Core 18 'FAddSub_fulldsp' <Latency = 1> <II = 1> <Delay = 6.04> <FuncUnit> <Opcode : 'fadd' 'fsub'> <InPorts = 2> <OutPorts = 1>
ST_62 : Operation 561 [1/2] (3.88ns)   --->   "%mul15_49 = fmul i32 %bitcast_ln98_100, i32 %bitcast_ln98_101" [/home/simics/HMoE/HLS_HMoE/pseudo_block/run_3/src/pseudo_moe.cpp:98]   --->   Operation 561 'fmul' 'mul15_49' <Predicate = (!icmp_ln94)> <Delay = 3.88> <CoreInst = "FMul_maxdsp">   --->   Core 30 'FMul_maxdsp' <Latency = 1> <II = 1> <Delay = 3.88> <FuncUnit> <Opcode : 'fmul'> <InPorts = 2> <OutPorts = 1>
ST_62 : Operation 562 [1/1] (0.00ns)   --->   "%bitcast_ln98_102 = bitcast i32 %gmem0_addr_read_51" [/home/simics/HMoE/HLS_HMoE/pseudo_block/run_3/src/pseudo_moe.cpp:98]   --->   Operation 562 'bitcast' 'bitcast_ln98_102' <Predicate = (!icmp_ln94)> <Delay = 0.00>
ST_62 : Operation 563 [1/1] (0.00ns)   --->   "%bitcast_ln98_103 = bitcast i32 %gmem1_addr_read_51" [/home/simics/HMoE/HLS_HMoE/pseudo_block/run_3/src/pseudo_moe.cpp:98]   --->   Operation 563 'bitcast' 'bitcast_ln98_103' <Predicate = (!icmp_ln94)> <Delay = 0.00>
ST_62 : Operation 564 [2/2] (4.20ns)   --->   "%mul15_50 = fmul i32 %bitcast_ln98_102, i32 %bitcast_ln98_103" [/home/simics/HMoE/HLS_HMoE/pseudo_block/run_3/src/pseudo_moe.cpp:98]   --->   Operation 564 'fmul' 'mul15_50' <Predicate = (!icmp_ln94)> <Delay = 4.20> <CoreInst = "FMul_maxdsp">   --->   Core 30 'FMul_maxdsp' <Latency = 1> <II = 1> <Delay = 3.88> <FuncUnit> <Opcode : 'fmul'> <InPorts = 2> <OutPorts = 1>
ST_62 : Operation 565 [1/1] (7.30ns)   --->   "%gmem0_addr_read_52 = read i32 @_ssdm_op_Read.m_axi.p1i32, i64 %gmem0_addr" [/home/simics/HMoE/HLS_HMoE/pseudo_block/run_3/src/pseudo_moe.cpp:98]   --->   Operation 565 'read' 'gmem0_addr_read_52' <Predicate = (!icmp_ln94)> <Delay = 7.30> <CoreInst = "m_axi">   --->   Core 121 'm_axi' <Latency = 0> <II = 1> <Delay = 1.00> <Adapter> <Opcode : 'read' 'write' 'readreq' 'writereq' 'writeresp'>
ST_62 : Operation 566 [1/1] (7.30ns)   --->   "%gmem1_addr_read_60 = read i32 @_ssdm_op_Read.m_axi.p1i32, i64 %gmem1_addr" [/home/simics/HMoE/HLS_HMoE/pseudo_block/run_3/src/pseudo_moe.cpp:98]   --->   Operation 566 'read' 'gmem1_addr_read_60' <Predicate = (!icmp_ln94)> <Delay = 7.30> <CoreInst = "m_axi">   --->   Core 121 'm_axi' <Latency = 0> <II = 1> <Delay = 1.00> <Adapter> <Opcode : 'read' 'write' 'readreq' 'writereq' 'writeresp'>

State 63 <SV = 62> <Delay = 7.30>
ST_63 : Operation 567 [2/2] (6.36ns)   --->   "%acc_26 = fadd i32 %acc_25, i32 %mul15_24" [/home/simics/HMoE/HLS_HMoE/pseudo_block/run_3/src/pseudo_moe.cpp:98]   --->   Operation 567 'fadd' 'acc_26' <Predicate = (!icmp_ln94)> <Delay = 6.36> <CoreInst = "FAddSub_fulldsp">   --->   Core 18 'FAddSub_fulldsp' <Latency = 1> <II = 1> <Delay = 6.04> <FuncUnit> <Opcode : 'fadd' 'fsub'> <InPorts = 2> <OutPorts = 1>
ST_63 : Operation 568 [1/2] (3.88ns)   --->   "%mul15_50 = fmul i32 %bitcast_ln98_102, i32 %bitcast_ln98_103" [/home/simics/HMoE/HLS_HMoE/pseudo_block/run_3/src/pseudo_moe.cpp:98]   --->   Operation 568 'fmul' 'mul15_50' <Predicate = (!icmp_ln94)> <Delay = 3.88> <CoreInst = "FMul_maxdsp">   --->   Core 30 'FMul_maxdsp' <Latency = 1> <II = 1> <Delay = 3.88> <FuncUnit> <Opcode : 'fmul'> <InPorts = 2> <OutPorts = 1>
ST_63 : Operation 569 [1/1] (0.00ns)   --->   "%bitcast_ln98_104 = bitcast i32 %gmem0_addr_read_52" [/home/simics/HMoE/HLS_HMoE/pseudo_block/run_3/src/pseudo_moe.cpp:98]   --->   Operation 569 'bitcast' 'bitcast_ln98_104' <Predicate = (!icmp_ln94)> <Delay = 0.00>
ST_63 : Operation 570 [1/1] (0.00ns)   --->   "%bitcast_ln98_105 = bitcast i32 %gmem1_addr_read_52" [/home/simics/HMoE/HLS_HMoE/pseudo_block/run_3/src/pseudo_moe.cpp:98]   --->   Operation 570 'bitcast' 'bitcast_ln98_105' <Predicate = (!icmp_ln94)> <Delay = 0.00>
ST_63 : Operation 571 [2/2] (4.20ns)   --->   "%mul15_51 = fmul i32 %bitcast_ln98_104, i32 %bitcast_ln98_105" [/home/simics/HMoE/HLS_HMoE/pseudo_block/run_3/src/pseudo_moe.cpp:98]   --->   Operation 571 'fmul' 'mul15_51' <Predicate = (!icmp_ln94)> <Delay = 4.20> <CoreInst = "FMul_maxdsp">   --->   Core 30 'FMul_maxdsp' <Latency = 1> <II = 1> <Delay = 3.88> <FuncUnit> <Opcode : 'fmul'> <InPorts = 2> <OutPorts = 1>
ST_63 : Operation 572 [1/1] (7.30ns)   --->   "%gmem0_addr_read_53 = read i32 @_ssdm_op_Read.m_axi.p1i32, i64 %gmem0_addr" [/home/simics/HMoE/HLS_HMoE/pseudo_block/run_3/src/pseudo_moe.cpp:98]   --->   Operation 572 'read' 'gmem0_addr_read_53' <Predicate = (!icmp_ln94)> <Delay = 7.30> <CoreInst = "m_axi">   --->   Core 121 'm_axi' <Latency = 0> <II = 1> <Delay = 1.00> <Adapter> <Opcode : 'read' 'write' 'readreq' 'writereq' 'writeresp'>
ST_63 : Operation 573 [1/1] (7.30ns)   --->   "%gmem1_addr_read_61 = read i32 @_ssdm_op_Read.m_axi.p1i32, i64 %gmem1_addr" [/home/simics/HMoE/HLS_HMoE/pseudo_block/run_3/src/pseudo_moe.cpp:98]   --->   Operation 573 'read' 'gmem1_addr_read_61' <Predicate = (!icmp_ln94)> <Delay = 7.30> <CoreInst = "m_axi">   --->   Core 121 'm_axi' <Latency = 0> <II = 1> <Delay = 1.00> <Adapter> <Opcode : 'read' 'write' 'readreq' 'writereq' 'writeresp'>

State 64 <SV = 63> <Delay = 7.30>
ST_64 : Operation 574 [1/2] (6.04ns)   --->   "%acc_26 = fadd i32 %acc_25, i32 %mul15_24" [/home/simics/HMoE/HLS_HMoE/pseudo_block/run_3/src/pseudo_moe.cpp:98]   --->   Operation 574 'fadd' 'acc_26' <Predicate = (!icmp_ln94)> <Delay = 6.04> <CoreInst = "FAddSub_fulldsp">   --->   Core 18 'FAddSub_fulldsp' <Latency = 1> <II = 1> <Delay = 6.04> <FuncUnit> <Opcode : 'fadd' 'fsub'> <InPorts = 2> <OutPorts = 1>
ST_64 : Operation 575 [1/2] (3.88ns)   --->   "%mul15_51 = fmul i32 %bitcast_ln98_104, i32 %bitcast_ln98_105" [/home/simics/HMoE/HLS_HMoE/pseudo_block/run_3/src/pseudo_moe.cpp:98]   --->   Operation 575 'fmul' 'mul15_51' <Predicate = (!icmp_ln94)> <Delay = 3.88> <CoreInst = "FMul_maxdsp">   --->   Core 30 'FMul_maxdsp' <Latency = 1> <II = 1> <Delay = 3.88> <FuncUnit> <Opcode : 'fmul'> <InPorts = 2> <OutPorts = 1>
ST_64 : Operation 576 [1/1] (0.00ns)   --->   "%bitcast_ln98_106 = bitcast i32 %gmem0_addr_read_53" [/home/simics/HMoE/HLS_HMoE/pseudo_block/run_3/src/pseudo_moe.cpp:98]   --->   Operation 576 'bitcast' 'bitcast_ln98_106' <Predicate = (!icmp_ln94)> <Delay = 0.00>
ST_64 : Operation 577 [1/1] (0.00ns)   --->   "%bitcast_ln98_107 = bitcast i32 %gmem1_addr_read_53" [/home/simics/HMoE/HLS_HMoE/pseudo_block/run_3/src/pseudo_moe.cpp:98]   --->   Operation 577 'bitcast' 'bitcast_ln98_107' <Predicate = (!icmp_ln94)> <Delay = 0.00>
ST_64 : Operation 578 [2/2] (4.20ns)   --->   "%mul15_52 = fmul i32 %bitcast_ln98_106, i32 %bitcast_ln98_107" [/home/simics/HMoE/HLS_HMoE/pseudo_block/run_3/src/pseudo_moe.cpp:98]   --->   Operation 578 'fmul' 'mul15_52' <Predicate = (!icmp_ln94)> <Delay = 4.20> <CoreInst = "FMul_maxdsp">   --->   Core 30 'FMul_maxdsp' <Latency = 1> <II = 1> <Delay = 3.88> <FuncUnit> <Opcode : 'fmul'> <InPorts = 2> <OutPorts = 1>
ST_64 : Operation 579 [1/1] (7.30ns)   --->   "%gmem0_addr_read_54 = read i32 @_ssdm_op_Read.m_axi.p1i32, i64 %gmem0_addr" [/home/simics/HMoE/HLS_HMoE/pseudo_block/run_3/src/pseudo_moe.cpp:98]   --->   Operation 579 'read' 'gmem0_addr_read_54' <Predicate = (!icmp_ln94)> <Delay = 7.30> <CoreInst = "m_axi">   --->   Core 121 'm_axi' <Latency = 0> <II = 1> <Delay = 1.00> <Adapter> <Opcode : 'read' 'write' 'readreq' 'writereq' 'writeresp'>
ST_64 : Operation 580 [1/1] (7.30ns)   --->   "%gmem1_addr_read_62 = read i32 @_ssdm_op_Read.m_axi.p1i32, i64 %gmem1_addr" [/home/simics/HMoE/HLS_HMoE/pseudo_block/run_3/src/pseudo_moe.cpp:98]   --->   Operation 580 'read' 'gmem1_addr_read_62' <Predicate = (!icmp_ln94)> <Delay = 7.30> <CoreInst = "m_axi">   --->   Core 121 'm_axi' <Latency = 0> <II = 1> <Delay = 1.00> <Adapter> <Opcode : 'read' 'write' 'readreq' 'writereq' 'writeresp'>

State 65 <SV = 64> <Delay = 7.30>
ST_65 : Operation 581 [2/2] (6.36ns)   --->   "%acc_27 = fadd i32 %acc_26, i32 %mul15_25" [/home/simics/HMoE/HLS_HMoE/pseudo_block/run_3/src/pseudo_moe.cpp:98]   --->   Operation 581 'fadd' 'acc_27' <Predicate = true> <Delay = 6.36> <CoreInst = "FAddSub_fulldsp">   --->   Core 18 'FAddSub_fulldsp' <Latency = 1> <II = 1> <Delay = 6.04> <FuncUnit> <Opcode : 'fadd' 'fsub'> <InPorts = 2> <OutPorts = 1>
ST_65 : Operation 582 [1/2] (3.88ns)   --->   "%mul15_52 = fmul i32 %bitcast_ln98_106, i32 %bitcast_ln98_107" [/home/simics/HMoE/HLS_HMoE/pseudo_block/run_3/src/pseudo_moe.cpp:98]   --->   Operation 582 'fmul' 'mul15_52' <Predicate = true> <Delay = 3.88> <CoreInst = "FMul_maxdsp">   --->   Core 30 'FMul_maxdsp' <Latency = 1> <II = 1> <Delay = 3.88> <FuncUnit> <Opcode : 'fmul'> <InPorts = 2> <OutPorts = 1>
ST_65 : Operation 583 [1/1] (0.00ns)   --->   "%bitcast_ln98_108 = bitcast i32 %gmem0_addr_read_54" [/home/simics/HMoE/HLS_HMoE/pseudo_block/run_3/src/pseudo_moe.cpp:98]   --->   Operation 583 'bitcast' 'bitcast_ln98_108' <Predicate = true> <Delay = 0.00>
ST_65 : Operation 584 [1/1] (0.00ns)   --->   "%bitcast_ln98_109 = bitcast i32 %gmem1_addr_read_54" [/home/simics/HMoE/HLS_HMoE/pseudo_block/run_3/src/pseudo_moe.cpp:98]   --->   Operation 584 'bitcast' 'bitcast_ln98_109' <Predicate = true> <Delay = 0.00>
ST_65 : Operation 585 [2/2] (4.20ns)   --->   "%mul15_53 = fmul i32 %bitcast_ln98_108, i32 %bitcast_ln98_109" [/home/simics/HMoE/HLS_HMoE/pseudo_block/run_3/src/pseudo_moe.cpp:98]   --->   Operation 585 'fmul' 'mul15_53' <Predicate = true> <Delay = 4.20> <CoreInst = "FMul_maxdsp">   --->   Core 30 'FMul_maxdsp' <Latency = 1> <II = 1> <Delay = 3.88> <FuncUnit> <Opcode : 'fmul'> <InPorts = 2> <OutPorts = 1>
ST_65 : Operation 586 [1/1] (7.30ns)   --->   "%gmem0_addr_read_55 = read i32 @_ssdm_op_Read.m_axi.p1i32, i64 %gmem0_addr" [/home/simics/HMoE/HLS_HMoE/pseudo_block/run_3/src/pseudo_moe.cpp:98]   --->   Operation 586 'read' 'gmem0_addr_read_55' <Predicate = true> <Delay = 7.30> <CoreInst = "m_axi">   --->   Core 121 'm_axi' <Latency = 0> <II = 1> <Delay = 1.00> <Adapter> <Opcode : 'read' 'write' 'readreq' 'writereq' 'writeresp'>
ST_65 : Operation 587 [1/1] (7.30ns)   --->   "%gmem1_addr_read_63 = read i32 @_ssdm_op_Read.m_axi.p1i32, i64 %gmem1_addr" [/home/simics/HMoE/HLS_HMoE/pseudo_block/run_3/src/pseudo_moe.cpp:98]   --->   Operation 587 'read' 'gmem1_addr_read_63' <Predicate = true> <Delay = 7.30> <CoreInst = "m_axi">   --->   Core 121 'm_axi' <Latency = 0> <II = 1> <Delay = 1.00> <Adapter> <Opcode : 'read' 'write' 'readreq' 'writereq' 'writeresp'>

State 66 <SV = 65> <Delay = 7.30>
ST_66 : Operation 588 [1/2] (6.04ns)   --->   "%acc_27 = fadd i32 %acc_26, i32 %mul15_25" [/home/simics/HMoE/HLS_HMoE/pseudo_block/run_3/src/pseudo_moe.cpp:98]   --->   Operation 588 'fadd' 'acc_27' <Predicate = true> <Delay = 6.04> <CoreInst = "FAddSub_fulldsp">   --->   Core 18 'FAddSub_fulldsp' <Latency = 1> <II = 1> <Delay = 6.04> <FuncUnit> <Opcode : 'fadd' 'fsub'> <InPorts = 2> <OutPorts = 1>
ST_66 : Operation 589 [1/2] (3.88ns)   --->   "%mul15_53 = fmul i32 %bitcast_ln98_108, i32 %bitcast_ln98_109" [/home/simics/HMoE/HLS_HMoE/pseudo_block/run_3/src/pseudo_moe.cpp:98]   --->   Operation 589 'fmul' 'mul15_53' <Predicate = true> <Delay = 3.88> <CoreInst = "FMul_maxdsp">   --->   Core 30 'FMul_maxdsp' <Latency = 1> <II = 1> <Delay = 3.88> <FuncUnit> <Opcode : 'fmul'> <InPorts = 2> <OutPorts = 1>
ST_66 : Operation 590 [1/1] (0.00ns)   --->   "%bitcast_ln98_110 = bitcast i32 %gmem0_addr_read_55" [/home/simics/HMoE/HLS_HMoE/pseudo_block/run_3/src/pseudo_moe.cpp:98]   --->   Operation 590 'bitcast' 'bitcast_ln98_110' <Predicate = true> <Delay = 0.00>
ST_66 : Operation 591 [1/1] (0.00ns)   --->   "%bitcast_ln98_111 = bitcast i32 %gmem1_addr_read_55" [/home/simics/HMoE/HLS_HMoE/pseudo_block/run_3/src/pseudo_moe.cpp:98]   --->   Operation 591 'bitcast' 'bitcast_ln98_111' <Predicate = true> <Delay = 0.00>
ST_66 : Operation 592 [2/2] (4.20ns)   --->   "%mul15_54 = fmul i32 %bitcast_ln98_110, i32 %bitcast_ln98_111" [/home/simics/HMoE/HLS_HMoE/pseudo_block/run_3/src/pseudo_moe.cpp:98]   --->   Operation 592 'fmul' 'mul15_54' <Predicate = true> <Delay = 4.20> <CoreInst = "FMul_maxdsp">   --->   Core 30 'FMul_maxdsp' <Latency = 1> <II = 1> <Delay = 3.88> <FuncUnit> <Opcode : 'fmul'> <InPorts = 2> <OutPorts = 1>
ST_66 : Operation 593 [1/1] (7.30ns)   --->   "%gmem0_addr_read_56 = read i32 @_ssdm_op_Read.m_axi.p1i32, i64 %gmem0_addr" [/home/simics/HMoE/HLS_HMoE/pseudo_block/run_3/src/pseudo_moe.cpp:98]   --->   Operation 593 'read' 'gmem0_addr_read_56' <Predicate = true> <Delay = 7.30> <CoreInst = "m_axi">   --->   Core 121 'm_axi' <Latency = 0> <II = 1> <Delay = 1.00> <Adapter> <Opcode : 'read' 'write' 'readreq' 'writereq' 'writeresp'>

State 67 <SV = 66> <Delay = 7.30>
ST_67 : Operation 594 [2/2] (6.36ns)   --->   "%acc_28 = fadd i32 %acc_27, i32 %mul15_26" [/home/simics/HMoE/HLS_HMoE/pseudo_block/run_3/src/pseudo_moe.cpp:98]   --->   Operation 594 'fadd' 'acc_28' <Predicate = true> <Delay = 6.36> <CoreInst = "FAddSub_fulldsp">   --->   Core 18 'FAddSub_fulldsp' <Latency = 1> <II = 1> <Delay = 6.04> <FuncUnit> <Opcode : 'fadd' 'fsub'> <InPorts = 2> <OutPorts = 1>
ST_67 : Operation 595 [1/2] (3.88ns)   --->   "%mul15_54 = fmul i32 %bitcast_ln98_110, i32 %bitcast_ln98_111" [/home/simics/HMoE/HLS_HMoE/pseudo_block/run_3/src/pseudo_moe.cpp:98]   --->   Operation 595 'fmul' 'mul15_54' <Predicate = true> <Delay = 3.88> <CoreInst = "FMul_maxdsp">   --->   Core 30 'FMul_maxdsp' <Latency = 1> <II = 1> <Delay = 3.88> <FuncUnit> <Opcode : 'fmul'> <InPorts = 2> <OutPorts = 1>
ST_67 : Operation 596 [1/1] (0.00ns)   --->   "%bitcast_ln98_112 = bitcast i32 %gmem0_addr_read_56" [/home/simics/HMoE/HLS_HMoE/pseudo_block/run_3/src/pseudo_moe.cpp:98]   --->   Operation 596 'bitcast' 'bitcast_ln98_112' <Predicate = true> <Delay = 0.00>
ST_67 : Operation 597 [1/1] (0.00ns)   --->   "%bitcast_ln98_113 = bitcast i32 %gmem1_addr_read_56" [/home/simics/HMoE/HLS_HMoE/pseudo_block/run_3/src/pseudo_moe.cpp:98]   --->   Operation 597 'bitcast' 'bitcast_ln98_113' <Predicate = true> <Delay = 0.00>
ST_67 : Operation 598 [2/2] (4.20ns)   --->   "%mul15_55 = fmul i32 %bitcast_ln98_112, i32 %bitcast_ln98_113" [/home/simics/HMoE/HLS_HMoE/pseudo_block/run_3/src/pseudo_moe.cpp:98]   --->   Operation 598 'fmul' 'mul15_55' <Predicate = true> <Delay = 4.20> <CoreInst = "FMul_maxdsp">   --->   Core 30 'FMul_maxdsp' <Latency = 1> <II = 1> <Delay = 3.88> <FuncUnit> <Opcode : 'fmul'> <InPorts = 2> <OutPorts = 1>
ST_67 : Operation 599 [1/1] (7.30ns)   --->   "%gmem0_addr_read_57 = read i32 @_ssdm_op_Read.m_axi.p1i32, i64 %gmem0_addr" [/home/simics/HMoE/HLS_HMoE/pseudo_block/run_3/src/pseudo_moe.cpp:98]   --->   Operation 599 'read' 'gmem0_addr_read_57' <Predicate = true> <Delay = 7.30> <CoreInst = "m_axi">   --->   Core 121 'm_axi' <Latency = 0> <II = 1> <Delay = 1.00> <Adapter> <Opcode : 'read' 'write' 'readreq' 'writereq' 'writeresp'>

State 68 <SV = 67> <Delay = 7.30>
ST_68 : Operation 600 [1/2] (6.04ns)   --->   "%acc_28 = fadd i32 %acc_27, i32 %mul15_26" [/home/simics/HMoE/HLS_HMoE/pseudo_block/run_3/src/pseudo_moe.cpp:98]   --->   Operation 600 'fadd' 'acc_28' <Predicate = true> <Delay = 6.04> <CoreInst = "FAddSub_fulldsp">   --->   Core 18 'FAddSub_fulldsp' <Latency = 1> <II = 1> <Delay = 6.04> <FuncUnit> <Opcode : 'fadd' 'fsub'> <InPorts = 2> <OutPorts = 1>
ST_68 : Operation 601 [1/2] (3.88ns)   --->   "%mul15_55 = fmul i32 %bitcast_ln98_112, i32 %bitcast_ln98_113" [/home/simics/HMoE/HLS_HMoE/pseudo_block/run_3/src/pseudo_moe.cpp:98]   --->   Operation 601 'fmul' 'mul15_55' <Predicate = true> <Delay = 3.88> <CoreInst = "FMul_maxdsp">   --->   Core 30 'FMul_maxdsp' <Latency = 1> <II = 1> <Delay = 3.88> <FuncUnit> <Opcode : 'fmul'> <InPorts = 2> <OutPorts = 1>
ST_68 : Operation 602 [1/1] (0.00ns)   --->   "%bitcast_ln98_114 = bitcast i32 %gmem0_addr_read_57" [/home/simics/HMoE/HLS_HMoE/pseudo_block/run_3/src/pseudo_moe.cpp:98]   --->   Operation 602 'bitcast' 'bitcast_ln98_114' <Predicate = true> <Delay = 0.00>
ST_68 : Operation 603 [1/1] (0.00ns)   --->   "%bitcast_ln98_115 = bitcast i32 %gmem1_addr_read_57" [/home/simics/HMoE/HLS_HMoE/pseudo_block/run_3/src/pseudo_moe.cpp:98]   --->   Operation 603 'bitcast' 'bitcast_ln98_115' <Predicate = true> <Delay = 0.00>
ST_68 : Operation 604 [2/2] (4.20ns)   --->   "%mul15_56 = fmul i32 %bitcast_ln98_114, i32 %bitcast_ln98_115" [/home/simics/HMoE/HLS_HMoE/pseudo_block/run_3/src/pseudo_moe.cpp:98]   --->   Operation 604 'fmul' 'mul15_56' <Predicate = true> <Delay = 4.20> <CoreInst = "FMul_maxdsp">   --->   Core 30 'FMul_maxdsp' <Latency = 1> <II = 1> <Delay = 3.88> <FuncUnit> <Opcode : 'fmul'> <InPorts = 2> <OutPorts = 1>
ST_68 : Operation 605 [1/1] (7.30ns)   --->   "%gmem0_addr_read_58 = read i32 @_ssdm_op_Read.m_axi.p1i32, i64 %gmem0_addr" [/home/simics/HMoE/HLS_HMoE/pseudo_block/run_3/src/pseudo_moe.cpp:98]   --->   Operation 605 'read' 'gmem0_addr_read_58' <Predicate = true> <Delay = 7.30> <CoreInst = "m_axi">   --->   Core 121 'm_axi' <Latency = 0> <II = 1> <Delay = 1.00> <Adapter> <Opcode : 'read' 'write' 'readreq' 'writereq' 'writeresp'>

State 69 <SV = 68> <Delay = 7.30>
ST_69 : Operation 606 [2/2] (6.36ns)   --->   "%acc_29 = fadd i32 %acc_28, i32 %mul15_27" [/home/simics/HMoE/HLS_HMoE/pseudo_block/run_3/src/pseudo_moe.cpp:98]   --->   Operation 606 'fadd' 'acc_29' <Predicate = true> <Delay = 6.36> <CoreInst = "FAddSub_fulldsp">   --->   Core 18 'FAddSub_fulldsp' <Latency = 1> <II = 1> <Delay = 6.04> <FuncUnit> <Opcode : 'fadd' 'fsub'> <InPorts = 2> <OutPorts = 1>
ST_69 : Operation 607 [1/2] (3.88ns)   --->   "%mul15_56 = fmul i32 %bitcast_ln98_114, i32 %bitcast_ln98_115" [/home/simics/HMoE/HLS_HMoE/pseudo_block/run_3/src/pseudo_moe.cpp:98]   --->   Operation 607 'fmul' 'mul15_56' <Predicate = true> <Delay = 3.88> <CoreInst = "FMul_maxdsp">   --->   Core 30 'FMul_maxdsp' <Latency = 1> <II = 1> <Delay = 3.88> <FuncUnit> <Opcode : 'fmul'> <InPorts = 2> <OutPorts = 1>
ST_69 : Operation 608 [1/1] (0.00ns)   --->   "%bitcast_ln98_116 = bitcast i32 %gmem0_addr_read_58" [/home/simics/HMoE/HLS_HMoE/pseudo_block/run_3/src/pseudo_moe.cpp:98]   --->   Operation 608 'bitcast' 'bitcast_ln98_116' <Predicate = true> <Delay = 0.00>
ST_69 : Operation 609 [1/1] (0.00ns)   --->   "%bitcast_ln98_117 = bitcast i32 %gmem1_addr_read_58" [/home/simics/HMoE/HLS_HMoE/pseudo_block/run_3/src/pseudo_moe.cpp:98]   --->   Operation 609 'bitcast' 'bitcast_ln98_117' <Predicate = true> <Delay = 0.00>
ST_69 : Operation 610 [2/2] (4.20ns)   --->   "%mul15_57 = fmul i32 %bitcast_ln98_116, i32 %bitcast_ln98_117" [/home/simics/HMoE/HLS_HMoE/pseudo_block/run_3/src/pseudo_moe.cpp:98]   --->   Operation 610 'fmul' 'mul15_57' <Predicate = true> <Delay = 4.20> <CoreInst = "FMul_maxdsp">   --->   Core 30 'FMul_maxdsp' <Latency = 1> <II = 1> <Delay = 3.88> <FuncUnit> <Opcode : 'fmul'> <InPorts = 2> <OutPorts = 1>
ST_69 : Operation 611 [1/1] (7.30ns)   --->   "%gmem0_addr_read_59 = read i32 @_ssdm_op_Read.m_axi.p1i32, i64 %gmem0_addr" [/home/simics/HMoE/HLS_HMoE/pseudo_block/run_3/src/pseudo_moe.cpp:98]   --->   Operation 611 'read' 'gmem0_addr_read_59' <Predicate = true> <Delay = 7.30> <CoreInst = "m_axi">   --->   Core 121 'm_axi' <Latency = 0> <II = 1> <Delay = 1.00> <Adapter> <Opcode : 'read' 'write' 'readreq' 'writereq' 'writeresp'>

State 70 <SV = 69> <Delay = 7.30>
ST_70 : Operation 612 [1/2] (6.04ns)   --->   "%acc_29 = fadd i32 %acc_28, i32 %mul15_27" [/home/simics/HMoE/HLS_HMoE/pseudo_block/run_3/src/pseudo_moe.cpp:98]   --->   Operation 612 'fadd' 'acc_29' <Predicate = true> <Delay = 6.04> <CoreInst = "FAddSub_fulldsp">   --->   Core 18 'FAddSub_fulldsp' <Latency = 1> <II = 1> <Delay = 6.04> <FuncUnit> <Opcode : 'fadd' 'fsub'> <InPorts = 2> <OutPorts = 1>
ST_70 : Operation 613 [1/2] (3.88ns)   --->   "%mul15_57 = fmul i32 %bitcast_ln98_116, i32 %bitcast_ln98_117" [/home/simics/HMoE/HLS_HMoE/pseudo_block/run_3/src/pseudo_moe.cpp:98]   --->   Operation 613 'fmul' 'mul15_57' <Predicate = true> <Delay = 3.88> <CoreInst = "FMul_maxdsp">   --->   Core 30 'FMul_maxdsp' <Latency = 1> <II = 1> <Delay = 3.88> <FuncUnit> <Opcode : 'fmul'> <InPorts = 2> <OutPorts = 1>
ST_70 : Operation 614 [1/1] (0.00ns)   --->   "%bitcast_ln98_118 = bitcast i32 %gmem0_addr_read_59" [/home/simics/HMoE/HLS_HMoE/pseudo_block/run_3/src/pseudo_moe.cpp:98]   --->   Operation 614 'bitcast' 'bitcast_ln98_118' <Predicate = true> <Delay = 0.00>
ST_70 : Operation 615 [1/1] (0.00ns)   --->   "%bitcast_ln98_119 = bitcast i32 %gmem1_addr_read_59" [/home/simics/HMoE/HLS_HMoE/pseudo_block/run_3/src/pseudo_moe.cpp:98]   --->   Operation 615 'bitcast' 'bitcast_ln98_119' <Predicate = true> <Delay = 0.00>
ST_70 : Operation 616 [2/2] (4.20ns)   --->   "%mul15_58 = fmul i32 %bitcast_ln98_118, i32 %bitcast_ln98_119" [/home/simics/HMoE/HLS_HMoE/pseudo_block/run_3/src/pseudo_moe.cpp:98]   --->   Operation 616 'fmul' 'mul15_58' <Predicate = true> <Delay = 4.20> <CoreInst = "FMul_maxdsp">   --->   Core 30 'FMul_maxdsp' <Latency = 1> <II = 1> <Delay = 3.88> <FuncUnit> <Opcode : 'fmul'> <InPorts = 2> <OutPorts = 1>
ST_70 : Operation 617 [1/1] (7.30ns)   --->   "%gmem0_addr_read_60 = read i32 @_ssdm_op_Read.m_axi.p1i32, i64 %gmem0_addr" [/home/simics/HMoE/HLS_HMoE/pseudo_block/run_3/src/pseudo_moe.cpp:98]   --->   Operation 617 'read' 'gmem0_addr_read_60' <Predicate = true> <Delay = 7.30> <CoreInst = "m_axi">   --->   Core 121 'm_axi' <Latency = 0> <II = 1> <Delay = 1.00> <Adapter> <Opcode : 'read' 'write' 'readreq' 'writereq' 'writeresp'>

State 71 <SV = 70> <Delay = 7.30>
ST_71 : Operation 618 [2/2] (6.36ns)   --->   "%acc_30 = fadd i32 %acc_29, i32 %mul15_28" [/home/simics/HMoE/HLS_HMoE/pseudo_block/run_3/src/pseudo_moe.cpp:98]   --->   Operation 618 'fadd' 'acc_30' <Predicate = true> <Delay = 6.36> <CoreInst = "FAddSub_fulldsp">   --->   Core 18 'FAddSub_fulldsp' <Latency = 1> <II = 1> <Delay = 6.04> <FuncUnit> <Opcode : 'fadd' 'fsub'> <InPorts = 2> <OutPorts = 1>
ST_71 : Operation 619 [1/2] (3.88ns)   --->   "%mul15_58 = fmul i32 %bitcast_ln98_118, i32 %bitcast_ln98_119" [/home/simics/HMoE/HLS_HMoE/pseudo_block/run_3/src/pseudo_moe.cpp:98]   --->   Operation 619 'fmul' 'mul15_58' <Predicate = true> <Delay = 3.88> <CoreInst = "FMul_maxdsp">   --->   Core 30 'FMul_maxdsp' <Latency = 1> <II = 1> <Delay = 3.88> <FuncUnit> <Opcode : 'fmul'> <InPorts = 2> <OutPorts = 1>
ST_71 : Operation 620 [1/1] (0.00ns)   --->   "%bitcast_ln98_120 = bitcast i32 %gmem0_addr_read_60" [/home/simics/HMoE/HLS_HMoE/pseudo_block/run_3/src/pseudo_moe.cpp:98]   --->   Operation 620 'bitcast' 'bitcast_ln98_120' <Predicate = true> <Delay = 0.00>
ST_71 : Operation 621 [1/1] (0.00ns)   --->   "%bitcast_ln98_121 = bitcast i32 %gmem1_addr_read_60" [/home/simics/HMoE/HLS_HMoE/pseudo_block/run_3/src/pseudo_moe.cpp:98]   --->   Operation 621 'bitcast' 'bitcast_ln98_121' <Predicate = true> <Delay = 0.00>
ST_71 : Operation 622 [2/2] (4.20ns)   --->   "%mul15_59 = fmul i32 %bitcast_ln98_120, i32 %bitcast_ln98_121" [/home/simics/HMoE/HLS_HMoE/pseudo_block/run_3/src/pseudo_moe.cpp:98]   --->   Operation 622 'fmul' 'mul15_59' <Predicate = true> <Delay = 4.20> <CoreInst = "FMul_maxdsp">   --->   Core 30 'FMul_maxdsp' <Latency = 1> <II = 1> <Delay = 3.88> <FuncUnit> <Opcode : 'fmul'> <InPorts = 2> <OutPorts = 1>
ST_71 : Operation 623 [1/1] (7.30ns)   --->   "%gmem0_addr_read_61 = read i32 @_ssdm_op_Read.m_axi.p1i32, i64 %gmem0_addr" [/home/simics/HMoE/HLS_HMoE/pseudo_block/run_3/src/pseudo_moe.cpp:98]   --->   Operation 623 'read' 'gmem0_addr_read_61' <Predicate = true> <Delay = 7.30> <CoreInst = "m_axi">   --->   Core 121 'm_axi' <Latency = 0> <II = 1> <Delay = 1.00> <Adapter> <Opcode : 'read' 'write' 'readreq' 'writereq' 'writeresp'>

State 72 <SV = 71> <Delay = 7.30>
ST_72 : Operation 624 [1/2] (6.04ns)   --->   "%acc_30 = fadd i32 %acc_29, i32 %mul15_28" [/home/simics/HMoE/HLS_HMoE/pseudo_block/run_3/src/pseudo_moe.cpp:98]   --->   Operation 624 'fadd' 'acc_30' <Predicate = true> <Delay = 6.04> <CoreInst = "FAddSub_fulldsp">   --->   Core 18 'FAddSub_fulldsp' <Latency = 1> <II = 1> <Delay = 6.04> <FuncUnit> <Opcode : 'fadd' 'fsub'> <InPorts = 2> <OutPorts = 1>
ST_72 : Operation 625 [1/2] (3.88ns)   --->   "%mul15_59 = fmul i32 %bitcast_ln98_120, i32 %bitcast_ln98_121" [/home/simics/HMoE/HLS_HMoE/pseudo_block/run_3/src/pseudo_moe.cpp:98]   --->   Operation 625 'fmul' 'mul15_59' <Predicate = true> <Delay = 3.88> <CoreInst = "FMul_maxdsp">   --->   Core 30 'FMul_maxdsp' <Latency = 1> <II = 1> <Delay = 3.88> <FuncUnit> <Opcode : 'fmul'> <InPorts = 2> <OutPorts = 1>
ST_72 : Operation 626 [1/1] (0.00ns)   --->   "%bitcast_ln98_122 = bitcast i32 %gmem0_addr_read_61" [/home/simics/HMoE/HLS_HMoE/pseudo_block/run_3/src/pseudo_moe.cpp:98]   --->   Operation 626 'bitcast' 'bitcast_ln98_122' <Predicate = true> <Delay = 0.00>
ST_72 : Operation 627 [1/1] (0.00ns)   --->   "%bitcast_ln98_123 = bitcast i32 %gmem1_addr_read_61" [/home/simics/HMoE/HLS_HMoE/pseudo_block/run_3/src/pseudo_moe.cpp:98]   --->   Operation 627 'bitcast' 'bitcast_ln98_123' <Predicate = true> <Delay = 0.00>
ST_72 : Operation 628 [2/2] (4.20ns)   --->   "%mul15_60 = fmul i32 %bitcast_ln98_122, i32 %bitcast_ln98_123" [/home/simics/HMoE/HLS_HMoE/pseudo_block/run_3/src/pseudo_moe.cpp:98]   --->   Operation 628 'fmul' 'mul15_60' <Predicate = true> <Delay = 4.20> <CoreInst = "FMul_maxdsp">   --->   Core 30 'FMul_maxdsp' <Latency = 1> <II = 1> <Delay = 3.88> <FuncUnit> <Opcode : 'fmul'> <InPorts = 2> <OutPorts = 1>
ST_72 : Operation 629 [1/1] (7.30ns)   --->   "%gmem0_addr_read_62 = read i32 @_ssdm_op_Read.m_axi.p1i32, i64 %gmem0_addr" [/home/simics/HMoE/HLS_HMoE/pseudo_block/run_3/src/pseudo_moe.cpp:98]   --->   Operation 629 'read' 'gmem0_addr_read_62' <Predicate = true> <Delay = 7.30> <CoreInst = "m_axi">   --->   Core 121 'm_axi' <Latency = 0> <II = 1> <Delay = 1.00> <Adapter> <Opcode : 'read' 'write' 'readreq' 'writereq' 'writeresp'>

State 73 <SV = 72> <Delay = 7.30>
ST_73 : Operation 630 [2/2] (6.36ns)   --->   "%acc_31 = fadd i32 %acc_30, i32 %mul15_29" [/home/simics/HMoE/HLS_HMoE/pseudo_block/run_3/src/pseudo_moe.cpp:98]   --->   Operation 630 'fadd' 'acc_31' <Predicate = true> <Delay = 6.36> <CoreInst = "FAddSub_fulldsp">   --->   Core 18 'FAddSub_fulldsp' <Latency = 1> <II = 1> <Delay = 6.04> <FuncUnit> <Opcode : 'fadd' 'fsub'> <InPorts = 2> <OutPorts = 1>
ST_73 : Operation 631 [1/2] (3.88ns)   --->   "%mul15_60 = fmul i32 %bitcast_ln98_122, i32 %bitcast_ln98_123" [/home/simics/HMoE/HLS_HMoE/pseudo_block/run_3/src/pseudo_moe.cpp:98]   --->   Operation 631 'fmul' 'mul15_60' <Predicate = true> <Delay = 3.88> <CoreInst = "FMul_maxdsp">   --->   Core 30 'FMul_maxdsp' <Latency = 1> <II = 1> <Delay = 3.88> <FuncUnit> <Opcode : 'fmul'> <InPorts = 2> <OutPorts = 1>
ST_73 : Operation 632 [1/1] (0.00ns)   --->   "%bitcast_ln98_124 = bitcast i32 %gmem0_addr_read_62" [/home/simics/HMoE/HLS_HMoE/pseudo_block/run_3/src/pseudo_moe.cpp:98]   --->   Operation 632 'bitcast' 'bitcast_ln98_124' <Predicate = true> <Delay = 0.00>
ST_73 : Operation 633 [1/1] (0.00ns)   --->   "%bitcast_ln98_125 = bitcast i32 %gmem1_addr_read_62" [/home/simics/HMoE/HLS_HMoE/pseudo_block/run_3/src/pseudo_moe.cpp:98]   --->   Operation 633 'bitcast' 'bitcast_ln98_125' <Predicate = true> <Delay = 0.00>
ST_73 : Operation 634 [2/2] (4.20ns)   --->   "%mul15_61 = fmul i32 %bitcast_ln98_124, i32 %bitcast_ln98_125" [/home/simics/HMoE/HLS_HMoE/pseudo_block/run_3/src/pseudo_moe.cpp:98]   --->   Operation 634 'fmul' 'mul15_61' <Predicate = true> <Delay = 4.20> <CoreInst = "FMul_maxdsp">   --->   Core 30 'FMul_maxdsp' <Latency = 1> <II = 1> <Delay = 3.88> <FuncUnit> <Opcode : 'fmul'> <InPorts = 2> <OutPorts = 1>
ST_73 : Operation 635 [1/1] (7.30ns)   --->   "%gmem0_addr_read_63 = read i32 @_ssdm_op_Read.m_axi.p1i32, i64 %gmem0_addr" [/home/simics/HMoE/HLS_HMoE/pseudo_block/run_3/src/pseudo_moe.cpp:98]   --->   Operation 635 'read' 'gmem0_addr_read_63' <Predicate = true> <Delay = 7.30> <CoreInst = "m_axi">   --->   Core 121 'm_axi' <Latency = 0> <II = 1> <Delay = 1.00> <Adapter> <Opcode : 'read' 'write' 'readreq' 'writereq' 'writeresp'>

State 74 <SV = 73> <Delay = 6.04>
ST_74 : Operation 636 [1/2] (6.04ns)   --->   "%acc_31 = fadd i32 %acc_30, i32 %mul15_29" [/home/simics/HMoE/HLS_HMoE/pseudo_block/run_3/src/pseudo_moe.cpp:98]   --->   Operation 636 'fadd' 'acc_31' <Predicate = true> <Delay = 6.04> <CoreInst = "FAddSub_fulldsp">   --->   Core 18 'FAddSub_fulldsp' <Latency = 1> <II = 1> <Delay = 6.04> <FuncUnit> <Opcode : 'fadd' 'fsub'> <InPorts = 2> <OutPorts = 1>
ST_74 : Operation 637 [1/2] (3.88ns)   --->   "%mul15_61 = fmul i32 %bitcast_ln98_124, i32 %bitcast_ln98_125" [/home/simics/HMoE/HLS_HMoE/pseudo_block/run_3/src/pseudo_moe.cpp:98]   --->   Operation 637 'fmul' 'mul15_61' <Predicate = true> <Delay = 3.88> <CoreInst = "FMul_maxdsp">   --->   Core 30 'FMul_maxdsp' <Latency = 1> <II = 1> <Delay = 3.88> <FuncUnit> <Opcode : 'fmul'> <InPorts = 2> <OutPorts = 1>
ST_74 : Operation 638 [1/1] (0.00ns)   --->   "%bitcast_ln98_126 = bitcast i32 %gmem0_addr_read_63" [/home/simics/HMoE/HLS_HMoE/pseudo_block/run_3/src/pseudo_moe.cpp:98]   --->   Operation 638 'bitcast' 'bitcast_ln98_126' <Predicate = true> <Delay = 0.00>
ST_74 : Operation 639 [1/1] (0.00ns)   --->   "%bitcast_ln98_127 = bitcast i32 %gmem1_addr_read_63" [/home/simics/HMoE/HLS_HMoE/pseudo_block/run_3/src/pseudo_moe.cpp:98]   --->   Operation 639 'bitcast' 'bitcast_ln98_127' <Predicate = true> <Delay = 0.00>
ST_74 : Operation 640 [2/2] (4.20ns)   --->   "%mul15_62 = fmul i32 %bitcast_ln98_126, i32 %bitcast_ln98_127" [/home/simics/HMoE/HLS_HMoE/pseudo_block/run_3/src/pseudo_moe.cpp:98]   --->   Operation 640 'fmul' 'mul15_62' <Predicate = true> <Delay = 4.20> <CoreInst = "FMul_maxdsp">   --->   Core 30 'FMul_maxdsp' <Latency = 1> <II = 1> <Delay = 3.88> <FuncUnit> <Opcode : 'fmul'> <InPorts = 2> <OutPorts = 1>

State 75 <SV = 74> <Delay = 6.36>
ST_75 : Operation 641 [2/2] (6.36ns)   --->   "%acc_32 = fadd i32 %acc_31, i32 %mul15_30" [/home/simics/HMoE/HLS_HMoE/pseudo_block/run_3/src/pseudo_moe.cpp:98]   --->   Operation 641 'fadd' 'acc_32' <Predicate = true> <Delay = 6.36> <CoreInst = "FAddSub_fulldsp">   --->   Core 18 'FAddSub_fulldsp' <Latency = 1> <II = 1> <Delay = 6.04> <FuncUnit> <Opcode : 'fadd' 'fsub'> <InPorts = 2> <OutPorts = 1>
ST_75 : Operation 642 [1/2] (3.88ns)   --->   "%mul15_62 = fmul i32 %bitcast_ln98_126, i32 %bitcast_ln98_127" [/home/simics/HMoE/HLS_HMoE/pseudo_block/run_3/src/pseudo_moe.cpp:98]   --->   Operation 642 'fmul' 'mul15_62' <Predicate = true> <Delay = 3.88> <CoreInst = "FMul_maxdsp">   --->   Core 30 'FMul_maxdsp' <Latency = 1> <II = 1> <Delay = 3.88> <FuncUnit> <Opcode : 'fmul'> <InPorts = 2> <OutPorts = 1>

State 76 <SV = 75> <Delay = 6.04>
ST_76 : Operation 643 [1/2] (6.04ns)   --->   "%acc_32 = fadd i32 %acc_31, i32 %mul15_30" [/home/simics/HMoE/HLS_HMoE/pseudo_block/run_3/src/pseudo_moe.cpp:98]   --->   Operation 643 'fadd' 'acc_32' <Predicate = true> <Delay = 6.04> <CoreInst = "FAddSub_fulldsp">   --->   Core 18 'FAddSub_fulldsp' <Latency = 1> <II = 1> <Delay = 6.04> <FuncUnit> <Opcode : 'fadd' 'fsub'> <InPorts = 2> <OutPorts = 1>

State 77 <SV = 76> <Delay = 0.00>

State 78 <SV = 77> <Delay = 6.36>
ST_78 : Operation 644 [2/2] (6.36ns)   --->   "%acc_33 = fadd i32 %acc_32, i32 %mul15_31" [/home/simics/HMoE/HLS_HMoE/pseudo_block/run_3/src/pseudo_moe.cpp:98]   --->   Operation 644 'fadd' 'acc_33' <Predicate = true> <Delay = 6.36> <CoreInst = "FAddSub_fulldsp">   --->   Core 18 'FAddSub_fulldsp' <Latency = 1> <II = 1> <Delay = 6.04> <FuncUnit> <Opcode : 'fadd' 'fsub'> <InPorts = 2> <OutPorts = 1>

State 79 <SV = 78> <Delay = 6.04>
ST_79 : Operation 645 [1/2] (6.04ns)   --->   "%acc_33 = fadd i32 %acc_32, i32 %mul15_31" [/home/simics/HMoE/HLS_HMoE/pseudo_block/run_3/src/pseudo_moe.cpp:98]   --->   Operation 645 'fadd' 'acc_33' <Predicate = true> <Delay = 6.04> <CoreInst = "FAddSub_fulldsp">   --->   Core 18 'FAddSub_fulldsp' <Latency = 1> <II = 1> <Delay = 6.04> <FuncUnit> <Opcode : 'fadd' 'fsub'> <InPorts = 2> <OutPorts = 1>
ST_79 : Operation 738 [1/1] (0.00ns)   --->   "%max_logit_load = load i32 %max_logit"   --->   Operation 738 'load' 'max_logit_load' <Predicate = (icmp_ln94)> <Delay = 0.00>
ST_79 : Operation 739 [1/1] (0.00ns)   --->   "%logits_0_1_load = load i32 %logits_0_1"   --->   Operation 739 'load' 'logits_0_1_load' <Predicate = (icmp_ln94)> <Delay = 0.00>
ST_79 : Operation 740 [1/1] (0.00ns)   --->   "%logits_1_1_load = load i32 %logits_1_1"   --->   Operation 740 'load' 'logits_1_1_load' <Predicate = (icmp_ln94)> <Delay = 0.00>
ST_79 : Operation 741 [1/1] (0.00ns)   --->   "%logits_2_1_load = load i32 %logits_2_1"   --->   Operation 741 'load' 'logits_2_1_load' <Predicate = (icmp_ln94)> <Delay = 0.00>
ST_79 : Operation 742 [1/1] (0.00ns)   --->   "%logits_3_1_load = load i32 %logits_3_1"   --->   Operation 742 'load' 'logits_3_1_load' <Predicate = (icmp_ln94)> <Delay = 0.00>
ST_79 : Operation 743 [1/1] (0.00ns)   --->   "%write_ln0 = write void @_ssdm_op_Write.ap_auto.floatP0A, i32 %logits_3_1_out, i32 %logits_3_1_load"   --->   Operation 743 'write' 'write_ln0' <Predicate = (icmp_ln94)> <Delay = 0.00>
ST_79 : Operation 744 [1/1] (0.00ns)   --->   "%write_ln0 = write void @_ssdm_op_Write.ap_auto.floatP0A, i32 %logits_2_1_out, i32 %logits_2_1_load"   --->   Operation 744 'write' 'write_ln0' <Predicate = (icmp_ln94)> <Delay = 0.00>
ST_79 : Operation 745 [1/1] (0.00ns)   --->   "%write_ln0 = write void @_ssdm_op_Write.ap_auto.floatP0A, i32 %logits_1_1_out, i32 %logits_1_1_load"   --->   Operation 745 'write' 'write_ln0' <Predicate = (icmp_ln94)> <Delay = 0.00>
ST_79 : Operation 746 [1/1] (0.00ns)   --->   "%write_ln0 = write void @_ssdm_op_Write.ap_auto.floatP0A, i32 %logits_0_1_out, i32 %logits_0_1_load"   --->   Operation 746 'write' 'write_ln0' <Predicate = (icmp_ln94)> <Delay = 0.00>
ST_79 : Operation 747 [1/1] (0.00ns)   --->   "%write_ln0 = write void @_ssdm_op_Write.ap_auto.floatP0A, i32 %max_logit_out, i32 %max_logit_load"   --->   Operation 747 'write' 'write_ln0' <Predicate = (icmp_ln94)> <Delay = 0.00>
ST_79 : Operation 748 [1/1] (0.00ns)   --->   "%ret_ln0 = ret"   --->   Operation 748 'ret' 'ret_ln0' <Predicate = (icmp_ln94)> <Delay = 0.00>

State 80 <SV = 79> <Delay = 6.36>
ST_80 : Operation 646 [2/2] (6.36ns)   --->   "%acc_34 = fadd i32 %acc_33, i32 %mul15_32" [/home/simics/HMoE/HLS_HMoE/pseudo_block/run_3/src/pseudo_moe.cpp:98]   --->   Operation 646 'fadd' 'acc_34' <Predicate = true> <Delay = 6.36> <CoreInst = "FAddSub_fulldsp">   --->   Core 18 'FAddSub_fulldsp' <Latency = 1> <II = 1> <Delay = 6.04> <FuncUnit> <Opcode : 'fadd' 'fsub'> <InPorts = 2> <OutPorts = 1>

State 81 <SV = 80> <Delay = 6.04>
ST_81 : Operation 647 [1/2] (6.04ns)   --->   "%acc_34 = fadd i32 %acc_33, i32 %mul15_32" [/home/simics/HMoE/HLS_HMoE/pseudo_block/run_3/src/pseudo_moe.cpp:98]   --->   Operation 647 'fadd' 'acc_34' <Predicate = true> <Delay = 6.04> <CoreInst = "FAddSub_fulldsp">   --->   Core 18 'FAddSub_fulldsp' <Latency = 1> <II = 1> <Delay = 6.04> <FuncUnit> <Opcode : 'fadd' 'fsub'> <InPorts = 2> <OutPorts = 1>

State 82 <SV = 81> <Delay = 6.36>
ST_82 : Operation 648 [2/2] (6.36ns)   --->   "%acc_35 = fadd i32 %acc_34, i32 %mul15_33" [/home/simics/HMoE/HLS_HMoE/pseudo_block/run_3/src/pseudo_moe.cpp:98]   --->   Operation 648 'fadd' 'acc_35' <Predicate = true> <Delay = 6.36> <CoreInst = "FAddSub_fulldsp">   --->   Core 18 'FAddSub_fulldsp' <Latency = 1> <II = 1> <Delay = 6.04> <FuncUnit> <Opcode : 'fadd' 'fsub'> <InPorts = 2> <OutPorts = 1>

State 83 <SV = 82> <Delay = 6.04>
ST_83 : Operation 649 [1/2] (6.04ns)   --->   "%acc_35 = fadd i32 %acc_34, i32 %mul15_33" [/home/simics/HMoE/HLS_HMoE/pseudo_block/run_3/src/pseudo_moe.cpp:98]   --->   Operation 649 'fadd' 'acc_35' <Predicate = true> <Delay = 6.04> <CoreInst = "FAddSub_fulldsp">   --->   Core 18 'FAddSub_fulldsp' <Latency = 1> <II = 1> <Delay = 6.04> <FuncUnit> <Opcode : 'fadd' 'fsub'> <InPorts = 2> <OutPorts = 1>

State 84 <SV = 83> <Delay = 6.36>
ST_84 : Operation 650 [2/2] (6.36ns)   --->   "%acc_36 = fadd i32 %acc_35, i32 %mul15_34" [/home/simics/HMoE/HLS_HMoE/pseudo_block/run_3/src/pseudo_moe.cpp:98]   --->   Operation 650 'fadd' 'acc_36' <Predicate = true> <Delay = 6.36> <CoreInst = "FAddSub_fulldsp">   --->   Core 18 'FAddSub_fulldsp' <Latency = 1> <II = 1> <Delay = 6.04> <FuncUnit> <Opcode : 'fadd' 'fsub'> <InPorts = 2> <OutPorts = 1>

State 85 <SV = 84> <Delay = 6.04>
ST_85 : Operation 651 [1/2] (6.04ns)   --->   "%acc_36 = fadd i32 %acc_35, i32 %mul15_34" [/home/simics/HMoE/HLS_HMoE/pseudo_block/run_3/src/pseudo_moe.cpp:98]   --->   Operation 651 'fadd' 'acc_36' <Predicate = true> <Delay = 6.04> <CoreInst = "FAddSub_fulldsp">   --->   Core 18 'FAddSub_fulldsp' <Latency = 1> <II = 1> <Delay = 6.04> <FuncUnit> <Opcode : 'fadd' 'fsub'> <InPorts = 2> <OutPorts = 1>

State 86 <SV = 85> <Delay = 6.36>
ST_86 : Operation 652 [2/2] (6.36ns)   --->   "%acc_37 = fadd i32 %acc_36, i32 %mul15_35" [/home/simics/HMoE/HLS_HMoE/pseudo_block/run_3/src/pseudo_moe.cpp:98]   --->   Operation 652 'fadd' 'acc_37' <Predicate = true> <Delay = 6.36> <CoreInst = "FAddSub_fulldsp">   --->   Core 18 'FAddSub_fulldsp' <Latency = 1> <II = 1> <Delay = 6.04> <FuncUnit> <Opcode : 'fadd' 'fsub'> <InPorts = 2> <OutPorts = 1>

State 87 <SV = 86> <Delay = 6.04>
ST_87 : Operation 653 [1/2] (6.04ns)   --->   "%acc_37 = fadd i32 %acc_36, i32 %mul15_35" [/home/simics/HMoE/HLS_HMoE/pseudo_block/run_3/src/pseudo_moe.cpp:98]   --->   Operation 653 'fadd' 'acc_37' <Predicate = true> <Delay = 6.04> <CoreInst = "FAddSub_fulldsp">   --->   Core 18 'FAddSub_fulldsp' <Latency = 1> <II = 1> <Delay = 6.04> <FuncUnit> <Opcode : 'fadd' 'fsub'> <InPorts = 2> <OutPorts = 1>

State 88 <SV = 87> <Delay = 6.36>
ST_88 : Operation 654 [2/2] (6.36ns)   --->   "%acc_38 = fadd i32 %acc_37, i32 %mul15_36" [/home/simics/HMoE/HLS_HMoE/pseudo_block/run_3/src/pseudo_moe.cpp:98]   --->   Operation 654 'fadd' 'acc_38' <Predicate = true> <Delay = 6.36> <CoreInst = "FAddSub_fulldsp">   --->   Core 18 'FAddSub_fulldsp' <Latency = 1> <II = 1> <Delay = 6.04> <FuncUnit> <Opcode : 'fadd' 'fsub'> <InPorts = 2> <OutPorts = 1>

State 89 <SV = 88> <Delay = 6.04>
ST_89 : Operation 655 [1/2] (6.04ns)   --->   "%acc_38 = fadd i32 %acc_37, i32 %mul15_36" [/home/simics/HMoE/HLS_HMoE/pseudo_block/run_3/src/pseudo_moe.cpp:98]   --->   Operation 655 'fadd' 'acc_38' <Predicate = true> <Delay = 6.04> <CoreInst = "FAddSub_fulldsp">   --->   Core 18 'FAddSub_fulldsp' <Latency = 1> <II = 1> <Delay = 6.04> <FuncUnit> <Opcode : 'fadd' 'fsub'> <InPorts = 2> <OutPorts = 1>

State 90 <SV = 89> <Delay = 6.36>
ST_90 : Operation 656 [2/2] (6.36ns)   --->   "%acc_39 = fadd i32 %acc_38, i32 %mul15_37" [/home/simics/HMoE/HLS_HMoE/pseudo_block/run_3/src/pseudo_moe.cpp:98]   --->   Operation 656 'fadd' 'acc_39' <Predicate = true> <Delay = 6.36> <CoreInst = "FAddSub_fulldsp">   --->   Core 18 'FAddSub_fulldsp' <Latency = 1> <II = 1> <Delay = 6.04> <FuncUnit> <Opcode : 'fadd' 'fsub'> <InPorts = 2> <OutPorts = 1>

State 91 <SV = 90> <Delay = 6.04>
ST_91 : Operation 657 [1/2] (6.04ns)   --->   "%acc_39 = fadd i32 %acc_38, i32 %mul15_37" [/home/simics/HMoE/HLS_HMoE/pseudo_block/run_3/src/pseudo_moe.cpp:98]   --->   Operation 657 'fadd' 'acc_39' <Predicate = true> <Delay = 6.04> <CoreInst = "FAddSub_fulldsp">   --->   Core 18 'FAddSub_fulldsp' <Latency = 1> <II = 1> <Delay = 6.04> <FuncUnit> <Opcode : 'fadd' 'fsub'> <InPorts = 2> <OutPorts = 1>

State 92 <SV = 91> <Delay = 6.36>
ST_92 : Operation 658 [2/2] (6.36ns)   --->   "%acc_40 = fadd i32 %acc_39, i32 %mul15_38" [/home/simics/HMoE/HLS_HMoE/pseudo_block/run_3/src/pseudo_moe.cpp:98]   --->   Operation 658 'fadd' 'acc_40' <Predicate = true> <Delay = 6.36> <CoreInst = "FAddSub_fulldsp">   --->   Core 18 'FAddSub_fulldsp' <Latency = 1> <II = 1> <Delay = 6.04> <FuncUnit> <Opcode : 'fadd' 'fsub'> <InPorts = 2> <OutPorts = 1>

State 93 <SV = 92> <Delay = 6.04>
ST_93 : Operation 659 [1/2] (6.04ns)   --->   "%acc_40 = fadd i32 %acc_39, i32 %mul15_38" [/home/simics/HMoE/HLS_HMoE/pseudo_block/run_3/src/pseudo_moe.cpp:98]   --->   Operation 659 'fadd' 'acc_40' <Predicate = true> <Delay = 6.04> <CoreInst = "FAddSub_fulldsp">   --->   Core 18 'FAddSub_fulldsp' <Latency = 1> <II = 1> <Delay = 6.04> <FuncUnit> <Opcode : 'fadd' 'fsub'> <InPorts = 2> <OutPorts = 1>

State 94 <SV = 93> <Delay = 6.36>
ST_94 : Operation 660 [2/2] (6.36ns)   --->   "%acc_41 = fadd i32 %acc_40, i32 %mul15_39" [/home/simics/HMoE/HLS_HMoE/pseudo_block/run_3/src/pseudo_moe.cpp:98]   --->   Operation 660 'fadd' 'acc_41' <Predicate = true> <Delay = 6.36> <CoreInst = "FAddSub_fulldsp">   --->   Core 18 'FAddSub_fulldsp' <Latency = 1> <II = 1> <Delay = 6.04> <FuncUnit> <Opcode : 'fadd' 'fsub'> <InPorts = 2> <OutPorts = 1>

State 95 <SV = 94> <Delay = 6.04>
ST_95 : Operation 661 [1/2] (6.04ns)   --->   "%acc_41 = fadd i32 %acc_40, i32 %mul15_39" [/home/simics/HMoE/HLS_HMoE/pseudo_block/run_3/src/pseudo_moe.cpp:98]   --->   Operation 661 'fadd' 'acc_41' <Predicate = true> <Delay = 6.04> <CoreInst = "FAddSub_fulldsp">   --->   Core 18 'FAddSub_fulldsp' <Latency = 1> <II = 1> <Delay = 6.04> <FuncUnit> <Opcode : 'fadd' 'fsub'> <InPorts = 2> <OutPorts = 1>

State 96 <SV = 95> <Delay = 6.36>
ST_96 : Operation 662 [2/2] (6.36ns)   --->   "%acc_42 = fadd i32 %acc_41, i32 %mul15_40" [/home/simics/HMoE/HLS_HMoE/pseudo_block/run_3/src/pseudo_moe.cpp:98]   --->   Operation 662 'fadd' 'acc_42' <Predicate = true> <Delay = 6.36> <CoreInst = "FAddSub_fulldsp">   --->   Core 18 'FAddSub_fulldsp' <Latency = 1> <II = 1> <Delay = 6.04> <FuncUnit> <Opcode : 'fadd' 'fsub'> <InPorts = 2> <OutPorts = 1>

State 97 <SV = 96> <Delay = 6.04>
ST_97 : Operation 663 [1/2] (6.04ns)   --->   "%acc_42 = fadd i32 %acc_41, i32 %mul15_40" [/home/simics/HMoE/HLS_HMoE/pseudo_block/run_3/src/pseudo_moe.cpp:98]   --->   Operation 663 'fadd' 'acc_42' <Predicate = true> <Delay = 6.04> <CoreInst = "FAddSub_fulldsp">   --->   Core 18 'FAddSub_fulldsp' <Latency = 1> <II = 1> <Delay = 6.04> <FuncUnit> <Opcode : 'fadd' 'fsub'> <InPorts = 2> <OutPorts = 1>

State 98 <SV = 97> <Delay = 6.36>
ST_98 : Operation 664 [2/2] (6.36ns)   --->   "%acc_43 = fadd i32 %acc_42, i32 %mul15_41" [/home/simics/HMoE/HLS_HMoE/pseudo_block/run_3/src/pseudo_moe.cpp:98]   --->   Operation 664 'fadd' 'acc_43' <Predicate = true> <Delay = 6.36> <CoreInst = "FAddSub_fulldsp">   --->   Core 18 'FAddSub_fulldsp' <Latency = 1> <II = 1> <Delay = 6.04> <FuncUnit> <Opcode : 'fadd' 'fsub'> <InPorts = 2> <OutPorts = 1>

State 99 <SV = 98> <Delay = 6.04>
ST_99 : Operation 665 [1/2] (6.04ns)   --->   "%acc_43 = fadd i32 %acc_42, i32 %mul15_41" [/home/simics/HMoE/HLS_HMoE/pseudo_block/run_3/src/pseudo_moe.cpp:98]   --->   Operation 665 'fadd' 'acc_43' <Predicate = true> <Delay = 6.04> <CoreInst = "FAddSub_fulldsp">   --->   Core 18 'FAddSub_fulldsp' <Latency = 1> <II = 1> <Delay = 6.04> <FuncUnit> <Opcode : 'fadd' 'fsub'> <InPorts = 2> <OutPorts = 1>

State 100 <SV = 99> <Delay = 6.36>
ST_100 : Operation 666 [2/2] (6.36ns)   --->   "%acc_44 = fadd i32 %acc_43, i32 %mul15_42" [/home/simics/HMoE/HLS_HMoE/pseudo_block/run_3/src/pseudo_moe.cpp:98]   --->   Operation 666 'fadd' 'acc_44' <Predicate = true> <Delay = 6.36> <CoreInst = "FAddSub_fulldsp">   --->   Core 18 'FAddSub_fulldsp' <Latency = 1> <II = 1> <Delay = 6.04> <FuncUnit> <Opcode : 'fadd' 'fsub'> <InPorts = 2> <OutPorts = 1>

State 101 <SV = 100> <Delay = 6.04>
ST_101 : Operation 667 [1/2] (6.04ns)   --->   "%acc_44 = fadd i32 %acc_43, i32 %mul15_42" [/home/simics/HMoE/HLS_HMoE/pseudo_block/run_3/src/pseudo_moe.cpp:98]   --->   Operation 667 'fadd' 'acc_44' <Predicate = true> <Delay = 6.04> <CoreInst = "FAddSub_fulldsp">   --->   Core 18 'FAddSub_fulldsp' <Latency = 1> <II = 1> <Delay = 6.04> <FuncUnit> <Opcode : 'fadd' 'fsub'> <InPorts = 2> <OutPorts = 1>

State 102 <SV = 101> <Delay = 6.36>
ST_102 : Operation 668 [2/2] (6.36ns)   --->   "%acc_45 = fadd i32 %acc_44, i32 %mul15_43" [/home/simics/HMoE/HLS_HMoE/pseudo_block/run_3/src/pseudo_moe.cpp:98]   --->   Operation 668 'fadd' 'acc_45' <Predicate = true> <Delay = 6.36> <CoreInst = "FAddSub_fulldsp">   --->   Core 18 'FAddSub_fulldsp' <Latency = 1> <II = 1> <Delay = 6.04> <FuncUnit> <Opcode : 'fadd' 'fsub'> <InPorts = 2> <OutPorts = 1>

State 103 <SV = 102> <Delay = 6.04>
ST_103 : Operation 669 [1/2] (6.04ns)   --->   "%acc_45 = fadd i32 %acc_44, i32 %mul15_43" [/home/simics/HMoE/HLS_HMoE/pseudo_block/run_3/src/pseudo_moe.cpp:98]   --->   Operation 669 'fadd' 'acc_45' <Predicate = true> <Delay = 6.04> <CoreInst = "FAddSub_fulldsp">   --->   Core 18 'FAddSub_fulldsp' <Latency = 1> <II = 1> <Delay = 6.04> <FuncUnit> <Opcode : 'fadd' 'fsub'> <InPorts = 2> <OutPorts = 1>

State 104 <SV = 103> <Delay = 6.36>
ST_104 : Operation 670 [2/2] (6.36ns)   --->   "%acc_46 = fadd i32 %acc_45, i32 %mul15_44" [/home/simics/HMoE/HLS_HMoE/pseudo_block/run_3/src/pseudo_moe.cpp:98]   --->   Operation 670 'fadd' 'acc_46' <Predicate = true> <Delay = 6.36> <CoreInst = "FAddSub_fulldsp">   --->   Core 18 'FAddSub_fulldsp' <Latency = 1> <II = 1> <Delay = 6.04> <FuncUnit> <Opcode : 'fadd' 'fsub'> <InPorts = 2> <OutPorts = 1>

State 105 <SV = 104> <Delay = 6.04>
ST_105 : Operation 671 [1/2] (6.04ns)   --->   "%acc_46 = fadd i32 %acc_45, i32 %mul15_44" [/home/simics/HMoE/HLS_HMoE/pseudo_block/run_3/src/pseudo_moe.cpp:98]   --->   Operation 671 'fadd' 'acc_46' <Predicate = true> <Delay = 6.04> <CoreInst = "FAddSub_fulldsp">   --->   Core 18 'FAddSub_fulldsp' <Latency = 1> <II = 1> <Delay = 6.04> <FuncUnit> <Opcode : 'fadd' 'fsub'> <InPorts = 2> <OutPorts = 1>

State 106 <SV = 105> <Delay = 6.36>
ST_106 : Operation 672 [2/2] (6.36ns)   --->   "%acc_47 = fadd i32 %acc_46, i32 %mul15_45" [/home/simics/HMoE/HLS_HMoE/pseudo_block/run_3/src/pseudo_moe.cpp:98]   --->   Operation 672 'fadd' 'acc_47' <Predicate = true> <Delay = 6.36> <CoreInst = "FAddSub_fulldsp">   --->   Core 18 'FAddSub_fulldsp' <Latency = 1> <II = 1> <Delay = 6.04> <FuncUnit> <Opcode : 'fadd' 'fsub'> <InPorts = 2> <OutPorts = 1>

State 107 <SV = 106> <Delay = 6.04>
ST_107 : Operation 673 [1/2] (6.04ns)   --->   "%acc_47 = fadd i32 %acc_46, i32 %mul15_45" [/home/simics/HMoE/HLS_HMoE/pseudo_block/run_3/src/pseudo_moe.cpp:98]   --->   Operation 673 'fadd' 'acc_47' <Predicate = true> <Delay = 6.04> <CoreInst = "FAddSub_fulldsp">   --->   Core 18 'FAddSub_fulldsp' <Latency = 1> <II = 1> <Delay = 6.04> <FuncUnit> <Opcode : 'fadd' 'fsub'> <InPorts = 2> <OutPorts = 1>

State 108 <SV = 107> <Delay = 6.36>
ST_108 : Operation 674 [2/2] (6.36ns)   --->   "%acc_48 = fadd i32 %acc_47, i32 %mul15_46" [/home/simics/HMoE/HLS_HMoE/pseudo_block/run_3/src/pseudo_moe.cpp:98]   --->   Operation 674 'fadd' 'acc_48' <Predicate = true> <Delay = 6.36> <CoreInst = "FAddSub_fulldsp">   --->   Core 18 'FAddSub_fulldsp' <Latency = 1> <II = 1> <Delay = 6.04> <FuncUnit> <Opcode : 'fadd' 'fsub'> <InPorts = 2> <OutPorts = 1>

State 109 <SV = 108> <Delay = 6.04>
ST_109 : Operation 675 [1/2] (6.04ns)   --->   "%acc_48 = fadd i32 %acc_47, i32 %mul15_46" [/home/simics/HMoE/HLS_HMoE/pseudo_block/run_3/src/pseudo_moe.cpp:98]   --->   Operation 675 'fadd' 'acc_48' <Predicate = true> <Delay = 6.04> <CoreInst = "FAddSub_fulldsp">   --->   Core 18 'FAddSub_fulldsp' <Latency = 1> <II = 1> <Delay = 6.04> <FuncUnit> <Opcode : 'fadd' 'fsub'> <InPorts = 2> <OutPorts = 1>

State 110 <SV = 109> <Delay = 6.36>
ST_110 : Operation 676 [2/2] (6.36ns)   --->   "%acc_49 = fadd i32 %acc_48, i32 %mul15_47" [/home/simics/HMoE/HLS_HMoE/pseudo_block/run_3/src/pseudo_moe.cpp:98]   --->   Operation 676 'fadd' 'acc_49' <Predicate = true> <Delay = 6.36> <CoreInst = "FAddSub_fulldsp">   --->   Core 18 'FAddSub_fulldsp' <Latency = 1> <II = 1> <Delay = 6.04> <FuncUnit> <Opcode : 'fadd' 'fsub'> <InPorts = 2> <OutPorts = 1>

State 111 <SV = 110> <Delay = 6.04>
ST_111 : Operation 677 [1/2] (6.04ns)   --->   "%acc_49 = fadd i32 %acc_48, i32 %mul15_47" [/home/simics/HMoE/HLS_HMoE/pseudo_block/run_3/src/pseudo_moe.cpp:98]   --->   Operation 677 'fadd' 'acc_49' <Predicate = true> <Delay = 6.04> <CoreInst = "FAddSub_fulldsp">   --->   Core 18 'FAddSub_fulldsp' <Latency = 1> <II = 1> <Delay = 6.04> <FuncUnit> <Opcode : 'fadd' 'fsub'> <InPorts = 2> <OutPorts = 1>

State 112 <SV = 111> <Delay = 6.36>
ST_112 : Operation 678 [2/2] (6.36ns)   --->   "%acc_50 = fadd i32 %acc_49, i32 %mul15_48" [/home/simics/HMoE/HLS_HMoE/pseudo_block/run_3/src/pseudo_moe.cpp:98]   --->   Operation 678 'fadd' 'acc_50' <Predicate = true> <Delay = 6.36> <CoreInst = "FAddSub_fulldsp">   --->   Core 18 'FAddSub_fulldsp' <Latency = 1> <II = 1> <Delay = 6.04> <FuncUnit> <Opcode : 'fadd' 'fsub'> <InPorts = 2> <OutPorts = 1>

State 113 <SV = 112> <Delay = 6.04>
ST_113 : Operation 679 [1/2] (6.04ns)   --->   "%acc_50 = fadd i32 %acc_49, i32 %mul15_48" [/home/simics/HMoE/HLS_HMoE/pseudo_block/run_3/src/pseudo_moe.cpp:98]   --->   Operation 679 'fadd' 'acc_50' <Predicate = true> <Delay = 6.04> <CoreInst = "FAddSub_fulldsp">   --->   Core 18 'FAddSub_fulldsp' <Latency = 1> <II = 1> <Delay = 6.04> <FuncUnit> <Opcode : 'fadd' 'fsub'> <InPorts = 2> <OutPorts = 1>

State 114 <SV = 113> <Delay = 6.36>
ST_114 : Operation 680 [2/2] (6.36ns)   --->   "%acc_51 = fadd i32 %acc_50, i32 %mul15_49" [/home/simics/HMoE/HLS_HMoE/pseudo_block/run_3/src/pseudo_moe.cpp:98]   --->   Operation 680 'fadd' 'acc_51' <Predicate = true> <Delay = 6.36> <CoreInst = "FAddSub_fulldsp">   --->   Core 18 'FAddSub_fulldsp' <Latency = 1> <II = 1> <Delay = 6.04> <FuncUnit> <Opcode : 'fadd' 'fsub'> <InPorts = 2> <OutPorts = 1>

State 115 <SV = 114> <Delay = 6.04>
ST_115 : Operation 681 [1/2] (6.04ns)   --->   "%acc_51 = fadd i32 %acc_50, i32 %mul15_49" [/home/simics/HMoE/HLS_HMoE/pseudo_block/run_3/src/pseudo_moe.cpp:98]   --->   Operation 681 'fadd' 'acc_51' <Predicate = true> <Delay = 6.04> <CoreInst = "FAddSub_fulldsp">   --->   Core 18 'FAddSub_fulldsp' <Latency = 1> <II = 1> <Delay = 6.04> <FuncUnit> <Opcode : 'fadd' 'fsub'> <InPorts = 2> <OutPorts = 1>

State 116 <SV = 115> <Delay = 6.36>
ST_116 : Operation 682 [2/2] (6.36ns)   --->   "%acc_52 = fadd i32 %acc_51, i32 %mul15_50" [/home/simics/HMoE/HLS_HMoE/pseudo_block/run_3/src/pseudo_moe.cpp:98]   --->   Operation 682 'fadd' 'acc_52' <Predicate = true> <Delay = 6.36> <CoreInst = "FAddSub_fulldsp">   --->   Core 18 'FAddSub_fulldsp' <Latency = 1> <II = 1> <Delay = 6.04> <FuncUnit> <Opcode : 'fadd' 'fsub'> <InPorts = 2> <OutPorts = 1>

State 117 <SV = 116> <Delay = 6.04>
ST_117 : Operation 683 [1/2] (6.04ns)   --->   "%acc_52 = fadd i32 %acc_51, i32 %mul15_50" [/home/simics/HMoE/HLS_HMoE/pseudo_block/run_3/src/pseudo_moe.cpp:98]   --->   Operation 683 'fadd' 'acc_52' <Predicate = true> <Delay = 6.04> <CoreInst = "FAddSub_fulldsp">   --->   Core 18 'FAddSub_fulldsp' <Latency = 1> <II = 1> <Delay = 6.04> <FuncUnit> <Opcode : 'fadd' 'fsub'> <InPorts = 2> <OutPorts = 1>

State 118 <SV = 117> <Delay = 6.36>
ST_118 : Operation 684 [2/2] (6.36ns)   --->   "%acc_53 = fadd i32 %acc_52, i32 %mul15_51" [/home/simics/HMoE/HLS_HMoE/pseudo_block/run_3/src/pseudo_moe.cpp:98]   --->   Operation 684 'fadd' 'acc_53' <Predicate = true> <Delay = 6.36> <CoreInst = "FAddSub_fulldsp">   --->   Core 18 'FAddSub_fulldsp' <Latency = 1> <II = 1> <Delay = 6.04> <FuncUnit> <Opcode : 'fadd' 'fsub'> <InPorts = 2> <OutPorts = 1>

State 119 <SV = 118> <Delay = 6.04>
ST_119 : Operation 685 [1/2] (6.04ns)   --->   "%acc_53 = fadd i32 %acc_52, i32 %mul15_51" [/home/simics/HMoE/HLS_HMoE/pseudo_block/run_3/src/pseudo_moe.cpp:98]   --->   Operation 685 'fadd' 'acc_53' <Predicate = true> <Delay = 6.04> <CoreInst = "FAddSub_fulldsp">   --->   Core 18 'FAddSub_fulldsp' <Latency = 1> <II = 1> <Delay = 6.04> <FuncUnit> <Opcode : 'fadd' 'fsub'> <InPorts = 2> <OutPorts = 1>

State 120 <SV = 119> <Delay = 6.36>
ST_120 : Operation 686 [2/2] (6.36ns)   --->   "%acc_54 = fadd i32 %acc_53, i32 %mul15_52" [/home/simics/HMoE/HLS_HMoE/pseudo_block/run_3/src/pseudo_moe.cpp:98]   --->   Operation 686 'fadd' 'acc_54' <Predicate = true> <Delay = 6.36> <CoreInst = "FAddSub_fulldsp">   --->   Core 18 'FAddSub_fulldsp' <Latency = 1> <II = 1> <Delay = 6.04> <FuncUnit> <Opcode : 'fadd' 'fsub'> <InPorts = 2> <OutPorts = 1>

State 121 <SV = 120> <Delay = 6.04>
ST_121 : Operation 687 [1/2] (6.04ns)   --->   "%acc_54 = fadd i32 %acc_53, i32 %mul15_52" [/home/simics/HMoE/HLS_HMoE/pseudo_block/run_3/src/pseudo_moe.cpp:98]   --->   Operation 687 'fadd' 'acc_54' <Predicate = true> <Delay = 6.04> <CoreInst = "FAddSub_fulldsp">   --->   Core 18 'FAddSub_fulldsp' <Latency = 1> <II = 1> <Delay = 6.04> <FuncUnit> <Opcode : 'fadd' 'fsub'> <InPorts = 2> <OutPorts = 1>

State 122 <SV = 121> <Delay = 6.36>
ST_122 : Operation 688 [2/2] (6.36ns)   --->   "%acc_55 = fadd i32 %acc_54, i32 %mul15_53" [/home/simics/HMoE/HLS_HMoE/pseudo_block/run_3/src/pseudo_moe.cpp:98]   --->   Operation 688 'fadd' 'acc_55' <Predicate = true> <Delay = 6.36> <CoreInst = "FAddSub_fulldsp">   --->   Core 18 'FAddSub_fulldsp' <Latency = 1> <II = 1> <Delay = 6.04> <FuncUnit> <Opcode : 'fadd' 'fsub'> <InPorts = 2> <OutPorts = 1>

State 123 <SV = 122> <Delay = 6.04>
ST_123 : Operation 689 [1/2] (6.04ns)   --->   "%acc_55 = fadd i32 %acc_54, i32 %mul15_53" [/home/simics/HMoE/HLS_HMoE/pseudo_block/run_3/src/pseudo_moe.cpp:98]   --->   Operation 689 'fadd' 'acc_55' <Predicate = true> <Delay = 6.04> <CoreInst = "FAddSub_fulldsp">   --->   Core 18 'FAddSub_fulldsp' <Latency = 1> <II = 1> <Delay = 6.04> <FuncUnit> <Opcode : 'fadd' 'fsub'> <InPorts = 2> <OutPorts = 1>

State 124 <SV = 123> <Delay = 6.36>
ST_124 : Operation 690 [2/2] (6.36ns)   --->   "%acc_56 = fadd i32 %acc_55, i32 %mul15_54" [/home/simics/HMoE/HLS_HMoE/pseudo_block/run_3/src/pseudo_moe.cpp:98]   --->   Operation 690 'fadd' 'acc_56' <Predicate = true> <Delay = 6.36> <CoreInst = "FAddSub_fulldsp">   --->   Core 18 'FAddSub_fulldsp' <Latency = 1> <II = 1> <Delay = 6.04> <FuncUnit> <Opcode : 'fadd' 'fsub'> <InPorts = 2> <OutPorts = 1>

State 125 <SV = 124> <Delay = 6.04>
ST_125 : Operation 691 [1/2] (6.04ns)   --->   "%acc_56 = fadd i32 %acc_55, i32 %mul15_54" [/home/simics/HMoE/HLS_HMoE/pseudo_block/run_3/src/pseudo_moe.cpp:98]   --->   Operation 691 'fadd' 'acc_56' <Predicate = true> <Delay = 6.04> <CoreInst = "FAddSub_fulldsp">   --->   Core 18 'FAddSub_fulldsp' <Latency = 1> <II = 1> <Delay = 6.04> <FuncUnit> <Opcode : 'fadd' 'fsub'> <InPorts = 2> <OutPorts = 1>

State 126 <SV = 125> <Delay = 6.36>
ST_126 : Operation 692 [2/2] (6.36ns)   --->   "%acc_57 = fadd i32 %acc_56, i32 %mul15_55" [/home/simics/HMoE/HLS_HMoE/pseudo_block/run_3/src/pseudo_moe.cpp:98]   --->   Operation 692 'fadd' 'acc_57' <Predicate = true> <Delay = 6.36> <CoreInst = "FAddSub_fulldsp">   --->   Core 18 'FAddSub_fulldsp' <Latency = 1> <II = 1> <Delay = 6.04> <FuncUnit> <Opcode : 'fadd' 'fsub'> <InPorts = 2> <OutPorts = 1>

State 127 <SV = 126> <Delay = 6.04>
ST_127 : Operation 693 [1/2] (6.04ns)   --->   "%acc_57 = fadd i32 %acc_56, i32 %mul15_55" [/home/simics/HMoE/HLS_HMoE/pseudo_block/run_3/src/pseudo_moe.cpp:98]   --->   Operation 693 'fadd' 'acc_57' <Predicate = true> <Delay = 6.04> <CoreInst = "FAddSub_fulldsp">   --->   Core 18 'FAddSub_fulldsp' <Latency = 1> <II = 1> <Delay = 6.04> <FuncUnit> <Opcode : 'fadd' 'fsub'> <InPorts = 2> <OutPorts = 1>

State 128 <SV = 127> <Delay = 6.36>
ST_128 : Operation 694 [2/2] (6.36ns)   --->   "%acc_58 = fadd i32 %acc_57, i32 %mul15_56" [/home/simics/HMoE/HLS_HMoE/pseudo_block/run_3/src/pseudo_moe.cpp:98]   --->   Operation 694 'fadd' 'acc_58' <Predicate = true> <Delay = 6.36> <CoreInst = "FAddSub_fulldsp">   --->   Core 18 'FAddSub_fulldsp' <Latency = 1> <II = 1> <Delay = 6.04> <FuncUnit> <Opcode : 'fadd' 'fsub'> <InPorts = 2> <OutPorts = 1>

State 129 <SV = 128> <Delay = 6.04>
ST_129 : Operation 695 [1/2] (6.04ns)   --->   "%acc_58 = fadd i32 %acc_57, i32 %mul15_56" [/home/simics/HMoE/HLS_HMoE/pseudo_block/run_3/src/pseudo_moe.cpp:98]   --->   Operation 695 'fadd' 'acc_58' <Predicate = true> <Delay = 6.04> <CoreInst = "FAddSub_fulldsp">   --->   Core 18 'FAddSub_fulldsp' <Latency = 1> <II = 1> <Delay = 6.04> <FuncUnit> <Opcode : 'fadd' 'fsub'> <InPorts = 2> <OutPorts = 1>

State 130 <SV = 129> <Delay = 6.36>
ST_130 : Operation 696 [2/2] (6.36ns)   --->   "%acc_59 = fadd i32 %acc_58, i32 %mul15_57" [/home/simics/HMoE/HLS_HMoE/pseudo_block/run_3/src/pseudo_moe.cpp:98]   --->   Operation 696 'fadd' 'acc_59' <Predicate = true> <Delay = 6.36> <CoreInst = "FAddSub_fulldsp">   --->   Core 18 'FAddSub_fulldsp' <Latency = 1> <II = 1> <Delay = 6.04> <FuncUnit> <Opcode : 'fadd' 'fsub'> <InPorts = 2> <OutPorts = 1>

State 131 <SV = 130> <Delay = 6.04>
ST_131 : Operation 697 [1/2] (6.04ns)   --->   "%acc_59 = fadd i32 %acc_58, i32 %mul15_57" [/home/simics/HMoE/HLS_HMoE/pseudo_block/run_3/src/pseudo_moe.cpp:98]   --->   Operation 697 'fadd' 'acc_59' <Predicate = true> <Delay = 6.04> <CoreInst = "FAddSub_fulldsp">   --->   Core 18 'FAddSub_fulldsp' <Latency = 1> <II = 1> <Delay = 6.04> <FuncUnit> <Opcode : 'fadd' 'fsub'> <InPorts = 2> <OutPorts = 1>

State 132 <SV = 131> <Delay = 6.36>
ST_132 : Operation 698 [2/2] (6.36ns)   --->   "%acc_60 = fadd i32 %acc_59, i32 %mul15_58" [/home/simics/HMoE/HLS_HMoE/pseudo_block/run_3/src/pseudo_moe.cpp:98]   --->   Operation 698 'fadd' 'acc_60' <Predicate = true> <Delay = 6.36> <CoreInst = "FAddSub_fulldsp">   --->   Core 18 'FAddSub_fulldsp' <Latency = 1> <II = 1> <Delay = 6.04> <FuncUnit> <Opcode : 'fadd' 'fsub'> <InPorts = 2> <OutPorts = 1>

State 133 <SV = 132> <Delay = 6.04>
ST_133 : Operation 699 [1/2] (6.04ns)   --->   "%acc_60 = fadd i32 %acc_59, i32 %mul15_58" [/home/simics/HMoE/HLS_HMoE/pseudo_block/run_3/src/pseudo_moe.cpp:98]   --->   Operation 699 'fadd' 'acc_60' <Predicate = true> <Delay = 6.04> <CoreInst = "FAddSub_fulldsp">   --->   Core 18 'FAddSub_fulldsp' <Latency = 1> <II = 1> <Delay = 6.04> <FuncUnit> <Opcode : 'fadd' 'fsub'> <InPorts = 2> <OutPorts = 1>

State 134 <SV = 133> <Delay = 6.36>
ST_134 : Operation 700 [2/2] (6.36ns)   --->   "%acc_61 = fadd i32 %acc_60, i32 %mul15_59" [/home/simics/HMoE/HLS_HMoE/pseudo_block/run_3/src/pseudo_moe.cpp:98]   --->   Operation 700 'fadd' 'acc_61' <Predicate = true> <Delay = 6.36> <CoreInst = "FAddSub_fulldsp">   --->   Core 18 'FAddSub_fulldsp' <Latency = 1> <II = 1> <Delay = 6.04> <FuncUnit> <Opcode : 'fadd' 'fsub'> <InPorts = 2> <OutPorts = 1>

State 135 <SV = 134> <Delay = 6.04>
ST_135 : Operation 701 [1/2] (6.04ns)   --->   "%acc_61 = fadd i32 %acc_60, i32 %mul15_59" [/home/simics/HMoE/HLS_HMoE/pseudo_block/run_3/src/pseudo_moe.cpp:98]   --->   Operation 701 'fadd' 'acc_61' <Predicate = true> <Delay = 6.04> <CoreInst = "FAddSub_fulldsp">   --->   Core 18 'FAddSub_fulldsp' <Latency = 1> <II = 1> <Delay = 6.04> <FuncUnit> <Opcode : 'fadd' 'fsub'> <InPorts = 2> <OutPorts = 1>

State 136 <SV = 135> <Delay = 6.36>
ST_136 : Operation 702 [2/2] (6.36ns)   --->   "%acc_62 = fadd i32 %acc_61, i32 %mul15_60" [/home/simics/HMoE/HLS_HMoE/pseudo_block/run_3/src/pseudo_moe.cpp:98]   --->   Operation 702 'fadd' 'acc_62' <Predicate = true> <Delay = 6.36> <CoreInst = "FAddSub_fulldsp">   --->   Core 18 'FAddSub_fulldsp' <Latency = 1> <II = 1> <Delay = 6.04> <FuncUnit> <Opcode : 'fadd' 'fsub'> <InPorts = 2> <OutPorts = 1>

State 137 <SV = 136> <Delay = 6.04>
ST_137 : Operation 703 [1/2] (6.04ns)   --->   "%acc_62 = fadd i32 %acc_61, i32 %mul15_60" [/home/simics/HMoE/HLS_HMoE/pseudo_block/run_3/src/pseudo_moe.cpp:98]   --->   Operation 703 'fadd' 'acc_62' <Predicate = true> <Delay = 6.04> <CoreInst = "FAddSub_fulldsp">   --->   Core 18 'FAddSub_fulldsp' <Latency = 1> <II = 1> <Delay = 6.04> <FuncUnit> <Opcode : 'fadd' 'fsub'> <InPorts = 2> <OutPorts = 1>

State 138 <SV = 137> <Delay = 6.36>
ST_138 : Operation 704 [2/2] (6.36ns)   --->   "%acc_63 = fadd i32 %acc_62, i32 %mul15_61" [/home/simics/HMoE/HLS_HMoE/pseudo_block/run_3/src/pseudo_moe.cpp:98]   --->   Operation 704 'fadd' 'acc_63' <Predicate = true> <Delay = 6.36> <CoreInst = "FAddSub_fulldsp">   --->   Core 18 'FAddSub_fulldsp' <Latency = 1> <II = 1> <Delay = 6.04> <FuncUnit> <Opcode : 'fadd' 'fsub'> <InPorts = 2> <OutPorts = 1>

State 139 <SV = 138> <Delay = 6.04>
ST_139 : Operation 705 [1/2] (6.04ns)   --->   "%acc_63 = fadd i32 %acc_62, i32 %mul15_61" [/home/simics/HMoE/HLS_HMoE/pseudo_block/run_3/src/pseudo_moe.cpp:98]   --->   Operation 705 'fadd' 'acc_63' <Predicate = true> <Delay = 6.04> <CoreInst = "FAddSub_fulldsp">   --->   Core 18 'FAddSub_fulldsp' <Latency = 1> <II = 1> <Delay = 6.04> <FuncUnit> <Opcode : 'fadd' 'fsub'> <InPorts = 2> <OutPorts = 1>

State 140 <SV = 139> <Delay = 6.36>
ST_140 : Operation 706 [2/2] (6.36ns)   --->   "%logits_1 = fadd i32 %acc_63, i32 %mul15_62" [/home/simics/HMoE/HLS_HMoE/pseudo_block/run_3/src/pseudo_moe.cpp:98]   --->   Operation 706 'fadd' 'logits_1' <Predicate = true> <Delay = 6.36> <CoreInst = "FAddSub_fulldsp">   --->   Core 18 'FAddSub_fulldsp' <Latency = 1> <II = 1> <Delay = 6.04> <FuncUnit> <Opcode : 'fadd' 'fsub'> <InPorts = 2> <OutPorts = 1>

State 141 <SV = 140> <Delay = 6.40>
ST_141 : Operation 707 [1/1] (0.00ns)   --->   "%specpipeline_ln92 = specpipeline void @_ssdm_op_SpecPipeline, i32 4294967295, i32 0, i32 0, i32 0, void @empty_32" [/home/simics/HMoE/HLS_HMoE/pseudo_block/run_3/src/pseudo_moe.cpp:92]   --->   Operation 707 'specpipeline' 'specpipeline_ln92' <Predicate = true> <Delay = 0.00>
ST_141 : Operation 708 [1/1] (0.00ns)   --->   "%speclooptripcount_ln92 = speclooptripcount void @_ssdm_op_SpecLoopTripCount, i64 4, i64 4, i64 4" [/home/simics/HMoE/HLS_HMoE/pseudo_block/run_3/src/pseudo_moe.cpp:92]   --->   Operation 708 'speclooptripcount' 'speclooptripcount_ln92' <Predicate = true> <Delay = 0.00>
ST_141 : Operation 709 [1/1] (0.00ns)   --->   "%specloopname_ln94 = specloopname void @_ssdm_op_SpecLoopName, void @empty_16" [/home/simics/HMoE/HLS_HMoE/pseudo_block/run_3/src/pseudo_moe.cpp:94]   --->   Operation 709 'specloopname' 'specloopname_ln94' <Predicate = true> <Delay = 0.00>
ST_141 : Operation 710 [1/2] (6.04ns)   --->   "%logits_1 = fadd i32 %acc_63, i32 %mul15_62" [/home/simics/HMoE/HLS_HMoE/pseudo_block/run_3/src/pseudo_moe.cpp:98]   --->   Operation 710 'fadd' 'logits_1' <Predicate = true> <Delay = 6.04> <CoreInst = "FAddSub_fulldsp">   --->   Core 18 'FAddSub_fulldsp' <Latency = 1> <II = 1> <Delay = 6.04> <FuncUnit> <Opcode : 'fadd' 'fsub'> <InPorts = 2> <OutPorts = 1>
ST_141 : Operation 711 [1/1] (0.36ns)   --->   "%store_ln98 = store i32 %logits_1, i32 %logits_2_1" [/home/simics/HMoE/HLS_HMoE/pseudo_block/run_3/src/pseudo_moe.cpp:98]   --->   Operation 711 'store' 'store_ln98' <Predicate = (trunc_ln101 == 2)> <Delay = 0.36>
ST_141 : Operation 712 [1/1] (0.00ns)   --->   "%br_ln101 = br void %VITIS_LOOP_97_3.split16" [/home/simics/HMoE/HLS_HMoE/pseudo_block/run_3/src/pseudo_moe.cpp:101]   --->   Operation 712 'br' 'br_ln101' <Predicate = (trunc_ln101 == 2)> <Delay = 0.00>
ST_141 : Operation 713 [1/1] (0.36ns)   --->   "%store_ln98 = store i32 %logits_1, i32 %logits_1_1" [/home/simics/HMoE/HLS_HMoE/pseudo_block/run_3/src/pseudo_moe.cpp:98]   --->   Operation 713 'store' 'store_ln98' <Predicate = (trunc_ln101 == 1)> <Delay = 0.36>
ST_141 : Operation 714 [1/1] (0.00ns)   --->   "%br_ln101 = br void %VITIS_LOOP_97_3.split16" [/home/simics/HMoE/HLS_HMoE/pseudo_block/run_3/src/pseudo_moe.cpp:101]   --->   Operation 714 'br' 'br_ln101' <Predicate = (trunc_ln101 == 1)> <Delay = 0.00>
ST_141 : Operation 715 [1/1] (0.36ns)   --->   "%store_ln98 = store i32 %logits_1, i32 %logits_0_1" [/home/simics/HMoE/HLS_HMoE/pseudo_block/run_3/src/pseudo_moe.cpp:98]   --->   Operation 715 'store' 'store_ln98' <Predicate = (trunc_ln101 == 0)> <Delay = 0.36>
ST_141 : Operation 716 [1/1] (0.00ns)   --->   "%br_ln101 = br void %VITIS_LOOP_97_3.split16" [/home/simics/HMoE/HLS_HMoE/pseudo_block/run_3/src/pseudo_moe.cpp:101]   --->   Operation 716 'br' 'br_ln101' <Predicate = (trunc_ln101 == 0)> <Delay = 0.00>
ST_141 : Operation 717 [1/1] (0.36ns)   --->   "%store_ln98 = store i32 %logits_1, i32 %logits_3_1" [/home/simics/HMoE/HLS_HMoE/pseudo_block/run_3/src/pseudo_moe.cpp:98]   --->   Operation 717 'store' 'store_ln98' <Predicate = (trunc_ln101 == 3)> <Delay = 0.36>
ST_141 : Operation 718 [1/1] (0.00ns)   --->   "%br_ln101 = br void %VITIS_LOOP_97_3.split16" [/home/simics/HMoE/HLS_HMoE/pseudo_block/run_3/src/pseudo_moe.cpp:101]   --->   Operation 718 'br' 'br_ln101' <Predicate = (trunc_ln101 == 3)> <Delay = 0.00>

State 142 <SV = 141> <Delay = 7.14>
ST_142 : Operation 719 [1/1] (0.00ns)   --->   "%max_logit_load_1 = load i32 %max_logit" [/home/simics/HMoE/HLS_HMoE/pseudo_block/run_3/src/pseudo_moe.cpp:103]   --->   Operation 719 'load' 'max_logit_load_1' <Predicate = true> <Delay = 0.00>
ST_142 : Operation 720 [1/1] (0.00ns)   --->   "%bitcast_ln103 = bitcast i32 %logits_1" [/home/simics/HMoE/HLS_HMoE/pseudo_block/run_3/src/pseudo_moe.cpp:103]   --->   Operation 720 'bitcast' 'bitcast_ln103' <Predicate = true> <Delay = 0.00>
ST_142 : Operation 721 [1/1] (0.00ns)   --->   "%tmp_1 = partselect i8 @_ssdm_op_PartSelect.i8.i32.i32.i32, i32 %bitcast_ln103, i32 23, i32 30" [/home/simics/HMoE/HLS_HMoE/pseudo_block/run_3/src/pseudo_moe.cpp:103]   --->   Operation 721 'partselect' 'tmp_1' <Predicate = true> <Delay = 0.00>
ST_142 : Operation 722 [1/1] (0.00ns)   --->   "%trunc_ln103 = trunc i32 %bitcast_ln103" [/home/simics/HMoE/HLS_HMoE/pseudo_block/run_3/src/pseudo_moe.cpp:103]   --->   Operation 722 'trunc' 'trunc_ln103' <Predicate = true> <Delay = 0.00>
ST_142 : Operation 723 [1/1] (0.00ns)   --->   "%bitcast_ln103_1 = bitcast i32 %max_logit_load_1" [/home/simics/HMoE/HLS_HMoE/pseudo_block/run_3/src/pseudo_moe.cpp:103]   --->   Operation 723 'bitcast' 'bitcast_ln103_1' <Predicate = true> <Delay = 0.00>
ST_142 : Operation 724 [1/1] (0.00ns)   --->   "%tmp_2 = partselect i8 @_ssdm_op_PartSelect.i8.i32.i32.i32, i32 %bitcast_ln103_1, i32 23, i32 30" [/home/simics/HMoE/HLS_HMoE/pseudo_block/run_3/src/pseudo_moe.cpp:103]   --->   Operation 724 'partselect' 'tmp_2' <Predicate = true> <Delay = 0.00>
ST_142 : Operation 725 [1/1] (0.00ns)   --->   "%trunc_ln103_1 = trunc i32 %bitcast_ln103_1" [/home/simics/HMoE/HLS_HMoE/pseudo_block/run_3/src/pseudo_moe.cpp:103]   --->   Operation 725 'trunc' 'trunc_ln103_1' <Predicate = true> <Delay = 0.00>
ST_142 : Operation 726 [1/1] (0.65ns)   --->   "%icmp_ln103 = icmp_ne  i8 %tmp_1, i8 255" [/home/simics/HMoE/HLS_HMoE/pseudo_block/run_3/src/pseudo_moe.cpp:103]   --->   Operation 726 'icmp' 'icmp_ln103' <Predicate = true> <Delay = 0.65> <CoreInst = "Cmp">   --->   Core 9 'Cmp' <Latency = 0> <II = 1> <Delay = 0.65> <FuncUnit> <Opcode : 'icmp'> <InPorts = 2> <OutPorts = 1>
ST_142 : Operation 727 [1/1] (0.75ns)   --->   "%icmp_ln103_1 = icmp_eq  i23 %trunc_ln103, i23 0" [/home/simics/HMoE/HLS_HMoE/pseudo_block/run_3/src/pseudo_moe.cpp:103]   --->   Operation 727 'icmp' 'icmp_ln103_1' <Predicate = true> <Delay = 0.75> <CoreInst = "Cmp">   --->   Core 9 'Cmp' <Latency = 0> <II = 1> <Delay = 0.75> <FuncUnit> <Opcode : 'icmp'> <InPorts = 2> <OutPorts = 1>
ST_142 : Operation 728 [1/1] (0.00ns) (grouped into LUT with out node and_ln103_1)   --->   "%or_ln103 = or i1 %icmp_ln103_1, i1 %icmp_ln103" [/home/simics/HMoE/HLS_HMoE/pseudo_block/run_3/src/pseudo_moe.cpp:103]   --->   Operation 728 'or' 'or_ln103' <Predicate = true> <Delay = 0.00> <CoreInst = "LogicGate">   --->   Core 74 'LogicGate' <Latency = 0> <II = 1> <Delay = 0.11> <FuncUnit> <Opcode : 'and' 'or' 'xor'> <InPorts = 2> <OutPorts = 1>
ST_142 : Operation 729 [1/1] (0.65ns)   --->   "%icmp_ln103_2 = icmp_ne  i8 %tmp_2, i8 255" [/home/simics/HMoE/HLS_HMoE/pseudo_block/run_3/src/pseudo_moe.cpp:103]   --->   Operation 729 'icmp' 'icmp_ln103_2' <Predicate = true> <Delay = 0.65> <CoreInst = "Cmp">   --->   Core 9 'Cmp' <Latency = 0> <II = 1> <Delay = 0.65> <FuncUnit> <Opcode : 'icmp'> <InPorts = 2> <OutPorts = 1>
ST_142 : Operation 730 [1/1] (0.75ns)   --->   "%icmp_ln103_3 = icmp_eq  i23 %trunc_ln103_1, i23 0" [/home/simics/HMoE/HLS_HMoE/pseudo_block/run_3/src/pseudo_moe.cpp:103]   --->   Operation 730 'icmp' 'icmp_ln103_3' <Predicate = true> <Delay = 0.75> <CoreInst = "Cmp">   --->   Core 9 'Cmp' <Latency = 0> <II = 1> <Delay = 0.75> <FuncUnit> <Opcode : 'icmp'> <InPorts = 2> <OutPorts = 1>
ST_142 : Operation 731 [1/1] (0.00ns) (grouped into LUT with out node and_ln103_1)   --->   "%or_ln103_1 = or i1 %icmp_ln103_3, i1 %icmp_ln103_2" [/home/simics/HMoE/HLS_HMoE/pseudo_block/run_3/src/pseudo_moe.cpp:103]   --->   Operation 731 'or' 'or_ln103_1' <Predicate = true> <Delay = 0.00> <CoreInst = "LogicGate">   --->   Core 74 'LogicGate' <Latency = 0> <II = 1> <Delay = 0.11> <FuncUnit> <Opcode : 'and' 'or' 'xor'> <InPorts = 2> <OutPorts = 1>
ST_142 : Operation 732 [1/1] (6.81ns)   --->   "%tmp_3 = fcmp_ogt  i32 %logits_1, i32 %max_logit_load_1" [/home/simics/HMoE/HLS_HMoE/pseudo_block/run_3/src/pseudo_moe.cpp:103]   --->   Operation 732 'fcmp' 'tmp_3' <Predicate = true> <Delay = 6.81> <CoreInst = "FCompare">   --->   Core 19 'FCompare' <Latency = 0> <II = 1> <Delay = 6.81> <FuncUnit> <Opcode : 'fcmp'> <InPorts = 2> <OutPorts = 1>
ST_142 : Operation 733 [1/1] (0.00ns) (grouped into LUT with out node and_ln103_1)   --->   "%and_ln103 = and i1 %tmp_3, i1 %or_ln103" [/home/simics/HMoE/HLS_HMoE/pseudo_block/run_3/src/pseudo_moe.cpp:103]   --->   Operation 733 'and' 'and_ln103' <Predicate = true> <Delay = 0.00> <CoreInst = "LogicGate">   --->   Core 74 'LogicGate' <Latency = 0> <II = 1> <Delay = 0.11> <FuncUnit> <Opcode : 'and' 'or' 'xor'> <InPorts = 2> <OutPorts = 1>
ST_142 : Operation 734 [1/1] (0.11ns) (out node of the LUT)   --->   "%and_ln103_1 = and i1 %and_ln103, i1 %or_ln103_1" [/home/simics/HMoE/HLS_HMoE/pseudo_block/run_3/src/pseudo_moe.cpp:103]   --->   Operation 734 'and' 'and_ln103_1' <Predicate = true> <Delay = 0.11> <CoreInst = "LogicGate">   --->   Core 74 'LogicGate' <Latency = 0> <II = 1> <Delay = 0.11> <FuncUnit> <Opcode : 'and' 'or' 'xor'> <InPorts = 2> <OutPorts = 1>
ST_142 : Operation 735 [1/1] (0.21ns) (out node of the LUT)   --->   "%max_logit_1 = select i1 %and_ln103_1, i32 %logits_1, i32 %max_logit_load_1" [/home/simics/HMoE/HLS_HMoE/pseudo_block/run_3/src/pseudo_moe.cpp:103]   --->   Operation 735 'select' 'max_logit_1' <Predicate = true> <Delay = 0.21> <CoreInst = "Sel">   --->   Core 73 'Sel' <Latency = 0> <II = 1> <Delay = 0.21> <FuncUnit> <Opcode : 'select'> <InPorts = 3> <OutPorts = 1>

State 143 <SV = 142> <Delay = 0.36>
ST_143 : Operation 736 [1/1] (0.36ns)   --->   "%store_ln92 = store i32 %max_logit_1, i32 %max_logit" [/home/simics/HMoE/HLS_HMoE/pseudo_block/run_3/src/pseudo_moe.cpp:92]   --->   Operation 736 'store' 'store_ln92' <Predicate = true> <Delay = 0.36>
ST_143 : Operation 737 [1/1] (0.00ns)   --->   "%br_ln94 = br void %VITIS_LOOP_97_3" [/home/simics/HMoE/HLS_HMoE/pseudo_block/run_3/src/pseudo_moe.cpp:94]   --->   Operation 737 'br' 'br_ln94' <Predicate = true> <Delay = 0.00>


============================================================
+ Verbose Summary: Binding
============================================================
STG Binding: 
---------------- STG Properties BEGIN ----------------
- Is combinational: 0
- Is one-state seq: 0
- Is datapath-only: 0
- Is pipelined: 0
- Is top level: 0
Port [ Return ] is wired: 1; IO mode=ap_ctrl_hs:ce=0
Port [ logits_3_04]:  wired=1; compound=0; hidden=0; nouse=0; global=0; static=0; extern=0; dir=0; type=0; pingpong=0; private_global=0; IO mode=ap_none:ce=0
Port [ logits_2_03]:  wired=1; compound=0; hidden=0; nouse=0; global=0; static=0; extern=0; dir=0; type=0; pingpong=0; private_global=0; IO mode=ap_none:ce=0
Port [ logits_1_02]:  wired=1; compound=0; hidden=0; nouse=0; global=0; static=0; extern=0; dir=0; type=0; pingpong=0; private_global=0; IO mode=ap_none:ce=0
Port [ logits_0_01]:  wired=1; compound=0; hidden=0; nouse=0; global=0; static=0; extern=0; dir=0; type=0; pingpong=0; private_global=0; IO mode=ap_none:ce=0
Port [ gmem2]:  wired=1; compound=1; hidden=0; nouse=0; global=0; static=0; extern=0; dir=0; type=4; pingpong=0; private_global=0; IO mode=m_axi:ce=0
Port [ gmem1]:  wired=1; compound=1; hidden=0; nouse=0; global=0; static=0; extern=0; dir=0; type=4; pingpong=0; private_global=0; IO mode=m_axi:ce=0
Port [ gmem0]:  wired=1; compound=1; hidden=0; nouse=0; global=0; static=0; extern=0; dir=0; type=4; pingpong=0; private_global=0; IO mode=m_axi:ce=0
Port [ sext_ln94_1]:  wired=1; compound=0; hidden=0; nouse=0; global=0; static=0; extern=0; dir=0; type=0; pingpong=0; private_global=0; IO mode=ap_none:ce=0
Port [ sext_ln94]:  wired=1; compound=0; hidden=0; nouse=0; global=0; static=0; extern=0; dir=0; type=0; pingpong=0; private_global=0; IO mode=ap_none:ce=0
Port [ empty]:  wired=1; compound=0; hidden=0; nouse=0; global=0; static=0; extern=0; dir=0; type=0; pingpong=0; private_global=0; IO mode=ap_none:ce=0
Port [ logits_3_1_out]:  wired=1; compound=0; hidden=0; nouse=0; global=0; static=0; extern=0; dir=1; type=0; pingpong=0; private_global=0; IO mode=ap_vld:ce=0
Port [ logits_2_1_out]:  wired=1; compound=0; hidden=0; nouse=0; global=0; static=0; extern=0; dir=1; type=0; pingpong=0; private_global=0; IO mode=ap_vld:ce=0
Port [ logits_1_1_out]:  wired=1; compound=0; hidden=0; nouse=0; global=0; static=0; extern=0; dir=1; type=0; pingpong=0; private_global=0; IO mode=ap_vld:ce=0
Port [ logits_0_1_out]:  wired=1; compound=0; hidden=0; nouse=0; global=0; static=0; extern=0; dir=1; type=0; pingpong=0; private_global=0; IO mode=ap_vld:ce=0
Port [ max_logit_out]:  wired=1; compound=0; hidden=0; nouse=0; global=0; static=0; extern=0; dir=1; type=0; pingpong=0; private_global=0; IO mode=ap_vld:ce=0
---------------- STG Properties END ------------------

---------------- Datapath Model BEGIN ----------------

<LifeTime>
<method=bitvector/>
max_logit              (alloca           ) [ 011111111111111111111111111111111111111111111111111111111111111111111111111111111111111111111111111111111111111111111111111111111111111111111111]
e                      (alloca           ) [ 010000000000000000000000000000000000000000000000000000000000000000000000000000000000000000000000000000000000000000000000000000000000000000000000]
logits_0_1             (alloca           ) [ 011111111111111111111111111111111111111111111111111111111111111111111111111111111111111111111111111111111111111111111111111111111111111111111100]
logits_1_1             (alloca           ) [ 011111111111111111111111111111111111111111111111111111111111111111111111111111111111111111111111111111111111111111111111111111111111111111111100]
logits_2_1             (alloca           ) [ 011111111111111111111111111111111111111111111111111111111111111111111111111111111111111111111111111111111111111111111111111111111111111111111100]
logits_3_1             (alloca           ) [ 011111111111111111111111111111111111111111111111111111111111111111111111111111111111111111111111111111111111111111111111111111111111111111111100]
tmp                    (read             ) [ 001000000000000000000000000000000000000000000000000000000000000000000000000000000000000000000000000000000000000000000000000000000000000000000000]
sext_ln94_read         (read             ) [ 000000000000000000000000000000000000000000000000000000000000000000000000000000000000000000000000000000000000000000000000000000000000000000000000]
sext_ln94_1_read       (read             ) [ 000000000000000000000000000000000000000000000000000000000000000000000000000000000000000000000000000000000000000000000000000000000000000000000000]
logits_0_01_read       (read             ) [ 000000000000000000000000000000000000000000000000000000000000000000000000000000000000000000000000000000000000000000000000000000000000000000000000]
logits_1_02_read       (read             ) [ 000000000000000000000000000000000000000000000000000000000000000000000000000000000000000000000000000000000000000000000000000000000000000000000000]
logits_2_03_read       (read             ) [ 000000000000000000000000000000000000000000000000000000000000000000000000000000000000000000000000000000000000000000000000000000000000000000000000]
logits_3_04_read       (read             ) [ 000000000000000000000000000000000000000000000000000000000000000000000000000000000000000000000000000000000000000000000000000000000000000000000000]
sext_ln94_cast         (sext             ) [ 001000000000000000000000000000000000000000000000000000000000000000000000000000000000000000000000000000000000000000000000000000000000000000000000]
sext_ln94_1_cast       (sext             ) [ 001000000000000000000000000000000000000000000000000000000000000000000000000000000000000000000000000000000000000000000000000000000000000000000000]
specinterface_ln0      (specinterface    ) [ 000000000000000000000000000000000000000000000000000000000000000000000000000000000000000000000000000000000000000000000000000000000000000000000000]
specinterface_ln0      (specinterface    ) [ 000000000000000000000000000000000000000000000000000000000000000000000000000000000000000000000000000000000000000000000000000000000000000000000000]
specinterface_ln0      (specinterface    ) [ 000000000000000000000000000000000000000000000000000000000000000000000000000000000000000000000000000000000000000000000000000000000000000000000000]
store_ln0              (store            ) [ 000000000000000000000000000000000000000000000000000000000000000000000000000000000000000000000000000000000000000000000000000000000000000000000000]
store_ln0              (store            ) [ 000000000000000000000000000000000000000000000000000000000000000000000000000000000000000000000000000000000000000000000000000000000000000000000000]
store_ln0              (store            ) [ 000000000000000000000000000000000000000000000000000000000000000000000000000000000000000000000000000000000000000000000000000000000000000000000000]
store_ln0              (store            ) [ 000000000000000000000000000000000000000000000000000000000000000000000000000000000000000000000000000000000000000000000000000000000000000000000000]
store_ln94             (store            ) [ 000000000000000000000000000000000000000000000000000000000000000000000000000000000000000000000000000000000000000000000000000000000000000000000000]
store_ln92             (store            ) [ 000000000000000000000000000000000000000000000000000000000000000000000000000000000000000000000000000000000000000000000000000000000000000000000000]
br_ln0                 (br               ) [ 000000000000000000000000000000000000000000000000000000000000000000000000000000000000000000000000000000000000000000000000000000000000000000000000]
e_1                    (load             ) [ 000000000000000000000000000000000000000000000000000000000000000000000000000000000000000000000000000000000000000000000000000000000000000000000000]
specbitsmap_ln0        (specbitsmap      ) [ 000000000000000000000000000000000000000000000000000000000000000000000000000000000000000000000000000000000000000000000000000000000000000000000000]
specbitsmap_ln0        (specbitsmap      ) [ 000000000000000000000000000000000000000000000000000000000000000000000000000000000000000000000000000000000000000000000000000000000000000000000000]
specbitsmap_ln0        (specbitsmap      ) [ 000000000000000000000000000000000000000000000000000000000000000000000000000000000000000000000000000000000000000000000000000000000000000000000000]
icmp_ln94              (icmp             ) [ 011111111111111111111111111111111111111111111111111111111111111111111111111111110000000000000000000000000000000000000000000000000000000000000000]
add_ln94               (add              ) [ 000000000000000000000000000000000000000000000000000000000000000000000000000000000000000000000000000000000000000000000000000000000000000000000000]
br_ln94                (br               ) [ 000000000000000000000000000000000000000000000000000000000000000000000000000000000000000000000000000000000000000000000000000000000000000000000000]
trunc_ln101            (trunc            ) [ 011111111111111111111111111111111111111111111111111111111111111111111111111111111111111111111111111111111111111111111111111111111111111111111100]
switch_ln101           (switch           ) [ 000000000000000000000000000000000000000000000000000000000000000000000000000000000000000000000000000000000000000000000000000000000000000000000000]
store_ln94             (store            ) [ 000000000000000000000000000000000000000000000000000000000000000000000000000000000000000000000000000000000000000000000000000000000000000000000000]
gmem2_addr             (getelementptr    ) [ 000000000000000000000000000000000000000000000000000000000000000000000000000000000000000000000000000000000000000000000000000000000000000000000000]
gmem1_addr             (getelementptr    ) [ 010111111111111111111111111111111111111111111111111111111111111111000000000000000000000000000000000000000000000000000000000000000000000000000000]
gmem2_addr_read        (read             ) [ 000111111111110000000000000000000000000000000000000000000000000000000000000000000000000000000000000000000000000000000000000000000000000000000000]
trunc_ln1              (partselect       ) [ 000000000000000000000000000000000000000000000000000000000000000000000000000000000000000000000000000000000000000000000000000000000000000000000000]
sext_ln97              (sext             ) [ 000000000000000000000000000000000000000000000000000000000000000000000000000000000000000000000000000000000000000000000000000000000000000000000000]
gmem0_addr             (getelementptr    ) [ 011111111111111111111111111111111111111111111111111111111111111111111111110000000000000000000000000000000000000000000000000000000000000000000000]
gmem1_addr_read        (read             ) [ 000111111111000000000000000000000000000000000000000000000000000000000000000000000000000000000000000000000000000000000000000000000000000000000000]
gmem1_addr_read_1      (read             ) [ 000011111111100000000000000000000000000000000000000000000000000000000000000000000000000000000000000000000000000000000000000000000000000000000000]
gmem1_addr_read_2      (read             ) [ 000001111111110000000000000000000000000000000000000000000000000000000000000000000000000000000000000000000000000000000000000000000000000000000000]
gmem1_addr_read_3      (read             ) [ 000000111111111000000000000000000000000000000000000000000000000000000000000000000000000000000000000000000000000000000000000000000000000000000000]
gmem1_addr_read_4      (read             ) [ 000000011111111100000000000000000000000000000000000000000000000000000000000000000000000000000000000000000000000000000000000000000000000000000000]
gmem1_addr_read_5      (read             ) [ 000000001111111110000000000000000000000000000000000000000000000000000000000000000000000000000000000000000000000000000000000000000000000000000000]
gmem1_addr_read_6      (read             ) [ 000000000111111111000000000000000000000000000000000000000000000000000000000000000000000000000000000000000000000000000000000000000000000000000000]
empty_50               (readreq          ) [ 000000000000000000000000000000000000000000000000000000000000000000000000000000000000000000000000000000000000000000000000000000000000000000000000]
gmem1_addr_read_7      (read             ) [ 000000000011111111100000000000000000000000000000000000000000000000000000000000000000000000000000000000000000000000000000000000000000000000000000]
gmem0_addr_read        (read             ) [ 000000000001000000000000000000000000000000000000000000000000000000000000000000000000000000000000000000000000000000000000000000000000000000000000]
gmem1_addr_read_8      (read             ) [ 000000000001111111110000000000000000000000000000000000000000000000000000000000000000000000000000000000000000000000000000000000000000000000000000]
bitcast_ln98           (bitcast          ) [ 000000000000100000000000000000000000000000000000000000000000000000000000000000000000000000000000000000000000000000000000000000000000000000000000]
bitcast_ln98_1         (bitcast          ) [ 000000000000100000000000000000000000000000000000000000000000000000000000000000000000000000000000000000000000000000000000000000000000000000000000]
gmem0_addr_read_1      (read             ) [ 000000000000100000000000000000000000000000000000000000000000000000000000000000000000000000000000000000000000000000000000000000000000000000000000]
gmem1_addr_read_9      (read             ) [ 000000000000111111111000000000000000000000000000000000000000000000000000000000000000000000000000000000000000000000000000000000000000000000000000]
mul                    (fmul             ) [ 000000000000011000000000000000000000000000000000000000000000000000000000000000000000000000000000000000000000000000000000000000000000000000000000]
bitcast_ln98_2         (bitcast          ) [ 000000000000010000000000000000000000000000000000000000000000000000000000000000000000000000000000000000000000000000000000000000000000000000000000]
bitcast_ln98_3         (bitcast          ) [ 000000000000010000000000000000000000000000000000000000000000000000000000000000000000000000000000000000000000000000000000000000000000000000000000]
gmem0_addr_read_2      (read             ) [ 000000000000010000000000000000000000000000000000000000000000000000000000000000000000000000000000000000000000000000000000000000000000000000000000]
gmem1_addr_read_10     (read             ) [ 000000000000011111111100000000000000000000000000000000000000000000000000000000000000000000000000000000000000000000000000000000000000000000000000]
acc                    (bitcast          ) [ 000000000000001000000000000000000000000000000000000000000000000000000000000000000000000000000000000000000000000000000000000000000000000000000000]
mul15_1                (fmul             ) [ 000000000000001110000000000000000000000000000000000000000000000000000000000000000000000000000000000000000000000000000000000000000000000000000000]
bitcast_ln98_4         (bitcast          ) [ 000000000000001000000000000000000000000000000000000000000000000000000000000000000000000000000000000000000000000000000000000000000000000000000000]
bitcast_ln98_5         (bitcast          ) [ 000000000000001000000000000000000000000000000000000000000000000000000000000000000000000000000000000000000000000000000000000000000000000000000000]
gmem0_addr_read_3      (read             ) [ 000000000000001000000000000000000000000000000000000000000000000000000000000000000000000000000000000000000000000000000000000000000000000000000000]
gmem1_addr_read_11     (read             ) [ 000000000000001111111110000000000000000000000000000000000000000000000000000000000000000000000000000000000000000000000000000000000000000000000000]
acc_1                  (fadd             ) [ 000000000000000110000000000000000000000000000000000000000000000000000000000000000000000000000000000000000000000000000000000000000000000000000000]
mul15_2                (fmul             ) [ 000000000000000111100000000000000000000000000000000000000000000000000000000000000000000000000000000000000000000000000000000000000000000000000000]
bitcast_ln98_6         (bitcast          ) [ 000000000000000100000000000000000000000000000000000000000000000000000000000000000000000000000000000000000000000000000000000000000000000000000000]
bitcast_ln98_7         (bitcast          ) [ 000000000000000100000000000000000000000000000000000000000000000000000000000000000000000000000000000000000000000000000000000000000000000000000000]
gmem0_addr_read_4      (read             ) [ 000000000000000100000000000000000000000000000000000000000000000000000000000000000000000000000000000000000000000000000000000000000000000000000000]
gmem1_addr_read_12     (read             ) [ 000000000000000111111111000000000000000000000000000000000000000000000000000000000000000000000000000000000000000000000000000000000000000000000000]
mul15_3                (fmul             ) [ 000000000000000011111000000000000000000000000000000000000000000000000000000000000000000000000000000000000000000000000000000000000000000000000000]
bitcast_ln98_8         (bitcast          ) [ 000000000000000010000000000000000000000000000000000000000000000000000000000000000000000000000000000000000000000000000000000000000000000000000000]
bitcast_ln98_9         (bitcast          ) [ 000000000000000010000000000000000000000000000000000000000000000000000000000000000000000000000000000000000000000000000000000000000000000000000000]
gmem0_addr_read_5      (read             ) [ 000000000000000010000000000000000000000000000000000000000000000000000000000000000000000000000000000000000000000000000000000000000000000000000000]
gmem1_addr_read_13     (read             ) [ 000000000000000011111111100000000000000000000000000000000000000000000000000000000000000000000000000000000000000000000000000000000000000000000000]
acc_2                  (fadd             ) [ 000000000000000001100000000000000000000000000000000000000000000000000000000000000000000000000000000000000000000000000000000000000000000000000000]
mul15_4                (fmul             ) [ 000000000000000001111110000000000000000000000000000000000000000000000000000000000000000000000000000000000000000000000000000000000000000000000000]
bitcast_ln98_10        (bitcast          ) [ 000000000000000001000000000000000000000000000000000000000000000000000000000000000000000000000000000000000000000000000000000000000000000000000000]
bitcast_ln98_11        (bitcast          ) [ 000000000000000001000000000000000000000000000000000000000000000000000000000000000000000000000000000000000000000000000000000000000000000000000000]
gmem0_addr_read_6      (read             ) [ 000000000000000001000000000000000000000000000000000000000000000000000000000000000000000000000000000000000000000000000000000000000000000000000000]
gmem1_addr_read_14     (read             ) [ 000000000000000001111111110000000000000000000000000000000000000000000000000000000000000000000000000000000000000000000000000000000000000000000000]
mul15_5                (fmul             ) [ 000000000000000000111111100000000000000000000000000000000000000000000000000000000000000000000000000000000000000000000000000000000000000000000000]
bitcast_ln98_12        (bitcast          ) [ 000000000000000000100000000000000000000000000000000000000000000000000000000000000000000000000000000000000000000000000000000000000000000000000000]
bitcast_ln98_13        (bitcast          ) [ 000000000000000000100000000000000000000000000000000000000000000000000000000000000000000000000000000000000000000000000000000000000000000000000000]
gmem0_addr_read_7      (read             ) [ 000000000000000000100000000000000000000000000000000000000000000000000000000000000000000000000000000000000000000000000000000000000000000000000000]
gmem1_addr_read_15     (read             ) [ 000000000000000000111111111000000000000000000000000000000000000000000000000000000000000000000000000000000000000000000000000000000000000000000000]
acc_3                  (fadd             ) [ 000000000000000000011000000000000000000000000000000000000000000000000000000000000000000000000000000000000000000000000000000000000000000000000000]
mul15_6                (fmul             ) [ 000000000000000000011111111000000000000000000000000000000000000000000000000000000000000000000000000000000000000000000000000000000000000000000000]
bitcast_ln98_14        (bitcast          ) [ 000000000000000000010000000000000000000000000000000000000000000000000000000000000000000000000000000000000000000000000000000000000000000000000000]
bitcast_ln98_15        (bitcast          ) [ 000000000000000000010000000000000000000000000000000000000000000000000000000000000000000000000000000000000000000000000000000000000000000000000000]
gmem0_addr_read_8      (read             ) [ 000000000000000000010000000000000000000000000000000000000000000000000000000000000000000000000000000000000000000000000000000000000000000000000000]
gmem1_addr_read_16     (read             ) [ 000000000000000000011111111100000000000000000000000000000000000000000000000000000000000000000000000000000000000000000000000000000000000000000000]
mul15_7                (fmul             ) [ 000000000000000000001111111110000000000000000000000000000000000000000000000000000000000000000000000000000000000000000000000000000000000000000000]
bitcast_ln98_16        (bitcast          ) [ 000000000000000000001000000000000000000000000000000000000000000000000000000000000000000000000000000000000000000000000000000000000000000000000000]
bitcast_ln98_17        (bitcast          ) [ 000000000000000000001000000000000000000000000000000000000000000000000000000000000000000000000000000000000000000000000000000000000000000000000000]
gmem0_addr_read_9      (read             ) [ 000000000000000000001000000000000000000000000000000000000000000000000000000000000000000000000000000000000000000000000000000000000000000000000000]
gmem1_addr_read_17     (read             ) [ 000000000000000000001111111110000000000000000000000000000000000000000000000000000000000000000000000000000000000000000000000000000000000000000000]
acc_4                  (fadd             ) [ 000000000000000000000110000000000000000000000000000000000000000000000000000000000000000000000000000000000000000000000000000000000000000000000000]
mul15_8                (fmul             ) [ 000000000000000000000111111111100000000000000000000000000000000000000000000000000000000000000000000000000000000000000000000000000000000000000000]
bitcast_ln98_18        (bitcast          ) [ 000000000000000000000100000000000000000000000000000000000000000000000000000000000000000000000000000000000000000000000000000000000000000000000000]
bitcast_ln98_19        (bitcast          ) [ 000000000000000000000100000000000000000000000000000000000000000000000000000000000000000000000000000000000000000000000000000000000000000000000000]
gmem0_addr_read_10     (read             ) [ 000000000000000000000100000000000000000000000000000000000000000000000000000000000000000000000000000000000000000000000000000000000000000000000000]
gmem1_addr_read_18     (read             ) [ 000000000000000000000111111111000000000000000000000000000000000000000000000000000000000000000000000000000000000000000000000000000000000000000000]
mul15_9                (fmul             ) [ 000000000000000000000011111111111000000000000000000000000000000000000000000000000000000000000000000000000000000000000000000000000000000000000000]
bitcast_ln98_20        (bitcast          ) [ 000000000000000000000010000000000000000000000000000000000000000000000000000000000000000000000000000000000000000000000000000000000000000000000000]
bitcast_ln98_21        (bitcast          ) [ 000000000000000000000010000000000000000000000000000000000000000000000000000000000000000000000000000000000000000000000000000000000000000000000000]
gmem0_addr_read_11     (read             ) [ 000000000000000000000010000000000000000000000000000000000000000000000000000000000000000000000000000000000000000000000000000000000000000000000000]
gmem1_addr_read_19     (read             ) [ 000000000000000000000011111111100000000000000000000000000000000000000000000000000000000000000000000000000000000000000000000000000000000000000000]
acc_5                  (fadd             ) [ 000000000000000000000001100000000000000000000000000000000000000000000000000000000000000000000000000000000000000000000000000000000000000000000000]
mul15_s                (fmul             ) [ 000000000000000000000001111111111110000000000000000000000000000000000000000000000000000000000000000000000000000000000000000000000000000000000000]
bitcast_ln98_22        (bitcast          ) [ 000000000000000000000001000000000000000000000000000000000000000000000000000000000000000000000000000000000000000000000000000000000000000000000000]
bitcast_ln98_23        (bitcast          ) [ 000000000000000000000001000000000000000000000000000000000000000000000000000000000000000000000000000000000000000000000000000000000000000000000000]
gmem0_addr_read_12     (read             ) [ 000000000000000000000001000000000000000000000000000000000000000000000000000000000000000000000000000000000000000000000000000000000000000000000000]
gmem1_addr_read_20     (read             ) [ 000000000000000000000001111111110000000000000000000000000000000000000000000000000000000000000000000000000000000000000000000000000000000000000000]
mul15_10               (fmul             ) [ 000000000000000000000000111111111111100000000000000000000000000000000000000000000000000000000000000000000000000000000000000000000000000000000000]
bitcast_ln98_24        (bitcast          ) [ 000000000000000000000000100000000000000000000000000000000000000000000000000000000000000000000000000000000000000000000000000000000000000000000000]
bitcast_ln98_25        (bitcast          ) [ 000000000000000000000000100000000000000000000000000000000000000000000000000000000000000000000000000000000000000000000000000000000000000000000000]
gmem0_addr_read_13     (read             ) [ 000000000000000000000000100000000000000000000000000000000000000000000000000000000000000000000000000000000000000000000000000000000000000000000000]
gmem1_addr_read_21     (read             ) [ 000000000000000000000000111111111000000000000000000000000000000000000000000000000000000000000000000000000000000000000000000000000000000000000000]
acc_6                  (fadd             ) [ 000000000000000000000000011000000000000000000000000000000000000000000000000000000000000000000000000000000000000000000000000000000000000000000000]
mul15_11               (fmul             ) [ 000000000000000000000000011111111111111000000000000000000000000000000000000000000000000000000000000000000000000000000000000000000000000000000000]
bitcast_ln98_26        (bitcast          ) [ 000000000000000000000000010000000000000000000000000000000000000000000000000000000000000000000000000000000000000000000000000000000000000000000000]
bitcast_ln98_27        (bitcast          ) [ 000000000000000000000000010000000000000000000000000000000000000000000000000000000000000000000000000000000000000000000000000000000000000000000000]
gmem0_addr_read_14     (read             ) [ 000000000000000000000000010000000000000000000000000000000000000000000000000000000000000000000000000000000000000000000000000000000000000000000000]
gmem1_addr_read_22     (read             ) [ 000000000000000000000000011111111100000000000000000000000000000000000000000000000000000000000000000000000000000000000000000000000000000000000000]
mul15_12               (fmul             ) [ 000000000000000000000000001111111111111110000000000000000000000000000000000000000000000000000000000000000000000000000000000000000000000000000000]
bitcast_ln98_28        (bitcast          ) [ 000000000000000000000000001000000000000000000000000000000000000000000000000000000000000000000000000000000000000000000000000000000000000000000000]
bitcast_ln98_29        (bitcast          ) [ 000000000000000000000000001000000000000000000000000000000000000000000000000000000000000000000000000000000000000000000000000000000000000000000000]
gmem0_addr_read_15     (read             ) [ 000000000000000000000000001000000000000000000000000000000000000000000000000000000000000000000000000000000000000000000000000000000000000000000000]
gmem1_addr_read_23     (read             ) [ 000000000000000000000000001111111110000000000000000000000000000000000000000000000000000000000000000000000000000000000000000000000000000000000000]
acc_7                  (fadd             ) [ 000000000000000000000000000110000000000000000000000000000000000000000000000000000000000000000000000000000000000000000000000000000000000000000000]
mul15_13               (fmul             ) [ 000000000000000000000000000111111111111111100000000000000000000000000000000000000000000000000000000000000000000000000000000000000000000000000000]
bitcast_ln98_30        (bitcast          ) [ 000000000000000000000000000100000000000000000000000000000000000000000000000000000000000000000000000000000000000000000000000000000000000000000000]
bitcast_ln98_31        (bitcast          ) [ 000000000000000000000000000100000000000000000000000000000000000000000000000000000000000000000000000000000000000000000000000000000000000000000000]
gmem0_addr_read_16     (read             ) [ 000000000000000000000000000100000000000000000000000000000000000000000000000000000000000000000000000000000000000000000000000000000000000000000000]
gmem1_addr_read_24     (read             ) [ 000000000000000000000000000111111111000000000000000000000000000000000000000000000000000000000000000000000000000000000000000000000000000000000000]
mul15_14               (fmul             ) [ 000000000000000000000000000011111111111111111000000000000000000000000000000000000000000000000000000000000000000000000000000000000000000000000000]
bitcast_ln98_32        (bitcast          ) [ 000000000000000000000000000010000000000000000000000000000000000000000000000000000000000000000000000000000000000000000000000000000000000000000000]
bitcast_ln98_33        (bitcast          ) [ 000000000000000000000000000010000000000000000000000000000000000000000000000000000000000000000000000000000000000000000000000000000000000000000000]
gmem0_addr_read_17     (read             ) [ 000000000000000000000000000010000000000000000000000000000000000000000000000000000000000000000000000000000000000000000000000000000000000000000000]
gmem1_addr_read_25     (read             ) [ 000000000000000000000000000011111111100000000000000000000000000000000000000000000000000000000000000000000000000000000000000000000000000000000000]
acc_8                  (fadd             ) [ 000000000000000000000000000001100000000000000000000000000000000000000000000000000000000000000000000000000000000000000000000000000000000000000000]
mul15_15               (fmul             ) [ 000000000000000000000000000001111111111111111110000000000000000000000000000000000000000000000000000000000000000000000000000000000000000000000000]
bitcast_ln98_34        (bitcast          ) [ 000000000000000000000000000001000000000000000000000000000000000000000000000000000000000000000000000000000000000000000000000000000000000000000000]
bitcast_ln98_35        (bitcast          ) [ 000000000000000000000000000001000000000000000000000000000000000000000000000000000000000000000000000000000000000000000000000000000000000000000000]
gmem0_addr_read_18     (read             ) [ 000000000000000000000000000001000000000000000000000000000000000000000000000000000000000000000000000000000000000000000000000000000000000000000000]
gmem1_addr_read_26     (read             ) [ 000000000000000000000000000001111111110000000000000000000000000000000000000000000000000000000000000000000000000000000000000000000000000000000000]
mul15_16               (fmul             ) [ 000000000000000000000000000000111111111111111111100000000000000000000000000000000000000000000000000000000000000000000000000000000000000000000000]
bitcast_ln98_36        (bitcast          ) [ 000000000000000000000000000000100000000000000000000000000000000000000000000000000000000000000000000000000000000000000000000000000000000000000000]
bitcast_ln98_37        (bitcast          ) [ 000000000000000000000000000000100000000000000000000000000000000000000000000000000000000000000000000000000000000000000000000000000000000000000000]
gmem0_addr_read_19     (read             ) [ 000000000000000000000000000000100000000000000000000000000000000000000000000000000000000000000000000000000000000000000000000000000000000000000000]
gmem1_addr_read_27     (read             ) [ 000000000000000000000000000000111111111000000000000000000000000000000000000000000000000000000000000000000000000000000000000000000000000000000000]
acc_9                  (fadd             ) [ 000000000000000000000000000000011000000000000000000000000000000000000000000000000000000000000000000000000000000000000000000000000000000000000000]
mul15_17               (fmul             ) [ 000000000000000000000000000000011111111111111111111000000000000000000000000000000000000000000000000000000000000000000000000000000000000000000000]
bitcast_ln98_38        (bitcast          ) [ 000000000000000000000000000000010000000000000000000000000000000000000000000000000000000000000000000000000000000000000000000000000000000000000000]
bitcast_ln98_39        (bitcast          ) [ 000000000000000000000000000000010000000000000000000000000000000000000000000000000000000000000000000000000000000000000000000000000000000000000000]
gmem0_addr_read_20     (read             ) [ 000000000000000000000000000000010000000000000000000000000000000000000000000000000000000000000000000000000000000000000000000000000000000000000000]
gmem1_addr_read_28     (read             ) [ 000000000000000000000000000000011111111100000000000000000000000000000000000000000000000000000000000000000000000000000000000000000000000000000000]
mul15_18               (fmul             ) [ 000000000000000000000000000000001111111111111111111110000000000000000000000000000000000000000000000000000000000000000000000000000000000000000000]
bitcast_ln98_40        (bitcast          ) [ 000000000000000000000000000000001000000000000000000000000000000000000000000000000000000000000000000000000000000000000000000000000000000000000000]
bitcast_ln98_41        (bitcast          ) [ 000000000000000000000000000000001000000000000000000000000000000000000000000000000000000000000000000000000000000000000000000000000000000000000000]
gmem0_addr_read_21     (read             ) [ 000000000000000000000000000000001000000000000000000000000000000000000000000000000000000000000000000000000000000000000000000000000000000000000000]
gmem1_addr_read_29     (read             ) [ 000000000000000000000000000000001111111110000000000000000000000000000000000000000000000000000000000000000000000000000000000000000000000000000000]
acc_10                 (fadd             ) [ 000000000000000000000000000000000110000000000000000000000000000000000000000000000000000000000000000000000000000000000000000000000000000000000000]
mul15_19               (fmul             ) [ 000000000000000000000000000000000111111111111111111111100000000000000000000000000000000000000000000000000000000000000000000000000000000000000000]
bitcast_ln98_42        (bitcast          ) [ 000000000000000000000000000000000100000000000000000000000000000000000000000000000000000000000000000000000000000000000000000000000000000000000000]
bitcast_ln98_43        (bitcast          ) [ 000000000000000000000000000000000100000000000000000000000000000000000000000000000000000000000000000000000000000000000000000000000000000000000000]
gmem0_addr_read_22     (read             ) [ 000000000000000000000000000000000100000000000000000000000000000000000000000000000000000000000000000000000000000000000000000000000000000000000000]
gmem1_addr_read_30     (read             ) [ 000000000000000000000000000000000111111111000000000000000000000000000000000000000000000000000000000000000000000000000000000000000000000000000000]
mul15_20               (fmul             ) [ 000000000000000000000000000000000011111111111111111111111000000000000000000000000000000000000000000000000000000000000000000000000000000000000000]
bitcast_ln98_44        (bitcast          ) [ 000000000000000000000000000000000010000000000000000000000000000000000000000000000000000000000000000000000000000000000000000000000000000000000000]
bitcast_ln98_45        (bitcast          ) [ 000000000000000000000000000000000010000000000000000000000000000000000000000000000000000000000000000000000000000000000000000000000000000000000000]
gmem0_addr_read_23     (read             ) [ 000000000000000000000000000000000010000000000000000000000000000000000000000000000000000000000000000000000000000000000000000000000000000000000000]
gmem1_addr_read_31     (read             ) [ 000000000000000000000000000000000011111111100000000000000000000000000000000000000000000000000000000000000000000000000000000000000000000000000000]
acc_11                 (fadd             ) [ 000000000000000000000000000000000001100000000000000000000000000000000000000000000000000000000000000000000000000000000000000000000000000000000000]
mul15_21               (fmul             ) [ 000000000000000000000000000000000001111111111111111111111110000000000000000000000000000000000000000000000000000000000000000000000000000000000000]
bitcast_ln98_46        (bitcast          ) [ 000000000000000000000000000000000001000000000000000000000000000000000000000000000000000000000000000000000000000000000000000000000000000000000000]
bitcast_ln98_47        (bitcast          ) [ 000000000000000000000000000000000001000000000000000000000000000000000000000000000000000000000000000000000000000000000000000000000000000000000000]
gmem0_addr_read_24     (read             ) [ 000000000000000000000000000000000001000000000000000000000000000000000000000000000000000000000000000000000000000000000000000000000000000000000000]
gmem1_addr_read_32     (read             ) [ 000000000000000000000000000000000001111111110000000000000000000000000000000000000000000000000000000000000000000000000000000000000000000000000000]
mul15_22               (fmul             ) [ 000000000000000000000000000000000000111111111111111111111111100000000000000000000000000000000000000000000000000000000000000000000000000000000000]
bitcast_ln98_48        (bitcast          ) [ 000000000000000000000000000000000000100000000000000000000000000000000000000000000000000000000000000000000000000000000000000000000000000000000000]
bitcast_ln98_49        (bitcast          ) [ 000000000000000000000000000000000000100000000000000000000000000000000000000000000000000000000000000000000000000000000000000000000000000000000000]
gmem0_addr_read_25     (read             ) [ 000000000000000000000000000000000000100000000000000000000000000000000000000000000000000000000000000000000000000000000000000000000000000000000000]
gmem1_addr_read_33     (read             ) [ 000000000000000000000000000000000000111111111000000000000000000000000000000000000000000000000000000000000000000000000000000000000000000000000000]
acc_12                 (fadd             ) [ 000000000000000000000000000000000000011000000000000000000000000000000000000000000000000000000000000000000000000000000000000000000000000000000000]
mul15_23               (fmul             ) [ 000000000000000000000000000000000000011111111111111111111111111000000000000000000000000000000000000000000000000000000000000000000000000000000000]
bitcast_ln98_50        (bitcast          ) [ 000000000000000000000000000000000000010000000000000000000000000000000000000000000000000000000000000000000000000000000000000000000000000000000000]
bitcast_ln98_51        (bitcast          ) [ 000000000000000000000000000000000000010000000000000000000000000000000000000000000000000000000000000000000000000000000000000000000000000000000000]
gmem0_addr_read_26     (read             ) [ 000000000000000000000000000000000000010000000000000000000000000000000000000000000000000000000000000000000000000000000000000000000000000000000000]
gmem1_addr_read_34     (read             ) [ 000000000000000000000000000000000000011111111100000000000000000000000000000000000000000000000000000000000000000000000000000000000000000000000000]
mul15_24               (fmul             ) [ 000000000000000000000000000000000000001111111111111111111111111110000000000000000000000000000000000000000000000000000000000000000000000000000000]
bitcast_ln98_52        (bitcast          ) [ 000000000000000000000000000000000000001000000000000000000000000000000000000000000000000000000000000000000000000000000000000000000000000000000000]
bitcast_ln98_53        (bitcast          ) [ 000000000000000000000000000000000000001000000000000000000000000000000000000000000000000000000000000000000000000000000000000000000000000000000000]
gmem0_addr_read_27     (read             ) [ 000000000000000000000000000000000000001000000000000000000000000000000000000000000000000000000000000000000000000000000000000000000000000000000000]
gmem1_addr_read_35     (read             ) [ 000000000000000000000000000000000000001111111110000000000000000000000000000000000000000000000000000000000000000000000000000000000000000000000000]
acc_13                 (fadd             ) [ 000000000000000000000000000000000000000110000000000000000000000000000000000000000000000000000000000000000000000000000000000000000000000000000000]
mul15_25               (fmul             ) [ 011000000000000000000000000000000000000111111111111111111111111111100000000000000000000000000000000000000000000000000000000000000000000000000000]
bitcast_ln98_54        (bitcast          ) [ 000000000000000000000000000000000000000100000000000000000000000000000000000000000000000000000000000000000000000000000000000000000000000000000000]
bitcast_ln98_55        (bitcast          ) [ 000000000000000000000000000000000000000100000000000000000000000000000000000000000000000000000000000000000000000000000000000000000000000000000000]
gmem0_addr_read_28     (read             ) [ 000000000000000000000000000000000000000100000000000000000000000000000000000000000000000000000000000000000000000000000000000000000000000000000000]
gmem1_addr_read_36     (read             ) [ 000000000000000000000000000000000000000111111111000000000000000000000000000000000000000000000000000000000000000000000000000000000000000000000000]
mul15_26               (fmul             ) [ 011110000000000000000000000000000000000011111111111111111111111111111000000000000000000000000000000000000000000000000000000000000000000000000000]
bitcast_ln98_56        (bitcast          ) [ 000000000000000000000000000000000000000010000000000000000000000000000000000000000000000000000000000000000000000000000000000000000000000000000000]
bitcast_ln98_57        (bitcast          ) [ 000000000000000000000000000000000000000010000000000000000000000000000000000000000000000000000000000000000000000000000000000000000000000000000000]
gmem0_addr_read_29     (read             ) [ 000000000000000000000000000000000000000010000000000000000000000000000000000000000000000000000000000000000000000000000000000000000000000000000000]
gmem1_addr_read_37     (read             ) [ 000000000000000000000000000000000000000011111111100000000000000000000000000000000000000000000000000000000000000000000000000000000000000000000000]
acc_14                 (fadd             ) [ 000000000000000000000000000000000000000001100000000000000000000000000000000000000000000000000000000000000000000000000000000000000000000000000000]
mul15_27               (fmul             ) [ 011111100000000000000000000000000000000001111111111111111111111111111110000000000000000000000000000000000000000000000000000000000000000000000000]
bitcast_ln98_58        (bitcast          ) [ 000000000000000000000000000000000000000001000000000000000000000000000000000000000000000000000000000000000000000000000000000000000000000000000000]
bitcast_ln98_59        (bitcast          ) [ 000000000000000000000000000000000000000001000000000000000000000000000000000000000000000000000000000000000000000000000000000000000000000000000000]
gmem0_addr_read_30     (read             ) [ 000000000000000000000000000000000000000001000000000000000000000000000000000000000000000000000000000000000000000000000000000000000000000000000000]
gmem1_addr_read_38     (read             ) [ 000000000000000000000000000000000000000001111111110000000000000000000000000000000000000000000000000000000000000000000000000000000000000000000000]
mul15_28               (fmul             ) [ 011111111000000000000000000000000000000000111111111111111111111111111111100000000000000000000000000000000000000000000000000000000000000000000000]
bitcast_ln98_60        (bitcast          ) [ 000000000000000000000000000000000000000000100000000000000000000000000000000000000000000000000000000000000000000000000000000000000000000000000000]
bitcast_ln98_61        (bitcast          ) [ 000000000000000000000000000000000000000000100000000000000000000000000000000000000000000000000000000000000000000000000000000000000000000000000000]
gmem0_addr_read_31     (read             ) [ 000000000000000000000000000000000000000000100000000000000000000000000000000000000000000000000000000000000000000000000000000000000000000000000000]
gmem1_addr_read_39     (read             ) [ 000000000000000000000000000000000000000000111111111000000000000000000000000000000000000000000000000000000000000000000000000000000000000000000000]
acc_15                 (fadd             ) [ 000000000000000000000000000000000000000000011000000000000000000000000000000000000000000000000000000000000000000000000000000000000000000000000000]
mul15_29               (fmul             ) [ 011111111110000000000000000000000000000000011111111111111111111111111111111000000000000000000000000000000000000000000000000000000000000000000000]
bitcast_ln98_62        (bitcast          ) [ 000000000000000000000000000000000000000000010000000000000000000000000000000000000000000000000000000000000000000000000000000000000000000000000000]
bitcast_ln98_63        (bitcast          ) [ 000000000000000000000000000000000000000000010000000000000000000000000000000000000000000000000000000000000000000000000000000000000000000000000000]
gmem0_addr_read_32     (read             ) [ 000000000000000000000000000000000000000000010000000000000000000000000000000000000000000000000000000000000000000000000000000000000000000000000000]
gmem1_addr_read_40     (read             ) [ 000000000000000000000000000000000000000000011111111100000000000000000000000000000000000000000000000000000000000000000000000000000000000000000000]
mul15_30               (fmul             ) [ 011111111111100000000000000000000000000000001111111111111111111111111111111110000000000000000000000000000000000000000000000000000000000000000000]
bitcast_ln98_64        (bitcast          ) [ 000000000000000000000000000000000000000000001000000000000000000000000000000000000000000000000000000000000000000000000000000000000000000000000000]
bitcast_ln98_65        (bitcast          ) [ 000000000000000000000000000000000000000000001000000000000000000000000000000000000000000000000000000000000000000000000000000000000000000000000000]
gmem0_addr_read_33     (read             ) [ 000000000000000000000000000000000000000000001000000000000000000000000000000000000000000000000000000000000000000000000000000000000000000000000000]
gmem1_addr_read_41     (read             ) [ 000000000000000000000000000000000000000000001111111110000000000000000000000000000000000000000000000000000000000000000000000000000000000000000000]
acc_16                 (fadd             ) [ 000000000000000000000000000000000000000000000110000000000000000000000000000000000000000000000000000000000000000000000000000000000000000000000000]
mul15_31               (fmul             ) [ 011111111111111100000000000000000000000000000111111111111111111111111111111111110000000000000000000000000000000000000000000000000000000000000000]
bitcast_ln98_66        (bitcast          ) [ 000000000000000000000000000000000000000000000100000000000000000000000000000000000000000000000000000000000000000000000000000000000000000000000000]
bitcast_ln98_67        (bitcast          ) [ 000000000000000000000000000000000000000000000100000000000000000000000000000000000000000000000000000000000000000000000000000000000000000000000000]
gmem0_addr_read_34     (read             ) [ 000000000000000000000000000000000000000000000100000000000000000000000000000000000000000000000000000000000000000000000000000000000000000000000000]
gmem1_addr_read_42     (read             ) [ 000000000000000000000000000000000000000000000111111111000000000000000000000000000000000000000000000000000000000000000000000000000000000000000000]
mul15_32               (fmul             ) [ 011111111111111111000000000000000000000000000011111111111111111111111111111111111100000000000000000000000000000000000000000000000000000000000000]
bitcast_ln98_68        (bitcast          ) [ 000000000000000000000000000000000000000000000010000000000000000000000000000000000000000000000000000000000000000000000000000000000000000000000000]
bitcast_ln98_69        (bitcast          ) [ 000000000000000000000000000000000000000000000010000000000000000000000000000000000000000000000000000000000000000000000000000000000000000000000000]
gmem0_addr_read_35     (read             ) [ 000000000000000000000000000000000000000000000010000000000000000000000000000000000000000000000000000000000000000000000000000000000000000000000000]
gmem1_addr_read_43     (read             ) [ 000000000000000000000000000000000000000000000011111111100000000000000000000000000000000000000000000000000000000000000000000000000000000000000000]
acc_17                 (fadd             ) [ 000000000000000000000000000000000000000000000001100000000000000000000000000000000000000000000000000000000000000000000000000000000000000000000000]
mul15_33               (fmul             ) [ 011111111111111111110000000000000000000000000001111111111111111111111111111111111111000000000000000000000000000000000000000000000000000000000000]
bitcast_ln98_70        (bitcast          ) [ 000000000000000000000000000000000000000000000001000000000000000000000000000000000000000000000000000000000000000000000000000000000000000000000000]
bitcast_ln98_71        (bitcast          ) [ 000000000000000000000000000000000000000000000001000000000000000000000000000000000000000000000000000000000000000000000000000000000000000000000000]
gmem0_addr_read_36     (read             ) [ 000000000000000000000000000000000000000000000001000000000000000000000000000000000000000000000000000000000000000000000000000000000000000000000000]
gmem1_addr_read_44     (read             ) [ 000000000000000000000000000000000000000000000001111111110000000000000000000000000000000000000000000000000000000000000000000000000000000000000000]
mul15_34               (fmul             ) [ 011111111111111111111100000000000000000000000000111111111111111111111111111111111111110000000000000000000000000000000000000000000000000000000000]
bitcast_ln98_72        (bitcast          ) [ 000000000000000000000000000000000000000000000000100000000000000000000000000000000000000000000000000000000000000000000000000000000000000000000000]
bitcast_ln98_73        (bitcast          ) [ 000000000000000000000000000000000000000000000000100000000000000000000000000000000000000000000000000000000000000000000000000000000000000000000000]
gmem0_addr_read_37     (read             ) [ 000000000000000000000000000000000000000000000000100000000000000000000000000000000000000000000000000000000000000000000000000000000000000000000000]
gmem1_addr_read_45     (read             ) [ 000000000000000000000000000000000000000000000000111111111000000000000000000000000000000000000000000000000000000000000000000000000000000000000000]
acc_18                 (fadd             ) [ 000000000000000000000000000000000000000000000000011000000000000000000000000000000000000000000000000000000000000000000000000000000000000000000000]
mul15_35               (fmul             ) [ 011111111111111111111111000000000000000000000000011111111111111111111111111111111111111100000000000000000000000000000000000000000000000000000000]
bitcast_ln98_74        (bitcast          ) [ 000000000000000000000000000000000000000000000000010000000000000000000000000000000000000000000000000000000000000000000000000000000000000000000000]
bitcast_ln98_75        (bitcast          ) [ 000000000000000000000000000000000000000000000000010000000000000000000000000000000000000000000000000000000000000000000000000000000000000000000000]
gmem0_addr_read_38     (read             ) [ 000000000000000000000000000000000000000000000000010000000000000000000000000000000000000000000000000000000000000000000000000000000000000000000000]
gmem1_addr_read_46     (read             ) [ 000000000000000000000000000000000000000000000000011111111100000000000000000000000000000000000000000000000000000000000000000000000000000000000000]
mul15_36               (fmul             ) [ 011111111111111111111111110000000000000000000000001111111111111111111111111111111111111111000000000000000000000000000000000000000000000000000000]
bitcast_ln98_76        (bitcast          ) [ 000000000000000000000000000000000000000000000000001000000000000000000000000000000000000000000000000000000000000000000000000000000000000000000000]
bitcast_ln98_77        (bitcast          ) [ 000000000000000000000000000000000000000000000000001000000000000000000000000000000000000000000000000000000000000000000000000000000000000000000000]
gmem0_addr_read_39     (read             ) [ 000000000000000000000000000000000000000000000000001000000000000000000000000000000000000000000000000000000000000000000000000000000000000000000000]
gmem1_addr_read_47     (read             ) [ 000000000000000000000000000000000000000000000000001111111110000000000000000000000000000000000000000000000000000000000000000000000000000000000000]
acc_19                 (fadd             ) [ 000000000000000000000000000000000000000000000000000110000000000000000000000000000000000000000000000000000000000000000000000000000000000000000000]
mul15_37               (fmul             ) [ 011111111111111111111111111100000000000000000000000111111111111111111111111111111111111111110000000000000000000000000000000000000000000000000000]
bitcast_ln98_78        (bitcast          ) [ 000000000000000000000000000000000000000000000000000100000000000000000000000000000000000000000000000000000000000000000000000000000000000000000000]
bitcast_ln98_79        (bitcast          ) [ 000000000000000000000000000000000000000000000000000100000000000000000000000000000000000000000000000000000000000000000000000000000000000000000000]
gmem0_addr_read_40     (read             ) [ 000000000000000000000000000000000000000000000000000100000000000000000000000000000000000000000000000000000000000000000000000000000000000000000000]
gmem1_addr_read_48     (read             ) [ 000000000000000000000000000000000000000000000000000111111111000000000000000000000000000000000000000000000000000000000000000000000000000000000000]
mul15_38               (fmul             ) [ 011111111111111111111111111111000000000000000000000011111111111111111111111111111111111111111100000000000000000000000000000000000000000000000000]
bitcast_ln98_80        (bitcast          ) [ 000000000000000000000000000000000000000000000000000010000000000000000000000000000000000000000000000000000000000000000000000000000000000000000000]
bitcast_ln98_81        (bitcast          ) [ 000000000000000000000000000000000000000000000000000010000000000000000000000000000000000000000000000000000000000000000000000000000000000000000000]
gmem0_addr_read_41     (read             ) [ 000000000000000000000000000000000000000000000000000010000000000000000000000000000000000000000000000000000000000000000000000000000000000000000000]
gmem1_addr_read_49     (read             ) [ 000000000000000000000000000000000000000000000000000011111111100000000000000000000000000000000000000000000000000000000000000000000000000000000000]
acc_20                 (fadd             ) [ 000000000000000000000000000000000000000000000000000001100000000000000000000000000000000000000000000000000000000000000000000000000000000000000000]
mul15_39               (fmul             ) [ 011111111111111111111111111111110000000000000000000001111111111111111111111111111111111111111111000000000000000000000000000000000000000000000000]
bitcast_ln98_82        (bitcast          ) [ 000000000000000000000000000000000000000000000000000001000000000000000000000000000000000000000000000000000000000000000000000000000000000000000000]
bitcast_ln98_83        (bitcast          ) [ 000000000000000000000000000000000000000000000000000001000000000000000000000000000000000000000000000000000000000000000000000000000000000000000000]
gmem0_addr_read_42     (read             ) [ 000000000000000000000000000000000000000000000000000001000000000000000000000000000000000000000000000000000000000000000000000000000000000000000000]
gmem1_addr_read_50     (read             ) [ 000000000000000000000000000000000000000000000000000001111111110000000000000000000000000000000000000000000000000000000000000000000000000000000000]
mul15_40               (fmul             ) [ 011111111111111111111111111111111100000000000000000000111111111111111111111111111111111111111111110000000000000000000000000000000000000000000000]
bitcast_ln98_84        (bitcast          ) [ 000000000000000000000000000000000000000000000000000000100000000000000000000000000000000000000000000000000000000000000000000000000000000000000000]
bitcast_ln98_85        (bitcast          ) [ 000000000000000000000000000000000000000000000000000000100000000000000000000000000000000000000000000000000000000000000000000000000000000000000000]
gmem0_addr_read_43     (read             ) [ 000000000000000000000000000000000000000000000000000000100000000000000000000000000000000000000000000000000000000000000000000000000000000000000000]
gmem1_addr_read_51     (read             ) [ 000000000000000000000000000000000000000000000000000000111111111000000000000000000000000000000000000000000000000000000000000000000000000000000000]
acc_21                 (fadd             ) [ 000000000000000000000000000000000000000000000000000000011000000000000000000000000000000000000000000000000000000000000000000000000000000000000000]
mul15_41               (fmul             ) [ 011111111111111111111111111111111111000000000000000000011111111111111111111111111111111111111111111100000000000000000000000000000000000000000000]
bitcast_ln98_86        (bitcast          ) [ 000000000000000000000000000000000000000000000000000000010000000000000000000000000000000000000000000000000000000000000000000000000000000000000000]
bitcast_ln98_87        (bitcast          ) [ 000000000000000000000000000000000000000000000000000000010000000000000000000000000000000000000000000000000000000000000000000000000000000000000000]
gmem0_addr_read_44     (read             ) [ 000000000000000000000000000000000000000000000000000000010000000000000000000000000000000000000000000000000000000000000000000000000000000000000000]
gmem1_addr_read_52     (read             ) [ 000000000000000000000000000000000000000000000000000000011111111100000000000000000000000000000000000000000000000000000000000000000000000000000000]
mul15_42               (fmul             ) [ 011111111111111111111111111111111111110000000000000000001111111111111111111111111111111111111111111111000000000000000000000000000000000000000000]
bitcast_ln98_88        (bitcast          ) [ 000000000000000000000000000000000000000000000000000000001000000000000000000000000000000000000000000000000000000000000000000000000000000000000000]
bitcast_ln98_89        (bitcast          ) [ 000000000000000000000000000000000000000000000000000000001000000000000000000000000000000000000000000000000000000000000000000000000000000000000000]
gmem0_addr_read_45     (read             ) [ 000000000000000000000000000000000000000000000000000000001000000000000000000000000000000000000000000000000000000000000000000000000000000000000000]
gmem1_addr_read_53     (read             ) [ 000000000000000000000000000000000000000000000000000000001111111110000000000000000000000000000000000000000000000000000000000000000000000000000000]
acc_22                 (fadd             ) [ 000000000000000000000000000000000000000000000000000000000110000000000000000000000000000000000000000000000000000000000000000000000000000000000000]
mul15_43               (fmul             ) [ 011111111111111111111111111111111111111100000000000000000111111111111111111111111111111111111111111111110000000000000000000000000000000000000000]
bitcast_ln98_90        (bitcast          ) [ 000000000000000000000000000000000000000000000000000000000100000000000000000000000000000000000000000000000000000000000000000000000000000000000000]
bitcast_ln98_91        (bitcast          ) [ 000000000000000000000000000000000000000000000000000000000100000000000000000000000000000000000000000000000000000000000000000000000000000000000000]
gmem0_addr_read_46     (read             ) [ 000000000000000000000000000000000000000000000000000000000100000000000000000000000000000000000000000000000000000000000000000000000000000000000000]
gmem1_addr_read_54     (read             ) [ 010000000000000000000000000000000000000000000000000000000111111111000000000000000000000000000000000000000000000000000000000000000000000000000000]
mul15_44               (fmul             ) [ 011111111111111111111111111111111111111111000000000000000011111111111111111111111111111111111111111111111100000000000000000000000000000000000000]
bitcast_ln98_92        (bitcast          ) [ 000000000000000000000000000000000000000000000000000000000010000000000000000000000000000000000000000000000000000000000000000000000000000000000000]
bitcast_ln98_93        (bitcast          ) [ 000000000000000000000000000000000000000000000000000000000010000000000000000000000000000000000000000000000000000000000000000000000000000000000000]
gmem0_addr_read_47     (read             ) [ 000000000000000000000000000000000000000000000000000000000010000000000000000000000000000000000000000000000000000000000000000000000000000000000000]
gmem1_addr_read_55     (read             ) [ 011000000000000000000000000000000000000000000000000000000011111111100000000000000000000000000000000000000000000000000000000000000000000000000000]
acc_23                 (fadd             ) [ 000000000000000000000000000000000000000000000000000000000001100000000000000000000000000000000000000000000000000000000000000000000000000000000000]
mul15_45               (fmul             ) [ 011111111111111111111111111111111111111111110000000000000001111111111111111111111111111111111111111111111111000000000000000000000000000000000000]
bitcast_ln98_94        (bitcast          ) [ 000000000000000000000000000000000000000000000000000000000001000000000000000000000000000000000000000000000000000000000000000000000000000000000000]
bitcast_ln98_95        (bitcast          ) [ 000000000000000000000000000000000000000000000000000000000001000000000000000000000000000000000000000000000000000000000000000000000000000000000000]
gmem0_addr_read_48     (read             ) [ 000000000000000000000000000000000000000000000000000000000001000000000000000000000000000000000000000000000000000000000000000000000000000000000000]
gmem1_addr_read_56     (read             ) [ 011100000000000000000000000000000000000000000000000000000001111111110000000000000000000000000000000000000000000000000000000000000000000000000000]
mul15_46               (fmul             ) [ 011111111111111111111111111111111111111111111100000000000000111111111111111111111111111111111111111111111111110000000000000000000000000000000000]
bitcast_ln98_96        (bitcast          ) [ 000000000000000000000000000000000000000000000000000000000000100000000000000000000000000000000000000000000000000000000000000000000000000000000000]
bitcast_ln98_97        (bitcast          ) [ 000000000000000000000000000000000000000000000000000000000000100000000000000000000000000000000000000000000000000000000000000000000000000000000000]
gmem0_addr_read_49     (read             ) [ 000000000000000000000000000000000000000000000000000000000000100000000000000000000000000000000000000000000000000000000000000000000000000000000000]
gmem1_addr_read_57     (read             ) [ 011110000000000000000000000000000000000000000000000000000000111111111000000000000000000000000000000000000000000000000000000000000000000000000000]
acc_24                 (fadd             ) [ 000000000000000000000000000000000000000000000000000000000000011000000000000000000000000000000000000000000000000000000000000000000000000000000000]
mul15_47               (fmul             ) [ 011111111111111111111111111111111111111111111111000000000000011111111111111111111111111111111111111111111111111100000000000000000000000000000000]
bitcast_ln98_98        (bitcast          ) [ 000000000000000000000000000000000000000000000000000000000000010000000000000000000000000000000000000000000000000000000000000000000000000000000000]
bitcast_ln98_99        (bitcast          ) [ 000000000000000000000000000000000000000000000000000000000000010000000000000000000000000000000000000000000000000000000000000000000000000000000000]
gmem0_addr_read_50     (read             ) [ 000000000000000000000000000000000000000000000000000000000000010000000000000000000000000000000000000000000000000000000000000000000000000000000000]
gmem1_addr_read_58     (read             ) [ 011111000000000000000000000000000000000000000000000000000000011111111100000000000000000000000000000000000000000000000000000000000000000000000000]
mul15_48               (fmul             ) [ 011111111111111111111111111111111111111111111111110000000000001111111111111111111111111111111111111111111111111111000000000000000000000000000000]
bitcast_ln98_100       (bitcast          ) [ 000000000000000000000000000000000000000000000000000000000000001000000000000000000000000000000000000000000000000000000000000000000000000000000000]
bitcast_ln98_101       (bitcast          ) [ 000000000000000000000000000000000000000000000000000000000000001000000000000000000000000000000000000000000000000000000000000000000000000000000000]
gmem0_addr_read_51     (read             ) [ 000000000000000000000000000000000000000000000000000000000000001000000000000000000000000000000000000000000000000000000000000000000000000000000000]
gmem1_addr_read_59     (read             ) [ 011111100000000000000000000000000000000000000000000000000000001111111110000000000000000000000000000000000000000000000000000000000000000000000000]
acc_25                 (fadd             ) [ 000000000000000000000000000000000000000000000000000000000000000110000000000000000000000000000000000000000000000000000000000000000000000000000000]
mul15_49               (fmul             ) [ 011111111111111111111111111111111111111111111111111100000000000111111111111111111111111111111111111111111111111111110000000000000000000000000000]
bitcast_ln98_102       (bitcast          ) [ 000000000000000000000000000000000000000000000000000000000000000100000000000000000000000000000000000000000000000000000000000000000000000000000000]
bitcast_ln98_103       (bitcast          ) [ 000000000000000000000000000000000000000000000000000000000000000100000000000000000000000000000000000000000000000000000000000000000000000000000000]
gmem0_addr_read_52     (read             ) [ 000000000000000000000000000000000000000000000000000000000000000100000000000000000000000000000000000000000000000000000000000000000000000000000000]
gmem1_addr_read_60     (read             ) [ 011111110000000000000000000000000000000000000000000000000000000111111111000000000000000000000000000000000000000000000000000000000000000000000000]
mul15_50               (fmul             ) [ 011111111111111111111111111111111111111111111111111111000000000011111111111111111111111111111111111111111111111111111100000000000000000000000000]
bitcast_ln98_104       (bitcast          ) [ 000000000000000000000000000000000000000000000000000000000000000010000000000000000000000000000000000000000000000000000000000000000000000000000000]
bitcast_ln98_105       (bitcast          ) [ 000000000000000000000000000000000000000000000000000000000000000010000000000000000000000000000000000000000000000000000000000000000000000000000000]
gmem0_addr_read_53     (read             ) [ 000000000000000000000000000000000000000000000000000000000000000010000000000000000000000000000000000000000000000000000000000000000000000000000000]
gmem1_addr_read_61     (read             ) [ 011111111000000000000000000000000000000000000000000000000000000011111111100000000000000000000000000000000000000000000000000000000000000000000000]
acc_26                 (fadd             ) [ 011000000000000000000000000000000000000000000000000000000000000001100000000000000000000000000000000000000000000000000000000000000000000000000000]
mul15_51               (fmul             ) [ 011111111111111111111111111111111111111111111111111111110000000001111111111111111111111111111111111111111111111111111111000000000000000000000000]
bitcast_ln98_106       (bitcast          ) [ 010000000000000000000000000000000000000000000000000000000000000001000000000000000000000000000000000000000000000000000000000000000000000000000000]
bitcast_ln98_107       (bitcast          ) [ 010000000000000000000000000000000000000000000000000000000000000001000000000000000000000000000000000000000000000000000000000000000000000000000000]
gmem0_addr_read_54     (read             ) [ 010000000000000000000000000000000000000000000000000000000000000001000000000000000000000000000000000000000000000000000000000000000000000000000000]
gmem1_addr_read_62     (read             ) [ 011111111100000000000000000000000000000000000000000000000000000001111111110000000000000000000000000000000000000000000000000000000000000000000000]
mul15_52               (fmul             ) [ 001111111111111111111111111111111111111111111111111111111100000000111111111111111111111111111111111111111111111111111111110000000000000000000000]
bitcast_ln98_108       (bitcast          ) [ 001000000000000000000000000000000000000000000000000000000000000000100000000000000000000000000000000000000000000000000000000000000000000000000000]
bitcast_ln98_109       (bitcast          ) [ 001000000000000000000000000000000000000000000000000000000000000000100000000000000000000000000000000000000000000000000000000000000000000000000000]
gmem0_addr_read_55     (read             ) [ 001000000000000000000000000000000000000000000000000000000000000000100000000000000000000000000000000000000000000000000000000000000000000000000000]
gmem1_addr_read_63     (read             ) [ 001111111110000000000000000000000000000000000000000000000000000000111111111000000000000000000000000000000000000000000000000000000000000000000000]
acc_27                 (fadd             ) [ 000110000000000000000000000000000000000000000000000000000000000000011000000000000000000000000000000000000000000000000000000000000000000000000000]
mul15_53               (fmul             ) [ 000111111111111111111111111111111111111111111111111111111111000000011111111111111111111111111111111111111111111111111111111100000000000000000000]
bitcast_ln98_110       (bitcast          ) [ 000100000000000000000000000000000000000000000000000000000000000000010000000000000000000000000000000000000000000000000000000000000000000000000000]
bitcast_ln98_111       (bitcast          ) [ 000100000000000000000000000000000000000000000000000000000000000000010000000000000000000000000000000000000000000000000000000000000000000000000000]
gmem0_addr_read_56     (read             ) [ 000100000000000000000000000000000000000000000000000000000000000000010000000000000000000000000000000000000000000000000000000000000000000000000000]
mul15_54               (fmul             ) [ 000011111111111111111111111111111111111111111111111111111111110000001111111111111111111111111111111111111111111111111111111111000000000000000000]
bitcast_ln98_112       (bitcast          ) [ 000010000000000000000000000000000000000000000000000000000000000000001000000000000000000000000000000000000000000000000000000000000000000000000000]
bitcast_ln98_113       (bitcast          ) [ 000010000000000000000000000000000000000000000000000000000000000000001000000000000000000000000000000000000000000000000000000000000000000000000000]
gmem0_addr_read_57     (read             ) [ 000010000000000000000000000000000000000000000000000000000000000000001000000000000000000000000000000000000000000000000000000000000000000000000000]
acc_28                 (fadd             ) [ 000001100000000000000000000000000000000000000000000000000000000000000110000000000000000000000000000000000000000000000000000000000000000000000000]
mul15_55               (fmul             ) [ 000001111111111111111111111111111111111111111111111111111111111100000111111111111111111111111111111111111111111111111111111111110000000000000000]
bitcast_ln98_114       (bitcast          ) [ 000001000000000000000000000000000000000000000000000000000000000000000100000000000000000000000000000000000000000000000000000000000000000000000000]
bitcast_ln98_115       (bitcast          ) [ 000001000000000000000000000000000000000000000000000000000000000000000100000000000000000000000000000000000000000000000000000000000000000000000000]
gmem0_addr_read_58     (read             ) [ 000001000000000000000000000000000000000000000000000000000000000000000100000000000000000000000000000000000000000000000000000000000000000000000000]
mul15_56               (fmul             ) [ 010000111111111111111111111111111111111111111111111111111111111110000011111111111111111111111111111111111111111111111111111111111100000000000000]
bitcast_ln98_116       (bitcast          ) [ 000000100000000000000000000000000000000000000000000000000000000000000010000000000000000000000000000000000000000000000000000000000000000000000000]
bitcast_ln98_117       (bitcast          ) [ 000000100000000000000000000000000000000000000000000000000000000000000010000000000000000000000000000000000000000000000000000000000000000000000000]
gmem0_addr_read_59     (read             ) [ 000000100000000000000000000000000000000000000000000000000000000000000010000000000000000000000000000000000000000000000000000000000000000000000000]
acc_29                 (fadd             ) [ 000000011000000000000000000000000000000000000000000000000000000000000001100000000000000000000000000000000000000000000000000000000000000000000000]
mul15_57               (fmul             ) [ 011100011111111111111111111111111111111111111111111111111111111110000001111111111111111111111111111111111111111111111111111111111111000000000000]
bitcast_ln98_118       (bitcast          ) [ 000000010000000000000000000000000000000000000000000000000000000000000001000000000000000000000000000000000000000000000000000000000000000000000000]
bitcast_ln98_119       (bitcast          ) [ 000000010000000000000000000000000000000000000000000000000000000000000001000000000000000000000000000000000000000000000000000000000000000000000000]
gmem0_addr_read_60     (read             ) [ 000000010000000000000000000000000000000000000000000000000000000000000001000000000000000000000000000000000000000000000000000000000000000000000000]
mul15_58               (fmul             ) [ 011111001111111111111111111111111111111111111111111111111111111110000000111111111111111111111111111111111111111111111111111111111111110000000000]
bitcast_ln98_120       (bitcast          ) [ 000000001000000000000000000000000000000000000000000000000000000000000000100000000000000000000000000000000000000000000000000000000000000000000000]
bitcast_ln98_121       (bitcast          ) [ 000000001000000000000000000000000000000000000000000000000000000000000000100000000000000000000000000000000000000000000000000000000000000000000000]
gmem0_addr_read_61     (read             ) [ 000000001000000000000000000000000000000000000000000000000000000000000000100000000000000000000000000000000000000000000000000000000000000000000000]
acc_30                 (fadd             ) [ 000000000110000000000000000000000000000000000000000000000000000000000000011000000000000000000000000000000000000000000000000000000000000000000000]
mul15_59               (fmul             ) [ 011111110111111111111111111111111111111111111111111111111111111110000000011111111111111111111111111111111111111111111111111111111111111100000000]
bitcast_ln98_122       (bitcast          ) [ 000000000100000000000000000000000000000000000000000000000000000000000000010000000000000000000000000000000000000000000000000000000000000000000000]
bitcast_ln98_123       (bitcast          ) [ 000000000100000000000000000000000000000000000000000000000000000000000000010000000000000000000000000000000000000000000000000000000000000000000000]
gmem0_addr_read_62     (read             ) [ 000000000100000000000000000000000000000000000000000000000000000000000000010000000000000000000000000000000000000000000000000000000000000000000000]
mul15_60               (fmul             ) [ 011111111111111111111111111111111111111111111111111111111111111110000000001111111111111111111111111111111111111111111111111111111111111111000000]
bitcast_ln98_124       (bitcast          ) [ 000000000010000000000000000000000000000000000000000000000000000000000000001000000000000000000000000000000000000000000000000000000000000000000000]
bitcast_ln98_125       (bitcast          ) [ 000000000010000000000000000000000000000000000000000000000000000000000000001000000000000000000000000000000000000000000000000000000000000000000000]
gmem0_addr_read_63     (read             ) [ 000000000010000000000000000000000000000000000000000000000000000000000000001000000000000000000000000000000000000000000000000000000000000000000000]
acc_31                 (fadd             ) [ 000000000001100000000000000000000000000000000000000000000000000000000000000110000000000000000000000000000000000000000000000000000000000000000000]
mul15_61               (fmul             ) [ 011111111111111111111111111111111111111111111111111111111111111110000000000111111111111111111111111111111111111111111111111111111111111111110000]
bitcast_ln98_126       (bitcast          ) [ 000000000001000000000000000000000000000000000000000000000000000000000000000100000000000000000000000000000000000000000000000000000000000000000000]
bitcast_ln98_127       (bitcast          ) [ 000000000001000000000000000000000000000000000000000000000000000000000000000100000000000000000000000000000000000000000000000000000000000000000000]
mul15_62               (fmul             ) [ 011111111111111111111111111111111111111111111111111111111111111110000000000011111111111111111111111111111111111111111111111111111111111111111100]
acc_32                 (fadd             ) [ 000000000000011100000000000000000000000000000000000000000000000000000000000001110000000000000000000000000000000000000000000000000000000000000000]
acc_33                 (fadd             ) [ 000000000000000011000000000000000000000000000000000000000000000000000000000000001100000000000000000000000000000000000000000000000000000000000000]
acc_34                 (fadd             ) [ 000000000000000000110000000000000000000000000000000000000000000000000000000000000011000000000000000000000000000000000000000000000000000000000000]
acc_35                 (fadd             ) [ 000000000000000000001100000000000000000000000000000000000000000000000000000000000000110000000000000000000000000000000000000000000000000000000000]
acc_36                 (fadd             ) [ 000000000000000000000011000000000000000000000000000000000000000000000000000000000000001100000000000000000000000000000000000000000000000000000000]
acc_37                 (fadd             ) [ 000000000000000000000000110000000000000000000000000000000000000000000000000000000000000011000000000000000000000000000000000000000000000000000000]
acc_38                 (fadd             ) [ 000000000000000000000000001100000000000000000000000000000000000000000000000000000000000000110000000000000000000000000000000000000000000000000000]
acc_39                 (fadd             ) [ 000000000000000000000000000011000000000000000000000000000000000000000000000000000000000000001100000000000000000000000000000000000000000000000000]
acc_40                 (fadd             ) [ 000000000000000000000000000000110000000000000000000000000000000000000000000000000000000000000011000000000000000000000000000000000000000000000000]
acc_41                 (fadd             ) [ 000000000000000000000000000000001100000000000000000000000000000000000000000000000000000000000000110000000000000000000000000000000000000000000000]
acc_42                 (fadd             ) [ 000000000000000000000000000000000011000000000000000000000000000000000000000000000000000000000000001100000000000000000000000000000000000000000000]
acc_43                 (fadd             ) [ 000000000000000000000000000000000000110000000000000000000000000000000000000000000000000000000000000011000000000000000000000000000000000000000000]
acc_44                 (fadd             ) [ 000000000000000000000000000000000000001100000000000000000000000000000000000000000000000000000000000000110000000000000000000000000000000000000000]
acc_45                 (fadd             ) [ 000000000000000000000000000000000000000011000000000000000000000000000000000000000000000000000000000000001100000000000000000000000000000000000000]
acc_46                 (fadd             ) [ 000000000000000000000000000000000000000000110000000000000000000000000000000000000000000000000000000000000011000000000000000000000000000000000000]
acc_47                 (fadd             ) [ 000000000000000000000000000000000000000000001100000000000000000000000000000000000000000000000000000000000000110000000000000000000000000000000000]
acc_48                 (fadd             ) [ 000000000000000000000000000000000000000000000011000000000000000000000000000000000000000000000000000000000000001100000000000000000000000000000000]
acc_49                 (fadd             ) [ 000000000000000000000000000000000000000000000000110000000000000000000000000000000000000000000000000000000000000011000000000000000000000000000000]
acc_50                 (fadd             ) [ 000000000000000000000000000000000000000000000000001100000000000000000000000000000000000000000000000000000000000000110000000000000000000000000000]
acc_51                 (fadd             ) [ 000000000000000000000000000000000000000000000000000011000000000000000000000000000000000000000000000000000000000000001100000000000000000000000000]
acc_52                 (fadd             ) [ 000000000000000000000000000000000000000000000000000000110000000000000000000000000000000000000000000000000000000000000011000000000000000000000000]
acc_53                 (fadd             ) [ 000000000000000000000000000000000000000000000000000000001100000000000000000000000000000000000000000000000000000000000000110000000000000000000000]
acc_54                 (fadd             ) [ 000000000000000000000000000000000000000000000000000000000011000000000000000000000000000000000000000000000000000000000000001100000000000000000000]
acc_55                 (fadd             ) [ 000000000000000000000000000000000000000000000000000000000000110000000000000000000000000000000000000000000000000000000000000011000000000000000000]
acc_56                 (fadd             ) [ 000000000000000000000000000000000000000000000000000000000000001100000000000000000000000000000000000000000000000000000000000000110000000000000000]
acc_57                 (fadd             ) [ 010000000000000000000000000000000000000000000000000000000000000010000000000000000000000000000000000000000000000000000000000000001100000000000000]
acc_58                 (fadd             ) [ 001100000000000000000000000000000000000000000000000000000000000000000000000000000000000000000000000000000000000000000000000000000011000000000000]
acc_59                 (fadd             ) [ 000011000000000000000000000000000000000000000000000000000000000000000000000000000000000000000000000000000000000000000000000000000000110000000000]
acc_60                 (fadd             ) [ 000000110000000000000000000000000000000000000000000000000000000000000000000000000000000000000000000000000000000000000000000000000000001100000000]
acc_61                 (fadd             ) [ 000000001100000000000000000000000000000000000000000000000000000000000000000000000000000000000000000000000000000000000000000000000000000011000000]
acc_62                 (fadd             ) [ 000000000011000000000000000000000000000000000000000000000000000000000000000000000000000000000000000000000000000000000000000000000000000000110000]
acc_63                 (fadd             ) [ 000000000000110000000000000000000000000000000000000000000000000000000000000000000000000000000000000000000000000000000000000000000000000000001100]
specpipeline_ln92      (specpipeline     ) [ 000000000000000000000000000000000000000000000000000000000000000000000000000000000000000000000000000000000000000000000000000000000000000000000000]
speclooptripcount_ln92 (speclooptripcount) [ 000000000000000000000000000000000000000000000000000000000000000000000000000000000000000000000000000000000000000000000000000000000000000000000000]
specloopname_ln94      (specloopname     ) [ 000000000000000000000000000000000000000000000000000000000000000000000000000000000000000000000000000000000000000000000000000000000000000000000000]
logits_1               (fadd             ) [ 000000000000001000000000000000000000000000000000000000000000000000000000000000000000000000000000000000000000000000000000000000000000000000000010]
store_ln98             (store            ) [ 000000000000000000000000000000000000000000000000000000000000000000000000000000000000000000000000000000000000000000000000000000000000000000000000]
br_ln101               (br               ) [ 000000000000000000000000000000000000000000000000000000000000000000000000000000000000000000000000000000000000000000000000000000000000000000000000]
store_ln98             (store            ) [ 000000000000000000000000000000000000000000000000000000000000000000000000000000000000000000000000000000000000000000000000000000000000000000000000]
br_ln101               (br               ) [ 000000000000000000000000000000000000000000000000000000000000000000000000000000000000000000000000000000000000000000000000000000000000000000000000]
store_ln98             (store            ) [ 000000000000000000000000000000000000000000000000000000000000000000000000000000000000000000000000000000000000000000000000000000000000000000000000]
br_ln101               (br               ) [ 000000000000000000000000000000000000000000000000000000000000000000000000000000000000000000000000000000000000000000000000000000000000000000000000]
store_ln98             (store            ) [ 000000000000000000000000000000000000000000000000000000000000000000000000000000000000000000000000000000000000000000000000000000000000000000000000]
br_ln101               (br               ) [ 000000000000000000000000000000000000000000000000000000000000000000000000000000000000000000000000000000000000000000000000000000000000000000000000]
max_logit_load_1       (load             ) [ 000000000000000000000000000000000000000000000000000000000000000000000000000000000000000000000000000000000000000000000000000000000000000000000000]
bitcast_ln103          (bitcast          ) [ 000000000000000000000000000000000000000000000000000000000000000000000000000000000000000000000000000000000000000000000000000000000000000000000000]
tmp_1                  (partselect       ) [ 000000000000000000000000000000000000000000000000000000000000000000000000000000000000000000000000000000000000000000000000000000000000000000000000]
trunc_ln103            (trunc            ) [ 000000000000000000000000000000000000000000000000000000000000000000000000000000000000000000000000000000000000000000000000000000000000000000000000]
bitcast_ln103_1        (bitcast          ) [ 000000000000000000000000000000000000000000000000000000000000000000000000000000000000000000000000000000000000000000000000000000000000000000000000]
tmp_2                  (partselect       ) [ 000000000000000000000000000000000000000000000000000000000000000000000000000000000000000000000000000000000000000000000000000000000000000000000000]
trunc_ln103_1          (trunc            ) [ 000000000000000000000000000000000000000000000000000000000000000000000000000000000000000000000000000000000000000000000000000000000000000000000000]
icmp_ln103             (icmp             ) [ 000000000000000000000000000000000000000000000000000000000000000000000000000000000000000000000000000000000000000000000000000000000000000000000000]
icmp_ln103_1           (icmp             ) [ 000000000000000000000000000000000000000000000000000000000000000000000000000000000000000000000000000000000000000000000000000000000000000000000000]
or_ln103               (or               ) [ 000000000000000000000000000000000000000000000000000000000000000000000000000000000000000000000000000000000000000000000000000000000000000000000000]
icmp_ln103_2           (icmp             ) [ 000000000000000000000000000000000000000000000000000000000000000000000000000000000000000000000000000000000000000000000000000000000000000000000000]
icmp_ln103_3           (icmp             ) [ 000000000000000000000000000000000000000000000000000000000000000000000000000000000000000000000000000000000000000000000000000000000000000000000000]
or_ln103_1             (or               ) [ 000000000000000000000000000000000000000000000000000000000000000000000000000000000000000000000000000000000000000000000000000000000000000000000000]
tmp_3                  (fcmp             ) [ 000000000000000000000000000000000000000000000000000000000000000000000000000000000000000000000000000000000000000000000000000000000000000000000000]
and_ln103              (and              ) [ 000000000000000000000000000000000000000000000000000000000000000000000000000000000000000000000000000000000000000000000000000000000000000000000000]
and_ln103_1            (and              ) [ 000000000000000000000000000000000000000000000000000000000000000000000000000000000000000000000000000000000000000000000000000000000000000000000000]
max_logit_1            (select           ) [ 000000000000000100000000000000000000000000000000000000000000000000000000000000000000000000000000000000000000000000000000000000000000000000000001]
store_ln92             (store            ) [ 000000000000000000000000000000000000000000000000000000000000000000000000000000000000000000000000000000000000000000000000000000000000000000000000]
br_ln94                (br               ) [ 000000000000000000000000000000000000000000000000000000000000000000000000000000000000000000000000000000000000000000000000000000000000000000000000]
max_logit_load         (load             ) [ 000000000000000000000000000000000000000000000000000000000000000000000000000000000000000000000000000000000000000000000000000000000000000000000000]
logits_0_1_load        (load             ) [ 000000000000000000000000000000000000000000000000000000000000000000000000000000000000000000000000000000000000000000000000000000000000000000000000]
logits_1_1_load        (load             ) [ 000000000000000000000000000000000000000000000000000000000000000000000000000000000000000000000000000000000000000000000000000000000000000000000000]
logits_2_1_load        (load             ) [ 000000000000000000000000000000000000000000000000000000000000000000000000000000000000000000000000000000000000000000000000000000000000000000000000]
logits_3_1_load        (load             ) [ 000000000000000000000000000000000000000000000000000000000000000000000000000000000000000000000000000000000000000000000000000000000000000000000000]
write_ln0              (write            ) [ 000000000000000000000000000000000000000000000000000000000000000000000000000000000000000000000000000000000000000000000000000000000000000000000000]
write_ln0              (write            ) [ 000000000000000000000000000000000000000000000000000000000000000000000000000000000000000000000000000000000000000000000000000000000000000000000000]
write_ln0              (write            ) [ 000000000000000000000000000000000000000000000000000000000000000000000000000000000000000000000000000000000000000000000000000000000000000000000000]
write_ln0              (write            ) [ 000000000000000000000000000000000000000000000000000000000000000000000000000000000000000000000000000000000000000000000000000000000000000000000000]
write_ln0              (write            ) [ 000000000000000000000000000000000000000000000000000000000000000000000000000000000000000000000000000000000000000000000000000000000000000000000000]
ret_ln0                (ret              ) [ 000000000000000000000000000000000000000000000000000000000000000000000000000000000000000000000000000000000000000000000000000000000000000000000000]
</LifeTime>

<model>

<comp_list>
<comp id="0" class="1000" name="logits_3_04">
<pin_list>
<pin id="1" dir="1" index="0" bw="1" slack="0"/>
</pin_list>
<bind>
<StgValue><ssdm name="logits_3_04"/></StgValue>
</bind>
</comp>

<comp id="2" class="1000" name="logits_2_03">
<pin_list>
<pin id="3" dir="1" index="0" bw="1" slack="0"/>
</pin_list>
<bind>
<StgValue><ssdm name="logits_2_03"/></StgValue>
</bind>
</comp>

<comp id="4" class="1000" name="logits_1_02">
<pin_list>
<pin id="5" dir="1" index="0" bw="1" slack="0"/>
</pin_list>
<bind>
<StgValue><ssdm name="logits_1_02"/></StgValue>
</bind>
</comp>

<comp id="6" class="1000" name="logits_0_01">
<pin_list>
<pin id="7" dir="1" index="0" bw="1" slack="0"/>
</pin_list>
<bind>
<StgValue><ssdm name="logits_0_01"/></StgValue>
</bind>
</comp>

<comp id="8" class="1000" name="gmem2">
<pin_list>
<pin id="9" dir="1" index="0" bw="1" slack="0"/>
</pin_list>
<bind>
<StgValue><ssdm name="gmem2"/></StgValue>
</bind>
</comp>

<comp id="10" class="1000" name="gmem1">
<pin_list>
<pin id="11" dir="1" index="0" bw="1" slack="0"/>
</pin_list>
<bind>
<StgValue><ssdm name="gmem1"/></StgValue>
</bind>
</comp>

<comp id="12" class="1000" name="gmem0">
<pin_list>
<pin id="13" dir="1" index="0" bw="1" slack="0"/>
</pin_list>
<bind>
<StgValue><ssdm name="gmem0"/></StgValue>
</bind>
</comp>

<comp id="14" class="1000" name="sext_ln94_1">
<pin_list>
<pin id="15" dir="1" index="0" bw="1" slack="0"/>
</pin_list>
<bind>
<StgValue><ssdm name="sext_ln94_1"/></StgValue>
</bind>
</comp>

<comp id="16" class="1000" name="sext_ln94">
<pin_list>
<pin id="17" dir="1" index="0" bw="1" slack="0"/>
</pin_list>
<bind>
<StgValue><ssdm name="sext_ln94"/></StgValue>
</bind>
</comp>

<comp id="18" class="1000" name="empty">
<pin_list>
<pin id="19" dir="1" index="0" bw="1" slack="0"/>
</pin_list>
<bind>
<StgValue><ssdm name="empty"/></StgValue>
</bind>
</comp>

<comp id="20" class="1000" name="logits_3_1_out">
<pin_list>
<pin id="21" dir="1" index="0" bw="1" slack="0"/>
</pin_list>
<bind>
<StgValue><ssdm name="logits_3_1_out"/></StgValue>
</bind>
</comp>

<comp id="22" class="1000" name="logits_2_1_out">
<pin_list>
<pin id="23" dir="1" index="0" bw="1" slack="0"/>
</pin_list>
<bind>
<StgValue><ssdm name="logits_2_1_out"/></StgValue>
</bind>
</comp>

<comp id="24" class="1000" name="logits_1_1_out">
<pin_list>
<pin id="25" dir="1" index="0" bw="1" slack="0"/>
</pin_list>
<bind>
<StgValue><ssdm name="logits_1_1_out"/></StgValue>
</bind>
</comp>

<comp id="26" class="1000" name="logits_0_1_out">
<pin_list>
<pin id="27" dir="1" index="0" bw="1" slack="0"/>
</pin_list>
<bind>
<StgValue><ssdm name="logits_0_1_out"/></StgValue>
</bind>
</comp>

<comp id="28" class="1000" name="max_logit_out">
<pin_list>
<pin id="29" dir="1" index="0" bw="1" slack="0"/>
</pin_list>
<bind>
<StgValue><ssdm name="max_logit_out"/></StgValue>
</bind>
</comp>

<comp id="30" class="1001" name="const_30">
<pin_list>
<pin id="31" dir="1" index="0" bw="1" slack="0"/>
</pin_list>
<bind>
<StgValue><ssdm name=""/></StgValue>
</bind>
</comp>

<comp id="32" class="1001" name="const_32">
<pin_list>
<pin id="33" dir="1" index="0" bw="1" slack="0"/>
</pin_list>
<bind>
<StgValue><ssdm name="_ssdm_op_Read.ap_auto.i64"/></StgValue>
</bind>
</comp>

<comp id="34" class="1001" name="const_34">
<pin_list>
<pin id="35" dir="1" index="0" bw="1" slack="0"/>
</pin_list>
<bind>
<StgValue><ssdm name="_ssdm_op_Read.ap_auto.i62"/></StgValue>
</bind>
</comp>

<comp id="36" class="1001" name="const_36">
<pin_list>
<pin id="37" dir="1" index="0" bw="1" slack="0"/>
</pin_list>
<bind>
<StgValue><ssdm name="_ssdm_op_Read.ap_auto.float"/></StgValue>
</bind>
</comp>

<comp id="38" class="1001" name="const_38">
<pin_list>
<pin id="39" dir="1" index="0" bw="1" slack="2147483647"/>
</pin_list>
<bind>
<StgValue><ssdm name="_ssdm_op_SpecInterface"/></StgValue>
</bind>
</comp>

<comp id="40" class="1001" name="const_40">
<pin_list>
<pin id="41" dir="1" index="0" bw="1" slack="2147483647"/>
</pin_list>
<bind>
<StgValue><ssdm name="empty_17"/></StgValue>
</bind>
</comp>

<comp id="42" class="1001" name="const_42">
<pin_list>
<pin id="43" dir="1" index="0" bw="1" slack="2147483647"/>
</pin_list>
<bind>
<StgValue><ssdm name=""/></StgValue>
</bind>
</comp>

<comp id="44" class="1001" name="const_44">
<pin_list>
<pin id="45" dir="1" index="0" bw="1" slack="2147483647"/>
</pin_list>
<bind>
<StgValue><ssdm name="empty_32"/></StgValue>
</bind>
</comp>

<comp id="46" class="1001" name="const_46">
<pin_list>
<pin id="47" dir="1" index="0" bw="1" slack="2147483647"/>
</pin_list>
<bind>
<StgValue><ssdm name="empty_2"/></StgValue>
</bind>
</comp>

<comp id="48" class="1001" name="const_48">
<pin_list>
<pin id="49" dir="1" index="0" bw="1" slack="2147483647"/>
</pin_list>
<bind>
<StgValue><ssdm name="empty_31"/></StgValue>
</bind>
</comp>

<comp id="50" class="1001" name="const_50">
<pin_list>
<pin id="51" dir="1" index="0" bw="1" slack="2147483647"/>
</pin_list>
<bind>
<StgValue><ssdm name=""/></StgValue>
</bind>
</comp>

<comp id="52" class="1001" name="const_52">
<pin_list>
<pin id="53" dir="1" index="0" bw="1" slack="2147483647"/>
</pin_list>
<bind>
<StgValue><ssdm name=""/></StgValue>
</bind>
</comp>

<comp id="54" class="1001" name="const_54">
<pin_list>
<pin id="55" dir="1" index="0" bw="1" slack="2147483647"/>
</pin_list>
<bind>
<StgValue><ssdm name="empty_1"/></StgValue>
</bind>
</comp>

<comp id="56" class="1001" name="const_56">
<pin_list>
<pin id="57" dir="1" index="0" bw="1" slack="2147483647"/>
</pin_list>
<bind>
<StgValue><ssdm name="empty"/></StgValue>
</bind>
</comp>

<comp id="58" class="1001" name="const_58">
<pin_list>
<pin id="59" dir="1" index="0" bw="1" slack="0"/>
</pin_list>
<bind>
<StgValue><ssdm name=""/></StgValue>
</bind>
</comp>

<comp id="60" class="1001" name="const_60">
<pin_list>
<pin id="61" dir="1" index="0" bw="1" slack="0"/>
</pin_list>
<bind>
<StgValue><ssdm name=""/></StgValue>
</bind>
</comp>

<comp id="62" class="1001" name="const_62">
<pin_list>
<pin id="63" dir="1" index="0" bw="1" slack="2147483647"/>
</pin_list>
<bind>
<StgValue><ssdm name="_ssdm_op_SpecBitsMap"/></StgValue>
</bind>
</comp>

<comp id="64" class="1001" name="const_64">
<pin_list>
<pin id="65" dir="1" index="0" bw="1" slack="0"/>
</pin_list>
<bind>
<StgValue><ssdm name=""/></StgValue>
</bind>
</comp>

<comp id="66" class="1001" name="const_66">
<pin_list>
<pin id="67" dir="1" index="0" bw="1" slack="0"/>
</pin_list>
<bind>
<StgValue><ssdm name=""/></StgValue>
</bind>
</comp>

<comp id="68" class="1001" name="const_68">
<pin_list>
<pin id="69" dir="1" index="0" bw="1" slack="2147483647"/>
</pin_list>
<bind>
<StgValue><ssdm name=""/></StgValue>
</bind>
</comp>

<comp id="70" class="1001" name="const_70">
<pin_list>
<pin id="71" dir="1" index="0" bw="1" slack="2147483647"/>
</pin_list>
<bind>
<StgValue><ssdm name=""/></StgValue>
</bind>
</comp>

<comp id="72" class="1001" name="const_72">
<pin_list>
<pin id="73" dir="1" index="0" bw="1" slack="2147483647"/>
</pin_list>
<bind>
<StgValue><ssdm name=""/></StgValue>
</bind>
</comp>

<comp id="74" class="1001" name="const_74">
<pin_list>
<pin id="75" dir="1" index="0" bw="1" slack="0"/>
</pin_list>
<bind>
<StgValue><ssdm name="_ssdm_op_Read.m_axi.p1i32"/></StgValue>
</bind>
</comp>

<comp id="76" class="1001" name="const_76">
<pin_list>
<pin id="77" dir="1" index="0" bw="1" slack="0"/>
</pin_list>
<bind>
<StgValue><ssdm name="_ssdm_op_PartSelect.i62.i64.i32.i32"/></StgValue>
</bind>
</comp>

<comp id="78" class="1001" name="const_78">
<pin_list>
<pin id="79" dir="1" index="0" bw="1" slack="0"/>
</pin_list>
<bind>
<StgValue><ssdm name=""/></StgValue>
</bind>
</comp>

<comp id="80" class="1001" name="const_80">
<pin_list>
<pin id="81" dir="1" index="0" bw="1" slack="0"/>
</pin_list>
<bind>
<StgValue><ssdm name=""/></StgValue>
</bind>
</comp>

<comp id="82" class="1001" name="const_82">
<pin_list>
<pin id="83" dir="1" index="0" bw="1" slack="0"/>
</pin_list>
<bind>
<StgValue><ssdm name="_ssdm_op_ReadReq.m_axi.p1i32"/></StgValue>
</bind>
</comp>

<comp id="84" class="1001" name="const_84">
<pin_list>
<pin id="85" dir="1" index="0" bw="1" slack="0"/>
</pin_list>
<bind>
<StgValue><ssdm name=""/></StgValue>
</bind>
</comp>

<comp id="86" class="1001" name="const_86">
<pin_list>
<pin id="87" dir="1" index="0" bw="1" slack="2147483647"/>
</pin_list>
<bind>
<StgValue><ssdm name="_ssdm_op_SpecPipeline"/></StgValue>
</bind>
</comp>

<comp id="88" class="1001" name="const_88">
<pin_list>
<pin id="89" dir="1" index="0" bw="1" slack="2147483647"/>
</pin_list>
<bind>
<StgValue><ssdm name="_ssdm_op_SpecLoopTripCount"/></StgValue>
</bind>
</comp>

<comp id="90" class="1001" name="const_90">
<pin_list>
<pin id="91" dir="1" index="0" bw="1" slack="2147483647"/>
</pin_list>
<bind>
<StgValue><ssdm name=""/></StgValue>
</bind>
</comp>

<comp id="92" class="1001" name="const_92">
<pin_list>
<pin id="93" dir="1" index="0" bw="1" slack="2147483647"/>
</pin_list>
<bind>
<StgValue><ssdm name="_ssdm_op_SpecLoopName"/></StgValue>
</bind>
</comp>

<comp id="94" class="1001" name="const_94">
<pin_list>
<pin id="95" dir="1" index="0" bw="1" slack="2147483647"/>
</pin_list>
<bind>
<StgValue><ssdm name="empty_16"/></StgValue>
</bind>
</comp>

<comp id="96" class="1001" name="const_96">
<pin_list>
<pin id="97" dir="1" index="0" bw="1" slack="0"/>
</pin_list>
<bind>
<StgValue><ssdm name="_ssdm_op_PartSelect.i8.i32.i32.i32"/></StgValue>
</bind>
</comp>

<comp id="98" class="1001" name="const_98">
<pin_list>
<pin id="99" dir="1" index="0" bw="1" slack="0"/>
</pin_list>
<bind>
<StgValue><ssdm name=""/></StgValue>
</bind>
</comp>

<comp id="100" class="1001" name="const_100">
<pin_list>
<pin id="101" dir="1" index="0" bw="1" slack="0"/>
</pin_list>
<bind>
<StgValue><ssdm name=""/></StgValue>
</bind>
</comp>

<comp id="102" class="1001" name="const_102">
<pin_list>
<pin id="103" dir="1" index="0" bw="1" slack="0"/>
</pin_list>
<bind>
<StgValue><ssdm name=""/></StgValue>
</bind>
</comp>

<comp id="104" class="1001" name="const_104">
<pin_list>
<pin id="105" dir="1" index="0" bw="1" slack="0"/>
</pin_list>
<bind>
<StgValue><ssdm name=""/></StgValue>
</bind>
</comp>

<comp id="106" class="1001" name="const_106">
<pin_list>
<pin id="107" dir="1" index="0" bw="1" slack="0"/>
</pin_list>
<bind>
<StgValue><ssdm name="_ssdm_op_Write.ap_auto.floatP0A"/></StgValue>
</bind>
</comp>

<comp id="108" class="1004" name="max_logit_fu_108">
<pin_list>
<pin id="109" dir="0" index="0" bw="1" slack="0"/>
<pin id="110" dir="1" index="1" bw="32" slack="0"/>
</pin_list>
<bind>
<opcode="alloca(26) " fcode="alloca"/>
<opset="max_logit/1 "/>
</bind>
</comp>

<comp id="112" class="1004" name="e_fu_112">
<pin_list>
<pin id="113" dir="0" index="0" bw="1" slack="0"/>
<pin id="114" dir="1" index="1" bw="3" slack="0"/>
</pin_list>
<bind>
<opcode="alloca(26) " fcode="alloca"/>
<opset="e/1 "/>
</bind>
</comp>

<comp id="116" class="1004" name="logits_0_1_fu_116">
<pin_list>
<pin id="117" dir="0" index="0" bw="1" slack="0"/>
<pin id="118" dir="1" index="1" bw="32" slack="0"/>
</pin_list>
<bind>
<opcode="alloca(26) " fcode="alloca"/>
<opset="logits_0_1/1 "/>
</bind>
</comp>

<comp id="120" class="1004" name="logits_1_1_fu_120">
<pin_list>
<pin id="121" dir="0" index="0" bw="1" slack="0"/>
<pin id="122" dir="1" index="1" bw="32" slack="0"/>
</pin_list>
<bind>
<opcode="alloca(26) " fcode="alloca"/>
<opset="logits_1_1/1 "/>
</bind>
</comp>

<comp id="124" class="1004" name="logits_2_1_fu_124">
<pin_list>
<pin id="125" dir="0" index="0" bw="1" slack="0"/>
<pin id="126" dir="1" index="1" bw="32" slack="0"/>
</pin_list>
<bind>
<opcode="alloca(26) " fcode="alloca"/>
<opset="logits_2_1/1 "/>
</bind>
</comp>

<comp id="128" class="1004" name="logits_3_1_fu_128">
<pin_list>
<pin id="129" dir="0" index="0" bw="1" slack="0"/>
<pin id="130" dir="1" index="1" bw="32" slack="0"/>
</pin_list>
<bind>
<opcode="alloca(26) " fcode="alloca"/>
<opset="logits_3_1/1 "/>
</bind>
</comp>

<comp id="132" class="1004" name="tmp_read_fu_132">
<pin_list>
<pin id="133" dir="0" index="0" bw="64" slack="0"/>
<pin id="134" dir="0" index="1" bw="64" slack="0"/>
<pin id="135" dir="1" index="2" bw="64" slack="1"/>
</pin_list>
<bind>
<opcode="read(1150) " fcode="read"/>
<opset="tmp/1 "/>
</bind>
</comp>

<comp id="138" class="1004" name="sext_ln94_read_read_fu_138">
<pin_list>
<pin id="139" dir="0" index="0" bw="62" slack="0"/>
<pin id="140" dir="0" index="1" bw="62" slack="0"/>
<pin id="141" dir="1" index="2" bw="62" slack="0"/>
</pin_list>
<bind>
<opcode="read(1150) " fcode="read"/>
<opset="sext_ln94_read/1 "/>
</bind>
</comp>

<comp id="144" class="1004" name="sext_ln94_1_read_read_fu_144">
<pin_list>
<pin id="145" dir="0" index="0" bw="62" slack="0"/>
<pin id="146" dir="0" index="1" bw="62" slack="0"/>
<pin id="147" dir="1" index="2" bw="62" slack="0"/>
</pin_list>
<bind>
<opcode="read(1150) " fcode="read"/>
<opset="sext_ln94_1_read/1 "/>
</bind>
</comp>

<comp id="150" class="1004" name="logits_0_01_read_read_fu_150">
<pin_list>
<pin id="151" dir="0" index="0" bw="32" slack="0"/>
<pin id="152" dir="0" index="1" bw="32" slack="0"/>
<pin id="153" dir="1" index="2" bw="32" slack="0"/>
</pin_list>
<bind>
<opcode="read(1150) " fcode="read"/>
<opset="logits_0_01_read/1 "/>
</bind>
</comp>

<comp id="156" class="1004" name="logits_1_02_read_read_fu_156">
<pin_list>
<pin id="157" dir="0" index="0" bw="32" slack="0"/>
<pin id="158" dir="0" index="1" bw="32" slack="0"/>
<pin id="159" dir="1" index="2" bw="32" slack="0"/>
</pin_list>
<bind>
<opcode="read(1150) " fcode="read"/>
<opset="logits_1_02_read/1 "/>
</bind>
</comp>

<comp id="162" class="1004" name="logits_2_03_read_read_fu_162">
<pin_list>
<pin id="163" dir="0" index="0" bw="32" slack="0"/>
<pin id="164" dir="0" index="1" bw="32" slack="0"/>
<pin id="165" dir="1" index="2" bw="32" slack="0"/>
</pin_list>
<bind>
<opcode="read(1150) " fcode="read"/>
<opset="logits_2_03_read/1 "/>
</bind>
</comp>

<comp id="168" class="1004" name="logits_3_04_read_read_fu_168">
<pin_list>
<pin id="169" dir="0" index="0" bw="32" slack="0"/>
<pin id="170" dir="0" index="1" bw="32" slack="0"/>
<pin id="171" dir="1" index="2" bw="32" slack="0"/>
</pin_list>
<bind>
<opcode="read(1150) " fcode="read"/>
<opset="logits_3_04_read/1 "/>
</bind>
</comp>

<comp id="174" class="1004" name="gmem2_addr_read_read_fu_174">
<pin_list>
<pin id="175" dir="0" index="0" bw="32" slack="0"/>
<pin id="176" dir="0" index="1" bw="32" slack="0"/>
<pin id="177" dir="1" index="2" bw="32" slack="11"/>
</pin_list>
<bind>
<opcode="read(1150) " fcode="read"/>
<opset="gmem2_addr_read/2 "/>
</bind>
</comp>

<comp id="179" class="1004" name="grp_readreq_fu_179">
<pin_list>
<pin id="180" dir="0" index="0" bw="1" slack="0"/>
<pin id="181" dir="0" index="1" bw="32" slack="0"/>
<pin id="182" dir="0" index="2" bw="8" slack="0"/>
<pin id="183" dir="1" index="3" bw="1" slack="2147483647"/>
</pin_list>
<bind>
<opcode="readreq(1154) " fcode="readreq"/>
<opset="empty_50/2 "/>
</bind>
</comp>

<comp id="186" class="1004" name="grp_read_fu_186">
<pin_list>
<pin id="187" dir="0" index="0" bw="32" slack="0"/>
<pin id="188" dir="0" index="1" bw="32" slack="0"/>
<pin id="189" dir="1" index="2" bw="32" slack="9"/>
</pin_list>
<bind>
<opcode="read(1150) " fcode="read"/>
<opset="gmem1_addr_read/2 gmem1_addr_read_1/3 gmem1_addr_read_2/4 gmem1_addr_read_3/5 gmem1_addr_read_4/6 gmem1_addr_read_5/7 gmem1_addr_read_6/8 gmem1_addr_read_7/9 gmem1_addr_read_8/10 gmem1_addr_read_9/11 gmem1_addr_read_10/12 gmem1_addr_read_11/13 gmem1_addr_read_12/14 gmem1_addr_read_13/15 gmem1_addr_read_14/16 gmem1_addr_read_15/17 gmem1_addr_read_16/18 gmem1_addr_read_17/19 gmem1_addr_read_18/20 gmem1_addr_read_19/21 gmem1_addr_read_20/22 gmem1_addr_read_21/23 gmem1_addr_read_22/24 gmem1_addr_read_23/25 gmem1_addr_read_24/26 gmem1_addr_read_25/27 gmem1_addr_read_26/28 gmem1_addr_read_27/29 gmem1_addr_read_28/30 gmem1_addr_read_29/31 gmem1_addr_read_30/32 gmem1_addr_read_31/33 gmem1_addr_read_32/34 gmem1_addr_read_33/35 gmem1_addr_read_34/36 gmem1_addr_read_35/37 gmem1_addr_read_36/38 gmem1_addr_read_37/39 gmem1_addr_read_38/40 gmem1_addr_read_39/41 gmem1_addr_read_40/42 gmem1_addr_read_41/43 gmem1_addr_read_42/44 gmem1_addr_read_43/45 gmem1_addr_read_44/46 gmem1_addr_read_45/47 gmem1_addr_read_46/48 gmem1_addr_read_47/49 gmem1_addr_read_48/50 gmem1_addr_read_49/51 gmem1_addr_read_50/52 gmem1_addr_read_51/53 gmem1_addr_read_52/54 gmem1_addr_read_53/55 gmem1_addr_read_54/56 gmem1_addr_read_55/57 gmem1_addr_read_56/58 gmem1_addr_read_57/59 gmem1_addr_read_58/60 gmem1_addr_read_59/61 gmem1_addr_read_60/62 gmem1_addr_read_61/63 gmem1_addr_read_62/64 gmem1_addr_read_63/65 "/>
</bind>
</comp>

<comp id="191" class="1004" name="grp_read_fu_191">
<pin_list>
<pin id="192" dir="0" index="0" bw="32" slack="0"/>
<pin id="193" dir="0" index="1" bw="32" slack="8"/>
<pin id="194" dir="1" index="2" bw="32" slack="1"/>
</pin_list>
<bind>
<opcode="read(1150) " fcode="read"/>
<opset="gmem0_addr_read/10 gmem0_addr_read_1/11 gmem0_addr_read_2/12 gmem0_addr_read_3/13 gmem0_addr_read_4/14 gmem0_addr_read_5/15 gmem0_addr_read_6/16 gmem0_addr_read_7/17 gmem0_addr_read_8/18 gmem0_addr_read_9/19 gmem0_addr_read_10/20 gmem0_addr_read_11/21 gmem0_addr_read_12/22 gmem0_addr_read_13/23 gmem0_addr_read_14/24 gmem0_addr_read_15/25 gmem0_addr_read_16/26 gmem0_addr_read_17/27 gmem0_addr_read_18/28 gmem0_addr_read_19/29 gmem0_addr_read_20/30 gmem0_addr_read_21/31 gmem0_addr_read_22/32 gmem0_addr_read_23/33 gmem0_addr_read_24/34 gmem0_addr_read_25/35 gmem0_addr_read_26/36 gmem0_addr_read_27/37 gmem0_addr_read_28/38 gmem0_addr_read_29/39 gmem0_addr_read_30/40 gmem0_addr_read_31/41 gmem0_addr_read_32/42 gmem0_addr_read_33/43 gmem0_addr_read_34/44 gmem0_addr_read_35/45 gmem0_addr_read_36/46 gmem0_addr_read_37/47 gmem0_addr_read_38/48 gmem0_addr_read_39/49 gmem0_addr_read_40/50 gmem0_addr_read_41/51 gmem0_addr_read_42/52 gmem0_addr_read_43/53 gmem0_addr_read_44/54 gmem0_addr_read_45/55 gmem0_addr_read_46/56 gmem0_addr_read_47/57 gmem0_addr_read_48/58 gmem0_addr_read_49/59 gmem0_addr_read_50/60 gmem0_addr_read_51/61 gmem0_addr_read_52/62 gmem0_addr_read_53/63 gmem0_addr_read_54/64 gmem0_addr_read_55/65 gmem0_addr_read_56/66 gmem0_addr_read_57/67 gmem0_addr_read_58/68 gmem0_addr_read_59/69 gmem0_addr_read_60/70 gmem0_addr_read_61/71 gmem0_addr_read_62/72 gmem0_addr_read_63/73 "/>
</bind>
</comp>

<comp id="196" class="1004" name="write_ln0_write_fu_196">
<pin_list>
<pin id="197" dir="0" index="0" bw="0" slack="0"/>
<pin id="198" dir="0" index="1" bw="32" slack="0"/>
<pin id="199" dir="0" index="2" bw="32" slack="0"/>
<pin id="200" dir="1" index="3" bw="0" slack="2147483647"/>
</pin_list>
<bind>
<opcode="write(1151) " fcode="write"/>
<opset="write_ln0/79 "/>
</bind>
</comp>

<comp id="203" class="1004" name="write_ln0_write_fu_203">
<pin_list>
<pin id="204" dir="0" index="0" bw="0" slack="0"/>
<pin id="205" dir="0" index="1" bw="32" slack="0"/>
<pin id="206" dir="0" index="2" bw="32" slack="0"/>
<pin id="207" dir="1" index="3" bw="0" slack="2147483647"/>
</pin_list>
<bind>
<opcode="write(1151) " fcode="write"/>
<opset="write_ln0/79 "/>
</bind>
</comp>

<comp id="210" class="1004" name="write_ln0_write_fu_210">
<pin_list>
<pin id="211" dir="0" index="0" bw="0" slack="0"/>
<pin id="212" dir="0" index="1" bw="32" slack="0"/>
<pin id="213" dir="0" index="2" bw="32" slack="0"/>
<pin id="214" dir="1" index="3" bw="0" slack="2147483647"/>
</pin_list>
<bind>
<opcode="write(1151) " fcode="write"/>
<opset="write_ln0/79 "/>
</bind>
</comp>

<comp id="217" class="1004" name="write_ln0_write_fu_217">
<pin_list>
<pin id="218" dir="0" index="0" bw="0" slack="0"/>
<pin id="219" dir="0" index="1" bw="32" slack="0"/>
<pin id="220" dir="0" index="2" bw="32" slack="0"/>
<pin id="221" dir="1" index="3" bw="0" slack="2147483647"/>
</pin_list>
<bind>
<opcode="write(1151) " fcode="write"/>
<opset="write_ln0/79 "/>
</bind>
</comp>

<comp id="224" class="1004" name="write_ln0_write_fu_224">
<pin_list>
<pin id="225" dir="0" index="0" bw="0" slack="0"/>
<pin id="226" dir="0" index="1" bw="32" slack="0"/>
<pin id="227" dir="0" index="2" bw="32" slack="0"/>
<pin id="228" dir="1" index="3" bw="0" slack="2147483647"/>
</pin_list>
<bind>
<opcode="write(1151) " fcode="write"/>
<opset="write_ln0/79 "/>
</bind>
</comp>

<comp id="231" class="1004" name="grp_fu_231">
<pin_list>
<pin id="232" dir="0" index="0" bw="32" slack="0"/>
<pin id="233" dir="0" index="1" bw="32" slack="1"/>
<pin id="234" dir="1" index="2" bw="32" slack="0"/>
</pin_list>
<bind>
<opcode="fadd(9) " fcode="fadd"/>
<opset="acc_1/13 acc_2/15 acc_3/17 acc_4/19 acc_5/21 acc_6/23 acc_7/25 acc_8/27 acc_9/29 acc_10/31 acc_11/33 acc_12/35 acc_13/37 acc_14/39 acc_15/41 acc_16/43 acc_17/45 acc_18/47 acc_19/49 acc_20/51 acc_21/53 acc_22/55 acc_23/57 acc_24/59 acc_25/61 acc_26/63 acc_27/65 acc_28/67 acc_29/69 acc_30/71 acc_31/73 acc_32/75 acc_33/78 acc_34/80 acc_35/82 acc_36/84 acc_37/86 acc_38/88 acc_39/90 acc_40/92 acc_41/94 acc_42/96 acc_43/98 acc_44/100 acc_45/102 acc_46/104 acc_47/106 acc_48/108 acc_49/110 acc_50/112 acc_51/114 acc_52/116 acc_53/118 acc_54/120 acc_55/122 acc_56/124 acc_57/126 acc_58/128 acc_59/130 acc_60/132 acc_61/134 acc_62/136 acc_63/138 logits_1/140 "/>
</bind>
</comp>

<comp id="235" class="1004" name="grp_fu_235">
<pin_list>
<pin id="236" dir="0" index="0" bw="32" slack="0"/>
<pin id="237" dir="0" index="1" bw="32" slack="0"/>
<pin id="238" dir="1" index="2" bw="32" slack="1"/>
</pin_list>
<bind>
<opcode="fmul(13) " fcode="fmul"/>
<opset="mul/11 mul15_1/12 mul15_2/13 mul15_3/14 mul15_4/15 mul15_5/16 mul15_6/17 mul15_7/18 mul15_8/19 mul15_9/20 mul15_s/21 mul15_10/22 mul15_11/23 mul15_12/24 mul15_13/25 mul15_14/26 mul15_15/27 mul15_16/28 mul15_17/29 mul15_18/30 mul15_19/31 mul15_20/32 mul15_21/33 mul15_22/34 mul15_23/35 mul15_24/36 mul15_25/37 mul15_26/38 mul15_27/39 mul15_28/40 mul15_29/41 mul15_30/42 mul15_31/43 mul15_32/44 mul15_33/45 mul15_34/46 mul15_35/47 mul15_36/48 mul15_37/49 mul15_38/50 mul15_39/51 mul15_40/52 mul15_41/53 mul15_42/54 mul15_43/55 mul15_44/56 mul15_45/57 mul15_46/58 mul15_47/59 mul15_48/60 mul15_49/61 mul15_50/62 mul15_51/63 mul15_52/64 mul15_53/65 mul15_54/66 mul15_55/67 mul15_56/68 mul15_57/69 mul15_58/70 mul15_59/71 mul15_60/72 mul15_61/73 mul15_62/74 "/>
</bind>
</comp>

<comp id="239" class="1004" name="tmp_3_fu_239">
<pin_list>
<pin id="240" dir="0" index="0" bw="32" slack="1"/>
<pin id="241" dir="0" index="1" bw="32" slack="0"/>
<pin id="242" dir="1" index="2" bw="1" slack="0"/>
</pin_list>
<bind>
<opcode="fcmp(46) " fcode="fcmp"/>
<opset="tmp_3/142 "/>
</bind>
</comp>

<comp id="243" class="1005" name="reg_243">
<pin_list>
<pin id="244" dir="0" index="0" bw="32" slack="9"/>
<pin id="245" dir="1" index="1" bw="32" slack="9"/>
</pin_list>
<bind>
<opset="gmem1_addr_read gmem1_addr_read_9 gmem1_addr_read_18 gmem1_addr_read_27 gmem1_addr_read_36 gmem1_addr_read_45 gmem1_addr_read_54 "/>
</bind>
</comp>

<comp id="247" class="1005" name="reg_247">
<pin_list>
<pin id="248" dir="0" index="0" bw="32" slack="9"/>
<pin id="249" dir="1" index="1" bw="32" slack="9"/>
</pin_list>
<bind>
<opset="gmem1_addr_read_1 gmem1_addr_read_10 gmem1_addr_read_19 gmem1_addr_read_28 gmem1_addr_read_37 gmem1_addr_read_46 gmem1_addr_read_55 "/>
</bind>
</comp>

<comp id="251" class="1005" name="reg_251">
<pin_list>
<pin id="252" dir="0" index="0" bw="32" slack="9"/>
<pin id="253" dir="1" index="1" bw="32" slack="9"/>
</pin_list>
<bind>
<opset="gmem1_addr_read_2 gmem1_addr_read_11 gmem1_addr_read_20 gmem1_addr_read_29 gmem1_addr_read_38 gmem1_addr_read_47 gmem1_addr_read_56 "/>
</bind>
</comp>

<comp id="255" class="1005" name="reg_255">
<pin_list>
<pin id="256" dir="0" index="0" bw="32" slack="9"/>
<pin id="257" dir="1" index="1" bw="32" slack="9"/>
</pin_list>
<bind>
<opset="gmem1_addr_read_3 gmem1_addr_read_12 gmem1_addr_read_21 gmem1_addr_read_30 gmem1_addr_read_39 gmem1_addr_read_48 gmem1_addr_read_57 "/>
</bind>
</comp>

<comp id="259" class="1005" name="reg_259">
<pin_list>
<pin id="260" dir="0" index="0" bw="32" slack="9"/>
<pin id="261" dir="1" index="1" bw="32" slack="9"/>
</pin_list>
<bind>
<opset="gmem1_addr_read_4 gmem1_addr_read_13 gmem1_addr_read_22 gmem1_addr_read_31 gmem1_addr_read_40 gmem1_addr_read_49 gmem1_addr_read_58 "/>
</bind>
</comp>

<comp id="263" class="1005" name="reg_263">
<pin_list>
<pin id="264" dir="0" index="0" bw="32" slack="9"/>
<pin id="265" dir="1" index="1" bw="32" slack="9"/>
</pin_list>
<bind>
<opset="gmem1_addr_read_5 gmem1_addr_read_14 gmem1_addr_read_23 gmem1_addr_read_32 gmem1_addr_read_41 gmem1_addr_read_50 gmem1_addr_read_59 "/>
</bind>
</comp>

<comp id="267" class="1005" name="reg_267">
<pin_list>
<pin id="268" dir="0" index="0" bw="32" slack="9"/>
<pin id="269" dir="1" index="1" bw="32" slack="9"/>
</pin_list>
<bind>
<opset="gmem1_addr_read_6 gmem1_addr_read_15 gmem1_addr_read_24 gmem1_addr_read_33 gmem1_addr_read_42 gmem1_addr_read_51 gmem1_addr_read_60 "/>
</bind>
</comp>

<comp id="271" class="1005" name="reg_271">
<pin_list>
<pin id="272" dir="0" index="0" bw="32" slack="9"/>
<pin id="273" dir="1" index="1" bw="32" slack="9"/>
</pin_list>
<bind>
<opset="gmem1_addr_read_7 gmem1_addr_read_16 gmem1_addr_read_25 gmem1_addr_read_34 gmem1_addr_read_43 gmem1_addr_read_52 gmem1_addr_read_61 "/>
</bind>
</comp>

<comp id="275" class="1005" name="reg_275">
<pin_list>
<pin id="276" dir="0" index="0" bw="32" slack="1"/>
<pin id="277" dir="1" index="1" bw="32" slack="1"/>
</pin_list>
<bind>
<opset="gmem0_addr_read gmem0_addr_read_1 gmem0_addr_read_2 gmem0_addr_read_3 gmem0_addr_read_4 gmem0_addr_read_5 gmem0_addr_read_6 gmem0_addr_read_7 gmem0_addr_read_8 gmem0_addr_read_9 gmem0_addr_read_10 gmem0_addr_read_11 gmem0_addr_read_12 gmem0_addr_read_13 gmem0_addr_read_14 gmem0_addr_read_15 gmem0_addr_read_16 gmem0_addr_read_17 gmem0_addr_read_18 gmem0_addr_read_19 gmem0_addr_read_20 gmem0_addr_read_21 gmem0_addr_read_22 gmem0_addr_read_23 gmem0_addr_read_24 gmem0_addr_read_25 gmem0_addr_read_26 gmem0_addr_read_27 gmem0_addr_read_28 gmem0_addr_read_29 gmem0_addr_read_30 gmem0_addr_read_31 gmem0_addr_read_32 gmem0_addr_read_33 gmem0_addr_read_34 gmem0_addr_read_35 gmem0_addr_read_36 gmem0_addr_read_37 gmem0_addr_read_38 gmem0_addr_read_39 gmem0_addr_read_40 gmem0_addr_read_41 gmem0_addr_read_42 gmem0_addr_read_43 gmem0_addr_read_44 gmem0_addr_read_45 gmem0_addr_read_46 gmem0_addr_read_47 gmem0_addr_read_48 gmem0_addr_read_49 gmem0_addr_read_50 gmem0_addr_read_51 gmem0_addr_read_52 gmem0_addr_read_53 gmem0_addr_read_54 gmem0_addr_read_55 gmem0_addr_read_56 gmem0_addr_read_57 gmem0_addr_read_58 gmem0_addr_read_59 gmem0_addr_read_60 gmem0_addr_read_61 gmem0_addr_read_62 gmem0_addr_read_63 "/>
</bind>
</comp>

<comp id="279" class="1005" name="reg_279">
<pin_list>
<pin id="280" dir="0" index="0" bw="32" slack="9"/>
<pin id="281" dir="1" index="1" bw="32" slack="9"/>
</pin_list>
<bind>
<opset="gmem1_addr_read_8 gmem1_addr_read_17 gmem1_addr_read_26 gmem1_addr_read_35 gmem1_addr_read_44 gmem1_addr_read_53 gmem1_addr_read_62 "/>
</bind>
</comp>

<comp id="283" class="1005" name="reg_283">
<pin_list>
<pin id="284" dir="0" index="0" bw="32" slack="1"/>
<pin id="285" dir="1" index="1" bw="32" slack="1"/>
</pin_list>
<bind>
<opset="mul mul15_2 mul15_6 mul15_13 mul15_29 "/>
</bind>
</comp>

<comp id="288" class="1005" name="reg_288">
<pin_list>
<pin id="289" dir="0" index="0" bw="32" slack="2"/>
<pin id="290" dir="1" index="1" bw="32" slack="2"/>
</pin_list>
<bind>
<opset="mul15_1 mul15_4 mul15_s mul15_21 "/>
</bind>
</comp>

<comp id="293" class="1005" name="reg_293">
<pin_list>
<pin id="294" dir="0" index="0" bw="32" slack="1"/>
<pin id="295" dir="1" index="1" bw="32" slack="1"/>
</pin_list>
<bind>
<opset="acc_1 acc_2 acc_3 acc_4 acc_5 acc_6 acc_7 acc_8 acc_9 acc_10 acc_11 acc_12 acc_13 acc_14 acc_15 acc_16 acc_17 acc_18 acc_19 acc_20 acc_21 acc_22 acc_23 acc_24 acc_25 acc_26 acc_27 acc_28 acc_29 acc_30 acc_31 logits_1 "/>
</bind>
</comp>

<comp id="299" class="1005" name="reg_299">
<pin_list>
<pin id="300" dir="0" index="0" bw="32" slack="4"/>
<pin id="301" dir="1" index="1" bw="32" slack="4"/>
</pin_list>
<bind>
<opset="mul15_3 mul15_8 mul15_17 "/>
</bind>
</comp>

<comp id="304" class="1005" name="reg_304">
<pin_list>
<pin id="305" dir="0" index="0" bw="32" slack="6"/>
<pin id="306" dir="1" index="1" bw="32" slack="6"/>
</pin_list>
<bind>
<opset="mul15_5 mul15_11 mul15_25 "/>
</bind>
</comp>

<comp id="309" class="1005" name="reg_309">
<pin_list>
<pin id="310" dir="0" index="0" bw="32" slack="8"/>
<pin id="311" dir="1" index="1" bw="32" slack="8"/>
</pin_list>
<bind>
<opset="mul15_7 mul15_15 mul15_33 "/>
</bind>
</comp>

<comp id="314" class="1005" name="reg_314">
<pin_list>
<pin id="315" dir="0" index="0" bw="32" slack="10"/>
<pin id="316" dir="1" index="1" bw="32" slack="10"/>
</pin_list>
<bind>
<opset="mul15_9 mul15_19 "/>
</bind>
</comp>

<comp id="319" class="1005" name="reg_319">
<pin_list>
<pin id="320" dir="0" index="0" bw="32" slack="12"/>
<pin id="321" dir="1" index="1" bw="32" slack="12"/>
</pin_list>
<bind>
<opset="mul15_10 mul15_23 "/>
</bind>
</comp>

<comp id="324" class="1005" name="reg_324">
<pin_list>
<pin id="325" dir="0" index="0" bw="32" slack="14"/>
<pin id="326" dir="1" index="1" bw="32" slack="14"/>
</pin_list>
<bind>
<opset="mul15_12 mul15_27 "/>
</bind>
</comp>

<comp id="329" class="1005" name="reg_329">
<pin_list>
<pin id="330" dir="0" index="0" bw="32" slack="16"/>
<pin id="331" dir="1" index="1" bw="32" slack="16"/>
</pin_list>
<bind>
<opset="mul15_14 mul15_31 "/>
</bind>
</comp>

<comp id="334" class="1005" name="reg_334">
<pin_list>
<pin id="335" dir="0" index="0" bw="32" slack="18"/>
<pin id="336" dir="1" index="1" bw="32" slack="18"/>
</pin_list>
<bind>
<opset="mul15_16 mul15_35 "/>
</bind>
</comp>

<comp id="339" class="1005" name="reg_339">
<pin_list>
<pin id="340" dir="0" index="0" bw="32" slack="20"/>
<pin id="341" dir="1" index="1" bw="32" slack="20"/>
</pin_list>
<bind>
<opset="mul15_18 mul15_39 "/>
</bind>
</comp>

<comp id="344" class="1005" name="reg_344">
<pin_list>
<pin id="345" dir="0" index="0" bw="32" slack="1"/>
<pin id="346" dir="1" index="1" bw="32" slack="1"/>
</pin_list>
<bind>
<opset="acc_32 acc_33 acc_34 acc_35 acc_36 acc_37 acc_38 acc_39 acc_40 acc_41 acc_42 acc_43 acc_44 acc_45 acc_46 acc_47 acc_48 acc_49 acc_50 acc_51 acc_52 acc_53 acc_54 acc_55 acc_56 acc_57 acc_58 acc_59 acc_60 acc_61 acc_62 "/>
</bind>
</comp>

<comp id="349" class="1004" name="sext_ln94_cast_fu_349">
<pin_list>
<pin id="350" dir="0" index="0" bw="62" slack="0"/>
<pin id="351" dir="1" index="1" bw="64" slack="1"/>
</pin_list>
<bind>
<opcode="sext(35) " fcode="sext"/>
<opset="sext_ln94_cast/1 "/>
</bind>
</comp>

<comp id="353" class="1004" name="sext_ln94_1_cast_fu_353">
<pin_list>
<pin id="354" dir="0" index="0" bw="62" slack="0"/>
<pin id="355" dir="1" index="1" bw="64" slack="1"/>
</pin_list>
<bind>
<opcode="sext(35) " fcode="sext"/>
<opset="sext_ln94_1_cast/1 "/>
</bind>
</comp>

<comp id="357" class="1004" name="store_ln0_store_fu_357">
<pin_list>
<pin id="358" dir="0" index="0" bw="32" slack="0"/>
<pin id="359" dir="0" index="1" bw="32" slack="0"/>
<pin id="360" dir="1" index="2" bw="0" slack="2147483647"/>
</pin_list>
<bind>
<opcode="store(28) " fcode="store"/>
<opset="store_ln0/1 "/>
</bind>
</comp>

<comp id="362" class="1004" name="store_ln0_store_fu_362">
<pin_list>
<pin id="363" dir="0" index="0" bw="32" slack="0"/>
<pin id="364" dir="0" index="1" bw="32" slack="0"/>
<pin id="365" dir="1" index="2" bw="0" slack="2147483647"/>
</pin_list>
<bind>
<opcode="store(28) " fcode="store"/>
<opset="store_ln0/1 "/>
</bind>
</comp>

<comp id="367" class="1004" name="store_ln0_store_fu_367">
<pin_list>
<pin id="368" dir="0" index="0" bw="32" slack="0"/>
<pin id="369" dir="0" index="1" bw="32" slack="0"/>
<pin id="370" dir="1" index="2" bw="0" slack="2147483647"/>
</pin_list>
<bind>
<opcode="store(28) " fcode="store"/>
<opset="store_ln0/1 "/>
</bind>
</comp>

<comp id="372" class="1004" name="store_ln0_store_fu_372">
<pin_list>
<pin id="373" dir="0" index="0" bw="32" slack="0"/>
<pin id="374" dir="0" index="1" bw="32" slack="0"/>
<pin id="375" dir="1" index="2" bw="0" slack="2147483647"/>
</pin_list>
<bind>
<opcode="store(28) " fcode="store"/>
<opset="store_ln0/1 "/>
</bind>
</comp>

<comp id="377" class="1004" name="store_ln94_store_fu_377">
<pin_list>
<pin id="378" dir="0" index="0" bw="1" slack="0"/>
<pin id="379" dir="0" index="1" bw="3" slack="0"/>
<pin id="380" dir="1" index="2" bw="0" slack="2147483647"/>
</pin_list>
<bind>
<opcode="store(28) " fcode="store"/>
<opset="store_ln94/1 "/>
</bind>
</comp>

<comp id="382" class="1004" name="store_ln92_store_fu_382">
<pin_list>
<pin id="383" dir="0" index="0" bw="32" slack="0"/>
<pin id="384" dir="0" index="1" bw="32" slack="0"/>
<pin id="385" dir="1" index="2" bw="0" slack="2147483647"/>
</pin_list>
<bind>
<opcode="store(28) " fcode="store"/>
<opset="store_ln92/1 "/>
</bind>
</comp>

<comp id="387" class="1004" name="e_1_load_fu_387">
<pin_list>
<pin id="388" dir="0" index="0" bw="3" slack="0"/>
<pin id="389" dir="1" index="1" bw="3" slack="0"/>
</pin_list>
<bind>
<opcode="load(27) " fcode="load"/>
<opset="e_1/1 "/>
</bind>
</comp>

<comp id="390" class="1004" name="icmp_ln94_fu_390">
<pin_list>
<pin id="391" dir="0" index="0" bw="3" slack="0"/>
<pin id="392" dir="0" index="1" bw="3" slack="0"/>
<pin id="393" dir="1" index="2" bw="1" slack="1"/>
</pin_list>
<bind>
<opcode="icmp(45) " fcode="icmp"/>
<opset="icmp_ln94/1 "/>
</bind>
</comp>

<comp id="396" class="1004" name="add_ln94_fu_396">
<pin_list>
<pin id="397" dir="0" index="0" bw="3" slack="0"/>
<pin id="398" dir="0" index="1" bw="1" slack="0"/>
<pin id="399" dir="1" index="2" bw="3" slack="0"/>
</pin_list>
<bind>
<opcode="add(8) " fcode="add"/>
<opset="add_ln94/1 "/>
</bind>
</comp>

<comp id="402" class="1004" name="trunc_ln101_fu_402">
<pin_list>
<pin id="403" dir="0" index="0" bw="3" slack="0"/>
<pin id="404" dir="1" index="1" bw="2" slack="140"/>
</pin_list>
<bind>
<opcode="trunc(33) " fcode="trunc"/>
<opset="trunc_ln101/1 "/>
</bind>
</comp>

<comp id="406" class="1004" name="store_ln94_store_fu_406">
<pin_list>
<pin id="407" dir="0" index="0" bw="3" slack="0"/>
<pin id="408" dir="0" index="1" bw="3" slack="0"/>
<pin id="409" dir="1" index="2" bw="0" slack="2147483647"/>
</pin_list>
<bind>
<opcode="store(28) " fcode="store"/>
<opset="store_ln94/1 "/>
</bind>
</comp>

<comp id="411" class="1004" name="gmem2_addr_fu_411">
<pin_list>
<pin id="412" dir="0" index="0" bw="64" slack="0"/>
<pin id="413" dir="0" index="1" bw="64" slack="1"/>
<pin id="414" dir="1" index="2" bw="64" slack="0"/>
</pin_list>
<bind>
<opcode="getelementptr(29) " fcode="getelementptr"/>
<opset="gmem2_addr/2 "/>
</bind>
</comp>

<comp id="417" class="1004" name="gmem1_addr_fu_417">
<pin_list>
<pin id="418" dir="0" index="0" bw="64" slack="0"/>
<pin id="419" dir="0" index="1" bw="64" slack="1"/>
<pin id="420" dir="1" index="2" bw="64" slack="0"/>
</pin_list>
<bind>
<opcode="getelementptr(29) " fcode="getelementptr"/>
<opset="gmem1_addr/2 "/>
</bind>
</comp>

<comp id="423" class="1004" name="trunc_ln1_fu_423">
<pin_list>
<pin id="424" dir="0" index="0" bw="62" slack="0"/>
<pin id="425" dir="0" index="1" bw="64" slack="1"/>
<pin id="426" dir="0" index="2" bw="3" slack="0"/>
<pin id="427" dir="0" index="3" bw="7" slack="0"/>
<pin id="428" dir="1" index="4" bw="62" slack="0"/>
</pin_list>
<bind>
<opcode="partselect(1002) " fcode="partselect"/>
<opset="trunc_ln1/2 "/>
</bind>
</comp>

<comp id="432" class="1004" name="sext_ln97_fu_432">
<pin_list>
<pin id="433" dir="0" index="0" bw="62" slack="0"/>
<pin id="434" dir="1" index="1" bw="64" slack="0"/>
</pin_list>
<bind>
<opcode="sext(35) " fcode="sext"/>
<opset="sext_ln97/2 "/>
</bind>
</comp>

<comp id="436" class="1004" name="gmem0_addr_fu_436">
<pin_list>
<pin id="437" dir="0" index="0" bw="64" slack="0"/>
<pin id="438" dir="0" index="1" bw="64" slack="0"/>
<pin id="439" dir="1" index="2" bw="64" slack="0"/>
</pin_list>
<bind>
<opcode="getelementptr(29) " fcode="getelementptr"/>
<opset="gmem0_addr/2 "/>
</bind>
</comp>

<comp id="443" class="1004" name="bitcast_ln98_fu_443">
<pin_list>
<pin id="444" dir="0" index="0" bw="32" slack="1"/>
<pin id="445" dir="1" index="1" bw="32" slack="0"/>
</pin_list>
<bind>
<opcode="bitcast(44) " fcode="bitcast"/>
<opset="bitcast_ln98/11 "/>
</bind>
</comp>

<comp id="448" class="1004" name="bitcast_ln98_1_fu_448">
<pin_list>
<pin id="449" dir="0" index="0" bw="32" slack="9"/>
<pin id="450" dir="1" index="1" bw="32" slack="0"/>
</pin_list>
<bind>
<opcode="bitcast(44) " fcode="bitcast"/>
<opset="bitcast_ln98_1/11 "/>
</bind>
</comp>

<comp id="453" class="1004" name="bitcast_ln98_2_fu_453">
<pin_list>
<pin id="454" dir="0" index="0" bw="32" slack="1"/>
<pin id="455" dir="1" index="1" bw="32" slack="0"/>
</pin_list>
<bind>
<opcode="bitcast(44) " fcode="bitcast"/>
<opset="bitcast_ln98_2/12 "/>
</bind>
</comp>

<comp id="458" class="1004" name="bitcast_ln98_3_fu_458">
<pin_list>
<pin id="459" dir="0" index="0" bw="32" slack="9"/>
<pin id="460" dir="1" index="1" bw="32" slack="0"/>
</pin_list>
<bind>
<opcode="bitcast(44) " fcode="bitcast"/>
<opset="bitcast_ln98_3/12 "/>
</bind>
</comp>

<comp id="463" class="1004" name="acc_fu_463">
<pin_list>
<pin id="464" dir="0" index="0" bw="32" slack="11"/>
<pin id="465" dir="1" index="1" bw="32" slack="0"/>
</pin_list>
<bind>
<opcode="bitcast(44) " fcode="bitcast"/>
<opset="acc/13 "/>
</bind>
</comp>

<comp id="467" class="1004" name="bitcast_ln98_4_fu_467">
<pin_list>
<pin id="468" dir="0" index="0" bw="32" slack="1"/>
<pin id="469" dir="1" index="1" bw="32" slack="0"/>
</pin_list>
<bind>
<opcode="bitcast(44) " fcode="bitcast"/>
<opset="bitcast_ln98_4/13 "/>
</bind>
</comp>

<comp id="472" class="1004" name="bitcast_ln98_5_fu_472">
<pin_list>
<pin id="473" dir="0" index="0" bw="32" slack="9"/>
<pin id="474" dir="1" index="1" bw="32" slack="0"/>
</pin_list>
<bind>
<opcode="bitcast(44) " fcode="bitcast"/>
<opset="bitcast_ln98_5/13 "/>
</bind>
</comp>

<comp id="477" class="1004" name="bitcast_ln98_6_fu_477">
<pin_list>
<pin id="478" dir="0" index="0" bw="32" slack="1"/>
<pin id="479" dir="1" index="1" bw="32" slack="0"/>
</pin_list>
<bind>
<opcode="bitcast(44) " fcode="bitcast"/>
<opset="bitcast_ln98_6/14 "/>
</bind>
</comp>

<comp id="482" class="1004" name="bitcast_ln98_7_fu_482">
<pin_list>
<pin id="483" dir="0" index="0" bw="32" slack="9"/>
<pin id="484" dir="1" index="1" bw="32" slack="0"/>
</pin_list>
<bind>
<opcode="bitcast(44) " fcode="bitcast"/>
<opset="bitcast_ln98_7/14 "/>
</bind>
</comp>

<comp id="487" class="1004" name="bitcast_ln98_8_fu_487">
<pin_list>
<pin id="488" dir="0" index="0" bw="32" slack="1"/>
<pin id="489" dir="1" index="1" bw="32" slack="0"/>
</pin_list>
<bind>
<opcode="bitcast(44) " fcode="bitcast"/>
<opset="bitcast_ln98_8/15 "/>
</bind>
</comp>

<comp id="492" class="1004" name="bitcast_ln98_9_fu_492">
<pin_list>
<pin id="493" dir="0" index="0" bw="32" slack="9"/>
<pin id="494" dir="1" index="1" bw="32" slack="0"/>
</pin_list>
<bind>
<opcode="bitcast(44) " fcode="bitcast"/>
<opset="bitcast_ln98_9/15 "/>
</bind>
</comp>

<comp id="497" class="1004" name="bitcast_ln98_10_fu_497">
<pin_list>
<pin id="498" dir="0" index="0" bw="32" slack="1"/>
<pin id="499" dir="1" index="1" bw="32" slack="0"/>
</pin_list>
<bind>
<opcode="bitcast(44) " fcode="bitcast"/>
<opset="bitcast_ln98_10/16 "/>
</bind>
</comp>

<comp id="502" class="1004" name="bitcast_ln98_11_fu_502">
<pin_list>
<pin id="503" dir="0" index="0" bw="32" slack="9"/>
<pin id="504" dir="1" index="1" bw="32" slack="0"/>
</pin_list>
<bind>
<opcode="bitcast(44) " fcode="bitcast"/>
<opset="bitcast_ln98_11/16 "/>
</bind>
</comp>

<comp id="507" class="1004" name="bitcast_ln98_12_fu_507">
<pin_list>
<pin id="508" dir="0" index="0" bw="32" slack="1"/>
<pin id="509" dir="1" index="1" bw="32" slack="0"/>
</pin_list>
<bind>
<opcode="bitcast(44) " fcode="bitcast"/>
<opset="bitcast_ln98_12/17 "/>
</bind>
</comp>

<comp id="512" class="1004" name="bitcast_ln98_13_fu_512">
<pin_list>
<pin id="513" dir="0" index="0" bw="32" slack="9"/>
<pin id="514" dir="1" index="1" bw="32" slack="0"/>
</pin_list>
<bind>
<opcode="bitcast(44) " fcode="bitcast"/>
<opset="bitcast_ln98_13/17 "/>
</bind>
</comp>

<comp id="517" class="1004" name="bitcast_ln98_14_fu_517">
<pin_list>
<pin id="518" dir="0" index="0" bw="32" slack="1"/>
<pin id="519" dir="1" index="1" bw="32" slack="0"/>
</pin_list>
<bind>
<opcode="bitcast(44) " fcode="bitcast"/>
<opset="bitcast_ln98_14/18 "/>
</bind>
</comp>

<comp id="522" class="1004" name="bitcast_ln98_15_fu_522">
<pin_list>
<pin id="523" dir="0" index="0" bw="32" slack="9"/>
<pin id="524" dir="1" index="1" bw="32" slack="0"/>
</pin_list>
<bind>
<opcode="bitcast(44) " fcode="bitcast"/>
<opset="bitcast_ln98_15/18 "/>
</bind>
</comp>

<comp id="527" class="1004" name="bitcast_ln98_16_fu_527">
<pin_list>
<pin id="528" dir="0" index="0" bw="32" slack="1"/>
<pin id="529" dir="1" index="1" bw="32" slack="0"/>
</pin_list>
<bind>
<opcode="bitcast(44) " fcode="bitcast"/>
<opset="bitcast_ln98_16/19 "/>
</bind>
</comp>

<comp id="532" class="1004" name="bitcast_ln98_17_fu_532">
<pin_list>
<pin id="533" dir="0" index="0" bw="32" slack="9"/>
<pin id="534" dir="1" index="1" bw="32" slack="0"/>
</pin_list>
<bind>
<opcode="bitcast(44) " fcode="bitcast"/>
<opset="bitcast_ln98_17/19 "/>
</bind>
</comp>

<comp id="537" class="1004" name="bitcast_ln98_18_fu_537">
<pin_list>
<pin id="538" dir="0" index="0" bw="32" slack="1"/>
<pin id="539" dir="1" index="1" bw="32" slack="0"/>
</pin_list>
<bind>
<opcode="bitcast(44) " fcode="bitcast"/>
<opset="bitcast_ln98_18/20 "/>
</bind>
</comp>

<comp id="542" class="1004" name="bitcast_ln98_19_fu_542">
<pin_list>
<pin id="543" dir="0" index="0" bw="32" slack="9"/>
<pin id="544" dir="1" index="1" bw="32" slack="0"/>
</pin_list>
<bind>
<opcode="bitcast(44) " fcode="bitcast"/>
<opset="bitcast_ln98_19/20 "/>
</bind>
</comp>

<comp id="547" class="1004" name="bitcast_ln98_20_fu_547">
<pin_list>
<pin id="548" dir="0" index="0" bw="32" slack="1"/>
<pin id="549" dir="1" index="1" bw="32" slack="0"/>
</pin_list>
<bind>
<opcode="bitcast(44) " fcode="bitcast"/>
<opset="bitcast_ln98_20/21 "/>
</bind>
</comp>

<comp id="552" class="1004" name="bitcast_ln98_21_fu_552">
<pin_list>
<pin id="553" dir="0" index="0" bw="32" slack="9"/>
<pin id="554" dir="1" index="1" bw="32" slack="0"/>
</pin_list>
<bind>
<opcode="bitcast(44) " fcode="bitcast"/>
<opset="bitcast_ln98_21/21 "/>
</bind>
</comp>

<comp id="557" class="1004" name="bitcast_ln98_22_fu_557">
<pin_list>
<pin id="558" dir="0" index="0" bw="32" slack="1"/>
<pin id="559" dir="1" index="1" bw="32" slack="0"/>
</pin_list>
<bind>
<opcode="bitcast(44) " fcode="bitcast"/>
<opset="bitcast_ln98_22/22 "/>
</bind>
</comp>

<comp id="562" class="1004" name="bitcast_ln98_23_fu_562">
<pin_list>
<pin id="563" dir="0" index="0" bw="32" slack="9"/>
<pin id="564" dir="1" index="1" bw="32" slack="0"/>
</pin_list>
<bind>
<opcode="bitcast(44) " fcode="bitcast"/>
<opset="bitcast_ln98_23/22 "/>
</bind>
</comp>

<comp id="567" class="1004" name="bitcast_ln98_24_fu_567">
<pin_list>
<pin id="568" dir="0" index="0" bw="32" slack="1"/>
<pin id="569" dir="1" index="1" bw="32" slack="0"/>
</pin_list>
<bind>
<opcode="bitcast(44) " fcode="bitcast"/>
<opset="bitcast_ln98_24/23 "/>
</bind>
</comp>

<comp id="572" class="1004" name="bitcast_ln98_25_fu_572">
<pin_list>
<pin id="573" dir="0" index="0" bw="32" slack="9"/>
<pin id="574" dir="1" index="1" bw="32" slack="0"/>
</pin_list>
<bind>
<opcode="bitcast(44) " fcode="bitcast"/>
<opset="bitcast_ln98_25/23 "/>
</bind>
</comp>

<comp id="577" class="1004" name="bitcast_ln98_26_fu_577">
<pin_list>
<pin id="578" dir="0" index="0" bw="32" slack="1"/>
<pin id="579" dir="1" index="1" bw="32" slack="0"/>
</pin_list>
<bind>
<opcode="bitcast(44) " fcode="bitcast"/>
<opset="bitcast_ln98_26/24 "/>
</bind>
</comp>

<comp id="582" class="1004" name="bitcast_ln98_27_fu_582">
<pin_list>
<pin id="583" dir="0" index="0" bw="32" slack="9"/>
<pin id="584" dir="1" index="1" bw="32" slack="0"/>
</pin_list>
<bind>
<opcode="bitcast(44) " fcode="bitcast"/>
<opset="bitcast_ln98_27/24 "/>
</bind>
</comp>

<comp id="587" class="1004" name="bitcast_ln98_28_fu_587">
<pin_list>
<pin id="588" dir="0" index="0" bw="32" slack="1"/>
<pin id="589" dir="1" index="1" bw="32" slack="0"/>
</pin_list>
<bind>
<opcode="bitcast(44) " fcode="bitcast"/>
<opset="bitcast_ln98_28/25 "/>
</bind>
</comp>

<comp id="592" class="1004" name="bitcast_ln98_29_fu_592">
<pin_list>
<pin id="593" dir="0" index="0" bw="32" slack="9"/>
<pin id="594" dir="1" index="1" bw="32" slack="0"/>
</pin_list>
<bind>
<opcode="bitcast(44) " fcode="bitcast"/>
<opset="bitcast_ln98_29/25 "/>
</bind>
</comp>

<comp id="597" class="1004" name="bitcast_ln98_30_fu_597">
<pin_list>
<pin id="598" dir="0" index="0" bw="32" slack="1"/>
<pin id="599" dir="1" index="1" bw="32" slack="0"/>
</pin_list>
<bind>
<opcode="bitcast(44) " fcode="bitcast"/>
<opset="bitcast_ln98_30/26 "/>
</bind>
</comp>

<comp id="602" class="1004" name="bitcast_ln98_31_fu_602">
<pin_list>
<pin id="603" dir="0" index="0" bw="32" slack="9"/>
<pin id="604" dir="1" index="1" bw="32" slack="0"/>
</pin_list>
<bind>
<opcode="bitcast(44) " fcode="bitcast"/>
<opset="bitcast_ln98_31/26 "/>
</bind>
</comp>

<comp id="607" class="1004" name="bitcast_ln98_32_fu_607">
<pin_list>
<pin id="608" dir="0" index="0" bw="32" slack="1"/>
<pin id="609" dir="1" index="1" bw="32" slack="0"/>
</pin_list>
<bind>
<opcode="bitcast(44) " fcode="bitcast"/>
<opset="bitcast_ln98_32/27 "/>
</bind>
</comp>

<comp id="612" class="1004" name="bitcast_ln98_33_fu_612">
<pin_list>
<pin id="613" dir="0" index="0" bw="32" slack="9"/>
<pin id="614" dir="1" index="1" bw="32" slack="0"/>
</pin_list>
<bind>
<opcode="bitcast(44) " fcode="bitcast"/>
<opset="bitcast_ln98_33/27 "/>
</bind>
</comp>

<comp id="617" class="1004" name="bitcast_ln98_34_fu_617">
<pin_list>
<pin id="618" dir="0" index="0" bw="32" slack="1"/>
<pin id="619" dir="1" index="1" bw="32" slack="0"/>
</pin_list>
<bind>
<opcode="bitcast(44) " fcode="bitcast"/>
<opset="bitcast_ln98_34/28 "/>
</bind>
</comp>

<comp id="622" class="1004" name="bitcast_ln98_35_fu_622">
<pin_list>
<pin id="623" dir="0" index="0" bw="32" slack="9"/>
<pin id="624" dir="1" index="1" bw="32" slack="0"/>
</pin_list>
<bind>
<opcode="bitcast(44) " fcode="bitcast"/>
<opset="bitcast_ln98_35/28 "/>
</bind>
</comp>

<comp id="627" class="1004" name="bitcast_ln98_36_fu_627">
<pin_list>
<pin id="628" dir="0" index="0" bw="32" slack="1"/>
<pin id="629" dir="1" index="1" bw="32" slack="0"/>
</pin_list>
<bind>
<opcode="bitcast(44) " fcode="bitcast"/>
<opset="bitcast_ln98_36/29 "/>
</bind>
</comp>

<comp id="632" class="1004" name="bitcast_ln98_37_fu_632">
<pin_list>
<pin id="633" dir="0" index="0" bw="32" slack="9"/>
<pin id="634" dir="1" index="1" bw="32" slack="0"/>
</pin_list>
<bind>
<opcode="bitcast(44) " fcode="bitcast"/>
<opset="bitcast_ln98_37/29 "/>
</bind>
</comp>

<comp id="637" class="1004" name="bitcast_ln98_38_fu_637">
<pin_list>
<pin id="638" dir="0" index="0" bw="32" slack="1"/>
<pin id="639" dir="1" index="1" bw="32" slack="0"/>
</pin_list>
<bind>
<opcode="bitcast(44) " fcode="bitcast"/>
<opset="bitcast_ln98_38/30 "/>
</bind>
</comp>

<comp id="642" class="1004" name="bitcast_ln98_39_fu_642">
<pin_list>
<pin id="643" dir="0" index="0" bw="32" slack="9"/>
<pin id="644" dir="1" index="1" bw="32" slack="0"/>
</pin_list>
<bind>
<opcode="bitcast(44) " fcode="bitcast"/>
<opset="bitcast_ln98_39/30 "/>
</bind>
</comp>

<comp id="647" class="1004" name="bitcast_ln98_40_fu_647">
<pin_list>
<pin id="648" dir="0" index="0" bw="32" slack="1"/>
<pin id="649" dir="1" index="1" bw="32" slack="0"/>
</pin_list>
<bind>
<opcode="bitcast(44) " fcode="bitcast"/>
<opset="bitcast_ln98_40/31 "/>
</bind>
</comp>

<comp id="652" class="1004" name="bitcast_ln98_41_fu_652">
<pin_list>
<pin id="653" dir="0" index="0" bw="32" slack="9"/>
<pin id="654" dir="1" index="1" bw="32" slack="0"/>
</pin_list>
<bind>
<opcode="bitcast(44) " fcode="bitcast"/>
<opset="bitcast_ln98_41/31 "/>
</bind>
</comp>

<comp id="657" class="1004" name="bitcast_ln98_42_fu_657">
<pin_list>
<pin id="658" dir="0" index="0" bw="32" slack="1"/>
<pin id="659" dir="1" index="1" bw="32" slack="0"/>
</pin_list>
<bind>
<opcode="bitcast(44) " fcode="bitcast"/>
<opset="bitcast_ln98_42/32 "/>
</bind>
</comp>

<comp id="662" class="1004" name="bitcast_ln98_43_fu_662">
<pin_list>
<pin id="663" dir="0" index="0" bw="32" slack="9"/>
<pin id="664" dir="1" index="1" bw="32" slack="0"/>
</pin_list>
<bind>
<opcode="bitcast(44) " fcode="bitcast"/>
<opset="bitcast_ln98_43/32 "/>
</bind>
</comp>

<comp id="667" class="1004" name="bitcast_ln98_44_fu_667">
<pin_list>
<pin id="668" dir="0" index="0" bw="32" slack="1"/>
<pin id="669" dir="1" index="1" bw="32" slack="0"/>
</pin_list>
<bind>
<opcode="bitcast(44) " fcode="bitcast"/>
<opset="bitcast_ln98_44/33 "/>
</bind>
</comp>

<comp id="672" class="1004" name="bitcast_ln98_45_fu_672">
<pin_list>
<pin id="673" dir="0" index="0" bw="32" slack="9"/>
<pin id="674" dir="1" index="1" bw="32" slack="0"/>
</pin_list>
<bind>
<opcode="bitcast(44) " fcode="bitcast"/>
<opset="bitcast_ln98_45/33 "/>
</bind>
</comp>

<comp id="677" class="1004" name="bitcast_ln98_46_fu_677">
<pin_list>
<pin id="678" dir="0" index="0" bw="32" slack="1"/>
<pin id="679" dir="1" index="1" bw="32" slack="0"/>
</pin_list>
<bind>
<opcode="bitcast(44) " fcode="bitcast"/>
<opset="bitcast_ln98_46/34 "/>
</bind>
</comp>

<comp id="682" class="1004" name="bitcast_ln98_47_fu_682">
<pin_list>
<pin id="683" dir="0" index="0" bw="32" slack="9"/>
<pin id="684" dir="1" index="1" bw="32" slack="0"/>
</pin_list>
<bind>
<opcode="bitcast(44) " fcode="bitcast"/>
<opset="bitcast_ln98_47/34 "/>
</bind>
</comp>

<comp id="687" class="1004" name="bitcast_ln98_48_fu_687">
<pin_list>
<pin id="688" dir="0" index="0" bw="32" slack="1"/>
<pin id="689" dir="1" index="1" bw="32" slack="0"/>
</pin_list>
<bind>
<opcode="bitcast(44) " fcode="bitcast"/>
<opset="bitcast_ln98_48/35 "/>
</bind>
</comp>

<comp id="692" class="1004" name="bitcast_ln98_49_fu_692">
<pin_list>
<pin id="693" dir="0" index="0" bw="32" slack="9"/>
<pin id="694" dir="1" index="1" bw="32" slack="0"/>
</pin_list>
<bind>
<opcode="bitcast(44) " fcode="bitcast"/>
<opset="bitcast_ln98_49/35 "/>
</bind>
</comp>

<comp id="697" class="1004" name="bitcast_ln98_50_fu_697">
<pin_list>
<pin id="698" dir="0" index="0" bw="32" slack="1"/>
<pin id="699" dir="1" index="1" bw="32" slack="0"/>
</pin_list>
<bind>
<opcode="bitcast(44) " fcode="bitcast"/>
<opset="bitcast_ln98_50/36 "/>
</bind>
</comp>

<comp id="702" class="1004" name="bitcast_ln98_51_fu_702">
<pin_list>
<pin id="703" dir="0" index="0" bw="32" slack="9"/>
<pin id="704" dir="1" index="1" bw="32" slack="0"/>
</pin_list>
<bind>
<opcode="bitcast(44) " fcode="bitcast"/>
<opset="bitcast_ln98_51/36 "/>
</bind>
</comp>

<comp id="707" class="1004" name="bitcast_ln98_52_fu_707">
<pin_list>
<pin id="708" dir="0" index="0" bw="32" slack="1"/>
<pin id="709" dir="1" index="1" bw="32" slack="0"/>
</pin_list>
<bind>
<opcode="bitcast(44) " fcode="bitcast"/>
<opset="bitcast_ln98_52/37 "/>
</bind>
</comp>

<comp id="712" class="1004" name="bitcast_ln98_53_fu_712">
<pin_list>
<pin id="713" dir="0" index="0" bw="32" slack="9"/>
<pin id="714" dir="1" index="1" bw="32" slack="0"/>
</pin_list>
<bind>
<opcode="bitcast(44) " fcode="bitcast"/>
<opset="bitcast_ln98_53/37 "/>
</bind>
</comp>

<comp id="717" class="1004" name="bitcast_ln98_54_fu_717">
<pin_list>
<pin id="718" dir="0" index="0" bw="32" slack="1"/>
<pin id="719" dir="1" index="1" bw="32" slack="0"/>
</pin_list>
<bind>
<opcode="bitcast(44) " fcode="bitcast"/>
<opset="bitcast_ln98_54/38 "/>
</bind>
</comp>

<comp id="722" class="1004" name="bitcast_ln98_55_fu_722">
<pin_list>
<pin id="723" dir="0" index="0" bw="32" slack="9"/>
<pin id="724" dir="1" index="1" bw="32" slack="0"/>
</pin_list>
<bind>
<opcode="bitcast(44) " fcode="bitcast"/>
<opset="bitcast_ln98_55/38 "/>
</bind>
</comp>

<comp id="727" class="1004" name="bitcast_ln98_56_fu_727">
<pin_list>
<pin id="728" dir="0" index="0" bw="32" slack="1"/>
<pin id="729" dir="1" index="1" bw="32" slack="0"/>
</pin_list>
<bind>
<opcode="bitcast(44) " fcode="bitcast"/>
<opset="bitcast_ln98_56/39 "/>
</bind>
</comp>

<comp id="732" class="1004" name="bitcast_ln98_57_fu_732">
<pin_list>
<pin id="733" dir="0" index="0" bw="32" slack="9"/>
<pin id="734" dir="1" index="1" bw="32" slack="0"/>
</pin_list>
<bind>
<opcode="bitcast(44) " fcode="bitcast"/>
<opset="bitcast_ln98_57/39 "/>
</bind>
</comp>

<comp id="737" class="1004" name="bitcast_ln98_58_fu_737">
<pin_list>
<pin id="738" dir="0" index="0" bw="32" slack="1"/>
<pin id="739" dir="1" index="1" bw="32" slack="0"/>
</pin_list>
<bind>
<opcode="bitcast(44) " fcode="bitcast"/>
<opset="bitcast_ln98_58/40 "/>
</bind>
</comp>

<comp id="742" class="1004" name="bitcast_ln98_59_fu_742">
<pin_list>
<pin id="743" dir="0" index="0" bw="32" slack="9"/>
<pin id="744" dir="1" index="1" bw="32" slack="0"/>
</pin_list>
<bind>
<opcode="bitcast(44) " fcode="bitcast"/>
<opset="bitcast_ln98_59/40 "/>
</bind>
</comp>

<comp id="747" class="1004" name="bitcast_ln98_60_fu_747">
<pin_list>
<pin id="748" dir="0" index="0" bw="32" slack="1"/>
<pin id="749" dir="1" index="1" bw="32" slack="0"/>
</pin_list>
<bind>
<opcode="bitcast(44) " fcode="bitcast"/>
<opset="bitcast_ln98_60/41 "/>
</bind>
</comp>

<comp id="752" class="1004" name="bitcast_ln98_61_fu_752">
<pin_list>
<pin id="753" dir="0" index="0" bw="32" slack="9"/>
<pin id="754" dir="1" index="1" bw="32" slack="0"/>
</pin_list>
<bind>
<opcode="bitcast(44) " fcode="bitcast"/>
<opset="bitcast_ln98_61/41 "/>
</bind>
</comp>

<comp id="757" class="1004" name="bitcast_ln98_62_fu_757">
<pin_list>
<pin id="758" dir="0" index="0" bw="32" slack="1"/>
<pin id="759" dir="1" index="1" bw="32" slack="0"/>
</pin_list>
<bind>
<opcode="bitcast(44) " fcode="bitcast"/>
<opset="bitcast_ln98_62/42 "/>
</bind>
</comp>

<comp id="762" class="1004" name="bitcast_ln98_63_fu_762">
<pin_list>
<pin id="763" dir="0" index="0" bw="32" slack="9"/>
<pin id="764" dir="1" index="1" bw="32" slack="0"/>
</pin_list>
<bind>
<opcode="bitcast(44) " fcode="bitcast"/>
<opset="bitcast_ln98_63/42 "/>
</bind>
</comp>

<comp id="767" class="1004" name="bitcast_ln98_64_fu_767">
<pin_list>
<pin id="768" dir="0" index="0" bw="32" slack="1"/>
<pin id="769" dir="1" index="1" bw="32" slack="0"/>
</pin_list>
<bind>
<opcode="bitcast(44) " fcode="bitcast"/>
<opset="bitcast_ln98_64/43 "/>
</bind>
</comp>

<comp id="772" class="1004" name="bitcast_ln98_65_fu_772">
<pin_list>
<pin id="773" dir="0" index="0" bw="32" slack="9"/>
<pin id="774" dir="1" index="1" bw="32" slack="0"/>
</pin_list>
<bind>
<opcode="bitcast(44) " fcode="bitcast"/>
<opset="bitcast_ln98_65/43 "/>
</bind>
</comp>

<comp id="777" class="1004" name="bitcast_ln98_66_fu_777">
<pin_list>
<pin id="778" dir="0" index="0" bw="32" slack="1"/>
<pin id="779" dir="1" index="1" bw="32" slack="0"/>
</pin_list>
<bind>
<opcode="bitcast(44) " fcode="bitcast"/>
<opset="bitcast_ln98_66/44 "/>
</bind>
</comp>

<comp id="782" class="1004" name="bitcast_ln98_67_fu_782">
<pin_list>
<pin id="783" dir="0" index="0" bw="32" slack="9"/>
<pin id="784" dir="1" index="1" bw="32" slack="0"/>
</pin_list>
<bind>
<opcode="bitcast(44) " fcode="bitcast"/>
<opset="bitcast_ln98_67/44 "/>
</bind>
</comp>

<comp id="787" class="1004" name="bitcast_ln98_68_fu_787">
<pin_list>
<pin id="788" dir="0" index="0" bw="32" slack="1"/>
<pin id="789" dir="1" index="1" bw="32" slack="0"/>
</pin_list>
<bind>
<opcode="bitcast(44) " fcode="bitcast"/>
<opset="bitcast_ln98_68/45 "/>
</bind>
</comp>

<comp id="792" class="1004" name="bitcast_ln98_69_fu_792">
<pin_list>
<pin id="793" dir="0" index="0" bw="32" slack="9"/>
<pin id="794" dir="1" index="1" bw="32" slack="0"/>
</pin_list>
<bind>
<opcode="bitcast(44) " fcode="bitcast"/>
<opset="bitcast_ln98_69/45 "/>
</bind>
</comp>

<comp id="797" class="1004" name="bitcast_ln98_70_fu_797">
<pin_list>
<pin id="798" dir="0" index="0" bw="32" slack="1"/>
<pin id="799" dir="1" index="1" bw="32" slack="0"/>
</pin_list>
<bind>
<opcode="bitcast(44) " fcode="bitcast"/>
<opset="bitcast_ln98_70/46 "/>
</bind>
</comp>

<comp id="802" class="1004" name="bitcast_ln98_71_fu_802">
<pin_list>
<pin id="803" dir="0" index="0" bw="32" slack="9"/>
<pin id="804" dir="1" index="1" bw="32" slack="0"/>
</pin_list>
<bind>
<opcode="bitcast(44) " fcode="bitcast"/>
<opset="bitcast_ln98_71/46 "/>
</bind>
</comp>

<comp id="807" class="1004" name="bitcast_ln98_72_fu_807">
<pin_list>
<pin id="808" dir="0" index="0" bw="32" slack="1"/>
<pin id="809" dir="1" index="1" bw="32" slack="0"/>
</pin_list>
<bind>
<opcode="bitcast(44) " fcode="bitcast"/>
<opset="bitcast_ln98_72/47 "/>
</bind>
</comp>

<comp id="812" class="1004" name="bitcast_ln98_73_fu_812">
<pin_list>
<pin id="813" dir="0" index="0" bw="32" slack="9"/>
<pin id="814" dir="1" index="1" bw="32" slack="0"/>
</pin_list>
<bind>
<opcode="bitcast(44) " fcode="bitcast"/>
<opset="bitcast_ln98_73/47 "/>
</bind>
</comp>

<comp id="817" class="1004" name="bitcast_ln98_74_fu_817">
<pin_list>
<pin id="818" dir="0" index="0" bw="32" slack="1"/>
<pin id="819" dir="1" index="1" bw="32" slack="0"/>
</pin_list>
<bind>
<opcode="bitcast(44) " fcode="bitcast"/>
<opset="bitcast_ln98_74/48 "/>
</bind>
</comp>

<comp id="822" class="1004" name="bitcast_ln98_75_fu_822">
<pin_list>
<pin id="823" dir="0" index="0" bw="32" slack="9"/>
<pin id="824" dir="1" index="1" bw="32" slack="0"/>
</pin_list>
<bind>
<opcode="bitcast(44) " fcode="bitcast"/>
<opset="bitcast_ln98_75/48 "/>
</bind>
</comp>

<comp id="827" class="1004" name="bitcast_ln98_76_fu_827">
<pin_list>
<pin id="828" dir="0" index="0" bw="32" slack="1"/>
<pin id="829" dir="1" index="1" bw="32" slack="0"/>
</pin_list>
<bind>
<opcode="bitcast(44) " fcode="bitcast"/>
<opset="bitcast_ln98_76/49 "/>
</bind>
</comp>

<comp id="832" class="1004" name="bitcast_ln98_77_fu_832">
<pin_list>
<pin id="833" dir="0" index="0" bw="32" slack="9"/>
<pin id="834" dir="1" index="1" bw="32" slack="0"/>
</pin_list>
<bind>
<opcode="bitcast(44) " fcode="bitcast"/>
<opset="bitcast_ln98_77/49 "/>
</bind>
</comp>

<comp id="837" class="1004" name="bitcast_ln98_78_fu_837">
<pin_list>
<pin id="838" dir="0" index="0" bw="32" slack="1"/>
<pin id="839" dir="1" index="1" bw="32" slack="0"/>
</pin_list>
<bind>
<opcode="bitcast(44) " fcode="bitcast"/>
<opset="bitcast_ln98_78/50 "/>
</bind>
</comp>

<comp id="842" class="1004" name="bitcast_ln98_79_fu_842">
<pin_list>
<pin id="843" dir="0" index="0" bw="32" slack="9"/>
<pin id="844" dir="1" index="1" bw="32" slack="0"/>
</pin_list>
<bind>
<opcode="bitcast(44) " fcode="bitcast"/>
<opset="bitcast_ln98_79/50 "/>
</bind>
</comp>

<comp id="847" class="1004" name="bitcast_ln98_80_fu_847">
<pin_list>
<pin id="848" dir="0" index="0" bw="32" slack="1"/>
<pin id="849" dir="1" index="1" bw="32" slack="0"/>
</pin_list>
<bind>
<opcode="bitcast(44) " fcode="bitcast"/>
<opset="bitcast_ln98_80/51 "/>
</bind>
</comp>

<comp id="852" class="1004" name="bitcast_ln98_81_fu_852">
<pin_list>
<pin id="853" dir="0" index="0" bw="32" slack="9"/>
<pin id="854" dir="1" index="1" bw="32" slack="0"/>
</pin_list>
<bind>
<opcode="bitcast(44) " fcode="bitcast"/>
<opset="bitcast_ln98_81/51 "/>
</bind>
</comp>

<comp id="857" class="1004" name="bitcast_ln98_82_fu_857">
<pin_list>
<pin id="858" dir="0" index="0" bw="32" slack="1"/>
<pin id="859" dir="1" index="1" bw="32" slack="0"/>
</pin_list>
<bind>
<opcode="bitcast(44) " fcode="bitcast"/>
<opset="bitcast_ln98_82/52 "/>
</bind>
</comp>

<comp id="862" class="1004" name="bitcast_ln98_83_fu_862">
<pin_list>
<pin id="863" dir="0" index="0" bw="32" slack="9"/>
<pin id="864" dir="1" index="1" bw="32" slack="0"/>
</pin_list>
<bind>
<opcode="bitcast(44) " fcode="bitcast"/>
<opset="bitcast_ln98_83/52 "/>
</bind>
</comp>

<comp id="867" class="1004" name="bitcast_ln98_84_fu_867">
<pin_list>
<pin id="868" dir="0" index="0" bw="32" slack="1"/>
<pin id="869" dir="1" index="1" bw="32" slack="0"/>
</pin_list>
<bind>
<opcode="bitcast(44) " fcode="bitcast"/>
<opset="bitcast_ln98_84/53 "/>
</bind>
</comp>

<comp id="872" class="1004" name="bitcast_ln98_85_fu_872">
<pin_list>
<pin id="873" dir="0" index="0" bw="32" slack="9"/>
<pin id="874" dir="1" index="1" bw="32" slack="0"/>
</pin_list>
<bind>
<opcode="bitcast(44) " fcode="bitcast"/>
<opset="bitcast_ln98_85/53 "/>
</bind>
</comp>

<comp id="877" class="1004" name="bitcast_ln98_86_fu_877">
<pin_list>
<pin id="878" dir="0" index="0" bw="32" slack="1"/>
<pin id="879" dir="1" index="1" bw="32" slack="0"/>
</pin_list>
<bind>
<opcode="bitcast(44) " fcode="bitcast"/>
<opset="bitcast_ln98_86/54 "/>
</bind>
</comp>

<comp id="882" class="1004" name="bitcast_ln98_87_fu_882">
<pin_list>
<pin id="883" dir="0" index="0" bw="32" slack="9"/>
<pin id="884" dir="1" index="1" bw="32" slack="0"/>
</pin_list>
<bind>
<opcode="bitcast(44) " fcode="bitcast"/>
<opset="bitcast_ln98_87/54 "/>
</bind>
</comp>

<comp id="887" class="1004" name="bitcast_ln98_88_fu_887">
<pin_list>
<pin id="888" dir="0" index="0" bw="32" slack="1"/>
<pin id="889" dir="1" index="1" bw="32" slack="0"/>
</pin_list>
<bind>
<opcode="bitcast(44) " fcode="bitcast"/>
<opset="bitcast_ln98_88/55 "/>
</bind>
</comp>

<comp id="892" class="1004" name="bitcast_ln98_89_fu_892">
<pin_list>
<pin id="893" dir="0" index="0" bw="32" slack="9"/>
<pin id="894" dir="1" index="1" bw="32" slack="0"/>
</pin_list>
<bind>
<opcode="bitcast(44) " fcode="bitcast"/>
<opset="bitcast_ln98_89/55 "/>
</bind>
</comp>

<comp id="897" class="1004" name="bitcast_ln98_90_fu_897">
<pin_list>
<pin id="898" dir="0" index="0" bw="32" slack="1"/>
<pin id="899" dir="1" index="1" bw="32" slack="0"/>
</pin_list>
<bind>
<opcode="bitcast(44) " fcode="bitcast"/>
<opset="bitcast_ln98_90/56 "/>
</bind>
</comp>

<comp id="902" class="1004" name="bitcast_ln98_91_fu_902">
<pin_list>
<pin id="903" dir="0" index="0" bw="32" slack="9"/>
<pin id="904" dir="1" index="1" bw="32" slack="0"/>
</pin_list>
<bind>
<opcode="bitcast(44) " fcode="bitcast"/>
<opset="bitcast_ln98_91/56 "/>
</bind>
</comp>

<comp id="907" class="1004" name="bitcast_ln98_92_fu_907">
<pin_list>
<pin id="908" dir="0" index="0" bw="32" slack="1"/>
<pin id="909" dir="1" index="1" bw="32" slack="0"/>
</pin_list>
<bind>
<opcode="bitcast(44) " fcode="bitcast"/>
<opset="bitcast_ln98_92/57 "/>
</bind>
</comp>

<comp id="912" class="1004" name="bitcast_ln98_93_fu_912">
<pin_list>
<pin id="913" dir="0" index="0" bw="32" slack="9"/>
<pin id="914" dir="1" index="1" bw="32" slack="0"/>
</pin_list>
<bind>
<opcode="bitcast(44) " fcode="bitcast"/>
<opset="bitcast_ln98_93/57 "/>
</bind>
</comp>

<comp id="917" class="1004" name="bitcast_ln98_94_fu_917">
<pin_list>
<pin id="918" dir="0" index="0" bw="32" slack="1"/>
<pin id="919" dir="1" index="1" bw="32" slack="0"/>
</pin_list>
<bind>
<opcode="bitcast(44) " fcode="bitcast"/>
<opset="bitcast_ln98_94/58 "/>
</bind>
</comp>

<comp id="922" class="1004" name="bitcast_ln98_95_fu_922">
<pin_list>
<pin id="923" dir="0" index="0" bw="32" slack="9"/>
<pin id="924" dir="1" index="1" bw="32" slack="0"/>
</pin_list>
<bind>
<opcode="bitcast(44) " fcode="bitcast"/>
<opset="bitcast_ln98_95/58 "/>
</bind>
</comp>

<comp id="927" class="1004" name="bitcast_ln98_96_fu_927">
<pin_list>
<pin id="928" dir="0" index="0" bw="32" slack="1"/>
<pin id="929" dir="1" index="1" bw="32" slack="0"/>
</pin_list>
<bind>
<opcode="bitcast(44) " fcode="bitcast"/>
<opset="bitcast_ln98_96/59 "/>
</bind>
</comp>

<comp id="932" class="1004" name="bitcast_ln98_97_fu_932">
<pin_list>
<pin id="933" dir="0" index="0" bw="32" slack="9"/>
<pin id="934" dir="1" index="1" bw="32" slack="0"/>
</pin_list>
<bind>
<opcode="bitcast(44) " fcode="bitcast"/>
<opset="bitcast_ln98_97/59 "/>
</bind>
</comp>

<comp id="937" class="1004" name="bitcast_ln98_98_fu_937">
<pin_list>
<pin id="938" dir="0" index="0" bw="32" slack="1"/>
<pin id="939" dir="1" index="1" bw="32" slack="0"/>
</pin_list>
<bind>
<opcode="bitcast(44) " fcode="bitcast"/>
<opset="bitcast_ln98_98/60 "/>
</bind>
</comp>

<comp id="942" class="1004" name="bitcast_ln98_99_fu_942">
<pin_list>
<pin id="943" dir="0" index="0" bw="32" slack="9"/>
<pin id="944" dir="1" index="1" bw="32" slack="0"/>
</pin_list>
<bind>
<opcode="bitcast(44) " fcode="bitcast"/>
<opset="bitcast_ln98_99/60 "/>
</bind>
</comp>

<comp id="947" class="1004" name="bitcast_ln98_100_fu_947">
<pin_list>
<pin id="948" dir="0" index="0" bw="32" slack="1"/>
<pin id="949" dir="1" index="1" bw="32" slack="0"/>
</pin_list>
<bind>
<opcode="bitcast(44) " fcode="bitcast"/>
<opset="bitcast_ln98_100/61 "/>
</bind>
</comp>

<comp id="952" class="1004" name="bitcast_ln98_101_fu_952">
<pin_list>
<pin id="953" dir="0" index="0" bw="32" slack="9"/>
<pin id="954" dir="1" index="1" bw="32" slack="0"/>
</pin_list>
<bind>
<opcode="bitcast(44) " fcode="bitcast"/>
<opset="bitcast_ln98_101/61 "/>
</bind>
</comp>

<comp id="957" class="1004" name="bitcast_ln98_102_fu_957">
<pin_list>
<pin id="958" dir="0" index="0" bw="32" slack="1"/>
<pin id="959" dir="1" index="1" bw="32" slack="0"/>
</pin_list>
<bind>
<opcode="bitcast(44) " fcode="bitcast"/>
<opset="bitcast_ln98_102/62 "/>
</bind>
</comp>

<comp id="962" class="1004" name="bitcast_ln98_103_fu_962">
<pin_list>
<pin id="963" dir="0" index="0" bw="32" slack="9"/>
<pin id="964" dir="1" index="1" bw="32" slack="0"/>
</pin_list>
<bind>
<opcode="bitcast(44) " fcode="bitcast"/>
<opset="bitcast_ln98_103/62 "/>
</bind>
</comp>

<comp id="967" class="1004" name="bitcast_ln98_104_fu_967">
<pin_list>
<pin id="968" dir="0" index="0" bw="32" slack="1"/>
<pin id="969" dir="1" index="1" bw="32" slack="0"/>
</pin_list>
<bind>
<opcode="bitcast(44) " fcode="bitcast"/>
<opset="bitcast_ln98_104/63 "/>
</bind>
</comp>

<comp id="972" class="1004" name="bitcast_ln98_105_fu_972">
<pin_list>
<pin id="973" dir="0" index="0" bw="32" slack="9"/>
<pin id="974" dir="1" index="1" bw="32" slack="0"/>
</pin_list>
<bind>
<opcode="bitcast(44) " fcode="bitcast"/>
<opset="bitcast_ln98_105/63 "/>
</bind>
</comp>

<comp id="977" class="1004" name="bitcast_ln98_106_fu_977">
<pin_list>
<pin id="978" dir="0" index="0" bw="32" slack="1"/>
<pin id="979" dir="1" index="1" bw="32" slack="0"/>
</pin_list>
<bind>
<opcode="bitcast(44) " fcode="bitcast"/>
<opset="bitcast_ln98_106/64 "/>
</bind>
</comp>

<comp id="982" class="1004" name="bitcast_ln98_107_fu_982">
<pin_list>
<pin id="983" dir="0" index="0" bw="32" slack="9"/>
<pin id="984" dir="1" index="1" bw="32" slack="0"/>
</pin_list>
<bind>
<opcode="bitcast(44) " fcode="bitcast"/>
<opset="bitcast_ln98_107/64 "/>
</bind>
</comp>

<comp id="987" class="1004" name="bitcast_ln98_108_fu_987">
<pin_list>
<pin id="988" dir="0" index="0" bw="32" slack="1"/>
<pin id="989" dir="1" index="1" bw="32" slack="0"/>
</pin_list>
<bind>
<opcode="bitcast(44) " fcode="bitcast"/>
<opset="bitcast_ln98_108/65 "/>
</bind>
</comp>

<comp id="992" class="1004" name="bitcast_ln98_109_fu_992">
<pin_list>
<pin id="993" dir="0" index="0" bw="32" slack="9"/>
<pin id="994" dir="1" index="1" bw="32" slack="0"/>
</pin_list>
<bind>
<opcode="bitcast(44) " fcode="bitcast"/>
<opset="bitcast_ln98_109/65 "/>
</bind>
</comp>

<comp id="997" class="1004" name="bitcast_ln98_110_fu_997">
<pin_list>
<pin id="998" dir="0" index="0" bw="32" slack="1"/>
<pin id="999" dir="1" index="1" bw="32" slack="0"/>
</pin_list>
<bind>
<opcode="bitcast(44) " fcode="bitcast"/>
<opset="bitcast_ln98_110/66 "/>
</bind>
</comp>

<comp id="1002" class="1004" name="bitcast_ln98_111_fu_1002">
<pin_list>
<pin id="1003" dir="0" index="0" bw="32" slack="9"/>
<pin id="1004" dir="1" index="1" bw="32" slack="0"/>
</pin_list>
<bind>
<opcode="bitcast(44) " fcode="bitcast"/>
<opset="bitcast_ln98_111/66 "/>
</bind>
</comp>

<comp id="1007" class="1004" name="bitcast_ln98_112_fu_1007">
<pin_list>
<pin id="1008" dir="0" index="0" bw="32" slack="1"/>
<pin id="1009" dir="1" index="1" bw="32" slack="0"/>
</pin_list>
<bind>
<opcode="bitcast(44) " fcode="bitcast"/>
<opset="bitcast_ln98_112/67 "/>
</bind>
</comp>

<comp id="1012" class="1004" name="bitcast_ln98_113_fu_1012">
<pin_list>
<pin id="1013" dir="0" index="0" bw="32" slack="9"/>
<pin id="1014" dir="1" index="1" bw="32" slack="0"/>
</pin_list>
<bind>
<opcode="bitcast(44) " fcode="bitcast"/>
<opset="bitcast_ln98_113/67 "/>
</bind>
</comp>

<comp id="1017" class="1004" name="bitcast_ln98_114_fu_1017">
<pin_list>
<pin id="1018" dir="0" index="0" bw="32" slack="1"/>
<pin id="1019" dir="1" index="1" bw="32" slack="0"/>
</pin_list>
<bind>
<opcode="bitcast(44) " fcode="bitcast"/>
<opset="bitcast_ln98_114/68 "/>
</bind>
</comp>

<comp id="1022" class="1004" name="bitcast_ln98_115_fu_1022">
<pin_list>
<pin id="1023" dir="0" index="0" bw="32" slack="9"/>
<pin id="1024" dir="1" index="1" bw="32" slack="0"/>
</pin_list>
<bind>
<opcode="bitcast(44) " fcode="bitcast"/>
<opset="bitcast_ln98_115/68 "/>
</bind>
</comp>

<comp id="1027" class="1004" name="bitcast_ln98_116_fu_1027">
<pin_list>
<pin id="1028" dir="0" index="0" bw="32" slack="1"/>
<pin id="1029" dir="1" index="1" bw="32" slack="0"/>
</pin_list>
<bind>
<opcode="bitcast(44) " fcode="bitcast"/>
<opset="bitcast_ln98_116/69 "/>
</bind>
</comp>

<comp id="1032" class="1004" name="bitcast_ln98_117_fu_1032">
<pin_list>
<pin id="1033" dir="0" index="0" bw="32" slack="9"/>
<pin id="1034" dir="1" index="1" bw="32" slack="0"/>
</pin_list>
<bind>
<opcode="bitcast(44) " fcode="bitcast"/>
<opset="bitcast_ln98_117/69 "/>
</bind>
</comp>

<comp id="1037" class="1004" name="bitcast_ln98_118_fu_1037">
<pin_list>
<pin id="1038" dir="0" index="0" bw="32" slack="1"/>
<pin id="1039" dir="1" index="1" bw="32" slack="0"/>
</pin_list>
<bind>
<opcode="bitcast(44) " fcode="bitcast"/>
<opset="bitcast_ln98_118/70 "/>
</bind>
</comp>

<comp id="1042" class="1004" name="bitcast_ln98_119_fu_1042">
<pin_list>
<pin id="1043" dir="0" index="0" bw="32" slack="9"/>
<pin id="1044" dir="1" index="1" bw="32" slack="0"/>
</pin_list>
<bind>
<opcode="bitcast(44) " fcode="bitcast"/>
<opset="bitcast_ln98_119/70 "/>
</bind>
</comp>

<comp id="1047" class="1004" name="bitcast_ln98_120_fu_1047">
<pin_list>
<pin id="1048" dir="0" index="0" bw="32" slack="1"/>
<pin id="1049" dir="1" index="1" bw="32" slack="0"/>
</pin_list>
<bind>
<opcode="bitcast(44) " fcode="bitcast"/>
<opset="bitcast_ln98_120/71 "/>
</bind>
</comp>

<comp id="1052" class="1004" name="bitcast_ln98_121_fu_1052">
<pin_list>
<pin id="1053" dir="0" index="0" bw="32" slack="9"/>
<pin id="1054" dir="1" index="1" bw="32" slack="0"/>
</pin_list>
<bind>
<opcode="bitcast(44) " fcode="bitcast"/>
<opset="bitcast_ln98_121/71 "/>
</bind>
</comp>

<comp id="1057" class="1004" name="bitcast_ln98_122_fu_1057">
<pin_list>
<pin id="1058" dir="0" index="0" bw="32" slack="1"/>
<pin id="1059" dir="1" index="1" bw="32" slack="0"/>
</pin_list>
<bind>
<opcode="bitcast(44) " fcode="bitcast"/>
<opset="bitcast_ln98_122/72 "/>
</bind>
</comp>

<comp id="1062" class="1004" name="bitcast_ln98_123_fu_1062">
<pin_list>
<pin id="1063" dir="0" index="0" bw="32" slack="9"/>
<pin id="1064" dir="1" index="1" bw="32" slack="0"/>
</pin_list>
<bind>
<opcode="bitcast(44) " fcode="bitcast"/>
<opset="bitcast_ln98_123/72 "/>
</bind>
</comp>

<comp id="1067" class="1004" name="bitcast_ln98_124_fu_1067">
<pin_list>
<pin id="1068" dir="0" index="0" bw="32" slack="1"/>
<pin id="1069" dir="1" index="1" bw="32" slack="0"/>
</pin_list>
<bind>
<opcode="bitcast(44) " fcode="bitcast"/>
<opset="bitcast_ln98_124/73 "/>
</bind>
</comp>

<comp id="1072" class="1004" name="bitcast_ln98_125_fu_1072">
<pin_list>
<pin id="1073" dir="0" index="0" bw="32" slack="9"/>
<pin id="1074" dir="1" index="1" bw="32" slack="0"/>
</pin_list>
<bind>
<opcode="bitcast(44) " fcode="bitcast"/>
<opset="bitcast_ln98_125/73 "/>
</bind>
</comp>

<comp id="1077" class="1004" name="bitcast_ln98_126_fu_1077">
<pin_list>
<pin id="1078" dir="0" index="0" bw="32" slack="1"/>
<pin id="1079" dir="1" index="1" bw="32" slack="0"/>
</pin_list>
<bind>
<opcode="bitcast(44) " fcode="bitcast"/>
<opset="bitcast_ln98_126/74 "/>
</bind>
</comp>

<comp id="1082" class="1004" name="bitcast_ln98_127_fu_1082">
<pin_list>
<pin id="1083" dir="0" index="0" bw="32" slack="9"/>
<pin id="1084" dir="1" index="1" bw="32" slack="0"/>
</pin_list>
<bind>
<opcode="bitcast(44) " fcode="bitcast"/>
<opset="bitcast_ln98_127/74 "/>
</bind>
</comp>

<comp id="1086" class="1004" name="store_ln98_store_fu_1086">
<pin_list>
<pin id="1087" dir="0" index="0" bw="32" slack="0"/>
<pin id="1088" dir="0" index="1" bw="32" slack="140"/>
<pin id="1089" dir="1" index="2" bw="0" slack="2147483647"/>
</pin_list>
<bind>
<opcode="store(28) " fcode="store"/>
<opset="store_ln98/141 "/>
</bind>
</comp>

<comp id="1091" class="1004" name="store_ln98_store_fu_1091">
<pin_list>
<pin id="1092" dir="0" index="0" bw="32" slack="0"/>
<pin id="1093" dir="0" index="1" bw="32" slack="140"/>
<pin id="1094" dir="1" index="2" bw="0" slack="2147483647"/>
</pin_list>
<bind>
<opcode="store(28) " fcode="store"/>
<opset="store_ln98/141 "/>
</bind>
</comp>

<comp id="1096" class="1004" name="store_ln98_store_fu_1096">
<pin_list>
<pin id="1097" dir="0" index="0" bw="32" slack="0"/>
<pin id="1098" dir="0" index="1" bw="32" slack="140"/>
<pin id="1099" dir="1" index="2" bw="0" slack="2147483647"/>
</pin_list>
<bind>
<opcode="store(28) " fcode="store"/>
<opset="store_ln98/141 "/>
</bind>
</comp>

<comp id="1101" class="1004" name="store_ln98_store_fu_1101">
<pin_list>
<pin id="1102" dir="0" index="0" bw="32" slack="0"/>
<pin id="1103" dir="0" index="1" bw="32" slack="140"/>
<pin id="1104" dir="1" index="2" bw="0" slack="2147483647"/>
</pin_list>
<bind>
<opcode="store(28) " fcode="store"/>
<opset="store_ln98/141 "/>
</bind>
</comp>

<comp id="1106" class="1004" name="max_logit_load_1_load_fu_1106">
<pin_list>
<pin id="1107" dir="0" index="0" bw="32" slack="141"/>
<pin id="1108" dir="1" index="1" bw="32" slack="0"/>
</pin_list>
<bind>
<opcode="load(27) " fcode="load"/>
<opset="max_logit_load_1/142 "/>
</bind>
</comp>

<comp id="1110" class="1004" name="bitcast_ln103_fu_1110">
<pin_list>
<pin id="1111" dir="0" index="0" bw="32" slack="1"/>
<pin id="1112" dir="1" index="1" bw="32" slack="0"/>
</pin_list>
<bind>
<opcode="bitcast(44) " fcode="bitcast"/>
<opset="bitcast_ln103/142 "/>
</bind>
</comp>

<comp id="1114" class="1004" name="tmp_1_fu_1114">
<pin_list>
<pin id="1115" dir="0" index="0" bw="8" slack="0"/>
<pin id="1116" dir="0" index="1" bw="32" slack="0"/>
<pin id="1117" dir="0" index="2" bw="6" slack="0"/>
<pin id="1118" dir="0" index="3" bw="6" slack="0"/>
<pin id="1119" dir="1" index="4" bw="8" slack="0"/>
</pin_list>
<bind>
<opcode="partselect(1002) " fcode="partselect"/>
<opset="tmp_1/142 "/>
</bind>
</comp>

<comp id="1124" class="1004" name="trunc_ln103_fu_1124">
<pin_list>
<pin id="1125" dir="0" index="0" bw="32" slack="0"/>
<pin id="1126" dir="1" index="1" bw="23" slack="0"/>
</pin_list>
<bind>
<opcode="trunc(33) " fcode="trunc"/>
<opset="trunc_ln103/142 "/>
</bind>
</comp>

<comp id="1128" class="1004" name="bitcast_ln103_1_fu_1128">
<pin_list>
<pin id="1129" dir="0" index="0" bw="32" slack="0"/>
<pin id="1130" dir="1" index="1" bw="32" slack="0"/>
</pin_list>
<bind>
<opcode="bitcast(44) " fcode="bitcast"/>
<opset="bitcast_ln103_1/142 "/>
</bind>
</comp>

<comp id="1132" class="1004" name="tmp_2_fu_1132">
<pin_list>
<pin id="1133" dir="0" index="0" bw="8" slack="0"/>
<pin id="1134" dir="0" index="1" bw="32" slack="0"/>
<pin id="1135" dir="0" index="2" bw="6" slack="0"/>
<pin id="1136" dir="0" index="3" bw="6" slack="0"/>
<pin id="1137" dir="1" index="4" bw="8" slack="0"/>
</pin_list>
<bind>
<opcode="partselect(1002) " fcode="partselect"/>
<opset="tmp_2/142 "/>
</bind>
</comp>

<comp id="1142" class="1004" name="trunc_ln103_1_fu_1142">
<pin_list>
<pin id="1143" dir="0" index="0" bw="32" slack="0"/>
<pin id="1144" dir="1" index="1" bw="23" slack="0"/>
</pin_list>
<bind>
<opcode="trunc(33) " fcode="trunc"/>
<opset="trunc_ln103_1/142 "/>
</bind>
</comp>

<comp id="1146" class="1004" name="icmp_ln103_fu_1146">
<pin_list>
<pin id="1147" dir="0" index="0" bw="8" slack="0"/>
<pin id="1148" dir="0" index="1" bw="8" slack="0"/>
<pin id="1149" dir="1" index="2" bw="1" slack="0"/>
</pin_list>
<bind>
<opcode="icmp(45) " fcode="icmp"/>
<opset="icmp_ln103/142 "/>
</bind>
</comp>

<comp id="1152" class="1004" name="icmp_ln103_1_fu_1152">
<pin_list>
<pin id="1153" dir="0" index="0" bw="23" slack="0"/>
<pin id="1154" dir="0" index="1" bw="23" slack="0"/>
<pin id="1155" dir="1" index="2" bw="1" slack="0"/>
</pin_list>
<bind>
<opcode="icmp(45) " fcode="icmp"/>
<opset="icmp_ln103_1/142 "/>
</bind>
</comp>

<comp id="1158" class="1004" name="or_ln103_fu_1158">
<pin_list>
<pin id="1159" dir="0" index="0" bw="1" slack="0"/>
<pin id="1160" dir="0" index="1" bw="1" slack="0"/>
<pin id="1161" dir="1" index="2" bw="1" slack="0"/>
</pin_list>
<bind>
<opcode="or(24) " fcode="or"/>
<opset="or_ln103/142 "/>
</bind>
</comp>

<comp id="1164" class="1004" name="icmp_ln103_2_fu_1164">
<pin_list>
<pin id="1165" dir="0" index="0" bw="8" slack="0"/>
<pin id="1166" dir="0" index="1" bw="8" slack="0"/>
<pin id="1167" dir="1" index="2" bw="1" slack="0"/>
</pin_list>
<bind>
<opcode="icmp(45) " fcode="icmp"/>
<opset="icmp_ln103_2/142 "/>
</bind>
</comp>

<comp id="1170" class="1004" name="icmp_ln103_3_fu_1170">
<pin_list>
<pin id="1171" dir="0" index="0" bw="23" slack="0"/>
<pin id="1172" dir="0" index="1" bw="23" slack="0"/>
<pin id="1173" dir="1" index="2" bw="1" slack="0"/>
</pin_list>
<bind>
<opcode="icmp(45) " fcode="icmp"/>
<opset="icmp_ln103_3/142 "/>
</bind>
</comp>

<comp id="1176" class="1004" name="or_ln103_1_fu_1176">
<pin_list>
<pin id="1177" dir="0" index="0" bw="1" slack="0"/>
<pin id="1178" dir="0" index="1" bw="1" slack="0"/>
<pin id="1179" dir="1" index="2" bw="1" slack="0"/>
</pin_list>
<bind>
<opcode="or(24) " fcode="or"/>
<opset="or_ln103_1/142 "/>
</bind>
</comp>

<comp id="1182" class="1004" name="and_ln103_fu_1182">
<pin_list>
<pin id="1183" dir="0" index="0" bw="1" slack="0"/>
<pin id="1184" dir="0" index="1" bw="1" slack="0"/>
<pin id="1185" dir="1" index="2" bw="1" slack="0"/>
</pin_list>
<bind>
<opcode="and(23) " fcode="and"/>
<opset="and_ln103/142 "/>
</bind>
</comp>

<comp id="1188" class="1004" name="and_ln103_1_fu_1188">
<pin_list>
<pin id="1189" dir="0" index="0" bw="1" slack="0"/>
<pin id="1190" dir="0" index="1" bw="1" slack="0"/>
<pin id="1191" dir="1" index="2" bw="1" slack="0"/>
</pin_list>
<bind>
<opcode="and(23) " fcode="and"/>
<opset="and_ln103_1/142 "/>
</bind>
</comp>

<comp id="1194" class="1004" name="max_logit_1_fu_1194">
<pin_list>
<pin id="1195" dir="0" index="0" bw="1" slack="0"/>
<pin id="1196" dir="0" index="1" bw="32" slack="1"/>
<pin id="1197" dir="0" index="2" bw="32" slack="0"/>
<pin id="1198" dir="1" index="3" bw="32" slack="1"/>
</pin_list>
<bind>
<opcode="select(49) " fcode="select"/>
<opset="max_logit_1/142 "/>
</bind>
</comp>

<comp id="1202" class="1004" name="store_ln92_store_fu_1202">
<pin_list>
<pin id="1203" dir="0" index="0" bw="32" slack="1"/>
<pin id="1204" dir="0" index="1" bw="32" slack="142"/>
<pin id="1205" dir="1" index="2" bw="0" slack="2147483647"/>
</pin_list>
<bind>
<opcode="store(28) " fcode="store"/>
<opset="store_ln92/143 "/>
</bind>
</comp>

<comp id="1206" class="1004" name="max_logit_load_load_fu_1206">
<pin_list>
<pin id="1207" dir="0" index="0" bw="32" slack="78"/>
<pin id="1208" dir="1" index="1" bw="32" slack="0"/>
</pin_list>
<bind>
<opcode="load(27) " fcode="load"/>
<opset="max_logit_load/79 "/>
</bind>
</comp>

<comp id="1210" class="1004" name="logits_0_1_load_load_fu_1210">
<pin_list>
<pin id="1211" dir="0" index="0" bw="32" slack="78"/>
<pin id="1212" dir="1" index="1" bw="32" slack="0"/>
</pin_list>
<bind>
<opcode="load(27) " fcode="load"/>
<opset="logits_0_1_load/79 "/>
</bind>
</comp>

<comp id="1214" class="1004" name="logits_1_1_load_load_fu_1214">
<pin_list>
<pin id="1215" dir="0" index="0" bw="32" slack="78"/>
<pin id="1216" dir="1" index="1" bw="32" slack="0"/>
</pin_list>
<bind>
<opcode="load(27) " fcode="load"/>
<opset="logits_1_1_load/79 "/>
</bind>
</comp>

<comp id="1218" class="1004" name="logits_2_1_load_load_fu_1218">
<pin_list>
<pin id="1219" dir="0" index="0" bw="32" slack="78"/>
<pin id="1220" dir="1" index="1" bw="32" slack="0"/>
</pin_list>
<bind>
<opcode="load(27) " fcode="load"/>
<opset="logits_2_1_load/79 "/>
</bind>
</comp>

<comp id="1222" class="1004" name="logits_3_1_load_load_fu_1222">
<pin_list>
<pin id="1223" dir="0" index="0" bw="32" slack="78"/>
<pin id="1224" dir="1" index="1" bw="32" slack="0"/>
</pin_list>
<bind>
<opcode="load(27) " fcode="load"/>
<opset="logits_3_1_load/79 "/>
</bind>
</comp>

<comp id="1226" class="1005" name="max_logit_reg_1226">
<pin_list>
<pin id="1227" dir="0" index="0" bw="32" slack="0"/>
<pin id="1228" dir="1" index="1" bw="32" slack="0"/>
</pin_list>
<bind>
<opset="max_logit "/>
</bind>
</comp>

<comp id="1234" class="1005" name="e_reg_1234">
<pin_list>
<pin id="1235" dir="0" index="0" bw="3" slack="0"/>
<pin id="1236" dir="1" index="1" bw="3" slack="0"/>
</pin_list>
<bind>
<opset="e "/>
</bind>
</comp>

<comp id="1241" class="1005" name="logits_0_1_reg_1241">
<pin_list>
<pin id="1242" dir="0" index="0" bw="32" slack="0"/>
<pin id="1243" dir="1" index="1" bw="32" slack="0"/>
</pin_list>
<bind>
<opset="logits_0_1 "/>
</bind>
</comp>

<comp id="1248" class="1005" name="logits_1_1_reg_1248">
<pin_list>
<pin id="1249" dir="0" index="0" bw="32" slack="0"/>
<pin id="1250" dir="1" index="1" bw="32" slack="0"/>
</pin_list>
<bind>
<opset="logits_1_1 "/>
</bind>
</comp>

<comp id="1255" class="1005" name="logits_2_1_reg_1255">
<pin_list>
<pin id="1256" dir="0" index="0" bw="32" slack="0"/>
<pin id="1257" dir="1" index="1" bw="32" slack="0"/>
</pin_list>
<bind>
<opset="logits_2_1 "/>
</bind>
</comp>

<comp id="1262" class="1005" name="logits_3_1_reg_1262">
<pin_list>
<pin id="1263" dir="0" index="0" bw="32" slack="0"/>
<pin id="1264" dir="1" index="1" bw="32" slack="0"/>
</pin_list>
<bind>
<opset="logits_3_1 "/>
</bind>
</comp>

<comp id="1269" class="1005" name="tmp_reg_1269">
<pin_list>
<pin id="1270" dir="0" index="0" bw="64" slack="1"/>
<pin id="1271" dir="1" index="1" bw="64" slack="1"/>
</pin_list>
<bind>
<opset="tmp "/>
</bind>
</comp>

<comp id="1274" class="1005" name="sext_ln94_cast_reg_1274">
<pin_list>
<pin id="1275" dir="0" index="0" bw="64" slack="1"/>
<pin id="1276" dir="1" index="1" bw="64" slack="1"/>
</pin_list>
<bind>
<opset="sext_ln94_cast "/>
</bind>
</comp>

<comp id="1279" class="1005" name="sext_ln94_1_cast_reg_1279">
<pin_list>
<pin id="1280" dir="0" index="0" bw="64" slack="1"/>
<pin id="1281" dir="1" index="1" bw="64" slack="1"/>
</pin_list>
<bind>
<opset="sext_ln94_1_cast "/>
</bind>
</comp>

<comp id="1284" class="1005" name="icmp_ln94_reg_1284">
<pin_list>
<pin id="1285" dir="0" index="0" bw="1" slack="1"/>
<pin id="1286" dir="1" index="1" bw="1" slack="2147483647"/>
</pin_list>
<bind>
<opset="icmp_ln94 "/>
</bind>
</comp>

<comp id="1288" class="1005" name="trunc_ln101_reg_1288">
<pin_list>
<pin id="1289" dir="0" index="0" bw="2" slack="140"/>
<pin id="1290" dir="1" index="1" bw="2" slack="2147483647"/>
</pin_list>
<bind>
<opset="trunc_ln101 "/>
</bind>
</comp>

<comp id="1292" class="1005" name="gmem1_addr_reg_1292">
<pin_list>
<pin id="1293" dir="0" index="0" bw="32" slack="1"/>
<pin id="1294" dir="1" index="1" bw="32" slack="1"/>
</pin_list>
<bind>
<opset="gmem1_addr "/>
</bind>
</comp>

<comp id="1297" class="1005" name="gmem2_addr_read_reg_1297">
<pin_list>
<pin id="1298" dir="0" index="0" bw="32" slack="11"/>
<pin id="1299" dir="1" index="1" bw="32" slack="11"/>
</pin_list>
<bind>
<opset="gmem2_addr_read "/>
</bind>
</comp>

<comp id="1302" class="1005" name="gmem0_addr_reg_1302">
<pin_list>
<pin id="1303" dir="0" index="0" bw="32" slack="1"/>
<pin id="1304" dir="1" index="1" bw="32" slack="1"/>
</pin_list>
<bind>
<opset="gmem0_addr "/>
</bind>
</comp>

<comp id="1308" class="1005" name="bitcast_ln98_reg_1308">
<pin_list>
<pin id="1309" dir="0" index="0" bw="32" slack="1"/>
<pin id="1310" dir="1" index="1" bw="32" slack="1"/>
</pin_list>
<bind>
<opset="bitcast_ln98 "/>
</bind>
</comp>

<comp id="1313" class="1005" name="bitcast_ln98_1_reg_1313">
<pin_list>
<pin id="1314" dir="0" index="0" bw="32" slack="1"/>
<pin id="1315" dir="1" index="1" bw="32" slack="1"/>
</pin_list>
<bind>
<opset="bitcast_ln98_1 "/>
</bind>
</comp>

<comp id="1318" class="1005" name="bitcast_ln98_2_reg_1318">
<pin_list>
<pin id="1319" dir="0" index="0" bw="32" slack="1"/>
<pin id="1320" dir="1" index="1" bw="32" slack="1"/>
</pin_list>
<bind>
<opset="bitcast_ln98_2 "/>
</bind>
</comp>

<comp id="1323" class="1005" name="bitcast_ln98_3_reg_1323">
<pin_list>
<pin id="1324" dir="0" index="0" bw="32" slack="1"/>
<pin id="1325" dir="1" index="1" bw="32" slack="1"/>
</pin_list>
<bind>
<opset="bitcast_ln98_3 "/>
</bind>
</comp>

<comp id="1328" class="1005" name="acc_reg_1328">
<pin_list>
<pin id="1329" dir="0" index="0" bw="32" slack="1"/>
<pin id="1330" dir="1" index="1" bw="32" slack="1"/>
</pin_list>
<bind>
<opset="acc "/>
</bind>
</comp>

<comp id="1333" class="1005" name="bitcast_ln98_4_reg_1333">
<pin_list>
<pin id="1334" dir="0" index="0" bw="32" slack="1"/>
<pin id="1335" dir="1" index="1" bw="32" slack="1"/>
</pin_list>
<bind>
<opset="bitcast_ln98_4 "/>
</bind>
</comp>

<comp id="1338" class="1005" name="bitcast_ln98_5_reg_1338">
<pin_list>
<pin id="1339" dir="0" index="0" bw="32" slack="1"/>
<pin id="1340" dir="1" index="1" bw="32" slack="1"/>
</pin_list>
<bind>
<opset="bitcast_ln98_5 "/>
</bind>
</comp>

<comp id="1343" class="1005" name="bitcast_ln98_6_reg_1343">
<pin_list>
<pin id="1344" dir="0" index="0" bw="32" slack="1"/>
<pin id="1345" dir="1" index="1" bw="32" slack="1"/>
</pin_list>
<bind>
<opset="bitcast_ln98_6 "/>
</bind>
</comp>

<comp id="1348" class="1005" name="bitcast_ln98_7_reg_1348">
<pin_list>
<pin id="1349" dir="0" index="0" bw="32" slack="1"/>
<pin id="1350" dir="1" index="1" bw="32" slack="1"/>
</pin_list>
<bind>
<opset="bitcast_ln98_7 "/>
</bind>
</comp>

<comp id="1353" class="1005" name="bitcast_ln98_8_reg_1353">
<pin_list>
<pin id="1354" dir="0" index="0" bw="32" slack="1"/>
<pin id="1355" dir="1" index="1" bw="32" slack="1"/>
</pin_list>
<bind>
<opset="bitcast_ln98_8 "/>
</bind>
</comp>

<comp id="1358" class="1005" name="bitcast_ln98_9_reg_1358">
<pin_list>
<pin id="1359" dir="0" index="0" bw="32" slack="1"/>
<pin id="1360" dir="1" index="1" bw="32" slack="1"/>
</pin_list>
<bind>
<opset="bitcast_ln98_9 "/>
</bind>
</comp>

<comp id="1363" class="1005" name="bitcast_ln98_10_reg_1363">
<pin_list>
<pin id="1364" dir="0" index="0" bw="32" slack="1"/>
<pin id="1365" dir="1" index="1" bw="32" slack="1"/>
</pin_list>
<bind>
<opset="bitcast_ln98_10 "/>
</bind>
</comp>

<comp id="1368" class="1005" name="bitcast_ln98_11_reg_1368">
<pin_list>
<pin id="1369" dir="0" index="0" bw="32" slack="1"/>
<pin id="1370" dir="1" index="1" bw="32" slack="1"/>
</pin_list>
<bind>
<opset="bitcast_ln98_11 "/>
</bind>
</comp>

<comp id="1373" class="1005" name="bitcast_ln98_12_reg_1373">
<pin_list>
<pin id="1374" dir="0" index="0" bw="32" slack="1"/>
<pin id="1375" dir="1" index="1" bw="32" slack="1"/>
</pin_list>
<bind>
<opset="bitcast_ln98_12 "/>
</bind>
</comp>

<comp id="1378" class="1005" name="bitcast_ln98_13_reg_1378">
<pin_list>
<pin id="1379" dir="0" index="0" bw="32" slack="1"/>
<pin id="1380" dir="1" index="1" bw="32" slack="1"/>
</pin_list>
<bind>
<opset="bitcast_ln98_13 "/>
</bind>
</comp>

<comp id="1383" class="1005" name="bitcast_ln98_14_reg_1383">
<pin_list>
<pin id="1384" dir="0" index="0" bw="32" slack="1"/>
<pin id="1385" dir="1" index="1" bw="32" slack="1"/>
</pin_list>
<bind>
<opset="bitcast_ln98_14 "/>
</bind>
</comp>

<comp id="1388" class="1005" name="bitcast_ln98_15_reg_1388">
<pin_list>
<pin id="1389" dir="0" index="0" bw="32" slack="1"/>
<pin id="1390" dir="1" index="1" bw="32" slack="1"/>
</pin_list>
<bind>
<opset="bitcast_ln98_15 "/>
</bind>
</comp>

<comp id="1393" class="1005" name="bitcast_ln98_16_reg_1393">
<pin_list>
<pin id="1394" dir="0" index="0" bw="32" slack="1"/>
<pin id="1395" dir="1" index="1" bw="32" slack="1"/>
</pin_list>
<bind>
<opset="bitcast_ln98_16 "/>
</bind>
</comp>

<comp id="1398" class="1005" name="bitcast_ln98_17_reg_1398">
<pin_list>
<pin id="1399" dir="0" index="0" bw="32" slack="1"/>
<pin id="1400" dir="1" index="1" bw="32" slack="1"/>
</pin_list>
<bind>
<opset="bitcast_ln98_17 "/>
</bind>
</comp>

<comp id="1403" class="1005" name="bitcast_ln98_18_reg_1403">
<pin_list>
<pin id="1404" dir="0" index="0" bw="32" slack="1"/>
<pin id="1405" dir="1" index="1" bw="32" slack="1"/>
</pin_list>
<bind>
<opset="bitcast_ln98_18 "/>
</bind>
</comp>

<comp id="1408" class="1005" name="bitcast_ln98_19_reg_1408">
<pin_list>
<pin id="1409" dir="0" index="0" bw="32" slack="1"/>
<pin id="1410" dir="1" index="1" bw="32" slack="1"/>
</pin_list>
<bind>
<opset="bitcast_ln98_19 "/>
</bind>
</comp>

<comp id="1413" class="1005" name="bitcast_ln98_20_reg_1413">
<pin_list>
<pin id="1414" dir="0" index="0" bw="32" slack="1"/>
<pin id="1415" dir="1" index="1" bw="32" slack="1"/>
</pin_list>
<bind>
<opset="bitcast_ln98_20 "/>
</bind>
</comp>

<comp id="1418" class="1005" name="bitcast_ln98_21_reg_1418">
<pin_list>
<pin id="1419" dir="0" index="0" bw="32" slack="1"/>
<pin id="1420" dir="1" index="1" bw="32" slack="1"/>
</pin_list>
<bind>
<opset="bitcast_ln98_21 "/>
</bind>
</comp>

<comp id="1423" class="1005" name="bitcast_ln98_22_reg_1423">
<pin_list>
<pin id="1424" dir="0" index="0" bw="32" slack="1"/>
<pin id="1425" dir="1" index="1" bw="32" slack="1"/>
</pin_list>
<bind>
<opset="bitcast_ln98_22 "/>
</bind>
</comp>

<comp id="1428" class="1005" name="bitcast_ln98_23_reg_1428">
<pin_list>
<pin id="1429" dir="0" index="0" bw="32" slack="1"/>
<pin id="1430" dir="1" index="1" bw="32" slack="1"/>
</pin_list>
<bind>
<opset="bitcast_ln98_23 "/>
</bind>
</comp>

<comp id="1433" class="1005" name="bitcast_ln98_24_reg_1433">
<pin_list>
<pin id="1434" dir="0" index="0" bw="32" slack="1"/>
<pin id="1435" dir="1" index="1" bw="32" slack="1"/>
</pin_list>
<bind>
<opset="bitcast_ln98_24 "/>
</bind>
</comp>

<comp id="1438" class="1005" name="bitcast_ln98_25_reg_1438">
<pin_list>
<pin id="1439" dir="0" index="0" bw="32" slack="1"/>
<pin id="1440" dir="1" index="1" bw="32" slack="1"/>
</pin_list>
<bind>
<opset="bitcast_ln98_25 "/>
</bind>
</comp>

<comp id="1443" class="1005" name="bitcast_ln98_26_reg_1443">
<pin_list>
<pin id="1444" dir="0" index="0" bw="32" slack="1"/>
<pin id="1445" dir="1" index="1" bw="32" slack="1"/>
</pin_list>
<bind>
<opset="bitcast_ln98_26 "/>
</bind>
</comp>

<comp id="1448" class="1005" name="bitcast_ln98_27_reg_1448">
<pin_list>
<pin id="1449" dir="0" index="0" bw="32" slack="1"/>
<pin id="1450" dir="1" index="1" bw="32" slack="1"/>
</pin_list>
<bind>
<opset="bitcast_ln98_27 "/>
</bind>
</comp>

<comp id="1453" class="1005" name="bitcast_ln98_28_reg_1453">
<pin_list>
<pin id="1454" dir="0" index="0" bw="32" slack="1"/>
<pin id="1455" dir="1" index="1" bw="32" slack="1"/>
</pin_list>
<bind>
<opset="bitcast_ln98_28 "/>
</bind>
</comp>

<comp id="1458" class="1005" name="bitcast_ln98_29_reg_1458">
<pin_list>
<pin id="1459" dir="0" index="0" bw="32" slack="1"/>
<pin id="1460" dir="1" index="1" bw="32" slack="1"/>
</pin_list>
<bind>
<opset="bitcast_ln98_29 "/>
</bind>
</comp>

<comp id="1463" class="1005" name="bitcast_ln98_30_reg_1463">
<pin_list>
<pin id="1464" dir="0" index="0" bw="32" slack="1"/>
<pin id="1465" dir="1" index="1" bw="32" slack="1"/>
</pin_list>
<bind>
<opset="bitcast_ln98_30 "/>
</bind>
</comp>

<comp id="1468" class="1005" name="bitcast_ln98_31_reg_1468">
<pin_list>
<pin id="1469" dir="0" index="0" bw="32" slack="1"/>
<pin id="1470" dir="1" index="1" bw="32" slack="1"/>
</pin_list>
<bind>
<opset="bitcast_ln98_31 "/>
</bind>
</comp>

<comp id="1473" class="1005" name="bitcast_ln98_32_reg_1473">
<pin_list>
<pin id="1474" dir="0" index="0" bw="32" slack="1"/>
<pin id="1475" dir="1" index="1" bw="32" slack="1"/>
</pin_list>
<bind>
<opset="bitcast_ln98_32 "/>
</bind>
</comp>

<comp id="1478" class="1005" name="bitcast_ln98_33_reg_1478">
<pin_list>
<pin id="1479" dir="0" index="0" bw="32" slack="1"/>
<pin id="1480" dir="1" index="1" bw="32" slack="1"/>
</pin_list>
<bind>
<opset="bitcast_ln98_33 "/>
</bind>
</comp>

<comp id="1483" class="1005" name="bitcast_ln98_34_reg_1483">
<pin_list>
<pin id="1484" dir="0" index="0" bw="32" slack="1"/>
<pin id="1485" dir="1" index="1" bw="32" slack="1"/>
</pin_list>
<bind>
<opset="bitcast_ln98_34 "/>
</bind>
</comp>

<comp id="1488" class="1005" name="bitcast_ln98_35_reg_1488">
<pin_list>
<pin id="1489" dir="0" index="0" bw="32" slack="1"/>
<pin id="1490" dir="1" index="1" bw="32" slack="1"/>
</pin_list>
<bind>
<opset="bitcast_ln98_35 "/>
</bind>
</comp>

<comp id="1493" class="1005" name="bitcast_ln98_36_reg_1493">
<pin_list>
<pin id="1494" dir="0" index="0" bw="32" slack="1"/>
<pin id="1495" dir="1" index="1" bw="32" slack="1"/>
</pin_list>
<bind>
<opset="bitcast_ln98_36 "/>
</bind>
</comp>

<comp id="1498" class="1005" name="bitcast_ln98_37_reg_1498">
<pin_list>
<pin id="1499" dir="0" index="0" bw="32" slack="1"/>
<pin id="1500" dir="1" index="1" bw="32" slack="1"/>
</pin_list>
<bind>
<opset="bitcast_ln98_37 "/>
</bind>
</comp>

<comp id="1503" class="1005" name="bitcast_ln98_38_reg_1503">
<pin_list>
<pin id="1504" dir="0" index="0" bw="32" slack="1"/>
<pin id="1505" dir="1" index="1" bw="32" slack="1"/>
</pin_list>
<bind>
<opset="bitcast_ln98_38 "/>
</bind>
</comp>

<comp id="1508" class="1005" name="bitcast_ln98_39_reg_1508">
<pin_list>
<pin id="1509" dir="0" index="0" bw="32" slack="1"/>
<pin id="1510" dir="1" index="1" bw="32" slack="1"/>
</pin_list>
<bind>
<opset="bitcast_ln98_39 "/>
</bind>
</comp>

<comp id="1513" class="1005" name="bitcast_ln98_40_reg_1513">
<pin_list>
<pin id="1514" dir="0" index="0" bw="32" slack="1"/>
<pin id="1515" dir="1" index="1" bw="32" slack="1"/>
</pin_list>
<bind>
<opset="bitcast_ln98_40 "/>
</bind>
</comp>

<comp id="1518" class="1005" name="bitcast_ln98_41_reg_1518">
<pin_list>
<pin id="1519" dir="0" index="0" bw="32" slack="1"/>
<pin id="1520" dir="1" index="1" bw="32" slack="1"/>
</pin_list>
<bind>
<opset="bitcast_ln98_41 "/>
</bind>
</comp>

<comp id="1523" class="1005" name="bitcast_ln98_42_reg_1523">
<pin_list>
<pin id="1524" dir="0" index="0" bw="32" slack="1"/>
<pin id="1525" dir="1" index="1" bw="32" slack="1"/>
</pin_list>
<bind>
<opset="bitcast_ln98_42 "/>
</bind>
</comp>

<comp id="1528" class="1005" name="bitcast_ln98_43_reg_1528">
<pin_list>
<pin id="1529" dir="0" index="0" bw="32" slack="1"/>
<pin id="1530" dir="1" index="1" bw="32" slack="1"/>
</pin_list>
<bind>
<opset="bitcast_ln98_43 "/>
</bind>
</comp>

<comp id="1533" class="1005" name="mul15_20_reg_1533">
<pin_list>
<pin id="1534" dir="0" index="0" bw="32" slack="22"/>
<pin id="1535" dir="1" index="1" bw="32" slack="22"/>
</pin_list>
<bind>
<opset="mul15_20 "/>
</bind>
</comp>

<comp id="1538" class="1005" name="bitcast_ln98_44_reg_1538">
<pin_list>
<pin id="1539" dir="0" index="0" bw="32" slack="1"/>
<pin id="1540" dir="1" index="1" bw="32" slack="1"/>
</pin_list>
<bind>
<opset="bitcast_ln98_44 "/>
</bind>
</comp>

<comp id="1543" class="1005" name="bitcast_ln98_45_reg_1543">
<pin_list>
<pin id="1544" dir="0" index="0" bw="32" slack="1"/>
<pin id="1545" dir="1" index="1" bw="32" slack="1"/>
</pin_list>
<bind>
<opset="bitcast_ln98_45 "/>
</bind>
</comp>

<comp id="1548" class="1005" name="bitcast_ln98_46_reg_1548">
<pin_list>
<pin id="1549" dir="0" index="0" bw="32" slack="1"/>
<pin id="1550" dir="1" index="1" bw="32" slack="1"/>
</pin_list>
<bind>
<opset="bitcast_ln98_46 "/>
</bind>
</comp>

<comp id="1553" class="1005" name="bitcast_ln98_47_reg_1553">
<pin_list>
<pin id="1554" dir="0" index="0" bw="32" slack="1"/>
<pin id="1555" dir="1" index="1" bw="32" slack="1"/>
</pin_list>
<bind>
<opset="bitcast_ln98_47 "/>
</bind>
</comp>

<comp id="1558" class="1005" name="mul15_22_reg_1558">
<pin_list>
<pin id="1559" dir="0" index="0" bw="32" slack="24"/>
<pin id="1560" dir="1" index="1" bw="32" slack="24"/>
</pin_list>
<bind>
<opset="mul15_22 "/>
</bind>
</comp>

<comp id="1563" class="1005" name="bitcast_ln98_48_reg_1563">
<pin_list>
<pin id="1564" dir="0" index="0" bw="32" slack="1"/>
<pin id="1565" dir="1" index="1" bw="32" slack="1"/>
</pin_list>
<bind>
<opset="bitcast_ln98_48 "/>
</bind>
</comp>

<comp id="1568" class="1005" name="bitcast_ln98_49_reg_1568">
<pin_list>
<pin id="1569" dir="0" index="0" bw="32" slack="1"/>
<pin id="1570" dir="1" index="1" bw="32" slack="1"/>
</pin_list>
<bind>
<opset="bitcast_ln98_49 "/>
</bind>
</comp>

<comp id="1573" class="1005" name="bitcast_ln98_50_reg_1573">
<pin_list>
<pin id="1574" dir="0" index="0" bw="32" slack="1"/>
<pin id="1575" dir="1" index="1" bw="32" slack="1"/>
</pin_list>
<bind>
<opset="bitcast_ln98_50 "/>
</bind>
</comp>

<comp id="1578" class="1005" name="bitcast_ln98_51_reg_1578">
<pin_list>
<pin id="1579" dir="0" index="0" bw="32" slack="1"/>
<pin id="1580" dir="1" index="1" bw="32" slack="1"/>
</pin_list>
<bind>
<opset="bitcast_ln98_51 "/>
</bind>
</comp>

<comp id="1583" class="1005" name="mul15_24_reg_1583">
<pin_list>
<pin id="1584" dir="0" index="0" bw="32" slack="26"/>
<pin id="1585" dir="1" index="1" bw="32" slack="26"/>
</pin_list>
<bind>
<opset="mul15_24 "/>
</bind>
</comp>

<comp id="1588" class="1005" name="bitcast_ln98_52_reg_1588">
<pin_list>
<pin id="1589" dir="0" index="0" bw="32" slack="1"/>
<pin id="1590" dir="1" index="1" bw="32" slack="1"/>
</pin_list>
<bind>
<opset="bitcast_ln98_52 "/>
</bind>
</comp>

<comp id="1593" class="1005" name="bitcast_ln98_53_reg_1593">
<pin_list>
<pin id="1594" dir="0" index="0" bw="32" slack="1"/>
<pin id="1595" dir="1" index="1" bw="32" slack="1"/>
</pin_list>
<bind>
<opset="bitcast_ln98_53 "/>
</bind>
</comp>

<comp id="1598" class="1005" name="bitcast_ln98_54_reg_1598">
<pin_list>
<pin id="1599" dir="0" index="0" bw="32" slack="1"/>
<pin id="1600" dir="1" index="1" bw="32" slack="1"/>
</pin_list>
<bind>
<opset="bitcast_ln98_54 "/>
</bind>
</comp>

<comp id="1603" class="1005" name="bitcast_ln98_55_reg_1603">
<pin_list>
<pin id="1604" dir="0" index="0" bw="32" slack="1"/>
<pin id="1605" dir="1" index="1" bw="32" slack="1"/>
</pin_list>
<bind>
<opset="bitcast_ln98_55 "/>
</bind>
</comp>

<comp id="1608" class="1005" name="mul15_26_reg_1608">
<pin_list>
<pin id="1609" dir="0" index="0" bw="32" slack="28"/>
<pin id="1610" dir="1" index="1" bw="32" slack="28"/>
</pin_list>
<bind>
<opset="mul15_26 "/>
</bind>
</comp>

<comp id="1613" class="1005" name="bitcast_ln98_56_reg_1613">
<pin_list>
<pin id="1614" dir="0" index="0" bw="32" slack="1"/>
<pin id="1615" dir="1" index="1" bw="32" slack="1"/>
</pin_list>
<bind>
<opset="bitcast_ln98_56 "/>
</bind>
</comp>

<comp id="1618" class="1005" name="bitcast_ln98_57_reg_1618">
<pin_list>
<pin id="1619" dir="0" index="0" bw="32" slack="1"/>
<pin id="1620" dir="1" index="1" bw="32" slack="1"/>
</pin_list>
<bind>
<opset="bitcast_ln98_57 "/>
</bind>
</comp>

<comp id="1623" class="1005" name="bitcast_ln98_58_reg_1623">
<pin_list>
<pin id="1624" dir="0" index="0" bw="32" slack="1"/>
<pin id="1625" dir="1" index="1" bw="32" slack="1"/>
</pin_list>
<bind>
<opset="bitcast_ln98_58 "/>
</bind>
</comp>

<comp id="1628" class="1005" name="bitcast_ln98_59_reg_1628">
<pin_list>
<pin id="1629" dir="0" index="0" bw="32" slack="1"/>
<pin id="1630" dir="1" index="1" bw="32" slack="1"/>
</pin_list>
<bind>
<opset="bitcast_ln98_59 "/>
</bind>
</comp>

<comp id="1633" class="1005" name="mul15_28_reg_1633">
<pin_list>
<pin id="1634" dir="0" index="0" bw="32" slack="30"/>
<pin id="1635" dir="1" index="1" bw="32" slack="30"/>
</pin_list>
<bind>
<opset="mul15_28 "/>
</bind>
</comp>

<comp id="1638" class="1005" name="bitcast_ln98_60_reg_1638">
<pin_list>
<pin id="1639" dir="0" index="0" bw="32" slack="1"/>
<pin id="1640" dir="1" index="1" bw="32" slack="1"/>
</pin_list>
<bind>
<opset="bitcast_ln98_60 "/>
</bind>
</comp>

<comp id="1643" class="1005" name="bitcast_ln98_61_reg_1643">
<pin_list>
<pin id="1644" dir="0" index="0" bw="32" slack="1"/>
<pin id="1645" dir="1" index="1" bw="32" slack="1"/>
</pin_list>
<bind>
<opset="bitcast_ln98_61 "/>
</bind>
</comp>

<comp id="1648" class="1005" name="bitcast_ln98_62_reg_1648">
<pin_list>
<pin id="1649" dir="0" index="0" bw="32" slack="1"/>
<pin id="1650" dir="1" index="1" bw="32" slack="1"/>
</pin_list>
<bind>
<opset="bitcast_ln98_62 "/>
</bind>
</comp>

<comp id="1653" class="1005" name="bitcast_ln98_63_reg_1653">
<pin_list>
<pin id="1654" dir="0" index="0" bw="32" slack="1"/>
<pin id="1655" dir="1" index="1" bw="32" slack="1"/>
</pin_list>
<bind>
<opset="bitcast_ln98_63 "/>
</bind>
</comp>

<comp id="1658" class="1005" name="mul15_30_reg_1658">
<pin_list>
<pin id="1659" dir="0" index="0" bw="32" slack="32"/>
<pin id="1660" dir="1" index="1" bw="32" slack="32"/>
</pin_list>
<bind>
<opset="mul15_30 "/>
</bind>
</comp>

<comp id="1663" class="1005" name="bitcast_ln98_64_reg_1663">
<pin_list>
<pin id="1664" dir="0" index="0" bw="32" slack="1"/>
<pin id="1665" dir="1" index="1" bw="32" slack="1"/>
</pin_list>
<bind>
<opset="bitcast_ln98_64 "/>
</bind>
</comp>

<comp id="1668" class="1005" name="bitcast_ln98_65_reg_1668">
<pin_list>
<pin id="1669" dir="0" index="0" bw="32" slack="1"/>
<pin id="1670" dir="1" index="1" bw="32" slack="1"/>
</pin_list>
<bind>
<opset="bitcast_ln98_65 "/>
</bind>
</comp>

<comp id="1673" class="1005" name="bitcast_ln98_66_reg_1673">
<pin_list>
<pin id="1674" dir="0" index="0" bw="32" slack="1"/>
<pin id="1675" dir="1" index="1" bw="32" slack="1"/>
</pin_list>
<bind>
<opset="bitcast_ln98_66 "/>
</bind>
</comp>

<comp id="1678" class="1005" name="bitcast_ln98_67_reg_1678">
<pin_list>
<pin id="1679" dir="0" index="0" bw="32" slack="1"/>
<pin id="1680" dir="1" index="1" bw="32" slack="1"/>
</pin_list>
<bind>
<opset="bitcast_ln98_67 "/>
</bind>
</comp>

<comp id="1683" class="1005" name="mul15_32_reg_1683">
<pin_list>
<pin id="1684" dir="0" index="0" bw="32" slack="35"/>
<pin id="1685" dir="1" index="1" bw="32" slack="35"/>
</pin_list>
<bind>
<opset="mul15_32 "/>
</bind>
</comp>

<comp id="1688" class="1005" name="bitcast_ln98_68_reg_1688">
<pin_list>
<pin id="1689" dir="0" index="0" bw="32" slack="1"/>
<pin id="1690" dir="1" index="1" bw="32" slack="1"/>
</pin_list>
<bind>
<opset="bitcast_ln98_68 "/>
</bind>
</comp>

<comp id="1693" class="1005" name="bitcast_ln98_69_reg_1693">
<pin_list>
<pin id="1694" dir="0" index="0" bw="32" slack="1"/>
<pin id="1695" dir="1" index="1" bw="32" slack="1"/>
</pin_list>
<bind>
<opset="bitcast_ln98_69 "/>
</bind>
</comp>

<comp id="1698" class="1005" name="bitcast_ln98_70_reg_1698">
<pin_list>
<pin id="1699" dir="0" index="0" bw="32" slack="1"/>
<pin id="1700" dir="1" index="1" bw="32" slack="1"/>
</pin_list>
<bind>
<opset="bitcast_ln98_70 "/>
</bind>
</comp>

<comp id="1703" class="1005" name="bitcast_ln98_71_reg_1703">
<pin_list>
<pin id="1704" dir="0" index="0" bw="32" slack="1"/>
<pin id="1705" dir="1" index="1" bw="32" slack="1"/>
</pin_list>
<bind>
<opset="bitcast_ln98_71 "/>
</bind>
</comp>

<comp id="1708" class="1005" name="mul15_34_reg_1708">
<pin_list>
<pin id="1709" dir="0" index="0" bw="32" slack="37"/>
<pin id="1710" dir="1" index="1" bw="32" slack="37"/>
</pin_list>
<bind>
<opset="mul15_34 "/>
</bind>
</comp>

<comp id="1713" class="1005" name="bitcast_ln98_72_reg_1713">
<pin_list>
<pin id="1714" dir="0" index="0" bw="32" slack="1"/>
<pin id="1715" dir="1" index="1" bw="32" slack="1"/>
</pin_list>
<bind>
<opset="bitcast_ln98_72 "/>
</bind>
</comp>

<comp id="1718" class="1005" name="bitcast_ln98_73_reg_1718">
<pin_list>
<pin id="1719" dir="0" index="0" bw="32" slack="1"/>
<pin id="1720" dir="1" index="1" bw="32" slack="1"/>
</pin_list>
<bind>
<opset="bitcast_ln98_73 "/>
</bind>
</comp>

<comp id="1723" class="1005" name="bitcast_ln98_74_reg_1723">
<pin_list>
<pin id="1724" dir="0" index="0" bw="32" slack="1"/>
<pin id="1725" dir="1" index="1" bw="32" slack="1"/>
</pin_list>
<bind>
<opset="bitcast_ln98_74 "/>
</bind>
</comp>

<comp id="1728" class="1005" name="bitcast_ln98_75_reg_1728">
<pin_list>
<pin id="1729" dir="0" index="0" bw="32" slack="1"/>
<pin id="1730" dir="1" index="1" bw="32" slack="1"/>
</pin_list>
<bind>
<opset="bitcast_ln98_75 "/>
</bind>
</comp>

<comp id="1733" class="1005" name="mul15_36_reg_1733">
<pin_list>
<pin id="1734" dir="0" index="0" bw="32" slack="39"/>
<pin id="1735" dir="1" index="1" bw="32" slack="39"/>
</pin_list>
<bind>
<opset="mul15_36 "/>
</bind>
</comp>

<comp id="1738" class="1005" name="bitcast_ln98_76_reg_1738">
<pin_list>
<pin id="1739" dir="0" index="0" bw="32" slack="1"/>
<pin id="1740" dir="1" index="1" bw="32" slack="1"/>
</pin_list>
<bind>
<opset="bitcast_ln98_76 "/>
</bind>
</comp>

<comp id="1743" class="1005" name="bitcast_ln98_77_reg_1743">
<pin_list>
<pin id="1744" dir="0" index="0" bw="32" slack="1"/>
<pin id="1745" dir="1" index="1" bw="32" slack="1"/>
</pin_list>
<bind>
<opset="bitcast_ln98_77 "/>
</bind>
</comp>

<comp id="1748" class="1005" name="mul15_37_reg_1748">
<pin_list>
<pin id="1749" dir="0" index="0" bw="32" slack="40"/>
<pin id="1750" dir="1" index="1" bw="32" slack="40"/>
</pin_list>
<bind>
<opset="mul15_37 "/>
</bind>
</comp>

<comp id="1753" class="1005" name="bitcast_ln98_78_reg_1753">
<pin_list>
<pin id="1754" dir="0" index="0" bw="32" slack="1"/>
<pin id="1755" dir="1" index="1" bw="32" slack="1"/>
</pin_list>
<bind>
<opset="bitcast_ln98_78 "/>
</bind>
</comp>

<comp id="1758" class="1005" name="bitcast_ln98_79_reg_1758">
<pin_list>
<pin id="1759" dir="0" index="0" bw="32" slack="1"/>
<pin id="1760" dir="1" index="1" bw="32" slack="1"/>
</pin_list>
<bind>
<opset="bitcast_ln98_79 "/>
</bind>
</comp>

<comp id="1763" class="1005" name="mul15_38_reg_1763">
<pin_list>
<pin id="1764" dir="0" index="0" bw="32" slack="41"/>
<pin id="1765" dir="1" index="1" bw="32" slack="41"/>
</pin_list>
<bind>
<opset="mul15_38 "/>
</bind>
</comp>

<comp id="1768" class="1005" name="bitcast_ln98_80_reg_1768">
<pin_list>
<pin id="1769" dir="0" index="0" bw="32" slack="1"/>
<pin id="1770" dir="1" index="1" bw="32" slack="1"/>
</pin_list>
<bind>
<opset="bitcast_ln98_80 "/>
</bind>
</comp>

<comp id="1773" class="1005" name="bitcast_ln98_81_reg_1773">
<pin_list>
<pin id="1774" dir="0" index="0" bw="32" slack="1"/>
<pin id="1775" dir="1" index="1" bw="32" slack="1"/>
</pin_list>
<bind>
<opset="bitcast_ln98_81 "/>
</bind>
</comp>

<comp id="1778" class="1005" name="bitcast_ln98_82_reg_1778">
<pin_list>
<pin id="1779" dir="0" index="0" bw="32" slack="1"/>
<pin id="1780" dir="1" index="1" bw="32" slack="1"/>
</pin_list>
<bind>
<opset="bitcast_ln98_82 "/>
</bind>
</comp>

<comp id="1783" class="1005" name="bitcast_ln98_83_reg_1783">
<pin_list>
<pin id="1784" dir="0" index="0" bw="32" slack="1"/>
<pin id="1785" dir="1" index="1" bw="32" slack="1"/>
</pin_list>
<bind>
<opset="bitcast_ln98_83 "/>
</bind>
</comp>

<comp id="1788" class="1005" name="mul15_40_reg_1788">
<pin_list>
<pin id="1789" dir="0" index="0" bw="32" slack="43"/>
<pin id="1790" dir="1" index="1" bw="32" slack="43"/>
</pin_list>
<bind>
<opset="mul15_40 "/>
</bind>
</comp>

<comp id="1793" class="1005" name="bitcast_ln98_84_reg_1793">
<pin_list>
<pin id="1794" dir="0" index="0" bw="32" slack="1"/>
<pin id="1795" dir="1" index="1" bw="32" slack="1"/>
</pin_list>
<bind>
<opset="bitcast_ln98_84 "/>
</bind>
</comp>

<comp id="1798" class="1005" name="bitcast_ln98_85_reg_1798">
<pin_list>
<pin id="1799" dir="0" index="0" bw="32" slack="1"/>
<pin id="1800" dir="1" index="1" bw="32" slack="1"/>
</pin_list>
<bind>
<opset="bitcast_ln98_85 "/>
</bind>
</comp>

<comp id="1803" class="1005" name="mul15_41_reg_1803">
<pin_list>
<pin id="1804" dir="0" index="0" bw="32" slack="44"/>
<pin id="1805" dir="1" index="1" bw="32" slack="44"/>
</pin_list>
<bind>
<opset="mul15_41 "/>
</bind>
</comp>

<comp id="1808" class="1005" name="bitcast_ln98_86_reg_1808">
<pin_list>
<pin id="1809" dir="0" index="0" bw="32" slack="1"/>
<pin id="1810" dir="1" index="1" bw="32" slack="1"/>
</pin_list>
<bind>
<opset="bitcast_ln98_86 "/>
</bind>
</comp>

<comp id="1813" class="1005" name="bitcast_ln98_87_reg_1813">
<pin_list>
<pin id="1814" dir="0" index="0" bw="32" slack="1"/>
<pin id="1815" dir="1" index="1" bw="32" slack="1"/>
</pin_list>
<bind>
<opset="bitcast_ln98_87 "/>
</bind>
</comp>

<comp id="1818" class="1005" name="mul15_42_reg_1818">
<pin_list>
<pin id="1819" dir="0" index="0" bw="32" slack="45"/>
<pin id="1820" dir="1" index="1" bw="32" slack="45"/>
</pin_list>
<bind>
<opset="mul15_42 "/>
</bind>
</comp>

<comp id="1823" class="1005" name="bitcast_ln98_88_reg_1823">
<pin_list>
<pin id="1824" dir="0" index="0" bw="32" slack="1"/>
<pin id="1825" dir="1" index="1" bw="32" slack="1"/>
</pin_list>
<bind>
<opset="bitcast_ln98_88 "/>
</bind>
</comp>

<comp id="1828" class="1005" name="bitcast_ln98_89_reg_1828">
<pin_list>
<pin id="1829" dir="0" index="0" bw="32" slack="1"/>
<pin id="1830" dir="1" index="1" bw="32" slack="1"/>
</pin_list>
<bind>
<opset="bitcast_ln98_89 "/>
</bind>
</comp>

<comp id="1833" class="1005" name="mul15_43_reg_1833">
<pin_list>
<pin id="1834" dir="0" index="0" bw="32" slack="46"/>
<pin id="1835" dir="1" index="1" bw="32" slack="46"/>
</pin_list>
<bind>
<opset="mul15_43 "/>
</bind>
</comp>

<comp id="1838" class="1005" name="bitcast_ln98_90_reg_1838">
<pin_list>
<pin id="1839" dir="0" index="0" bw="32" slack="1"/>
<pin id="1840" dir="1" index="1" bw="32" slack="1"/>
</pin_list>
<bind>
<opset="bitcast_ln98_90 "/>
</bind>
</comp>

<comp id="1843" class="1005" name="bitcast_ln98_91_reg_1843">
<pin_list>
<pin id="1844" dir="0" index="0" bw="32" slack="1"/>
<pin id="1845" dir="1" index="1" bw="32" slack="1"/>
</pin_list>
<bind>
<opset="bitcast_ln98_91 "/>
</bind>
</comp>

<comp id="1848" class="1005" name="mul15_44_reg_1848">
<pin_list>
<pin id="1849" dir="0" index="0" bw="32" slack="47"/>
<pin id="1850" dir="1" index="1" bw="32" slack="47"/>
</pin_list>
<bind>
<opset="mul15_44 "/>
</bind>
</comp>

<comp id="1853" class="1005" name="bitcast_ln98_92_reg_1853">
<pin_list>
<pin id="1854" dir="0" index="0" bw="32" slack="1"/>
<pin id="1855" dir="1" index="1" bw="32" slack="1"/>
</pin_list>
<bind>
<opset="bitcast_ln98_92 "/>
</bind>
</comp>

<comp id="1858" class="1005" name="bitcast_ln98_93_reg_1858">
<pin_list>
<pin id="1859" dir="0" index="0" bw="32" slack="1"/>
<pin id="1860" dir="1" index="1" bw="32" slack="1"/>
</pin_list>
<bind>
<opset="bitcast_ln98_93 "/>
</bind>
</comp>

<comp id="1863" class="1005" name="mul15_45_reg_1863">
<pin_list>
<pin id="1864" dir="0" index="0" bw="32" slack="48"/>
<pin id="1865" dir="1" index="1" bw="32" slack="48"/>
</pin_list>
<bind>
<opset="mul15_45 "/>
</bind>
</comp>

<comp id="1868" class="1005" name="bitcast_ln98_94_reg_1868">
<pin_list>
<pin id="1869" dir="0" index="0" bw="32" slack="1"/>
<pin id="1870" dir="1" index="1" bw="32" slack="1"/>
</pin_list>
<bind>
<opset="bitcast_ln98_94 "/>
</bind>
</comp>

<comp id="1873" class="1005" name="bitcast_ln98_95_reg_1873">
<pin_list>
<pin id="1874" dir="0" index="0" bw="32" slack="1"/>
<pin id="1875" dir="1" index="1" bw="32" slack="1"/>
</pin_list>
<bind>
<opset="bitcast_ln98_95 "/>
</bind>
</comp>

<comp id="1878" class="1005" name="mul15_46_reg_1878">
<pin_list>
<pin id="1879" dir="0" index="0" bw="32" slack="49"/>
<pin id="1880" dir="1" index="1" bw="32" slack="49"/>
</pin_list>
<bind>
<opset="mul15_46 "/>
</bind>
</comp>

<comp id="1883" class="1005" name="bitcast_ln98_96_reg_1883">
<pin_list>
<pin id="1884" dir="0" index="0" bw="32" slack="1"/>
<pin id="1885" dir="1" index="1" bw="32" slack="1"/>
</pin_list>
<bind>
<opset="bitcast_ln98_96 "/>
</bind>
</comp>

<comp id="1888" class="1005" name="bitcast_ln98_97_reg_1888">
<pin_list>
<pin id="1889" dir="0" index="0" bw="32" slack="1"/>
<pin id="1890" dir="1" index="1" bw="32" slack="1"/>
</pin_list>
<bind>
<opset="bitcast_ln98_97 "/>
</bind>
</comp>

<comp id="1893" class="1005" name="mul15_47_reg_1893">
<pin_list>
<pin id="1894" dir="0" index="0" bw="32" slack="50"/>
<pin id="1895" dir="1" index="1" bw="32" slack="50"/>
</pin_list>
<bind>
<opset="mul15_47 "/>
</bind>
</comp>

<comp id="1898" class="1005" name="bitcast_ln98_98_reg_1898">
<pin_list>
<pin id="1899" dir="0" index="0" bw="32" slack="1"/>
<pin id="1900" dir="1" index="1" bw="32" slack="1"/>
</pin_list>
<bind>
<opset="bitcast_ln98_98 "/>
</bind>
</comp>

<comp id="1903" class="1005" name="bitcast_ln98_99_reg_1903">
<pin_list>
<pin id="1904" dir="0" index="0" bw="32" slack="1"/>
<pin id="1905" dir="1" index="1" bw="32" slack="1"/>
</pin_list>
<bind>
<opset="bitcast_ln98_99 "/>
</bind>
</comp>

<comp id="1908" class="1005" name="mul15_48_reg_1908">
<pin_list>
<pin id="1909" dir="0" index="0" bw="32" slack="51"/>
<pin id="1910" dir="1" index="1" bw="32" slack="51"/>
</pin_list>
<bind>
<opset="mul15_48 "/>
</bind>
</comp>

<comp id="1913" class="1005" name="bitcast_ln98_100_reg_1913">
<pin_list>
<pin id="1914" dir="0" index="0" bw="32" slack="1"/>
<pin id="1915" dir="1" index="1" bw="32" slack="1"/>
</pin_list>
<bind>
<opset="bitcast_ln98_100 "/>
</bind>
</comp>

<comp id="1918" class="1005" name="bitcast_ln98_101_reg_1918">
<pin_list>
<pin id="1919" dir="0" index="0" bw="32" slack="1"/>
<pin id="1920" dir="1" index="1" bw="32" slack="1"/>
</pin_list>
<bind>
<opset="bitcast_ln98_101 "/>
</bind>
</comp>

<comp id="1923" class="1005" name="mul15_49_reg_1923">
<pin_list>
<pin id="1924" dir="0" index="0" bw="32" slack="52"/>
<pin id="1925" dir="1" index="1" bw="32" slack="52"/>
</pin_list>
<bind>
<opset="mul15_49 "/>
</bind>
</comp>

<comp id="1928" class="1005" name="bitcast_ln98_102_reg_1928">
<pin_list>
<pin id="1929" dir="0" index="0" bw="32" slack="1"/>
<pin id="1930" dir="1" index="1" bw="32" slack="1"/>
</pin_list>
<bind>
<opset="bitcast_ln98_102 "/>
</bind>
</comp>

<comp id="1933" class="1005" name="bitcast_ln98_103_reg_1933">
<pin_list>
<pin id="1934" dir="0" index="0" bw="32" slack="1"/>
<pin id="1935" dir="1" index="1" bw="32" slack="1"/>
</pin_list>
<bind>
<opset="bitcast_ln98_103 "/>
</bind>
</comp>

<comp id="1938" class="1005" name="mul15_50_reg_1938">
<pin_list>
<pin id="1939" dir="0" index="0" bw="32" slack="53"/>
<pin id="1940" dir="1" index="1" bw="32" slack="53"/>
</pin_list>
<bind>
<opset="mul15_50 "/>
</bind>
</comp>

<comp id="1943" class="1005" name="bitcast_ln98_104_reg_1943">
<pin_list>
<pin id="1944" dir="0" index="0" bw="32" slack="1"/>
<pin id="1945" dir="1" index="1" bw="32" slack="1"/>
</pin_list>
<bind>
<opset="bitcast_ln98_104 "/>
</bind>
</comp>

<comp id="1948" class="1005" name="bitcast_ln98_105_reg_1948">
<pin_list>
<pin id="1949" dir="0" index="0" bw="32" slack="1"/>
<pin id="1950" dir="1" index="1" bw="32" slack="1"/>
</pin_list>
<bind>
<opset="bitcast_ln98_105 "/>
</bind>
</comp>

<comp id="1953" class="1005" name="mul15_51_reg_1953">
<pin_list>
<pin id="1954" dir="0" index="0" bw="32" slack="54"/>
<pin id="1955" dir="1" index="1" bw="32" slack="54"/>
</pin_list>
<bind>
<opset="mul15_51 "/>
</bind>
</comp>

<comp id="1958" class="1005" name="bitcast_ln98_106_reg_1958">
<pin_list>
<pin id="1959" dir="0" index="0" bw="32" slack="1"/>
<pin id="1960" dir="1" index="1" bw="32" slack="1"/>
</pin_list>
<bind>
<opset="bitcast_ln98_106 "/>
</bind>
</comp>

<comp id="1963" class="1005" name="bitcast_ln98_107_reg_1963">
<pin_list>
<pin id="1964" dir="0" index="0" bw="32" slack="1"/>
<pin id="1965" dir="1" index="1" bw="32" slack="1"/>
</pin_list>
<bind>
<opset="bitcast_ln98_107 "/>
</bind>
</comp>

<comp id="1968" class="1005" name="mul15_52_reg_1968">
<pin_list>
<pin id="1969" dir="0" index="0" bw="32" slack="55"/>
<pin id="1970" dir="1" index="1" bw="32" slack="55"/>
</pin_list>
<bind>
<opset="mul15_52 "/>
</bind>
</comp>

<comp id="1973" class="1005" name="bitcast_ln98_108_reg_1973">
<pin_list>
<pin id="1974" dir="0" index="0" bw="32" slack="1"/>
<pin id="1975" dir="1" index="1" bw="32" slack="1"/>
</pin_list>
<bind>
<opset="bitcast_ln98_108 "/>
</bind>
</comp>

<comp id="1978" class="1005" name="bitcast_ln98_109_reg_1978">
<pin_list>
<pin id="1979" dir="0" index="0" bw="32" slack="1"/>
<pin id="1980" dir="1" index="1" bw="32" slack="1"/>
</pin_list>
<bind>
<opset="bitcast_ln98_109 "/>
</bind>
</comp>

<comp id="1983" class="1005" name="gmem1_addr_read_63_reg_1983">
<pin_list>
<pin id="1984" dir="0" index="0" bw="32" slack="9"/>
<pin id="1985" dir="1" index="1" bw="32" slack="9"/>
</pin_list>
<bind>
<opset="gmem1_addr_read_63 "/>
</bind>
</comp>

<comp id="1988" class="1005" name="mul15_53_reg_1988">
<pin_list>
<pin id="1989" dir="0" index="0" bw="32" slack="56"/>
<pin id="1990" dir="1" index="1" bw="32" slack="56"/>
</pin_list>
<bind>
<opset="mul15_53 "/>
</bind>
</comp>

<comp id="1993" class="1005" name="bitcast_ln98_110_reg_1993">
<pin_list>
<pin id="1994" dir="0" index="0" bw="32" slack="1"/>
<pin id="1995" dir="1" index="1" bw="32" slack="1"/>
</pin_list>
<bind>
<opset="bitcast_ln98_110 "/>
</bind>
</comp>

<comp id="1998" class="1005" name="bitcast_ln98_111_reg_1998">
<pin_list>
<pin id="1999" dir="0" index="0" bw="32" slack="1"/>
<pin id="2000" dir="1" index="1" bw="32" slack="1"/>
</pin_list>
<bind>
<opset="bitcast_ln98_111 "/>
</bind>
</comp>

<comp id="2003" class="1005" name="mul15_54_reg_2003">
<pin_list>
<pin id="2004" dir="0" index="0" bw="32" slack="57"/>
<pin id="2005" dir="1" index="1" bw="32" slack="57"/>
</pin_list>
<bind>
<opset="mul15_54 "/>
</bind>
</comp>

<comp id="2008" class="1005" name="bitcast_ln98_112_reg_2008">
<pin_list>
<pin id="2009" dir="0" index="0" bw="32" slack="1"/>
<pin id="2010" dir="1" index="1" bw="32" slack="1"/>
</pin_list>
<bind>
<opset="bitcast_ln98_112 "/>
</bind>
</comp>

<comp id="2013" class="1005" name="bitcast_ln98_113_reg_2013">
<pin_list>
<pin id="2014" dir="0" index="0" bw="32" slack="1"/>
<pin id="2015" dir="1" index="1" bw="32" slack="1"/>
</pin_list>
<bind>
<opset="bitcast_ln98_113 "/>
</bind>
</comp>

<comp id="2018" class="1005" name="mul15_55_reg_2018">
<pin_list>
<pin id="2019" dir="0" index="0" bw="32" slack="58"/>
<pin id="2020" dir="1" index="1" bw="32" slack="58"/>
</pin_list>
<bind>
<opset="mul15_55 "/>
</bind>
</comp>

<comp id="2023" class="1005" name="bitcast_ln98_114_reg_2023">
<pin_list>
<pin id="2024" dir="0" index="0" bw="32" slack="1"/>
<pin id="2025" dir="1" index="1" bw="32" slack="1"/>
</pin_list>
<bind>
<opset="bitcast_ln98_114 "/>
</bind>
</comp>

<comp id="2028" class="1005" name="bitcast_ln98_115_reg_2028">
<pin_list>
<pin id="2029" dir="0" index="0" bw="32" slack="1"/>
<pin id="2030" dir="1" index="1" bw="32" slack="1"/>
</pin_list>
<bind>
<opset="bitcast_ln98_115 "/>
</bind>
</comp>

<comp id="2033" class="1005" name="mul15_56_reg_2033">
<pin_list>
<pin id="2034" dir="0" index="0" bw="32" slack="59"/>
<pin id="2035" dir="1" index="1" bw="32" slack="59"/>
</pin_list>
<bind>
<opset="mul15_56 "/>
</bind>
</comp>

<comp id="2038" class="1005" name="bitcast_ln98_116_reg_2038">
<pin_list>
<pin id="2039" dir="0" index="0" bw="32" slack="1"/>
<pin id="2040" dir="1" index="1" bw="32" slack="1"/>
</pin_list>
<bind>
<opset="bitcast_ln98_116 "/>
</bind>
</comp>

<comp id="2043" class="1005" name="bitcast_ln98_117_reg_2043">
<pin_list>
<pin id="2044" dir="0" index="0" bw="32" slack="1"/>
<pin id="2045" dir="1" index="1" bw="32" slack="1"/>
</pin_list>
<bind>
<opset="bitcast_ln98_117 "/>
</bind>
</comp>

<comp id="2048" class="1005" name="mul15_57_reg_2048">
<pin_list>
<pin id="2049" dir="0" index="0" bw="32" slack="60"/>
<pin id="2050" dir="1" index="1" bw="32" slack="60"/>
</pin_list>
<bind>
<opset="mul15_57 "/>
</bind>
</comp>

<comp id="2053" class="1005" name="bitcast_ln98_118_reg_2053">
<pin_list>
<pin id="2054" dir="0" index="0" bw="32" slack="1"/>
<pin id="2055" dir="1" index="1" bw="32" slack="1"/>
</pin_list>
<bind>
<opset="bitcast_ln98_118 "/>
</bind>
</comp>

<comp id="2058" class="1005" name="bitcast_ln98_119_reg_2058">
<pin_list>
<pin id="2059" dir="0" index="0" bw="32" slack="1"/>
<pin id="2060" dir="1" index="1" bw="32" slack="1"/>
</pin_list>
<bind>
<opset="bitcast_ln98_119 "/>
</bind>
</comp>

<comp id="2063" class="1005" name="mul15_58_reg_2063">
<pin_list>
<pin id="2064" dir="0" index="0" bw="32" slack="61"/>
<pin id="2065" dir="1" index="1" bw="32" slack="61"/>
</pin_list>
<bind>
<opset="mul15_58 "/>
</bind>
</comp>

<comp id="2068" class="1005" name="bitcast_ln98_120_reg_2068">
<pin_list>
<pin id="2069" dir="0" index="0" bw="32" slack="1"/>
<pin id="2070" dir="1" index="1" bw="32" slack="1"/>
</pin_list>
<bind>
<opset="bitcast_ln98_120 "/>
</bind>
</comp>

<comp id="2073" class="1005" name="bitcast_ln98_121_reg_2073">
<pin_list>
<pin id="2074" dir="0" index="0" bw="32" slack="1"/>
<pin id="2075" dir="1" index="1" bw="32" slack="1"/>
</pin_list>
<bind>
<opset="bitcast_ln98_121 "/>
</bind>
</comp>

<comp id="2078" class="1005" name="mul15_59_reg_2078">
<pin_list>
<pin id="2079" dir="0" index="0" bw="32" slack="62"/>
<pin id="2080" dir="1" index="1" bw="32" slack="62"/>
</pin_list>
<bind>
<opset="mul15_59 "/>
</bind>
</comp>

<comp id="2083" class="1005" name="bitcast_ln98_122_reg_2083">
<pin_list>
<pin id="2084" dir="0" index="0" bw="32" slack="1"/>
<pin id="2085" dir="1" index="1" bw="32" slack="1"/>
</pin_list>
<bind>
<opset="bitcast_ln98_122 "/>
</bind>
</comp>

<comp id="2088" class="1005" name="bitcast_ln98_123_reg_2088">
<pin_list>
<pin id="2089" dir="0" index="0" bw="32" slack="1"/>
<pin id="2090" dir="1" index="1" bw="32" slack="1"/>
</pin_list>
<bind>
<opset="bitcast_ln98_123 "/>
</bind>
</comp>

<comp id="2093" class="1005" name="mul15_60_reg_2093">
<pin_list>
<pin id="2094" dir="0" index="0" bw="32" slack="63"/>
<pin id="2095" dir="1" index="1" bw="32" slack="63"/>
</pin_list>
<bind>
<opset="mul15_60 "/>
</bind>
</comp>

<comp id="2098" class="1005" name="bitcast_ln98_124_reg_2098">
<pin_list>
<pin id="2099" dir="0" index="0" bw="32" slack="1"/>
<pin id="2100" dir="1" index="1" bw="32" slack="1"/>
</pin_list>
<bind>
<opset="bitcast_ln98_124 "/>
</bind>
</comp>

<comp id="2103" class="1005" name="bitcast_ln98_125_reg_2103">
<pin_list>
<pin id="2104" dir="0" index="0" bw="32" slack="1"/>
<pin id="2105" dir="1" index="1" bw="32" slack="1"/>
</pin_list>
<bind>
<opset="bitcast_ln98_125 "/>
</bind>
</comp>

<comp id="2108" class="1005" name="mul15_61_reg_2108">
<pin_list>
<pin id="2109" dir="0" index="0" bw="32" slack="64"/>
<pin id="2110" dir="1" index="1" bw="32" slack="64"/>
</pin_list>
<bind>
<opset="mul15_61 "/>
</bind>
</comp>

<comp id="2113" class="1005" name="bitcast_ln98_126_reg_2113">
<pin_list>
<pin id="2114" dir="0" index="0" bw="32" slack="1"/>
<pin id="2115" dir="1" index="1" bw="32" slack="1"/>
</pin_list>
<bind>
<opset="bitcast_ln98_126 "/>
</bind>
</comp>

<comp id="2118" class="1005" name="bitcast_ln98_127_reg_2118">
<pin_list>
<pin id="2119" dir="0" index="0" bw="32" slack="1"/>
<pin id="2120" dir="1" index="1" bw="32" slack="1"/>
</pin_list>
<bind>
<opset="bitcast_ln98_127 "/>
</bind>
</comp>

<comp id="2123" class="1005" name="mul15_62_reg_2123">
<pin_list>
<pin id="2124" dir="0" index="0" bw="32" slack="65"/>
<pin id="2125" dir="1" index="1" bw="32" slack="65"/>
</pin_list>
<bind>
<opset="mul15_62 "/>
</bind>
</comp>

<comp id="2128" class="1005" name="acc_63_reg_2128">
<pin_list>
<pin id="2129" dir="0" index="0" bw="32" slack="1"/>
<pin id="2130" dir="1" index="1" bw="32" slack="1"/>
</pin_list>
<bind>
<opset="acc_63 "/>
</bind>
</comp>

<comp id="2133" class="1005" name="max_logit_1_reg_2133">
<pin_list>
<pin id="2134" dir="0" index="0" bw="32" slack="1"/>
<pin id="2135" dir="1" index="1" bw="32" slack="1"/>
</pin_list>
<bind>
<opset="max_logit_1 "/>
</bind>
</comp>

</comp_list>

<net_list>
<net id="111"><net_src comp="30" pin="0"/><net_sink comp="108" pin=0"/></net>

<net id="115"><net_src comp="30" pin="0"/><net_sink comp="112" pin=0"/></net>

<net id="119"><net_src comp="30" pin="0"/><net_sink comp="116" pin=0"/></net>

<net id="123"><net_src comp="30" pin="0"/><net_sink comp="120" pin=0"/></net>

<net id="127"><net_src comp="30" pin="0"/><net_sink comp="124" pin=0"/></net>

<net id="131"><net_src comp="30" pin="0"/><net_sink comp="128" pin=0"/></net>

<net id="136"><net_src comp="32" pin="0"/><net_sink comp="132" pin=0"/></net>

<net id="137"><net_src comp="18" pin="0"/><net_sink comp="132" pin=1"/></net>

<net id="142"><net_src comp="34" pin="0"/><net_sink comp="138" pin=0"/></net>

<net id="143"><net_src comp="16" pin="0"/><net_sink comp="138" pin=1"/></net>

<net id="148"><net_src comp="34" pin="0"/><net_sink comp="144" pin=0"/></net>

<net id="149"><net_src comp="14" pin="0"/><net_sink comp="144" pin=1"/></net>

<net id="154"><net_src comp="36" pin="0"/><net_sink comp="150" pin=0"/></net>

<net id="155"><net_src comp="6" pin="0"/><net_sink comp="150" pin=1"/></net>

<net id="160"><net_src comp="36" pin="0"/><net_sink comp="156" pin=0"/></net>

<net id="161"><net_src comp="4" pin="0"/><net_sink comp="156" pin=1"/></net>

<net id="166"><net_src comp="36" pin="0"/><net_sink comp="162" pin=0"/></net>

<net id="167"><net_src comp="2" pin="0"/><net_sink comp="162" pin=1"/></net>

<net id="172"><net_src comp="36" pin="0"/><net_sink comp="168" pin=0"/></net>

<net id="173"><net_src comp="0" pin="0"/><net_sink comp="168" pin=1"/></net>

<net id="178"><net_src comp="74" pin="0"/><net_sink comp="174" pin=0"/></net>

<net id="184"><net_src comp="82" pin="0"/><net_sink comp="179" pin=0"/></net>

<net id="185"><net_src comp="84" pin="0"/><net_sink comp="179" pin=2"/></net>

<net id="190"><net_src comp="74" pin="0"/><net_sink comp="186" pin=0"/></net>

<net id="195"><net_src comp="74" pin="0"/><net_sink comp="191" pin=0"/></net>

<net id="201"><net_src comp="106" pin="0"/><net_sink comp="196" pin=0"/></net>

<net id="202"><net_src comp="20" pin="0"/><net_sink comp="196" pin=1"/></net>

<net id="208"><net_src comp="106" pin="0"/><net_sink comp="203" pin=0"/></net>

<net id="209"><net_src comp="22" pin="0"/><net_sink comp="203" pin=1"/></net>

<net id="215"><net_src comp="106" pin="0"/><net_sink comp="210" pin=0"/></net>

<net id="216"><net_src comp="24" pin="0"/><net_sink comp="210" pin=1"/></net>

<net id="222"><net_src comp="106" pin="0"/><net_sink comp="217" pin=0"/></net>

<net id="223"><net_src comp="26" pin="0"/><net_sink comp="217" pin=1"/></net>

<net id="229"><net_src comp="106" pin="0"/><net_sink comp="224" pin=0"/></net>

<net id="230"><net_src comp="28" pin="0"/><net_sink comp="224" pin=1"/></net>

<net id="246"><net_src comp="186" pin="2"/><net_sink comp="243" pin=0"/></net>

<net id="250"><net_src comp="186" pin="2"/><net_sink comp="247" pin=0"/></net>

<net id="254"><net_src comp="186" pin="2"/><net_sink comp="251" pin=0"/></net>

<net id="258"><net_src comp="186" pin="2"/><net_sink comp="255" pin=0"/></net>

<net id="262"><net_src comp="186" pin="2"/><net_sink comp="259" pin=0"/></net>

<net id="266"><net_src comp="186" pin="2"/><net_sink comp="263" pin=0"/></net>

<net id="270"><net_src comp="186" pin="2"/><net_sink comp="267" pin=0"/></net>

<net id="274"><net_src comp="186" pin="2"/><net_sink comp="271" pin=0"/></net>

<net id="278"><net_src comp="191" pin="2"/><net_sink comp="275" pin=0"/></net>

<net id="282"><net_src comp="186" pin="2"/><net_sink comp="279" pin=0"/></net>

<net id="286"><net_src comp="235" pin="2"/><net_sink comp="283" pin=0"/></net>

<net id="287"><net_src comp="283" pin="1"/><net_sink comp="231" pin=1"/></net>

<net id="291"><net_src comp="235" pin="2"/><net_sink comp="288" pin=0"/></net>

<net id="292"><net_src comp="288" pin="1"/><net_sink comp="231" pin=1"/></net>

<net id="296"><net_src comp="231" pin="2"/><net_sink comp="293" pin=0"/></net>

<net id="297"><net_src comp="293" pin="1"/><net_sink comp="231" pin=0"/></net>

<net id="298"><net_src comp="293" pin="1"/><net_sink comp="239" pin=0"/></net>

<net id="302"><net_src comp="235" pin="2"/><net_sink comp="299" pin=0"/></net>

<net id="303"><net_src comp="299" pin="1"/><net_sink comp="231" pin=1"/></net>

<net id="307"><net_src comp="235" pin="2"/><net_sink comp="304" pin=0"/></net>

<net id="308"><net_src comp="304" pin="1"/><net_sink comp="231" pin=1"/></net>

<net id="312"><net_src comp="235" pin="2"/><net_sink comp="309" pin=0"/></net>

<net id="313"><net_src comp="309" pin="1"/><net_sink comp="231" pin=1"/></net>

<net id="317"><net_src comp="235" pin="2"/><net_sink comp="314" pin=0"/></net>

<net id="318"><net_src comp="314" pin="1"/><net_sink comp="231" pin=1"/></net>

<net id="322"><net_src comp="235" pin="2"/><net_sink comp="319" pin=0"/></net>

<net id="323"><net_src comp="319" pin="1"/><net_sink comp="231" pin=1"/></net>

<net id="327"><net_src comp="235" pin="2"/><net_sink comp="324" pin=0"/></net>

<net id="328"><net_src comp="324" pin="1"/><net_sink comp="231" pin=1"/></net>

<net id="332"><net_src comp="235" pin="2"/><net_sink comp="329" pin=0"/></net>

<net id="333"><net_src comp="329" pin="1"/><net_sink comp="231" pin=1"/></net>

<net id="337"><net_src comp="235" pin="2"/><net_sink comp="334" pin=0"/></net>

<net id="338"><net_src comp="334" pin="1"/><net_sink comp="231" pin=1"/></net>

<net id="342"><net_src comp="235" pin="2"/><net_sink comp="339" pin=0"/></net>

<net id="343"><net_src comp="339" pin="1"/><net_sink comp="231" pin=1"/></net>

<net id="347"><net_src comp="231" pin="2"/><net_sink comp="344" pin=0"/></net>

<net id="348"><net_src comp="344" pin="1"/><net_sink comp="231" pin=0"/></net>

<net id="352"><net_src comp="138" pin="2"/><net_sink comp="349" pin=0"/></net>

<net id="356"><net_src comp="144" pin="2"/><net_sink comp="353" pin=0"/></net>

<net id="361"><net_src comp="168" pin="2"/><net_sink comp="357" pin=0"/></net>

<net id="366"><net_src comp="162" pin="2"/><net_sink comp="362" pin=0"/></net>

<net id="371"><net_src comp="156" pin="2"/><net_sink comp="367" pin=0"/></net>

<net id="376"><net_src comp="150" pin="2"/><net_sink comp="372" pin=0"/></net>

<net id="381"><net_src comp="58" pin="0"/><net_sink comp="377" pin=0"/></net>

<net id="386"><net_src comp="60" pin="0"/><net_sink comp="382" pin=0"/></net>

<net id="394"><net_src comp="387" pin="1"/><net_sink comp="390" pin=0"/></net>

<net id="395"><net_src comp="64" pin="0"/><net_sink comp="390" pin=1"/></net>

<net id="400"><net_src comp="387" pin="1"/><net_sink comp="396" pin=0"/></net>

<net id="401"><net_src comp="66" pin="0"/><net_sink comp="396" pin=1"/></net>

<net id="405"><net_src comp="387" pin="1"/><net_sink comp="402" pin=0"/></net>

<net id="410"><net_src comp="396" pin="2"/><net_sink comp="406" pin=0"/></net>

<net id="415"><net_src comp="8" pin="0"/><net_sink comp="411" pin=0"/></net>

<net id="416"><net_src comp="411" pin="2"/><net_sink comp="174" pin=1"/></net>

<net id="421"><net_src comp="10" pin="0"/><net_sink comp="417" pin=0"/></net>

<net id="422"><net_src comp="417" pin="2"/><net_sink comp="186" pin=1"/></net>

<net id="429"><net_src comp="76" pin="0"/><net_sink comp="423" pin=0"/></net>

<net id="430"><net_src comp="78" pin="0"/><net_sink comp="423" pin=2"/></net>

<net id="431"><net_src comp="80" pin="0"/><net_sink comp="423" pin=3"/></net>

<net id="435"><net_src comp="423" pin="4"/><net_sink comp="432" pin=0"/></net>

<net id="440"><net_src comp="12" pin="0"/><net_sink comp="436" pin=0"/></net>

<net id="441"><net_src comp="432" pin="1"/><net_sink comp="436" pin=1"/></net>

<net id="442"><net_src comp="436" pin="2"/><net_sink comp="179" pin=1"/></net>

<net id="446"><net_src comp="275" pin="1"/><net_sink comp="443" pin=0"/></net>

<net id="447"><net_src comp="443" pin="1"/><net_sink comp="235" pin=0"/></net>

<net id="451"><net_src comp="243" pin="1"/><net_sink comp="448" pin=0"/></net>

<net id="452"><net_src comp="448" pin="1"/><net_sink comp="235" pin=1"/></net>

<net id="456"><net_src comp="275" pin="1"/><net_sink comp="453" pin=0"/></net>

<net id="457"><net_src comp="453" pin="1"/><net_sink comp="235" pin=0"/></net>

<net id="461"><net_src comp="247" pin="1"/><net_sink comp="458" pin=0"/></net>

<net id="462"><net_src comp="458" pin="1"/><net_sink comp="235" pin=1"/></net>

<net id="466"><net_src comp="463" pin="1"/><net_sink comp="231" pin=0"/></net>

<net id="470"><net_src comp="275" pin="1"/><net_sink comp="467" pin=0"/></net>

<net id="471"><net_src comp="467" pin="1"/><net_sink comp="235" pin=0"/></net>

<net id="475"><net_src comp="251" pin="1"/><net_sink comp="472" pin=0"/></net>

<net id="476"><net_src comp="472" pin="1"/><net_sink comp="235" pin=1"/></net>

<net id="480"><net_src comp="275" pin="1"/><net_sink comp="477" pin=0"/></net>

<net id="481"><net_src comp="477" pin="1"/><net_sink comp="235" pin=0"/></net>

<net id="485"><net_src comp="255" pin="1"/><net_sink comp="482" pin=0"/></net>

<net id="486"><net_src comp="482" pin="1"/><net_sink comp="235" pin=1"/></net>

<net id="490"><net_src comp="275" pin="1"/><net_sink comp="487" pin=0"/></net>

<net id="491"><net_src comp="487" pin="1"/><net_sink comp="235" pin=0"/></net>

<net id="495"><net_src comp="259" pin="1"/><net_sink comp="492" pin=0"/></net>

<net id="496"><net_src comp="492" pin="1"/><net_sink comp="235" pin=1"/></net>

<net id="500"><net_src comp="275" pin="1"/><net_sink comp="497" pin=0"/></net>

<net id="501"><net_src comp="497" pin="1"/><net_sink comp="235" pin=0"/></net>

<net id="505"><net_src comp="263" pin="1"/><net_sink comp="502" pin=0"/></net>

<net id="506"><net_src comp="502" pin="1"/><net_sink comp="235" pin=1"/></net>

<net id="510"><net_src comp="275" pin="1"/><net_sink comp="507" pin=0"/></net>

<net id="511"><net_src comp="507" pin="1"/><net_sink comp="235" pin=0"/></net>

<net id="515"><net_src comp="267" pin="1"/><net_sink comp="512" pin=0"/></net>

<net id="516"><net_src comp="512" pin="1"/><net_sink comp="235" pin=1"/></net>

<net id="520"><net_src comp="275" pin="1"/><net_sink comp="517" pin=0"/></net>

<net id="521"><net_src comp="517" pin="1"/><net_sink comp="235" pin=0"/></net>

<net id="525"><net_src comp="271" pin="1"/><net_sink comp="522" pin=0"/></net>

<net id="526"><net_src comp="522" pin="1"/><net_sink comp="235" pin=1"/></net>

<net id="530"><net_src comp="275" pin="1"/><net_sink comp="527" pin=0"/></net>

<net id="531"><net_src comp="527" pin="1"/><net_sink comp="235" pin=0"/></net>

<net id="535"><net_src comp="279" pin="1"/><net_sink comp="532" pin=0"/></net>

<net id="536"><net_src comp="532" pin="1"/><net_sink comp="235" pin=1"/></net>

<net id="540"><net_src comp="275" pin="1"/><net_sink comp="537" pin=0"/></net>

<net id="541"><net_src comp="537" pin="1"/><net_sink comp="235" pin=0"/></net>

<net id="545"><net_src comp="243" pin="1"/><net_sink comp="542" pin=0"/></net>

<net id="546"><net_src comp="542" pin="1"/><net_sink comp="235" pin=1"/></net>

<net id="550"><net_src comp="275" pin="1"/><net_sink comp="547" pin=0"/></net>

<net id="551"><net_src comp="547" pin="1"/><net_sink comp="235" pin=0"/></net>

<net id="555"><net_src comp="247" pin="1"/><net_sink comp="552" pin=0"/></net>

<net id="556"><net_src comp="552" pin="1"/><net_sink comp="235" pin=1"/></net>

<net id="560"><net_src comp="275" pin="1"/><net_sink comp="557" pin=0"/></net>

<net id="561"><net_src comp="557" pin="1"/><net_sink comp="235" pin=0"/></net>

<net id="565"><net_src comp="251" pin="1"/><net_sink comp="562" pin=0"/></net>

<net id="566"><net_src comp="562" pin="1"/><net_sink comp="235" pin=1"/></net>

<net id="570"><net_src comp="275" pin="1"/><net_sink comp="567" pin=0"/></net>

<net id="571"><net_src comp="567" pin="1"/><net_sink comp="235" pin=0"/></net>

<net id="575"><net_src comp="255" pin="1"/><net_sink comp="572" pin=0"/></net>

<net id="576"><net_src comp="572" pin="1"/><net_sink comp="235" pin=1"/></net>

<net id="580"><net_src comp="275" pin="1"/><net_sink comp="577" pin=0"/></net>

<net id="581"><net_src comp="577" pin="1"/><net_sink comp="235" pin=0"/></net>

<net id="585"><net_src comp="259" pin="1"/><net_sink comp="582" pin=0"/></net>

<net id="586"><net_src comp="582" pin="1"/><net_sink comp="235" pin=1"/></net>

<net id="590"><net_src comp="275" pin="1"/><net_sink comp="587" pin=0"/></net>

<net id="591"><net_src comp="587" pin="1"/><net_sink comp="235" pin=0"/></net>

<net id="595"><net_src comp="263" pin="1"/><net_sink comp="592" pin=0"/></net>

<net id="596"><net_src comp="592" pin="1"/><net_sink comp="235" pin=1"/></net>

<net id="600"><net_src comp="275" pin="1"/><net_sink comp="597" pin=0"/></net>

<net id="601"><net_src comp="597" pin="1"/><net_sink comp="235" pin=0"/></net>

<net id="605"><net_src comp="267" pin="1"/><net_sink comp="602" pin=0"/></net>

<net id="606"><net_src comp="602" pin="1"/><net_sink comp="235" pin=1"/></net>

<net id="610"><net_src comp="275" pin="1"/><net_sink comp="607" pin=0"/></net>

<net id="611"><net_src comp="607" pin="1"/><net_sink comp="235" pin=0"/></net>

<net id="615"><net_src comp="271" pin="1"/><net_sink comp="612" pin=0"/></net>

<net id="616"><net_src comp="612" pin="1"/><net_sink comp="235" pin=1"/></net>

<net id="620"><net_src comp="275" pin="1"/><net_sink comp="617" pin=0"/></net>

<net id="621"><net_src comp="617" pin="1"/><net_sink comp="235" pin=0"/></net>

<net id="625"><net_src comp="279" pin="1"/><net_sink comp="622" pin=0"/></net>

<net id="626"><net_src comp="622" pin="1"/><net_sink comp="235" pin=1"/></net>

<net id="630"><net_src comp="275" pin="1"/><net_sink comp="627" pin=0"/></net>

<net id="631"><net_src comp="627" pin="1"/><net_sink comp="235" pin=0"/></net>

<net id="635"><net_src comp="243" pin="1"/><net_sink comp="632" pin=0"/></net>

<net id="636"><net_src comp="632" pin="1"/><net_sink comp="235" pin=1"/></net>

<net id="640"><net_src comp="275" pin="1"/><net_sink comp="637" pin=0"/></net>

<net id="641"><net_src comp="637" pin="1"/><net_sink comp="235" pin=0"/></net>

<net id="645"><net_src comp="247" pin="1"/><net_sink comp="642" pin=0"/></net>

<net id="646"><net_src comp="642" pin="1"/><net_sink comp="235" pin=1"/></net>

<net id="650"><net_src comp="275" pin="1"/><net_sink comp="647" pin=0"/></net>

<net id="651"><net_src comp="647" pin="1"/><net_sink comp="235" pin=0"/></net>

<net id="655"><net_src comp="251" pin="1"/><net_sink comp="652" pin=0"/></net>

<net id="656"><net_src comp="652" pin="1"/><net_sink comp="235" pin=1"/></net>

<net id="660"><net_src comp="275" pin="1"/><net_sink comp="657" pin=0"/></net>

<net id="661"><net_src comp="657" pin="1"/><net_sink comp="235" pin=0"/></net>

<net id="665"><net_src comp="255" pin="1"/><net_sink comp="662" pin=0"/></net>

<net id="666"><net_src comp="662" pin="1"/><net_sink comp="235" pin=1"/></net>

<net id="670"><net_src comp="275" pin="1"/><net_sink comp="667" pin=0"/></net>

<net id="671"><net_src comp="667" pin="1"/><net_sink comp="235" pin=0"/></net>

<net id="675"><net_src comp="259" pin="1"/><net_sink comp="672" pin=0"/></net>

<net id="676"><net_src comp="672" pin="1"/><net_sink comp="235" pin=1"/></net>

<net id="680"><net_src comp="275" pin="1"/><net_sink comp="677" pin=0"/></net>

<net id="681"><net_src comp="677" pin="1"/><net_sink comp="235" pin=0"/></net>

<net id="685"><net_src comp="263" pin="1"/><net_sink comp="682" pin=0"/></net>

<net id="686"><net_src comp="682" pin="1"/><net_sink comp="235" pin=1"/></net>

<net id="690"><net_src comp="275" pin="1"/><net_sink comp="687" pin=0"/></net>

<net id="691"><net_src comp="687" pin="1"/><net_sink comp="235" pin=0"/></net>

<net id="695"><net_src comp="267" pin="1"/><net_sink comp="692" pin=0"/></net>

<net id="696"><net_src comp="692" pin="1"/><net_sink comp="235" pin=1"/></net>

<net id="700"><net_src comp="275" pin="1"/><net_sink comp="697" pin=0"/></net>

<net id="701"><net_src comp="697" pin="1"/><net_sink comp="235" pin=0"/></net>

<net id="705"><net_src comp="271" pin="1"/><net_sink comp="702" pin=0"/></net>

<net id="706"><net_src comp="702" pin="1"/><net_sink comp="235" pin=1"/></net>

<net id="710"><net_src comp="275" pin="1"/><net_sink comp="707" pin=0"/></net>

<net id="711"><net_src comp="707" pin="1"/><net_sink comp="235" pin=0"/></net>

<net id="715"><net_src comp="279" pin="1"/><net_sink comp="712" pin=0"/></net>

<net id="716"><net_src comp="712" pin="1"/><net_sink comp="235" pin=1"/></net>

<net id="720"><net_src comp="275" pin="1"/><net_sink comp="717" pin=0"/></net>

<net id="721"><net_src comp="717" pin="1"/><net_sink comp="235" pin=0"/></net>

<net id="725"><net_src comp="243" pin="1"/><net_sink comp="722" pin=0"/></net>

<net id="726"><net_src comp="722" pin="1"/><net_sink comp="235" pin=1"/></net>

<net id="730"><net_src comp="275" pin="1"/><net_sink comp="727" pin=0"/></net>

<net id="731"><net_src comp="727" pin="1"/><net_sink comp="235" pin=0"/></net>

<net id="735"><net_src comp="247" pin="1"/><net_sink comp="732" pin=0"/></net>

<net id="736"><net_src comp="732" pin="1"/><net_sink comp="235" pin=1"/></net>

<net id="740"><net_src comp="275" pin="1"/><net_sink comp="737" pin=0"/></net>

<net id="741"><net_src comp="737" pin="1"/><net_sink comp="235" pin=0"/></net>

<net id="745"><net_src comp="251" pin="1"/><net_sink comp="742" pin=0"/></net>

<net id="746"><net_src comp="742" pin="1"/><net_sink comp="235" pin=1"/></net>

<net id="750"><net_src comp="275" pin="1"/><net_sink comp="747" pin=0"/></net>

<net id="751"><net_src comp="747" pin="1"/><net_sink comp="235" pin=0"/></net>

<net id="755"><net_src comp="255" pin="1"/><net_sink comp="752" pin=0"/></net>

<net id="756"><net_src comp="752" pin="1"/><net_sink comp="235" pin=1"/></net>

<net id="760"><net_src comp="275" pin="1"/><net_sink comp="757" pin=0"/></net>

<net id="761"><net_src comp="757" pin="1"/><net_sink comp="235" pin=0"/></net>

<net id="765"><net_src comp="259" pin="1"/><net_sink comp="762" pin=0"/></net>

<net id="766"><net_src comp="762" pin="1"/><net_sink comp="235" pin=1"/></net>

<net id="770"><net_src comp="275" pin="1"/><net_sink comp="767" pin=0"/></net>

<net id="771"><net_src comp="767" pin="1"/><net_sink comp="235" pin=0"/></net>

<net id="775"><net_src comp="263" pin="1"/><net_sink comp="772" pin=0"/></net>

<net id="776"><net_src comp="772" pin="1"/><net_sink comp="235" pin=1"/></net>

<net id="780"><net_src comp="275" pin="1"/><net_sink comp="777" pin=0"/></net>

<net id="781"><net_src comp="777" pin="1"/><net_sink comp="235" pin=0"/></net>

<net id="785"><net_src comp="267" pin="1"/><net_sink comp="782" pin=0"/></net>

<net id="786"><net_src comp="782" pin="1"/><net_sink comp="235" pin=1"/></net>

<net id="790"><net_src comp="275" pin="1"/><net_sink comp="787" pin=0"/></net>

<net id="791"><net_src comp="787" pin="1"/><net_sink comp="235" pin=0"/></net>

<net id="795"><net_src comp="271" pin="1"/><net_sink comp="792" pin=0"/></net>

<net id="796"><net_src comp="792" pin="1"/><net_sink comp="235" pin=1"/></net>

<net id="800"><net_src comp="275" pin="1"/><net_sink comp="797" pin=0"/></net>

<net id="801"><net_src comp="797" pin="1"/><net_sink comp="235" pin=0"/></net>

<net id="805"><net_src comp="279" pin="1"/><net_sink comp="802" pin=0"/></net>

<net id="806"><net_src comp="802" pin="1"/><net_sink comp="235" pin=1"/></net>

<net id="810"><net_src comp="275" pin="1"/><net_sink comp="807" pin=0"/></net>

<net id="811"><net_src comp="807" pin="1"/><net_sink comp="235" pin=0"/></net>

<net id="815"><net_src comp="243" pin="1"/><net_sink comp="812" pin=0"/></net>

<net id="816"><net_src comp="812" pin="1"/><net_sink comp="235" pin=1"/></net>

<net id="820"><net_src comp="275" pin="1"/><net_sink comp="817" pin=0"/></net>

<net id="821"><net_src comp="817" pin="1"/><net_sink comp="235" pin=0"/></net>

<net id="825"><net_src comp="247" pin="1"/><net_sink comp="822" pin=0"/></net>

<net id="826"><net_src comp="822" pin="1"/><net_sink comp="235" pin=1"/></net>

<net id="830"><net_src comp="275" pin="1"/><net_sink comp="827" pin=0"/></net>

<net id="831"><net_src comp="827" pin="1"/><net_sink comp="235" pin=0"/></net>

<net id="835"><net_src comp="251" pin="1"/><net_sink comp="832" pin=0"/></net>

<net id="836"><net_src comp="832" pin="1"/><net_sink comp="235" pin=1"/></net>

<net id="840"><net_src comp="275" pin="1"/><net_sink comp="837" pin=0"/></net>

<net id="841"><net_src comp="837" pin="1"/><net_sink comp="235" pin=0"/></net>

<net id="845"><net_src comp="255" pin="1"/><net_sink comp="842" pin=0"/></net>

<net id="846"><net_src comp="842" pin="1"/><net_sink comp="235" pin=1"/></net>

<net id="850"><net_src comp="275" pin="1"/><net_sink comp="847" pin=0"/></net>

<net id="851"><net_src comp="847" pin="1"/><net_sink comp="235" pin=0"/></net>

<net id="855"><net_src comp="259" pin="1"/><net_sink comp="852" pin=0"/></net>

<net id="856"><net_src comp="852" pin="1"/><net_sink comp="235" pin=1"/></net>

<net id="860"><net_src comp="275" pin="1"/><net_sink comp="857" pin=0"/></net>

<net id="861"><net_src comp="857" pin="1"/><net_sink comp="235" pin=0"/></net>

<net id="865"><net_src comp="263" pin="1"/><net_sink comp="862" pin=0"/></net>

<net id="866"><net_src comp="862" pin="1"/><net_sink comp="235" pin=1"/></net>

<net id="870"><net_src comp="275" pin="1"/><net_sink comp="867" pin=0"/></net>

<net id="871"><net_src comp="867" pin="1"/><net_sink comp="235" pin=0"/></net>

<net id="875"><net_src comp="267" pin="1"/><net_sink comp="872" pin=0"/></net>

<net id="876"><net_src comp="872" pin="1"/><net_sink comp="235" pin=1"/></net>

<net id="880"><net_src comp="275" pin="1"/><net_sink comp="877" pin=0"/></net>

<net id="881"><net_src comp="877" pin="1"/><net_sink comp="235" pin=0"/></net>

<net id="885"><net_src comp="271" pin="1"/><net_sink comp="882" pin=0"/></net>

<net id="886"><net_src comp="882" pin="1"/><net_sink comp="235" pin=1"/></net>

<net id="890"><net_src comp="275" pin="1"/><net_sink comp="887" pin=0"/></net>

<net id="891"><net_src comp="887" pin="1"/><net_sink comp="235" pin=0"/></net>

<net id="895"><net_src comp="279" pin="1"/><net_sink comp="892" pin=0"/></net>

<net id="896"><net_src comp="892" pin="1"/><net_sink comp="235" pin=1"/></net>

<net id="900"><net_src comp="275" pin="1"/><net_sink comp="897" pin=0"/></net>

<net id="901"><net_src comp="897" pin="1"/><net_sink comp="235" pin=0"/></net>

<net id="905"><net_src comp="243" pin="1"/><net_sink comp="902" pin=0"/></net>

<net id="906"><net_src comp="902" pin="1"/><net_sink comp="235" pin=1"/></net>

<net id="910"><net_src comp="275" pin="1"/><net_sink comp="907" pin=0"/></net>

<net id="911"><net_src comp="907" pin="1"/><net_sink comp="235" pin=0"/></net>

<net id="915"><net_src comp="247" pin="1"/><net_sink comp="912" pin=0"/></net>

<net id="916"><net_src comp="912" pin="1"/><net_sink comp="235" pin=1"/></net>

<net id="920"><net_src comp="275" pin="1"/><net_sink comp="917" pin=0"/></net>

<net id="921"><net_src comp="917" pin="1"/><net_sink comp="235" pin=0"/></net>

<net id="925"><net_src comp="251" pin="1"/><net_sink comp="922" pin=0"/></net>

<net id="926"><net_src comp="922" pin="1"/><net_sink comp="235" pin=1"/></net>

<net id="930"><net_src comp="275" pin="1"/><net_sink comp="927" pin=0"/></net>

<net id="931"><net_src comp="927" pin="1"/><net_sink comp="235" pin=0"/></net>

<net id="935"><net_src comp="255" pin="1"/><net_sink comp="932" pin=0"/></net>

<net id="936"><net_src comp="932" pin="1"/><net_sink comp="235" pin=1"/></net>

<net id="940"><net_src comp="275" pin="1"/><net_sink comp="937" pin=0"/></net>

<net id="941"><net_src comp="937" pin="1"/><net_sink comp="235" pin=0"/></net>

<net id="945"><net_src comp="259" pin="1"/><net_sink comp="942" pin=0"/></net>

<net id="946"><net_src comp="942" pin="1"/><net_sink comp="235" pin=1"/></net>

<net id="950"><net_src comp="275" pin="1"/><net_sink comp="947" pin=0"/></net>

<net id="951"><net_src comp="947" pin="1"/><net_sink comp="235" pin=0"/></net>

<net id="955"><net_src comp="263" pin="1"/><net_sink comp="952" pin=0"/></net>

<net id="956"><net_src comp="952" pin="1"/><net_sink comp="235" pin=1"/></net>

<net id="960"><net_src comp="275" pin="1"/><net_sink comp="957" pin=0"/></net>

<net id="961"><net_src comp="957" pin="1"/><net_sink comp="235" pin=0"/></net>

<net id="965"><net_src comp="267" pin="1"/><net_sink comp="962" pin=0"/></net>

<net id="966"><net_src comp="962" pin="1"/><net_sink comp="235" pin=1"/></net>

<net id="970"><net_src comp="275" pin="1"/><net_sink comp="967" pin=0"/></net>

<net id="971"><net_src comp="967" pin="1"/><net_sink comp="235" pin=0"/></net>

<net id="975"><net_src comp="271" pin="1"/><net_sink comp="972" pin=0"/></net>

<net id="976"><net_src comp="972" pin="1"/><net_sink comp="235" pin=1"/></net>

<net id="980"><net_src comp="275" pin="1"/><net_sink comp="977" pin=0"/></net>

<net id="981"><net_src comp="977" pin="1"/><net_sink comp="235" pin=0"/></net>

<net id="985"><net_src comp="279" pin="1"/><net_sink comp="982" pin=0"/></net>

<net id="986"><net_src comp="982" pin="1"/><net_sink comp="235" pin=1"/></net>

<net id="990"><net_src comp="275" pin="1"/><net_sink comp="987" pin=0"/></net>

<net id="991"><net_src comp="987" pin="1"/><net_sink comp="235" pin=0"/></net>

<net id="995"><net_src comp="243" pin="1"/><net_sink comp="992" pin=0"/></net>

<net id="996"><net_src comp="992" pin="1"/><net_sink comp="235" pin=1"/></net>

<net id="1000"><net_src comp="275" pin="1"/><net_sink comp="997" pin=0"/></net>

<net id="1001"><net_src comp="997" pin="1"/><net_sink comp="235" pin=0"/></net>

<net id="1005"><net_src comp="247" pin="1"/><net_sink comp="1002" pin=0"/></net>

<net id="1006"><net_src comp="1002" pin="1"/><net_sink comp="235" pin=1"/></net>

<net id="1010"><net_src comp="275" pin="1"/><net_sink comp="1007" pin=0"/></net>

<net id="1011"><net_src comp="1007" pin="1"/><net_sink comp="235" pin=0"/></net>

<net id="1015"><net_src comp="251" pin="1"/><net_sink comp="1012" pin=0"/></net>

<net id="1016"><net_src comp="1012" pin="1"/><net_sink comp="235" pin=1"/></net>

<net id="1020"><net_src comp="275" pin="1"/><net_sink comp="1017" pin=0"/></net>

<net id="1021"><net_src comp="1017" pin="1"/><net_sink comp="235" pin=0"/></net>

<net id="1025"><net_src comp="255" pin="1"/><net_sink comp="1022" pin=0"/></net>

<net id="1026"><net_src comp="1022" pin="1"/><net_sink comp="235" pin=1"/></net>

<net id="1030"><net_src comp="275" pin="1"/><net_sink comp="1027" pin=0"/></net>

<net id="1031"><net_src comp="1027" pin="1"/><net_sink comp="235" pin=0"/></net>

<net id="1035"><net_src comp="259" pin="1"/><net_sink comp="1032" pin=0"/></net>

<net id="1036"><net_src comp="1032" pin="1"/><net_sink comp="235" pin=1"/></net>

<net id="1040"><net_src comp="275" pin="1"/><net_sink comp="1037" pin=0"/></net>

<net id="1041"><net_src comp="1037" pin="1"/><net_sink comp="235" pin=0"/></net>

<net id="1045"><net_src comp="263" pin="1"/><net_sink comp="1042" pin=0"/></net>

<net id="1046"><net_src comp="1042" pin="1"/><net_sink comp="235" pin=1"/></net>

<net id="1050"><net_src comp="275" pin="1"/><net_sink comp="1047" pin=0"/></net>

<net id="1051"><net_src comp="1047" pin="1"/><net_sink comp="235" pin=0"/></net>

<net id="1055"><net_src comp="267" pin="1"/><net_sink comp="1052" pin=0"/></net>

<net id="1056"><net_src comp="1052" pin="1"/><net_sink comp="235" pin=1"/></net>

<net id="1060"><net_src comp="275" pin="1"/><net_sink comp="1057" pin=0"/></net>

<net id="1061"><net_src comp="1057" pin="1"/><net_sink comp="235" pin=0"/></net>

<net id="1065"><net_src comp="271" pin="1"/><net_sink comp="1062" pin=0"/></net>

<net id="1066"><net_src comp="1062" pin="1"/><net_sink comp="235" pin=1"/></net>

<net id="1070"><net_src comp="275" pin="1"/><net_sink comp="1067" pin=0"/></net>

<net id="1071"><net_src comp="1067" pin="1"/><net_sink comp="235" pin=0"/></net>

<net id="1075"><net_src comp="279" pin="1"/><net_sink comp="1072" pin=0"/></net>

<net id="1076"><net_src comp="1072" pin="1"/><net_sink comp="235" pin=1"/></net>

<net id="1080"><net_src comp="275" pin="1"/><net_sink comp="1077" pin=0"/></net>

<net id="1081"><net_src comp="1077" pin="1"/><net_sink comp="235" pin=0"/></net>

<net id="1085"><net_src comp="1082" pin="1"/><net_sink comp="235" pin=1"/></net>

<net id="1090"><net_src comp="231" pin="2"/><net_sink comp="1086" pin=0"/></net>

<net id="1095"><net_src comp="231" pin="2"/><net_sink comp="1091" pin=0"/></net>

<net id="1100"><net_src comp="231" pin="2"/><net_sink comp="1096" pin=0"/></net>

<net id="1105"><net_src comp="231" pin="2"/><net_sink comp="1101" pin=0"/></net>

<net id="1109"><net_src comp="1106" pin="1"/><net_sink comp="239" pin=1"/></net>

<net id="1113"><net_src comp="293" pin="1"/><net_sink comp="1110" pin=0"/></net>

<net id="1120"><net_src comp="96" pin="0"/><net_sink comp="1114" pin=0"/></net>

<net id="1121"><net_src comp="1110" pin="1"/><net_sink comp="1114" pin=1"/></net>

<net id="1122"><net_src comp="98" pin="0"/><net_sink comp="1114" pin=2"/></net>

<net id="1123"><net_src comp="100" pin="0"/><net_sink comp="1114" pin=3"/></net>

<net id="1127"><net_src comp="1110" pin="1"/><net_sink comp="1124" pin=0"/></net>

<net id="1131"><net_src comp="1106" pin="1"/><net_sink comp="1128" pin=0"/></net>

<net id="1138"><net_src comp="96" pin="0"/><net_sink comp="1132" pin=0"/></net>

<net id="1139"><net_src comp="1128" pin="1"/><net_sink comp="1132" pin=1"/></net>

<net id="1140"><net_src comp="98" pin="0"/><net_sink comp="1132" pin=2"/></net>

<net id="1141"><net_src comp="100" pin="0"/><net_sink comp="1132" pin=3"/></net>

<net id="1145"><net_src comp="1128" pin="1"/><net_sink comp="1142" pin=0"/></net>

<net id="1150"><net_src comp="1114" pin="4"/><net_sink comp="1146" pin=0"/></net>

<net id="1151"><net_src comp="102" pin="0"/><net_sink comp="1146" pin=1"/></net>

<net id="1156"><net_src comp="1124" pin="1"/><net_sink comp="1152" pin=0"/></net>

<net id="1157"><net_src comp="104" pin="0"/><net_sink comp="1152" pin=1"/></net>

<net id="1162"><net_src comp="1152" pin="2"/><net_sink comp="1158" pin=0"/></net>

<net id="1163"><net_src comp="1146" pin="2"/><net_sink comp="1158" pin=1"/></net>

<net id="1168"><net_src comp="1132" pin="4"/><net_sink comp="1164" pin=0"/></net>

<net id="1169"><net_src comp="102" pin="0"/><net_sink comp="1164" pin=1"/></net>

<net id="1174"><net_src comp="1142" pin="1"/><net_sink comp="1170" pin=0"/></net>

<net id="1175"><net_src comp="104" pin="0"/><net_sink comp="1170" pin=1"/></net>

<net id="1180"><net_src comp="1170" pin="2"/><net_sink comp="1176" pin=0"/></net>

<net id="1181"><net_src comp="1164" pin="2"/><net_sink comp="1176" pin=1"/></net>

<net id="1186"><net_src comp="239" pin="2"/><net_sink comp="1182" pin=0"/></net>

<net id="1187"><net_src comp="1158" pin="2"/><net_sink comp="1182" pin=1"/></net>

<net id="1192"><net_src comp="1182" pin="2"/><net_sink comp="1188" pin=0"/></net>

<net id="1193"><net_src comp="1176" pin="2"/><net_sink comp="1188" pin=1"/></net>

<net id="1199"><net_src comp="1188" pin="2"/><net_sink comp="1194" pin=0"/></net>

<net id="1200"><net_src comp="293" pin="1"/><net_sink comp="1194" pin=1"/></net>

<net id="1201"><net_src comp="1106" pin="1"/><net_sink comp="1194" pin=2"/></net>

<net id="1209"><net_src comp="1206" pin="1"/><net_sink comp="224" pin=2"/></net>

<net id="1213"><net_src comp="1210" pin="1"/><net_sink comp="217" pin=2"/></net>

<net id="1217"><net_src comp="1214" pin="1"/><net_sink comp="210" pin=2"/></net>

<net id="1221"><net_src comp="1218" pin="1"/><net_sink comp="203" pin=2"/></net>

<net id="1225"><net_src comp="1222" pin="1"/><net_sink comp="196" pin=2"/></net>

<net id="1229"><net_src comp="108" pin="1"/><net_sink comp="1226" pin=0"/></net>

<net id="1230"><net_src comp="1226" pin="1"/><net_sink comp="382" pin=1"/></net>

<net id="1231"><net_src comp="1226" pin="1"/><net_sink comp="1106" pin=0"/></net>

<net id="1232"><net_src comp="1226" pin="1"/><net_sink comp="1202" pin=1"/></net>

<net id="1233"><net_src comp="1226" pin="1"/><net_sink comp="1206" pin=0"/></net>

<net id="1237"><net_src comp="112" pin="1"/><net_sink comp="1234" pin=0"/></net>

<net id="1238"><net_src comp="1234" pin="1"/><net_sink comp="377" pin=1"/></net>

<net id="1239"><net_src comp="1234" pin="1"/><net_sink comp="387" pin=0"/></net>

<net id="1240"><net_src comp="1234" pin="1"/><net_sink comp="406" pin=1"/></net>

<net id="1244"><net_src comp="116" pin="1"/><net_sink comp="1241" pin=0"/></net>

<net id="1245"><net_src comp="1241" pin="1"/><net_sink comp="372" pin=1"/></net>

<net id="1246"><net_src comp="1241" pin="1"/><net_sink comp="1096" pin=1"/></net>

<net id="1247"><net_src comp="1241" pin="1"/><net_sink comp="1210" pin=0"/></net>

<net id="1251"><net_src comp="120" pin="1"/><net_sink comp="1248" pin=0"/></net>

<net id="1252"><net_src comp="1248" pin="1"/><net_sink comp="367" pin=1"/></net>

<net id="1253"><net_src comp="1248" pin="1"/><net_sink comp="1091" pin=1"/></net>

<net id="1254"><net_src comp="1248" pin="1"/><net_sink comp="1214" pin=0"/></net>

<net id="1258"><net_src comp="124" pin="1"/><net_sink comp="1255" pin=0"/></net>

<net id="1259"><net_src comp="1255" pin="1"/><net_sink comp="362" pin=1"/></net>

<net id="1260"><net_src comp="1255" pin="1"/><net_sink comp="1086" pin=1"/></net>

<net id="1261"><net_src comp="1255" pin="1"/><net_sink comp="1218" pin=0"/></net>

<net id="1265"><net_src comp="128" pin="1"/><net_sink comp="1262" pin=0"/></net>

<net id="1266"><net_src comp="1262" pin="1"/><net_sink comp="357" pin=1"/></net>

<net id="1267"><net_src comp="1262" pin="1"/><net_sink comp="1101" pin=1"/></net>

<net id="1268"><net_src comp="1262" pin="1"/><net_sink comp="1222" pin=0"/></net>

<net id="1272"><net_src comp="132" pin="2"/><net_sink comp="1269" pin=0"/></net>

<net id="1273"><net_src comp="1269" pin="1"/><net_sink comp="423" pin=1"/></net>

<net id="1277"><net_src comp="349" pin="1"/><net_sink comp="1274" pin=0"/></net>

<net id="1278"><net_src comp="1274" pin="1"/><net_sink comp="417" pin=1"/></net>

<net id="1282"><net_src comp="353" pin="1"/><net_sink comp="1279" pin=0"/></net>

<net id="1283"><net_src comp="1279" pin="1"/><net_sink comp="411" pin=1"/></net>

<net id="1287"><net_src comp="390" pin="2"/><net_sink comp="1284" pin=0"/></net>

<net id="1291"><net_src comp="402" pin="1"/><net_sink comp="1288" pin=0"/></net>

<net id="1295"><net_src comp="417" pin="2"/><net_sink comp="1292" pin=0"/></net>

<net id="1296"><net_src comp="1292" pin="1"/><net_sink comp="186" pin=1"/></net>

<net id="1300"><net_src comp="174" pin="2"/><net_sink comp="1297" pin=0"/></net>

<net id="1301"><net_src comp="1297" pin="1"/><net_sink comp="463" pin=0"/></net>

<net id="1305"><net_src comp="436" pin="2"/><net_sink comp="1302" pin=0"/></net>

<net id="1306"><net_src comp="1302" pin="1"/><net_sink comp="179" pin=1"/></net>

<net id="1307"><net_src comp="1302" pin="1"/><net_sink comp="191" pin=1"/></net>

<net id="1311"><net_src comp="443" pin="1"/><net_sink comp="1308" pin=0"/></net>

<net id="1312"><net_src comp="1308" pin="1"/><net_sink comp="235" pin=0"/></net>

<net id="1316"><net_src comp="448" pin="1"/><net_sink comp="1313" pin=0"/></net>

<net id="1317"><net_src comp="1313" pin="1"/><net_sink comp="235" pin=1"/></net>

<net id="1321"><net_src comp="453" pin="1"/><net_sink comp="1318" pin=0"/></net>

<net id="1322"><net_src comp="1318" pin="1"/><net_sink comp="235" pin=0"/></net>

<net id="1326"><net_src comp="458" pin="1"/><net_sink comp="1323" pin=0"/></net>

<net id="1327"><net_src comp="1323" pin="1"/><net_sink comp="235" pin=1"/></net>

<net id="1331"><net_src comp="463" pin="1"/><net_sink comp="1328" pin=0"/></net>

<net id="1332"><net_src comp="1328" pin="1"/><net_sink comp="231" pin=0"/></net>

<net id="1336"><net_src comp="467" pin="1"/><net_sink comp="1333" pin=0"/></net>

<net id="1337"><net_src comp="1333" pin="1"/><net_sink comp="235" pin=0"/></net>

<net id="1341"><net_src comp="472" pin="1"/><net_sink comp="1338" pin=0"/></net>

<net id="1342"><net_src comp="1338" pin="1"/><net_sink comp="235" pin=1"/></net>

<net id="1346"><net_src comp="477" pin="1"/><net_sink comp="1343" pin=0"/></net>

<net id="1347"><net_src comp="1343" pin="1"/><net_sink comp="235" pin=0"/></net>

<net id="1351"><net_src comp="482" pin="1"/><net_sink comp="1348" pin=0"/></net>

<net id="1352"><net_src comp="1348" pin="1"/><net_sink comp="235" pin=1"/></net>

<net id="1356"><net_src comp="487" pin="1"/><net_sink comp="1353" pin=0"/></net>

<net id="1357"><net_src comp="1353" pin="1"/><net_sink comp="235" pin=0"/></net>

<net id="1361"><net_src comp="492" pin="1"/><net_sink comp="1358" pin=0"/></net>

<net id="1362"><net_src comp="1358" pin="1"/><net_sink comp="235" pin=1"/></net>

<net id="1366"><net_src comp="497" pin="1"/><net_sink comp="1363" pin=0"/></net>

<net id="1367"><net_src comp="1363" pin="1"/><net_sink comp="235" pin=0"/></net>

<net id="1371"><net_src comp="502" pin="1"/><net_sink comp="1368" pin=0"/></net>

<net id="1372"><net_src comp="1368" pin="1"/><net_sink comp="235" pin=1"/></net>

<net id="1376"><net_src comp="507" pin="1"/><net_sink comp="1373" pin=0"/></net>

<net id="1377"><net_src comp="1373" pin="1"/><net_sink comp="235" pin=0"/></net>

<net id="1381"><net_src comp="512" pin="1"/><net_sink comp="1378" pin=0"/></net>

<net id="1382"><net_src comp="1378" pin="1"/><net_sink comp="235" pin=1"/></net>

<net id="1386"><net_src comp="517" pin="1"/><net_sink comp="1383" pin=0"/></net>

<net id="1387"><net_src comp="1383" pin="1"/><net_sink comp="235" pin=0"/></net>

<net id="1391"><net_src comp="522" pin="1"/><net_sink comp="1388" pin=0"/></net>

<net id="1392"><net_src comp="1388" pin="1"/><net_sink comp="235" pin=1"/></net>

<net id="1396"><net_src comp="527" pin="1"/><net_sink comp="1393" pin=0"/></net>

<net id="1397"><net_src comp="1393" pin="1"/><net_sink comp="235" pin=0"/></net>

<net id="1401"><net_src comp="532" pin="1"/><net_sink comp="1398" pin=0"/></net>

<net id="1402"><net_src comp="1398" pin="1"/><net_sink comp="235" pin=1"/></net>

<net id="1406"><net_src comp="537" pin="1"/><net_sink comp="1403" pin=0"/></net>

<net id="1407"><net_src comp="1403" pin="1"/><net_sink comp="235" pin=0"/></net>

<net id="1411"><net_src comp="542" pin="1"/><net_sink comp="1408" pin=0"/></net>

<net id="1412"><net_src comp="1408" pin="1"/><net_sink comp="235" pin=1"/></net>

<net id="1416"><net_src comp="547" pin="1"/><net_sink comp="1413" pin=0"/></net>

<net id="1417"><net_src comp="1413" pin="1"/><net_sink comp="235" pin=0"/></net>

<net id="1421"><net_src comp="552" pin="1"/><net_sink comp="1418" pin=0"/></net>

<net id="1422"><net_src comp="1418" pin="1"/><net_sink comp="235" pin=1"/></net>

<net id="1426"><net_src comp="557" pin="1"/><net_sink comp="1423" pin=0"/></net>

<net id="1427"><net_src comp="1423" pin="1"/><net_sink comp="235" pin=0"/></net>

<net id="1431"><net_src comp="562" pin="1"/><net_sink comp="1428" pin=0"/></net>

<net id="1432"><net_src comp="1428" pin="1"/><net_sink comp="235" pin=1"/></net>

<net id="1436"><net_src comp="567" pin="1"/><net_sink comp="1433" pin=0"/></net>

<net id="1437"><net_src comp="1433" pin="1"/><net_sink comp="235" pin=0"/></net>

<net id="1441"><net_src comp="572" pin="1"/><net_sink comp="1438" pin=0"/></net>

<net id="1442"><net_src comp="1438" pin="1"/><net_sink comp="235" pin=1"/></net>

<net id="1446"><net_src comp="577" pin="1"/><net_sink comp="1443" pin=0"/></net>

<net id="1447"><net_src comp="1443" pin="1"/><net_sink comp="235" pin=0"/></net>

<net id="1451"><net_src comp="582" pin="1"/><net_sink comp="1448" pin=0"/></net>

<net id="1452"><net_src comp="1448" pin="1"/><net_sink comp="235" pin=1"/></net>

<net id="1456"><net_src comp="587" pin="1"/><net_sink comp="1453" pin=0"/></net>

<net id="1457"><net_src comp="1453" pin="1"/><net_sink comp="235" pin=0"/></net>

<net id="1461"><net_src comp="592" pin="1"/><net_sink comp="1458" pin=0"/></net>

<net id="1462"><net_src comp="1458" pin="1"/><net_sink comp="235" pin=1"/></net>

<net id="1466"><net_src comp="597" pin="1"/><net_sink comp="1463" pin=0"/></net>

<net id="1467"><net_src comp="1463" pin="1"/><net_sink comp="235" pin=0"/></net>

<net id="1471"><net_src comp="602" pin="1"/><net_sink comp="1468" pin=0"/></net>

<net id="1472"><net_src comp="1468" pin="1"/><net_sink comp="235" pin=1"/></net>

<net id="1476"><net_src comp="607" pin="1"/><net_sink comp="1473" pin=0"/></net>

<net id="1477"><net_src comp="1473" pin="1"/><net_sink comp="235" pin=0"/></net>

<net id="1481"><net_src comp="612" pin="1"/><net_sink comp="1478" pin=0"/></net>

<net id="1482"><net_src comp="1478" pin="1"/><net_sink comp="235" pin=1"/></net>

<net id="1486"><net_src comp="617" pin="1"/><net_sink comp="1483" pin=0"/></net>

<net id="1487"><net_src comp="1483" pin="1"/><net_sink comp="235" pin=0"/></net>

<net id="1491"><net_src comp="622" pin="1"/><net_sink comp="1488" pin=0"/></net>

<net id="1492"><net_src comp="1488" pin="1"/><net_sink comp="235" pin=1"/></net>

<net id="1496"><net_src comp="627" pin="1"/><net_sink comp="1493" pin=0"/></net>

<net id="1497"><net_src comp="1493" pin="1"/><net_sink comp="235" pin=0"/></net>

<net id="1501"><net_src comp="632" pin="1"/><net_sink comp="1498" pin=0"/></net>

<net id="1502"><net_src comp="1498" pin="1"/><net_sink comp="235" pin=1"/></net>

<net id="1506"><net_src comp="637" pin="1"/><net_sink comp="1503" pin=0"/></net>

<net id="1507"><net_src comp="1503" pin="1"/><net_sink comp="235" pin=0"/></net>

<net id="1511"><net_src comp="642" pin="1"/><net_sink comp="1508" pin=0"/></net>

<net id="1512"><net_src comp="1508" pin="1"/><net_sink comp="235" pin=1"/></net>

<net id="1516"><net_src comp="647" pin="1"/><net_sink comp="1513" pin=0"/></net>

<net id="1517"><net_src comp="1513" pin="1"/><net_sink comp="235" pin=0"/></net>

<net id="1521"><net_src comp="652" pin="1"/><net_sink comp="1518" pin=0"/></net>

<net id="1522"><net_src comp="1518" pin="1"/><net_sink comp="235" pin=1"/></net>

<net id="1526"><net_src comp="657" pin="1"/><net_sink comp="1523" pin=0"/></net>

<net id="1527"><net_src comp="1523" pin="1"/><net_sink comp="235" pin=0"/></net>

<net id="1531"><net_src comp="662" pin="1"/><net_sink comp="1528" pin=0"/></net>

<net id="1532"><net_src comp="1528" pin="1"/><net_sink comp="235" pin=1"/></net>

<net id="1536"><net_src comp="235" pin="2"/><net_sink comp="1533" pin=0"/></net>

<net id="1537"><net_src comp="1533" pin="1"/><net_sink comp="231" pin=1"/></net>

<net id="1541"><net_src comp="667" pin="1"/><net_sink comp="1538" pin=0"/></net>

<net id="1542"><net_src comp="1538" pin="1"/><net_sink comp="235" pin=0"/></net>

<net id="1546"><net_src comp="672" pin="1"/><net_sink comp="1543" pin=0"/></net>

<net id="1547"><net_src comp="1543" pin="1"/><net_sink comp="235" pin=1"/></net>

<net id="1551"><net_src comp="677" pin="1"/><net_sink comp="1548" pin=0"/></net>

<net id="1552"><net_src comp="1548" pin="1"/><net_sink comp="235" pin=0"/></net>

<net id="1556"><net_src comp="682" pin="1"/><net_sink comp="1553" pin=0"/></net>

<net id="1557"><net_src comp="1553" pin="1"/><net_sink comp="235" pin=1"/></net>

<net id="1561"><net_src comp="235" pin="2"/><net_sink comp="1558" pin=0"/></net>

<net id="1562"><net_src comp="1558" pin="1"/><net_sink comp="231" pin=1"/></net>

<net id="1566"><net_src comp="687" pin="1"/><net_sink comp="1563" pin=0"/></net>

<net id="1567"><net_src comp="1563" pin="1"/><net_sink comp="235" pin=0"/></net>

<net id="1571"><net_src comp="692" pin="1"/><net_sink comp="1568" pin=0"/></net>

<net id="1572"><net_src comp="1568" pin="1"/><net_sink comp="235" pin=1"/></net>

<net id="1576"><net_src comp="697" pin="1"/><net_sink comp="1573" pin=0"/></net>

<net id="1577"><net_src comp="1573" pin="1"/><net_sink comp="235" pin=0"/></net>

<net id="1581"><net_src comp="702" pin="1"/><net_sink comp="1578" pin=0"/></net>

<net id="1582"><net_src comp="1578" pin="1"/><net_sink comp="235" pin=1"/></net>

<net id="1586"><net_src comp="235" pin="2"/><net_sink comp="1583" pin=0"/></net>

<net id="1587"><net_src comp="1583" pin="1"/><net_sink comp="231" pin=1"/></net>

<net id="1591"><net_src comp="707" pin="1"/><net_sink comp="1588" pin=0"/></net>

<net id="1592"><net_src comp="1588" pin="1"/><net_sink comp="235" pin=0"/></net>

<net id="1596"><net_src comp="712" pin="1"/><net_sink comp="1593" pin=0"/></net>

<net id="1597"><net_src comp="1593" pin="1"/><net_sink comp="235" pin=1"/></net>

<net id="1601"><net_src comp="717" pin="1"/><net_sink comp="1598" pin=0"/></net>

<net id="1602"><net_src comp="1598" pin="1"/><net_sink comp="235" pin=0"/></net>

<net id="1606"><net_src comp="722" pin="1"/><net_sink comp="1603" pin=0"/></net>

<net id="1607"><net_src comp="1603" pin="1"/><net_sink comp="235" pin=1"/></net>

<net id="1611"><net_src comp="235" pin="2"/><net_sink comp="1608" pin=0"/></net>

<net id="1612"><net_src comp="1608" pin="1"/><net_sink comp="231" pin=1"/></net>

<net id="1616"><net_src comp="727" pin="1"/><net_sink comp="1613" pin=0"/></net>

<net id="1617"><net_src comp="1613" pin="1"/><net_sink comp="235" pin=0"/></net>

<net id="1621"><net_src comp="732" pin="1"/><net_sink comp="1618" pin=0"/></net>

<net id="1622"><net_src comp="1618" pin="1"/><net_sink comp="235" pin=1"/></net>

<net id="1626"><net_src comp="737" pin="1"/><net_sink comp="1623" pin=0"/></net>

<net id="1627"><net_src comp="1623" pin="1"/><net_sink comp="235" pin=0"/></net>

<net id="1631"><net_src comp="742" pin="1"/><net_sink comp="1628" pin=0"/></net>

<net id="1632"><net_src comp="1628" pin="1"/><net_sink comp="235" pin=1"/></net>

<net id="1636"><net_src comp="235" pin="2"/><net_sink comp="1633" pin=0"/></net>

<net id="1637"><net_src comp="1633" pin="1"/><net_sink comp="231" pin=1"/></net>

<net id="1641"><net_src comp="747" pin="1"/><net_sink comp="1638" pin=0"/></net>

<net id="1642"><net_src comp="1638" pin="1"/><net_sink comp="235" pin=0"/></net>

<net id="1646"><net_src comp="752" pin="1"/><net_sink comp="1643" pin=0"/></net>

<net id="1647"><net_src comp="1643" pin="1"/><net_sink comp="235" pin=1"/></net>

<net id="1651"><net_src comp="757" pin="1"/><net_sink comp="1648" pin=0"/></net>

<net id="1652"><net_src comp="1648" pin="1"/><net_sink comp="235" pin=0"/></net>

<net id="1656"><net_src comp="762" pin="1"/><net_sink comp="1653" pin=0"/></net>

<net id="1657"><net_src comp="1653" pin="1"/><net_sink comp="235" pin=1"/></net>

<net id="1661"><net_src comp="235" pin="2"/><net_sink comp="1658" pin=0"/></net>

<net id="1662"><net_src comp="1658" pin="1"/><net_sink comp="231" pin=1"/></net>

<net id="1666"><net_src comp="767" pin="1"/><net_sink comp="1663" pin=0"/></net>

<net id="1667"><net_src comp="1663" pin="1"/><net_sink comp="235" pin=0"/></net>

<net id="1671"><net_src comp="772" pin="1"/><net_sink comp="1668" pin=0"/></net>

<net id="1672"><net_src comp="1668" pin="1"/><net_sink comp="235" pin=1"/></net>

<net id="1676"><net_src comp="777" pin="1"/><net_sink comp="1673" pin=0"/></net>

<net id="1677"><net_src comp="1673" pin="1"/><net_sink comp="235" pin=0"/></net>

<net id="1681"><net_src comp="782" pin="1"/><net_sink comp="1678" pin=0"/></net>

<net id="1682"><net_src comp="1678" pin="1"/><net_sink comp="235" pin=1"/></net>

<net id="1686"><net_src comp="235" pin="2"/><net_sink comp="1683" pin=0"/></net>

<net id="1687"><net_src comp="1683" pin="1"/><net_sink comp="231" pin=1"/></net>

<net id="1691"><net_src comp="787" pin="1"/><net_sink comp="1688" pin=0"/></net>

<net id="1692"><net_src comp="1688" pin="1"/><net_sink comp="235" pin=0"/></net>

<net id="1696"><net_src comp="792" pin="1"/><net_sink comp="1693" pin=0"/></net>

<net id="1697"><net_src comp="1693" pin="1"/><net_sink comp="235" pin=1"/></net>

<net id="1701"><net_src comp="797" pin="1"/><net_sink comp="1698" pin=0"/></net>

<net id="1702"><net_src comp="1698" pin="1"/><net_sink comp="235" pin=0"/></net>

<net id="1706"><net_src comp="802" pin="1"/><net_sink comp="1703" pin=0"/></net>

<net id="1707"><net_src comp="1703" pin="1"/><net_sink comp="235" pin=1"/></net>

<net id="1711"><net_src comp="235" pin="2"/><net_sink comp="1708" pin=0"/></net>

<net id="1712"><net_src comp="1708" pin="1"/><net_sink comp="231" pin=1"/></net>

<net id="1716"><net_src comp="807" pin="1"/><net_sink comp="1713" pin=0"/></net>

<net id="1717"><net_src comp="1713" pin="1"/><net_sink comp="235" pin=0"/></net>

<net id="1721"><net_src comp="812" pin="1"/><net_sink comp="1718" pin=0"/></net>

<net id="1722"><net_src comp="1718" pin="1"/><net_sink comp="235" pin=1"/></net>

<net id="1726"><net_src comp="817" pin="1"/><net_sink comp="1723" pin=0"/></net>

<net id="1727"><net_src comp="1723" pin="1"/><net_sink comp="235" pin=0"/></net>

<net id="1731"><net_src comp="822" pin="1"/><net_sink comp="1728" pin=0"/></net>

<net id="1732"><net_src comp="1728" pin="1"/><net_sink comp="235" pin=1"/></net>

<net id="1736"><net_src comp="235" pin="2"/><net_sink comp="1733" pin=0"/></net>

<net id="1737"><net_src comp="1733" pin="1"/><net_sink comp="231" pin=1"/></net>

<net id="1741"><net_src comp="827" pin="1"/><net_sink comp="1738" pin=0"/></net>

<net id="1742"><net_src comp="1738" pin="1"/><net_sink comp="235" pin=0"/></net>

<net id="1746"><net_src comp="832" pin="1"/><net_sink comp="1743" pin=0"/></net>

<net id="1747"><net_src comp="1743" pin="1"/><net_sink comp="235" pin=1"/></net>

<net id="1751"><net_src comp="235" pin="2"/><net_sink comp="1748" pin=0"/></net>

<net id="1752"><net_src comp="1748" pin="1"/><net_sink comp="231" pin=1"/></net>

<net id="1756"><net_src comp="837" pin="1"/><net_sink comp="1753" pin=0"/></net>

<net id="1757"><net_src comp="1753" pin="1"/><net_sink comp="235" pin=0"/></net>

<net id="1761"><net_src comp="842" pin="1"/><net_sink comp="1758" pin=0"/></net>

<net id="1762"><net_src comp="1758" pin="1"/><net_sink comp="235" pin=1"/></net>

<net id="1766"><net_src comp="235" pin="2"/><net_sink comp="1763" pin=0"/></net>

<net id="1767"><net_src comp="1763" pin="1"/><net_sink comp="231" pin=1"/></net>

<net id="1771"><net_src comp="847" pin="1"/><net_sink comp="1768" pin=0"/></net>

<net id="1772"><net_src comp="1768" pin="1"/><net_sink comp="235" pin=0"/></net>

<net id="1776"><net_src comp="852" pin="1"/><net_sink comp="1773" pin=0"/></net>

<net id="1777"><net_src comp="1773" pin="1"/><net_sink comp="235" pin=1"/></net>

<net id="1781"><net_src comp="857" pin="1"/><net_sink comp="1778" pin=0"/></net>

<net id="1782"><net_src comp="1778" pin="1"/><net_sink comp="235" pin=0"/></net>

<net id="1786"><net_src comp="862" pin="1"/><net_sink comp="1783" pin=0"/></net>

<net id="1787"><net_src comp="1783" pin="1"/><net_sink comp="235" pin=1"/></net>

<net id="1791"><net_src comp="235" pin="2"/><net_sink comp="1788" pin=0"/></net>

<net id="1792"><net_src comp="1788" pin="1"/><net_sink comp="231" pin=1"/></net>

<net id="1796"><net_src comp="867" pin="1"/><net_sink comp="1793" pin=0"/></net>

<net id="1797"><net_src comp="1793" pin="1"/><net_sink comp="235" pin=0"/></net>

<net id="1801"><net_src comp="872" pin="1"/><net_sink comp="1798" pin=0"/></net>

<net id="1802"><net_src comp="1798" pin="1"/><net_sink comp="235" pin=1"/></net>

<net id="1806"><net_src comp="235" pin="2"/><net_sink comp="1803" pin=0"/></net>

<net id="1807"><net_src comp="1803" pin="1"/><net_sink comp="231" pin=1"/></net>

<net id="1811"><net_src comp="877" pin="1"/><net_sink comp="1808" pin=0"/></net>

<net id="1812"><net_src comp="1808" pin="1"/><net_sink comp="235" pin=0"/></net>

<net id="1816"><net_src comp="882" pin="1"/><net_sink comp="1813" pin=0"/></net>

<net id="1817"><net_src comp="1813" pin="1"/><net_sink comp="235" pin=1"/></net>

<net id="1821"><net_src comp="235" pin="2"/><net_sink comp="1818" pin=0"/></net>

<net id="1822"><net_src comp="1818" pin="1"/><net_sink comp="231" pin=1"/></net>

<net id="1826"><net_src comp="887" pin="1"/><net_sink comp="1823" pin=0"/></net>

<net id="1827"><net_src comp="1823" pin="1"/><net_sink comp="235" pin=0"/></net>

<net id="1831"><net_src comp="892" pin="1"/><net_sink comp="1828" pin=0"/></net>

<net id="1832"><net_src comp="1828" pin="1"/><net_sink comp="235" pin=1"/></net>

<net id="1836"><net_src comp="235" pin="2"/><net_sink comp="1833" pin=0"/></net>

<net id="1837"><net_src comp="1833" pin="1"/><net_sink comp="231" pin=1"/></net>

<net id="1841"><net_src comp="897" pin="1"/><net_sink comp="1838" pin=0"/></net>

<net id="1842"><net_src comp="1838" pin="1"/><net_sink comp="235" pin=0"/></net>

<net id="1846"><net_src comp="902" pin="1"/><net_sink comp="1843" pin=0"/></net>

<net id="1847"><net_src comp="1843" pin="1"/><net_sink comp="235" pin=1"/></net>

<net id="1851"><net_src comp="235" pin="2"/><net_sink comp="1848" pin=0"/></net>

<net id="1852"><net_src comp="1848" pin="1"/><net_sink comp="231" pin=1"/></net>

<net id="1856"><net_src comp="907" pin="1"/><net_sink comp="1853" pin=0"/></net>

<net id="1857"><net_src comp="1853" pin="1"/><net_sink comp="235" pin=0"/></net>

<net id="1861"><net_src comp="912" pin="1"/><net_sink comp="1858" pin=0"/></net>

<net id="1862"><net_src comp="1858" pin="1"/><net_sink comp="235" pin=1"/></net>

<net id="1866"><net_src comp="235" pin="2"/><net_sink comp="1863" pin=0"/></net>

<net id="1867"><net_src comp="1863" pin="1"/><net_sink comp="231" pin=1"/></net>

<net id="1871"><net_src comp="917" pin="1"/><net_sink comp="1868" pin=0"/></net>

<net id="1872"><net_src comp="1868" pin="1"/><net_sink comp="235" pin=0"/></net>

<net id="1876"><net_src comp="922" pin="1"/><net_sink comp="1873" pin=0"/></net>

<net id="1877"><net_src comp="1873" pin="1"/><net_sink comp="235" pin=1"/></net>

<net id="1881"><net_src comp="235" pin="2"/><net_sink comp="1878" pin=0"/></net>

<net id="1882"><net_src comp="1878" pin="1"/><net_sink comp="231" pin=1"/></net>

<net id="1886"><net_src comp="927" pin="1"/><net_sink comp="1883" pin=0"/></net>

<net id="1887"><net_src comp="1883" pin="1"/><net_sink comp="235" pin=0"/></net>

<net id="1891"><net_src comp="932" pin="1"/><net_sink comp="1888" pin=0"/></net>

<net id="1892"><net_src comp="1888" pin="1"/><net_sink comp="235" pin=1"/></net>

<net id="1896"><net_src comp="235" pin="2"/><net_sink comp="1893" pin=0"/></net>

<net id="1897"><net_src comp="1893" pin="1"/><net_sink comp="231" pin=1"/></net>

<net id="1901"><net_src comp="937" pin="1"/><net_sink comp="1898" pin=0"/></net>

<net id="1902"><net_src comp="1898" pin="1"/><net_sink comp="235" pin=0"/></net>

<net id="1906"><net_src comp="942" pin="1"/><net_sink comp="1903" pin=0"/></net>

<net id="1907"><net_src comp="1903" pin="1"/><net_sink comp="235" pin=1"/></net>

<net id="1911"><net_src comp="235" pin="2"/><net_sink comp="1908" pin=0"/></net>

<net id="1912"><net_src comp="1908" pin="1"/><net_sink comp="231" pin=1"/></net>

<net id="1916"><net_src comp="947" pin="1"/><net_sink comp="1913" pin=0"/></net>

<net id="1917"><net_src comp="1913" pin="1"/><net_sink comp="235" pin=0"/></net>

<net id="1921"><net_src comp="952" pin="1"/><net_sink comp="1918" pin=0"/></net>

<net id="1922"><net_src comp="1918" pin="1"/><net_sink comp="235" pin=1"/></net>

<net id="1926"><net_src comp="235" pin="2"/><net_sink comp="1923" pin=0"/></net>

<net id="1927"><net_src comp="1923" pin="1"/><net_sink comp="231" pin=1"/></net>

<net id="1931"><net_src comp="957" pin="1"/><net_sink comp="1928" pin=0"/></net>

<net id="1932"><net_src comp="1928" pin="1"/><net_sink comp="235" pin=0"/></net>

<net id="1936"><net_src comp="962" pin="1"/><net_sink comp="1933" pin=0"/></net>

<net id="1937"><net_src comp="1933" pin="1"/><net_sink comp="235" pin=1"/></net>

<net id="1941"><net_src comp="235" pin="2"/><net_sink comp="1938" pin=0"/></net>

<net id="1942"><net_src comp="1938" pin="1"/><net_sink comp="231" pin=1"/></net>

<net id="1946"><net_src comp="967" pin="1"/><net_sink comp="1943" pin=0"/></net>

<net id="1947"><net_src comp="1943" pin="1"/><net_sink comp="235" pin=0"/></net>

<net id="1951"><net_src comp="972" pin="1"/><net_sink comp="1948" pin=0"/></net>

<net id="1952"><net_src comp="1948" pin="1"/><net_sink comp="235" pin=1"/></net>

<net id="1956"><net_src comp="235" pin="2"/><net_sink comp="1953" pin=0"/></net>

<net id="1957"><net_src comp="1953" pin="1"/><net_sink comp="231" pin=1"/></net>

<net id="1961"><net_src comp="977" pin="1"/><net_sink comp="1958" pin=0"/></net>

<net id="1962"><net_src comp="1958" pin="1"/><net_sink comp="235" pin=0"/></net>

<net id="1966"><net_src comp="982" pin="1"/><net_sink comp="1963" pin=0"/></net>

<net id="1967"><net_src comp="1963" pin="1"/><net_sink comp="235" pin=1"/></net>

<net id="1971"><net_src comp="235" pin="2"/><net_sink comp="1968" pin=0"/></net>

<net id="1972"><net_src comp="1968" pin="1"/><net_sink comp="231" pin=1"/></net>

<net id="1976"><net_src comp="987" pin="1"/><net_sink comp="1973" pin=0"/></net>

<net id="1977"><net_src comp="1973" pin="1"/><net_sink comp="235" pin=0"/></net>

<net id="1981"><net_src comp="992" pin="1"/><net_sink comp="1978" pin=0"/></net>

<net id="1982"><net_src comp="1978" pin="1"/><net_sink comp="235" pin=1"/></net>

<net id="1986"><net_src comp="186" pin="2"/><net_sink comp="1983" pin=0"/></net>

<net id="1987"><net_src comp="1983" pin="1"/><net_sink comp="1082" pin=0"/></net>

<net id="1991"><net_src comp="235" pin="2"/><net_sink comp="1988" pin=0"/></net>

<net id="1992"><net_src comp="1988" pin="1"/><net_sink comp="231" pin=1"/></net>

<net id="1996"><net_src comp="997" pin="1"/><net_sink comp="1993" pin=0"/></net>

<net id="1997"><net_src comp="1993" pin="1"/><net_sink comp="235" pin=0"/></net>

<net id="2001"><net_src comp="1002" pin="1"/><net_sink comp="1998" pin=0"/></net>

<net id="2002"><net_src comp="1998" pin="1"/><net_sink comp="235" pin=1"/></net>

<net id="2006"><net_src comp="235" pin="2"/><net_sink comp="2003" pin=0"/></net>

<net id="2007"><net_src comp="2003" pin="1"/><net_sink comp="231" pin=1"/></net>

<net id="2011"><net_src comp="1007" pin="1"/><net_sink comp="2008" pin=0"/></net>

<net id="2012"><net_src comp="2008" pin="1"/><net_sink comp="235" pin=0"/></net>

<net id="2016"><net_src comp="1012" pin="1"/><net_sink comp="2013" pin=0"/></net>

<net id="2017"><net_src comp="2013" pin="1"/><net_sink comp="235" pin=1"/></net>

<net id="2021"><net_src comp="235" pin="2"/><net_sink comp="2018" pin=0"/></net>

<net id="2022"><net_src comp="2018" pin="1"/><net_sink comp="231" pin=1"/></net>

<net id="2026"><net_src comp="1017" pin="1"/><net_sink comp="2023" pin=0"/></net>

<net id="2027"><net_src comp="2023" pin="1"/><net_sink comp="235" pin=0"/></net>

<net id="2031"><net_src comp="1022" pin="1"/><net_sink comp="2028" pin=0"/></net>

<net id="2032"><net_src comp="2028" pin="1"/><net_sink comp="235" pin=1"/></net>

<net id="2036"><net_src comp="235" pin="2"/><net_sink comp="2033" pin=0"/></net>

<net id="2037"><net_src comp="2033" pin="1"/><net_sink comp="231" pin=1"/></net>

<net id="2041"><net_src comp="1027" pin="1"/><net_sink comp="2038" pin=0"/></net>

<net id="2042"><net_src comp="2038" pin="1"/><net_sink comp="235" pin=0"/></net>

<net id="2046"><net_src comp="1032" pin="1"/><net_sink comp="2043" pin=0"/></net>

<net id="2047"><net_src comp="2043" pin="1"/><net_sink comp="235" pin=1"/></net>

<net id="2051"><net_src comp="235" pin="2"/><net_sink comp="2048" pin=0"/></net>

<net id="2052"><net_src comp="2048" pin="1"/><net_sink comp="231" pin=1"/></net>

<net id="2056"><net_src comp="1037" pin="1"/><net_sink comp="2053" pin=0"/></net>

<net id="2057"><net_src comp="2053" pin="1"/><net_sink comp="235" pin=0"/></net>

<net id="2061"><net_src comp="1042" pin="1"/><net_sink comp="2058" pin=0"/></net>

<net id="2062"><net_src comp="2058" pin="1"/><net_sink comp="235" pin=1"/></net>

<net id="2066"><net_src comp="235" pin="2"/><net_sink comp="2063" pin=0"/></net>

<net id="2067"><net_src comp="2063" pin="1"/><net_sink comp="231" pin=1"/></net>

<net id="2071"><net_src comp="1047" pin="1"/><net_sink comp="2068" pin=0"/></net>

<net id="2072"><net_src comp="2068" pin="1"/><net_sink comp="235" pin=0"/></net>

<net id="2076"><net_src comp="1052" pin="1"/><net_sink comp="2073" pin=0"/></net>

<net id="2077"><net_src comp="2073" pin="1"/><net_sink comp="235" pin=1"/></net>

<net id="2081"><net_src comp="235" pin="2"/><net_sink comp="2078" pin=0"/></net>

<net id="2082"><net_src comp="2078" pin="1"/><net_sink comp="231" pin=1"/></net>

<net id="2086"><net_src comp="1057" pin="1"/><net_sink comp="2083" pin=0"/></net>

<net id="2087"><net_src comp="2083" pin="1"/><net_sink comp="235" pin=0"/></net>

<net id="2091"><net_src comp="1062" pin="1"/><net_sink comp="2088" pin=0"/></net>

<net id="2092"><net_src comp="2088" pin="1"/><net_sink comp="235" pin=1"/></net>

<net id="2096"><net_src comp="235" pin="2"/><net_sink comp="2093" pin=0"/></net>

<net id="2097"><net_src comp="2093" pin="1"/><net_sink comp="231" pin=1"/></net>

<net id="2101"><net_src comp="1067" pin="1"/><net_sink comp="2098" pin=0"/></net>

<net id="2102"><net_src comp="2098" pin="1"/><net_sink comp="235" pin=0"/></net>

<net id="2106"><net_src comp="1072" pin="1"/><net_sink comp="2103" pin=0"/></net>

<net id="2107"><net_src comp="2103" pin="1"/><net_sink comp="235" pin=1"/></net>

<net id="2111"><net_src comp="235" pin="2"/><net_sink comp="2108" pin=0"/></net>

<net id="2112"><net_src comp="2108" pin="1"/><net_sink comp="231" pin=1"/></net>

<net id="2116"><net_src comp="1077" pin="1"/><net_sink comp="2113" pin=0"/></net>

<net id="2117"><net_src comp="2113" pin="1"/><net_sink comp="235" pin=0"/></net>

<net id="2121"><net_src comp="1082" pin="1"/><net_sink comp="2118" pin=0"/></net>

<net id="2122"><net_src comp="2118" pin="1"/><net_sink comp="235" pin=1"/></net>

<net id="2126"><net_src comp="235" pin="2"/><net_sink comp="2123" pin=0"/></net>

<net id="2127"><net_src comp="2123" pin="1"/><net_sink comp="231" pin=1"/></net>

<net id="2131"><net_src comp="231" pin="2"/><net_sink comp="2128" pin=0"/></net>

<net id="2132"><net_src comp="2128" pin="1"/><net_sink comp="231" pin=0"/></net>

<net id="2136"><net_src comp="1194" pin="3"/><net_sink comp="2133" pin=0"/></net>

<net id="2137"><net_src comp="2133" pin="1"/><net_sink comp="1202" pin=0"/></net>

</net_list>

</model> 
---------------- Datapath Model END ------------------

* FSMD analyzer results:
  - Output states:
	Port: gmem2 | {}
	Port: gmem1 | {}
	Port: gmem0 | {}
	Port: logits_3_1_out | {79 }
	Port: logits_2_1_out | {79 }
	Port: logits_1_1_out | {79 }
	Port: logits_0_1_out | {79 }
	Port: max_logit_out | {79 }
 - Input state : 
	Port: pseudo_moe_Pipeline_VITIS_LOOP_94_2 : logits_3_04 | {1 }
	Port: pseudo_moe_Pipeline_VITIS_LOOP_94_2 : logits_2_03 | {1 }
	Port: pseudo_moe_Pipeline_VITIS_LOOP_94_2 : logits_1_02 | {1 }
	Port: pseudo_moe_Pipeline_VITIS_LOOP_94_2 : logits_0_01 | {1 }
	Port: pseudo_moe_Pipeline_VITIS_LOOP_94_2 : gmem2 | {2 }
	Port: pseudo_moe_Pipeline_VITIS_LOOP_94_2 : gmem1 | {2 3 4 5 6 7 8 9 10 11 12 13 14 15 16 17 18 19 20 21 22 23 24 25 26 27 28 29 30 31 32 33 34 35 36 37 38 39 40 41 42 43 44 45 46 47 48 49 50 51 52 53 54 55 56 57 58 59 60 61 62 63 64 65 }
	Port: pseudo_moe_Pipeline_VITIS_LOOP_94_2 : gmem0 | {2 3 4 5 6 7 8 9 10 11 12 13 14 15 16 17 18 19 20 21 22 23 24 25 26 27 28 29 30 31 32 33 34 35 36 37 38 39 40 41 42 43 44 45 46 47 48 49 50 51 52 53 54 55 56 57 58 59 60 61 62 63 64 65 66 67 68 69 70 71 72 73 }
	Port: pseudo_moe_Pipeline_VITIS_LOOP_94_2 : sext_ln94_1 | {1 }
	Port: pseudo_moe_Pipeline_VITIS_LOOP_94_2 : sext_ln94 | {1 }
	Port: pseudo_moe_Pipeline_VITIS_LOOP_94_2 : empty | {1 }
  - Chain level:
	State 1
		store_ln94 : 1
		store_ln92 : 1
		e_1 : 1
		icmp_ln94 : 2
		add_ln94 : 2
		br_ln94 : 3
		trunc_ln101 : 2
		switch_ln101 : 3
		store_ln94 : 3
	State 2
		gmem2_addr_read : 1
		sext_ln97 : 1
		gmem0_addr : 2
		empty_50 : 3
		gmem1_addr_read : 1
	State 3
	State 4
	State 5
	State 6
	State 7
	State 8
	State 9
	State 10
	State 11
		mul : 1
	State 12
		mul15_1 : 1
	State 13
		acc_1 : 1
		mul15_2 : 1
	State 14
		mul15_3 : 1
	State 15
		mul15_4 : 1
	State 16
		mul15_5 : 1
	State 17
		mul15_6 : 1
	State 18
		mul15_7 : 1
	State 19
		mul15_8 : 1
	State 20
		mul15_9 : 1
	State 21
		mul15_s : 1
	State 22
		mul15_10 : 1
	State 23
		mul15_11 : 1
	State 24
		mul15_12 : 1
	State 25
		mul15_13 : 1
	State 26
		mul15_14 : 1
	State 27
		mul15_15 : 1
	State 28
		mul15_16 : 1
	State 29
		mul15_17 : 1
	State 30
		mul15_18 : 1
	State 31
		mul15_19 : 1
	State 32
		mul15_20 : 1
	State 33
		mul15_21 : 1
	State 34
		mul15_22 : 1
	State 35
		mul15_23 : 1
	State 36
		mul15_24 : 1
	State 37
		mul15_25 : 1
	State 38
		mul15_26 : 1
	State 39
		mul15_27 : 1
	State 40
		mul15_28 : 1
	State 41
		mul15_29 : 1
	State 42
		mul15_30 : 1
	State 43
		mul15_31 : 1
	State 44
		mul15_32 : 1
	State 45
		mul15_33 : 1
	State 46
		mul15_34 : 1
	State 47
		mul15_35 : 1
	State 48
		mul15_36 : 1
	State 49
		mul15_37 : 1
	State 50
		mul15_38 : 1
	State 51
		mul15_39 : 1
	State 52
		mul15_40 : 1
	State 53
		mul15_41 : 1
	State 54
		mul15_42 : 1
	State 55
		mul15_43 : 1
	State 56
		mul15_44 : 1
	State 57
		mul15_45 : 1
	State 58
		mul15_46 : 1
	State 59
		mul15_47 : 1
	State 60
		mul15_48 : 1
	State 61
		mul15_49 : 1
	State 62
		mul15_50 : 1
	State 63
		mul15_51 : 1
	State 64
		mul15_52 : 1
	State 65
		mul15_53 : 1
	State 66
		mul15_54 : 1
	State 67
		mul15_55 : 1
	State 68
		mul15_56 : 1
	State 69
		mul15_57 : 1
	State 70
		mul15_58 : 1
	State 71
		mul15_59 : 1
	State 72
		mul15_60 : 1
	State 73
		mul15_61 : 1
	State 74
		mul15_62 : 1
	State 75
	State 76
	State 77
	State 78
	State 79
		write_ln0 : 1
		write_ln0 : 1
		write_ln0 : 1
		write_ln0 : 1
		write_ln0 : 1
	State 80
	State 81
	State 82
	State 83
	State 84
	State 85
	State 86
	State 87
	State 88
	State 89
	State 90
	State 91
	State 92
	State 93
	State 94
	State 95
	State 96
	State 97
	State 98
	State 99
	State 100
	State 101
	State 102
	State 103
	State 104
	State 105
	State 106
	State 107
	State 108
	State 109
	State 110
	State 111
	State 112
	State 113
	State 114
	State 115
	State 116
	State 117
	State 118
	State 119
	State 120
	State 121
	State 122
	State 123
	State 124
	State 125
	State 126
	State 127
	State 128
	State 129
	State 130
	State 131
	State 132
	State 133
	State 134
	State 135
	State 136
	State 137
	State 138
	State 139
	State 140
	State 141
		store_ln98 : 1
		store_ln98 : 1
		store_ln98 : 1
		store_ln98 : 1
	State 142
		tmp_1 : 1
		trunc_ln103 : 1
		bitcast_ln103_1 : 1
		tmp_2 : 2
		trunc_ln103_1 : 2
		icmp_ln103 : 2
		icmp_ln103_1 : 2
		or_ln103 : 3
		icmp_ln103_2 : 3
		icmp_ln103_3 : 3
		or_ln103_1 : 4
		tmp_3 : 1
		and_ln103 : 3
		and_ln103_1 : 3
		max_logit_1 : 3
	State 143


============================================================
+ Verbose Summary: Datapath Resource usage 
============================================================

* Functional unit list:
|----------|------------------------------|---------|---------|---------|
| Operation|        Functional Unit       |   DSP   |    FF   |   LUT   |
|----------|------------------------------|---------|---------|---------|
|   fadd   |          grp_fu_231          |    2    |   177   |   233   |
|----------|------------------------------|---------|---------|---------|
|   fmul   |          grp_fu_235          |    3    |   128   |    78   |
|----------|------------------------------|---------|---------|---------|
|          |       icmp_ln94_fu_390       |    0    |    0    |    10   |
|          |      icmp_ln103_fu_1146      |    0    |    0    |    15   |
|   icmp   |     icmp_ln103_1_fu_1152     |    0    |    0    |    30   |
|          |     icmp_ln103_2_fu_1164     |    0    |    0    |    15   |
|          |     icmp_ln103_3_fu_1170     |    0    |    0    |    30   |
|----------|------------------------------|---------|---------|---------|
|  select  |      max_logit_1_fu_1194     |    0    |    0    |    32   |
|----------|------------------------------|---------|---------|---------|
|    add   |        add_ln94_fu_396       |    0    |    0    |    10   |
|----------|------------------------------|---------|---------|---------|
|    or    |       or_ln103_fu_1158       |    0    |    0    |    2    |
|          |      or_ln103_1_fu_1176      |    0    |    0    |    2    |
|----------|------------------------------|---------|---------|---------|
|    and   |       and_ln103_fu_1182      |    0    |    0    |    2    |
|          |      and_ln103_1_fu_1188     |    0    |    0    |    2    |
|----------|------------------------------|---------|---------|---------|
|          |        tmp_read_fu_132       |    0    |    0    |    0    |
|          |  sext_ln94_read_read_fu_138  |    0    |    0    |    0    |
|          | sext_ln94_1_read_read_fu_144 |    0    |    0    |    0    |
|          | logits_0_01_read_read_fu_150 |    0    |    0    |    0    |
|   read   | logits_1_02_read_read_fu_156 |    0    |    0    |    0    |
|          | logits_2_03_read_read_fu_162 |    0    |    0    |    0    |
|          | logits_3_04_read_read_fu_168 |    0    |    0    |    0    |
|          |  gmem2_addr_read_read_fu_174 |    0    |    0    |    0    |
|          |        grp_read_fu_186       |    0    |    0    |    0    |
|          |        grp_read_fu_191       |    0    |    0    |    0    |
|----------|------------------------------|---------|---------|---------|
|  readreq |      grp_readreq_fu_179      |    0    |    0    |    0    |
|----------|------------------------------|---------|---------|---------|
|          |    write_ln0_write_fu_196    |    0    |    0    |    0    |
|          |    write_ln0_write_fu_203    |    0    |    0    |    0    |
|   write  |    write_ln0_write_fu_210    |    0    |    0    |    0    |
|          |    write_ln0_write_fu_217    |    0    |    0    |    0    |
|          |    write_ln0_write_fu_224    |    0    |    0    |    0    |
|----------|------------------------------|---------|---------|---------|
|   fcmp   |         tmp_3_fu_239         |    0    |    0    |    0    |
|----------|------------------------------|---------|---------|---------|
|          |     sext_ln94_cast_fu_349    |    0    |    0    |    0    |
|   sext   |    sext_ln94_1_cast_fu_353   |    0    |    0    |    0    |
|          |       sext_ln97_fu_432       |    0    |    0    |    0    |
|----------|------------------------------|---------|---------|---------|
|          |      trunc_ln101_fu_402      |    0    |    0    |    0    |
|   trunc  |      trunc_ln103_fu_1124     |    0    |    0    |    0    |
|          |     trunc_ln103_1_fu_1142    |    0    |    0    |    0    |
|----------|------------------------------|---------|---------|---------|
|          |       trunc_ln1_fu_423       |    0    |    0    |    0    |
|partselect|         tmp_1_fu_1114        |    0    |    0    |    0    |
|          |         tmp_2_fu_1132        |    0    |    0    |    0    |
|----------|------------------------------|---------|---------|---------|
|   Total  |                              |    5    |   305   |   461   |
|----------|------------------------------|---------|---------|---------|

Memories:
N/A

* Register list:
+---------------------------+--------+
|                           |   FF   |
+---------------------------+--------+
|      acc_63_reg_2128      |   32   |
|        acc_reg_1328       |   32   |
| bitcast_ln98_100_reg_1913 |   32   |
| bitcast_ln98_101_reg_1918 |   32   |
| bitcast_ln98_102_reg_1928 |   32   |
| bitcast_ln98_103_reg_1933 |   32   |
| bitcast_ln98_104_reg_1943 |   32   |
| bitcast_ln98_105_reg_1948 |   32   |
| bitcast_ln98_106_reg_1958 |   32   |
| bitcast_ln98_107_reg_1963 |   32   |
| bitcast_ln98_108_reg_1973 |   32   |
| bitcast_ln98_109_reg_1978 |   32   |
|  bitcast_ln98_10_reg_1363 |   32   |
| bitcast_ln98_110_reg_1993 |   32   |
| bitcast_ln98_111_reg_1998 |   32   |
| bitcast_ln98_112_reg_2008 |   32   |
| bitcast_ln98_113_reg_2013 |   32   |
| bitcast_ln98_114_reg_2023 |   32   |
| bitcast_ln98_115_reg_2028 |   32   |
| bitcast_ln98_116_reg_2038 |   32   |
| bitcast_ln98_117_reg_2043 |   32   |
| bitcast_ln98_118_reg_2053 |   32   |
| bitcast_ln98_119_reg_2058 |   32   |
|  bitcast_ln98_11_reg_1368 |   32   |
| bitcast_ln98_120_reg_2068 |   32   |
| bitcast_ln98_121_reg_2073 |   32   |
| bitcast_ln98_122_reg_2083 |   32   |
| bitcast_ln98_123_reg_2088 |   32   |
| bitcast_ln98_124_reg_2098 |   32   |
| bitcast_ln98_125_reg_2103 |   32   |
| bitcast_ln98_126_reg_2113 |   32   |
| bitcast_ln98_127_reg_2118 |   32   |
|  bitcast_ln98_12_reg_1373 |   32   |
|  bitcast_ln98_13_reg_1378 |   32   |
|  bitcast_ln98_14_reg_1383 |   32   |
|  bitcast_ln98_15_reg_1388 |   32   |
|  bitcast_ln98_16_reg_1393 |   32   |
|  bitcast_ln98_17_reg_1398 |   32   |
|  bitcast_ln98_18_reg_1403 |   32   |
|  bitcast_ln98_19_reg_1408 |   32   |
|  bitcast_ln98_1_reg_1313  |   32   |
|  bitcast_ln98_20_reg_1413 |   32   |
|  bitcast_ln98_21_reg_1418 |   32   |
|  bitcast_ln98_22_reg_1423 |   32   |
|  bitcast_ln98_23_reg_1428 |   32   |
|  bitcast_ln98_24_reg_1433 |   32   |
|  bitcast_ln98_25_reg_1438 |   32   |
|  bitcast_ln98_26_reg_1443 |   32   |
|  bitcast_ln98_27_reg_1448 |   32   |
|  bitcast_ln98_28_reg_1453 |   32   |
|  bitcast_ln98_29_reg_1458 |   32   |
|  bitcast_ln98_2_reg_1318  |   32   |
|  bitcast_ln98_30_reg_1463 |   32   |
|  bitcast_ln98_31_reg_1468 |   32   |
|  bitcast_ln98_32_reg_1473 |   32   |
|  bitcast_ln98_33_reg_1478 |   32   |
|  bitcast_ln98_34_reg_1483 |   32   |
|  bitcast_ln98_35_reg_1488 |   32   |
|  bitcast_ln98_36_reg_1493 |   32   |
|  bitcast_ln98_37_reg_1498 |   32   |
|  bitcast_ln98_38_reg_1503 |   32   |
|  bitcast_ln98_39_reg_1508 |   32   |
|  bitcast_ln98_3_reg_1323  |   32   |
|  bitcast_ln98_40_reg_1513 |   32   |
|  bitcast_ln98_41_reg_1518 |   32   |
|  bitcast_ln98_42_reg_1523 |   32   |
|  bitcast_ln98_43_reg_1528 |   32   |
|  bitcast_ln98_44_reg_1538 |   32   |
|  bitcast_ln98_45_reg_1543 |   32   |
|  bitcast_ln98_46_reg_1548 |   32   |
|  bitcast_ln98_47_reg_1553 |   32   |
|  bitcast_ln98_48_reg_1563 |   32   |
|  bitcast_ln98_49_reg_1568 |   32   |
|  bitcast_ln98_4_reg_1333  |   32   |
|  bitcast_ln98_50_reg_1573 |   32   |
|  bitcast_ln98_51_reg_1578 |   32   |
|  bitcast_ln98_52_reg_1588 |   32   |
|  bitcast_ln98_53_reg_1593 |   32   |
|  bitcast_ln98_54_reg_1598 |   32   |
|  bitcast_ln98_55_reg_1603 |   32   |
|  bitcast_ln98_56_reg_1613 |   32   |
|  bitcast_ln98_57_reg_1618 |   32   |
|  bitcast_ln98_58_reg_1623 |   32   |
|  bitcast_ln98_59_reg_1628 |   32   |
|  bitcast_ln98_5_reg_1338  |   32   |
|  bitcast_ln98_60_reg_1638 |   32   |
|  bitcast_ln98_61_reg_1643 |   32   |
|  bitcast_ln98_62_reg_1648 |   32   |
|  bitcast_ln98_63_reg_1653 |   32   |
|  bitcast_ln98_64_reg_1663 |   32   |
|  bitcast_ln98_65_reg_1668 |   32   |
|  bitcast_ln98_66_reg_1673 |   32   |
|  bitcast_ln98_67_reg_1678 |   32   |
|  bitcast_ln98_68_reg_1688 |   32   |
|  bitcast_ln98_69_reg_1693 |   32   |
|  bitcast_ln98_6_reg_1343  |   32   |
|  bitcast_ln98_70_reg_1698 |   32   |
|  bitcast_ln98_71_reg_1703 |   32   |
|  bitcast_ln98_72_reg_1713 |   32   |
|  bitcast_ln98_73_reg_1718 |   32   |
|  bitcast_ln98_74_reg_1723 |   32   |
|  bitcast_ln98_75_reg_1728 |   32   |
|  bitcast_ln98_76_reg_1738 |   32   |
|  bitcast_ln98_77_reg_1743 |   32   |
|  bitcast_ln98_78_reg_1753 |   32   |
|  bitcast_ln98_79_reg_1758 |   32   |
|  bitcast_ln98_7_reg_1348  |   32   |
|  bitcast_ln98_80_reg_1768 |   32   |
|  bitcast_ln98_81_reg_1773 |   32   |
|  bitcast_ln98_82_reg_1778 |   32   |
|  bitcast_ln98_83_reg_1783 |   32   |
|  bitcast_ln98_84_reg_1793 |   32   |
|  bitcast_ln98_85_reg_1798 |   32   |
|  bitcast_ln98_86_reg_1808 |   32   |
|  bitcast_ln98_87_reg_1813 |   32   |
|  bitcast_ln98_88_reg_1823 |   32   |
|  bitcast_ln98_89_reg_1828 |   32   |
|  bitcast_ln98_8_reg_1353  |   32   |
|  bitcast_ln98_90_reg_1838 |   32   |
|  bitcast_ln98_91_reg_1843 |   32   |
|  bitcast_ln98_92_reg_1853 |   32   |
|  bitcast_ln98_93_reg_1858 |   32   |
|  bitcast_ln98_94_reg_1868 |   32   |
|  bitcast_ln98_95_reg_1873 |   32   |
|  bitcast_ln98_96_reg_1883 |   32   |
|  bitcast_ln98_97_reg_1888 |   32   |
|  bitcast_ln98_98_reg_1898 |   32   |
|  bitcast_ln98_99_reg_1903 |   32   |
|  bitcast_ln98_9_reg_1358  |   32   |
|   bitcast_ln98_reg_1308   |   32   |
|         e_reg_1234        |    3   |
|    gmem0_addr_reg_1302    |   32   |
|gmem1_addr_read_63_reg_1983|   32   |
|    gmem1_addr_reg_1292    |   32   |
|  gmem2_addr_read_reg_1297 |   32   |
|     icmp_ln94_reg_1284    |    1   |
|    logits_0_1_reg_1241    |   32   |
|    logits_1_1_reg_1248    |   32   |
|    logits_2_1_reg_1255    |   32   |
|    logits_3_1_reg_1262    |   32   |
|    max_logit_1_reg_2133   |   32   |
|     max_logit_reg_1226    |   32   |
|     mul15_20_reg_1533     |   32   |
|     mul15_22_reg_1558     |   32   |
|     mul15_24_reg_1583     |   32   |
|     mul15_26_reg_1608     |   32   |
|     mul15_28_reg_1633     |   32   |
|     mul15_30_reg_1658     |   32   |
|     mul15_32_reg_1683     |   32   |
|     mul15_34_reg_1708     |   32   |
|     mul15_36_reg_1733     |   32   |
|     mul15_37_reg_1748     |   32   |
|     mul15_38_reg_1763     |   32   |
|     mul15_40_reg_1788     |   32   |
|     mul15_41_reg_1803     |   32   |
|     mul15_42_reg_1818     |   32   |
|     mul15_43_reg_1833     |   32   |
|     mul15_44_reg_1848     |   32   |
|     mul15_45_reg_1863     |   32   |
|     mul15_46_reg_1878     |   32   |
|     mul15_47_reg_1893     |   32   |
|     mul15_48_reg_1908     |   32   |
|     mul15_49_reg_1923     |   32   |
|     mul15_50_reg_1938     |   32   |
|     mul15_51_reg_1953     |   32   |
|     mul15_52_reg_1968     |   32   |
|     mul15_53_reg_1988     |   32   |
|     mul15_54_reg_2003     |   32   |
|     mul15_55_reg_2018     |   32   |
|     mul15_56_reg_2033     |   32   |
|     mul15_57_reg_2048     |   32   |
|     mul15_58_reg_2063     |   32   |
|     mul15_59_reg_2078     |   32   |
|     mul15_60_reg_2093     |   32   |
|     mul15_61_reg_2108     |   32   |
|     mul15_62_reg_2123     |   32   |
|          reg_243          |   32   |
|          reg_247          |   32   |
|          reg_251          |   32   |
|          reg_255          |   32   |
|          reg_259          |   32   |
|          reg_263          |   32   |
|          reg_267          |   32   |
|          reg_271          |   32   |
|          reg_275          |   32   |
|          reg_279          |   32   |
|          reg_283          |   32   |
|          reg_288          |   32   |
|          reg_293          |   32   |
|          reg_299          |   32   |
|          reg_304          |   32   |
|          reg_309          |   32   |
|          reg_314          |   32   |
|          reg_319          |   32   |
|          reg_324          |   32   |
|          reg_329          |   32   |
|          reg_334          |   32   |
|          reg_339          |   32   |
|          reg_344          |   32   |
| sext_ln94_1_cast_reg_1279 |   64   |
|  sext_ln94_cast_reg_1274  |   64   |
|        tmp_reg_1269       |   64   |
|    trunc_ln101_reg_1288   |    2   |
+---------------------------+--------+
|           Total           |  6502  |
+---------------------------+--------+

* Multiplexer (MUX) list: 
|--------------------|------|------|------|--------||---------||---------|
|        Comp        |  Pin | Size |  BW  | S x BW ||  Delay  ||   LUT   |
|--------------------|------|------|------|--------||---------||---------|
| grp_readreq_fu_179 |  p1  |   2  |  32  |   64   ||    9    |
|   grp_read_fu_186  |  p1  |   2  |  32  |   64   ||    9    |
|     grp_fu_231     |  p0  |   5  |  32  |   160  ||    26   |
|     grp_fu_231     |  p1  |  45  |  32  |  1440  ||   197   |
|     grp_fu_235     |  p0  |  128 |  32  |  4096  ||   673   |
|     grp_fu_235     |  p1  |  128 |  32  |  4096  ||   673   |
|--------------------|------|------|------|--------||---------||---------|
|        Total       |      |      |      |  9920  || 3.80542 ||   1587  |
|--------------------|------|------|------|--------||---------||---------|



* Summary:
+-----------+--------+--------+--------+--------+
|           |   DSP  |  Delay |   FF   |   LUT  |
+-----------+--------+--------+--------+--------+
|  Function |    5   |    -   |   305  |   461  |
|   Memory  |    -   |    -   |    -   |    -   |
|Multiplexer|    -   |    3   |    -   |  1587  |
|  Register |    -   |    -   |  6502  |    -   |
+-----------+--------+--------+--------+--------+
|   Total   |    5   |    3   |  6807  |  2048  |
+-----------+--------+--------+--------+--------+
