

================================================================
== Vitis HLS Report for 'compute_expert_Pipeline_VITIS_LOOP_19_1_VITIS_LOOP_29_3'
================================================================
* Date:           Sun Sep 20 20:28:26 2026

* Version:        2023.2 (Build 4023990 on Oct 11 2023)
* Project:        project
* Solution:       solution1 (Vivado IP Flow Target)
* Product family: virtexuplus
* Target device:  xcvu13p_CIV-figd2104-3-e


================================================================
== Performance Estimates
================================================================
+ Timing: 
    * Summary: 
    +--------+----------+----------+------------+
    |  Clock |  Target  | Estimated| Uncertainty|
    +--------+----------+----------+------------+
    |ap_clk  |  10.00 ns|  7.300 ns|     2.70 ns|
    +--------+----------+----------+------------+

+ Latency: 
    * Summary: 
    +---------+---------+----------+----------+-----+-----+---------+
    |  Latency (cycles) |  Latency (absolute) |  Interval | Pipeline|
    |   min   |   max   |    min   |    max   | min | max |   Type  |
    +---------+---------+----------+----------+-----+-----+---------+
    |      293|      293|  2.930 us|  2.930 us|  293|  293|       no|
    +---------+---------+----------+----------+-----+-----+---------+

    + Detail: 
        * Instance: 
        N/A

        * Loop: 
        +-----------------------------------+---------+---------+----------+-----------+-----------+------+----------+
        |                                   |  Latency (cycles) | Iteration|  Initiation Interval  | Trip |          |
        |             Loop Name             |   min   |   max   |  Latency |  achieved |   target  | Count| Pipelined|
        +-----------------------------------+---------+---------+----------+-----------+-----------+------+----------+
        |- VITIS_LOOP_19_1_VITIS_LOOP_29_3  |      291|      291|        37|          1|          1|   256|       yes|
        +-----------------------------------+---------+---------+----------+-----------+-----------+------+----------+

============================================================
+ Verbose Summary: Synthesis Manager
============================================================
InlineROM: 1
ExposeGlobal: 0
============================================================
+ Verbose Summary: CDFG Model
============================================================
IsTopModel: 0
ResetActiveHigh: 1
IsCombinational: 0
IsDatapathOnly: 0
HasWiredReturn: 1
HasMFsm: 2
HasVarLatency: 1
IsPipeline: 0
IsRtlPipelined: 0
IsInstanceOverlapped: 0
IsDontTouch: 0
HasImplIP: 0
IsGatedGlobalClock: 0

+ Individual pipeline summary: 
  * Pipeline-0: initiation interval (II) = 1, depth = 37


============================================================
+ Verbose Summary: Schedule
============================================================
* Number of FSM states : 37
* Pipeline : 1
  Pipeline-0 : II = 1, D = 37, States = { 1 2 3 4 5 6 7 8 9 10 11 12 13 14 15 16 17 18 19 20 21 22 23 24 25 26 27 28 29 30 31 32 33 34 35 36 37 }
* Dataflow Pipeline: 0

* FSM state transitions: 
1 --> 2 
2 --> 3 
3 --> 4 
4 --> 5 
5 --> 6 
6 --> 7 
7 --> 8 
8 --> 9 
9 --> 10 
10 --> 11 
11 --> 12 
12 --> 13 
13 --> 14 
14 --> 15 
15 --> 16 
16 --> 17 
17 --> 18 
18 --> 19 
19 --> 20 
20 --> 21 
21 --> 22 
22 --> 23 
23 --> 24 
24 --> 25 
25 --> 26 
26 --> 27 
27 --> 28 
28 --> 29 
29 --> 30 
30 --> 31 
31 --> 32 
32 --> 33 
33 --> 34 
34 --> 35 
35 --> 36 
36 --> 37 
37 --> 

* FSM state operations: 

State 1 <SV = 0> <Delay = 2.96>
ST_1 : Operation 40 [1/1] (0.00ns)   --->   "%empty = alloca i32 1"   --->   Operation 40 'alloca' 'empty' <Predicate = true> <Delay = 0.00>
ST_1 : Operation 41 [1/1] (0.00ns)   --->   "%empty_66 = alloca i32 1"   --->   Operation 41 'alloca' 'empty_66' <Predicate = true> <Delay = 0.00>
ST_1 : Operation 42 [1/1] (0.00ns)   --->   "%empty_67 = alloca i32 1"   --->   Operation 42 'alloca' 'empty_67' <Predicate = true> <Delay = 0.00>
ST_1 : Operation 43 [1/1] (0.00ns)   --->   "%empty_68 = alloca i32 1"   --->   Operation 43 'alloca' 'empty_68' <Predicate = true> <Delay = 0.00>
ST_1 : Operation 44 [1/1] (0.00ns)   --->   "%empty_69 = alloca i32 1"   --->   Operation 44 'alloca' 'empty_69' <Predicate = true> <Delay = 0.00>
ST_1 : Operation 45 [1/1] (0.00ns)   --->   "%empty_70 = alloca i32 1"   --->   Operation 45 'alloca' 'empty_70' <Predicate = true> <Delay = 0.00>
ST_1 : Operation 46 [1/1] (0.00ns)   --->   "%empty_71 = alloca i32 1"   --->   Operation 46 'alloca' 'empty_71' <Predicate = true> <Delay = 0.00>
ST_1 : Operation 47 [1/1] (0.00ns)   --->   "%empty_72 = alloca i32 1"   --->   Operation 47 'alloca' 'empty_72' <Predicate = true> <Delay = 0.00>
ST_1 : Operation 48 [1/1] (0.00ns)   --->   "%empty_73 = alloca i32 1"   --->   Operation 48 'alloca' 'empty_73' <Predicate = true> <Delay = 0.00>
ST_1 : Operation 49 [1/1] (0.00ns)   --->   "%empty_74 = alloca i32 1"   --->   Operation 49 'alloca' 'empty_74' <Predicate = true> <Delay = 0.00>
ST_1 : Operation 50 [1/1] (0.00ns)   --->   "%empty_75 = alloca i32 1"   --->   Operation 50 'alloca' 'empty_75' <Predicate = true> <Delay = 0.00>
ST_1 : Operation 51 [1/1] (0.00ns)   --->   "%empty_76 = alloca i32 1"   --->   Operation 51 'alloca' 'empty_76' <Predicate = true> <Delay = 0.00>
ST_1 : Operation 52 [1/1] (0.00ns)   --->   "%empty_77 = alloca i32 1"   --->   Operation 52 'alloca' 'empty_77' <Predicate = true> <Delay = 0.00>
ST_1 : Operation 53 [1/1] (0.00ns)   --->   "%empty_78 = alloca i32 1"   --->   Operation 53 'alloca' 'empty_78' <Predicate = true> <Delay = 0.00>
ST_1 : Operation 54 [1/1] (0.00ns)   --->   "%empty_79 = alloca i32 1"   --->   Operation 54 'alloca' 'empty_79' <Predicate = true> <Delay = 0.00>
ST_1 : Operation 55 [1/1] (0.00ns)   --->   "%empty_80 = alloca i32 1"   --->   Operation 55 'alloca' 'empty_80' <Predicate = true> <Delay = 0.00>
ST_1 : Operation 56 [1/1] (0.00ns)   --->   "%g = alloca i32 1" [/home/simics/HMoE/HLS_HMoE/pseudo_block/run_9/src/pseudo_moe.cpp:29]   --->   Operation 56 'alloca' 'g' <Predicate = true> <Delay = 0.00>
ST_1 : Operation 57 [1/1] (0.00ns)   --->   "%o = alloca i32 1" [/home/simics/HMoE/HLS_HMoE/pseudo_block/run_9/src/pseudo_moe.cpp:19]   --->   Operation 57 'alloca' 'o' <Predicate = true> <Delay = 0.00>
ST_1 : Operation 58 [1/1] (0.00ns)   --->   "%indvar_flatten = alloca i32 1"   --->   Operation 58 'alloca' 'indvar_flatten' <Predicate = true> <Delay = 0.00>
ST_1 : Operation 59 [1/1] (0.00ns)   --->   "%zext_ln35_1_read = read i6 @_ssdm_op_Read.ap_auto.i6, i6 %zext_ln35_1"   --->   Operation 59 'read' 'zext_ln35_1_read' <Predicate = true> <Delay = 0.00>
ST_1 : Operation 60 [1/1] (0.00ns)   --->   "%zext_ln35_2_read = read i6 @_ssdm_op_Read.ap_auto.i6, i6 %zext_ln35_2"   --->   Operation 60 'read' 'zext_ln35_2_read' <Predicate = true> <Delay = 0.00>
ST_1 : Operation 61 [1/1] (0.00ns)   --->   "%zext_ln35_3_read = read i6 @_ssdm_op_Read.ap_auto.i6, i6 %zext_ln35_3"   --->   Operation 61 'read' 'zext_ln35_3_read' <Predicate = true> <Delay = 0.00>
ST_1 : Operation 62 [1/1] (0.00ns)   --->   "%zext_ln35_4_read = read i6 @_ssdm_op_Read.ap_auto.i6, i6 %zext_ln35_4"   --->   Operation 62 'read' 'zext_ln35_4_read' <Predicate = true> <Delay = 0.00>
ST_1 : Operation 63 [1/1] (0.00ns)   --->   "%zext_ln35_5_read = read i6 @_ssdm_op_Read.ap_auto.i6, i6 %zext_ln35_5"   --->   Operation 63 'read' 'zext_ln35_5_read' <Predicate = true> <Delay = 0.00>
ST_1 : Operation 64 [1/1] (0.00ns)   --->   "%zext_ln35_6_read = read i6 @_ssdm_op_Read.ap_auto.i6, i6 %zext_ln35_6"   --->   Operation 64 'read' 'zext_ln35_6_read' <Predicate = true> <Delay = 0.00>
ST_1 : Operation 65 [1/1] (0.00ns)   --->   "%zext_ln35_7_read = read i6 @_ssdm_op_Read.ap_auto.i6, i6 %zext_ln35_7"   --->   Operation 65 'read' 'zext_ln35_7_read' <Predicate = true> <Delay = 0.00>
ST_1 : Operation 66 [1/1] (0.00ns)   --->   "%zext_ln35_8_read = read i6 @_ssdm_op_Read.ap_auto.i6, i6 %zext_ln35_8"   --->   Operation 66 'read' 'zext_ln35_8_read' <Predicate = true> <Delay = 0.00>
ST_1 : Operation 67 [1/1] (0.00ns)   --->   "%zext_ln35_9_read = read i6 @_ssdm_op_Read.ap_auto.i6, i6 %zext_ln35_9"   --->   Operation 67 'read' 'zext_ln35_9_read' <Predicate = true> <Delay = 0.00>
ST_1 : Operation 68 [1/1] (0.00ns)   --->   "%zext_ln35_10_read = read i6 @_ssdm_op_Read.ap_auto.i6, i6 %zext_ln35_10"   --->   Operation 68 'read' 'zext_ln35_10_read' <Predicate = true> <Delay = 0.00>
ST_1 : Operation 69 [1/1] (0.00ns)   --->   "%zext_ln35_11_read = read i6 @_ssdm_op_Read.ap_auto.i6, i6 %zext_ln35_11"   --->   Operation 69 'read' 'zext_ln35_11_read' <Predicate = true> <Delay = 0.00>
ST_1 : Operation 70 [1/1] (0.00ns)   --->   "%zext_ln35_12_read = read i6 @_ssdm_op_Read.ap_auto.i6, i6 %zext_ln35_12"   --->   Operation 70 'read' 'zext_ln35_12_read' <Predicate = true> <Delay = 0.00>
ST_1 : Operation 71 [1/1] (0.00ns)   --->   "%zext_ln35_13_read = read i6 @_ssdm_op_Read.ap_auto.i6, i6 %zext_ln35_13"   --->   Operation 71 'read' 'zext_ln35_13_read' <Predicate = true> <Delay = 0.00>
ST_1 : Operation 72 [1/1] (0.00ns)   --->   "%zext_ln35_14_read = read i6 @_ssdm_op_Read.ap_auto.i6, i6 %zext_ln35_14"   --->   Operation 72 'read' 'zext_ln35_14_read' <Predicate = true> <Delay = 0.00>
ST_1 : Operation 73 [1/1] (0.00ns)   --->   "%zext_ln35_15_read = read i6 @_ssdm_op_Read.ap_auto.i6, i6 %zext_ln35_15"   --->   Operation 73 'read' 'zext_ln35_15_read' <Predicate = true> <Delay = 0.00>
ST_1 : Operation 74 [1/1] (0.00ns)   --->   "%zext_ln35_16_read = read i6 @_ssdm_op_Read.ap_auto.i6, i6 %zext_ln35_16"   --->   Operation 74 'read' 'zext_ln35_16_read' <Predicate = true> <Delay = 0.00>
ST_1 : Operation 75 [1/1] (0.00ns)   --->   "%sext_ln19_read = read i62 @_ssdm_op_Read.ap_auto.i62, i62 %sext_ln19"   --->   Operation 75 'read' 'sext_ln19_read' <Predicate = true> <Delay = 0.00>
ST_1 : Operation 76 [1/1] (0.00ns)   --->   "%sext_ln19_cast = sext i62 %sext_ln19_read"   --->   Operation 76 'sext' 'sext_ln19_cast' <Predicate = true> <Delay = 0.00>
ST_1 : Operation 77 [1/1] (0.00ns)   --->   "%specinterface_ln0 = specinterface void @_ssdm_op_SpecInterface, i32 %gmem4, void @empty_22, i32 0, i32 0, void @empty_34, i32 0, i32 0, void @empty_2, void @empty_21, void @empty_34, i32 16, i32 16, i32 16, i32 16, void @empty_34, void @empty_34, i32 4294967295, i32 0"   --->   Operation 77 'specinterface' 'specinterface_ln0' <Predicate = true> <Delay = 0.00>
ST_1 : Operation 78 [1/1] (0.36ns)   --->   "%store_ln0 = store i9 0, i9 %indvar_flatten"   --->   Operation 78 'store' 'store_ln0' <Predicate = true> <Delay = 0.36>
ST_1 : Operation 79 [1/1] (0.36ns)   --->   "%store_ln19 = store i7 0, i7 %o" [/home/simics/HMoE/HLS_HMoE/pseudo_block/run_9/src/pseudo_moe.cpp:19]   --->   Operation 79 'store' 'store_ln19' <Predicate = true> <Delay = 0.36>
ST_1 : Operation 80 [1/1] (0.36ns)   --->   "%store_ln29 = store i3 0, i3 %g" [/home/simics/HMoE/HLS_HMoE/pseudo_block/run_9/src/pseudo_moe.cpp:29]   --->   Operation 80 'store' 'store_ln29' <Predicate = true> <Delay = 0.36>
ST_1 : Operation 81 [1/1] (0.36ns)   --->   "%store_ln0 = store i32 0, i32 %empty_80"   --->   Operation 81 'store' 'store_ln0' <Predicate = true> <Delay = 0.36>
ST_1 : Operation 82 [1/1] (0.36ns)   --->   "%store_ln0 = store i32 0, i32 %empty_79"   --->   Operation 82 'store' 'store_ln0' <Predicate = true> <Delay = 0.36>
ST_1 : Operation 83 [1/1] (0.36ns)   --->   "%store_ln0 = store i32 0, i32 %empty_78"   --->   Operation 83 'store' 'store_ln0' <Predicate = true> <Delay = 0.36>
ST_1 : Operation 84 [1/1] (0.36ns)   --->   "%store_ln0 = store i32 0, i32 %empty_77"   --->   Operation 84 'store' 'store_ln0' <Predicate = true> <Delay = 0.36>
ST_1 : Operation 85 [1/1] (0.36ns)   --->   "%store_ln0 = store i32 0, i32 %empty_76"   --->   Operation 85 'store' 'store_ln0' <Predicate = true> <Delay = 0.36>
ST_1 : Operation 86 [1/1] (0.36ns)   --->   "%store_ln0 = store i32 0, i32 %empty_75"   --->   Operation 86 'store' 'store_ln0' <Predicate = true> <Delay = 0.36>
ST_1 : Operation 87 [1/1] (0.36ns)   --->   "%store_ln0 = store i32 0, i32 %empty_74"   --->   Operation 87 'store' 'store_ln0' <Predicate = true> <Delay = 0.36>
ST_1 : Operation 88 [1/1] (0.36ns)   --->   "%store_ln0 = store i32 0, i32 %empty_73"   --->   Operation 88 'store' 'store_ln0' <Predicate = true> <Delay = 0.36>
ST_1 : Operation 89 [1/1] (0.36ns)   --->   "%store_ln0 = store i32 0, i32 %empty_72"   --->   Operation 89 'store' 'store_ln0' <Predicate = true> <Delay = 0.36>
ST_1 : Operation 90 [1/1] (0.36ns)   --->   "%store_ln0 = store i32 0, i32 %empty_71"   --->   Operation 90 'store' 'store_ln0' <Predicate = true> <Delay = 0.36>
ST_1 : Operation 91 [1/1] (0.36ns)   --->   "%store_ln0 = store i32 0, i32 %empty_70"   --->   Operation 91 'store' 'store_ln0' <Predicate = true> <Delay = 0.36>
ST_1 : Operation 92 [1/1] (0.36ns)   --->   "%store_ln0 = store i32 0, i32 %empty_69"   --->   Operation 92 'store' 'store_ln0' <Predicate = true> <Delay = 0.36>
ST_1 : Operation 93 [1/1] (0.36ns)   --->   "%store_ln0 = store i32 0, i32 %empty_68"   --->   Operation 93 'store' 'store_ln0' <Predicate = true> <Delay = 0.36>
ST_1 : Operation 94 [1/1] (0.36ns)   --->   "%store_ln0 = store i32 0, i32 %empty_67"   --->   Operation 94 'store' 'store_ln0' <Predicate = true> <Delay = 0.36>
ST_1 : Operation 95 [1/1] (0.36ns)   --->   "%store_ln0 = store i32 0, i32 %empty_66"   --->   Operation 95 'store' 'store_ln0' <Predicate = true> <Delay = 0.36>
ST_1 : Operation 96 [1/1] (0.36ns)   --->   "%store_ln0 = store i32 0, i32 %empty"   --->   Operation 96 'store' 'store_ln0' <Predicate = true> <Delay = 0.36>
ST_1 : Operation 97 [1/1] (0.00ns)   --->   "%br_ln0 = br void %VITIS_LOOP_32_4"   --->   Operation 97 'br' 'br_ln0' <Predicate = true> <Delay = 0.00>
ST_1 : Operation 98 [1/1] (0.00ns)   --->   "%indvar_flatten_load = load i9 %indvar_flatten" [/home/simics/HMoE/HLS_HMoE/pseudo_block/run_9/src/pseudo_moe.cpp:19]   --->   Operation 98 'load' 'indvar_flatten_load' <Predicate = true> <Delay = 0.00>
ST_1 : Operation 99 [1/1] (0.65ns)   --->   "%icmp_ln19 = icmp_eq  i9 %indvar_flatten_load, i9 256" [/home/simics/HMoE/HLS_HMoE/pseudo_block/run_9/src/pseudo_moe.cpp:19]   --->   Operation 99 'icmp' 'icmp_ln19' <Predicate = true> <Delay = 0.65> <CoreInst = "Cmp">   --->   Core 9 'Cmp' <Latency = 0> <II = 1> <Delay = 0.65> <FuncUnit> <Opcode : 'icmp'> <InPorts = 2> <OutPorts = 1>
ST_1 : Operation 100 [1/1] (0.65ns)   --->   "%add_ln19_1 = add i9 %indvar_flatten_load, i9 1" [/home/simics/HMoE/HLS_HMoE/pseudo_block/run_9/src/pseudo_moe.cpp:19]   --->   Operation 100 'add' 'add_ln19_1' <Predicate = true> <Delay = 0.65> <CoreInst = "Adder">   --->   Core 1 'Adder' <Latency = 0> <II = 1> <Delay = 0.65> <FuncUnit> <Opcode : 'add' 'sub'> <InPorts = 2> <OutPorts = 1>
ST_1 : Operation 101 [1/1] (0.00ns)   --->   "%br_ln19 = br i1 %icmp_ln19, void %VITIS_LOOP_41_5, void %for.end47.exitStub" [/home/simics/HMoE/HLS_HMoE/pseudo_block/run_9/src/pseudo_moe.cpp:19]   --->   Operation 101 'br' 'br_ln19' <Predicate = true> <Delay = 0.00>
ST_1 : Operation 102 [1/1] (0.00ns)   --->   "%g_load = load i3 %g" [/home/simics/HMoE/HLS_HMoE/pseudo_block/run_9/src/pseudo_moe.cpp:29]   --->   Operation 102 'load' 'g_load' <Predicate = (!icmp_ln19)> <Delay = 0.00>
ST_1 : Operation 103 [1/1] (0.00ns)   --->   "%o_load = load i7 %o" [/home/simics/HMoE/HLS_HMoE/pseudo_block/run_9/src/pseudo_moe.cpp:19]   --->   Operation 103 'load' 'o_load' <Predicate = (!icmp_ln19)> <Delay = 0.00>
ST_1 : Operation 104 [1/1] (0.65ns)   --->   "%add_ln19 = add i7 %o_load, i7 1" [/home/simics/HMoE/HLS_HMoE/pseudo_block/run_9/src/pseudo_moe.cpp:19]   --->   Operation 104 'add' 'add_ln19' <Predicate = (!icmp_ln19)> <Delay = 0.65> <CoreInst = "Adder">   --->   Core 1 'Adder' <Latency = 0> <II = 1> <Delay = 0.65> <FuncUnit> <Opcode : 'add' 'sub'> <InPorts = 2> <OutPorts = 1>
ST_1 : Operation 105 [1/1] (0.52ns)   --->   "%icmp_ln29 = icmp_eq  i3 %g_load, i3 4" [/home/simics/HMoE/HLS_HMoE/pseudo_block/run_9/src/pseudo_moe.cpp:29]   --->   Operation 105 'icmp' 'icmp_ln29' <Predicate = (!icmp_ln19)> <Delay = 0.52> <CoreInst = "Cmp">   --->   Core 9 'Cmp' <Latency = 0> <II = 1> <Delay = 0.52> <FuncUnit> <Opcode : 'icmp'> <InPorts = 2> <OutPorts = 1>
ST_1 : Operation 106 [1/1] (0.25ns)   --->   "%select_ln19 = select i1 %icmp_ln29, i3 0, i3 %g_load" [/home/simics/HMoE/HLS_HMoE/pseudo_block/run_9/src/pseudo_moe.cpp:19]   --->   Operation 106 'select' 'select_ln19' <Predicate = (!icmp_ln19)> <Delay = 0.25> <CoreInst = "Sel">   --->   Core 73 'Sel' <Latency = 0> <II = 1> <Delay = 0.25> <FuncUnit> <Opcode : 'select'> <InPorts = 3> <OutPorts = 1>
ST_1 : Operation 107 [1/1] (0.28ns)   --->   "%select_ln19_17 = select i1 %icmp_ln29, i7 %add_ln19, i7 %o_load" [/home/simics/HMoE/HLS_HMoE/pseudo_block/run_9/src/pseudo_moe.cpp:19]   --->   Operation 107 'select' 'select_ln19_17' <Predicate = (!icmp_ln19)> <Delay = 0.28> <CoreInst = "Sel">   --->   Core 73 'Sel' <Latency = 0> <II = 1> <Delay = 0.28> <FuncUnit> <Opcode : 'select'> <InPorts = 3> <OutPorts = 1>
ST_1 : Operation 108 [1/1] (0.00ns)   --->   "%zext_ln19 = zext i7 %select_ln19_17" [/home/simics/HMoE/HLS_HMoE/pseudo_block/run_9/src/pseudo_moe.cpp:19]   --->   Operation 108 'zext' 'zext_ln19' <Predicate = (!icmp_ln19)> <Delay = 0.00>
ST_1 : Operation 109 [1/1] (0.00ns)   --->   "%empty_81 = trunc i7 %select_ln19_17" [/home/simics/HMoE/HLS_HMoE/pseudo_block/run_9/src/pseudo_moe.cpp:19]   --->   Operation 109 'trunc' 'empty_81' <Predicate = (!icmp_ln19)> <Delay = 0.00>
ST_1 : Operation 110 [1/1] (0.00ns)   --->   "%p_udiv = bitconcatenate i8 @_ssdm_op_BitConcatenate.i8.i6.i2, i6 %empty_81, i2 0" [/home/simics/HMoE/HLS_HMoE/pseudo_block/run_9/src/pseudo_moe.cpp:19]   --->   Operation 110 'bitconcatenate' 'p_udiv' <Predicate = (!icmp_ln19)> <Delay = 0.00>
ST_1 : Operation 111 [1/1] (0.00ns)   --->   "%zext_ln35_17 = zext i3 %select_ln19" [/home/simics/HMoE/HLS_HMoE/pseudo_block/run_9/src/pseudo_moe.cpp:35]   --->   Operation 111 'zext' 'zext_ln35_17' <Predicate = (!icmp_ln19)> <Delay = 0.00>
ST_1 : Operation 112 [1/1] (0.64ns)   --->   "%add_ln35_1 = add i6 %zext_ln35_16_read, i6 %zext_ln35_17" [/home/simics/HMoE/HLS_HMoE/pseudo_block/run_9/src/pseudo_moe.cpp:35]   --->   Operation 112 'add' 'add_ln35_1' <Predicate = (!icmp_ln19)> <Delay = 0.64> <CoreInst = "Adder">   --->   Core 1 'Adder' <Latency = 0> <II = 1> <Delay = 0.64> <FuncUnit> <Opcode : 'add' 'sub'> <InPorts = 2> <OutPorts = 1>
ST_1 : Operation 113 [1/1] (0.00ns)   --->   "%zext_ln35_18 = zext i6 %add_ln35_1" [/home/simics/HMoE/HLS_HMoE/pseudo_block/run_9/src/pseudo_moe.cpp:35]   --->   Operation 113 'zext' 'zext_ln35_18' <Predicate = (!icmp_ln19)> <Delay = 0.00>
ST_1 : Operation 114 [1/1] (0.00ns)   --->   "%x_0_addr = getelementptr i32 %x_0, i64 0, i64 %zext_ln35_18" [/home/simics/HMoE/HLS_HMoE/pseudo_block/run_9/src/pseudo_moe.cpp:35]   --->   Operation 114 'getelementptr' 'x_0_addr' <Predicate = (!icmp_ln19)> <Delay = 0.00>
ST_1 : Operation 115 [1/1] (0.64ns)   --->   "%add_ln35_2 = add i6 %zext_ln35_15_read, i6 %zext_ln35_17" [/home/simics/HMoE/HLS_HMoE/pseudo_block/run_9/src/pseudo_moe.cpp:35]   --->   Operation 115 'add' 'add_ln35_2' <Predicate = (!icmp_ln19)> <Delay = 0.64> <CoreInst = "Adder">   --->   Core 1 'Adder' <Latency = 0> <II = 1> <Delay = 0.64> <FuncUnit> <Opcode : 'add' 'sub'> <InPorts = 2> <OutPorts = 1>
ST_1 : Operation 116 [1/1] (0.00ns)   --->   "%zext_ln35_19 = zext i6 %add_ln35_2" [/home/simics/HMoE/HLS_HMoE/pseudo_block/run_9/src/pseudo_moe.cpp:35]   --->   Operation 116 'zext' 'zext_ln35_19' <Predicate = (!icmp_ln19)> <Delay = 0.00>
ST_1 : Operation 117 [1/1] (0.00ns)   --->   "%x_1_addr = getelementptr i32 %x_1, i64 0, i64 %zext_ln35_19" [/home/simics/HMoE/HLS_HMoE/pseudo_block/run_9/src/pseudo_moe.cpp:35]   --->   Operation 117 'getelementptr' 'x_1_addr' <Predicate = (!icmp_ln19)> <Delay = 0.00>
ST_1 : Operation 118 [1/1] (0.64ns)   --->   "%add_ln35_3 = add i6 %zext_ln35_14_read, i6 %zext_ln35_17" [/home/simics/HMoE/HLS_HMoE/pseudo_block/run_9/src/pseudo_moe.cpp:35]   --->   Operation 118 'add' 'add_ln35_3' <Predicate = (!icmp_ln19)> <Delay = 0.64> <CoreInst = "Adder">   --->   Core 1 'Adder' <Latency = 0> <II = 1> <Delay = 0.64> <FuncUnit> <Opcode : 'add' 'sub'> <InPorts = 2> <OutPorts = 1>
ST_1 : Operation 119 [1/1] (0.00ns)   --->   "%zext_ln35_20 = zext i6 %add_ln35_3" [/home/simics/HMoE/HLS_HMoE/pseudo_block/run_9/src/pseudo_moe.cpp:35]   --->   Operation 119 'zext' 'zext_ln35_20' <Predicate = (!icmp_ln19)> <Delay = 0.00>
ST_1 : Operation 120 [1/1] (0.00ns)   --->   "%x_2_addr = getelementptr i32 %x_2, i64 0, i64 %zext_ln35_20" [/home/simics/HMoE/HLS_HMoE/pseudo_block/run_9/src/pseudo_moe.cpp:35]   --->   Operation 120 'getelementptr' 'x_2_addr' <Predicate = (!icmp_ln19)> <Delay = 0.00>
ST_1 : Operation 121 [1/1] (0.64ns)   --->   "%add_ln35_4 = add i6 %zext_ln35_13_read, i6 %zext_ln35_17" [/home/simics/HMoE/HLS_HMoE/pseudo_block/run_9/src/pseudo_moe.cpp:35]   --->   Operation 121 'add' 'add_ln35_4' <Predicate = (!icmp_ln19)> <Delay = 0.64> <CoreInst = "Adder">   --->   Core 1 'Adder' <Latency = 0> <II = 1> <Delay = 0.64> <FuncUnit> <Opcode : 'add' 'sub'> <InPorts = 2> <OutPorts = 1>
ST_1 : Operation 122 [1/1] (0.00ns)   --->   "%zext_ln35_21 = zext i6 %add_ln35_4" [/home/simics/HMoE/HLS_HMoE/pseudo_block/run_9/src/pseudo_moe.cpp:35]   --->   Operation 122 'zext' 'zext_ln35_21' <Predicate = (!icmp_ln19)> <Delay = 0.00>
ST_1 : Operation 123 [1/1] (0.00ns)   --->   "%x_3_addr = getelementptr i32 %x_3, i64 0, i64 %zext_ln35_21" [/home/simics/HMoE/HLS_HMoE/pseudo_block/run_9/src/pseudo_moe.cpp:35]   --->   Operation 123 'getelementptr' 'x_3_addr' <Predicate = (!icmp_ln19)> <Delay = 0.00>
ST_1 : Operation 124 [1/1] (0.64ns)   --->   "%add_ln35_5 = add i6 %zext_ln35_12_read, i6 %zext_ln35_17" [/home/simics/HMoE/HLS_HMoE/pseudo_block/run_9/src/pseudo_moe.cpp:35]   --->   Operation 124 'add' 'add_ln35_5' <Predicate = (!icmp_ln19)> <Delay = 0.64> <CoreInst = "Adder">   --->   Core 1 'Adder' <Latency = 0> <II = 1> <Delay = 0.64> <FuncUnit> <Opcode : 'add' 'sub'> <InPorts = 2> <OutPorts = 1>
ST_1 : Operation 125 [1/1] (0.00ns)   --->   "%zext_ln35_22 = zext i6 %add_ln35_5" [/home/simics/HMoE/HLS_HMoE/pseudo_block/run_9/src/pseudo_moe.cpp:35]   --->   Operation 125 'zext' 'zext_ln35_22' <Predicate = (!icmp_ln19)> <Delay = 0.00>
ST_1 : Operation 126 [1/1] (0.00ns)   --->   "%x_4_addr = getelementptr i32 %x_4, i64 0, i64 %zext_ln35_22" [/home/simics/HMoE/HLS_HMoE/pseudo_block/run_9/src/pseudo_moe.cpp:35]   --->   Operation 126 'getelementptr' 'x_4_addr' <Predicate = (!icmp_ln19)> <Delay = 0.00>
ST_1 : Operation 127 [1/1] (0.64ns)   --->   "%add_ln35_6 = add i6 %zext_ln35_11_read, i6 %zext_ln35_17" [/home/simics/HMoE/HLS_HMoE/pseudo_block/run_9/src/pseudo_moe.cpp:35]   --->   Operation 127 'add' 'add_ln35_6' <Predicate = (!icmp_ln19)> <Delay = 0.64> <CoreInst = "Adder">   --->   Core 1 'Adder' <Latency = 0> <II = 1> <Delay = 0.64> <FuncUnit> <Opcode : 'add' 'sub'> <InPorts = 2> <OutPorts = 1>
ST_1 : Operation 128 [1/1] (0.00ns)   --->   "%zext_ln35_23 = zext i6 %add_ln35_6" [/home/simics/HMoE/HLS_HMoE/pseudo_block/run_9/src/pseudo_moe.cpp:35]   --->   Operation 128 'zext' 'zext_ln35_23' <Predicate = (!icmp_ln19)> <Delay = 0.00>
ST_1 : Operation 129 [1/1] (0.00ns)   --->   "%x_5_addr = getelementptr i32 %x_5, i64 0, i64 %zext_ln35_23" [/home/simics/HMoE/HLS_HMoE/pseudo_block/run_9/src/pseudo_moe.cpp:35]   --->   Operation 129 'getelementptr' 'x_5_addr' <Predicate = (!icmp_ln19)> <Delay = 0.00>
ST_1 : Operation 130 [1/1] (0.64ns)   --->   "%add_ln35_7 = add i6 %zext_ln35_10_read, i6 %zext_ln35_17" [/home/simics/HMoE/HLS_HMoE/pseudo_block/run_9/src/pseudo_moe.cpp:35]   --->   Operation 130 'add' 'add_ln35_7' <Predicate = (!icmp_ln19)> <Delay = 0.64> <CoreInst = "Adder">   --->   Core 1 'Adder' <Latency = 0> <II = 1> <Delay = 0.64> <FuncUnit> <Opcode : 'add' 'sub'> <InPorts = 2> <OutPorts = 1>
ST_1 : Operation 131 [1/1] (0.00ns)   --->   "%zext_ln35_24 = zext i6 %add_ln35_7" [/home/simics/HMoE/HLS_HMoE/pseudo_block/run_9/src/pseudo_moe.cpp:35]   --->   Operation 131 'zext' 'zext_ln35_24' <Predicate = (!icmp_ln19)> <Delay = 0.00>
ST_1 : Operation 132 [1/1] (0.00ns)   --->   "%x_6_addr = getelementptr i32 %x_6, i64 0, i64 %zext_ln35_24" [/home/simics/HMoE/HLS_HMoE/pseudo_block/run_9/src/pseudo_moe.cpp:35]   --->   Operation 132 'getelementptr' 'x_6_addr' <Predicate = (!icmp_ln19)> <Delay = 0.00>
ST_1 : Operation 133 [1/1] (0.64ns)   --->   "%add_ln35_8 = add i6 %zext_ln35_9_read, i6 %zext_ln35_17" [/home/simics/HMoE/HLS_HMoE/pseudo_block/run_9/src/pseudo_moe.cpp:35]   --->   Operation 133 'add' 'add_ln35_8' <Predicate = (!icmp_ln19)> <Delay = 0.64> <CoreInst = "Adder">   --->   Core 1 'Adder' <Latency = 0> <II = 1> <Delay = 0.64> <FuncUnit> <Opcode : 'add' 'sub'> <InPorts = 2> <OutPorts = 1>
ST_1 : Operation 134 [1/1] (0.00ns)   --->   "%zext_ln35_25 = zext i6 %add_ln35_8" [/home/simics/HMoE/HLS_HMoE/pseudo_block/run_9/src/pseudo_moe.cpp:35]   --->   Operation 134 'zext' 'zext_ln35_25' <Predicate = (!icmp_ln19)> <Delay = 0.00>
ST_1 : Operation 135 [1/1] (0.00ns)   --->   "%x_7_addr = getelementptr i32 %x_7, i64 0, i64 %zext_ln35_25" [/home/simics/HMoE/HLS_HMoE/pseudo_block/run_9/src/pseudo_moe.cpp:35]   --->   Operation 135 'getelementptr' 'x_7_addr' <Predicate = (!icmp_ln19)> <Delay = 0.00>
ST_1 : Operation 136 [1/1] (0.64ns)   --->   "%add_ln35_9 = add i6 %zext_ln35_8_read, i6 %zext_ln35_17" [/home/simics/HMoE/HLS_HMoE/pseudo_block/run_9/src/pseudo_moe.cpp:35]   --->   Operation 136 'add' 'add_ln35_9' <Predicate = (!icmp_ln19)> <Delay = 0.64> <CoreInst = "Adder">   --->   Core 1 'Adder' <Latency = 0> <II = 1> <Delay = 0.64> <FuncUnit> <Opcode : 'add' 'sub'> <InPorts = 2> <OutPorts = 1>
ST_1 : Operation 137 [1/1] (0.00ns)   --->   "%zext_ln35_26 = zext i6 %add_ln35_9" [/home/simics/HMoE/HLS_HMoE/pseudo_block/run_9/src/pseudo_moe.cpp:35]   --->   Operation 137 'zext' 'zext_ln35_26' <Predicate = (!icmp_ln19)> <Delay = 0.00>
ST_1 : Operation 138 [1/1] (0.00ns)   --->   "%x_8_addr = getelementptr i32 %x_8, i64 0, i64 %zext_ln35_26" [/home/simics/HMoE/HLS_HMoE/pseudo_block/run_9/src/pseudo_moe.cpp:35]   --->   Operation 138 'getelementptr' 'x_8_addr' <Predicate = (!icmp_ln19)> <Delay = 0.00>
ST_1 : Operation 139 [1/1] (0.64ns)   --->   "%add_ln35_10 = add i6 %zext_ln35_7_read, i6 %zext_ln35_17" [/home/simics/HMoE/HLS_HMoE/pseudo_block/run_9/src/pseudo_moe.cpp:35]   --->   Operation 139 'add' 'add_ln35_10' <Predicate = (!icmp_ln19)> <Delay = 0.64> <CoreInst = "Adder">   --->   Core 1 'Adder' <Latency = 0> <II = 1> <Delay = 0.64> <FuncUnit> <Opcode : 'add' 'sub'> <InPorts = 2> <OutPorts = 1>
ST_1 : Operation 140 [1/1] (0.00ns)   --->   "%zext_ln35_27 = zext i6 %add_ln35_10" [/home/simics/HMoE/HLS_HMoE/pseudo_block/run_9/src/pseudo_moe.cpp:35]   --->   Operation 140 'zext' 'zext_ln35_27' <Predicate = (!icmp_ln19)> <Delay = 0.00>
ST_1 : Operation 141 [1/1] (0.00ns)   --->   "%x_9_addr = getelementptr i32 %x_9, i64 0, i64 %zext_ln35_27" [/home/simics/HMoE/HLS_HMoE/pseudo_block/run_9/src/pseudo_moe.cpp:35]   --->   Operation 141 'getelementptr' 'x_9_addr' <Predicate = (!icmp_ln19)> <Delay = 0.00>
ST_1 : Operation 142 [1/1] (0.64ns)   --->   "%add_ln35_11 = add i6 %zext_ln35_6_read, i6 %zext_ln35_17" [/home/simics/HMoE/HLS_HMoE/pseudo_block/run_9/src/pseudo_moe.cpp:35]   --->   Operation 142 'add' 'add_ln35_11' <Predicate = (!icmp_ln19)> <Delay = 0.64> <CoreInst = "Adder">   --->   Core 1 'Adder' <Latency = 0> <II = 1> <Delay = 0.64> <FuncUnit> <Opcode : 'add' 'sub'> <InPorts = 2> <OutPorts = 1>
ST_1 : Operation 143 [1/1] (0.00ns)   --->   "%zext_ln35_28 = zext i6 %add_ln35_11" [/home/simics/HMoE/HLS_HMoE/pseudo_block/run_9/src/pseudo_moe.cpp:35]   --->   Operation 143 'zext' 'zext_ln35_28' <Predicate = (!icmp_ln19)> <Delay = 0.00>
ST_1 : Operation 144 [1/1] (0.00ns)   --->   "%x_10_addr = getelementptr i32 %x_10, i64 0, i64 %zext_ln35_28" [/home/simics/HMoE/HLS_HMoE/pseudo_block/run_9/src/pseudo_moe.cpp:35]   --->   Operation 144 'getelementptr' 'x_10_addr' <Predicate = (!icmp_ln19)> <Delay = 0.00>
ST_1 : Operation 145 [1/1] (0.64ns)   --->   "%add_ln35_12 = add i6 %zext_ln35_5_read, i6 %zext_ln35_17" [/home/simics/HMoE/HLS_HMoE/pseudo_block/run_9/src/pseudo_moe.cpp:35]   --->   Operation 145 'add' 'add_ln35_12' <Predicate = (!icmp_ln19)> <Delay = 0.64> <CoreInst = "Adder">   --->   Core 1 'Adder' <Latency = 0> <II = 1> <Delay = 0.64> <FuncUnit> <Opcode : 'add' 'sub'> <InPorts = 2> <OutPorts = 1>
ST_1 : Operation 146 [1/1] (0.00ns)   --->   "%zext_ln35_29 = zext i6 %add_ln35_12" [/home/simics/HMoE/HLS_HMoE/pseudo_block/run_9/src/pseudo_moe.cpp:35]   --->   Operation 146 'zext' 'zext_ln35_29' <Predicate = (!icmp_ln19)> <Delay = 0.00>
ST_1 : Operation 147 [1/1] (0.00ns)   --->   "%x_11_addr = getelementptr i32 %x_11, i64 0, i64 %zext_ln35_29" [/home/simics/HMoE/HLS_HMoE/pseudo_block/run_9/src/pseudo_moe.cpp:35]   --->   Operation 147 'getelementptr' 'x_11_addr' <Predicate = (!icmp_ln19)> <Delay = 0.00>
ST_1 : Operation 148 [1/1] (0.64ns)   --->   "%add_ln35_13 = add i6 %zext_ln35_4_read, i6 %zext_ln35_17" [/home/simics/HMoE/HLS_HMoE/pseudo_block/run_9/src/pseudo_moe.cpp:35]   --->   Operation 148 'add' 'add_ln35_13' <Predicate = (!icmp_ln19)> <Delay = 0.64> <CoreInst = "Adder">   --->   Core 1 'Adder' <Latency = 0> <II = 1> <Delay = 0.64> <FuncUnit> <Opcode : 'add' 'sub'> <InPorts = 2> <OutPorts = 1>
ST_1 : Operation 149 [1/1] (0.00ns)   --->   "%zext_ln35_30 = zext i6 %add_ln35_13" [/home/simics/HMoE/HLS_HMoE/pseudo_block/run_9/src/pseudo_moe.cpp:35]   --->   Operation 149 'zext' 'zext_ln35_30' <Predicate = (!icmp_ln19)> <Delay = 0.00>
ST_1 : Operation 150 [1/1] (0.00ns)   --->   "%x_12_addr = getelementptr i32 %x_12, i64 0, i64 %zext_ln35_30" [/home/simics/HMoE/HLS_HMoE/pseudo_block/run_9/src/pseudo_moe.cpp:35]   --->   Operation 150 'getelementptr' 'x_12_addr' <Predicate = (!icmp_ln19)> <Delay = 0.00>
ST_1 : Operation 151 [1/1] (0.64ns)   --->   "%add_ln35_14 = add i6 %zext_ln35_3_read, i6 %zext_ln35_17" [/home/simics/HMoE/HLS_HMoE/pseudo_block/run_9/src/pseudo_moe.cpp:35]   --->   Operation 151 'add' 'add_ln35_14' <Predicate = (!icmp_ln19)> <Delay = 0.64> <CoreInst = "Adder">   --->   Core 1 'Adder' <Latency = 0> <II = 1> <Delay = 0.64> <FuncUnit> <Opcode : 'add' 'sub'> <InPorts = 2> <OutPorts = 1>
ST_1 : Operation 152 [1/1] (0.00ns)   --->   "%zext_ln35_31 = zext i6 %add_ln35_14" [/home/simics/HMoE/HLS_HMoE/pseudo_block/run_9/src/pseudo_moe.cpp:35]   --->   Operation 152 'zext' 'zext_ln35_31' <Predicate = (!icmp_ln19)> <Delay = 0.00>
ST_1 : Operation 153 [1/1] (0.00ns)   --->   "%x_13_addr = getelementptr i32 %x_13, i64 0, i64 %zext_ln35_31" [/home/simics/HMoE/HLS_HMoE/pseudo_block/run_9/src/pseudo_moe.cpp:35]   --->   Operation 153 'getelementptr' 'x_13_addr' <Predicate = (!icmp_ln19)> <Delay = 0.00>
ST_1 : Operation 154 [1/1] (0.64ns)   --->   "%add_ln35_15 = add i6 %zext_ln35_2_read, i6 %zext_ln35_17" [/home/simics/HMoE/HLS_HMoE/pseudo_block/run_9/src/pseudo_moe.cpp:35]   --->   Operation 154 'add' 'add_ln35_15' <Predicate = (!icmp_ln19)> <Delay = 0.64> <CoreInst = "Adder">   --->   Core 1 'Adder' <Latency = 0> <II = 1> <Delay = 0.64> <FuncUnit> <Opcode : 'add' 'sub'> <InPorts = 2> <OutPorts = 1>
ST_1 : Operation 155 [1/1] (0.00ns)   --->   "%zext_ln35_32 = zext i6 %add_ln35_15" [/home/simics/HMoE/HLS_HMoE/pseudo_block/run_9/src/pseudo_moe.cpp:35]   --->   Operation 155 'zext' 'zext_ln35_32' <Predicate = (!icmp_ln19)> <Delay = 0.00>
ST_1 : Operation 156 [1/1] (0.00ns)   --->   "%x_14_addr = getelementptr i32 %x_14, i64 0, i64 %zext_ln35_32" [/home/simics/HMoE/HLS_HMoE/pseudo_block/run_9/src/pseudo_moe.cpp:35]   --->   Operation 156 'getelementptr' 'x_14_addr' <Predicate = (!icmp_ln19)> <Delay = 0.00>
ST_1 : Operation 157 [1/1] (0.64ns)   --->   "%add_ln35_16 = add i6 %zext_ln35_1_read, i6 %zext_ln35_17" [/home/simics/HMoE/HLS_HMoE/pseudo_block/run_9/src/pseudo_moe.cpp:35]   --->   Operation 157 'add' 'add_ln35_16' <Predicate = (!icmp_ln19)> <Delay = 0.64> <CoreInst = "Adder">   --->   Core 1 'Adder' <Latency = 0> <II = 1> <Delay = 0.64> <FuncUnit> <Opcode : 'add' 'sub'> <InPorts = 2> <OutPorts = 1>
ST_1 : Operation 158 [1/1] (0.00ns)   --->   "%zext_ln35_33 = zext i6 %add_ln35_16" [/home/simics/HMoE/HLS_HMoE/pseudo_block/run_9/src/pseudo_moe.cpp:35]   --->   Operation 158 'zext' 'zext_ln35_33' <Predicate = (!icmp_ln19)> <Delay = 0.00>
ST_1 : Operation 159 [1/1] (0.00ns)   --->   "%x_15_addr = getelementptr i32 %x_15, i64 0, i64 %zext_ln35_33" [/home/simics/HMoE/HLS_HMoE/pseudo_block/run_9/src/pseudo_moe.cpp:35]   --->   Operation 159 'getelementptr' 'x_15_addr' <Predicate = (!icmp_ln19)> <Delay = 0.00>
ST_1 : Operation 160 [1/1] (0.00ns)   --->   "%zext_ln29 = zext i3 %select_ln19" [/home/simics/HMoE/HLS_HMoE/pseudo_block/run_9/src/pseudo_moe.cpp:29]   --->   Operation 160 'zext' 'zext_ln29' <Predicate = (!icmp_ln19)> <Delay = 0.00>
ST_1 : Operation 161 [2/2] (1.02ns)   --->   "%x_0_load = load i6 %x_0_addr" [/home/simics/HMoE/HLS_HMoE/pseudo_block/run_9/src/pseudo_moe.cpp:35]   --->   Operation 161 'load' 'x_0_load' <Predicate = (!icmp_ln19)> <Delay = 1.02> <CoreInst = "RAM_1WnR">   --->   Core 84 'RAM_1WnR' <Latency = 1> <II = 1> <Delay = 1.02> <Storage> <Opcode : 'load' 'store'> <Ports = 17> <Width = 32> <Depth = 40> <RAM>
ST_1 : Operation 162 [1/1] (0.65ns)   --->   "%add_ln35 = add i8 %zext_ln29, i8 %p_udiv" [/home/simics/HMoE/HLS_HMoE/pseudo_block/run_9/src/pseudo_moe.cpp:35]   --->   Operation 162 'add' 'add_ln35' <Predicate = (!icmp_ln19)> <Delay = 0.65> <CoreInst = "Adder">   --->   Core 1 'Adder' <Latency = 0> <II = 1> <Delay = 0.65> <FuncUnit> <Opcode : 'add' 'sub'> <InPorts = 2> <OutPorts = 1>
ST_1 : Operation 163 [1/1] (0.00ns)   --->   "%zext_ln35 = zext i8 %add_ln35" [/home/simics/HMoE/HLS_HMoE/pseudo_block/run_9/src/pseudo_moe.cpp:35]   --->   Operation 163 'zext' 'zext_ln35' <Predicate = (!icmp_ln19)> <Delay = 0.00>
ST_1 : Operation 164 [1/1] (0.00ns)   --->   "%w_0_addr = getelementptr i32 %w_0, i64 0, i64 %zext_ln35" [/home/simics/HMoE/HLS_HMoE/pseudo_block/run_9/src/pseudo_moe.cpp:35]   --->   Operation 164 'getelementptr' 'w_0_addr' <Predicate = (!icmp_ln19)> <Delay = 0.00>
ST_1 : Operation 165 [2/2] (1.02ns)   --->   "%w_0_load = load i8 %w_0_addr" [/home/simics/HMoE/HLS_HMoE/pseudo_block/run_9/src/pseudo_moe.cpp:35]   --->   Operation 165 'load' 'w_0_load' <Predicate = (!icmp_ln19)> <Delay = 1.02> <CoreInst = "RAM">   --->   Core 83 'RAM' <Latency = 1> <II = 1> <Delay = 1.02> <Storage> <Opcode : 'load' 'store'> <Ports = 2> <Width = 32> <Depth = 256> <RAM>
ST_1 : Operation 166 [2/2] (1.02ns)   --->   "%x_1_load = load i6 %x_1_addr" [/home/simics/HMoE/HLS_HMoE/pseudo_block/run_9/src/pseudo_moe.cpp:35]   --->   Operation 166 'load' 'x_1_load' <Predicate = (!icmp_ln19)> <Delay = 1.02> <CoreInst = "RAM_1WnR">   --->   Core 84 'RAM_1WnR' <Latency = 1> <II = 1> <Delay = 1.02> <Storage> <Opcode : 'load' 'store'> <Ports = 17> <Width = 32> <Depth = 40> <RAM>
ST_1 : Operation 167 [2/2] (1.02ns)   --->   "%x_2_load = load i6 %x_2_addr" [/home/simics/HMoE/HLS_HMoE/pseudo_block/run_9/src/pseudo_moe.cpp:35]   --->   Operation 167 'load' 'x_2_load' <Predicate = (!icmp_ln19)> <Delay = 1.02> <CoreInst = "RAM_1WnR">   --->   Core 84 'RAM_1WnR' <Latency = 1> <II = 1> <Delay = 1.02> <Storage> <Opcode : 'load' 'store'> <Ports = 17> <Width = 32> <Depth = 40> <RAM>
ST_1 : Operation 168 [2/2] (1.02ns)   --->   "%x_3_load = load i6 %x_3_addr" [/home/simics/HMoE/HLS_HMoE/pseudo_block/run_9/src/pseudo_moe.cpp:35]   --->   Operation 168 'load' 'x_3_load' <Predicate = (!icmp_ln19)> <Delay = 1.02> <CoreInst = "RAM_1WnR">   --->   Core 84 'RAM_1WnR' <Latency = 1> <II = 1> <Delay = 1.02> <Storage> <Opcode : 'load' 'store'> <Ports = 17> <Width = 32> <Depth = 40> <RAM>
ST_1 : Operation 169 [2/2] (1.02ns)   --->   "%x_4_load = load i6 %x_4_addr" [/home/simics/HMoE/HLS_HMoE/pseudo_block/run_9/src/pseudo_moe.cpp:35]   --->   Operation 169 'load' 'x_4_load' <Predicate = (!icmp_ln19)> <Delay = 1.02> <CoreInst = "RAM_1WnR">   --->   Core 84 'RAM_1WnR' <Latency = 1> <II = 1> <Delay = 1.02> <Storage> <Opcode : 'load' 'store'> <Ports = 17> <Width = 32> <Depth = 40> <RAM>
ST_1 : Operation 170 [2/2] (1.02ns)   --->   "%x_5_load = load i6 %x_5_addr" [/home/simics/HMoE/HLS_HMoE/pseudo_block/run_9/src/pseudo_moe.cpp:35]   --->   Operation 170 'load' 'x_5_load' <Predicate = (!icmp_ln19)> <Delay = 1.02> <CoreInst = "RAM_1WnR">   --->   Core 84 'RAM_1WnR' <Latency = 1> <II = 1> <Delay = 1.02> <Storage> <Opcode : 'load' 'store'> <Ports = 17> <Width = 32> <Depth = 40> <RAM>
ST_1 : Operation 171 [2/2] (1.02ns)   --->   "%x_6_load = load i6 %x_6_addr" [/home/simics/HMoE/HLS_HMoE/pseudo_block/run_9/src/pseudo_moe.cpp:35]   --->   Operation 171 'load' 'x_6_load' <Predicate = (!icmp_ln19)> <Delay = 1.02> <CoreInst = "RAM_1WnR">   --->   Core 84 'RAM_1WnR' <Latency = 1> <II = 1> <Delay = 1.02> <Storage> <Opcode : 'load' 'store'> <Ports = 17> <Width = 32> <Depth = 40> <RAM>
ST_1 : Operation 172 [2/2] (1.02ns)   --->   "%x_7_load = load i6 %x_7_addr" [/home/simics/HMoE/HLS_HMoE/pseudo_block/run_9/src/pseudo_moe.cpp:35]   --->   Operation 172 'load' 'x_7_load' <Predicate = (!icmp_ln19)> <Delay = 1.02> <CoreInst = "RAM_1WnR">   --->   Core 84 'RAM_1WnR' <Latency = 1> <II = 1> <Delay = 1.02> <Storage> <Opcode : 'load' 'store'> <Ports = 17> <Width = 32> <Depth = 40> <RAM>
ST_1 : Operation 173 [2/2] (1.02ns)   --->   "%x_8_load = load i6 %x_8_addr" [/home/simics/HMoE/HLS_HMoE/pseudo_block/run_9/src/pseudo_moe.cpp:35]   --->   Operation 173 'load' 'x_8_load' <Predicate = (!icmp_ln19)> <Delay = 1.02> <CoreInst = "RAM_1WnR">   --->   Core 84 'RAM_1WnR' <Latency = 1> <II = 1> <Delay = 1.02> <Storage> <Opcode : 'load' 'store'> <Ports = 17> <Width = 32> <Depth = 40> <RAM>
ST_1 : Operation 174 [2/2] (1.02ns)   --->   "%x_9_load = load i6 %x_9_addr" [/home/simics/HMoE/HLS_HMoE/pseudo_block/run_9/src/pseudo_moe.cpp:35]   --->   Operation 174 'load' 'x_9_load' <Predicate = (!icmp_ln19)> <Delay = 1.02> <CoreInst = "RAM_1WnR">   --->   Core 84 'RAM_1WnR' <Latency = 1> <II = 1> <Delay = 1.02> <Storage> <Opcode : 'load' 'store'> <Ports = 17> <Width = 32> <Depth = 40> <RAM>
ST_1 : Operation 175 [2/2] (1.02ns)   --->   "%x_10_load = load i6 %x_10_addr" [/home/simics/HMoE/HLS_HMoE/pseudo_block/run_9/src/pseudo_moe.cpp:35]   --->   Operation 175 'load' 'x_10_load' <Predicate = (!icmp_ln19)> <Delay = 1.02> <CoreInst = "RAM_1WnR">   --->   Core 84 'RAM_1WnR' <Latency = 1> <II = 1> <Delay = 1.02> <Storage> <Opcode : 'load' 'store'> <Ports = 17> <Width = 32> <Depth = 40> <RAM>
ST_1 : Operation 176 [2/2] (1.02ns)   --->   "%x_11_load = load i6 %x_11_addr" [/home/simics/HMoE/HLS_HMoE/pseudo_block/run_9/src/pseudo_moe.cpp:35]   --->   Operation 176 'load' 'x_11_load' <Predicate = (!icmp_ln19)> <Delay = 1.02> <CoreInst = "RAM_1WnR">   --->   Core 84 'RAM_1WnR' <Latency = 1> <II = 1> <Delay = 1.02> <Storage> <Opcode : 'load' 'store'> <Ports = 17> <Width = 32> <Depth = 40> <RAM>
ST_1 : Operation 177 [2/2] (1.02ns)   --->   "%x_12_load = load i6 %x_12_addr" [/home/simics/HMoE/HLS_HMoE/pseudo_block/run_9/src/pseudo_moe.cpp:35]   --->   Operation 177 'load' 'x_12_load' <Predicate = (!icmp_ln19)> <Delay = 1.02> <CoreInst = "RAM_1WnR">   --->   Core 84 'RAM_1WnR' <Latency = 1> <II = 1> <Delay = 1.02> <Storage> <Opcode : 'load' 'store'> <Ports = 17> <Width = 32> <Depth = 40> <RAM>
ST_1 : Operation 178 [2/2] (1.02ns)   --->   "%x_13_load = load i6 %x_13_addr" [/home/simics/HMoE/HLS_HMoE/pseudo_block/run_9/src/pseudo_moe.cpp:35]   --->   Operation 178 'load' 'x_13_load' <Predicate = (!icmp_ln19)> <Delay = 1.02> <CoreInst = "RAM_1WnR">   --->   Core 84 'RAM_1WnR' <Latency = 1> <II = 1> <Delay = 1.02> <Storage> <Opcode : 'load' 'store'> <Ports = 17> <Width = 32> <Depth = 40> <RAM>
ST_1 : Operation 179 [2/2] (1.02ns)   --->   "%x_14_load = load i6 %x_14_addr" [/home/simics/HMoE/HLS_HMoE/pseudo_block/run_9/src/pseudo_moe.cpp:35]   --->   Operation 179 'load' 'x_14_load' <Predicate = (!icmp_ln19)> <Delay = 1.02> <CoreInst = "RAM_1WnR">   --->   Core 84 'RAM_1WnR' <Latency = 1> <II = 1> <Delay = 1.02> <Storage> <Opcode : 'load' 'store'> <Ports = 17> <Width = 32> <Depth = 40> <RAM>
ST_1 : Operation 180 [2/2] (1.02ns)   --->   "%x_15_load = load i6 %x_15_addr" [/home/simics/HMoE/HLS_HMoE/pseudo_block/run_9/src/pseudo_moe.cpp:35]   --->   Operation 180 'load' 'x_15_load' <Predicate = (!icmp_ln19)> <Delay = 1.02> <CoreInst = "RAM_1WnR">   --->   Core 84 'RAM_1WnR' <Latency = 1> <II = 1> <Delay = 1.02> <Storage> <Opcode : 'load' 'store'> <Ports = 17> <Width = 32> <Depth = 40> <RAM>
ST_1 : Operation 181 [1/1] (0.52ns)   --->   "%add_ln29 = add i3 %select_ln19, i3 1" [/home/simics/HMoE/HLS_HMoE/pseudo_block/run_9/src/pseudo_moe.cpp:29]   --->   Operation 181 'add' 'add_ln29' <Predicate = (!icmp_ln19)> <Delay = 0.52> <CoreInst = "Adder">   --->   Core 1 'Adder' <Latency = 0> <II = 1> <Delay = 0.52> <FuncUnit> <Opcode : 'add' 'sub'> <InPorts = 2> <OutPorts = 1>
ST_1 : Operation 182 [1/1] (0.52ns)   --->   "%icmp_ln29_1 = icmp_eq  i3 %add_ln29, i3 4" [/home/simics/HMoE/HLS_HMoE/pseudo_block/run_9/src/pseudo_moe.cpp:29]   --->   Operation 182 'icmp' 'icmp_ln29_1' <Predicate = (!icmp_ln19)> <Delay = 0.52> <CoreInst = "Cmp">   --->   Core 9 'Cmp' <Latency = 0> <II = 1> <Delay = 0.52> <FuncUnit> <Opcode : 'icmp'> <InPorts = 2> <OutPorts = 1>
ST_1 : Operation 183 [1/1] (0.00ns)   --->   "%result_addr = getelementptr i32 %result, i64 0, i64 %zext_ln19" [/home/simics/HMoE/HLS_HMoE/pseudo_block/run_9/src/pseudo_moe.cpp:46]   --->   Operation 183 'getelementptr' 'result_addr' <Predicate = (!icmp_ln19)> <Delay = 0.00>
ST_1 : Operation 184 [1/1] (0.00ns)   --->   "%br_ln29 = br i1 %icmp_ln29_1, void %new.latch.VITIS_LOOP_32_4.split, void %last.iter.VITIS_LOOP_32_4.split" [/home/simics/HMoE/HLS_HMoE/pseudo_block/run_9/src/pseudo_moe.cpp:29]   --->   Operation 184 'br' 'br_ln29' <Predicate = (!icmp_ln19)> <Delay = 0.00>
ST_1 : Operation 185 [1/1] (0.36ns)   --->   "%store_ln19 = store i9 %add_ln19_1, i9 %indvar_flatten" [/home/simics/HMoE/HLS_HMoE/pseudo_block/run_9/src/pseudo_moe.cpp:19]   --->   Operation 185 'store' 'store_ln19' <Predicate = (!icmp_ln19)> <Delay = 0.36>
ST_1 : Operation 186 [1/1] (0.36ns)   --->   "%store_ln19 = store i7 %select_ln19_17, i7 %o" [/home/simics/HMoE/HLS_HMoE/pseudo_block/run_9/src/pseudo_moe.cpp:19]   --->   Operation 186 'store' 'store_ln19' <Predicate = (!icmp_ln19)> <Delay = 0.36>
ST_1 : Operation 187 [1/1] (0.36ns)   --->   "%store_ln29 = store i3 %add_ln29, i3 %g" [/home/simics/HMoE/HLS_HMoE/pseudo_block/run_9/src/pseudo_moe.cpp:29]   --->   Operation 187 'store' 'store_ln29' <Predicate = (!icmp_ln19)> <Delay = 0.36>

State 2 <SV = 1> <Delay = 4.90>
ST_2 : Operation 188 [1/2] (1.02ns)   --->   "%x_0_load = load i6 %x_0_addr" [/home/simics/HMoE/HLS_HMoE/pseudo_block/run_9/src/pseudo_moe.cpp:35]   --->   Operation 188 'load' 'x_0_load' <Predicate = true> <Delay = 1.02> <CoreInst = "RAM_1WnR">   --->   Core 84 'RAM_1WnR' <Latency = 1> <II = 1> <Delay = 1.02> <Storage> <Opcode : 'load' 'store'> <Ports = 17> <Width = 32> <Depth = 40> <RAM>
ST_2 : Operation 189 [1/2] (1.02ns)   --->   "%w_0_load = load i8 %w_0_addr" [/home/simics/HMoE/HLS_HMoE/pseudo_block/run_9/src/pseudo_moe.cpp:35]   --->   Operation 189 'load' 'w_0_load' <Predicate = true> <Delay = 1.02> <CoreInst = "RAM">   --->   Core 83 'RAM' <Latency = 1> <II = 1> <Delay = 1.02> <Storage> <Opcode : 'load' 'store'> <Ports = 2> <Width = 32> <Depth = 256> <RAM>
ST_2 : Operation 190 [2/2] (3.88ns)   --->   "%mul = fmul i32 %x_0_load, i32 %w_0_load" [/home/simics/HMoE/HLS_HMoE/pseudo_block/run_9/src/pseudo_moe.cpp:35]   --->   Operation 190 'fmul' 'mul' <Predicate = true> <Delay = 3.88> <CoreInst = "FMul_maxdsp">   --->   Core 30 'FMul_maxdsp' <Latency = 1> <II = 1> <Delay = 3.88> <FuncUnit> <Opcode : 'fmul'> <InPorts = 2> <OutPorts = 1>
ST_2 : Operation 191 [1/2] (1.02ns)   --->   "%x_1_load = load i6 %x_1_addr" [/home/simics/HMoE/HLS_HMoE/pseudo_block/run_9/src/pseudo_moe.cpp:35]   --->   Operation 191 'load' 'x_1_load' <Predicate = true> <Delay = 1.02> <CoreInst = "RAM_1WnR">   --->   Core 84 'RAM_1WnR' <Latency = 1> <II = 1> <Delay = 1.02> <Storage> <Opcode : 'load' 'store'> <Ports = 17> <Width = 32> <Depth = 40> <RAM>
ST_2 : Operation 192 [1/2] (1.02ns)   --->   "%x_2_load = load i6 %x_2_addr" [/home/simics/HMoE/HLS_HMoE/pseudo_block/run_9/src/pseudo_moe.cpp:35]   --->   Operation 192 'load' 'x_2_load' <Predicate = true> <Delay = 1.02> <CoreInst = "RAM_1WnR">   --->   Core 84 'RAM_1WnR' <Latency = 1> <II = 1> <Delay = 1.02> <Storage> <Opcode : 'load' 'store'> <Ports = 17> <Width = 32> <Depth = 40> <RAM>
ST_2 : Operation 193 [1/2] (1.02ns)   --->   "%x_3_load = load i6 %x_3_addr" [/home/simics/HMoE/HLS_HMoE/pseudo_block/run_9/src/pseudo_moe.cpp:35]   --->   Operation 193 'load' 'x_3_load' <Predicate = true> <Delay = 1.02> <CoreInst = "RAM_1WnR">   --->   Core 84 'RAM_1WnR' <Latency = 1> <II = 1> <Delay = 1.02> <Storage> <Opcode : 'load' 'store'> <Ports = 17> <Width = 32> <Depth = 40> <RAM>
ST_2 : Operation 194 [1/2] (1.02ns)   --->   "%x_4_load = load i6 %x_4_addr" [/home/simics/HMoE/HLS_HMoE/pseudo_block/run_9/src/pseudo_moe.cpp:35]   --->   Operation 194 'load' 'x_4_load' <Predicate = true> <Delay = 1.02> <CoreInst = "RAM_1WnR">   --->   Core 84 'RAM_1WnR' <Latency = 1> <II = 1> <Delay = 1.02> <Storage> <Opcode : 'load' 'store'> <Ports = 17> <Width = 32> <Depth = 40> <RAM>
ST_2 : Operation 195 [1/2] (1.02ns)   --->   "%x_5_load = load i6 %x_5_addr" [/home/simics/HMoE/HLS_HMoE/pseudo_block/run_9/src/pseudo_moe.cpp:35]   --->   Operation 195 'load' 'x_5_load' <Predicate = true> <Delay = 1.02> <CoreInst = "RAM_1WnR">   --->   Core 84 'RAM_1WnR' <Latency = 1> <II = 1> <Delay = 1.02> <Storage> <Opcode : 'load' 'store'> <Ports = 17> <Width = 32> <Depth = 40> <RAM>
ST_2 : Operation 196 [1/2] (1.02ns)   --->   "%x_6_load = load i6 %x_6_addr" [/home/simics/HMoE/HLS_HMoE/pseudo_block/run_9/src/pseudo_moe.cpp:35]   --->   Operation 196 'load' 'x_6_load' <Predicate = true> <Delay = 1.02> <CoreInst = "RAM_1WnR">   --->   Core 84 'RAM_1WnR' <Latency = 1> <II = 1> <Delay = 1.02> <Storage> <Opcode : 'load' 'store'> <Ports = 17> <Width = 32> <Depth = 40> <RAM>
ST_2 : Operation 197 [1/2] (1.02ns)   --->   "%x_7_load = load i6 %x_7_addr" [/home/simics/HMoE/HLS_HMoE/pseudo_block/run_9/src/pseudo_moe.cpp:35]   --->   Operation 197 'load' 'x_7_load' <Predicate = true> <Delay = 1.02> <CoreInst = "RAM_1WnR">   --->   Core 84 'RAM_1WnR' <Latency = 1> <II = 1> <Delay = 1.02> <Storage> <Opcode : 'load' 'store'> <Ports = 17> <Width = 32> <Depth = 40> <RAM>
ST_2 : Operation 198 [1/2] (1.02ns)   --->   "%x_8_load = load i6 %x_8_addr" [/home/simics/HMoE/HLS_HMoE/pseudo_block/run_9/src/pseudo_moe.cpp:35]   --->   Operation 198 'load' 'x_8_load' <Predicate = true> <Delay = 1.02> <CoreInst = "RAM_1WnR">   --->   Core 84 'RAM_1WnR' <Latency = 1> <II = 1> <Delay = 1.02> <Storage> <Opcode : 'load' 'store'> <Ports = 17> <Width = 32> <Depth = 40> <RAM>
ST_2 : Operation 199 [1/2] (1.02ns)   --->   "%x_9_load = load i6 %x_9_addr" [/home/simics/HMoE/HLS_HMoE/pseudo_block/run_9/src/pseudo_moe.cpp:35]   --->   Operation 199 'load' 'x_9_load' <Predicate = true> <Delay = 1.02> <CoreInst = "RAM_1WnR">   --->   Core 84 'RAM_1WnR' <Latency = 1> <II = 1> <Delay = 1.02> <Storage> <Opcode : 'load' 'store'> <Ports = 17> <Width = 32> <Depth = 40> <RAM>
ST_2 : Operation 200 [1/2] (1.02ns)   --->   "%x_10_load = load i6 %x_10_addr" [/home/simics/HMoE/HLS_HMoE/pseudo_block/run_9/src/pseudo_moe.cpp:35]   --->   Operation 200 'load' 'x_10_load' <Predicate = true> <Delay = 1.02> <CoreInst = "RAM_1WnR">   --->   Core 84 'RAM_1WnR' <Latency = 1> <II = 1> <Delay = 1.02> <Storage> <Opcode : 'load' 'store'> <Ports = 17> <Width = 32> <Depth = 40> <RAM>
ST_2 : Operation 201 [1/2] (1.02ns)   --->   "%x_11_load = load i6 %x_11_addr" [/home/simics/HMoE/HLS_HMoE/pseudo_block/run_9/src/pseudo_moe.cpp:35]   --->   Operation 201 'load' 'x_11_load' <Predicate = true> <Delay = 1.02> <CoreInst = "RAM_1WnR">   --->   Core 84 'RAM_1WnR' <Latency = 1> <II = 1> <Delay = 1.02> <Storage> <Opcode : 'load' 'store'> <Ports = 17> <Width = 32> <Depth = 40> <RAM>
ST_2 : Operation 202 [1/2] (1.02ns)   --->   "%x_12_load = load i6 %x_12_addr" [/home/simics/HMoE/HLS_HMoE/pseudo_block/run_9/src/pseudo_moe.cpp:35]   --->   Operation 202 'load' 'x_12_load' <Predicate = true> <Delay = 1.02> <CoreInst = "RAM_1WnR">   --->   Core 84 'RAM_1WnR' <Latency = 1> <II = 1> <Delay = 1.02> <Storage> <Opcode : 'load' 'store'> <Ports = 17> <Width = 32> <Depth = 40> <RAM>
ST_2 : Operation 203 [1/2] (1.02ns)   --->   "%x_13_load = load i6 %x_13_addr" [/home/simics/HMoE/HLS_HMoE/pseudo_block/run_9/src/pseudo_moe.cpp:35]   --->   Operation 203 'load' 'x_13_load' <Predicate = true> <Delay = 1.02> <CoreInst = "RAM_1WnR">   --->   Core 84 'RAM_1WnR' <Latency = 1> <II = 1> <Delay = 1.02> <Storage> <Opcode : 'load' 'store'> <Ports = 17> <Width = 32> <Depth = 40> <RAM>
ST_2 : Operation 204 [1/2] (1.02ns)   --->   "%x_14_load = load i6 %x_14_addr" [/home/simics/HMoE/HLS_HMoE/pseudo_block/run_9/src/pseudo_moe.cpp:35]   --->   Operation 204 'load' 'x_14_load' <Predicate = true> <Delay = 1.02> <CoreInst = "RAM_1WnR">   --->   Core 84 'RAM_1WnR' <Latency = 1> <II = 1> <Delay = 1.02> <Storage> <Opcode : 'load' 'store'> <Ports = 17> <Width = 32> <Depth = 40> <RAM>
ST_2 : Operation 205 [1/2] (1.02ns)   --->   "%x_15_load = load i6 %x_15_addr" [/home/simics/HMoE/HLS_HMoE/pseudo_block/run_9/src/pseudo_moe.cpp:35]   --->   Operation 205 'load' 'x_15_load' <Predicate = true> <Delay = 1.02> <CoreInst = "RAM_1WnR">   --->   Core 84 'RAM_1WnR' <Latency = 1> <II = 1> <Delay = 1.02> <Storage> <Opcode : 'load' 'store'> <Ports = 17> <Width = 32> <Depth = 40> <RAM>

State 3 <SV = 2> <Delay = 3.88>
ST_3 : Operation 206 [1/2] (3.88ns)   --->   "%mul = fmul i32 %x_0_load, i32 %w_0_load" [/home/simics/HMoE/HLS_HMoE/pseudo_block/run_9/src/pseudo_moe.cpp:35]   --->   Operation 206 'fmul' 'mul' <Predicate = true> <Delay = 3.88> <CoreInst = "FMul_maxdsp">   --->   Core 30 'FMul_maxdsp' <Latency = 1> <II = 1> <Delay = 3.88> <FuncUnit> <Opcode : 'fmul'> <InPorts = 2> <OutPorts = 1>
ST_3 : Operation 207 [1/1] (0.00ns)   --->   "%w_1_addr = getelementptr i32 %w_1, i64 0, i64 %zext_ln35" [/home/simics/HMoE/HLS_HMoE/pseudo_block/run_9/src/pseudo_moe.cpp:35]   --->   Operation 207 'getelementptr' 'w_1_addr' <Predicate = true> <Delay = 0.00>
ST_3 : Operation 208 [2/2] (1.02ns)   --->   "%w_1_load = load i8 %w_1_addr" [/home/simics/HMoE/HLS_HMoE/pseudo_block/run_9/src/pseudo_moe.cpp:35]   --->   Operation 208 'load' 'w_1_load' <Predicate = true> <Delay = 1.02> <CoreInst = "RAM">   --->   Core 83 'RAM' <Latency = 1> <II = 1> <Delay = 1.02> <Storage> <Opcode : 'load' 'store'> <Ports = 2> <Width = 32> <Depth = 256> <RAM>

State 4 <SV = 3> <Delay = 6.26>
ST_4 : Operation 209 [1/1] (0.00ns)   --->   "%p_load55 = load i32 %empty" [/home/simics/HMoE/HLS_HMoE/pseudo_block/run_9/src/pseudo_moe.cpp:19]   --->   Operation 209 'load' 'p_load55' <Predicate = (!icmp_ln29)> <Delay = 0.00>
ST_4 : Operation 210 [1/1] (0.21ns)   --->   "%select_ln19_16 = select i1 %icmp_ln29, i32 0, i32 %p_load55" [/home/simics/HMoE/HLS_HMoE/pseudo_block/run_9/src/pseudo_moe.cpp:19]   --->   Operation 210 'select' 'select_ln19_16' <Predicate = true> <Delay = 0.21> <CoreInst = "Sel">   --->   Core 73 'Sel' <Latency = 0> <II = 1> <Delay = 0.21> <FuncUnit> <Opcode : 'select'> <InPorts = 3> <OutPorts = 1>
ST_4 : Operation 211 [2/2] (6.04ns)   --->   "%add = fadd i32 %select_ln19_16, i32 %mul" [/home/simics/HMoE/HLS_HMoE/pseudo_block/run_9/src/pseudo_moe.cpp:35]   --->   Operation 211 'fadd' 'add' <Predicate = true> <Delay = 6.04> <CoreInst = "FAddSub_fulldsp">   --->   Core 18 'FAddSub_fulldsp' <Latency = 1> <II = 1> <Delay = 6.04> <FuncUnit> <Opcode : 'fadd' 'fsub'> <InPorts = 2> <OutPorts = 1>
ST_4 : Operation 212 [1/2] (1.02ns)   --->   "%w_1_load = load i8 %w_1_addr" [/home/simics/HMoE/HLS_HMoE/pseudo_block/run_9/src/pseudo_moe.cpp:35]   --->   Operation 212 'load' 'w_1_load' <Predicate = true> <Delay = 1.02> <CoreInst = "RAM">   --->   Core 83 'RAM' <Latency = 1> <II = 1> <Delay = 1.02> <Storage> <Opcode : 'load' 'store'> <Ports = 2> <Width = 32> <Depth = 256> <RAM>
ST_4 : Operation 213 [2/2] (3.88ns)   --->   "%mul20_1 = fmul i32 %x_1_load, i32 %w_1_load" [/home/simics/HMoE/HLS_HMoE/pseudo_block/run_9/src/pseudo_moe.cpp:35]   --->   Operation 213 'fmul' 'mul20_1' <Predicate = true> <Delay = 3.88> <CoreInst = "FMul_maxdsp">   --->   Core 30 'FMul_maxdsp' <Latency = 1> <II = 1> <Delay = 3.88> <FuncUnit> <Opcode : 'fmul'> <InPorts = 2> <OutPorts = 1>

State 5 <SV = 4> <Delay = 7.30>
ST_5 : Operation 214 [1/1] (0.00ns)   --->   "%gmem4_addr = getelementptr i32 %gmem4, i64 %sext_ln19_cast" [/home/simics/HMoE/HLS_HMoE/pseudo_block/run_9/src/pseudo_moe.cpp:19]   --->   Operation 214 'getelementptr' 'gmem4_addr' <Predicate = true> <Delay = 0.00>
ST_5 : Operation 215 [1/2] (6.04ns)   --->   "%add = fadd i32 %select_ln19_16, i32 %mul" [/home/simics/HMoE/HLS_HMoE/pseudo_block/run_9/src/pseudo_moe.cpp:35]   --->   Operation 215 'fadd' 'add' <Predicate = true> <Delay = 6.04> <CoreInst = "FAddSub_fulldsp">   --->   Core 18 'FAddSub_fulldsp' <Latency = 1> <II = 1> <Delay = 6.04> <FuncUnit> <Opcode : 'fadd' 'fsub'> <InPorts = 2> <OutPorts = 1>
ST_5 : Operation 216 [1/2] (3.88ns)   --->   "%mul20_1 = fmul i32 %x_1_load, i32 %w_1_load" [/home/simics/HMoE/HLS_HMoE/pseudo_block/run_9/src/pseudo_moe.cpp:35]   --->   Operation 216 'fmul' 'mul20_1' <Predicate = true> <Delay = 3.88> <CoreInst = "FMul_maxdsp">   --->   Core 30 'FMul_maxdsp' <Latency = 1> <II = 1> <Delay = 3.88> <FuncUnit> <Opcode : 'fmul'> <InPorts = 2> <OutPorts = 1>
ST_5 : Operation 217 [1/1] (0.00ns)   --->   "%w_2_addr = getelementptr i32 %w_2, i64 0, i64 %zext_ln35" [/home/simics/HMoE/HLS_HMoE/pseudo_block/run_9/src/pseudo_moe.cpp:35]   --->   Operation 217 'getelementptr' 'w_2_addr' <Predicate = true> <Delay = 0.00>
ST_5 : Operation 218 [2/2] (1.02ns)   --->   "%w_2_load = load i8 %w_2_addr" [/home/simics/HMoE/HLS_HMoE/pseudo_block/run_9/src/pseudo_moe.cpp:35]   --->   Operation 218 'load' 'w_2_load' <Predicate = true> <Delay = 1.02> <CoreInst = "RAM">   --->   Core 83 'RAM' <Latency = 1> <II = 1> <Delay = 1.02> <Storage> <Opcode : 'load' 'store'> <Ports = 2> <Width = 32> <Depth = 256> <RAM>
ST_5 : Operation 219 [1/1] (7.30ns)   --->   "%gmem4_addr_read = read i32 @_ssdm_op_Read.m_axi.p1i32, i32 %gmem4_addr" [/home/simics/HMoE/HLS_HMoE/pseudo_block/run_9/src/pseudo_moe.cpp:39]   --->   Operation 219 'read' 'gmem4_addr_read' <Predicate = (icmp_ln29_1)> <Delay = 7.30> <CoreInst = "m_axi">   --->   Core 121 'm_axi' <Latency = 0> <II = 1> <Delay = 1.00> <Adapter> <Opcode : 'read' 'write' 'readreq' 'writereq' 'writeresp'>
ST_5 : Operation 220 [1/1] (0.36ns)   --->   "%store_ln35 = store i32 %add, i32 %empty" [/home/simics/HMoE/HLS_HMoE/pseudo_block/run_9/src/pseudo_moe.cpp:35]   --->   Operation 220 'store' 'store_ln35' <Predicate = true> <Delay = 0.36>

State 6 <SV = 5> <Delay = 6.26>
ST_6 : Operation 221 [1/1] (0.00ns)   --->   "%p_load54 = load i32 %empty_66" [/home/simics/HMoE/HLS_HMoE/pseudo_block/run_9/src/pseudo_moe.cpp:19]   --->   Operation 221 'load' 'p_load54' <Predicate = (!icmp_ln29)> <Delay = 0.00>
ST_6 : Operation 222 [1/1] (0.21ns)   --->   "%select_ln19_15 = select i1 %icmp_ln29, i32 0, i32 %p_load54" [/home/simics/HMoE/HLS_HMoE/pseudo_block/run_9/src/pseudo_moe.cpp:19]   --->   Operation 222 'select' 'select_ln19_15' <Predicate = true> <Delay = 0.21> <CoreInst = "Sel">   --->   Core 73 'Sel' <Latency = 0> <II = 1> <Delay = 0.21> <FuncUnit> <Opcode : 'select'> <InPorts = 3> <OutPorts = 1>
ST_6 : Operation 223 [2/2] (6.04ns)   --->   "%add23_1 = fadd i32 %select_ln19_15, i32 %mul20_1" [/home/simics/HMoE/HLS_HMoE/pseudo_block/run_9/src/pseudo_moe.cpp:35]   --->   Operation 223 'fadd' 'add23_1' <Predicate = true> <Delay = 6.04> <CoreInst = "FAddSub_fulldsp">   --->   Core 18 'FAddSub_fulldsp' <Latency = 1> <II = 1> <Delay = 6.04> <FuncUnit> <Opcode : 'fadd' 'fsub'> <InPorts = 2> <OutPorts = 1>
ST_6 : Operation 224 [1/2] (1.02ns)   --->   "%w_2_load = load i8 %w_2_addr" [/home/simics/HMoE/HLS_HMoE/pseudo_block/run_9/src/pseudo_moe.cpp:35]   --->   Operation 224 'load' 'w_2_load' <Predicate = true> <Delay = 1.02> <CoreInst = "RAM">   --->   Core 83 'RAM' <Latency = 1> <II = 1> <Delay = 1.02> <Storage> <Opcode : 'load' 'store'> <Ports = 2> <Width = 32> <Depth = 256> <RAM>
ST_6 : Operation 225 [2/2] (3.88ns)   --->   "%mul20_2 = fmul i32 %x_2_load, i32 %w_2_load" [/home/simics/HMoE/HLS_HMoE/pseudo_block/run_9/src/pseudo_moe.cpp:35]   --->   Operation 225 'fmul' 'mul20_2' <Predicate = true> <Delay = 3.88> <CoreInst = "FMul_maxdsp">   --->   Core 30 'FMul_maxdsp' <Latency = 1> <II = 1> <Delay = 3.88> <FuncUnit> <Opcode : 'fmul'> <InPorts = 2> <OutPorts = 1>
ST_6 : Operation 226 [1/1] (0.00ns)   --->   "%acc = bitcast i32 %gmem4_addr_read" [/home/simics/HMoE/HLS_HMoE/pseudo_block/run_9/src/pseudo_moe.cpp:39]   --->   Operation 226 'bitcast' 'acc' <Predicate = (icmp_ln29_1)> <Delay = 0.00>
ST_6 : Operation 227 [2/2] (6.04ns)   --->   "%acc_65 = fadd i32 %acc, i32 %add" [/home/simics/HMoE/HLS_HMoE/pseudo_block/run_9/src/pseudo_moe.cpp:43]   --->   Operation 227 'fadd' 'acc_65' <Predicate = (icmp_ln29_1)> <Delay = 6.04> <CoreInst = "FAddSub_fulldsp">   --->   Core 18 'FAddSub_fulldsp' <Latency = 1> <II = 1> <Delay = 6.04> <FuncUnit> <Opcode : 'fadd' 'fsub'> <InPorts = 2> <OutPorts = 1>

State 7 <SV = 6> <Delay = 6.40>
ST_7 : Operation 228 [1/2] (6.04ns)   --->   "%add23_1 = fadd i32 %select_ln19_15, i32 %mul20_1" [/home/simics/HMoE/HLS_HMoE/pseudo_block/run_9/src/pseudo_moe.cpp:35]   --->   Operation 228 'fadd' 'add23_1' <Predicate = true> <Delay = 6.04> <CoreInst = "FAddSub_fulldsp">   --->   Core 18 'FAddSub_fulldsp' <Latency = 1> <II = 1> <Delay = 6.04> <FuncUnit> <Opcode : 'fadd' 'fsub'> <InPorts = 2> <OutPorts = 1>
ST_7 : Operation 229 [1/2] (3.88ns)   --->   "%mul20_2 = fmul i32 %x_2_load, i32 %w_2_load" [/home/simics/HMoE/HLS_HMoE/pseudo_block/run_9/src/pseudo_moe.cpp:35]   --->   Operation 229 'fmul' 'mul20_2' <Predicate = true> <Delay = 3.88> <CoreInst = "FMul_maxdsp">   --->   Core 30 'FMul_maxdsp' <Latency = 1> <II = 1> <Delay = 3.88> <FuncUnit> <Opcode : 'fmul'> <InPorts = 2> <OutPorts = 1>
ST_7 : Operation 230 [1/1] (0.00ns)   --->   "%w_3_addr = getelementptr i32 %w_3, i64 0, i64 %zext_ln35" [/home/simics/HMoE/HLS_HMoE/pseudo_block/run_9/src/pseudo_moe.cpp:35]   --->   Operation 230 'getelementptr' 'w_3_addr' <Predicate = true> <Delay = 0.00>
ST_7 : Operation 231 [2/2] (1.02ns)   --->   "%w_3_load = load i8 %w_3_addr" [/home/simics/HMoE/HLS_HMoE/pseudo_block/run_9/src/pseudo_moe.cpp:35]   --->   Operation 231 'load' 'w_3_load' <Predicate = true> <Delay = 1.02> <CoreInst = "RAM">   --->   Core 83 'RAM' <Latency = 1> <II = 1> <Delay = 1.02> <Storage> <Opcode : 'load' 'store'> <Ports = 2> <Width = 32> <Depth = 256> <RAM>
ST_7 : Operation 232 [1/2] (6.04ns)   --->   "%acc_65 = fadd i32 %acc, i32 %add" [/home/simics/HMoE/HLS_HMoE/pseudo_block/run_9/src/pseudo_moe.cpp:43]   --->   Operation 232 'fadd' 'acc_65' <Predicate = (icmp_ln29_1)> <Delay = 6.04> <CoreInst = "FAddSub_fulldsp">   --->   Core 18 'FAddSub_fulldsp' <Latency = 1> <II = 1> <Delay = 6.04> <FuncUnit> <Opcode : 'fadd' 'fsub'> <InPorts = 2> <OutPorts = 1>
ST_7 : Operation 233 [1/1] (0.36ns)   --->   "%store_ln35 = store i32 %add23_1, i32 %empty_66" [/home/simics/HMoE/HLS_HMoE/pseudo_block/run_9/src/pseudo_moe.cpp:35]   --->   Operation 233 'store' 'store_ln35' <Predicate = true> <Delay = 0.36>

State 8 <SV = 7> <Delay = 6.26>
ST_8 : Operation 234 [1/1] (0.00ns)   --->   "%p_load53 = load i32 %empty_67" [/home/simics/HMoE/HLS_HMoE/pseudo_block/run_9/src/pseudo_moe.cpp:19]   --->   Operation 234 'load' 'p_load53' <Predicate = (!icmp_ln29)> <Delay = 0.00>
ST_8 : Operation 235 [1/1] (0.21ns)   --->   "%select_ln19_14 = select i1 %icmp_ln29, i32 0, i32 %p_load53" [/home/simics/HMoE/HLS_HMoE/pseudo_block/run_9/src/pseudo_moe.cpp:19]   --->   Operation 235 'select' 'select_ln19_14' <Predicate = true> <Delay = 0.21> <CoreInst = "Sel">   --->   Core 73 'Sel' <Latency = 0> <II = 1> <Delay = 0.21> <FuncUnit> <Opcode : 'select'> <InPorts = 3> <OutPorts = 1>
ST_8 : Operation 236 [2/2] (6.04ns)   --->   "%add23_2 = fadd i32 %select_ln19_14, i32 %mul20_2" [/home/simics/HMoE/HLS_HMoE/pseudo_block/run_9/src/pseudo_moe.cpp:35]   --->   Operation 236 'fadd' 'add23_2' <Predicate = true> <Delay = 6.04> <CoreInst = "FAddSub_fulldsp">   --->   Core 18 'FAddSub_fulldsp' <Latency = 1> <II = 1> <Delay = 6.04> <FuncUnit> <Opcode : 'fadd' 'fsub'> <InPorts = 2> <OutPorts = 1>
ST_8 : Operation 237 [1/2] (1.02ns)   --->   "%w_3_load = load i8 %w_3_addr" [/home/simics/HMoE/HLS_HMoE/pseudo_block/run_9/src/pseudo_moe.cpp:35]   --->   Operation 237 'load' 'w_3_load' <Predicate = true> <Delay = 1.02> <CoreInst = "RAM">   --->   Core 83 'RAM' <Latency = 1> <II = 1> <Delay = 1.02> <Storage> <Opcode : 'load' 'store'> <Ports = 2> <Width = 32> <Depth = 256> <RAM>
ST_8 : Operation 238 [2/2] (3.88ns)   --->   "%mul20_3 = fmul i32 %x_3_load, i32 %w_3_load" [/home/simics/HMoE/HLS_HMoE/pseudo_block/run_9/src/pseudo_moe.cpp:35]   --->   Operation 238 'fmul' 'mul20_3' <Predicate = true> <Delay = 3.88> <CoreInst = "FMul_maxdsp">   --->   Core 30 'FMul_maxdsp' <Latency = 1> <II = 1> <Delay = 3.88> <FuncUnit> <Opcode : 'fmul'> <InPorts = 2> <OutPorts = 1>
ST_8 : Operation 239 [2/2] (6.04ns)   --->   "%acc_66 = fadd i32 %acc_65, i32 %add23_1" [/home/simics/HMoE/HLS_HMoE/pseudo_block/run_9/src/pseudo_moe.cpp:43]   --->   Operation 239 'fadd' 'acc_66' <Predicate = (icmp_ln29_1)> <Delay = 6.04> <CoreInst = "FAddSub_fulldsp">   --->   Core 18 'FAddSub_fulldsp' <Latency = 1> <II = 1> <Delay = 6.04> <FuncUnit> <Opcode : 'fadd' 'fsub'> <InPorts = 2> <OutPorts = 1>

State 9 <SV = 8> <Delay = 6.40>
ST_9 : Operation 240 [1/2] (6.04ns)   --->   "%add23_2 = fadd i32 %select_ln19_14, i32 %mul20_2" [/home/simics/HMoE/HLS_HMoE/pseudo_block/run_9/src/pseudo_moe.cpp:35]   --->   Operation 240 'fadd' 'add23_2' <Predicate = true> <Delay = 6.04> <CoreInst = "FAddSub_fulldsp">   --->   Core 18 'FAddSub_fulldsp' <Latency = 1> <II = 1> <Delay = 6.04> <FuncUnit> <Opcode : 'fadd' 'fsub'> <InPorts = 2> <OutPorts = 1>
ST_9 : Operation 241 [1/2] (3.88ns)   --->   "%mul20_3 = fmul i32 %x_3_load, i32 %w_3_load" [/home/simics/HMoE/HLS_HMoE/pseudo_block/run_9/src/pseudo_moe.cpp:35]   --->   Operation 241 'fmul' 'mul20_3' <Predicate = true> <Delay = 3.88> <CoreInst = "FMul_maxdsp">   --->   Core 30 'FMul_maxdsp' <Latency = 1> <II = 1> <Delay = 3.88> <FuncUnit> <Opcode : 'fmul'> <InPorts = 2> <OutPorts = 1>
ST_9 : Operation 242 [1/1] (0.00ns)   --->   "%w_4_addr = getelementptr i32 %w_4, i64 0, i64 %zext_ln35" [/home/simics/HMoE/HLS_HMoE/pseudo_block/run_9/src/pseudo_moe.cpp:35]   --->   Operation 242 'getelementptr' 'w_4_addr' <Predicate = true> <Delay = 0.00>
ST_9 : Operation 243 [2/2] (1.02ns)   --->   "%w_4_load = load i8 %w_4_addr" [/home/simics/HMoE/HLS_HMoE/pseudo_block/run_9/src/pseudo_moe.cpp:35]   --->   Operation 243 'load' 'w_4_load' <Predicate = true> <Delay = 1.02> <CoreInst = "RAM">   --->   Core 83 'RAM' <Latency = 1> <II = 1> <Delay = 1.02> <Storage> <Opcode : 'load' 'store'> <Ports = 2> <Width = 32> <Depth = 256> <RAM>
ST_9 : Operation 244 [1/2] (6.04ns)   --->   "%acc_66 = fadd i32 %acc_65, i32 %add23_1" [/home/simics/HMoE/HLS_HMoE/pseudo_block/run_9/src/pseudo_moe.cpp:43]   --->   Operation 244 'fadd' 'acc_66' <Predicate = (icmp_ln29_1)> <Delay = 6.04> <CoreInst = "FAddSub_fulldsp">   --->   Core 18 'FAddSub_fulldsp' <Latency = 1> <II = 1> <Delay = 6.04> <FuncUnit> <Opcode : 'fadd' 'fsub'> <InPorts = 2> <OutPorts = 1>
ST_9 : Operation 245 [1/1] (0.36ns)   --->   "%store_ln35 = store i32 %add23_2, i32 %empty_67" [/home/simics/HMoE/HLS_HMoE/pseudo_block/run_9/src/pseudo_moe.cpp:35]   --->   Operation 245 'store' 'store_ln35' <Predicate = true> <Delay = 0.36>

State 10 <SV = 9> <Delay = 6.26>
ST_10 : Operation 246 [1/1] (0.00ns)   --->   "%p_load52 = load i32 %empty_68" [/home/simics/HMoE/HLS_HMoE/pseudo_block/run_9/src/pseudo_moe.cpp:19]   --->   Operation 246 'load' 'p_load52' <Predicate = (!icmp_ln29)> <Delay = 0.00>
ST_10 : Operation 247 [1/1] (0.21ns)   --->   "%select_ln19_13 = select i1 %icmp_ln29, i32 0, i32 %p_load52" [/home/simics/HMoE/HLS_HMoE/pseudo_block/run_9/src/pseudo_moe.cpp:19]   --->   Operation 247 'select' 'select_ln19_13' <Predicate = true> <Delay = 0.21> <CoreInst = "Sel">   --->   Core 73 'Sel' <Latency = 0> <II = 1> <Delay = 0.21> <FuncUnit> <Opcode : 'select'> <InPorts = 3> <OutPorts = 1>
ST_10 : Operation 248 [2/2] (6.04ns)   --->   "%add23_3 = fadd i32 %select_ln19_13, i32 %mul20_3" [/home/simics/HMoE/HLS_HMoE/pseudo_block/run_9/src/pseudo_moe.cpp:35]   --->   Operation 248 'fadd' 'add23_3' <Predicate = true> <Delay = 6.04> <CoreInst = "FAddSub_fulldsp">   --->   Core 18 'FAddSub_fulldsp' <Latency = 1> <II = 1> <Delay = 6.04> <FuncUnit> <Opcode : 'fadd' 'fsub'> <InPorts = 2> <OutPorts = 1>
ST_10 : Operation 249 [1/2] (1.02ns)   --->   "%w_4_load = load i8 %w_4_addr" [/home/simics/HMoE/HLS_HMoE/pseudo_block/run_9/src/pseudo_moe.cpp:35]   --->   Operation 249 'load' 'w_4_load' <Predicate = true> <Delay = 1.02> <CoreInst = "RAM">   --->   Core 83 'RAM' <Latency = 1> <II = 1> <Delay = 1.02> <Storage> <Opcode : 'load' 'store'> <Ports = 2> <Width = 32> <Depth = 256> <RAM>
ST_10 : Operation 250 [2/2] (3.88ns)   --->   "%mul20_4 = fmul i32 %x_4_load, i32 %w_4_load" [/home/simics/HMoE/HLS_HMoE/pseudo_block/run_9/src/pseudo_moe.cpp:35]   --->   Operation 250 'fmul' 'mul20_4' <Predicate = true> <Delay = 3.88> <CoreInst = "FMul_maxdsp">   --->   Core 30 'FMul_maxdsp' <Latency = 1> <II = 1> <Delay = 3.88> <FuncUnit> <Opcode : 'fmul'> <InPorts = 2> <OutPorts = 1>
ST_10 : Operation 251 [2/2] (6.04ns)   --->   "%acc_67 = fadd i32 %acc_66, i32 %add23_2" [/home/simics/HMoE/HLS_HMoE/pseudo_block/run_9/src/pseudo_moe.cpp:43]   --->   Operation 251 'fadd' 'acc_67' <Predicate = (icmp_ln29_1)> <Delay = 6.04> <CoreInst = "FAddSub_fulldsp">   --->   Core 18 'FAddSub_fulldsp' <Latency = 1> <II = 1> <Delay = 6.04> <FuncUnit> <Opcode : 'fadd' 'fsub'> <InPorts = 2> <OutPorts = 1>

State 11 <SV = 10> <Delay = 6.40>
ST_11 : Operation 252 [1/2] (6.04ns)   --->   "%add23_3 = fadd i32 %select_ln19_13, i32 %mul20_3" [/home/simics/HMoE/HLS_HMoE/pseudo_block/run_9/src/pseudo_moe.cpp:35]   --->   Operation 252 'fadd' 'add23_3' <Predicate = true> <Delay = 6.04> <CoreInst = "FAddSub_fulldsp">   --->   Core 18 'FAddSub_fulldsp' <Latency = 1> <II = 1> <Delay = 6.04> <FuncUnit> <Opcode : 'fadd' 'fsub'> <InPorts = 2> <OutPorts = 1>
ST_11 : Operation 253 [1/2] (3.88ns)   --->   "%mul20_4 = fmul i32 %x_4_load, i32 %w_4_load" [/home/simics/HMoE/HLS_HMoE/pseudo_block/run_9/src/pseudo_moe.cpp:35]   --->   Operation 253 'fmul' 'mul20_4' <Predicate = true> <Delay = 3.88> <CoreInst = "FMul_maxdsp">   --->   Core 30 'FMul_maxdsp' <Latency = 1> <II = 1> <Delay = 3.88> <FuncUnit> <Opcode : 'fmul'> <InPorts = 2> <OutPorts = 1>
ST_11 : Operation 254 [1/1] (0.00ns)   --->   "%w_5_addr = getelementptr i32 %w_5, i64 0, i64 %zext_ln35" [/home/simics/HMoE/HLS_HMoE/pseudo_block/run_9/src/pseudo_moe.cpp:35]   --->   Operation 254 'getelementptr' 'w_5_addr' <Predicate = true> <Delay = 0.00>
ST_11 : Operation 255 [2/2] (1.02ns)   --->   "%w_5_load = load i8 %w_5_addr" [/home/simics/HMoE/HLS_HMoE/pseudo_block/run_9/src/pseudo_moe.cpp:35]   --->   Operation 255 'load' 'w_5_load' <Predicate = true> <Delay = 1.02> <CoreInst = "RAM">   --->   Core 83 'RAM' <Latency = 1> <II = 1> <Delay = 1.02> <Storage> <Opcode : 'load' 'store'> <Ports = 2> <Width = 32> <Depth = 256> <RAM>
ST_11 : Operation 256 [1/2] (6.04ns)   --->   "%acc_67 = fadd i32 %acc_66, i32 %add23_2" [/home/simics/HMoE/HLS_HMoE/pseudo_block/run_9/src/pseudo_moe.cpp:43]   --->   Operation 256 'fadd' 'acc_67' <Predicate = (icmp_ln29_1)> <Delay = 6.04> <CoreInst = "FAddSub_fulldsp">   --->   Core 18 'FAddSub_fulldsp' <Latency = 1> <II = 1> <Delay = 6.04> <FuncUnit> <Opcode : 'fadd' 'fsub'> <InPorts = 2> <OutPorts = 1>
ST_11 : Operation 257 [1/1] (0.36ns)   --->   "%store_ln35 = store i32 %add23_3, i32 %empty_68" [/home/simics/HMoE/HLS_HMoE/pseudo_block/run_9/src/pseudo_moe.cpp:35]   --->   Operation 257 'store' 'store_ln35' <Predicate = true> <Delay = 0.36>

State 12 <SV = 11> <Delay = 6.26>
ST_12 : Operation 258 [1/1] (0.00ns)   --->   "%p_load51 = load i32 %empty_69" [/home/simics/HMoE/HLS_HMoE/pseudo_block/run_9/src/pseudo_moe.cpp:19]   --->   Operation 258 'load' 'p_load51' <Predicate = (!icmp_ln29)> <Delay = 0.00>
ST_12 : Operation 259 [1/1] (0.21ns)   --->   "%select_ln19_12 = select i1 %icmp_ln29, i32 0, i32 %p_load51" [/home/simics/HMoE/HLS_HMoE/pseudo_block/run_9/src/pseudo_moe.cpp:19]   --->   Operation 259 'select' 'select_ln19_12' <Predicate = true> <Delay = 0.21> <CoreInst = "Sel">   --->   Core 73 'Sel' <Latency = 0> <II = 1> <Delay = 0.21> <FuncUnit> <Opcode : 'select'> <InPorts = 3> <OutPorts = 1>
ST_12 : Operation 260 [2/2] (6.04ns)   --->   "%add23_4 = fadd i32 %select_ln19_12, i32 %mul20_4" [/home/simics/HMoE/HLS_HMoE/pseudo_block/run_9/src/pseudo_moe.cpp:35]   --->   Operation 260 'fadd' 'add23_4' <Predicate = true> <Delay = 6.04> <CoreInst = "FAddSub_fulldsp">   --->   Core 18 'FAddSub_fulldsp' <Latency = 1> <II = 1> <Delay = 6.04> <FuncUnit> <Opcode : 'fadd' 'fsub'> <InPorts = 2> <OutPorts = 1>
ST_12 : Operation 261 [1/2] (1.02ns)   --->   "%w_5_load = load i8 %w_5_addr" [/home/simics/HMoE/HLS_HMoE/pseudo_block/run_9/src/pseudo_moe.cpp:35]   --->   Operation 261 'load' 'w_5_load' <Predicate = true> <Delay = 1.02> <CoreInst = "RAM">   --->   Core 83 'RAM' <Latency = 1> <II = 1> <Delay = 1.02> <Storage> <Opcode : 'load' 'store'> <Ports = 2> <Width = 32> <Depth = 256> <RAM>
ST_12 : Operation 262 [2/2] (3.88ns)   --->   "%mul20_5 = fmul i32 %x_5_load, i32 %w_5_load" [/home/simics/HMoE/HLS_HMoE/pseudo_block/run_9/src/pseudo_moe.cpp:35]   --->   Operation 262 'fmul' 'mul20_5' <Predicate = true> <Delay = 3.88> <CoreInst = "FMul_maxdsp">   --->   Core 30 'FMul_maxdsp' <Latency = 1> <II = 1> <Delay = 3.88> <FuncUnit> <Opcode : 'fmul'> <InPorts = 2> <OutPorts = 1>
ST_12 : Operation 263 [2/2] (6.04ns)   --->   "%acc_68 = fadd i32 %acc_67, i32 %add23_3" [/home/simics/HMoE/HLS_HMoE/pseudo_block/run_9/src/pseudo_moe.cpp:43]   --->   Operation 263 'fadd' 'acc_68' <Predicate = (icmp_ln29_1)> <Delay = 6.04> <CoreInst = "FAddSub_fulldsp">   --->   Core 18 'FAddSub_fulldsp' <Latency = 1> <II = 1> <Delay = 6.04> <FuncUnit> <Opcode : 'fadd' 'fsub'> <InPorts = 2> <OutPorts = 1>

State 13 <SV = 12> <Delay = 6.40>
ST_13 : Operation 264 [1/2] (6.04ns)   --->   "%add23_4 = fadd i32 %select_ln19_12, i32 %mul20_4" [/home/simics/HMoE/HLS_HMoE/pseudo_block/run_9/src/pseudo_moe.cpp:35]   --->   Operation 264 'fadd' 'add23_4' <Predicate = true> <Delay = 6.04> <CoreInst = "FAddSub_fulldsp">   --->   Core 18 'FAddSub_fulldsp' <Latency = 1> <II = 1> <Delay = 6.04> <FuncUnit> <Opcode : 'fadd' 'fsub'> <InPorts = 2> <OutPorts = 1>
ST_13 : Operation 265 [1/2] (3.88ns)   --->   "%mul20_5 = fmul i32 %x_5_load, i32 %w_5_load" [/home/simics/HMoE/HLS_HMoE/pseudo_block/run_9/src/pseudo_moe.cpp:35]   --->   Operation 265 'fmul' 'mul20_5' <Predicate = true> <Delay = 3.88> <CoreInst = "FMul_maxdsp">   --->   Core 30 'FMul_maxdsp' <Latency = 1> <II = 1> <Delay = 3.88> <FuncUnit> <Opcode : 'fmul'> <InPorts = 2> <OutPorts = 1>
ST_13 : Operation 266 [1/1] (0.00ns)   --->   "%w_6_addr = getelementptr i32 %w_6, i64 0, i64 %zext_ln35" [/home/simics/HMoE/HLS_HMoE/pseudo_block/run_9/src/pseudo_moe.cpp:35]   --->   Operation 266 'getelementptr' 'w_6_addr' <Predicate = true> <Delay = 0.00>
ST_13 : Operation 267 [2/2] (1.02ns)   --->   "%w_6_load = load i8 %w_6_addr" [/home/simics/HMoE/HLS_HMoE/pseudo_block/run_9/src/pseudo_moe.cpp:35]   --->   Operation 267 'load' 'w_6_load' <Predicate = true> <Delay = 1.02> <CoreInst = "RAM">   --->   Core 83 'RAM' <Latency = 1> <II = 1> <Delay = 1.02> <Storage> <Opcode : 'load' 'store'> <Ports = 2> <Width = 32> <Depth = 256> <RAM>
ST_13 : Operation 268 [1/2] (6.04ns)   --->   "%acc_68 = fadd i32 %acc_67, i32 %add23_3" [/home/simics/HMoE/HLS_HMoE/pseudo_block/run_9/src/pseudo_moe.cpp:43]   --->   Operation 268 'fadd' 'acc_68' <Predicate = (icmp_ln29_1)> <Delay = 6.04> <CoreInst = "FAddSub_fulldsp">   --->   Core 18 'FAddSub_fulldsp' <Latency = 1> <II = 1> <Delay = 6.04> <FuncUnit> <Opcode : 'fadd' 'fsub'> <InPorts = 2> <OutPorts = 1>
ST_13 : Operation 269 [1/1] (0.36ns)   --->   "%store_ln35 = store i32 %add23_4, i32 %empty_69" [/home/simics/HMoE/HLS_HMoE/pseudo_block/run_9/src/pseudo_moe.cpp:35]   --->   Operation 269 'store' 'store_ln35' <Predicate = true> <Delay = 0.36>

State 14 <SV = 13> <Delay = 6.26>
ST_14 : Operation 270 [1/1] (0.00ns)   --->   "%p_load50 = load i32 %empty_70" [/home/simics/HMoE/HLS_HMoE/pseudo_block/run_9/src/pseudo_moe.cpp:19]   --->   Operation 270 'load' 'p_load50' <Predicate = (!icmp_ln29)> <Delay = 0.00>
ST_14 : Operation 271 [1/1] (0.21ns)   --->   "%select_ln19_11 = select i1 %icmp_ln29, i32 0, i32 %p_load50" [/home/simics/HMoE/HLS_HMoE/pseudo_block/run_9/src/pseudo_moe.cpp:19]   --->   Operation 271 'select' 'select_ln19_11' <Predicate = true> <Delay = 0.21> <CoreInst = "Sel">   --->   Core 73 'Sel' <Latency = 0> <II = 1> <Delay = 0.21> <FuncUnit> <Opcode : 'select'> <InPorts = 3> <OutPorts = 1>
ST_14 : Operation 272 [2/2] (6.04ns)   --->   "%add23_5 = fadd i32 %select_ln19_11, i32 %mul20_5" [/home/simics/HMoE/HLS_HMoE/pseudo_block/run_9/src/pseudo_moe.cpp:35]   --->   Operation 272 'fadd' 'add23_5' <Predicate = true> <Delay = 6.04> <CoreInst = "FAddSub_fulldsp">   --->   Core 18 'FAddSub_fulldsp' <Latency = 1> <II = 1> <Delay = 6.04> <FuncUnit> <Opcode : 'fadd' 'fsub'> <InPorts = 2> <OutPorts = 1>
ST_14 : Operation 273 [1/2] (1.02ns)   --->   "%w_6_load = load i8 %w_6_addr" [/home/simics/HMoE/HLS_HMoE/pseudo_block/run_9/src/pseudo_moe.cpp:35]   --->   Operation 273 'load' 'w_6_load' <Predicate = true> <Delay = 1.02> <CoreInst = "RAM">   --->   Core 83 'RAM' <Latency = 1> <II = 1> <Delay = 1.02> <Storage> <Opcode : 'load' 'store'> <Ports = 2> <Width = 32> <Depth = 256> <RAM>
ST_14 : Operation 274 [2/2] (3.88ns)   --->   "%mul20_6 = fmul i32 %x_6_load, i32 %w_6_load" [/home/simics/HMoE/HLS_HMoE/pseudo_block/run_9/src/pseudo_moe.cpp:35]   --->   Operation 274 'fmul' 'mul20_6' <Predicate = true> <Delay = 3.88> <CoreInst = "FMul_maxdsp">   --->   Core 30 'FMul_maxdsp' <Latency = 1> <II = 1> <Delay = 3.88> <FuncUnit> <Opcode : 'fmul'> <InPorts = 2> <OutPorts = 1>
ST_14 : Operation 275 [2/2] (6.04ns)   --->   "%acc_69 = fadd i32 %acc_68, i32 %add23_4" [/home/simics/HMoE/HLS_HMoE/pseudo_block/run_9/src/pseudo_moe.cpp:43]   --->   Operation 275 'fadd' 'acc_69' <Predicate = (icmp_ln29_1)> <Delay = 6.04> <CoreInst = "FAddSub_fulldsp">   --->   Core 18 'FAddSub_fulldsp' <Latency = 1> <II = 1> <Delay = 6.04> <FuncUnit> <Opcode : 'fadd' 'fsub'> <InPorts = 2> <OutPorts = 1>

State 15 <SV = 14> <Delay = 6.40>
ST_15 : Operation 276 [1/2] (6.04ns)   --->   "%add23_5 = fadd i32 %select_ln19_11, i32 %mul20_5" [/home/simics/HMoE/HLS_HMoE/pseudo_block/run_9/src/pseudo_moe.cpp:35]   --->   Operation 276 'fadd' 'add23_5' <Predicate = true> <Delay = 6.04> <CoreInst = "FAddSub_fulldsp">   --->   Core 18 'FAddSub_fulldsp' <Latency = 1> <II = 1> <Delay = 6.04> <FuncUnit> <Opcode : 'fadd' 'fsub'> <InPorts = 2> <OutPorts = 1>
ST_15 : Operation 277 [1/2] (3.88ns)   --->   "%mul20_6 = fmul i32 %x_6_load, i32 %w_6_load" [/home/simics/HMoE/HLS_HMoE/pseudo_block/run_9/src/pseudo_moe.cpp:35]   --->   Operation 277 'fmul' 'mul20_6' <Predicate = true> <Delay = 3.88> <CoreInst = "FMul_maxdsp">   --->   Core 30 'FMul_maxdsp' <Latency = 1> <II = 1> <Delay = 3.88> <FuncUnit> <Opcode : 'fmul'> <InPorts = 2> <OutPorts = 1>
ST_15 : Operation 278 [1/1] (0.00ns)   --->   "%w_7_addr = getelementptr i32 %w_7, i64 0, i64 %zext_ln35" [/home/simics/HMoE/HLS_HMoE/pseudo_block/run_9/src/pseudo_moe.cpp:35]   --->   Operation 278 'getelementptr' 'w_7_addr' <Predicate = true> <Delay = 0.00>
ST_15 : Operation 279 [2/2] (1.02ns)   --->   "%w_7_load = load i8 %w_7_addr" [/home/simics/HMoE/HLS_HMoE/pseudo_block/run_9/src/pseudo_moe.cpp:35]   --->   Operation 279 'load' 'w_7_load' <Predicate = true> <Delay = 1.02> <CoreInst = "RAM">   --->   Core 83 'RAM' <Latency = 1> <II = 1> <Delay = 1.02> <Storage> <Opcode : 'load' 'store'> <Ports = 2> <Width = 32> <Depth = 256> <RAM>
ST_15 : Operation 280 [1/2] (6.04ns)   --->   "%acc_69 = fadd i32 %acc_68, i32 %add23_4" [/home/simics/HMoE/HLS_HMoE/pseudo_block/run_9/src/pseudo_moe.cpp:43]   --->   Operation 280 'fadd' 'acc_69' <Predicate = (icmp_ln29_1)> <Delay = 6.04> <CoreInst = "FAddSub_fulldsp">   --->   Core 18 'FAddSub_fulldsp' <Latency = 1> <II = 1> <Delay = 6.04> <FuncUnit> <Opcode : 'fadd' 'fsub'> <InPorts = 2> <OutPorts = 1>
ST_15 : Operation 281 [1/1] (0.36ns)   --->   "%store_ln35 = store i32 %add23_5, i32 %empty_70" [/home/simics/HMoE/HLS_HMoE/pseudo_block/run_9/src/pseudo_moe.cpp:35]   --->   Operation 281 'store' 'store_ln35' <Predicate = true> <Delay = 0.36>

State 16 <SV = 15> <Delay = 6.26>
ST_16 : Operation 282 [1/1] (0.00ns)   --->   "%p_load49 = load i32 %empty_71" [/home/simics/HMoE/HLS_HMoE/pseudo_block/run_9/src/pseudo_moe.cpp:19]   --->   Operation 282 'load' 'p_load49' <Predicate = (!icmp_ln29)> <Delay = 0.00>
ST_16 : Operation 283 [1/1] (0.21ns)   --->   "%select_ln19_10 = select i1 %icmp_ln29, i32 0, i32 %p_load49" [/home/simics/HMoE/HLS_HMoE/pseudo_block/run_9/src/pseudo_moe.cpp:19]   --->   Operation 283 'select' 'select_ln19_10' <Predicate = true> <Delay = 0.21> <CoreInst = "Sel">   --->   Core 73 'Sel' <Latency = 0> <II = 1> <Delay = 0.21> <FuncUnit> <Opcode : 'select'> <InPorts = 3> <OutPorts = 1>
ST_16 : Operation 284 [2/2] (6.04ns)   --->   "%add23_6 = fadd i32 %select_ln19_10, i32 %mul20_6" [/home/simics/HMoE/HLS_HMoE/pseudo_block/run_9/src/pseudo_moe.cpp:35]   --->   Operation 284 'fadd' 'add23_6' <Predicate = true> <Delay = 6.04> <CoreInst = "FAddSub_fulldsp">   --->   Core 18 'FAddSub_fulldsp' <Latency = 1> <II = 1> <Delay = 6.04> <FuncUnit> <Opcode : 'fadd' 'fsub'> <InPorts = 2> <OutPorts = 1>
ST_16 : Operation 285 [1/2] (1.02ns)   --->   "%w_7_load = load i8 %w_7_addr" [/home/simics/HMoE/HLS_HMoE/pseudo_block/run_9/src/pseudo_moe.cpp:35]   --->   Operation 285 'load' 'w_7_load' <Predicate = true> <Delay = 1.02> <CoreInst = "RAM">   --->   Core 83 'RAM' <Latency = 1> <II = 1> <Delay = 1.02> <Storage> <Opcode : 'load' 'store'> <Ports = 2> <Width = 32> <Depth = 256> <RAM>
ST_16 : Operation 286 [2/2] (3.88ns)   --->   "%mul20_7 = fmul i32 %x_7_load, i32 %w_7_load" [/home/simics/HMoE/HLS_HMoE/pseudo_block/run_9/src/pseudo_moe.cpp:35]   --->   Operation 286 'fmul' 'mul20_7' <Predicate = true> <Delay = 3.88> <CoreInst = "FMul_maxdsp">   --->   Core 30 'FMul_maxdsp' <Latency = 1> <II = 1> <Delay = 3.88> <FuncUnit> <Opcode : 'fmul'> <InPorts = 2> <OutPorts = 1>
ST_16 : Operation 287 [2/2] (6.04ns)   --->   "%acc_70 = fadd i32 %acc_69, i32 %add23_5" [/home/simics/HMoE/HLS_HMoE/pseudo_block/run_9/src/pseudo_moe.cpp:43]   --->   Operation 287 'fadd' 'acc_70' <Predicate = (icmp_ln29_1)> <Delay = 6.04> <CoreInst = "FAddSub_fulldsp">   --->   Core 18 'FAddSub_fulldsp' <Latency = 1> <II = 1> <Delay = 6.04> <FuncUnit> <Opcode : 'fadd' 'fsub'> <InPorts = 2> <OutPorts = 1>

State 17 <SV = 16> <Delay = 6.40>
ST_17 : Operation 288 [1/2] (6.04ns)   --->   "%add23_6 = fadd i32 %select_ln19_10, i32 %mul20_6" [/home/simics/HMoE/HLS_HMoE/pseudo_block/run_9/src/pseudo_moe.cpp:35]   --->   Operation 288 'fadd' 'add23_6' <Predicate = true> <Delay = 6.04> <CoreInst = "FAddSub_fulldsp">   --->   Core 18 'FAddSub_fulldsp' <Latency = 1> <II = 1> <Delay = 6.04> <FuncUnit> <Opcode : 'fadd' 'fsub'> <InPorts = 2> <OutPorts = 1>
ST_17 : Operation 289 [1/2] (3.88ns)   --->   "%mul20_7 = fmul i32 %x_7_load, i32 %w_7_load" [/home/simics/HMoE/HLS_HMoE/pseudo_block/run_9/src/pseudo_moe.cpp:35]   --->   Operation 289 'fmul' 'mul20_7' <Predicate = true> <Delay = 3.88> <CoreInst = "FMul_maxdsp">   --->   Core 30 'FMul_maxdsp' <Latency = 1> <II = 1> <Delay = 3.88> <FuncUnit> <Opcode : 'fmul'> <InPorts = 2> <OutPorts = 1>
ST_17 : Operation 290 [1/1] (0.00ns)   --->   "%w_8_addr = getelementptr i32 %w_8, i64 0, i64 %zext_ln35" [/home/simics/HMoE/HLS_HMoE/pseudo_block/run_9/src/pseudo_moe.cpp:35]   --->   Operation 290 'getelementptr' 'w_8_addr' <Predicate = true> <Delay = 0.00>
ST_17 : Operation 291 [2/2] (1.02ns)   --->   "%w_8_load = load i8 %w_8_addr" [/home/simics/HMoE/HLS_HMoE/pseudo_block/run_9/src/pseudo_moe.cpp:35]   --->   Operation 291 'load' 'w_8_load' <Predicate = true> <Delay = 1.02> <CoreInst = "RAM">   --->   Core 83 'RAM' <Latency = 1> <II = 1> <Delay = 1.02> <Storage> <Opcode : 'load' 'store'> <Ports = 2> <Width = 32> <Depth = 256> <RAM>
ST_17 : Operation 292 [1/2] (6.04ns)   --->   "%acc_70 = fadd i32 %acc_69, i32 %add23_5" [/home/simics/HMoE/HLS_HMoE/pseudo_block/run_9/src/pseudo_moe.cpp:43]   --->   Operation 292 'fadd' 'acc_70' <Predicate = (icmp_ln29_1)> <Delay = 6.04> <CoreInst = "FAddSub_fulldsp">   --->   Core 18 'FAddSub_fulldsp' <Latency = 1> <II = 1> <Delay = 6.04> <FuncUnit> <Opcode : 'fadd' 'fsub'> <InPorts = 2> <OutPorts = 1>
ST_17 : Operation 293 [1/1] (0.36ns)   --->   "%store_ln35 = store i32 %add23_6, i32 %empty_71" [/home/simics/HMoE/HLS_HMoE/pseudo_block/run_9/src/pseudo_moe.cpp:35]   --->   Operation 293 'store' 'store_ln35' <Predicate = true> <Delay = 0.36>

State 18 <SV = 17> <Delay = 6.26>
ST_18 : Operation 294 [1/1] (0.00ns)   --->   "%p_load48 = load i32 %empty_72" [/home/simics/HMoE/HLS_HMoE/pseudo_block/run_9/src/pseudo_moe.cpp:19]   --->   Operation 294 'load' 'p_load48' <Predicate = (!icmp_ln29)> <Delay = 0.00>
ST_18 : Operation 295 [1/1] (0.21ns)   --->   "%select_ln19_9 = select i1 %icmp_ln29, i32 0, i32 %p_load48" [/home/simics/HMoE/HLS_HMoE/pseudo_block/run_9/src/pseudo_moe.cpp:19]   --->   Operation 295 'select' 'select_ln19_9' <Predicate = true> <Delay = 0.21> <CoreInst = "Sel">   --->   Core 73 'Sel' <Latency = 0> <II = 1> <Delay = 0.21> <FuncUnit> <Opcode : 'select'> <InPorts = 3> <OutPorts = 1>
ST_18 : Operation 296 [2/2] (6.04ns)   --->   "%add23_7 = fadd i32 %select_ln19_9, i32 %mul20_7" [/home/simics/HMoE/HLS_HMoE/pseudo_block/run_9/src/pseudo_moe.cpp:35]   --->   Operation 296 'fadd' 'add23_7' <Predicate = true> <Delay = 6.04> <CoreInst = "FAddSub_fulldsp">   --->   Core 18 'FAddSub_fulldsp' <Latency = 1> <II = 1> <Delay = 6.04> <FuncUnit> <Opcode : 'fadd' 'fsub'> <InPorts = 2> <OutPorts = 1>
ST_18 : Operation 297 [1/2] (1.02ns)   --->   "%w_8_load = load i8 %w_8_addr" [/home/simics/HMoE/HLS_HMoE/pseudo_block/run_9/src/pseudo_moe.cpp:35]   --->   Operation 297 'load' 'w_8_load' <Predicate = true> <Delay = 1.02> <CoreInst = "RAM">   --->   Core 83 'RAM' <Latency = 1> <II = 1> <Delay = 1.02> <Storage> <Opcode : 'load' 'store'> <Ports = 2> <Width = 32> <Depth = 256> <RAM>
ST_18 : Operation 298 [2/2] (3.88ns)   --->   "%mul20_8 = fmul i32 %x_8_load, i32 %w_8_load" [/home/simics/HMoE/HLS_HMoE/pseudo_block/run_9/src/pseudo_moe.cpp:35]   --->   Operation 298 'fmul' 'mul20_8' <Predicate = true> <Delay = 3.88> <CoreInst = "FMul_maxdsp">   --->   Core 30 'FMul_maxdsp' <Latency = 1> <II = 1> <Delay = 3.88> <FuncUnit> <Opcode : 'fmul'> <InPorts = 2> <OutPorts = 1>
ST_18 : Operation 299 [2/2] (6.04ns)   --->   "%acc_71 = fadd i32 %acc_70, i32 %add23_6" [/home/simics/HMoE/HLS_HMoE/pseudo_block/run_9/src/pseudo_moe.cpp:43]   --->   Operation 299 'fadd' 'acc_71' <Predicate = (icmp_ln29_1)> <Delay = 6.04> <CoreInst = "FAddSub_fulldsp">   --->   Core 18 'FAddSub_fulldsp' <Latency = 1> <II = 1> <Delay = 6.04> <FuncUnit> <Opcode : 'fadd' 'fsub'> <InPorts = 2> <OutPorts = 1>

State 19 <SV = 18> <Delay = 6.40>
ST_19 : Operation 300 [1/2] (6.04ns)   --->   "%add23_7 = fadd i32 %select_ln19_9, i32 %mul20_7" [/home/simics/HMoE/HLS_HMoE/pseudo_block/run_9/src/pseudo_moe.cpp:35]   --->   Operation 300 'fadd' 'add23_7' <Predicate = true> <Delay = 6.04> <CoreInst = "FAddSub_fulldsp">   --->   Core 18 'FAddSub_fulldsp' <Latency = 1> <II = 1> <Delay = 6.04> <FuncUnit> <Opcode : 'fadd' 'fsub'> <InPorts = 2> <OutPorts = 1>
ST_19 : Operation 301 [1/2] (3.88ns)   --->   "%mul20_8 = fmul i32 %x_8_load, i32 %w_8_load" [/home/simics/HMoE/HLS_HMoE/pseudo_block/run_9/src/pseudo_moe.cpp:35]   --->   Operation 301 'fmul' 'mul20_8' <Predicate = true> <Delay = 3.88> <CoreInst = "FMul_maxdsp">   --->   Core 30 'FMul_maxdsp' <Latency = 1> <II = 1> <Delay = 3.88> <FuncUnit> <Opcode : 'fmul'> <InPorts = 2> <OutPorts = 1>
ST_19 : Operation 302 [1/1] (0.00ns)   --->   "%w_9_addr = getelementptr i32 %w_9, i64 0, i64 %zext_ln35" [/home/simics/HMoE/HLS_HMoE/pseudo_block/run_9/src/pseudo_moe.cpp:35]   --->   Operation 302 'getelementptr' 'w_9_addr' <Predicate = true> <Delay = 0.00>
ST_19 : Operation 303 [2/2] (1.02ns)   --->   "%w_9_load = load i8 %w_9_addr" [/home/simics/HMoE/HLS_HMoE/pseudo_block/run_9/src/pseudo_moe.cpp:35]   --->   Operation 303 'load' 'w_9_load' <Predicate = true> <Delay = 1.02> <CoreInst = "RAM">   --->   Core 83 'RAM' <Latency = 1> <II = 1> <Delay = 1.02> <Storage> <Opcode : 'load' 'store'> <Ports = 2> <Width = 32> <Depth = 256> <RAM>
ST_19 : Operation 304 [1/2] (6.04ns)   --->   "%acc_71 = fadd i32 %acc_70, i32 %add23_6" [/home/simics/HMoE/HLS_HMoE/pseudo_block/run_9/src/pseudo_moe.cpp:43]   --->   Operation 304 'fadd' 'acc_71' <Predicate = (icmp_ln29_1)> <Delay = 6.04> <CoreInst = "FAddSub_fulldsp">   --->   Core 18 'FAddSub_fulldsp' <Latency = 1> <II = 1> <Delay = 6.04> <FuncUnit> <Opcode : 'fadd' 'fsub'> <InPorts = 2> <OutPorts = 1>
ST_19 : Operation 305 [1/1] (0.36ns)   --->   "%store_ln35 = store i32 %add23_7, i32 %empty_72" [/home/simics/HMoE/HLS_HMoE/pseudo_block/run_9/src/pseudo_moe.cpp:35]   --->   Operation 305 'store' 'store_ln35' <Predicate = true> <Delay = 0.36>

State 20 <SV = 19> <Delay = 6.26>
ST_20 : Operation 306 [1/1] (0.00ns)   --->   "%p_load47 = load i32 %empty_73" [/home/simics/HMoE/HLS_HMoE/pseudo_block/run_9/src/pseudo_moe.cpp:19]   --->   Operation 306 'load' 'p_load47' <Predicate = (!icmp_ln29)> <Delay = 0.00>
ST_20 : Operation 307 [1/1] (0.21ns)   --->   "%select_ln19_8 = select i1 %icmp_ln29, i32 0, i32 %p_load47" [/home/simics/HMoE/HLS_HMoE/pseudo_block/run_9/src/pseudo_moe.cpp:19]   --->   Operation 307 'select' 'select_ln19_8' <Predicate = true> <Delay = 0.21> <CoreInst = "Sel">   --->   Core 73 'Sel' <Latency = 0> <II = 1> <Delay = 0.21> <FuncUnit> <Opcode : 'select'> <InPorts = 3> <OutPorts = 1>
ST_20 : Operation 308 [2/2] (6.04ns)   --->   "%add23_8 = fadd i32 %select_ln19_8, i32 %mul20_8" [/home/simics/HMoE/HLS_HMoE/pseudo_block/run_9/src/pseudo_moe.cpp:35]   --->   Operation 308 'fadd' 'add23_8' <Predicate = true> <Delay = 6.04> <CoreInst = "FAddSub_fulldsp">   --->   Core 18 'FAddSub_fulldsp' <Latency = 1> <II = 1> <Delay = 6.04> <FuncUnit> <Opcode : 'fadd' 'fsub'> <InPorts = 2> <OutPorts = 1>
ST_20 : Operation 309 [1/2] (1.02ns)   --->   "%w_9_load = load i8 %w_9_addr" [/home/simics/HMoE/HLS_HMoE/pseudo_block/run_9/src/pseudo_moe.cpp:35]   --->   Operation 309 'load' 'w_9_load' <Predicate = true> <Delay = 1.02> <CoreInst = "RAM">   --->   Core 83 'RAM' <Latency = 1> <II = 1> <Delay = 1.02> <Storage> <Opcode : 'load' 'store'> <Ports = 2> <Width = 32> <Depth = 256> <RAM>
ST_20 : Operation 310 [2/2] (3.88ns)   --->   "%mul20_9 = fmul i32 %x_9_load, i32 %w_9_load" [/home/simics/HMoE/HLS_HMoE/pseudo_block/run_9/src/pseudo_moe.cpp:35]   --->   Operation 310 'fmul' 'mul20_9' <Predicate = true> <Delay = 3.88> <CoreInst = "FMul_maxdsp">   --->   Core 30 'FMul_maxdsp' <Latency = 1> <II = 1> <Delay = 3.88> <FuncUnit> <Opcode : 'fmul'> <InPorts = 2> <OutPorts = 1>
ST_20 : Operation 311 [2/2] (6.04ns)   --->   "%acc_72 = fadd i32 %acc_71, i32 %add23_7" [/home/simics/HMoE/HLS_HMoE/pseudo_block/run_9/src/pseudo_moe.cpp:43]   --->   Operation 311 'fadd' 'acc_72' <Predicate = (icmp_ln29_1)> <Delay = 6.04> <CoreInst = "FAddSub_fulldsp">   --->   Core 18 'FAddSub_fulldsp' <Latency = 1> <II = 1> <Delay = 6.04> <FuncUnit> <Opcode : 'fadd' 'fsub'> <InPorts = 2> <OutPorts = 1>

State 21 <SV = 20> <Delay = 6.40>
ST_21 : Operation 312 [1/2] (6.04ns)   --->   "%add23_8 = fadd i32 %select_ln19_8, i32 %mul20_8" [/home/simics/HMoE/HLS_HMoE/pseudo_block/run_9/src/pseudo_moe.cpp:35]   --->   Operation 312 'fadd' 'add23_8' <Predicate = true> <Delay = 6.04> <CoreInst = "FAddSub_fulldsp">   --->   Core 18 'FAddSub_fulldsp' <Latency = 1> <II = 1> <Delay = 6.04> <FuncUnit> <Opcode : 'fadd' 'fsub'> <InPorts = 2> <OutPorts = 1>
ST_21 : Operation 313 [1/2] (3.88ns)   --->   "%mul20_9 = fmul i32 %x_9_load, i32 %w_9_load" [/home/simics/HMoE/HLS_HMoE/pseudo_block/run_9/src/pseudo_moe.cpp:35]   --->   Operation 313 'fmul' 'mul20_9' <Predicate = true> <Delay = 3.88> <CoreInst = "FMul_maxdsp">   --->   Core 30 'FMul_maxdsp' <Latency = 1> <II = 1> <Delay = 3.88> <FuncUnit> <Opcode : 'fmul'> <InPorts = 2> <OutPorts = 1>
ST_21 : Operation 314 [1/1] (0.00ns)   --->   "%w_10_addr = getelementptr i32 %w_10, i64 0, i64 %zext_ln35" [/home/simics/HMoE/HLS_HMoE/pseudo_block/run_9/src/pseudo_moe.cpp:35]   --->   Operation 314 'getelementptr' 'w_10_addr' <Predicate = true> <Delay = 0.00>
ST_21 : Operation 315 [2/2] (1.02ns)   --->   "%w_10_load = load i8 %w_10_addr" [/home/simics/HMoE/HLS_HMoE/pseudo_block/run_9/src/pseudo_moe.cpp:35]   --->   Operation 315 'load' 'w_10_load' <Predicate = true> <Delay = 1.02> <CoreInst = "RAM">   --->   Core 83 'RAM' <Latency = 1> <II = 1> <Delay = 1.02> <Storage> <Opcode : 'load' 'store'> <Ports = 2> <Width = 32> <Depth = 256> <RAM>
ST_21 : Operation 316 [1/2] (6.04ns)   --->   "%acc_72 = fadd i32 %acc_71, i32 %add23_7" [/home/simics/HMoE/HLS_HMoE/pseudo_block/run_9/src/pseudo_moe.cpp:43]   --->   Operation 316 'fadd' 'acc_72' <Predicate = (icmp_ln29_1)> <Delay = 6.04> <CoreInst = "FAddSub_fulldsp">   --->   Core 18 'FAddSub_fulldsp' <Latency = 1> <II = 1> <Delay = 6.04> <FuncUnit> <Opcode : 'fadd' 'fsub'> <InPorts = 2> <OutPorts = 1>
ST_21 : Operation 317 [1/1] (0.36ns)   --->   "%store_ln35 = store i32 %add23_8, i32 %empty_73" [/home/simics/HMoE/HLS_HMoE/pseudo_block/run_9/src/pseudo_moe.cpp:35]   --->   Operation 317 'store' 'store_ln35' <Predicate = true> <Delay = 0.36>

State 22 <SV = 21> <Delay = 6.26>
ST_22 : Operation 318 [1/1] (0.00ns)   --->   "%p_load46 = load i32 %empty_74" [/home/simics/HMoE/HLS_HMoE/pseudo_block/run_9/src/pseudo_moe.cpp:19]   --->   Operation 318 'load' 'p_load46' <Predicate = (!icmp_ln29)> <Delay = 0.00>
ST_22 : Operation 319 [1/1] (0.21ns)   --->   "%select_ln19_7 = select i1 %icmp_ln29, i32 0, i32 %p_load46" [/home/simics/HMoE/HLS_HMoE/pseudo_block/run_9/src/pseudo_moe.cpp:19]   --->   Operation 319 'select' 'select_ln19_7' <Predicate = true> <Delay = 0.21> <CoreInst = "Sel">   --->   Core 73 'Sel' <Latency = 0> <II = 1> <Delay = 0.21> <FuncUnit> <Opcode : 'select'> <InPorts = 3> <OutPorts = 1>
ST_22 : Operation 320 [2/2] (6.04ns)   --->   "%add23_9 = fadd i32 %select_ln19_7, i32 %mul20_9" [/home/simics/HMoE/HLS_HMoE/pseudo_block/run_9/src/pseudo_moe.cpp:35]   --->   Operation 320 'fadd' 'add23_9' <Predicate = true> <Delay = 6.04> <CoreInst = "FAddSub_fulldsp">   --->   Core 18 'FAddSub_fulldsp' <Latency = 1> <II = 1> <Delay = 6.04> <FuncUnit> <Opcode : 'fadd' 'fsub'> <InPorts = 2> <OutPorts = 1>
ST_22 : Operation 321 [1/2] (1.02ns)   --->   "%w_10_load = load i8 %w_10_addr" [/home/simics/HMoE/HLS_HMoE/pseudo_block/run_9/src/pseudo_moe.cpp:35]   --->   Operation 321 'load' 'w_10_load' <Predicate = true> <Delay = 1.02> <CoreInst = "RAM">   --->   Core 83 'RAM' <Latency = 1> <II = 1> <Delay = 1.02> <Storage> <Opcode : 'load' 'store'> <Ports = 2> <Width = 32> <Depth = 256> <RAM>
ST_22 : Operation 322 [2/2] (3.88ns)   --->   "%mul20_s = fmul i32 %x_10_load, i32 %w_10_load" [/home/simics/HMoE/HLS_HMoE/pseudo_block/run_9/src/pseudo_moe.cpp:35]   --->   Operation 322 'fmul' 'mul20_s' <Predicate = true> <Delay = 3.88> <CoreInst = "FMul_maxdsp">   --->   Core 30 'FMul_maxdsp' <Latency = 1> <II = 1> <Delay = 3.88> <FuncUnit> <Opcode : 'fmul'> <InPorts = 2> <OutPorts = 1>
ST_22 : Operation 323 [2/2] (6.04ns)   --->   "%acc_73 = fadd i32 %acc_72, i32 %add23_8" [/home/simics/HMoE/HLS_HMoE/pseudo_block/run_9/src/pseudo_moe.cpp:43]   --->   Operation 323 'fadd' 'acc_73' <Predicate = (icmp_ln29_1)> <Delay = 6.04> <CoreInst = "FAddSub_fulldsp">   --->   Core 18 'FAddSub_fulldsp' <Latency = 1> <II = 1> <Delay = 6.04> <FuncUnit> <Opcode : 'fadd' 'fsub'> <InPorts = 2> <OutPorts = 1>

State 23 <SV = 22> <Delay = 6.40>
ST_23 : Operation 324 [1/2] (6.04ns)   --->   "%add23_9 = fadd i32 %select_ln19_7, i32 %mul20_9" [/home/simics/HMoE/HLS_HMoE/pseudo_block/run_9/src/pseudo_moe.cpp:35]   --->   Operation 324 'fadd' 'add23_9' <Predicate = true> <Delay = 6.04> <CoreInst = "FAddSub_fulldsp">   --->   Core 18 'FAddSub_fulldsp' <Latency = 1> <II = 1> <Delay = 6.04> <FuncUnit> <Opcode : 'fadd' 'fsub'> <InPorts = 2> <OutPorts = 1>
ST_23 : Operation 325 [1/2] (3.88ns)   --->   "%mul20_s = fmul i32 %x_10_load, i32 %w_10_load" [/home/simics/HMoE/HLS_HMoE/pseudo_block/run_9/src/pseudo_moe.cpp:35]   --->   Operation 325 'fmul' 'mul20_s' <Predicate = true> <Delay = 3.88> <CoreInst = "FMul_maxdsp">   --->   Core 30 'FMul_maxdsp' <Latency = 1> <II = 1> <Delay = 3.88> <FuncUnit> <Opcode : 'fmul'> <InPorts = 2> <OutPorts = 1>
ST_23 : Operation 326 [1/1] (0.00ns)   --->   "%w_11_addr = getelementptr i32 %w_11, i64 0, i64 %zext_ln35" [/home/simics/HMoE/HLS_HMoE/pseudo_block/run_9/src/pseudo_moe.cpp:35]   --->   Operation 326 'getelementptr' 'w_11_addr' <Predicate = true> <Delay = 0.00>
ST_23 : Operation 327 [2/2] (1.02ns)   --->   "%w_11_load = load i8 %w_11_addr" [/home/simics/HMoE/HLS_HMoE/pseudo_block/run_9/src/pseudo_moe.cpp:35]   --->   Operation 327 'load' 'w_11_load' <Predicate = true> <Delay = 1.02> <CoreInst = "RAM">   --->   Core 83 'RAM' <Latency = 1> <II = 1> <Delay = 1.02> <Storage> <Opcode : 'load' 'store'> <Ports = 2> <Width = 32> <Depth = 256> <RAM>
ST_23 : Operation 328 [1/2] (6.04ns)   --->   "%acc_73 = fadd i32 %acc_72, i32 %add23_8" [/home/simics/HMoE/HLS_HMoE/pseudo_block/run_9/src/pseudo_moe.cpp:43]   --->   Operation 328 'fadd' 'acc_73' <Predicate = (icmp_ln29_1)> <Delay = 6.04> <CoreInst = "FAddSub_fulldsp">   --->   Core 18 'FAddSub_fulldsp' <Latency = 1> <II = 1> <Delay = 6.04> <FuncUnit> <Opcode : 'fadd' 'fsub'> <InPorts = 2> <OutPorts = 1>
ST_23 : Operation 329 [1/1] (0.36ns)   --->   "%store_ln35 = store i32 %add23_9, i32 %empty_74" [/home/simics/HMoE/HLS_HMoE/pseudo_block/run_9/src/pseudo_moe.cpp:35]   --->   Operation 329 'store' 'store_ln35' <Predicate = true> <Delay = 0.36>

State 24 <SV = 23> <Delay = 6.26>
ST_24 : Operation 330 [1/1] (0.00ns)   --->   "%p_load45 = load i32 %empty_75" [/home/simics/HMoE/HLS_HMoE/pseudo_block/run_9/src/pseudo_moe.cpp:19]   --->   Operation 330 'load' 'p_load45' <Predicate = (!icmp_ln29)> <Delay = 0.00>
ST_24 : Operation 331 [1/1] (0.21ns)   --->   "%select_ln19_6 = select i1 %icmp_ln29, i32 0, i32 %p_load45" [/home/simics/HMoE/HLS_HMoE/pseudo_block/run_9/src/pseudo_moe.cpp:19]   --->   Operation 331 'select' 'select_ln19_6' <Predicate = true> <Delay = 0.21> <CoreInst = "Sel">   --->   Core 73 'Sel' <Latency = 0> <II = 1> <Delay = 0.21> <FuncUnit> <Opcode : 'select'> <InPorts = 3> <OutPorts = 1>
ST_24 : Operation 332 [2/2] (6.04ns)   --->   "%add23_s = fadd i32 %select_ln19_6, i32 %mul20_s" [/home/simics/HMoE/HLS_HMoE/pseudo_block/run_9/src/pseudo_moe.cpp:35]   --->   Operation 332 'fadd' 'add23_s' <Predicate = true> <Delay = 6.04> <CoreInst = "FAddSub_fulldsp">   --->   Core 18 'FAddSub_fulldsp' <Latency = 1> <II = 1> <Delay = 6.04> <FuncUnit> <Opcode : 'fadd' 'fsub'> <InPorts = 2> <OutPorts = 1>
ST_24 : Operation 333 [1/2] (1.02ns)   --->   "%w_11_load = load i8 %w_11_addr" [/home/simics/HMoE/HLS_HMoE/pseudo_block/run_9/src/pseudo_moe.cpp:35]   --->   Operation 333 'load' 'w_11_load' <Predicate = true> <Delay = 1.02> <CoreInst = "RAM">   --->   Core 83 'RAM' <Latency = 1> <II = 1> <Delay = 1.02> <Storage> <Opcode : 'load' 'store'> <Ports = 2> <Width = 32> <Depth = 256> <RAM>
ST_24 : Operation 334 [2/2] (3.88ns)   --->   "%mul20_10 = fmul i32 %x_11_load, i32 %w_11_load" [/home/simics/HMoE/HLS_HMoE/pseudo_block/run_9/src/pseudo_moe.cpp:35]   --->   Operation 334 'fmul' 'mul20_10' <Predicate = true> <Delay = 3.88> <CoreInst = "FMul_maxdsp">   --->   Core 30 'FMul_maxdsp' <Latency = 1> <II = 1> <Delay = 3.88> <FuncUnit> <Opcode : 'fmul'> <InPorts = 2> <OutPorts = 1>
ST_24 : Operation 335 [2/2] (6.04ns)   --->   "%acc_74 = fadd i32 %acc_73, i32 %add23_9" [/home/simics/HMoE/HLS_HMoE/pseudo_block/run_9/src/pseudo_moe.cpp:43]   --->   Operation 335 'fadd' 'acc_74' <Predicate = (icmp_ln29_1)> <Delay = 6.04> <CoreInst = "FAddSub_fulldsp">   --->   Core 18 'FAddSub_fulldsp' <Latency = 1> <II = 1> <Delay = 6.04> <FuncUnit> <Opcode : 'fadd' 'fsub'> <InPorts = 2> <OutPorts = 1>

State 25 <SV = 24> <Delay = 6.40>
ST_25 : Operation 336 [1/2] (6.04ns)   --->   "%add23_s = fadd i32 %select_ln19_6, i32 %mul20_s" [/home/simics/HMoE/HLS_HMoE/pseudo_block/run_9/src/pseudo_moe.cpp:35]   --->   Operation 336 'fadd' 'add23_s' <Predicate = true> <Delay = 6.04> <CoreInst = "FAddSub_fulldsp">   --->   Core 18 'FAddSub_fulldsp' <Latency = 1> <II = 1> <Delay = 6.04> <FuncUnit> <Opcode : 'fadd' 'fsub'> <InPorts = 2> <OutPorts = 1>
ST_25 : Operation 337 [1/2] (3.88ns)   --->   "%mul20_10 = fmul i32 %x_11_load, i32 %w_11_load" [/home/simics/HMoE/HLS_HMoE/pseudo_block/run_9/src/pseudo_moe.cpp:35]   --->   Operation 337 'fmul' 'mul20_10' <Predicate = true> <Delay = 3.88> <CoreInst = "FMul_maxdsp">   --->   Core 30 'FMul_maxdsp' <Latency = 1> <II = 1> <Delay = 3.88> <FuncUnit> <Opcode : 'fmul'> <InPorts = 2> <OutPorts = 1>
ST_25 : Operation 338 [1/1] (0.00ns)   --->   "%w_12_addr = getelementptr i32 %w_12, i64 0, i64 %zext_ln35" [/home/simics/HMoE/HLS_HMoE/pseudo_block/run_9/src/pseudo_moe.cpp:35]   --->   Operation 338 'getelementptr' 'w_12_addr' <Predicate = true> <Delay = 0.00>
ST_25 : Operation 339 [2/2] (1.02ns)   --->   "%w_12_load = load i8 %w_12_addr" [/home/simics/HMoE/HLS_HMoE/pseudo_block/run_9/src/pseudo_moe.cpp:35]   --->   Operation 339 'load' 'w_12_load' <Predicate = true> <Delay = 1.02> <CoreInst = "RAM">   --->   Core 83 'RAM' <Latency = 1> <II = 1> <Delay = 1.02> <Storage> <Opcode : 'load' 'store'> <Ports = 2> <Width = 32> <Depth = 256> <RAM>
ST_25 : Operation 340 [1/2] (6.04ns)   --->   "%acc_74 = fadd i32 %acc_73, i32 %add23_9" [/home/simics/HMoE/HLS_HMoE/pseudo_block/run_9/src/pseudo_moe.cpp:43]   --->   Operation 340 'fadd' 'acc_74' <Predicate = (icmp_ln29_1)> <Delay = 6.04> <CoreInst = "FAddSub_fulldsp">   --->   Core 18 'FAddSub_fulldsp' <Latency = 1> <II = 1> <Delay = 6.04> <FuncUnit> <Opcode : 'fadd' 'fsub'> <InPorts = 2> <OutPorts = 1>
ST_25 : Operation 341 [1/1] (0.36ns)   --->   "%store_ln35 = store i32 %add23_s, i32 %empty_75" [/home/simics/HMoE/HLS_HMoE/pseudo_block/run_9/src/pseudo_moe.cpp:35]   --->   Operation 341 'store' 'store_ln35' <Predicate = true> <Delay = 0.36>

State 26 <SV = 25> <Delay = 6.26>
ST_26 : Operation 342 [1/1] (0.00ns)   --->   "%p_load44 = load i32 %empty_76" [/home/simics/HMoE/HLS_HMoE/pseudo_block/run_9/src/pseudo_moe.cpp:19]   --->   Operation 342 'load' 'p_load44' <Predicate = (!icmp_ln29)> <Delay = 0.00>
ST_26 : Operation 343 [1/1] (0.21ns)   --->   "%select_ln19_5 = select i1 %icmp_ln29, i32 0, i32 %p_load44" [/home/simics/HMoE/HLS_HMoE/pseudo_block/run_9/src/pseudo_moe.cpp:19]   --->   Operation 343 'select' 'select_ln19_5' <Predicate = true> <Delay = 0.21> <CoreInst = "Sel">   --->   Core 73 'Sel' <Latency = 0> <II = 1> <Delay = 0.21> <FuncUnit> <Opcode : 'select'> <InPorts = 3> <OutPorts = 1>
ST_26 : Operation 344 [2/2] (6.04ns)   --->   "%add23_10 = fadd i32 %select_ln19_5, i32 %mul20_10" [/home/simics/HMoE/HLS_HMoE/pseudo_block/run_9/src/pseudo_moe.cpp:35]   --->   Operation 344 'fadd' 'add23_10' <Predicate = true> <Delay = 6.04> <CoreInst = "FAddSub_fulldsp">   --->   Core 18 'FAddSub_fulldsp' <Latency = 1> <II = 1> <Delay = 6.04> <FuncUnit> <Opcode : 'fadd' 'fsub'> <InPorts = 2> <OutPorts = 1>
ST_26 : Operation 345 [1/2] (1.02ns)   --->   "%w_12_load = load i8 %w_12_addr" [/home/simics/HMoE/HLS_HMoE/pseudo_block/run_9/src/pseudo_moe.cpp:35]   --->   Operation 345 'load' 'w_12_load' <Predicate = true> <Delay = 1.02> <CoreInst = "RAM">   --->   Core 83 'RAM' <Latency = 1> <II = 1> <Delay = 1.02> <Storage> <Opcode : 'load' 'store'> <Ports = 2> <Width = 32> <Depth = 256> <RAM>
ST_26 : Operation 346 [2/2] (3.88ns)   --->   "%mul20_11 = fmul i32 %x_12_load, i32 %w_12_load" [/home/simics/HMoE/HLS_HMoE/pseudo_block/run_9/src/pseudo_moe.cpp:35]   --->   Operation 346 'fmul' 'mul20_11' <Predicate = true> <Delay = 3.88> <CoreInst = "FMul_maxdsp">   --->   Core 30 'FMul_maxdsp' <Latency = 1> <II = 1> <Delay = 3.88> <FuncUnit> <Opcode : 'fmul'> <InPorts = 2> <OutPorts = 1>
ST_26 : Operation 347 [2/2] (6.04ns)   --->   "%acc_75 = fadd i32 %acc_74, i32 %add23_s" [/home/simics/HMoE/HLS_HMoE/pseudo_block/run_9/src/pseudo_moe.cpp:43]   --->   Operation 347 'fadd' 'acc_75' <Predicate = (icmp_ln29_1)> <Delay = 6.04> <CoreInst = "FAddSub_fulldsp">   --->   Core 18 'FAddSub_fulldsp' <Latency = 1> <II = 1> <Delay = 6.04> <FuncUnit> <Opcode : 'fadd' 'fsub'> <InPorts = 2> <OutPorts = 1>

State 27 <SV = 26> <Delay = 6.40>
ST_27 : Operation 348 [1/2] (6.04ns)   --->   "%add23_10 = fadd i32 %select_ln19_5, i32 %mul20_10" [/home/simics/HMoE/HLS_HMoE/pseudo_block/run_9/src/pseudo_moe.cpp:35]   --->   Operation 348 'fadd' 'add23_10' <Predicate = true> <Delay = 6.04> <CoreInst = "FAddSub_fulldsp">   --->   Core 18 'FAddSub_fulldsp' <Latency = 1> <II = 1> <Delay = 6.04> <FuncUnit> <Opcode : 'fadd' 'fsub'> <InPorts = 2> <OutPorts = 1>
ST_27 : Operation 349 [1/2] (3.88ns)   --->   "%mul20_11 = fmul i32 %x_12_load, i32 %w_12_load" [/home/simics/HMoE/HLS_HMoE/pseudo_block/run_9/src/pseudo_moe.cpp:35]   --->   Operation 349 'fmul' 'mul20_11' <Predicate = true> <Delay = 3.88> <CoreInst = "FMul_maxdsp">   --->   Core 30 'FMul_maxdsp' <Latency = 1> <II = 1> <Delay = 3.88> <FuncUnit> <Opcode : 'fmul'> <InPorts = 2> <OutPorts = 1>
ST_27 : Operation 350 [1/1] (0.00ns)   --->   "%w_13_addr = getelementptr i32 %w_13, i64 0, i64 %zext_ln35" [/home/simics/HMoE/HLS_HMoE/pseudo_block/run_9/src/pseudo_moe.cpp:35]   --->   Operation 350 'getelementptr' 'w_13_addr' <Predicate = true> <Delay = 0.00>
ST_27 : Operation 351 [2/2] (1.02ns)   --->   "%w_13_load = load i8 %w_13_addr" [/home/simics/HMoE/HLS_HMoE/pseudo_block/run_9/src/pseudo_moe.cpp:35]   --->   Operation 351 'load' 'w_13_load' <Predicate = true> <Delay = 1.02> <CoreInst = "RAM">   --->   Core 83 'RAM' <Latency = 1> <II = 1> <Delay = 1.02> <Storage> <Opcode : 'load' 'store'> <Ports = 2> <Width = 32> <Depth = 256> <RAM>
ST_27 : Operation 352 [1/2] (6.04ns)   --->   "%acc_75 = fadd i32 %acc_74, i32 %add23_s" [/home/simics/HMoE/HLS_HMoE/pseudo_block/run_9/src/pseudo_moe.cpp:43]   --->   Operation 352 'fadd' 'acc_75' <Predicate = (icmp_ln29_1)> <Delay = 6.04> <CoreInst = "FAddSub_fulldsp">   --->   Core 18 'FAddSub_fulldsp' <Latency = 1> <II = 1> <Delay = 6.04> <FuncUnit> <Opcode : 'fadd' 'fsub'> <InPorts = 2> <OutPorts = 1>
ST_27 : Operation 353 [1/1] (0.36ns)   --->   "%store_ln35 = store i32 %add23_10, i32 %empty_76" [/home/simics/HMoE/HLS_HMoE/pseudo_block/run_9/src/pseudo_moe.cpp:35]   --->   Operation 353 'store' 'store_ln35' <Predicate = true> <Delay = 0.36>

State 28 <SV = 27> <Delay = 6.26>
ST_28 : Operation 354 [1/1] (0.00ns)   --->   "%p_load43 = load i32 %empty_77" [/home/simics/HMoE/HLS_HMoE/pseudo_block/run_9/src/pseudo_moe.cpp:19]   --->   Operation 354 'load' 'p_load43' <Predicate = (!icmp_ln29)> <Delay = 0.00>
ST_28 : Operation 355 [1/1] (0.21ns)   --->   "%select_ln19_4 = select i1 %icmp_ln29, i32 0, i32 %p_load43" [/home/simics/HMoE/HLS_HMoE/pseudo_block/run_9/src/pseudo_moe.cpp:19]   --->   Operation 355 'select' 'select_ln19_4' <Predicate = true> <Delay = 0.21> <CoreInst = "Sel">   --->   Core 73 'Sel' <Latency = 0> <II = 1> <Delay = 0.21> <FuncUnit> <Opcode : 'select'> <InPorts = 3> <OutPorts = 1>
ST_28 : Operation 356 [2/2] (6.04ns)   --->   "%add23_11 = fadd i32 %select_ln19_4, i32 %mul20_11" [/home/simics/HMoE/HLS_HMoE/pseudo_block/run_9/src/pseudo_moe.cpp:35]   --->   Operation 356 'fadd' 'add23_11' <Predicate = true> <Delay = 6.04> <CoreInst = "FAddSub_fulldsp">   --->   Core 18 'FAddSub_fulldsp' <Latency = 1> <II = 1> <Delay = 6.04> <FuncUnit> <Opcode : 'fadd' 'fsub'> <InPorts = 2> <OutPorts = 1>
ST_28 : Operation 357 [1/2] (1.02ns)   --->   "%w_13_load = load i8 %w_13_addr" [/home/simics/HMoE/HLS_HMoE/pseudo_block/run_9/src/pseudo_moe.cpp:35]   --->   Operation 357 'load' 'w_13_load' <Predicate = true> <Delay = 1.02> <CoreInst = "RAM">   --->   Core 83 'RAM' <Latency = 1> <II = 1> <Delay = 1.02> <Storage> <Opcode : 'load' 'store'> <Ports = 2> <Width = 32> <Depth = 256> <RAM>
ST_28 : Operation 358 [2/2] (3.88ns)   --->   "%mul20_12 = fmul i32 %x_13_load, i32 %w_13_load" [/home/simics/HMoE/HLS_HMoE/pseudo_block/run_9/src/pseudo_moe.cpp:35]   --->   Operation 358 'fmul' 'mul20_12' <Predicate = true> <Delay = 3.88> <CoreInst = "FMul_maxdsp">   --->   Core 30 'FMul_maxdsp' <Latency = 1> <II = 1> <Delay = 3.88> <FuncUnit> <Opcode : 'fmul'> <InPorts = 2> <OutPorts = 1>
ST_28 : Operation 359 [2/2] (6.04ns)   --->   "%acc_76 = fadd i32 %acc_75, i32 %add23_10" [/home/simics/HMoE/HLS_HMoE/pseudo_block/run_9/src/pseudo_moe.cpp:43]   --->   Operation 359 'fadd' 'acc_76' <Predicate = (icmp_ln29_1)> <Delay = 6.04> <CoreInst = "FAddSub_fulldsp">   --->   Core 18 'FAddSub_fulldsp' <Latency = 1> <II = 1> <Delay = 6.04> <FuncUnit> <Opcode : 'fadd' 'fsub'> <InPorts = 2> <OutPorts = 1>

State 29 <SV = 28> <Delay = 6.40>
ST_29 : Operation 360 [1/2] (6.04ns)   --->   "%add23_11 = fadd i32 %select_ln19_4, i32 %mul20_11" [/home/simics/HMoE/HLS_HMoE/pseudo_block/run_9/src/pseudo_moe.cpp:35]   --->   Operation 360 'fadd' 'add23_11' <Predicate = true> <Delay = 6.04> <CoreInst = "FAddSub_fulldsp">   --->   Core 18 'FAddSub_fulldsp' <Latency = 1> <II = 1> <Delay = 6.04> <FuncUnit> <Opcode : 'fadd' 'fsub'> <InPorts = 2> <OutPorts = 1>
ST_29 : Operation 361 [1/2] (3.88ns)   --->   "%mul20_12 = fmul i32 %x_13_load, i32 %w_13_load" [/home/simics/HMoE/HLS_HMoE/pseudo_block/run_9/src/pseudo_moe.cpp:35]   --->   Operation 361 'fmul' 'mul20_12' <Predicate = true> <Delay = 3.88> <CoreInst = "FMul_maxdsp">   --->   Core 30 'FMul_maxdsp' <Latency = 1> <II = 1> <Delay = 3.88> <FuncUnit> <Opcode : 'fmul'> <InPorts = 2> <OutPorts = 1>
ST_29 : Operation 362 [1/1] (0.00ns)   --->   "%w_14_addr = getelementptr i32 %w_14, i64 0, i64 %zext_ln35" [/home/simics/HMoE/HLS_HMoE/pseudo_block/run_9/src/pseudo_moe.cpp:35]   --->   Operation 362 'getelementptr' 'w_14_addr' <Predicate = true> <Delay = 0.00>
ST_29 : Operation 363 [2/2] (1.02ns)   --->   "%w_14_load = load i8 %w_14_addr" [/home/simics/HMoE/HLS_HMoE/pseudo_block/run_9/src/pseudo_moe.cpp:35]   --->   Operation 363 'load' 'w_14_load' <Predicate = true> <Delay = 1.02> <CoreInst = "RAM">   --->   Core 83 'RAM' <Latency = 1> <II = 1> <Delay = 1.02> <Storage> <Opcode : 'load' 'store'> <Ports = 2> <Width = 32> <Depth = 256> <RAM>
ST_29 : Operation 364 [1/2] (6.04ns)   --->   "%acc_76 = fadd i32 %acc_75, i32 %add23_10" [/home/simics/HMoE/HLS_HMoE/pseudo_block/run_9/src/pseudo_moe.cpp:43]   --->   Operation 364 'fadd' 'acc_76' <Predicate = (icmp_ln29_1)> <Delay = 6.04> <CoreInst = "FAddSub_fulldsp">   --->   Core 18 'FAddSub_fulldsp' <Latency = 1> <II = 1> <Delay = 6.04> <FuncUnit> <Opcode : 'fadd' 'fsub'> <InPorts = 2> <OutPorts = 1>
ST_29 : Operation 365 [1/1] (0.36ns)   --->   "%store_ln35 = store i32 %add23_11, i32 %empty_77" [/home/simics/HMoE/HLS_HMoE/pseudo_block/run_9/src/pseudo_moe.cpp:35]   --->   Operation 365 'store' 'store_ln35' <Predicate = true> <Delay = 0.36>

State 30 <SV = 29> <Delay = 6.26>
ST_30 : Operation 366 [1/1] (0.00ns)   --->   "%p_load42 = load i32 %empty_78" [/home/simics/HMoE/HLS_HMoE/pseudo_block/run_9/src/pseudo_moe.cpp:19]   --->   Operation 366 'load' 'p_load42' <Predicate = (!icmp_ln29)> <Delay = 0.00>
ST_30 : Operation 367 [1/1] (0.21ns)   --->   "%select_ln19_3 = select i1 %icmp_ln29, i32 0, i32 %p_load42" [/home/simics/HMoE/HLS_HMoE/pseudo_block/run_9/src/pseudo_moe.cpp:19]   --->   Operation 367 'select' 'select_ln19_3' <Predicate = true> <Delay = 0.21> <CoreInst = "Sel">   --->   Core 73 'Sel' <Latency = 0> <II = 1> <Delay = 0.21> <FuncUnit> <Opcode : 'select'> <InPorts = 3> <OutPorts = 1>
ST_30 : Operation 368 [2/2] (6.04ns)   --->   "%add23_12 = fadd i32 %select_ln19_3, i32 %mul20_12" [/home/simics/HMoE/HLS_HMoE/pseudo_block/run_9/src/pseudo_moe.cpp:35]   --->   Operation 368 'fadd' 'add23_12' <Predicate = true> <Delay = 6.04> <CoreInst = "FAddSub_fulldsp">   --->   Core 18 'FAddSub_fulldsp' <Latency = 1> <II = 1> <Delay = 6.04> <FuncUnit> <Opcode : 'fadd' 'fsub'> <InPorts = 2> <OutPorts = 1>
ST_30 : Operation 369 [1/2] (1.02ns)   --->   "%w_14_load = load i8 %w_14_addr" [/home/simics/HMoE/HLS_HMoE/pseudo_block/run_9/src/pseudo_moe.cpp:35]   --->   Operation 369 'load' 'w_14_load' <Predicate = true> <Delay = 1.02> <CoreInst = "RAM">   --->   Core 83 'RAM' <Latency = 1> <II = 1> <Delay = 1.02> <Storage> <Opcode : 'load' 'store'> <Ports = 2> <Width = 32> <Depth = 256> <RAM>
ST_30 : Operation 370 [2/2] (3.88ns)   --->   "%mul20_13 = fmul i32 %x_14_load, i32 %w_14_load" [/home/simics/HMoE/HLS_HMoE/pseudo_block/run_9/src/pseudo_moe.cpp:35]   --->   Operation 370 'fmul' 'mul20_13' <Predicate = true> <Delay = 3.88> <CoreInst = "FMul_maxdsp">   --->   Core 30 'FMul_maxdsp' <Latency = 1> <II = 1> <Delay = 3.88> <FuncUnit> <Opcode : 'fmul'> <InPorts = 2> <OutPorts = 1>
ST_30 : Operation 371 [2/2] (6.04ns)   --->   "%acc_77 = fadd i32 %acc_76, i32 %add23_11" [/home/simics/HMoE/HLS_HMoE/pseudo_block/run_9/src/pseudo_moe.cpp:43]   --->   Operation 371 'fadd' 'acc_77' <Predicate = (icmp_ln29_1)> <Delay = 6.04> <CoreInst = "FAddSub_fulldsp">   --->   Core 18 'FAddSub_fulldsp' <Latency = 1> <II = 1> <Delay = 6.04> <FuncUnit> <Opcode : 'fadd' 'fsub'> <InPorts = 2> <OutPorts = 1>

State 31 <SV = 30> <Delay = 6.40>
ST_31 : Operation 372 [1/2] (6.04ns)   --->   "%add23_12 = fadd i32 %select_ln19_3, i32 %mul20_12" [/home/simics/HMoE/HLS_HMoE/pseudo_block/run_9/src/pseudo_moe.cpp:35]   --->   Operation 372 'fadd' 'add23_12' <Predicate = true> <Delay = 6.04> <CoreInst = "FAddSub_fulldsp">   --->   Core 18 'FAddSub_fulldsp' <Latency = 1> <II = 1> <Delay = 6.04> <FuncUnit> <Opcode : 'fadd' 'fsub'> <InPorts = 2> <OutPorts = 1>
ST_31 : Operation 373 [1/2] (3.88ns)   --->   "%mul20_13 = fmul i32 %x_14_load, i32 %w_14_load" [/home/simics/HMoE/HLS_HMoE/pseudo_block/run_9/src/pseudo_moe.cpp:35]   --->   Operation 373 'fmul' 'mul20_13' <Predicate = true> <Delay = 3.88> <CoreInst = "FMul_maxdsp">   --->   Core 30 'FMul_maxdsp' <Latency = 1> <II = 1> <Delay = 3.88> <FuncUnit> <Opcode : 'fmul'> <InPorts = 2> <OutPorts = 1>
ST_31 : Operation 374 [1/1] (0.00ns)   --->   "%w_15_addr = getelementptr i32 %w_15, i64 0, i64 %zext_ln35" [/home/simics/HMoE/HLS_HMoE/pseudo_block/run_9/src/pseudo_moe.cpp:35]   --->   Operation 374 'getelementptr' 'w_15_addr' <Predicate = true> <Delay = 0.00>
ST_31 : Operation 375 [2/2] (1.02ns)   --->   "%w_15_load = load i8 %w_15_addr" [/home/simics/HMoE/HLS_HMoE/pseudo_block/run_9/src/pseudo_moe.cpp:35]   --->   Operation 375 'load' 'w_15_load' <Predicate = true> <Delay = 1.02> <CoreInst = "RAM">   --->   Core 83 'RAM' <Latency = 1> <II = 1> <Delay = 1.02> <Storage> <Opcode : 'load' 'store'> <Ports = 2> <Width = 32> <Depth = 256> <RAM>
ST_31 : Operation 376 [1/2] (6.04ns)   --->   "%acc_77 = fadd i32 %acc_76, i32 %add23_11" [/home/simics/HMoE/HLS_HMoE/pseudo_block/run_9/src/pseudo_moe.cpp:43]   --->   Operation 376 'fadd' 'acc_77' <Predicate = (icmp_ln29_1)> <Delay = 6.04> <CoreInst = "FAddSub_fulldsp">   --->   Core 18 'FAddSub_fulldsp' <Latency = 1> <II = 1> <Delay = 6.04> <FuncUnit> <Opcode : 'fadd' 'fsub'> <InPorts = 2> <OutPorts = 1>
ST_31 : Operation 377 [1/1] (0.36ns)   --->   "%store_ln35 = store i32 %add23_12, i32 %empty_78" [/home/simics/HMoE/HLS_HMoE/pseudo_block/run_9/src/pseudo_moe.cpp:35]   --->   Operation 377 'store' 'store_ln35' <Predicate = true> <Delay = 0.36>

State 32 <SV = 31> <Delay = 6.26>
ST_32 : Operation 378 [1/1] (0.00ns)   --->   "%p_load41 = load i32 %empty_79" [/home/simics/HMoE/HLS_HMoE/pseudo_block/run_9/src/pseudo_moe.cpp:19]   --->   Operation 378 'load' 'p_load41' <Predicate = (!icmp_ln29)> <Delay = 0.00>
ST_32 : Operation 379 [1/1] (0.21ns)   --->   "%select_ln19_2 = select i1 %icmp_ln29, i32 0, i32 %p_load41" [/home/simics/HMoE/HLS_HMoE/pseudo_block/run_9/src/pseudo_moe.cpp:19]   --->   Operation 379 'select' 'select_ln19_2' <Predicate = true> <Delay = 0.21> <CoreInst = "Sel">   --->   Core 73 'Sel' <Latency = 0> <II = 1> <Delay = 0.21> <FuncUnit> <Opcode : 'select'> <InPorts = 3> <OutPorts = 1>
ST_32 : Operation 380 [2/2] (6.04ns)   --->   "%add23_13 = fadd i32 %select_ln19_2, i32 %mul20_13" [/home/simics/HMoE/HLS_HMoE/pseudo_block/run_9/src/pseudo_moe.cpp:35]   --->   Operation 380 'fadd' 'add23_13' <Predicate = true> <Delay = 6.04> <CoreInst = "FAddSub_fulldsp">   --->   Core 18 'FAddSub_fulldsp' <Latency = 1> <II = 1> <Delay = 6.04> <FuncUnit> <Opcode : 'fadd' 'fsub'> <InPorts = 2> <OutPorts = 1>
ST_32 : Operation 381 [1/2] (1.02ns)   --->   "%w_15_load = load i8 %w_15_addr" [/home/simics/HMoE/HLS_HMoE/pseudo_block/run_9/src/pseudo_moe.cpp:35]   --->   Operation 381 'load' 'w_15_load' <Predicate = true> <Delay = 1.02> <CoreInst = "RAM">   --->   Core 83 'RAM' <Latency = 1> <II = 1> <Delay = 1.02> <Storage> <Opcode : 'load' 'store'> <Ports = 2> <Width = 32> <Depth = 256> <RAM>
ST_32 : Operation 382 [2/2] (3.88ns)   --->   "%mul20_14 = fmul i32 %x_15_load, i32 %w_15_load" [/home/simics/HMoE/HLS_HMoE/pseudo_block/run_9/src/pseudo_moe.cpp:35]   --->   Operation 382 'fmul' 'mul20_14' <Predicate = true> <Delay = 3.88> <CoreInst = "FMul_maxdsp">   --->   Core 30 'FMul_maxdsp' <Latency = 1> <II = 1> <Delay = 3.88> <FuncUnit> <Opcode : 'fmul'> <InPorts = 2> <OutPorts = 1>
ST_32 : Operation 383 [2/2] (6.04ns)   --->   "%acc_78 = fadd i32 %acc_77, i32 %add23_12" [/home/simics/HMoE/HLS_HMoE/pseudo_block/run_9/src/pseudo_moe.cpp:43]   --->   Operation 383 'fadd' 'acc_78' <Predicate = (icmp_ln29_1)> <Delay = 6.04> <CoreInst = "FAddSub_fulldsp">   --->   Core 18 'FAddSub_fulldsp' <Latency = 1> <II = 1> <Delay = 6.04> <FuncUnit> <Opcode : 'fadd' 'fsub'> <InPorts = 2> <OutPorts = 1>

State 33 <SV = 32> <Delay = 6.40>
ST_33 : Operation 384 [1/2] (6.04ns)   --->   "%add23_13 = fadd i32 %select_ln19_2, i32 %mul20_13" [/home/simics/HMoE/HLS_HMoE/pseudo_block/run_9/src/pseudo_moe.cpp:35]   --->   Operation 384 'fadd' 'add23_13' <Predicate = true> <Delay = 6.04> <CoreInst = "FAddSub_fulldsp">   --->   Core 18 'FAddSub_fulldsp' <Latency = 1> <II = 1> <Delay = 6.04> <FuncUnit> <Opcode : 'fadd' 'fsub'> <InPorts = 2> <OutPorts = 1>
ST_33 : Operation 385 [1/2] (3.88ns)   --->   "%mul20_14 = fmul i32 %x_15_load, i32 %w_15_load" [/home/simics/HMoE/HLS_HMoE/pseudo_block/run_9/src/pseudo_moe.cpp:35]   --->   Operation 385 'fmul' 'mul20_14' <Predicate = true> <Delay = 3.88> <CoreInst = "FMul_maxdsp">   --->   Core 30 'FMul_maxdsp' <Latency = 1> <II = 1> <Delay = 3.88> <FuncUnit> <Opcode : 'fmul'> <InPorts = 2> <OutPorts = 1>
ST_33 : Operation 386 [1/2] (6.04ns)   --->   "%acc_78 = fadd i32 %acc_77, i32 %add23_12" [/home/simics/HMoE/HLS_HMoE/pseudo_block/run_9/src/pseudo_moe.cpp:43]   --->   Operation 386 'fadd' 'acc_78' <Predicate = (icmp_ln29_1)> <Delay = 6.04> <CoreInst = "FAddSub_fulldsp">   --->   Core 18 'FAddSub_fulldsp' <Latency = 1> <II = 1> <Delay = 6.04> <FuncUnit> <Opcode : 'fadd' 'fsub'> <InPorts = 2> <OutPorts = 1>
ST_33 : Operation 387 [1/1] (0.36ns)   --->   "%store_ln35 = store i32 %add23_13, i32 %empty_79" [/home/simics/HMoE/HLS_HMoE/pseudo_block/run_9/src/pseudo_moe.cpp:35]   --->   Operation 387 'store' 'store_ln35' <Predicate = true> <Delay = 0.36>

State 34 <SV = 33> <Delay = 6.26>
ST_34 : Operation 388 [1/1] (0.00ns)   --->   "%p_load = load i32 %empty_80" [/home/simics/HMoE/HLS_HMoE/pseudo_block/run_9/src/pseudo_moe.cpp:19]   --->   Operation 388 'load' 'p_load' <Predicate = (!icmp_ln29)> <Delay = 0.00>
ST_34 : Operation 389 [1/1] (0.21ns)   --->   "%select_ln19_1 = select i1 %icmp_ln29, i32 0, i32 %p_load" [/home/simics/HMoE/HLS_HMoE/pseudo_block/run_9/src/pseudo_moe.cpp:19]   --->   Operation 389 'select' 'select_ln19_1' <Predicate = true> <Delay = 0.21> <CoreInst = "Sel">   --->   Core 73 'Sel' <Latency = 0> <II = 1> <Delay = 0.21> <FuncUnit> <Opcode : 'select'> <InPorts = 3> <OutPorts = 1>
ST_34 : Operation 390 [2/2] (6.04ns)   --->   "%add23_14 = fadd i32 %select_ln19_1, i32 %mul20_14" [/home/simics/HMoE/HLS_HMoE/pseudo_block/run_9/src/pseudo_moe.cpp:35]   --->   Operation 390 'fadd' 'add23_14' <Predicate = true> <Delay = 6.04> <CoreInst = "FAddSub_fulldsp">   --->   Core 18 'FAddSub_fulldsp' <Latency = 1> <II = 1> <Delay = 6.04> <FuncUnit> <Opcode : 'fadd' 'fsub'> <InPorts = 2> <OutPorts = 1>
ST_34 : Operation 391 [2/2] (6.04ns)   --->   "%acc_79 = fadd i32 %acc_78, i32 %add23_13" [/home/simics/HMoE/HLS_HMoE/pseudo_block/run_9/src/pseudo_moe.cpp:43]   --->   Operation 391 'fadd' 'acc_79' <Predicate = (icmp_ln29_1)> <Delay = 6.04> <CoreInst = "FAddSub_fulldsp">   --->   Core 18 'FAddSub_fulldsp' <Latency = 1> <II = 1> <Delay = 6.04> <FuncUnit> <Opcode : 'fadd' 'fsub'> <InPorts = 2> <OutPorts = 1>

State 35 <SV = 34> <Delay = 6.40>
ST_35 : Operation 392 [1/1] (0.00ns)   --->   "%specloopname_ln0 = specloopname void @_ssdm_op_SpecLoopName, void @VITIS_LOOP_19_1_VITIS_LOOP_29_3_str"   --->   Operation 392 'specloopname' 'specloopname_ln0' <Predicate = true> <Delay = 0.00>
ST_35 : Operation 393 [1/1] (0.00ns)   --->   "%speclooptripcount_ln0 = speclooptripcount void @_ssdm_op_SpecLoopTripCount, i64 256, i64 256, i64 256"   --->   Operation 393 'speclooptripcount' 'speclooptripcount_ln0' <Predicate = true> <Delay = 0.00>
ST_35 : Operation 394 [1/1] (0.00ns)   --->   "%specpipeline_ln30 = specpipeline void @_ssdm_op_SpecPipeline, i32 1, i32 0, i32 0, i32 0, void @empty_34" [/home/simics/HMoE/HLS_HMoE/pseudo_block/run_9/src/pseudo_moe.cpp:30]   --->   Operation 394 'specpipeline' 'specpipeline_ln30' <Predicate = true> <Delay = 0.00>
ST_35 : Operation 395 [1/2] (6.04ns)   --->   "%add23_14 = fadd i32 %select_ln19_1, i32 %mul20_14" [/home/simics/HMoE/HLS_HMoE/pseudo_block/run_9/src/pseudo_moe.cpp:35]   --->   Operation 395 'fadd' 'add23_14' <Predicate = true> <Delay = 6.04> <CoreInst = "FAddSub_fulldsp">   --->   Core 18 'FAddSub_fulldsp' <Latency = 1> <II = 1> <Delay = 6.04> <FuncUnit> <Opcode : 'fadd' 'fsub'> <InPorts = 2> <OutPorts = 1>
ST_35 : Operation 396 [1/2] (6.04ns)   --->   "%acc_79 = fadd i32 %acc_78, i32 %add23_13" [/home/simics/HMoE/HLS_HMoE/pseudo_block/run_9/src/pseudo_moe.cpp:43]   --->   Operation 396 'fadd' 'acc_79' <Predicate = (icmp_ln29_1)> <Delay = 6.04> <CoreInst = "FAddSub_fulldsp">   --->   Core 18 'FAddSub_fulldsp' <Latency = 1> <II = 1> <Delay = 6.04> <FuncUnit> <Opcode : 'fadd' 'fsub'> <InPorts = 2> <OutPorts = 1>
ST_35 : Operation 397 [1/1] (0.36ns)   --->   "%store_ln35 = store i32 %add23_14, i32 %empty_80" [/home/simics/HMoE/HLS_HMoE/pseudo_block/run_9/src/pseudo_moe.cpp:35]   --->   Operation 397 'store' 'store_ln35' <Predicate = true> <Delay = 0.36>
ST_35 : Operation 398 [1/1] (0.00ns)   --->   "%br_ln29 = br void %VITIS_LOOP_32_4" [/home/simics/HMoE/HLS_HMoE/pseudo_block/run_9/src/pseudo_moe.cpp:29]   --->   Operation 398 'br' 'br_ln29' <Predicate = true> <Delay = 0.00>

State 36 <SV = 35> <Delay = 6.04>
ST_36 : Operation 399 [2/2] (6.04ns)   --->   "%acc_80 = fadd i32 %acc_79, i32 %add23_14" [/home/simics/HMoE/HLS_HMoE/pseudo_block/run_9/src/pseudo_moe.cpp:43]   --->   Operation 399 'fadd' 'acc_80' <Predicate = (icmp_ln29_1)> <Delay = 6.04> <CoreInst = "FAddSub_fulldsp">   --->   Core 18 'FAddSub_fulldsp' <Latency = 1> <II = 1> <Delay = 6.04> <FuncUnit> <Opcode : 'fadd' 'fsub'> <InPorts = 2> <OutPorts = 1>
ST_36 : Operation 403 [1/1] (0.00ns)   --->   "%ret_ln0 = ret"   --->   Operation 403 'ret' 'ret_ln0' <Predicate = (icmp_ln19)> <Delay = 0.00>

State 37 <SV = 36> <Delay = 7.07>
ST_37 : Operation 400 [1/2] (6.04ns)   --->   "%acc_80 = fadd i32 %acc_79, i32 %add23_14" [/home/simics/HMoE/HLS_HMoE/pseudo_block/run_9/src/pseudo_moe.cpp:43]   --->   Operation 400 'fadd' 'acc_80' <Predicate = (icmp_ln29_1)> <Delay = 6.04> <CoreInst = "FAddSub_fulldsp">   --->   Core 18 'FAddSub_fulldsp' <Latency = 1> <II = 1> <Delay = 6.04> <FuncUnit> <Opcode : 'fadd' 'fsub'> <InPorts = 2> <OutPorts = 1>
ST_37 : Operation 401 [1/1] (1.02ns)   --->   "%store_ln46 = store i32 %acc_80, i6 %result_addr" [/home/simics/HMoE/HLS_HMoE/pseudo_block/run_9/src/pseudo_moe.cpp:46]   --->   Operation 401 'store' 'store_ln46' <Predicate = (icmp_ln29_1)> <Delay = 1.02> <CoreInst = "RAM">   --->   Core 83 'RAM' <Latency = 1> <II = 1> <Delay = 1.02> <Storage> <Opcode : 'load' 'store'> <Ports = 2> <Width = 32> <Depth = 64> <RAM>
ST_37 : Operation 402 [1/1] (0.00ns)   --->   "%br_ln29 = br void %new.latch.VITIS_LOOP_32_4.split" [/home/simics/HMoE/HLS_HMoE/pseudo_block/run_9/src/pseudo_moe.cpp:29]   --->   Operation 402 'br' 'br_ln29' <Predicate = (icmp_ln29_1)> <Delay = 0.00>


============================================================
+ Verbose Summary: Timing violations
============================================================
Target clock period: 10.000ns, clock uncertainty: 2.700ns.

 <State 1>: 2.969ns
The critical path consists of the following:
	'store' operation 0 bit ('store_ln19', /home/simics/HMoE/HLS_HMoE/pseudo_block/run_9/src/pseudo_moe.cpp:19) of constant 0 on local variable 'o', /home/simics/HMoE/HLS_HMoE/pseudo_block/run_9/src/pseudo_moe.cpp:19 [91]  (0.362 ns)
	'load' operation 7 bit ('o_load', /home/simics/HMoE/HLS_HMoE/pseudo_block/run_9/src/pseudo_moe.cpp:19) on local variable 'o', /home/simics/HMoE/HLS_HMoE/pseudo_block/run_9/src/pseudo_moe.cpp:19 [133]  (0.000 ns)
	'add' operation 7 bit ('add_ln19', /home/simics/HMoE/HLS_HMoE/pseudo_block/run_9/src/pseudo_moe.cpp:19) [135]  (0.650 ns)
	'select' operation 7 bit ('select_ln19_17', /home/simics/HMoE/HLS_HMoE/pseudo_block/run_9/src/pseudo_moe.cpp:19) [156]  (0.281 ns)
	'add' operation 8 bit ('add_ln35', /home/simics/HMoE/HLS_HMoE/pseudo_block/run_9/src/pseudo_moe.cpp:35) [212]  (0.651 ns)
	'getelementptr' operation 8 bit ('w_0_addr', /home/simics/HMoE/HLS_HMoE/pseudo_block/run_9/src/pseudo_moe.cpp:35) [214]  (0.000 ns)
	'load' operation 32 bit ('w_0_load', /home/simics/HMoE/HLS_HMoE/pseudo_block/run_9/src/pseudo_moe.cpp:35) on array 'w_0' [215]  (1.025 ns)

 <State 2>: 4.906ns
The critical path consists of the following:
	'load' operation 32 bit ('x_0_load', /home/simics/HMoE/HLS_HMoE/pseudo_block/run_9/src/pseudo_moe.cpp:35) on array 'x_0' [211]  (1.025 ns)
	'fmul' operation 32 bit ('mul', /home/simics/HMoE/HLS_HMoE/pseudo_block/run_9/src/pseudo_moe.cpp:35) [216]  (3.881 ns)

 <State 3>: 3.881ns
The critical path consists of the following:
	'fmul' operation 32 bit ('mul', /home/simics/HMoE/HLS_HMoE/pseudo_block/run_9/src/pseudo_moe.cpp:35) [216]  (3.881 ns)

 <State 4>: 6.260ns
The critical path consists of the following:
	'load' operation 32 bit ('p_load55', /home/simics/HMoE/HLS_HMoE/pseudo_block/run_9/src/pseudo_moe.cpp:19) on local variable 'empty' [116]  (0.000 ns)
	'select' operation 32 bit ('select_ln19_16', /home/simics/HMoE/HLS_HMoE/pseudo_block/run_9/src/pseudo_moe.cpp:19) [155]  (0.213 ns)
	'fadd' operation 32 bit ('add', /home/simics/HMoE/HLS_HMoE/pseudo_block/run_9/src/pseudo_moe.cpp:35) [217]  (6.047 ns)

 <State 5>: 7.300ns
The critical path consists of the following:
	'getelementptr' operation 32 bit ('gmem4_addr', /home/simics/HMoE/HLS_HMoE/pseudo_block/run_9/src/pseudo_moe.cpp:19) [134]  (0.000 ns)
	bus read operation ('gmem4_addr_read', /home/simics/HMoE/HLS_HMoE/pseudo_block/run_9/src/pseudo_moe.cpp:39) on port 'gmem4' (/home/simics/HMoE/HLS_HMoE/pseudo_block/run_9/src/pseudo_moe.cpp:39) [298]  (7.300 ns)

 <State 6>: 6.260ns
The critical path consists of the following:
	'load' operation 32 bit ('p_load54', /home/simics/HMoE/HLS_HMoE/pseudo_block/run_9/src/pseudo_moe.cpp:19) on local variable 'empty_66' [117]  (0.000 ns)
	'select' operation 32 bit ('select_ln19_15', /home/simics/HMoE/HLS_HMoE/pseudo_block/run_9/src/pseudo_moe.cpp:19) [154]  (0.213 ns)
	'fadd' operation 32 bit ('add23_1', /home/simics/HMoE/HLS_HMoE/pseudo_block/run_9/src/pseudo_moe.cpp:35) [222]  (6.047 ns)

 <State 7>: 6.409ns
The critical path consists of the following:
	'fadd' operation 32 bit ('add23_1', /home/simics/HMoE/HLS_HMoE/pseudo_block/run_9/src/pseudo_moe.cpp:35) [222]  (6.047 ns)
	'store' operation 0 bit ('store_ln35', /home/simics/HMoE/HLS_HMoE/pseudo_block/run_9/src/pseudo_moe.cpp:35) of variable 'add23_1', /home/simics/HMoE/HLS_HMoE/pseudo_block/run_9/src/pseudo_moe.cpp:35 on local variable 'empty_66' [336]  (0.362 ns)

 <State 8>: 6.260ns
The critical path consists of the following:
	'load' operation 32 bit ('p_load53', /home/simics/HMoE/HLS_HMoE/pseudo_block/run_9/src/pseudo_moe.cpp:19) on local variable 'empty_67' [118]  (0.000 ns)
	'select' operation 32 bit ('select_ln19_14', /home/simics/HMoE/HLS_HMoE/pseudo_block/run_9/src/pseudo_moe.cpp:19) [153]  (0.213 ns)
	'fadd' operation 32 bit ('add23_2', /home/simics/HMoE/HLS_HMoE/pseudo_block/run_9/src/pseudo_moe.cpp:35) [227]  (6.047 ns)

 <State 9>: 6.409ns
The critical path consists of the following:
	'fadd' operation 32 bit ('add23_2', /home/simics/HMoE/HLS_HMoE/pseudo_block/run_9/src/pseudo_moe.cpp:35) [227]  (6.047 ns)
	'store' operation 0 bit ('store_ln35', /home/simics/HMoE/HLS_HMoE/pseudo_block/run_9/src/pseudo_moe.cpp:35) of variable 'add23_2', /home/simics/HMoE/HLS_HMoE/pseudo_block/run_9/src/pseudo_moe.cpp:35 on local variable 'empty_67' [335]  (0.362 ns)

 <State 10>: 6.260ns
The critical path consists of the following:
	'load' operation 32 bit ('p_load52', /home/simics/HMoE/HLS_HMoE/pseudo_block/run_9/src/pseudo_moe.cpp:19) on local variable 'empty_68' [119]  (0.000 ns)
	'select' operation 32 bit ('select_ln19_13', /home/simics/HMoE/HLS_HMoE/pseudo_block/run_9/src/pseudo_moe.cpp:19) [152]  (0.213 ns)
	'fadd' operation 32 bit ('add23_3', /home/simics/HMoE/HLS_HMoE/pseudo_block/run_9/src/pseudo_moe.cpp:35) [232]  (6.047 ns)

 <State 11>: 6.409ns
The critical path consists of the following:
	'fadd' operation 32 bit ('add23_3', /home/simics/HMoE/HLS_HMoE/pseudo_block/run_9/src/pseudo_moe.cpp:35) [232]  (6.047 ns)
	'store' operation 0 bit ('store_ln35', /home/simics/HMoE/HLS_HMoE/pseudo_block/run_9/src/pseudo_moe.cpp:35) of variable 'add23_3', /home/simics/HMoE/HLS_HMoE/pseudo_block/run_9/src/pseudo_moe.cpp:35 on local variable 'empty_68' [334]  (0.362 ns)

 <State 12>: 6.260ns
The critical path consists of the following:
	'load' operation 32 bit ('p_load51', /home/simics/HMoE/HLS_HMoE/pseudo_block/run_9/src/pseudo_moe.cpp:19) on local variable 'empty_69' [120]  (0.000 ns)
	'select' operation 32 bit ('select_ln19_12', /home/simics/HMoE/HLS_HMoE/pseudo_block/run_9/src/pseudo_moe.cpp:19) [151]  (0.213 ns)
	'fadd' operation 32 bit ('add23_4', /home/simics/HMoE/HLS_HMoE/pseudo_block/run_9/src/pseudo_moe.cpp:35) [237]  (6.047 ns)

 <State 13>: 6.409ns
The critical path consists of the following:
	'fadd' operation 32 bit ('add23_4', /home/simics/HMoE/HLS_HMoE/pseudo_block/run_9/src/pseudo_moe.cpp:35) [237]  (6.047 ns)
	'store' operation 0 bit ('store_ln35', /home/simics/HMoE/HLS_HMoE/pseudo_block/run_9/src/pseudo_moe.cpp:35) of variable 'add23_4', /home/simics/HMoE/HLS_HMoE/pseudo_block/run_9/src/pseudo_moe.cpp:35 on local variable 'empty_69' [333]  (0.362 ns)

 <State 14>: 6.260ns
The critical path consists of the following:
	'load' operation 32 bit ('p_load50', /home/simics/HMoE/HLS_HMoE/pseudo_block/run_9/src/pseudo_moe.cpp:19) on local variable 'empty_70' [121]  (0.000 ns)
	'select' operation 32 bit ('select_ln19_11', /home/simics/HMoE/HLS_HMoE/pseudo_block/run_9/src/pseudo_moe.cpp:19) [150]  (0.213 ns)
	'fadd' operation 32 bit ('add23_5', /home/simics/HMoE/HLS_HMoE/pseudo_block/run_9/src/pseudo_moe.cpp:35) [242]  (6.047 ns)

 <State 15>: 6.409ns
The critical path consists of the following:
	'fadd' operation 32 bit ('add23_5', /home/simics/HMoE/HLS_HMoE/pseudo_block/run_9/src/pseudo_moe.cpp:35) [242]  (6.047 ns)
	'store' operation 0 bit ('store_ln35', /home/simics/HMoE/HLS_HMoE/pseudo_block/run_9/src/pseudo_moe.cpp:35) of variable 'add23_5', /home/simics/HMoE/HLS_HMoE/pseudo_block/run_9/src/pseudo_moe.cpp:35 on local variable 'empty_70' [332]  (0.362 ns)

 <State 16>: 6.260ns
The critical path consists of the following:
	'load' operation 32 bit ('p_load49', /home/simics/HMoE/HLS_HMoE/pseudo_block/run_9/src/pseudo_moe.cpp:19) on local variable 'empty_71' [122]  (0.000 ns)
	'select' operation 32 bit ('select_ln19_10', /home/simics/HMoE/HLS_HMoE/pseudo_block/run_9/src/pseudo_moe.cpp:19) [149]  (0.213 ns)
	'fadd' operation 32 bit ('add23_6', /home/simics/HMoE/HLS_HMoE/pseudo_block/run_9/src/pseudo_moe.cpp:35) [247]  (6.047 ns)

 <State 17>: 6.409ns
The critical path consists of the following:
	'fadd' operation 32 bit ('add23_6', /home/simics/HMoE/HLS_HMoE/pseudo_block/run_9/src/pseudo_moe.cpp:35) [247]  (6.047 ns)
	'store' operation 0 bit ('store_ln35', /home/simics/HMoE/HLS_HMoE/pseudo_block/run_9/src/pseudo_moe.cpp:35) of variable 'add23_6', /home/simics/HMoE/HLS_HMoE/pseudo_block/run_9/src/pseudo_moe.cpp:35 on local variable 'empty_71' [331]  (0.362 ns)

 <State 18>: 6.260ns
The critical path consists of the following:
	'load' operation 32 bit ('p_load48', /home/simics/HMoE/HLS_HMoE/pseudo_block/run_9/src/pseudo_moe.cpp:19) on local variable 'empty_72' [123]  (0.000 ns)
	'select' operation 32 bit ('select_ln19_9', /home/simics/HMoE/HLS_HMoE/pseudo_block/run_9/src/pseudo_moe.cpp:19) [148]  (0.213 ns)
	'fadd' operation 32 bit ('add23_7', /home/simics/HMoE/HLS_HMoE/pseudo_block/run_9/src/pseudo_moe.cpp:35) [252]  (6.047 ns)

 <State 19>: 6.409ns
The critical path consists of the following:
	'fadd' operation 32 bit ('add23_7', /home/simics/HMoE/HLS_HMoE/pseudo_block/run_9/src/pseudo_moe.cpp:35) [252]  (6.047 ns)
	'store' operation 0 bit ('store_ln35', /home/simics/HMoE/HLS_HMoE/pseudo_block/run_9/src/pseudo_moe.cpp:35) of variable 'add23_7', /home/simics/HMoE/HLS_HMoE/pseudo_block/run_9/src/pseudo_moe.cpp:35 on local variable 'empty_72' [330]  (0.362 ns)

 <State 20>: 6.260ns
The critical path consists of the following:
	'load' operation 32 bit ('p_load47', /home/simics/HMoE/HLS_HMoE/pseudo_block/run_9/src/pseudo_moe.cpp:19) on local variable 'empty_73' [124]  (0.000 ns)
	'select' operation 32 bit ('select_ln19_8', /home/simics/HMoE/HLS_HMoE/pseudo_block/run_9/src/pseudo_moe.cpp:19) [147]  (0.213 ns)
	'fadd' operation 32 bit ('add23_8', /home/simics/HMoE/HLS_HMoE/pseudo_block/run_9/src/pseudo_moe.cpp:35) [257]  (6.047 ns)

 <State 21>: 6.409ns
The critical path consists of the following:
	'fadd' operation 32 bit ('add23_8', /home/simics/HMoE/HLS_HMoE/pseudo_block/run_9/src/pseudo_moe.cpp:35) [257]  (6.047 ns)
	'store' operation 0 bit ('store_ln35', /home/simics/HMoE/HLS_HMoE/pseudo_block/run_9/src/pseudo_moe.cpp:35) of variable 'add23_8', /home/simics/HMoE/HLS_HMoE/pseudo_block/run_9/src/pseudo_moe.cpp:35 on local variable 'empty_73' [329]  (0.362 ns)

 <State 22>: 6.260ns
The critical path consists of the following:
	'load' operation 32 bit ('p_load46', /home/simics/HMoE/HLS_HMoE/pseudo_block/run_9/src/pseudo_moe.cpp:19) on local variable 'empty_74' [125]  (0.000 ns)
	'select' operation 32 bit ('select_ln19_7', /home/simics/HMoE/HLS_HMoE/pseudo_block/run_9/src/pseudo_moe.cpp:19) [146]  (0.213 ns)
	'fadd' operation 32 bit ('add23_9', /home/simics/HMoE/HLS_HMoE/pseudo_block/run_9/src/pseudo_moe.cpp:35) [262]  (6.047 ns)

 <State 23>: 6.409ns
The critical path consists of the following:
	'fadd' operation 32 bit ('add23_9', /home/simics/HMoE/HLS_HMoE/pseudo_block/run_9/src/pseudo_moe.cpp:35) [262]  (6.047 ns)
	'store' operation 0 bit ('store_ln35', /home/simics/HMoE/HLS_HMoE/pseudo_block/run_9/src/pseudo_moe.cpp:35) of variable 'add23_9', /home/simics/HMoE/HLS_HMoE/pseudo_block/run_9/src/pseudo_moe.cpp:35 on local variable 'empty_74' [328]  (0.362 ns)

 <State 24>: 6.260ns
The critical path consists of the following:
	'load' operation 32 bit ('p_load45', /home/simics/HMoE/HLS_HMoE/pseudo_block/run_9/src/pseudo_moe.cpp:19) on local variable 'empty_75' [126]  (0.000 ns)
	'select' operation 32 bit ('select_ln19_6', /home/simics/HMoE/HLS_HMoE/pseudo_block/run_9/src/pseudo_moe.cpp:19) [145]  (0.213 ns)
	'fadd' operation 32 bit ('add23_s', /home/simics/HMoE/HLS_HMoE/pseudo_block/run_9/src/pseudo_moe.cpp:35) [267]  (6.047 ns)

 <State 25>: 6.409ns
The critical path consists of the following:
	'fadd' operation 32 bit ('add23_s', /home/simics/HMoE/HLS_HMoE/pseudo_block/run_9/src/pseudo_moe.cpp:35) [267]  (6.047 ns)
	'store' operation 0 bit ('store_ln35', /home/simics/HMoE/HLS_HMoE/pseudo_block/run_9/src/pseudo_moe.cpp:35) of variable 'add23_s', /home/simics/HMoE/HLS_HMoE/pseudo_block/run_9/src/pseudo_moe.cpp:35 on local variable 'empty_75' [327]  (0.362 ns)

 <State 26>: 6.260ns
The critical path consists of the following:
	'load' operation 32 bit ('p_load44', /home/simics/HMoE/HLS_HMoE/pseudo_block/run_9/src/pseudo_moe.cpp:19) on local variable 'empty_76' [127]  (0.000 ns)
	'select' operation 32 bit ('select_ln19_5', /home/simics/HMoE/HLS_HMoE/pseudo_block/run_9/src/pseudo_moe.cpp:19) [144]  (0.213 ns)
	'fadd' operation 32 bit ('add23_10', /home/simics/HMoE/HLS_HMoE/pseudo_block/run_9/src/pseudo_moe.cpp:35) [272]  (6.047 ns)

 <State 27>: 6.409ns
The critical path consists of the following:
	'fadd' operation 32 bit ('add23_10', /home/simics/HMoE/HLS_HMoE/pseudo_block/run_9/src/pseudo_moe.cpp:35) [272]  (6.047 ns)
	'store' operation 0 bit ('store_ln35', /home/simics/HMoE/HLS_HMoE/pseudo_block/run_9/src/pseudo_moe.cpp:35) of variable 'add23_10', /home/simics/HMoE/HLS_HMoE/pseudo_block/run_9/src/pseudo_moe.cpp:35 on local variable 'empty_76' [326]  (0.362 ns)

 <State 28>: 6.260ns
The critical path consists of the following:
	'load' operation 32 bit ('p_load43', /home/simics/HMoE/HLS_HMoE/pseudo_block/run_9/src/pseudo_moe.cpp:19) on local variable 'empty_77' [128]  (0.000 ns)
	'select' operation 32 bit ('select_ln19_4', /home/simics/HMoE/HLS_HMoE/pseudo_block/run_9/src/pseudo_moe.cpp:19) [143]  (0.213 ns)
	'fadd' operation 32 bit ('add23_11', /home/simics/HMoE/HLS_HMoE/pseudo_block/run_9/src/pseudo_moe.cpp:35) [277]  (6.047 ns)

 <State 29>: 6.409ns
The critical path consists of the following:
	'fadd' operation 32 bit ('add23_11', /home/simics/HMoE/HLS_HMoE/pseudo_block/run_9/src/pseudo_moe.cpp:35) [277]  (6.047 ns)
	'store' operation 0 bit ('store_ln35', /home/simics/HMoE/HLS_HMoE/pseudo_block/run_9/src/pseudo_moe.cpp:35) of variable 'add23_11', /home/simics/HMoE/HLS_HMoE/pseudo_block/run_9/src/pseudo_moe.cpp:35 on local variable 'empty_77' [325]  (0.362 ns)

 <State 30>: 6.260ns
The critical path consists of the following:
	'load' operation 32 bit ('p_load42', /home/simics/HMoE/HLS_HMoE/pseudo_block/run_9/src/pseudo_moe.cpp:19) on local variable 'empty_78' [129]  (0.000 ns)
	'select' operation 32 bit ('select_ln19_3', /home/simics/HMoE/HLS_HMoE/pseudo_block/run_9/src/pseudo_moe.cpp:19) [142]  (0.213 ns)
	'fadd' operation 32 bit ('add23_12', /home/simics/HMoE/HLS_HMoE/pseudo_block/run_9/src/pseudo_moe.cpp:35) [282]  (6.047 ns)

 <State 31>: 6.409ns
The critical path consists of the following:
	'fadd' operation 32 bit ('add23_12', /home/simics/HMoE/HLS_HMoE/pseudo_block/run_9/src/pseudo_moe.cpp:35) [282]  (6.047 ns)
	'store' operation 0 bit ('store_ln35', /home/simics/HMoE/HLS_HMoE/pseudo_block/run_9/src/pseudo_moe.cpp:35) of variable 'add23_12', /home/simics/HMoE/HLS_HMoE/pseudo_block/run_9/src/pseudo_moe.cpp:35 on local variable 'empty_78' [324]  (0.362 ns)

 <State 32>: 6.260ns
The critical path consists of the following:
	'load' operation 32 bit ('p_load41', /home/simics/HMoE/HLS_HMoE/pseudo_block/run_9/src/pseudo_moe.cpp:19) on local variable 'empty_79' [130]  (0.000 ns)
	'select' operation 32 bit ('select_ln19_2', /home/simics/HMoE/HLS_HMoE/pseudo_block/run_9/src/pseudo_moe.cpp:19) [141]  (0.213 ns)
	'fadd' operation 32 bit ('add23_13', /home/simics/HMoE/HLS_HMoE/pseudo_block/run_9/src/pseudo_moe.cpp:35) [287]  (6.047 ns)

 <State 33>: 6.409ns
The critical path consists of the following:
	'fadd' operation 32 bit ('add23_13', /home/simics/HMoE/HLS_HMoE/pseudo_block/run_9/src/pseudo_moe.cpp:35) [287]  (6.047 ns)
	'store' operation 0 bit ('store_ln35', /home/simics/HMoE/HLS_HMoE/pseudo_block/run_9/src/pseudo_moe.cpp:35) of variable 'add23_13', /home/simics/HMoE/HLS_HMoE/pseudo_block/run_9/src/pseudo_moe.cpp:35 on local variable 'empty_79' [323]  (0.362 ns)

 <State 34>: 6.260ns
The critical path consists of the following:
	'load' operation 32 bit ('p_load', /home/simics/HMoE/HLS_HMoE/pseudo_block/run_9/src/pseudo_moe.cpp:19) on local variable 'empty_80' [131]  (0.000 ns)
	'select' operation 32 bit ('select_ln19_1', /home/simics/HMoE/HLS_HMoE/pseudo_block/run_9/src/pseudo_moe.cpp:19) [140]  (0.213 ns)
	'fadd' operation 32 bit ('add23_14', /home/simics/HMoE/HLS_HMoE/pseudo_block/run_9/src/pseudo_moe.cpp:35) [292]  (6.047 ns)

 <State 35>: 6.409ns
The critical path consists of the following:
	'fadd' operation 32 bit ('add23_14', /home/simics/HMoE/HLS_HMoE/pseudo_block/run_9/src/pseudo_moe.cpp:35) [292]  (6.047 ns)
	'store' operation 0 bit ('store_ln35', /home/simics/HMoE/HLS_HMoE/pseudo_block/run_9/src/pseudo_moe.cpp:35) of variable 'add23_14', /home/simics/HMoE/HLS_HMoE/pseudo_block/run_9/src/pseudo_moe.cpp:35 on local variable 'empty_80' [322]  (0.362 ns)

 <State 36>: 6.047ns
The critical path consists of the following:
	'fadd' operation 32 bit ('acc', /home/simics/HMoE/HLS_HMoE/pseudo_block/run_9/src/pseudo_moe.cpp:43) [315]  (6.047 ns)

 <State 37>: 7.072ns
The critical path consists of the following:
	'fadd' operation 32 bit ('acc', /home/simics/HMoE/HLS_HMoE/pseudo_block/run_9/src/pseudo_moe.cpp:43) [315]  (6.047 ns)
	'store' operation 0 bit ('store_ln46', /home/simics/HMoE/HLS_HMoE/pseudo_block/run_9/src/pseudo_moe.cpp:46) of variable 'acc', /home/simics/HMoE/HLS_HMoE/pseudo_block/run_9/src/pseudo_moe.cpp:43 on array 'result' [316]  (1.025 ns)


============================================================
+ Verbose Summary: Binding
============================================================
N/A
* FSMD analyzer results:
  - Output states:
 - Input state : 
  - Chain level:
	State 1
	State 2
	State 3
	State 4
	State 5
	State 6
	State 7
	State 8
	State 9
	State 10
	State 11
	State 12
	State 13
	State 14
	State 15
	State 16
	State 17
	State 18
	State 19
	State 20
	State 21
	State 22
	State 23
	State 24
	State 25
	State 26
	State 27
	State 28
	State 29
	State 30
	State 31
	State 32
	State 33
	State 34
	State 35
	State 36
	State 37


============================================================
+ Verbose Summary: Datapath Resource usage 
============================================================
N/A
