

================================================================
== Vitis HLS Report for 'mlp_head479'
================================================================
* Date:           Sun Sep 13 11:40:04 2026

* Version:        2023.2 (Build 4023990 on Oct 11 2023)
* Project:        HLS_OutputMoE_Run8
* Solution:       solution1 (Vivado IP Flow Target)
* Product family: virtexuplus
* Target device:  xcvu13p_CIV-figd2104-3-e


================================================================
== Performance Estimates
================================================================
+ Timing: 
    * Summary: 
    +--------+----------+----------+------------+
    |  Clock |  Target  | Estimated| Uncertainty|
    +--------+----------+----------+------------+
    |ap_clk  |  10.00 ns|  7.028 ns|     2.70 ns|
    +--------+----------+----------+------------+

+ Latency: 
    * Summary: 
    +---------+---------+-----------+-----------+------+------+---------+
    |  Latency (cycles) |   Latency (absolute)  |   Interval  | Pipeline|
    |   min   |   max   |    min    |    max    |  min |  max |   Type  |
    +---------+---------+-----------+-----------+------+------+---------+
    |     4702|     4702|  47.020 us|  47.020 us|  4702|  4702|       no|
    +---------+---------+-----------+-----------+------+------+---------+

    + Detail: 
        * Instance: 
        +--------------------------------------------------+---------------------------------------+---------+---------+----------+----------+-----+-----+---------+
        |                                                  |                                       |  Latency (cycles) |  Latency (absolute) |  Interval | Pipeline|
        |                     Instance                     |                 Module                |   min   |   max   |    min   |    max   | min | max |   Type  |
        +--------------------------------------------------+---------------------------------------+---------+---------+----------+----------+-----+-----+---------+
        |grp_mlp_head479_Pipeline_VITIS_LOOP_586_3_fu_455  |mlp_head479_Pipeline_VITIS_LOOP_586_3  |       89|       89|  0.890 us|  0.890 us|   89|   89|       no|
        |grp_mlp_head479_Pipeline_VITIS_LOOP_579_2_fu_573  |mlp_head479_Pipeline_VITIS_LOOP_579_2  |      133|      133|  1.330 us|  1.330 us|  133|  133|       no|
        |grp_mlp_head479_Pipeline_VITIS_LOOP_596_5_fu_585  |mlp_head479_Pipeline_VITIS_LOOP_596_5  |       49|       49|  0.490 us|  0.490 us|   49|   49|       no|
        |grp_mlp_head479_Pipeline_VITIS_LOOP_608_7_fu_640  |mlp_head479_Pipeline_VITIS_LOOP_608_7  |       13|       13|  0.130 us|  0.130 us|   13|   13|       no|
        +--------------------------------------------------+---------------------------------------+---------+---------+----------+----------+-----+-----+---------+

        * Loop: 
        +--------------------+---------+---------+----------+-----------+-----------+------+----------+
        |                    |  Latency (cycles) | Iteration|  Initiation Interval  | Trip |          |
        |      Loop Name     |   min   |   max   |  Latency |  achieved |   target  | Count| Pipelined|
        +--------------------+---------+---------+----------+-----------+-----------+------+----------+
        |- VITIS_LOOP_576_1  |     4544|     4544|       142|          -|          -|    32|        no|
        +--------------------+---------+---------+----------+-----------+-----------+------+----------+



================================================================
== Utilization Estimates
================================================================
* Summary: 
+---------------------+---------+-------+---------+---------+------+
|         Name        | BRAM_18K|  DSP  |    FF   |   LUT   | URAM |
+---------------------+---------+-------+---------+---------+------+
|DSP                  |        -|      -|        -|        -|     -|
|Expression           |        -|      -|        0|      108|     -|
|FIFO                 |        -|      -|        -|        -|     -|
|Instance             |        8|      -|     6330|     1129|     -|
|Memory               |        1|      -|       32|        4|     0|
|Multiplexer          |        -|      -|        -|     1931|     -|
|Register             |        -|      -|     1162|        -|     -|
+---------------------+---------+-------+---------+---------+------+
|Total                |        9|      0|     7524|     3172|     0|
+---------------------+---------+-------+---------+---------+------+
|Available SLR        |     1344|   3072|   864000|   432000|   320|
+---------------------+---------+-------+---------+---------+------+
|Utilization SLR (%)  |       ~0|      0|       ~0|       ~0|     0|
+---------------------+---------+-------+---------+---------+------+
|Available            |     5376|  12288|  3456000|  1728000|  1280|
+---------------------+---------+-------+---------+---------+------+
|Utilization (%)      |       ~0|      0|       ~0|       ~0|     0|
+---------------------+---------+-------+---------+---------+------+

+ Detail: 
    * Instance: 
    +--------------------------------------------------+---------------------------------------+---------+----+------+-----+-----+
    |                     Instance                     |                 Module                | BRAM_18K| DSP|  FF  | LUT | URAM|
    +--------------------------------------------------+---------------------------------------+---------+----+------+-----+-----+
    |fcmp_32ns_32ns_1_1_no_dsp_1_U4644                 |fcmp_32ns_32ns_1_1_no_dsp_1            |        0|   0|     0|    0|    0|
    |grp_mlp_head479_Pipeline_VITIS_LOOP_579_2_fu_573  |mlp_head479_Pipeline_VITIS_LOOP_579_2  |        8|   0|   146|  138|    0|
    |grp_mlp_head479_Pipeline_VITIS_LOOP_586_3_fu_455  |mlp_head479_Pipeline_VITIS_LOOP_586_3  |        0|   0|  4192|  600|    0|
    |grp_mlp_head479_Pipeline_VITIS_LOOP_596_5_fu_585  |mlp_head479_Pipeline_VITIS_LOOP_596_5  |        0|   0|  1818|  275|    0|
    |grp_mlp_head479_Pipeline_VITIS_LOOP_608_7_fu_640  |mlp_head479_Pipeline_VITIS_LOOP_608_7  |        0|   0|   174|  116|    0|
    +--------------------------------------------------+---------------------------------------+---------+----+------+-----+-----+
    |Total                                             |                                       |        8|   0|  6330| 1129|    0|
    +--------------------------------------------------+---------------------------------------+---------+----+------+-----+-----+

    * DSP: 
    N/A

    * Memory: 
    +--------------+------------------------------------+---------+----+----+-----+------+-----+------+-------------+
    |    Memory    |               Module               | BRAM_18K| FF | LUT| URAM| Words| Bits| Banks| W*Bits*Banks|
    +--------------+------------------------------------+---------+----+----+-----+------+-----+------+-------------+
    |e1_bram_b0_U  |mlp_head479_e1_bram_b0_ROM_AUTO_1R  |        1|   0|   0|    0|    32|   32|     1|         1024|
    |l3_U          |mlp_head479_l3_RAM_AUTO_1R1W        |        0|  32|   4|    0|     8|   32|     1|          256|
    +--------------+------------------------------------+---------+----+----+-----+------+-----+------+-------------+
    |Total         |                                    |        1|  32|   4|    0|    40|   64|     2|         1280|
    +--------------+------------------------------------+---------+----+----+-----+------+-----+------+-------------+

    * FIFO: 
    N/A

    * Expression: 
    +-------------------------+----------+----+---+----+------------+------------+
    |      Variable Name      | Operation| DSP| FF| LUT| Bitwidth P0| Bitwidth P1|
    +-------------------------+----------+----+---+----+------------+------------+
    |add_ln576_fu_681_p2      |         +|   0|  0|  13|           6|           1|
    |and_ln545_fu_867_p2      |       and|   0|  0|   2|           1|           1|
    |icmp_ln545_14_fu_855_p2  |      icmp|   0|  0|  30|          23|           1|
    |icmp_ln545_fu_849_p2     |      icmp|   0|  0|  15|           8|           2|
    |icmp_ln576_fu_675_p2     |      icmp|   0|  0|  14|           6|           7|
    |or_ln545_fu_861_p2       |        or|   0|  0|   2|           1|           1|
    |l1_fu_873_p3             |    select|   0|  0|  32|           1|          32|
    +-------------------------+----------+----+---+----+------------+------------+
    |Total                    |          |   0|  0| 108|          46|          45|
    +-------------------------+----------+----+---+----+------------+------------+

    * Multiplexer: 
    +----------------+----+-----------+-----+-----------+
    |      Name      | LUT| Input Size| Bits| Total Bits|
    +----------------+----+-----------+-----+-----------+
    |ap_NS_fsm       |  81|         17|    1|         17|
    |grp_fu_1662_ce  |  26|          5|    1|          5|
    |grp_fu_1662_p0  |  26|          5|   32|        160|
    |grp_fu_1662_p1  |  26|          5|   32|        160|
    |grp_fu_1666_ce  |  14|          3|    1|          3|
    |grp_fu_1666_p0  |  14|          3|   32|         96|
    |grp_fu_1666_p1  |  14|          3|   32|         96|
    |grp_fu_1670_ce  |  14|          3|    1|          3|
    |grp_fu_1670_p0  |  14|          3|   32|         96|
    |grp_fu_1670_p1  |  14|          3|   32|         96|
    |grp_fu_1674_ce  |  14|          3|    1|          3|
    |grp_fu_1674_p0  |  14|          3|   32|         96|
    |grp_fu_1674_p1  |  14|          3|   32|         96|
    |grp_fu_1678_ce  |  14|          3|    1|          3|
    |grp_fu_1678_p0  |  14|          3|   32|         96|
    |grp_fu_1678_p1  |  14|          3|   32|         96|
    |grp_fu_1682_ce  |  14|          3|    1|          3|
    |grp_fu_1682_p0  |  14|          3|   32|         96|
    |grp_fu_1682_p1  |  14|          3|   32|         96|
    |grp_fu_1686_ce  |  14|          3|    1|          3|
    |grp_fu_1686_p0  |  14|          3|   32|         96|
    |grp_fu_1686_p1  |  14|          3|   32|         96|
    |grp_fu_1690_ce  |  14|          3|    1|          3|
    |grp_fu_1690_p0  |  14|          3|   32|         96|
    |grp_fu_1690_p1  |  14|          3|   32|         96|
    |grp_fu_1694_ce  |  14|          3|    1|          3|
    |grp_fu_1694_p0  |  14|          3|   32|         96|
    |grp_fu_1694_p1  |  14|          3|   32|         96|
    |grp_fu_1698_ce  |  14|          3|    1|          3|
    |grp_fu_1698_p0  |  14|          3|   32|         96|
    |grp_fu_1698_p1  |  14|          3|   32|         96|
    |grp_fu_1702_ce  |  14|          3|    1|          3|
    |grp_fu_1702_p0  |  14|          3|   32|         96|
    |grp_fu_1702_p1  |  14|          3|   32|         96|
    |grp_fu_1706_ce  |  14|          3|    1|          3|
    |grp_fu_1706_p0  |  14|          3|   32|         96|
    |grp_fu_1706_p1  |  14|          3|   32|         96|
    |grp_fu_1710_ce  |  14|          3|    1|          3|
    |grp_fu_1710_p0  |  14|          3|   32|         96|
    |grp_fu_1710_p1  |  14|          3|   32|         96|
    |grp_fu_1714_ce  |  14|          3|    1|          3|
    |grp_fu_1714_p0  |  14|          3|   32|         96|
    |grp_fu_1714_p1  |  14|          3|   32|         96|
    |grp_fu_1718_ce  |  14|          3|    1|          3|
    |grp_fu_1718_p0  |  14|          3|   32|         96|
    |grp_fu_1718_p1  |  14|          3|   32|         96|
    |grp_fu_1722_ce  |  14|          3|    1|          3|
    |grp_fu_1722_p0  |  14|          3|   32|         96|
    |grp_fu_1722_p1  |  14|          3|   32|         96|
    |grp_fu_1726_ce  |  14|          3|    1|          3|
    |grp_fu_1726_p0  |  14|          3|   32|         96|
    |grp_fu_1726_p1  |  14|          3|   32|         96|
    |grp_fu_1730_ce  |   9|          2|    1|          2|
    |grp_fu_1734_ce  |   9|          2|    1|          2|
    |grp_fu_1738_ce  |   9|          2|    1|          2|
    |grp_fu_1742_ce  |   9|          2|    1|          2|
    |grp_fu_1746_ce  |   9|          2|    1|          2|
    |grp_fu_1750_ce  |   9|          2|    1|          2|
    |grp_fu_1754_ce  |   9|          2|    1|          2|
    |grp_fu_1758_ce  |   9|          2|    1|          2|
    |grp_fu_1762_ce  |   9|          2|    1|          2|
    |grp_fu_1766_ce  |   9|          2|    1|          2|
    |grp_fu_1770_ce  |   9|          2|    1|          2|
    |grp_fu_1774_ce  |   9|          2|    1|          2|
    |grp_fu_1778_ce  |   9|          2|    1|          2|
    |grp_fu_1782_ce  |   9|          2|    1|          2|
    |grp_fu_1786_ce  |   9|          2|    1|          2|
    |grp_fu_1790_ce  |   9|          2|    1|          2|
    |grp_fu_1794_ce  |  14|          3|    1|          3|
    |grp_fu_1794_p0  |  14|          3|   32|         96|
    |grp_fu_1794_p1  |  14|          3|   32|         96|
    |grp_fu_1798_ce  |  14|          3|    1|          3|
    |grp_fu_1798_p0  |  14|          3|   32|         96|
    |grp_fu_1798_p1  |  14|          3|   32|         96|
    |grp_fu_1802_ce  |  14|          3|    1|          3|
    |grp_fu_1802_p0  |  14|          3|   32|         96|
    |grp_fu_1802_p1  |  14|          3|   32|         96|
    |grp_fu_1806_ce  |  14|          3|    1|          3|
    |grp_fu_1806_p0  |  14|          3|   32|         96|
    |grp_fu_1806_p1  |  14|          3|   32|         96|
    |grp_fu_1810_ce  |  14|          3|    1|          3|
    |grp_fu_1810_p0  |  14|          3|   32|         96|
    |grp_fu_1810_p1  |  14|          3|   32|         96|
    |grp_fu_1814_ce  |  14|          3|    1|          3|
    |grp_fu_1814_p0  |  14|          3|   32|         96|
    |grp_fu_1814_p1  |  14|          3|   32|         96|
    |grp_fu_1818_ce  |  14|          3|    1|          3|
    |grp_fu_1818_p0  |  14|          3|   32|         96|
    |grp_fu_1818_p1  |  14|          3|   32|         96|
    |grp_fu_1822_ce  |  14|          3|    1|          3|
    |grp_fu_1822_p0  |  14|          3|   32|         96|
    |grp_fu_1822_p1  |  14|          3|   32|         96|
    |grp_fu_1826_ce  |  14|          3|    1|          3|
    |grp_fu_1826_p0  |  14|          3|   32|         96|
    |grp_fu_1826_p1  |  14|          3|   32|         96|
    |grp_fu_1830_ce  |  14|          3|    1|          3|
    |grp_fu_1830_p0  |  14|          3|   32|         96|
    |grp_fu_1830_p1  |  14|          3|   32|         96|
    |grp_fu_1834_ce  |  14|          3|    1|          3|
    |grp_fu_1834_p0  |  14|          3|   32|         96|
    |grp_fu_1834_p1  |  14|          3|   32|         96|
    |grp_fu_1838_ce  |  14|          3|    1|          3|
    |grp_fu_1838_p0  |  14|          3|   32|         96|
    |grp_fu_1838_p1  |  14|          3|   32|         96|
    |grp_fu_1842_ce  |  14|          3|    1|          3|
    |grp_fu_1842_p0  |  14|          3|   32|         96|
    |grp_fu_1842_p1  |  14|          3|   32|         96|
    |grp_fu_1846_ce  |  14|          3|    1|          3|
    |grp_fu_1846_p0  |  14|          3|   32|         96|
    |grp_fu_1846_p1  |  14|          3|   32|         96|
    |grp_fu_1850_ce  |  14|          3|    1|          3|
    |grp_fu_1850_p0  |  14|          3|   32|         96|
    |grp_fu_1850_p1  |  14|          3|   32|         96|
    |grp_fu_1854_ce  |   9|          2|    1|          2|
    |grp_fu_1858_ce  |   9|          2|    1|          2|
    |grp_fu_1862_ce  |   9|          2|    1|          2|
    |grp_fu_1866_ce  |   9|          2|    1|          2|
    |grp_fu_1870_ce  |   9|          2|    1|          2|
    |grp_fu_1874_ce  |   9|          2|    1|          2|
    |grp_fu_1878_ce  |   9|          2|    1|          2|
    |grp_fu_1882_ce  |   9|          2|    1|          2|
    |grp_fu_1886_ce  |   9|          2|    1|          2|
    |grp_fu_1890_ce  |   9|          2|    1|          2|
    |grp_fu_1894_ce  |   9|          2|    1|          2|
    |grp_fu_1898_ce  |   9|          2|    1|          2|
    |grp_fu_1902_ce  |   9|          2|    1|          2|
    |grp_fu_1906_ce  |   9|          2|    1|          2|
    |grp_fu_1910_ce  |   9|          2|    1|          2|
    |grp_fu_1914_ce  |   9|          2|    1|          2|
    |grp_fu_648_ce   |  26|          5|    1|          5|
    |grp_fu_648_p0   |  31|          6|   32|        192|
    |grp_fu_648_p1   |  31|          6|   32|        192|
    |grp_fu_658_ce   |  14|          3|    1|          3|
    |grp_fu_658_p0   |  14|          3|   32|         96|
    |grp_fu_658_p1   |  20|          4|   32|        128|
    |i_fu_234        |   9|          2|    6|         12|
    |l3_address0     |  14|          3|    3|          9|
    |l3_ce0          |  14|          3|    1|          3|
    |l3_we0          |   9|          2|    1|          2|
    +----------------+----+-----------+-----+-----------+
    |Total           |1931|        412| 2254|       7093|
    +----------------+----+-----------+-----+-----------+

    * Register: 
    +---------------------------------------------------------------+----+----+-----+-----------+
    |                              Name                             | FF | LUT| Bits| Const Bits|
    +---------------------------------------------------------------+----+----+-----+-----------+
    |acc_reg_1601                                                   |  32|   0|   32|          0|
    |add_ln576_reg_1426                                             |   6|   0|    6|          0|
    |ap_CS_fsm                                                      |  16|   0|   16|          0|
    |ap_predicate_pred1284_state10                                  |   1|   0|    1|          0|
    |ap_predicate_pred1296_state10                                  |   1|   0|    1|          0|
    |ap_predicate_pred1303_state10                                  |   1|   0|    1|          0|
    |ap_predicate_pred1310_state10                                  |   1|   0|    1|          0|
    |ap_predicate_pred1317_state10                                  |   1|   0|    1|          0|
    |ap_predicate_pred1324_state10                                  |   1|   0|    1|          0|
    |ap_predicate_pred1331_state10                                  |   1|   0|    1|          0|
    |ap_predicate_pred1338_state10                                  |   1|   0|    1|          0|
    |ap_predicate_pred1345_state10                                  |   1|   0|    1|          0|
    |ap_predicate_pred1352_state10                                  |   1|   0|    1|          0|
    |ap_predicate_pred1359_state10                                  |   1|   0|    1|          0|
    |ap_predicate_pred1366_state10                                  |   1|   0|    1|          0|
    |ap_predicate_pred1373_state10                                  |   1|   0|    1|          0|
    |ap_predicate_pred1380_state10                                  |   1|   0|    1|          0|
    |ap_predicate_pred1387_state10                                  |   1|   0|    1|          0|
    |ap_predicate_pred1394_state10                                  |   1|   0|    1|          0|
    |ap_predicate_pred1401_state10                                  |   1|   0|    1|          0|
    |ap_predicate_pred1408_state10                                  |   1|   0|    1|          0|
    |ap_predicate_pred1415_state10                                  |   1|   0|    1|          0|
    |ap_predicate_pred1422_state10                                  |   1|   0|    1|          0|
    |ap_predicate_pred1429_state10                                  |   1|   0|    1|          0|
    |ap_predicate_pred1436_state10                                  |   1|   0|    1|          0|
    |ap_predicate_pred1443_state10                                  |   1|   0|    1|          0|
    |ap_predicate_pred1450_state10                                  |   1|   0|    1|          0|
    |ap_predicate_pred1457_state10                                  |   1|   0|    1|          0|
    |ap_predicate_pred1464_state10                                  |   1|   0|    1|          0|
    |ap_predicate_pred1471_state10                                  |   1|   0|    1|          0|
    |ap_predicate_pred1478_state10                                  |   1|   0|    1|          0|
    |ap_predicate_pred1485_state10                                  |   1|   0|    1|          0|
    |ap_predicate_pred1492_state10                                  |   1|   0|    1|          0|
    |ap_predicate_pred1499_state10                                  |   1|   0|    1|          0|
    |ap_predicate_pred1506_state10                                  |   1|   0|    1|          0|
    |empty_846_fu_242                                               |  32|   0|   32|          0|
    |empty_847_fu_246                                               |  32|   0|   32|          0|
    |empty_848_fu_250                                               |  32|   0|   32|          0|
    |empty_849_fu_254                                               |  32|   0|   32|          0|
    |empty_850_fu_258                                               |  32|   0|   32|          0|
    |empty_851_fu_262                                               |  32|   0|   32|          0|
    |empty_852_fu_266                                               |  32|   0|   32|          0|
    |empty_853_fu_270                                               |  32|   0|   32|          0|
    |empty_854_fu_274                                               |  32|   0|   32|          0|
    |empty_855_fu_278                                               |  32|   0|   32|          0|
    |empty_856_fu_282                                               |  32|   0|   32|          0|
    |empty_857_fu_286                                               |  32|   0|   32|          0|
    |empty_858_fu_290                                               |  32|   0|   32|          0|
    |empty_859_fu_294                                               |  32|   0|   32|          0|
    |empty_860_fu_298                                               |  32|   0|   32|          0|
    |empty_861_fu_302                                               |  32|   0|   32|          0|
    |empty_862_fu_306                                               |  32|   0|   32|          0|
    |empty_863_fu_310                                               |  32|   0|   32|          0|
    |empty_864_fu_314                                               |  32|   0|   32|          0|
    |empty_865_fu_318                                               |  32|   0|   32|          0|
    |empty_866_fu_322                                               |  32|   0|   32|          0|
    |empty_867_fu_326                                               |  32|   0|   32|          0|
    |empty_868_fu_330                                               |  32|   0|   32|          0|
    |empty_869_fu_334                                               |  32|   0|   32|          0|
    |empty_870_fu_338                                               |  32|   0|   32|          0|
    |empty_871_fu_342                                               |  32|   0|   32|          0|
    |empty_872_fu_346                                               |  32|   0|   32|          0|
    |empty_873_fu_350                                               |  32|   0|   32|          0|
    |empty_874_fu_354                                               |  32|   0|   32|          0|
    |empty_875_fu_358                                               |  32|   0|   32|          0|
    |empty_876_fu_362                                               |  32|   0|   32|          0|
    |empty_fu_238                                                   |  32|   0|   32|          0|
    |grp_mlp_head479_Pipeline_VITIS_LOOP_579_2_fu_573_ap_start_reg  |   1|   0|    1|          0|
    |grp_mlp_head479_Pipeline_VITIS_LOOP_586_3_fu_455_ap_start_reg  |   1|   0|    1|          0|
    |grp_mlp_head479_Pipeline_VITIS_LOOP_596_5_fu_585_ap_start_reg  |   1|   0|    1|          0|
    |grp_mlp_head479_Pipeline_VITIS_LOOP_608_7_fu_640_ap_start_reg  |   1|   0|    1|          0|
    |i_fu_234                                                       |   6|   0|    6|          0|
    |tmp_1_reg_1609                                                 |  32|   0|   32|          0|
    |tmp_s_reg_1596                                                 |   5|   0|   12|          7|
    |trunc_ln576_reg_1418                                           |   5|   0|    5|          0|
    +---------------------------------------------------------------+----+----+-----+-----------+
    |Total                                                          |1162|   0| 1169|          7|
    +---------------------------------------------------------------+----+----+-----+-----------+



================================================================
== Interface
================================================================
* Summary: 
+----------------------+-----+-----+------------+--------------+--------------+
|       RTL Ports      | Dir | Bits|  Protocol  | Source Object|    C Type    |
+----------------------+-----+-----+------------+--------------+--------------+
|ap_clk                |   in|    1|  ap_ctrl_hs|   mlp_head479|  return value|
|ap_rst                |   in|    1|  ap_ctrl_hs|   mlp_head479|  return value|
|ap_start              |   in|    1|  ap_ctrl_hs|   mlp_head479|  return value|
|ap_done               |  out|    1|  ap_ctrl_hs|   mlp_head479|  return value|
|ap_idle               |  out|    1|  ap_ctrl_hs|   mlp_head479|  return value|
|ap_ready              |  out|    1|  ap_ctrl_hs|   mlp_head479|  return value|
|ap_return             |  out|   32|  ap_ctrl_hs|   mlp_head479|  return value|
|grp_fu_1187_p_din0    |  out|   32|  ap_ctrl_hs|   mlp_head479|  return value|
|grp_fu_1187_p_din1    |  out|   32|  ap_ctrl_hs|   mlp_head479|  return value|
|grp_fu_1187_p_dout0   |   in|   32|  ap_ctrl_hs|   mlp_head479|  return value|
|grp_fu_1187_p_ce      |  out|    1|  ap_ctrl_hs|   mlp_head479|  return value|
|grp_fu_1191_p_din0    |  out|   32|  ap_ctrl_hs|   mlp_head479|  return value|
|grp_fu_1191_p_din1    |  out|   32|  ap_ctrl_hs|   mlp_head479|  return value|
|grp_fu_1191_p_opcode  |  out|    2|  ap_ctrl_hs|   mlp_head479|  return value|
|grp_fu_1191_p_dout0   |   in|   32|  ap_ctrl_hs|   mlp_head479|  return value|
|grp_fu_1191_p_ce      |  out|    1|  ap_ctrl_hs|   mlp_head479|  return value|
|grp_fu_1195_p_din0    |  out|   32|  ap_ctrl_hs|   mlp_head479|  return value|
|grp_fu_1195_p_din1    |  out|   32|  ap_ctrl_hs|   mlp_head479|  return value|
|grp_fu_1195_p_opcode  |  out|    2|  ap_ctrl_hs|   mlp_head479|  return value|
|grp_fu_1195_p_dout0   |   in|   32|  ap_ctrl_hs|   mlp_head479|  return value|
|grp_fu_1195_p_ce      |  out|    1|  ap_ctrl_hs|   mlp_head479|  return value|
|grp_fu_1199_p_din0    |  out|   32|  ap_ctrl_hs|   mlp_head479|  return value|
|grp_fu_1199_p_din1    |  out|   32|  ap_ctrl_hs|   mlp_head479|  return value|
|grp_fu_1199_p_opcode  |  out|    2|  ap_ctrl_hs|   mlp_head479|  return value|
|grp_fu_1199_p_dout0   |   in|   32|  ap_ctrl_hs|   mlp_head479|  return value|
|grp_fu_1199_p_ce      |  out|    1|  ap_ctrl_hs|   mlp_head479|  return value|
|grp_fu_1203_p_din0    |  out|   32|  ap_ctrl_hs|   mlp_head479|  return value|
|grp_fu_1203_p_din1    |  out|   32|  ap_ctrl_hs|   mlp_head479|  return value|
|grp_fu_1203_p_opcode  |  out|    2|  ap_ctrl_hs|   mlp_head479|  return value|
|grp_fu_1203_p_dout0   |   in|   32|  ap_ctrl_hs|   mlp_head479|  return value|
|grp_fu_1203_p_ce      |  out|    1|  ap_ctrl_hs|   mlp_head479|  return value|
|grp_fu_1207_p_din0    |  out|   32|  ap_ctrl_hs|   mlp_head479|  return value|
|grp_fu_1207_p_din1    |  out|   32|  ap_ctrl_hs|   mlp_head479|  return value|
|grp_fu_1207_p_opcode  |  out|    2|  ap_ctrl_hs|   mlp_head479|  return value|
|grp_fu_1207_p_dout0   |   in|   32|  ap_ctrl_hs|   mlp_head479|  return value|
|grp_fu_1207_p_ce      |  out|    1|  ap_ctrl_hs|   mlp_head479|  return value|
|grp_fu_1211_p_din0    |  out|   32|  ap_ctrl_hs|   mlp_head479|  return value|
|grp_fu_1211_p_din1    |  out|   32|  ap_ctrl_hs|   mlp_head479|  return value|
|grp_fu_1211_p_opcode  |  out|    2|  ap_ctrl_hs|   mlp_head479|  return value|
|grp_fu_1211_p_dout0   |   in|   32|  ap_ctrl_hs|   mlp_head479|  return value|
|grp_fu_1211_p_ce      |  out|    1|  ap_ctrl_hs|   mlp_head479|  return value|
|grp_fu_1215_p_din0    |  out|   32|  ap_ctrl_hs|   mlp_head479|  return value|
|grp_fu_1215_p_din1    |  out|   32|  ap_ctrl_hs|   mlp_head479|  return value|
|grp_fu_1215_p_opcode  |  out|    2|  ap_ctrl_hs|   mlp_head479|  return value|
|grp_fu_1215_p_dout0   |   in|   32|  ap_ctrl_hs|   mlp_head479|  return value|
|grp_fu_1215_p_ce      |  out|    1|  ap_ctrl_hs|   mlp_head479|  return value|
|grp_fu_1219_p_din0    |  out|   32|  ap_ctrl_hs|   mlp_head479|  return value|
|grp_fu_1219_p_din1    |  out|   32|  ap_ctrl_hs|   mlp_head479|  return value|
|grp_fu_1219_p_opcode  |  out|    2|  ap_ctrl_hs|   mlp_head479|  return value|
|grp_fu_1219_p_dout0   |   in|   32|  ap_ctrl_hs|   mlp_head479|  return value|
|grp_fu_1219_p_ce      |  out|    1|  ap_ctrl_hs|   mlp_head479|  return value|
|grp_fu_1223_p_din0    |  out|   32|  ap_ctrl_hs|   mlp_head479|  return value|
|grp_fu_1223_p_din1    |  out|   32|  ap_ctrl_hs|   mlp_head479|  return value|
|grp_fu_1223_p_opcode  |  out|    2|  ap_ctrl_hs|   mlp_head479|  return value|
|grp_fu_1223_p_dout0   |   in|   32|  ap_ctrl_hs|   mlp_head479|  return value|
|grp_fu_1223_p_ce      |  out|    1|  ap_ctrl_hs|   mlp_head479|  return value|
|grp_fu_1227_p_din0    |  out|   32|  ap_ctrl_hs|   mlp_head479|  return value|
|grp_fu_1227_p_din1    |  out|   32|  ap_ctrl_hs|   mlp_head479|  return value|
|grp_fu_1227_p_opcode  |  out|    2|  ap_ctrl_hs|   mlp_head479|  return value|
|grp_fu_1227_p_dout0   |   in|   32|  ap_ctrl_hs|   mlp_head479|  return value|
|grp_fu_1227_p_ce      |  out|    1|  ap_ctrl_hs|   mlp_head479|  return value|
|grp_fu_1231_p_din0    |  out|   32|  ap_ctrl_hs|   mlp_head479|  return value|
|grp_fu_1231_p_din1    |  out|   32|  ap_ctrl_hs|   mlp_head479|  return value|
|grp_fu_1231_p_opcode  |  out|    2|  ap_ctrl_hs|   mlp_head479|  return value|
|grp_fu_1231_p_dout0   |   in|   32|  ap_ctrl_hs|   mlp_head479|  return value|
|grp_fu_1231_p_ce      |  out|    1|  ap_ctrl_hs|   mlp_head479|  return value|
|grp_fu_1235_p_din0    |  out|   32|  ap_ctrl_hs|   mlp_head479|  return value|
|grp_fu_1235_p_din1    |  out|   32|  ap_ctrl_hs|   mlp_head479|  return value|
|grp_fu_1235_p_opcode  |  out|    2|  ap_ctrl_hs|   mlp_head479|  return value|
|grp_fu_1235_p_dout0   |   in|   32|  ap_ctrl_hs|   mlp_head479|  return value|
|grp_fu_1235_p_ce      |  out|    1|  ap_ctrl_hs|   mlp_head479|  return value|
|grp_fu_1239_p_din0    |  out|   32|  ap_ctrl_hs|   mlp_head479|  return value|
|grp_fu_1239_p_din1    |  out|   32|  ap_ctrl_hs|   mlp_head479|  return value|
|grp_fu_1239_p_opcode  |  out|    2|  ap_ctrl_hs|   mlp_head479|  return value|
|grp_fu_1239_p_dout0   |   in|   32|  ap_ctrl_hs|   mlp_head479|  return value|
|grp_fu_1239_p_ce      |  out|    1|  ap_ctrl_hs|   mlp_head479|  return value|
|grp_fu_1243_p_din0    |  out|   32|  ap_ctrl_hs|   mlp_head479|  return value|
|grp_fu_1243_p_din1    |  out|   32|  ap_ctrl_hs|   mlp_head479|  return value|
|grp_fu_1243_p_opcode  |  out|    2|  ap_ctrl_hs|   mlp_head479|  return value|
|grp_fu_1243_p_dout0   |   in|   32|  ap_ctrl_hs|   mlp_head479|  return value|
|grp_fu_1243_p_ce      |  out|    1|  ap_ctrl_hs|   mlp_head479|  return value|
|grp_fu_1247_p_din0    |  out|   32|  ap_ctrl_hs|   mlp_head479|  return value|
|grp_fu_1247_p_din1    |  out|   32|  ap_ctrl_hs|   mlp_head479|  return value|
|grp_fu_1247_p_opcode  |  out|    2|  ap_ctrl_hs|   mlp_head479|  return value|
|grp_fu_1247_p_dout0   |   in|   32|  ap_ctrl_hs|   mlp_head479|  return value|
|grp_fu_1247_p_ce      |  out|    1|  ap_ctrl_hs|   mlp_head479|  return value|
|grp_fu_1251_p_din0    |  out|   32|  ap_ctrl_hs|   mlp_head479|  return value|
|grp_fu_1251_p_din1    |  out|   32|  ap_ctrl_hs|   mlp_head479|  return value|
|grp_fu_1251_p_opcode  |  out|    2|  ap_ctrl_hs|   mlp_head479|  return value|
|grp_fu_1251_p_dout0   |   in|   32|  ap_ctrl_hs|   mlp_head479|  return value|
|grp_fu_1251_p_ce      |  out|    1|  ap_ctrl_hs|   mlp_head479|  return value|
|grp_fu_1255_p_din0    |  out|   32|  ap_ctrl_hs|   mlp_head479|  return value|
|grp_fu_1255_p_din1    |  out|   32|  ap_ctrl_hs|   mlp_head479|  return value|
|grp_fu_1255_p_opcode  |  out|    2|  ap_ctrl_hs|   mlp_head479|  return value|
|grp_fu_1255_p_dout0   |   in|   32|  ap_ctrl_hs|   mlp_head479|  return value|
|grp_fu_1255_p_ce      |  out|    1|  ap_ctrl_hs|   mlp_head479|  return value|
|grp_fu_1259_p_din0    |  out|   32|  ap_ctrl_hs|   mlp_head479|  return value|
|grp_fu_1259_p_din1    |  out|   32|  ap_ctrl_hs|   mlp_head479|  return value|
|grp_fu_1259_p_opcode  |  out|    2|  ap_ctrl_hs|   mlp_head479|  return value|
|grp_fu_1259_p_dout0   |   in|   32|  ap_ctrl_hs|   mlp_head479|  return value|
|grp_fu_1259_p_ce      |  out|    1|  ap_ctrl_hs|   mlp_head479|  return value|
|grp_fu_1263_p_din0    |  out|   32|  ap_ctrl_hs|   mlp_head479|  return value|
|grp_fu_1263_p_din1    |  out|   32|  ap_ctrl_hs|   mlp_head479|  return value|
|grp_fu_1263_p_opcode  |  out|    2|  ap_ctrl_hs|   mlp_head479|  return value|
|grp_fu_1263_p_dout0   |   in|   32|  ap_ctrl_hs|   mlp_head479|  return value|
|grp_fu_1263_p_ce      |  out|    1|  ap_ctrl_hs|   mlp_head479|  return value|
|grp_fu_1267_p_din0    |  out|   32|  ap_ctrl_hs|   mlp_head479|  return value|
|grp_fu_1267_p_din1    |  out|   32|  ap_ctrl_hs|   mlp_head479|  return value|
|grp_fu_1267_p_opcode  |  out|    2|  ap_ctrl_hs|   mlp_head479|  return value|
|grp_fu_1267_p_dout0   |   in|   32|  ap_ctrl_hs|   mlp_head479|  return value|
|grp_fu_1267_p_ce      |  out|    1|  ap_ctrl_hs|   mlp_head479|  return value|
|grp_fu_1271_p_din0    |  out|   32|  ap_ctrl_hs|   mlp_head479|  return value|
|grp_fu_1271_p_din1    |  out|   32|  ap_ctrl_hs|   mlp_head479|  return value|
|grp_fu_1271_p_opcode  |  out|    2|  ap_ctrl_hs|   mlp_head479|  return value|
|grp_fu_1271_p_dout0   |   in|   32|  ap_ctrl_hs|   mlp_head479|  return value|
|grp_fu_1271_p_ce      |  out|    1|  ap_ctrl_hs|   mlp_head479|  return value|
|grp_fu_1275_p_din0    |  out|   32|  ap_ctrl_hs|   mlp_head479|  return value|
|grp_fu_1275_p_din1    |  out|   32|  ap_ctrl_hs|   mlp_head479|  return value|
|grp_fu_1275_p_opcode  |  out|    2|  ap_ctrl_hs|   mlp_head479|  return value|
|grp_fu_1275_p_dout0   |   in|   32|  ap_ctrl_hs|   mlp_head479|  return value|
|grp_fu_1275_p_ce      |  out|    1|  ap_ctrl_hs|   mlp_head479|  return value|
|grp_fu_1279_p_din0    |  out|   32|  ap_ctrl_hs|   mlp_head479|  return value|
|grp_fu_1279_p_din1    |  out|   32|  ap_ctrl_hs|   mlp_head479|  return value|
|grp_fu_1279_p_opcode  |  out|    2|  ap_ctrl_hs|   mlp_head479|  return value|
|grp_fu_1279_p_dout0   |   in|   32|  ap_ctrl_hs|   mlp_head479|  return value|
|grp_fu_1279_p_ce      |  out|    1|  ap_ctrl_hs|   mlp_head479|  return value|
|grp_fu_1283_p_din0    |  out|   32|  ap_ctrl_hs|   mlp_head479|  return value|
|grp_fu_1283_p_din1    |  out|   32|  ap_ctrl_hs|   mlp_head479|  return value|
|grp_fu_1283_p_opcode  |  out|    2|  ap_ctrl_hs|   mlp_head479|  return value|
|grp_fu_1283_p_dout0   |   in|   32|  ap_ctrl_hs|   mlp_head479|  return value|
|grp_fu_1283_p_ce      |  out|    1|  ap_ctrl_hs|   mlp_head479|  return value|
|grp_fu_1287_p_din0    |  out|   32|  ap_ctrl_hs|   mlp_head479|  return value|
|grp_fu_1287_p_din1    |  out|   32|  ap_ctrl_hs|   mlp_head479|  return value|
|grp_fu_1287_p_opcode  |  out|    2|  ap_ctrl_hs|   mlp_head479|  return value|
|grp_fu_1287_p_dout0   |   in|   32|  ap_ctrl_hs|   mlp_head479|  return value|
|grp_fu_1287_p_ce      |  out|    1|  ap_ctrl_hs|   mlp_head479|  return value|
|grp_fu_1291_p_din0    |  out|   32|  ap_ctrl_hs|   mlp_head479|  return value|
|grp_fu_1291_p_din1    |  out|   32|  ap_ctrl_hs|   mlp_head479|  return value|
|grp_fu_1291_p_opcode  |  out|    2|  ap_ctrl_hs|   mlp_head479|  return value|
|grp_fu_1291_p_dout0   |   in|   32|  ap_ctrl_hs|   mlp_head479|  return value|
|grp_fu_1291_p_ce      |  out|    1|  ap_ctrl_hs|   mlp_head479|  return value|
|grp_fu_1295_p_din0    |  out|   32|  ap_ctrl_hs|   mlp_head479|  return value|
|grp_fu_1295_p_din1    |  out|   32|  ap_ctrl_hs|   mlp_head479|  return value|
|grp_fu_1295_p_opcode  |  out|    2|  ap_ctrl_hs|   mlp_head479|  return value|
|grp_fu_1295_p_dout0   |   in|   32|  ap_ctrl_hs|   mlp_head479|  return value|
|grp_fu_1295_p_ce      |  out|    1|  ap_ctrl_hs|   mlp_head479|  return value|
|grp_fu_1299_p_din0    |  out|   32|  ap_ctrl_hs|   mlp_head479|  return value|
|grp_fu_1299_p_din1    |  out|   32|  ap_ctrl_hs|   mlp_head479|  return value|
|grp_fu_1299_p_opcode  |  out|    2|  ap_ctrl_hs|   mlp_head479|  return value|
|grp_fu_1299_p_dout0   |   in|   32|  ap_ctrl_hs|   mlp_head479|  return value|
|grp_fu_1299_p_ce      |  out|    1|  ap_ctrl_hs|   mlp_head479|  return value|
|grp_fu_1303_p_din0    |  out|   32|  ap_ctrl_hs|   mlp_head479|  return value|
|grp_fu_1303_p_din1    |  out|   32|  ap_ctrl_hs|   mlp_head479|  return value|
|grp_fu_1303_p_opcode  |  out|    2|  ap_ctrl_hs|   mlp_head479|  return value|
|grp_fu_1303_p_dout0   |   in|   32|  ap_ctrl_hs|   mlp_head479|  return value|
|grp_fu_1303_p_ce      |  out|    1|  ap_ctrl_hs|   mlp_head479|  return value|
|grp_fu_1307_p_din0    |  out|   32|  ap_ctrl_hs|   mlp_head479|  return value|
|grp_fu_1307_p_din1    |  out|   32|  ap_ctrl_hs|   mlp_head479|  return value|
|grp_fu_1307_p_opcode  |  out|    2|  ap_ctrl_hs|   mlp_head479|  return value|
|grp_fu_1307_p_dout0   |   in|   32|  ap_ctrl_hs|   mlp_head479|  return value|
|grp_fu_1307_p_ce      |  out|    1|  ap_ctrl_hs|   mlp_head479|  return value|
|grp_fu_1311_p_din0    |  out|   32|  ap_ctrl_hs|   mlp_head479|  return value|
|grp_fu_1311_p_din1    |  out|   32|  ap_ctrl_hs|   mlp_head479|  return value|
|grp_fu_1311_p_opcode  |  out|    2|  ap_ctrl_hs|   mlp_head479|  return value|
|grp_fu_1311_p_dout0   |   in|   32|  ap_ctrl_hs|   mlp_head479|  return value|
|grp_fu_1311_p_ce      |  out|    1|  ap_ctrl_hs|   mlp_head479|  return value|
|grp_fu_1315_p_din0    |  out|   32|  ap_ctrl_hs|   mlp_head479|  return value|
|grp_fu_1315_p_din1    |  out|   32|  ap_ctrl_hs|   mlp_head479|  return value|
|grp_fu_1315_p_opcode  |  out|    2|  ap_ctrl_hs|   mlp_head479|  return value|
|grp_fu_1315_p_dout0   |   in|   32|  ap_ctrl_hs|   mlp_head479|  return value|
|grp_fu_1315_p_ce      |  out|    1|  ap_ctrl_hs|   mlp_head479|  return value|
|grp_fu_1319_p_din0    |  out|   32|  ap_ctrl_hs|   mlp_head479|  return value|
|grp_fu_1319_p_din1    |  out|   32|  ap_ctrl_hs|   mlp_head479|  return value|
|grp_fu_1319_p_dout0   |   in|   32|  ap_ctrl_hs|   mlp_head479|  return value|
|grp_fu_1319_p_ce      |  out|    1|  ap_ctrl_hs|   mlp_head479|  return value|
|grp_fu_1323_p_din0    |  out|   32|  ap_ctrl_hs|   mlp_head479|  return value|
|grp_fu_1323_p_din1    |  out|   32|  ap_ctrl_hs|   mlp_head479|  return value|
|grp_fu_1323_p_dout0   |   in|   32|  ap_ctrl_hs|   mlp_head479|  return value|
|grp_fu_1323_p_ce      |  out|    1|  ap_ctrl_hs|   mlp_head479|  return value|
|grp_fu_1327_p_din0    |  out|   32|  ap_ctrl_hs|   mlp_head479|  return value|
|grp_fu_1327_p_din1    |  out|   32|  ap_ctrl_hs|   mlp_head479|  return value|
|grp_fu_1327_p_dout0   |   in|   32|  ap_ctrl_hs|   mlp_head479|  return value|
|grp_fu_1327_p_ce      |  out|    1|  ap_ctrl_hs|   mlp_head479|  return value|
|grp_fu_1331_p_din0    |  out|   32|  ap_ctrl_hs|   mlp_head479|  return value|
|grp_fu_1331_p_din1    |  out|   32|  ap_ctrl_hs|   mlp_head479|  return value|
|grp_fu_1331_p_dout0   |   in|   32|  ap_ctrl_hs|   mlp_head479|  return value|
|grp_fu_1331_p_ce      |  out|    1|  ap_ctrl_hs|   mlp_head479|  return value|
|grp_fu_1335_p_din0    |  out|   32|  ap_ctrl_hs|   mlp_head479|  return value|
|grp_fu_1335_p_din1    |  out|   32|  ap_ctrl_hs|   mlp_head479|  return value|
|grp_fu_1335_p_dout0   |   in|   32|  ap_ctrl_hs|   mlp_head479|  return value|
|grp_fu_1335_p_ce      |  out|    1|  ap_ctrl_hs|   mlp_head479|  return value|
|grp_fu_1339_p_din0    |  out|   32|  ap_ctrl_hs|   mlp_head479|  return value|
|grp_fu_1339_p_din1    |  out|   32|  ap_ctrl_hs|   mlp_head479|  return value|
|grp_fu_1339_p_dout0   |   in|   32|  ap_ctrl_hs|   mlp_head479|  return value|
|grp_fu_1339_p_ce      |  out|    1|  ap_ctrl_hs|   mlp_head479|  return value|
|grp_fu_1343_p_din0    |  out|   32|  ap_ctrl_hs|   mlp_head479|  return value|
|grp_fu_1343_p_din1    |  out|   32|  ap_ctrl_hs|   mlp_head479|  return value|
|grp_fu_1343_p_dout0   |   in|   32|  ap_ctrl_hs|   mlp_head479|  return value|
|grp_fu_1343_p_ce      |  out|    1|  ap_ctrl_hs|   mlp_head479|  return value|
|grp_fu_1347_p_din0    |  out|   32|  ap_ctrl_hs|   mlp_head479|  return value|
|grp_fu_1347_p_din1    |  out|   32|  ap_ctrl_hs|   mlp_head479|  return value|
|grp_fu_1347_p_dout0   |   in|   32|  ap_ctrl_hs|   mlp_head479|  return value|
|grp_fu_1347_p_ce      |  out|    1|  ap_ctrl_hs|   mlp_head479|  return value|
|grp_fu_1351_p_din0    |  out|   32|  ap_ctrl_hs|   mlp_head479|  return value|
|grp_fu_1351_p_din1    |  out|   32|  ap_ctrl_hs|   mlp_head479|  return value|
|grp_fu_1351_p_dout0   |   in|   32|  ap_ctrl_hs|   mlp_head479|  return value|
|grp_fu_1351_p_ce      |  out|    1|  ap_ctrl_hs|   mlp_head479|  return value|
|grp_fu_1355_p_din0    |  out|   32|  ap_ctrl_hs|   mlp_head479|  return value|
|grp_fu_1355_p_din1    |  out|   32|  ap_ctrl_hs|   mlp_head479|  return value|
|grp_fu_1355_p_dout0   |   in|   32|  ap_ctrl_hs|   mlp_head479|  return value|
|grp_fu_1355_p_ce      |  out|    1|  ap_ctrl_hs|   mlp_head479|  return value|
|grp_fu_1359_p_din0    |  out|   32|  ap_ctrl_hs|   mlp_head479|  return value|
|grp_fu_1359_p_din1    |  out|   32|  ap_ctrl_hs|   mlp_head479|  return value|
|grp_fu_1359_p_dout0   |   in|   32|  ap_ctrl_hs|   mlp_head479|  return value|
|grp_fu_1359_p_ce      |  out|    1|  ap_ctrl_hs|   mlp_head479|  return value|
|grp_fu_1363_p_din0    |  out|   32|  ap_ctrl_hs|   mlp_head479|  return value|
|grp_fu_1363_p_din1    |  out|   32|  ap_ctrl_hs|   mlp_head479|  return value|
|grp_fu_1363_p_dout0   |   in|   32|  ap_ctrl_hs|   mlp_head479|  return value|
|grp_fu_1363_p_ce      |  out|    1|  ap_ctrl_hs|   mlp_head479|  return value|
|grp_fu_1367_p_din0    |  out|   32|  ap_ctrl_hs|   mlp_head479|  return value|
|grp_fu_1367_p_din1    |  out|   32|  ap_ctrl_hs|   mlp_head479|  return value|
|grp_fu_1367_p_dout0   |   in|   32|  ap_ctrl_hs|   mlp_head479|  return value|
|grp_fu_1367_p_ce      |  out|    1|  ap_ctrl_hs|   mlp_head479|  return value|
|grp_fu_1371_p_din0    |  out|   32|  ap_ctrl_hs|   mlp_head479|  return value|
|grp_fu_1371_p_din1    |  out|   32|  ap_ctrl_hs|   mlp_head479|  return value|
|grp_fu_1371_p_dout0   |   in|   32|  ap_ctrl_hs|   mlp_head479|  return value|
|grp_fu_1371_p_ce      |  out|    1|  ap_ctrl_hs|   mlp_head479|  return value|
|grp_fu_1375_p_din0    |  out|   32|  ap_ctrl_hs|   mlp_head479|  return value|
|grp_fu_1375_p_din1    |  out|   32|  ap_ctrl_hs|   mlp_head479|  return value|
|grp_fu_1375_p_dout0   |   in|   32|  ap_ctrl_hs|   mlp_head479|  return value|
|grp_fu_1375_p_ce      |  out|    1|  ap_ctrl_hs|   mlp_head479|  return value|
|grp_fu_1379_p_din0    |  out|   32|  ap_ctrl_hs|   mlp_head479|  return value|
|grp_fu_1379_p_din1    |  out|   32|  ap_ctrl_hs|   mlp_head479|  return value|
|grp_fu_1379_p_dout0   |   in|   32|  ap_ctrl_hs|   mlp_head479|  return value|
|grp_fu_1379_p_ce      |  out|    1|  ap_ctrl_hs|   mlp_head479|  return value|
|grp_fu_1383_p_din0    |  out|   32|  ap_ctrl_hs|   mlp_head479|  return value|
|grp_fu_1383_p_din1    |  out|   32|  ap_ctrl_hs|   mlp_head479|  return value|
|grp_fu_1383_p_dout0   |   in|   32|  ap_ctrl_hs|   mlp_head479|  return value|
|grp_fu_1383_p_ce      |  out|    1|  ap_ctrl_hs|   mlp_head479|  return value|
|grp_fu_1387_p_din0    |  out|   32|  ap_ctrl_hs|   mlp_head479|  return value|
|grp_fu_1387_p_din1    |  out|   32|  ap_ctrl_hs|   mlp_head479|  return value|
|grp_fu_1387_p_dout0   |   in|   32|  ap_ctrl_hs|   mlp_head479|  return value|
|grp_fu_1387_p_ce      |  out|    1|  ap_ctrl_hs|   mlp_head479|  return value|
|grp_fu_1391_p_din0    |  out|   32|  ap_ctrl_hs|   mlp_head479|  return value|
|grp_fu_1391_p_din1    |  out|   32|  ap_ctrl_hs|   mlp_head479|  return value|
|grp_fu_1391_p_dout0   |   in|   32|  ap_ctrl_hs|   mlp_head479|  return value|
|grp_fu_1391_p_ce      |  out|    1|  ap_ctrl_hs|   mlp_head479|  return value|
|grp_fu_1395_p_din0    |  out|   32|  ap_ctrl_hs|   mlp_head479|  return value|
|grp_fu_1395_p_din1    |  out|   32|  ap_ctrl_hs|   mlp_head479|  return value|
|grp_fu_1395_p_dout0   |   in|   32|  ap_ctrl_hs|   mlp_head479|  return value|
|grp_fu_1395_p_ce      |  out|    1|  ap_ctrl_hs|   mlp_head479|  return value|
|grp_fu_1399_p_din0    |  out|   32|  ap_ctrl_hs|   mlp_head479|  return value|
|grp_fu_1399_p_din1    |  out|   32|  ap_ctrl_hs|   mlp_head479|  return value|
|grp_fu_1399_p_dout0   |   in|   32|  ap_ctrl_hs|   mlp_head479|  return value|
|grp_fu_1399_p_ce      |  out|    1|  ap_ctrl_hs|   mlp_head479|  return value|
|grp_fu_1403_p_din0    |  out|   32|  ap_ctrl_hs|   mlp_head479|  return value|
|grp_fu_1403_p_din1    |  out|   32|  ap_ctrl_hs|   mlp_head479|  return value|
|grp_fu_1403_p_dout0   |   in|   32|  ap_ctrl_hs|   mlp_head479|  return value|
|grp_fu_1403_p_ce      |  out|    1|  ap_ctrl_hs|   mlp_head479|  return value|
|grp_fu_1407_p_din0    |  out|   32|  ap_ctrl_hs|   mlp_head479|  return value|
|grp_fu_1407_p_din1    |  out|   32|  ap_ctrl_hs|   mlp_head479|  return value|
|grp_fu_1407_p_dout0   |   in|   32|  ap_ctrl_hs|   mlp_head479|  return value|
|grp_fu_1407_p_ce      |  out|    1|  ap_ctrl_hs|   mlp_head479|  return value|
|grp_fu_1411_p_din0    |  out|   32|  ap_ctrl_hs|   mlp_head479|  return value|
|grp_fu_1411_p_din1    |  out|   32|  ap_ctrl_hs|   mlp_head479|  return value|
|grp_fu_1411_p_dout0   |   in|   32|  ap_ctrl_hs|   mlp_head479|  return value|
|grp_fu_1411_p_ce      |  out|    1|  ap_ctrl_hs|   mlp_head479|  return value|
|grp_fu_1415_p_din0    |  out|   32|  ap_ctrl_hs|   mlp_head479|  return value|
|grp_fu_1415_p_din1    |  out|   32|  ap_ctrl_hs|   mlp_head479|  return value|
|grp_fu_1415_p_dout0   |   in|   32|  ap_ctrl_hs|   mlp_head479|  return value|
|grp_fu_1415_p_ce      |  out|    1|  ap_ctrl_hs|   mlp_head479|  return value|
|grp_fu_1419_p_din0    |  out|   32|  ap_ctrl_hs|   mlp_head479|  return value|
|grp_fu_1419_p_din1    |  out|   32|  ap_ctrl_hs|   mlp_head479|  return value|
|grp_fu_1419_p_dout0   |   in|   32|  ap_ctrl_hs|   mlp_head479|  return value|
|grp_fu_1419_p_ce      |  out|    1|  ap_ctrl_hs|   mlp_head479|  return value|
|grp_fu_1423_p_din0    |  out|   32|  ap_ctrl_hs|   mlp_head479|  return value|
|grp_fu_1423_p_din1    |  out|   32|  ap_ctrl_hs|   mlp_head479|  return value|
|grp_fu_1423_p_dout0   |   in|   32|  ap_ctrl_hs|   mlp_head479|  return value|
|grp_fu_1423_p_ce      |  out|    1|  ap_ctrl_hs|   mlp_head479|  return value|
|grp_fu_1427_p_din0    |  out|   32|  ap_ctrl_hs|   mlp_head479|  return value|
|grp_fu_1427_p_din1    |  out|   32|  ap_ctrl_hs|   mlp_head479|  return value|
|grp_fu_1427_p_dout0   |   in|   32|  ap_ctrl_hs|   mlp_head479|  return value|
|grp_fu_1427_p_ce      |  out|    1|  ap_ctrl_hs|   mlp_head479|  return value|
|grp_fu_1431_p_din0    |  out|   32|  ap_ctrl_hs|   mlp_head479|  return value|
|grp_fu_1431_p_din1    |  out|   32|  ap_ctrl_hs|   mlp_head479|  return value|
|grp_fu_1431_p_dout0   |   in|   32|  ap_ctrl_hs|   mlp_head479|  return value|
|grp_fu_1431_p_ce      |  out|    1|  ap_ctrl_hs|   mlp_head479|  return value|
|grp_fu_1435_p_din0    |  out|   32|  ap_ctrl_hs|   mlp_head479|  return value|
|grp_fu_1435_p_din1    |  out|   32|  ap_ctrl_hs|   mlp_head479|  return value|
|grp_fu_1435_p_dout0   |   in|   32|  ap_ctrl_hs|   mlp_head479|  return value|
|grp_fu_1435_p_ce      |  out|    1|  ap_ctrl_hs|   mlp_head479|  return value|
|grp_fu_1439_p_din0    |  out|   32|  ap_ctrl_hs|   mlp_head479|  return value|
|grp_fu_1439_p_din1    |  out|   32|  ap_ctrl_hs|   mlp_head479|  return value|
|grp_fu_1439_p_dout0   |   in|   32|  ap_ctrl_hs|   mlp_head479|  return value|
|grp_fu_1439_p_ce      |  out|    1|  ap_ctrl_hs|   mlp_head479|  return value|
|grp_fu_1443_p_din0    |  out|   32|  ap_ctrl_hs|   mlp_head479|  return value|
|grp_fu_1443_p_din1    |  out|   32|  ap_ctrl_hs|   mlp_head479|  return value|
|grp_fu_1443_p_opcode  |  out|    2|  ap_ctrl_hs|   mlp_head479|  return value|
|grp_fu_1443_p_dout0   |   in|   32|  ap_ctrl_hs|   mlp_head479|  return value|
|grp_fu_1443_p_ce      |  out|    1|  ap_ctrl_hs|   mlp_head479|  return value|
|grp_fu_1447_p_din0    |  out|   32|  ap_ctrl_hs|   mlp_head479|  return value|
|grp_fu_1447_p_din1    |  out|   32|  ap_ctrl_hs|   mlp_head479|  return value|
|grp_fu_1447_p_dout0   |   in|   32|  ap_ctrl_hs|   mlp_head479|  return value|
|grp_fu_1447_p_ce      |  out|    1|  ap_ctrl_hs|   mlp_head479|  return value|
|input_r_address1      |  out|    7|   ap_memory|       input_r|         array|
|input_r_ce1           |  out|    1|   ap_memory|       input_r|         array|
|input_r_q1            |   in|   32|   ap_memory|       input_r|         array|
+----------------------+-----+-----+------------+--------------+--------------+

============================================================
+ Verbose Summary: Synthesis Manager
============================================================
InlineROM: 1
ExposeGlobal: 0
============================================================
+ Verbose Summary: CDFG Model
============================================================
IsTopModel: 0
ResetActiveHigh: 1
IsCombinational: 2
IsDatapathOnly: 2
HasWiredReturn: 1
HasMFsm: 0
HasVarLatency: 1
IsPipeline: 0
IsRtlPipelined: 0
IsInstanceOverlapped: 0
IsDontTouch: 0
HasImplIP: 0
IsGatedGlobalClock: 0


============================================================
+ Verbose Summary: Schedule
============================================================
* Number of FSM states : 16
* Pipeline : 0
* Dataflow Pipeline: 0

* FSM state transitions: 
1 --> 2 
2 --> 3 11 
3 --> 4 
4 --> 5 
5 --> 6 
6 --> 7 
7 --> 8 
8 --> 9 
9 --> 10 
10 --> 2 
11 --> 12 
12 --> 13 
13 --> 14 
14 --> 15 
15 --> 16 
16 --> 

* FSM state operations: 

State 1 <SV = 0> <Delay = 0.54>
ST_1 : Operation 17 [1/1] (0.00ns)   --->   "%i = alloca i32 1" [src/moe.cpp:576]   --->   Operation 17 'alloca' 'i' <Predicate = true> <Delay = 0.00>
ST_1 : Operation 18 [1/1] (0.00ns)   --->   "%empty = alloca i32 1"   --->   Operation 18 'alloca' 'empty' <Predicate = true> <Delay = 0.00>
ST_1 : Operation 19 [1/1] (0.00ns)   --->   "%empty_846 = alloca i32 1"   --->   Operation 19 'alloca' 'empty_846' <Predicate = true> <Delay = 0.00>
ST_1 : Operation 20 [1/1] (0.00ns)   --->   "%empty_847 = alloca i32 1"   --->   Operation 20 'alloca' 'empty_847' <Predicate = true> <Delay = 0.00>
ST_1 : Operation 21 [1/1] (0.00ns)   --->   "%empty_848 = alloca i32 1"   --->   Operation 21 'alloca' 'empty_848' <Predicate = true> <Delay = 0.00>
ST_1 : Operation 22 [1/1] (0.00ns)   --->   "%empty_849 = alloca i32 1"   --->   Operation 22 'alloca' 'empty_849' <Predicate = true> <Delay = 0.00>
ST_1 : Operation 23 [1/1] (0.00ns)   --->   "%empty_850 = alloca i32 1"   --->   Operation 23 'alloca' 'empty_850' <Predicate = true> <Delay = 0.00>
ST_1 : Operation 24 [1/1] (0.00ns)   --->   "%empty_851 = alloca i32 1"   --->   Operation 24 'alloca' 'empty_851' <Predicate = true> <Delay = 0.00>
ST_1 : Operation 25 [1/1] (0.00ns)   --->   "%empty_852 = alloca i32 1"   --->   Operation 25 'alloca' 'empty_852' <Predicate = true> <Delay = 0.00>
ST_1 : Operation 26 [1/1] (0.00ns)   --->   "%empty_853 = alloca i32 1"   --->   Operation 26 'alloca' 'empty_853' <Predicate = true> <Delay = 0.00>
ST_1 : Operation 27 [1/1] (0.00ns)   --->   "%empty_854 = alloca i32 1"   --->   Operation 27 'alloca' 'empty_854' <Predicate = true> <Delay = 0.00>
ST_1 : Operation 28 [1/1] (0.00ns)   --->   "%empty_855 = alloca i32 1"   --->   Operation 28 'alloca' 'empty_855' <Predicate = true> <Delay = 0.00>
ST_1 : Operation 29 [1/1] (0.00ns)   --->   "%empty_856 = alloca i32 1"   --->   Operation 29 'alloca' 'empty_856' <Predicate = true> <Delay = 0.00>
ST_1 : Operation 30 [1/1] (0.00ns)   --->   "%empty_857 = alloca i32 1"   --->   Operation 30 'alloca' 'empty_857' <Predicate = true> <Delay = 0.00>
ST_1 : Operation 31 [1/1] (0.00ns)   --->   "%empty_858 = alloca i32 1"   --->   Operation 31 'alloca' 'empty_858' <Predicate = true> <Delay = 0.00>
ST_1 : Operation 32 [1/1] (0.00ns)   --->   "%empty_859 = alloca i32 1"   --->   Operation 32 'alloca' 'empty_859' <Predicate = true> <Delay = 0.00>
ST_1 : Operation 33 [1/1] (0.00ns)   --->   "%empty_860 = alloca i32 1"   --->   Operation 33 'alloca' 'empty_860' <Predicate = true> <Delay = 0.00>
ST_1 : Operation 34 [1/1] (0.00ns)   --->   "%empty_861 = alloca i32 1"   --->   Operation 34 'alloca' 'empty_861' <Predicate = true> <Delay = 0.00>
ST_1 : Operation 35 [1/1] (0.00ns)   --->   "%empty_862 = alloca i32 1"   --->   Operation 35 'alloca' 'empty_862' <Predicate = true> <Delay = 0.00>
ST_1 : Operation 36 [1/1] (0.00ns)   --->   "%empty_863 = alloca i32 1"   --->   Operation 36 'alloca' 'empty_863' <Predicate = true> <Delay = 0.00>
ST_1 : Operation 37 [1/1] (0.00ns)   --->   "%empty_864 = alloca i32 1"   --->   Operation 37 'alloca' 'empty_864' <Predicate = true> <Delay = 0.00>
ST_1 : Operation 38 [1/1] (0.00ns)   --->   "%empty_865 = alloca i32 1"   --->   Operation 38 'alloca' 'empty_865' <Predicate = true> <Delay = 0.00>
ST_1 : Operation 39 [1/1] (0.00ns)   --->   "%empty_866 = alloca i32 1"   --->   Operation 39 'alloca' 'empty_866' <Predicate = true> <Delay = 0.00>
ST_1 : Operation 40 [1/1] (0.00ns)   --->   "%empty_867 = alloca i32 1"   --->   Operation 40 'alloca' 'empty_867' <Predicate = true> <Delay = 0.00>
ST_1 : Operation 41 [1/1] (0.00ns)   --->   "%empty_868 = alloca i32 1"   --->   Operation 41 'alloca' 'empty_868' <Predicate = true> <Delay = 0.00>
ST_1 : Operation 42 [1/1] (0.00ns)   --->   "%empty_869 = alloca i32 1"   --->   Operation 42 'alloca' 'empty_869' <Predicate = true> <Delay = 0.00>
ST_1 : Operation 43 [1/1] (0.00ns)   --->   "%empty_870 = alloca i32 1"   --->   Operation 43 'alloca' 'empty_870' <Predicate = true> <Delay = 0.00>
ST_1 : Operation 44 [1/1] (0.00ns)   --->   "%empty_871 = alloca i32 1"   --->   Operation 44 'alloca' 'empty_871' <Predicate = true> <Delay = 0.00>
ST_1 : Operation 45 [1/1] (0.00ns)   --->   "%empty_872 = alloca i32 1"   --->   Operation 45 'alloca' 'empty_872' <Predicate = true> <Delay = 0.00>
ST_1 : Operation 46 [1/1] (0.00ns)   --->   "%empty_873 = alloca i32 1"   --->   Operation 46 'alloca' 'empty_873' <Predicate = true> <Delay = 0.00>
ST_1 : Operation 47 [1/1] (0.00ns)   --->   "%empty_874 = alloca i32 1"   --->   Operation 47 'alloca' 'empty_874' <Predicate = true> <Delay = 0.00>
ST_1 : Operation 48 [1/1] (0.00ns)   --->   "%empty_875 = alloca i32 1"   --->   Operation 48 'alloca' 'empty_875' <Predicate = true> <Delay = 0.00>
ST_1 : Operation 49 [1/1] (0.00ns)   --->   "%empty_876 = alloca i32 1"   --->   Operation 49 'alloca' 'empty_876' <Predicate = true> <Delay = 0.00>
ST_1 : Operation 50 [1/1] (0.00ns)   --->   "%output_loc = alloca i64 1"   --->   Operation 50 'alloca' 'output_loc' <Predicate = true> <Delay = 0.00>
ST_1 : Operation 51 [1/1] (0.00ns)   --->   "%p_loc63 = alloca i64 1"   --->   Operation 51 'alloca' 'p_loc63' <Predicate = true> <Delay = 0.00>
ST_1 : Operation 52 [1/1] (0.00ns)   --->   "%p_loc62 = alloca i64 1"   --->   Operation 52 'alloca' 'p_loc62' <Predicate = true> <Delay = 0.00>
ST_1 : Operation 53 [1/1] (0.00ns)   --->   "%p_loc61 = alloca i64 1"   --->   Operation 53 'alloca' 'p_loc61' <Predicate = true> <Delay = 0.00>
ST_1 : Operation 54 [1/1] (0.00ns)   --->   "%p_loc60 = alloca i64 1"   --->   Operation 54 'alloca' 'p_loc60' <Predicate = true> <Delay = 0.00>
ST_1 : Operation 55 [1/1] (0.00ns)   --->   "%p_loc59 = alloca i64 1"   --->   Operation 55 'alloca' 'p_loc59' <Predicate = true> <Delay = 0.00>
ST_1 : Operation 56 [1/1] (0.00ns)   --->   "%p_loc58 = alloca i64 1"   --->   Operation 56 'alloca' 'p_loc58' <Predicate = true> <Delay = 0.00>
ST_1 : Operation 57 [1/1] (0.00ns)   --->   "%p_loc57 = alloca i64 1"   --->   Operation 57 'alloca' 'p_loc57' <Predicate = true> <Delay = 0.00>
ST_1 : Operation 58 [1/1] (0.00ns)   --->   "%p_loc56 = alloca i64 1"   --->   Operation 58 'alloca' 'p_loc56' <Predicate = true> <Delay = 0.00>
ST_1 : Operation 59 [1/1] (0.00ns)   --->   "%p_loc55 = alloca i64 1"   --->   Operation 59 'alloca' 'p_loc55' <Predicate = true> <Delay = 0.00>
ST_1 : Operation 60 [1/1] (0.00ns)   --->   "%p_loc54 = alloca i64 1"   --->   Operation 60 'alloca' 'p_loc54' <Predicate = true> <Delay = 0.00>
ST_1 : Operation 61 [1/1] (0.00ns)   --->   "%p_loc53 = alloca i64 1"   --->   Operation 61 'alloca' 'p_loc53' <Predicate = true> <Delay = 0.00>
ST_1 : Operation 62 [1/1] (0.00ns)   --->   "%p_loc52 = alloca i64 1"   --->   Operation 62 'alloca' 'p_loc52' <Predicate = true> <Delay = 0.00>
ST_1 : Operation 63 [1/1] (0.00ns)   --->   "%p_loc51 = alloca i64 1"   --->   Operation 63 'alloca' 'p_loc51' <Predicate = true> <Delay = 0.00>
ST_1 : Operation 64 [1/1] (0.00ns)   --->   "%p_loc50 = alloca i64 1"   --->   Operation 64 'alloca' 'p_loc50' <Predicate = true> <Delay = 0.00>
ST_1 : Operation 65 [1/1] (0.00ns)   --->   "%p_loc49 = alloca i64 1"   --->   Operation 65 'alloca' 'p_loc49' <Predicate = true> <Delay = 0.00>
ST_1 : Operation 66 [1/1] (0.00ns)   --->   "%p_loc = alloca i64 1"   --->   Operation 66 'alloca' 'p_loc' <Predicate = true> <Delay = 0.00>
ST_1 : Operation 67 [1/1] (0.00ns)   --->   "%acc_013_loc = alloca i64 1"   --->   Operation 67 'alloca' 'acc_013_loc' <Predicate = true> <Delay = 0.00>
ST_1 : Operation 68 [1/1] (0.00ns)   --->   "%specbindport_ln0 = specbindport void @_ssdm_op_SpecBindPort, i32 %input_r, i32 1, void @p_str"   --->   Operation 68 'specbindport' 'specbindport_ln0' <Predicate = true> <Delay = 0.00>
ST_1 : Operation 69 [1/1] (0.00ns)   --->   "%specshared_ln0 = specshared void @_ssdm_op_SpecShared, i32 %input_r, void @p_str"   --->   Operation 69 'specshared' 'specshared_ln0' <Predicate = true> <Delay = 0.00>
ST_1 : Operation 70 [1/1] (0.00ns)   --->   "%specinterface_ln0 = specinterface void @_ssdm_op_SpecInterface, i32 %input_r, void @empty_1, i32 0, i32 0, void @empty_2, i32 4294967295, i32 0, void @empty_2, void @empty_2, void @empty_2, i32 0, i32 0, i32 0, i32 0, void @empty_2, void @empty_2, i32 4294967295, i32 0"   --->   Operation 70 'specinterface' 'specinterface_ln0' <Predicate = true> <Delay = 0.00>
ST_1 : Operation 71 [1/1] (0.54ns)   --->   "%l3 = alloca i64 1" [src/moe.cpp:573]   --->   Operation 71 'alloca' 'l3' <Predicate = true> <Delay = 0.54>
ST_1 : Operation 72 [1/1] (0.36ns)   --->   "%store_ln576 = store i6 0, i6 %i" [src/moe.cpp:576]   --->   Operation 72 'store' 'store_ln576' <Predicate = true> <Delay = 0.36>
ST_1 : Operation 73 [1/1] (0.00ns)   --->   "%br_ln576 = br void %VITIS_LOOP_579_2" [src/moe.cpp:576]   --->   Operation 73 'br' 'br_ln576' <Predicate = true> <Delay = 0.00>

State 2 <SV = 1> <Delay = 1.02>
ST_2 : Operation 74 [1/1] (0.00ns)   --->   "%i_6 = load i6 %i" [src/moe.cpp:576]   --->   Operation 74 'load' 'i_6' <Predicate = true> <Delay = 0.00>
ST_2 : Operation 75 [1/1] (0.00ns)   --->   "%trunc_ln576 = trunc i6 %i_6" [src/moe.cpp:576]   --->   Operation 75 'trunc' 'trunc_ln576' <Predicate = true> <Delay = 0.00>
ST_2 : Operation 76 [1/1] (0.64ns)   --->   "%icmp_ln576 = icmp_eq  i6 %i_6, i6 32" [src/moe.cpp:576]   --->   Operation 76 'icmp' 'icmp_ln576' <Predicate = true> <Delay = 0.64> <CoreInst = "Cmp">   --->   Core 9 'Cmp' <Latency = 0> <II = 1> <Delay = 0.65> <FuncUnit> <Opcode : 'icmp'> <InPorts = 2> <OutPorts = 1>
ST_2 : Operation 77 [1/1] (0.64ns)   --->   "%add_ln576 = add i6 %i_6, i6 1" [src/moe.cpp:576]   --->   Operation 77 'add' 'add_ln576' <Predicate = true> <Delay = 0.64> <CoreInst = "Adder">   --->   Core 1 'Adder' <Latency = 0> <II = 1> <Delay = 0.64> <FuncUnit> <Opcode : 'add' 'sub'> <InPorts = 2> <OutPorts = 1>
ST_2 : Operation 78 [1/1] (0.00ns)   --->   "%br_ln576 = br i1 %icmp_ln576, void %VITIS_LOOP_579_2.split, void %VITIS_LOOP_589_4.preheader" [src/moe.cpp:576]   --->   Operation 78 'br' 'br_ln576' <Predicate = true> <Delay = 0.00>
ST_2 : Operation 79 [1/1] (0.00ns)   --->   "%zext_ln576 = zext i6 %i_6" [src/moe.cpp:576]   --->   Operation 79 'zext' 'zext_ln576' <Predicate = (!icmp_ln576)> <Delay = 0.00>
ST_2 : Operation 80 [1/1] (0.00ns)   --->   "%e1_bram_b0_addr = getelementptr i32 %e1_bram_b0, i64 0, i64 %zext_ln576" [src/moe.cpp:577]   --->   Operation 80 'getelementptr' 'e1_bram_b0_addr' <Predicate = (!icmp_ln576)> <Delay = 0.00>
ST_2 : Operation 81 [2/2] (1.02ns)   --->   "%acc = load i5 %e1_bram_b0_addr" [src/moe.cpp:577]   --->   Operation 81 'load' 'acc' <Predicate = (!icmp_ln576)> <Delay = 1.02> <CoreInst = "ROM">   --->   Core 101 'ROM' <Latency = 1> <II = 1> <Delay = 1.02> <Storage> <Opcode : 'load'> <Ports = 0> <Width = 32> <Depth = 32> <ROM>
ST_2 : Operation 82 [1/1] (0.00ns)   --->   "%p_load117 = load i32 %empty"   --->   Operation 82 'load' 'p_load117' <Predicate = (icmp_ln576)> <Delay = 0.00>
ST_2 : Operation 83 [1/1] (0.00ns)   --->   "%p_load116 = load i32 %empty_846"   --->   Operation 83 'load' 'p_load116' <Predicate = (icmp_ln576)> <Delay = 0.00>
ST_2 : Operation 84 [1/1] (0.00ns)   --->   "%p_load115 = load i32 %empty_847"   --->   Operation 84 'load' 'p_load115' <Predicate = (icmp_ln576)> <Delay = 0.00>
ST_2 : Operation 85 [1/1] (0.00ns)   --->   "%p_load114 = load i32 %empty_848"   --->   Operation 85 'load' 'p_load114' <Predicate = (icmp_ln576)> <Delay = 0.00>
ST_2 : Operation 86 [1/1] (0.00ns)   --->   "%p_load113 = load i32 %empty_849"   --->   Operation 86 'load' 'p_load113' <Predicate = (icmp_ln576)> <Delay = 0.00>
ST_2 : Operation 87 [1/1] (0.00ns)   --->   "%p_load112 = load i32 %empty_850"   --->   Operation 87 'load' 'p_load112' <Predicate = (icmp_ln576)> <Delay = 0.00>
ST_2 : Operation 88 [1/1] (0.00ns)   --->   "%p_load111 = load i32 %empty_851"   --->   Operation 88 'load' 'p_load111' <Predicate = (icmp_ln576)> <Delay = 0.00>
ST_2 : Operation 89 [1/1] (0.00ns)   --->   "%p_load110 = load i32 %empty_852"   --->   Operation 89 'load' 'p_load110' <Predicate = (icmp_ln576)> <Delay = 0.00>
ST_2 : Operation 90 [1/1] (0.00ns)   --->   "%p_load109 = load i32 %empty_853"   --->   Operation 90 'load' 'p_load109' <Predicate = (icmp_ln576)> <Delay = 0.00>
ST_2 : Operation 91 [1/1] (0.00ns)   --->   "%p_load108 = load i32 %empty_854"   --->   Operation 91 'load' 'p_load108' <Predicate = (icmp_ln576)> <Delay = 0.00>
ST_2 : Operation 92 [1/1] (0.00ns)   --->   "%p_load107 = load i32 %empty_855"   --->   Operation 92 'load' 'p_load107' <Predicate = (icmp_ln576)> <Delay = 0.00>
ST_2 : Operation 93 [1/1] (0.00ns)   --->   "%p_load106 = load i32 %empty_856"   --->   Operation 93 'load' 'p_load106' <Predicate = (icmp_ln576)> <Delay = 0.00>
ST_2 : Operation 94 [1/1] (0.00ns)   --->   "%p_load105 = load i32 %empty_857"   --->   Operation 94 'load' 'p_load105' <Predicate = (icmp_ln576)> <Delay = 0.00>
ST_2 : Operation 95 [1/1] (0.00ns)   --->   "%p_load104 = load i32 %empty_858"   --->   Operation 95 'load' 'p_load104' <Predicate = (icmp_ln576)> <Delay = 0.00>
ST_2 : Operation 96 [1/1] (0.00ns)   --->   "%p_load103 = load i32 %empty_859"   --->   Operation 96 'load' 'p_load103' <Predicate = (icmp_ln576)> <Delay = 0.00>
ST_2 : Operation 97 [1/1] (0.00ns)   --->   "%p_load102 = load i32 %empty_860"   --->   Operation 97 'load' 'p_load102' <Predicate = (icmp_ln576)> <Delay = 0.00>
ST_2 : Operation 98 [1/1] (0.00ns)   --->   "%p_load101 = load i32 %empty_861"   --->   Operation 98 'load' 'p_load101' <Predicate = (icmp_ln576)> <Delay = 0.00>
ST_2 : Operation 99 [1/1] (0.00ns)   --->   "%p_load100 = load i32 %empty_862"   --->   Operation 99 'load' 'p_load100' <Predicate = (icmp_ln576)> <Delay = 0.00>
ST_2 : Operation 100 [1/1] (0.00ns)   --->   "%p_load99 = load i32 %empty_863"   --->   Operation 100 'load' 'p_load99' <Predicate = (icmp_ln576)> <Delay = 0.00>
ST_2 : Operation 101 [1/1] (0.00ns)   --->   "%p_load98 = load i32 %empty_864"   --->   Operation 101 'load' 'p_load98' <Predicate = (icmp_ln576)> <Delay = 0.00>
ST_2 : Operation 102 [1/1] (0.00ns)   --->   "%p_load97 = load i32 %empty_865"   --->   Operation 102 'load' 'p_load97' <Predicate = (icmp_ln576)> <Delay = 0.00>
ST_2 : Operation 103 [1/1] (0.00ns)   --->   "%p_load96 = load i32 %empty_866"   --->   Operation 103 'load' 'p_load96' <Predicate = (icmp_ln576)> <Delay = 0.00>
ST_2 : Operation 104 [1/1] (0.00ns)   --->   "%p_load95 = load i32 %empty_867"   --->   Operation 104 'load' 'p_load95' <Predicate = (icmp_ln576)> <Delay = 0.00>
ST_2 : Operation 105 [1/1] (0.00ns)   --->   "%p_load94 = load i32 %empty_868"   --->   Operation 105 'load' 'p_load94' <Predicate = (icmp_ln576)> <Delay = 0.00>
ST_2 : Operation 106 [1/1] (0.00ns)   --->   "%p_load93 = load i32 %empty_869"   --->   Operation 106 'load' 'p_load93' <Predicate = (icmp_ln576)> <Delay = 0.00>
ST_2 : Operation 107 [1/1] (0.00ns)   --->   "%p_load92 = load i32 %empty_870"   --->   Operation 107 'load' 'p_load92' <Predicate = (icmp_ln576)> <Delay = 0.00>
ST_2 : Operation 108 [1/1] (0.00ns)   --->   "%p_load91 = load i32 %empty_871"   --->   Operation 108 'load' 'p_load91' <Predicate = (icmp_ln576)> <Delay = 0.00>
ST_2 : Operation 109 [1/1] (0.00ns)   --->   "%p_load90 = load i32 %empty_872"   --->   Operation 109 'load' 'p_load90' <Predicate = (icmp_ln576)> <Delay = 0.00>
ST_2 : Operation 110 [1/1] (0.00ns)   --->   "%p_load89 = load i32 %empty_873"   --->   Operation 110 'load' 'p_load89' <Predicate = (icmp_ln576)> <Delay = 0.00>
ST_2 : Operation 111 [1/1] (0.00ns)   --->   "%p_load88 = load i32 %empty_874"   --->   Operation 111 'load' 'p_load88' <Predicate = (icmp_ln576)> <Delay = 0.00>
ST_2 : Operation 112 [1/1] (0.00ns)   --->   "%p_load87 = load i32 %empty_875"   --->   Operation 112 'load' 'p_load87' <Predicate = (icmp_ln576)> <Delay = 0.00>
ST_2 : Operation 113 [1/1] (0.00ns)   --->   "%p_load = load i32 %empty_876"   --->   Operation 113 'load' 'p_load' <Predicate = (icmp_ln576)> <Delay = 0.00>
ST_2 : Operation 114 [2/2] (0.00ns)   --->   "%call_ln0 = call void @mlp_head479_Pipeline_VITIS_LOOP_586_3, i32 %p_load89, i32 %p_load88, i32 %p_load87, i32 %p_load, i32 %p_load117, i32 %p_load116, i32 %p_load115, i32 %p_load114, i32 %p_load113, i32 %p_load112, i32 %p_load111, i32 %p_load110, i32 %p_load109, i32 %p_load108, i32 %p_load107, i32 %p_load106, i32 %p_load105, i32 %p_load104, i32 %p_load103, i32 %p_load102, i32 %p_load101, i32 %p_load100, i32 %p_load99, i32 %p_load98, i32 %p_load97, i32 %p_load96, i32 %p_load95, i32 %p_load94, i32 %p_load93, i32 %p_load92, i32 %p_load91, i32 %p_load90, i32 %p_loc, i32 %p_loc49, i32 %p_loc50, i32 %p_loc51, i32 %p_loc52, i32 %p_loc53, i32 %p_loc54, i32 %p_loc55, i32 %p_loc56, i32 %p_loc57, i32 %p_loc58, i32 %p_loc59, i32 %p_loc60, i32 %p_loc61, i32 %p_loc62, i32 %p_loc63, i32 %e1_bram_b1, i32 %p_ZL10e1_bram_w1_0, i32 %p_ZL10e1_bram_w1_1, i32 %p_ZL10e1_bram_w1_2, i32 %p_ZL10e1_bram_w1_3, i32 %p_ZL10e1_bram_w1_4, i32 %p_ZL10e1_bram_w1_5, i32 %p_ZL10e1_bram_w1_6, i32 %p_ZL10e1_bram_w1_7, i32 %p_ZL10e1_bram_w1_8, i32 %p_ZL10e1_bram_w1_9, i32 %p_ZL10e1_bram_w1_10, i32 %p_ZL10e1_bram_w1_11, i32 %p_ZL10e1_bram_w1_12, i32 %p_ZL10e1_bram_w1_13, i32 %p_ZL10e1_bram_w1_14, i32 %p_ZL10e1_bram_w1_15, i32 %p_ZL10e1_bram_w1_16, i32 %p_ZL10e1_bram_w1_17, i32 %p_ZL10e1_bram_w1_18, i32 %p_ZL10e1_bram_w1_19, i32 %p_ZL10e1_bram_w1_20, i32 %p_ZL10e1_bram_w1_21, i32 %p_ZL10e1_bram_w1_22, i32 %p_ZL10e1_bram_w1_23, i32 %p_ZL10e1_bram_w1_24, i32 %p_ZL10e1_bram_w1_25, i32 %p_ZL10e1_bram_w1_26, i32 %p_ZL10e1_bram_w1_27, i32 %p_ZL10e1_bram_w1_28, i32 %p_ZL10e1_bram_w1_29, i32 %p_ZL10e1_bram_w1_30, i32 %p_ZL10e1_bram_w1_31"   --->   Operation 114 'call' 'call_ln0' <Predicate = (icmp_ln576)> <Delay = 0.00> <CoreType = "Generic">   --->   Core 0 '' <Latency = 0> <II = 1> <Delay = 1.00> <Generic> <Opcode : >

State 3 <SV = 2> <Delay = 2.73>
ST_3 : Operation 115 [1/1] (0.00ns)   --->   "%tmp_s = bitconcatenate i12 @_ssdm_op_BitConcatenate.i12.i5.i7, i5 %trunc_ln576, i7 0" [src/moe.cpp:580]   --->   Operation 115 'bitconcatenate' 'tmp_s' <Predicate = true> <Delay = 0.00>
ST_3 : Operation 116 [1/2] (1.02ns)   --->   "%acc = load i5 %e1_bram_b0_addr" [src/moe.cpp:577]   --->   Operation 116 'load' 'acc' <Predicate = true> <Delay = 1.02> <CoreInst = "ROM">   --->   Core 101 'ROM' <Latency = 1> <II = 1> <Delay = 1.02> <Storage> <Opcode : 'load'> <Ports = 0> <Width = 32> <Depth = 32> <ROM>
ST_3 : Operation 117 [2/2] (1.70ns)   --->   "%call_ln577 = call void @mlp_head479_Pipeline_VITIS_LOOP_579_2, i32 %acc, i12 %tmp_s, i32 %input_r, i32 %acc_013_loc, i32 %e1_bram_w0" [src/moe.cpp:577]   --->   Operation 117 'call' 'call_ln577' <Predicate = true> <Delay = 1.70> <CoreType = "Generic">   --->   Core 0 '' <Latency = 0> <II = 1> <Delay = 1.00> <Generic> <Opcode : >

State 4 <SV = 3> <Delay = 0.00>
ST_4 : Operation 118 [1/2] (0.00ns)   --->   "%call_ln577 = call void @mlp_head479_Pipeline_VITIS_LOOP_579_2, i32 %acc, i12 %tmp_s, i32 %input_r, i32 %acc_013_loc, i32 %e1_bram_w0" [src/moe.cpp:577]   --->   Operation 118 'call' 'call_ln577' <Predicate = true> <Delay = 0.00> <CoreType = "Generic">   --->   Core 0 '' <Latency = 0> <II = 1> <Delay = 1.00> <Generic> <Opcode : >

State 5 <SV = 4> <Delay = 6.28>
ST_5 : Operation 119 [1/1] (0.00ns)   --->   "%acc_013_loc_load = load i32 %acc_013_loc"   --->   Operation 119 'load' 'acc_013_loc_load' <Predicate = true> <Delay = 0.00>
ST_5 : Operation 120 [4/4] (6.28ns)   --->   "%tmp_1 = fexp i32 @llvm.exp.f32, i32 %acc_013_loc_load" [src/moe.cpp:548->src/moe.cpp:582]   --->   Operation 120 'fexp' 'tmp_1' <Predicate = true> <Delay = 6.28> <CoreInst = "FExp_fulldsp">   --->   Core 23 'FExp_fulldsp' <Latency = 3> <II = 1> <Delay = 6.28> <FuncUnit> <Opcode : 'fexp'> <InPorts = 1> <OutPorts = 1>

State 6 <SV = 5> <Delay = 6.28>
ST_6 : Operation 121 [3/4] (6.28ns)   --->   "%tmp_1 = fexp i32 @llvm.exp.f32, i32 %acc_013_loc_load" [src/moe.cpp:548->src/moe.cpp:582]   --->   Operation 121 'fexp' 'tmp_1' <Predicate = true> <Delay = 6.28> <CoreInst = "FExp_fulldsp">   --->   Core 23 'FExp_fulldsp' <Latency = 3> <II = 1> <Delay = 6.28> <FuncUnit> <Opcode : 'fexp'> <InPorts = 1> <OutPorts = 1>

State 7 <SV = 6> <Delay = 6.28>
ST_7 : Operation 122 [2/4] (6.28ns)   --->   "%tmp_1 = fexp i32 @llvm.exp.f32, i32 %acc_013_loc_load" [src/moe.cpp:548->src/moe.cpp:582]   --->   Operation 122 'fexp' 'tmp_1' <Predicate = true> <Delay = 6.28> <CoreInst = "FExp_fulldsp">   --->   Core 23 'FExp_fulldsp' <Latency = 3> <II = 1> <Delay = 6.28> <FuncUnit> <Opcode : 'fexp'> <InPorts = 1> <OutPorts = 1>

State 8 <SV = 7> <Delay = 6.28>
ST_8 : Operation 123 [1/4] (6.28ns)   --->   "%tmp_1 = fexp i32 @llvm.exp.f32, i32 %acc_013_loc_load" [src/moe.cpp:548->src/moe.cpp:582]   --->   Operation 123 'fexp' 'tmp_1' <Predicate = true> <Delay = 6.28> <CoreInst = "FExp_fulldsp">   --->   Core 23 'FExp_fulldsp' <Latency = 3> <II = 1> <Delay = 6.28> <FuncUnit> <Opcode : 'fexp'> <InPorts = 1> <OutPorts = 1>

State 9 <SV = 8> <Delay = 6.04>
ST_9 : Operation 124 [2/2] (6.04ns)   --->   "%sub_i = fadd i32 %tmp_1, i32 -1" [src/moe.cpp:548->src/moe.cpp:582]   --->   Operation 124 'fadd' 'sub_i' <Predicate = true> <Delay = 6.04> <CoreInst = "FAddSub_fulldsp">   --->   Core 18 'FAddSub_fulldsp' <Latency = 1> <II = 1> <Delay = 6.04> <FuncUnit> <Opcode : 'fadd' 'fsub'> <InPorts = 2> <OutPorts = 1>

State 10 <SV = 9> <Delay = 7.02>
ST_10 : Operation 125 [1/1] (0.00ns)   --->   "%speclooptripcount_ln576 = speclooptripcount void @_ssdm_op_SpecLoopTripCount, i64 32, i64 32, i64 32" [src/moe.cpp:576]   --->   Operation 125 'speclooptripcount' 'speclooptripcount_ln576' <Predicate = true> <Delay = 0.00>
ST_10 : Operation 126 [1/1] (0.00ns)   --->   "%specloopname_ln576 = specloopname void @_ssdm_op_SpecLoopName, void @empty_9" [src/moe.cpp:576]   --->   Operation 126 'specloopname' 'specloopname_ln576' <Predicate = true> <Delay = 0.00>
ST_10 : Operation 127 [1/1] (0.00ns)   --->   "%bitcast_ln545 = bitcast i32 %acc_013_loc_load" [src/moe.cpp:545->src/moe.cpp:582]   --->   Operation 127 'bitcast' 'bitcast_ln545' <Predicate = true> <Delay = 0.00>
ST_10 : Operation 128 [1/1] (0.00ns)   --->   "%tmp_9 = partselect i8 @_ssdm_op_PartSelect.i8.i32.i32.i32, i32 %bitcast_ln545, i32 23, i32 30" [src/moe.cpp:545->src/moe.cpp:582]   --->   Operation 128 'partselect' 'tmp_9' <Predicate = true> <Delay = 0.00>
ST_10 : Operation 129 [1/1] (0.00ns)   --->   "%trunc_ln545 = trunc i32 %bitcast_ln545" [src/moe.cpp:545->src/moe.cpp:582]   --->   Operation 129 'trunc' 'trunc_ln545' <Predicate = true> <Delay = 0.00>
ST_10 : Operation 130 [1/1] (0.65ns)   --->   "%icmp_ln545 = icmp_ne  i8 %tmp_9, i8 255" [src/moe.cpp:545->src/moe.cpp:582]   --->   Operation 130 'icmp' 'icmp_ln545' <Predicate = true> <Delay = 0.65> <CoreInst = "Cmp">   --->   Core 9 'Cmp' <Latency = 0> <II = 1> <Delay = 0.65> <FuncUnit> <Opcode : 'icmp'> <InPorts = 2> <OutPorts = 1>
ST_10 : Operation 131 [1/1] (0.75ns)   --->   "%icmp_ln545_14 = icmp_eq  i23 %trunc_ln545, i23 0" [src/moe.cpp:545->src/moe.cpp:582]   --->   Operation 131 'icmp' 'icmp_ln545_14' <Predicate = true> <Delay = 0.75> <CoreInst = "Cmp">   --->   Core 9 'Cmp' <Latency = 0> <II = 1> <Delay = 0.75> <FuncUnit> <Opcode : 'icmp'> <InPorts = 2> <OutPorts = 1>
ST_10 : Operation 132 [1/1] (0.00ns) (grouped into LUT with out node l1)   --->   "%or_ln545 = or i1 %icmp_ln545_14, i1 %icmp_ln545" [src/moe.cpp:545->src/moe.cpp:582]   --->   Operation 132 'or' 'or_ln545' <Predicate = true> <Delay = 0.00> <CoreInst = "LogicGate">   --->   Core 74 'LogicGate' <Latency = 0> <II = 1> <Delay = 0.11> <FuncUnit> <Opcode : 'and' 'or' 'xor'> <InPorts = 2> <OutPorts = 1>
ST_10 : Operation 133 [1/1] (6.81ns)   --->   "%tmp_10 = fcmp_oge  i32 %acc_013_loc_load, i32 0" [src/moe.cpp:545->src/moe.cpp:582]   --->   Operation 133 'fcmp' 'tmp_10' <Predicate = true> <Delay = 6.81> <CoreInst = "FCompare">   --->   Core 19 'FCompare' <Latency = 0> <II = 1> <Delay = 6.81> <FuncUnit> <Opcode : 'fcmp'> <InPorts = 2> <OutPorts = 1>
ST_10 : Operation 134 [1/1] (0.00ns) (grouped into LUT with out node l1)   --->   "%and_ln545 = and i1 %or_ln545, i1 %tmp_10" [src/moe.cpp:545->src/moe.cpp:582]   --->   Operation 134 'and' 'and_ln545' <Predicate = true> <Delay = 0.00> <CoreInst = "LogicGate">   --->   Core 74 'LogicGate' <Latency = 0> <II = 1> <Delay = 0.11> <FuncUnit> <Opcode : 'and' 'or' 'xor'> <InPorts = 2> <OutPorts = 1>
ST_10 : Operation 135 [1/2] (6.04ns)   --->   "%sub_i = fadd i32 %tmp_1, i32 -1" [src/moe.cpp:548->src/moe.cpp:582]   --->   Operation 135 'fadd' 'sub_i' <Predicate = true> <Delay = 6.04> <CoreInst = "FAddSub_fulldsp">   --->   Core 18 'FAddSub_fulldsp' <Latency = 1> <II = 1> <Delay = 6.04> <FuncUnit> <Opcode : 'fadd' 'fsub'> <InPorts = 2> <OutPorts = 1>
ST_10 : Operation 136 [1/1] (0.21ns) (out node of the LUT)   --->   "%l1 = select i1 %and_ln545, i32 %acc_013_loc_load, i32 %sub_i" [src/moe.cpp:545->src/moe.cpp:582]   --->   Operation 136 'select' 'l1' <Predicate = true> <Delay = 0.21> <CoreInst = "Sel">   --->   Core 73 'Sel' <Latency = 0> <II = 1> <Delay = 0.21> <FuncUnit> <Opcode : 'select'> <InPorts = 3> <OutPorts = 1>
ST_10 : Operation 137 [1/1] (0.67ns)   --->   "%switch_ln582 = switch i5 %trunc_ln576, void %arrayidx12.case.31, i5 0, void %arrayidx12.case.0, i5 1, void %arrayidx12.case.1, i5 2, void %arrayidx12.case.2, i5 3, void %arrayidx12.case.3, i5 4, void %VITIS_LOOP_579_2.split.arrayidx12.exit_crit_edge, i5 5, void %arrayidx12.case.5, i5 6, void %arrayidx12.case.6, i5 7, void %arrayidx12.case.7, i5 8, void %arrayidx12.case.8, i5 9, void %arrayidx12.case.9, i5 10, void %arrayidx12.case.10, i5 11, void %arrayidx12.case.11, i5 12, void %arrayidx12.case.12, i5 13, void %arrayidx12.case.13, i5 14, void %arrayidx12.case.14, i5 15, void %arrayidx12.case.15, i5 16, void %arrayidx12.case.16, i5 17, void %arrayidx12.case.17, i5 18, void %arrayidx12.case.18, i5 19, void %arrayidx12.case.19, i5 20, void %arrayidx12.case.20, i5 21, void %arrayidx12.case.21, i5 22, void %arrayidx12.case.22, i5 23, void %arrayidx12.case.23, i5 24, void %arrayidx12.case.24, i5 25, void %arrayidx12.case.25, i5 26, void %arrayidx12.case.26, i5 27, void %arrayidx12.case.27, i5 28, void %arrayidx12.case.28, i5 29, void %arrayidx12.case.29, i5 30, void %arrayidx12.case.30" [src/moe.cpp:582]   --->   Operation 137 'switch' 'switch_ln582' <Predicate = true> <Delay = 0.67>
ST_10 : Operation 138 [1/1] (0.00ns)   --->   "%store_ln545 = store i32 %l1, i32 %empty_871" [src/moe.cpp:545->src/moe.cpp:582]   --->   Operation 138 'store' 'store_ln545' <Predicate = (trunc_ln576 == 30)> <Delay = 0.00>
ST_10 : Operation 139 [1/1] (0.00ns)   --->   "%br_ln582 = br void %arrayidx12.exit" [src/moe.cpp:582]   --->   Operation 139 'br' 'br_ln582' <Predicate = (trunc_ln576 == 30)> <Delay = 0.00>
ST_10 : Operation 140 [1/1] (0.00ns)   --->   "%store_ln545 = store i32 %l1, i32 %empty_870" [src/moe.cpp:545->src/moe.cpp:582]   --->   Operation 140 'store' 'store_ln545' <Predicate = (trunc_ln576 == 29)> <Delay = 0.00>
ST_10 : Operation 141 [1/1] (0.00ns)   --->   "%br_ln582 = br void %arrayidx12.exit" [src/moe.cpp:582]   --->   Operation 141 'br' 'br_ln582' <Predicate = (trunc_ln576 == 29)> <Delay = 0.00>
ST_10 : Operation 142 [1/1] (0.00ns)   --->   "%store_ln545 = store i32 %l1, i32 %empty_869" [src/moe.cpp:545->src/moe.cpp:582]   --->   Operation 142 'store' 'store_ln545' <Predicate = (trunc_ln576 == 28)> <Delay = 0.00>
ST_10 : Operation 143 [1/1] (0.00ns)   --->   "%br_ln582 = br void %arrayidx12.exit" [src/moe.cpp:582]   --->   Operation 143 'br' 'br_ln582' <Predicate = (trunc_ln576 == 28)> <Delay = 0.00>
ST_10 : Operation 144 [1/1] (0.00ns)   --->   "%store_ln545 = store i32 %l1, i32 %empty_868" [src/moe.cpp:545->src/moe.cpp:582]   --->   Operation 144 'store' 'store_ln545' <Predicate = (trunc_ln576 == 27)> <Delay = 0.00>
ST_10 : Operation 145 [1/1] (0.00ns)   --->   "%br_ln582 = br void %arrayidx12.exit" [src/moe.cpp:582]   --->   Operation 145 'br' 'br_ln582' <Predicate = (trunc_ln576 == 27)> <Delay = 0.00>
ST_10 : Operation 146 [1/1] (0.00ns)   --->   "%store_ln545 = store i32 %l1, i32 %empty_867" [src/moe.cpp:545->src/moe.cpp:582]   --->   Operation 146 'store' 'store_ln545' <Predicate = (trunc_ln576 == 26)> <Delay = 0.00>
ST_10 : Operation 147 [1/1] (0.00ns)   --->   "%br_ln582 = br void %arrayidx12.exit" [src/moe.cpp:582]   --->   Operation 147 'br' 'br_ln582' <Predicate = (trunc_ln576 == 26)> <Delay = 0.00>
ST_10 : Operation 148 [1/1] (0.00ns)   --->   "%store_ln545 = store i32 %l1, i32 %empty_866" [src/moe.cpp:545->src/moe.cpp:582]   --->   Operation 148 'store' 'store_ln545' <Predicate = (trunc_ln576 == 25)> <Delay = 0.00>
ST_10 : Operation 149 [1/1] (0.00ns)   --->   "%br_ln582 = br void %arrayidx12.exit" [src/moe.cpp:582]   --->   Operation 149 'br' 'br_ln582' <Predicate = (trunc_ln576 == 25)> <Delay = 0.00>
ST_10 : Operation 150 [1/1] (0.00ns)   --->   "%store_ln545 = store i32 %l1, i32 %empty_865" [src/moe.cpp:545->src/moe.cpp:582]   --->   Operation 150 'store' 'store_ln545' <Predicate = (trunc_ln576 == 24)> <Delay = 0.00>
ST_10 : Operation 151 [1/1] (0.00ns)   --->   "%br_ln582 = br void %arrayidx12.exit" [src/moe.cpp:582]   --->   Operation 151 'br' 'br_ln582' <Predicate = (trunc_ln576 == 24)> <Delay = 0.00>
ST_10 : Operation 152 [1/1] (0.00ns)   --->   "%store_ln545 = store i32 %l1, i32 %empty_864" [src/moe.cpp:545->src/moe.cpp:582]   --->   Operation 152 'store' 'store_ln545' <Predicate = (trunc_ln576 == 23)> <Delay = 0.00>
ST_10 : Operation 153 [1/1] (0.00ns)   --->   "%br_ln582 = br void %arrayidx12.exit" [src/moe.cpp:582]   --->   Operation 153 'br' 'br_ln582' <Predicate = (trunc_ln576 == 23)> <Delay = 0.00>
ST_10 : Operation 154 [1/1] (0.00ns)   --->   "%store_ln545 = store i32 %l1, i32 %empty_863" [src/moe.cpp:545->src/moe.cpp:582]   --->   Operation 154 'store' 'store_ln545' <Predicate = (trunc_ln576 == 22)> <Delay = 0.00>
ST_10 : Operation 155 [1/1] (0.00ns)   --->   "%br_ln582 = br void %arrayidx12.exit" [src/moe.cpp:582]   --->   Operation 155 'br' 'br_ln582' <Predicate = (trunc_ln576 == 22)> <Delay = 0.00>
ST_10 : Operation 156 [1/1] (0.00ns)   --->   "%store_ln545 = store i32 %l1, i32 %empty_862" [src/moe.cpp:545->src/moe.cpp:582]   --->   Operation 156 'store' 'store_ln545' <Predicate = (trunc_ln576 == 21)> <Delay = 0.00>
ST_10 : Operation 157 [1/1] (0.00ns)   --->   "%br_ln582 = br void %arrayidx12.exit" [src/moe.cpp:582]   --->   Operation 157 'br' 'br_ln582' <Predicate = (trunc_ln576 == 21)> <Delay = 0.00>
ST_10 : Operation 158 [1/1] (0.00ns)   --->   "%store_ln545 = store i32 %l1, i32 %empty_861" [src/moe.cpp:545->src/moe.cpp:582]   --->   Operation 158 'store' 'store_ln545' <Predicate = (trunc_ln576 == 20)> <Delay = 0.00>
ST_10 : Operation 159 [1/1] (0.00ns)   --->   "%br_ln582 = br void %arrayidx12.exit" [src/moe.cpp:582]   --->   Operation 159 'br' 'br_ln582' <Predicate = (trunc_ln576 == 20)> <Delay = 0.00>
ST_10 : Operation 160 [1/1] (0.00ns)   --->   "%store_ln545 = store i32 %l1, i32 %empty_860" [src/moe.cpp:545->src/moe.cpp:582]   --->   Operation 160 'store' 'store_ln545' <Predicate = (trunc_ln576 == 19)> <Delay = 0.00>
ST_10 : Operation 161 [1/1] (0.00ns)   --->   "%br_ln582 = br void %arrayidx12.exit" [src/moe.cpp:582]   --->   Operation 161 'br' 'br_ln582' <Predicate = (trunc_ln576 == 19)> <Delay = 0.00>
ST_10 : Operation 162 [1/1] (0.00ns)   --->   "%store_ln545 = store i32 %l1, i32 %empty_859" [src/moe.cpp:545->src/moe.cpp:582]   --->   Operation 162 'store' 'store_ln545' <Predicate = (trunc_ln576 == 18)> <Delay = 0.00>
ST_10 : Operation 163 [1/1] (0.00ns)   --->   "%br_ln582 = br void %arrayidx12.exit" [src/moe.cpp:582]   --->   Operation 163 'br' 'br_ln582' <Predicate = (trunc_ln576 == 18)> <Delay = 0.00>
ST_10 : Operation 164 [1/1] (0.00ns)   --->   "%store_ln545 = store i32 %l1, i32 %empty_858" [src/moe.cpp:545->src/moe.cpp:582]   --->   Operation 164 'store' 'store_ln545' <Predicate = (trunc_ln576 == 17)> <Delay = 0.00>
ST_10 : Operation 165 [1/1] (0.00ns)   --->   "%br_ln582 = br void %arrayidx12.exit" [src/moe.cpp:582]   --->   Operation 165 'br' 'br_ln582' <Predicate = (trunc_ln576 == 17)> <Delay = 0.00>
ST_10 : Operation 166 [1/1] (0.00ns)   --->   "%store_ln545 = store i32 %l1, i32 %empty_857" [src/moe.cpp:545->src/moe.cpp:582]   --->   Operation 166 'store' 'store_ln545' <Predicate = (trunc_ln576 == 16)> <Delay = 0.00>
ST_10 : Operation 167 [1/1] (0.00ns)   --->   "%br_ln582 = br void %arrayidx12.exit" [src/moe.cpp:582]   --->   Operation 167 'br' 'br_ln582' <Predicate = (trunc_ln576 == 16)> <Delay = 0.00>
ST_10 : Operation 168 [1/1] (0.00ns)   --->   "%store_ln545 = store i32 %l1, i32 %empty_856" [src/moe.cpp:545->src/moe.cpp:582]   --->   Operation 168 'store' 'store_ln545' <Predicate = (trunc_ln576 == 15)> <Delay = 0.00>
ST_10 : Operation 169 [1/1] (0.00ns)   --->   "%br_ln582 = br void %arrayidx12.exit" [src/moe.cpp:582]   --->   Operation 169 'br' 'br_ln582' <Predicate = (trunc_ln576 == 15)> <Delay = 0.00>
ST_10 : Operation 170 [1/1] (0.00ns)   --->   "%store_ln545 = store i32 %l1, i32 %empty_855" [src/moe.cpp:545->src/moe.cpp:582]   --->   Operation 170 'store' 'store_ln545' <Predicate = (trunc_ln576 == 14)> <Delay = 0.00>
ST_10 : Operation 171 [1/1] (0.00ns)   --->   "%br_ln582 = br void %arrayidx12.exit" [src/moe.cpp:582]   --->   Operation 171 'br' 'br_ln582' <Predicate = (trunc_ln576 == 14)> <Delay = 0.00>
ST_10 : Operation 172 [1/1] (0.00ns)   --->   "%store_ln545 = store i32 %l1, i32 %empty_854" [src/moe.cpp:545->src/moe.cpp:582]   --->   Operation 172 'store' 'store_ln545' <Predicate = (trunc_ln576 == 13)> <Delay = 0.00>
ST_10 : Operation 173 [1/1] (0.00ns)   --->   "%br_ln582 = br void %arrayidx12.exit" [src/moe.cpp:582]   --->   Operation 173 'br' 'br_ln582' <Predicate = (trunc_ln576 == 13)> <Delay = 0.00>
ST_10 : Operation 174 [1/1] (0.00ns)   --->   "%store_ln545 = store i32 %l1, i32 %empty_853" [src/moe.cpp:545->src/moe.cpp:582]   --->   Operation 174 'store' 'store_ln545' <Predicate = (trunc_ln576 == 12)> <Delay = 0.00>
ST_10 : Operation 175 [1/1] (0.00ns)   --->   "%br_ln582 = br void %arrayidx12.exit" [src/moe.cpp:582]   --->   Operation 175 'br' 'br_ln582' <Predicate = (trunc_ln576 == 12)> <Delay = 0.00>
ST_10 : Operation 176 [1/1] (0.00ns)   --->   "%store_ln545 = store i32 %l1, i32 %empty_852" [src/moe.cpp:545->src/moe.cpp:582]   --->   Operation 176 'store' 'store_ln545' <Predicate = (trunc_ln576 == 11)> <Delay = 0.00>
ST_10 : Operation 177 [1/1] (0.00ns)   --->   "%br_ln582 = br void %arrayidx12.exit" [src/moe.cpp:582]   --->   Operation 177 'br' 'br_ln582' <Predicate = (trunc_ln576 == 11)> <Delay = 0.00>
ST_10 : Operation 178 [1/1] (0.00ns)   --->   "%store_ln545 = store i32 %l1, i32 %empty_851" [src/moe.cpp:545->src/moe.cpp:582]   --->   Operation 178 'store' 'store_ln545' <Predicate = (trunc_ln576 == 10)> <Delay = 0.00>
ST_10 : Operation 179 [1/1] (0.00ns)   --->   "%br_ln582 = br void %arrayidx12.exit" [src/moe.cpp:582]   --->   Operation 179 'br' 'br_ln582' <Predicate = (trunc_ln576 == 10)> <Delay = 0.00>
ST_10 : Operation 180 [1/1] (0.00ns)   --->   "%store_ln545 = store i32 %l1, i32 %empty_850" [src/moe.cpp:545->src/moe.cpp:582]   --->   Operation 180 'store' 'store_ln545' <Predicate = (trunc_ln576 == 9)> <Delay = 0.00>
ST_10 : Operation 181 [1/1] (0.00ns)   --->   "%br_ln582 = br void %arrayidx12.exit" [src/moe.cpp:582]   --->   Operation 181 'br' 'br_ln582' <Predicate = (trunc_ln576 == 9)> <Delay = 0.00>
ST_10 : Operation 182 [1/1] (0.00ns)   --->   "%store_ln545 = store i32 %l1, i32 %empty_849" [src/moe.cpp:545->src/moe.cpp:582]   --->   Operation 182 'store' 'store_ln545' <Predicate = (trunc_ln576 == 8)> <Delay = 0.00>
ST_10 : Operation 183 [1/1] (0.00ns)   --->   "%br_ln582 = br void %arrayidx12.exit" [src/moe.cpp:582]   --->   Operation 183 'br' 'br_ln582' <Predicate = (trunc_ln576 == 8)> <Delay = 0.00>
ST_10 : Operation 184 [1/1] (0.00ns)   --->   "%store_ln545 = store i32 %l1, i32 %empty_848" [src/moe.cpp:545->src/moe.cpp:582]   --->   Operation 184 'store' 'store_ln545' <Predicate = (trunc_ln576 == 7)> <Delay = 0.00>
ST_10 : Operation 185 [1/1] (0.00ns)   --->   "%br_ln582 = br void %arrayidx12.exit" [src/moe.cpp:582]   --->   Operation 185 'br' 'br_ln582' <Predicate = (trunc_ln576 == 7)> <Delay = 0.00>
ST_10 : Operation 186 [1/1] (0.00ns)   --->   "%store_ln545 = store i32 %l1, i32 %empty_847" [src/moe.cpp:545->src/moe.cpp:582]   --->   Operation 186 'store' 'store_ln545' <Predicate = (trunc_ln576 == 6)> <Delay = 0.00>
ST_10 : Operation 187 [1/1] (0.00ns)   --->   "%br_ln582 = br void %arrayidx12.exit" [src/moe.cpp:582]   --->   Operation 187 'br' 'br_ln582' <Predicate = (trunc_ln576 == 6)> <Delay = 0.00>
ST_10 : Operation 188 [1/1] (0.00ns)   --->   "%store_ln545 = store i32 %l1, i32 %empty_846" [src/moe.cpp:545->src/moe.cpp:582]   --->   Operation 188 'store' 'store_ln545' <Predicate = (trunc_ln576 == 5)> <Delay = 0.00>
ST_10 : Operation 189 [1/1] (0.00ns)   --->   "%br_ln582 = br void %arrayidx12.exit" [src/moe.cpp:582]   --->   Operation 189 'br' 'br_ln582' <Predicate = (trunc_ln576 == 5)> <Delay = 0.00>
ST_10 : Operation 190 [1/1] (0.00ns)   --->   "%store_ln545 = store i32 %l1, i32 %empty" [src/moe.cpp:545->src/moe.cpp:582]   --->   Operation 190 'store' 'store_ln545' <Predicate = (trunc_ln576 == 4)> <Delay = 0.00>
ST_10 : Operation 191 [1/1] (0.00ns)   --->   "%br_ln582 = br void %arrayidx12.exit" [src/moe.cpp:582]   --->   Operation 191 'br' 'br_ln582' <Predicate = (trunc_ln576 == 4)> <Delay = 0.00>
ST_10 : Operation 192 [1/1] (0.00ns)   --->   "%store_ln545 = store i32 %l1, i32 %empty_876" [src/moe.cpp:545->src/moe.cpp:582]   --->   Operation 192 'store' 'store_ln545' <Predicate = (trunc_ln576 == 3)> <Delay = 0.00>
ST_10 : Operation 193 [1/1] (0.00ns)   --->   "%br_ln582 = br void %arrayidx12.exit" [src/moe.cpp:582]   --->   Operation 193 'br' 'br_ln582' <Predicate = (trunc_ln576 == 3)> <Delay = 0.00>
ST_10 : Operation 194 [1/1] (0.00ns)   --->   "%store_ln545 = store i32 %l1, i32 %empty_875" [src/moe.cpp:545->src/moe.cpp:582]   --->   Operation 194 'store' 'store_ln545' <Predicate = (trunc_ln576 == 2)> <Delay = 0.00>
ST_10 : Operation 195 [1/1] (0.00ns)   --->   "%br_ln582 = br void %arrayidx12.exit" [src/moe.cpp:582]   --->   Operation 195 'br' 'br_ln582' <Predicate = (trunc_ln576 == 2)> <Delay = 0.00>
ST_10 : Operation 196 [1/1] (0.00ns)   --->   "%store_ln545 = store i32 %l1, i32 %empty_874" [src/moe.cpp:545->src/moe.cpp:582]   --->   Operation 196 'store' 'store_ln545' <Predicate = (trunc_ln576 == 1)> <Delay = 0.00>
ST_10 : Operation 197 [1/1] (0.00ns)   --->   "%br_ln582 = br void %arrayidx12.exit" [src/moe.cpp:582]   --->   Operation 197 'br' 'br_ln582' <Predicate = (trunc_ln576 == 1)> <Delay = 0.00>
ST_10 : Operation 198 [1/1] (0.00ns)   --->   "%store_ln545 = store i32 %l1, i32 %empty_873" [src/moe.cpp:545->src/moe.cpp:582]   --->   Operation 198 'store' 'store_ln545' <Predicate = (trunc_ln576 == 0)> <Delay = 0.00>
ST_10 : Operation 199 [1/1] (0.00ns)   --->   "%br_ln582 = br void %arrayidx12.exit" [src/moe.cpp:582]   --->   Operation 199 'br' 'br_ln582' <Predicate = (trunc_ln576 == 0)> <Delay = 0.00>
ST_10 : Operation 200 [1/1] (0.00ns)   --->   "%store_ln545 = store i32 %l1, i32 %empty_872" [src/moe.cpp:545->src/moe.cpp:582]   --->   Operation 200 'store' 'store_ln545' <Predicate = (trunc_ln576 == 31)> <Delay = 0.00>
ST_10 : Operation 201 [1/1] (0.00ns)   --->   "%br_ln582 = br void %arrayidx12.exit" [src/moe.cpp:582]   --->   Operation 201 'br' 'br_ln582' <Predicate = (trunc_ln576 == 31)> <Delay = 0.00>
ST_10 : Operation 202 [1/1] (0.36ns)   --->   "%store_ln576 = store i6 %add_ln576, i6 %i" [src/moe.cpp:576]   --->   Operation 202 'store' 'store_ln576' <Predicate = true> <Delay = 0.36>
ST_10 : Operation 203 [1/1] (0.00ns)   --->   "%br_ln576 = br void %VITIS_LOOP_579_2" [src/moe.cpp:576]   --->   Operation 203 'br' 'br_ln576' <Predicate = true> <Delay = 0.00>

State 11 <SV = 2> <Delay = 0.00>
ST_11 : Operation 204 [1/2] (0.00ns)   --->   "%call_ln0 = call void @mlp_head479_Pipeline_VITIS_LOOP_586_3, i32 %p_load89, i32 %p_load88, i32 %p_load87, i32 %p_load, i32 %p_load117, i32 %p_load116, i32 %p_load115, i32 %p_load114, i32 %p_load113, i32 %p_load112, i32 %p_load111, i32 %p_load110, i32 %p_load109, i32 %p_load108, i32 %p_load107, i32 %p_load106, i32 %p_load105, i32 %p_load104, i32 %p_load103, i32 %p_load102, i32 %p_load101, i32 %p_load100, i32 %p_load99, i32 %p_load98, i32 %p_load97, i32 %p_load96, i32 %p_load95, i32 %p_load94, i32 %p_load93, i32 %p_load92, i32 %p_load91, i32 %p_load90, i32 %p_loc, i32 %p_loc49, i32 %p_loc50, i32 %p_loc51, i32 %p_loc52, i32 %p_loc53, i32 %p_loc54, i32 %p_loc55, i32 %p_loc56, i32 %p_loc57, i32 %p_loc58, i32 %p_loc59, i32 %p_loc60, i32 %p_loc61, i32 %p_loc62, i32 %p_loc63, i32 %e1_bram_b1, i32 %p_ZL10e1_bram_w1_0, i32 %p_ZL10e1_bram_w1_1, i32 %p_ZL10e1_bram_w1_2, i32 %p_ZL10e1_bram_w1_3, i32 %p_ZL10e1_bram_w1_4, i32 %p_ZL10e1_bram_w1_5, i32 %p_ZL10e1_bram_w1_6, i32 %p_ZL10e1_bram_w1_7, i32 %p_ZL10e1_bram_w1_8, i32 %p_ZL10e1_bram_w1_9, i32 %p_ZL10e1_bram_w1_10, i32 %p_ZL10e1_bram_w1_11, i32 %p_ZL10e1_bram_w1_12, i32 %p_ZL10e1_bram_w1_13, i32 %p_ZL10e1_bram_w1_14, i32 %p_ZL10e1_bram_w1_15, i32 %p_ZL10e1_bram_w1_16, i32 %p_ZL10e1_bram_w1_17, i32 %p_ZL10e1_bram_w1_18, i32 %p_ZL10e1_bram_w1_19, i32 %p_ZL10e1_bram_w1_20, i32 %p_ZL10e1_bram_w1_21, i32 %p_ZL10e1_bram_w1_22, i32 %p_ZL10e1_bram_w1_23, i32 %p_ZL10e1_bram_w1_24, i32 %p_ZL10e1_bram_w1_25, i32 %p_ZL10e1_bram_w1_26, i32 %p_ZL10e1_bram_w1_27, i32 %p_ZL10e1_bram_w1_28, i32 %p_ZL10e1_bram_w1_29, i32 %p_ZL10e1_bram_w1_30, i32 %p_ZL10e1_bram_w1_31"   --->   Operation 204 'call' 'call_ln0' <Predicate = true> <Delay = 0.00> <CoreType = "Generic">   --->   Core 0 '' <Latency = 0> <II = 1> <Delay = 1.00> <Generic> <Opcode : >

State 12 <SV = 3> <Delay = 0.00>
ST_12 : Operation 205 [1/1] (0.00ns)   --->   "%p_loc_load = load i32 %p_loc"   --->   Operation 205 'load' 'p_loc_load' <Predicate = true> <Delay = 0.00>
ST_12 : Operation 206 [1/1] (0.00ns)   --->   "%p_loc49_load = load i32 %p_loc49"   --->   Operation 206 'load' 'p_loc49_load' <Predicate = true> <Delay = 0.00>
ST_12 : Operation 207 [1/1] (0.00ns)   --->   "%p_loc50_load = load i32 %p_loc50"   --->   Operation 207 'load' 'p_loc50_load' <Predicate = true> <Delay = 0.00>
ST_12 : Operation 208 [1/1] (0.00ns)   --->   "%p_loc51_load = load i32 %p_loc51"   --->   Operation 208 'load' 'p_loc51_load' <Predicate = true> <Delay = 0.00>
ST_12 : Operation 209 [1/1] (0.00ns)   --->   "%p_loc52_load = load i32 %p_loc52"   --->   Operation 209 'load' 'p_loc52_load' <Predicate = true> <Delay = 0.00>
ST_12 : Operation 210 [1/1] (0.00ns)   --->   "%p_loc53_load = load i32 %p_loc53"   --->   Operation 210 'load' 'p_loc53_load' <Predicate = true> <Delay = 0.00>
ST_12 : Operation 211 [1/1] (0.00ns)   --->   "%p_loc54_load = load i32 %p_loc54"   --->   Operation 211 'load' 'p_loc54_load' <Predicate = true> <Delay = 0.00>
ST_12 : Operation 212 [1/1] (0.00ns)   --->   "%p_loc55_load = load i32 %p_loc55"   --->   Operation 212 'load' 'p_loc55_load' <Predicate = true> <Delay = 0.00>
ST_12 : Operation 213 [1/1] (0.00ns)   --->   "%p_loc56_load = load i32 %p_loc56"   --->   Operation 213 'load' 'p_loc56_load' <Predicate = true> <Delay = 0.00>
ST_12 : Operation 214 [1/1] (0.00ns)   --->   "%p_loc57_load = load i32 %p_loc57"   --->   Operation 214 'load' 'p_loc57_load' <Predicate = true> <Delay = 0.00>
ST_12 : Operation 215 [1/1] (0.00ns)   --->   "%p_loc58_load = load i32 %p_loc58"   --->   Operation 215 'load' 'p_loc58_load' <Predicate = true> <Delay = 0.00>
ST_12 : Operation 216 [1/1] (0.00ns)   --->   "%p_loc59_load = load i32 %p_loc59"   --->   Operation 216 'load' 'p_loc59_load' <Predicate = true> <Delay = 0.00>
ST_12 : Operation 217 [1/1] (0.00ns)   --->   "%p_loc60_load = load i32 %p_loc60"   --->   Operation 217 'load' 'p_loc60_load' <Predicate = true> <Delay = 0.00>
ST_12 : Operation 218 [1/1] (0.00ns)   --->   "%p_loc61_load = load i32 %p_loc61"   --->   Operation 218 'load' 'p_loc61_load' <Predicate = true> <Delay = 0.00>
ST_12 : Operation 219 [1/1] (0.00ns)   --->   "%p_loc62_load = load i32 %p_loc62"   --->   Operation 219 'load' 'p_loc62_load' <Predicate = true> <Delay = 0.00>
ST_12 : Operation 220 [1/1] (0.00ns)   --->   "%p_loc63_load = load i32 %p_loc63"   --->   Operation 220 'load' 'p_loc63_load' <Predicate = true> <Delay = 0.00>
ST_12 : Operation 221 [2/2] (0.00ns)   --->   "%call_ln0 = call void @mlp_head479_Pipeline_VITIS_LOOP_596_5, i32 %p_loc63_load, i32 %p_loc62_load, i32 %p_loc61_load, i32 %p_loc60_load, i32 %p_loc59_load, i32 %p_loc58_load, i32 %p_loc57_load, i32 %p_loc56_load, i32 %p_loc55_load, i32 %p_loc54_load, i32 %p_loc53_load, i32 %p_loc52_load, i32 %p_loc51_load, i32 %p_loc50_load, i32 %p_loc49_load, i32 %p_loc_load, i32 %l3, i32 %e1_bram_b2, i32 %p_ZL10e1_bram_w2_0, i32 %p_ZL10e1_bram_w2_1, i32 %p_ZL10e1_bram_w2_2, i32 %p_ZL10e1_bram_w2_3, i32 %p_ZL10e1_bram_w2_4, i32 %p_ZL10e1_bram_w2_5, i32 %p_ZL10e1_bram_w2_6, i32 %p_ZL10e1_bram_w2_7, i32 %p_ZL10e1_bram_w2_8, i32 %p_ZL10e1_bram_w2_9, i32 %p_ZL10e1_bram_w2_10, i32 %p_ZL10e1_bram_w2_11, i32 %p_ZL10e1_bram_w2_12, i32 %p_ZL10e1_bram_w2_13, i32 %p_ZL10e1_bram_w2_14, i32 %p_ZL10e1_bram_w2_15"   --->   Operation 221 'call' 'call_ln0' <Predicate = true> <Delay = 0.00> <CoreType = "Generic">   --->   Core 0 '' <Latency = 0> <II = 1> <Delay = 1.00> <Generic> <Opcode : >

State 13 <SV = 4> <Delay = 0.00>
ST_13 : Operation 222 [1/2] (0.00ns)   --->   "%call_ln0 = call void @mlp_head479_Pipeline_VITIS_LOOP_596_5, i32 %p_loc63_load, i32 %p_loc62_load, i32 %p_loc61_load, i32 %p_loc60_load, i32 %p_loc59_load, i32 %p_loc58_load, i32 %p_loc57_load, i32 %p_loc56_load, i32 %p_loc55_load, i32 %p_loc54_load, i32 %p_loc53_load, i32 %p_loc52_load, i32 %p_loc51_load, i32 %p_loc50_load, i32 %p_loc49_load, i32 %p_loc_load, i32 %l3, i32 %e1_bram_b2, i32 %p_ZL10e1_bram_w2_0, i32 %p_ZL10e1_bram_w2_1, i32 %p_ZL10e1_bram_w2_2, i32 %p_ZL10e1_bram_w2_3, i32 %p_ZL10e1_bram_w2_4, i32 %p_ZL10e1_bram_w2_5, i32 %p_ZL10e1_bram_w2_6, i32 %p_ZL10e1_bram_w2_7, i32 %p_ZL10e1_bram_w2_8, i32 %p_ZL10e1_bram_w2_9, i32 %p_ZL10e1_bram_w2_10, i32 %p_ZL10e1_bram_w2_11, i32 %p_ZL10e1_bram_w2_12, i32 %p_ZL10e1_bram_w2_13, i32 %p_ZL10e1_bram_w2_14, i32 %p_ZL10e1_bram_w2_15"   --->   Operation 222 'call' 'call_ln0' <Predicate = true> <Delay = 0.00> <CoreType = "Generic">   --->   Core 0 '' <Latency = 0> <II = 1> <Delay = 1.00> <Generic> <Opcode : >

State 14 <SV = 5> <Delay = 0.00>
ST_14 : Operation 223 [2/2] (0.00ns)   --->   "%call_ln0 = call void @mlp_head479_Pipeline_VITIS_LOOP_608_7, i32 %l3, i32 %output_loc, i32 %e1_bram_w3_0"   --->   Operation 223 'call' 'call_ln0' <Predicate = true> <Delay = 0.00> <CoreType = "Generic">   --->   Core 0 '' <Latency = 0> <II = 1> <Delay = 1.00> <Generic> <Opcode : >

State 15 <SV = 6> <Delay = 0.00>
ST_15 : Operation 224 [1/2] (0.00ns)   --->   "%call_ln0 = call void @mlp_head479_Pipeline_VITIS_LOOP_608_7, i32 %l3, i32 %output_loc, i32 %e1_bram_w3_0"   --->   Operation 224 'call' 'call_ln0' <Predicate = true> <Delay = 0.00> <CoreType = "Generic">   --->   Core 0 '' <Latency = 0> <II = 1> <Delay = 1.00> <Generic> <Opcode : >

State 16 <SV = 7> <Delay = 0.00>
ST_16 : Operation 225 [1/1] (0.00ns)   --->   "%output_loc_load = load i32 %output_loc"   --->   Operation 225 'load' 'output_loc_load' <Predicate = true> <Delay = 0.00>
ST_16 : Operation 226 [1/1] (0.00ns)   --->   "%ret_ln611 = ret i32 %output_loc_load" [src/moe.cpp:611]   --->   Operation 226 'ret' 'ret_ln611' <Predicate = true> <Delay = 0.00>


============================================================
+ Verbose Summary: Binding
============================================================
STG Binding: 
---------------- STG Properties BEGIN ----------------
- Is combinational: 0
- Is one-state seq: 0
- Is datapath-only: 0
- Is pipelined: 0
- Is top level: 0
Port [ Return ] is wired: 1; IO mode=ap_ctrl_hs:ce=0
Port [ input_r]:  wired=1; compound=1; hidden=0; nouse=0; global=0; static=0; extern=0; dir=0; type=1; pingpong=0; private_global=0; MemPort=[31]; IO mode=ap_memory:ce=0
Port [ e1_bram_b1]:  wired=0; compound=1; hidden=1; nouse=1; global=1; static=1; extern=0; dir=0; type=1; pingpong=0; private_global=0; MemPort=[1]; IO mode=ap_memory:ce=0
Port [ p_ZL10e1_bram_w1_0]:  wired=0; compound=1; hidden=1; nouse=1; global=1; static=1; extern=0; dir=0; type=1; pingpong=0; private_global=0; MemPort=[1]; IO mode=ap_memory:ce=0
Port [ p_ZL10e1_bram_w1_1]:  wired=0; compound=1; hidden=1; nouse=1; global=1; static=1; extern=0; dir=0; type=1; pingpong=0; private_global=0; MemPort=[1]; IO mode=ap_memory:ce=0
Port [ p_ZL10e1_bram_w1_2]:  wired=0; compound=1; hidden=1; nouse=1; global=1; static=1; extern=0; dir=0; type=1; pingpong=0; private_global=0; MemPort=[1]; IO mode=ap_memory:ce=0
Port [ p_ZL10e1_bram_w1_3]:  wired=0; compound=1; hidden=1; nouse=1; global=1; static=1; extern=0; dir=0; type=1; pingpong=0; private_global=0; MemPort=[1]; IO mode=ap_memory:ce=0
Port [ p_ZL10e1_bram_w1_4]:  wired=0; compound=1; hidden=1; nouse=1; global=1; static=1; extern=0; dir=0; type=1; pingpong=0; private_global=0; MemPort=[1]; IO mode=ap_memory:ce=0
Port [ p_ZL10e1_bram_w1_5]:  wired=0; compound=1; hidden=1; nouse=1; global=1; static=1; extern=0; dir=0; type=1; pingpong=0; private_global=0; MemPort=[1]; IO mode=ap_memory:ce=0
Port [ p_ZL10e1_bram_w1_6]:  wired=0; compound=1; hidden=1; nouse=1; global=1; static=1; extern=0; dir=0; type=1; pingpong=0; private_global=0; MemPort=[1]; IO mode=ap_memory:ce=0
Port [ p_ZL10e1_bram_w1_7]:  wired=0; compound=1; hidden=1; nouse=1; global=1; static=1; extern=0; dir=0; type=1; pingpong=0; private_global=0; MemPort=[1]; IO mode=ap_memory:ce=0
Port [ p_ZL10e1_bram_w1_8]:  wired=0; compound=1; hidden=1; nouse=1; global=1; static=1; extern=0; dir=0; type=1; pingpong=0; private_global=0; MemPort=[1]; IO mode=ap_memory:ce=0
Port [ p_ZL10e1_bram_w1_9]:  wired=0; compound=1; hidden=1; nouse=1; global=1; static=1; extern=0; dir=0; type=1; pingpong=0; private_global=0; MemPort=[1]; IO mode=ap_memory:ce=0
Port [ p_ZL10e1_bram_w1_10]:  wired=0; compound=1; hidden=1; nouse=1; global=1; static=1; extern=0; dir=0; type=1; pingpong=0; private_global=0; MemPort=[1]; IO mode=ap_memory:ce=0
Port [ p_ZL10e1_bram_w1_11]:  wired=0; compound=1; hidden=1; nouse=1; global=1; static=1; extern=0; dir=0; type=1; pingpong=0; private_global=0; MemPort=[1]; IO mode=ap_memory:ce=0
Port [ p_ZL10e1_bram_w1_12]:  wired=0; compound=1; hidden=1; nouse=1; global=1; static=1; extern=0; dir=0; type=1; pingpong=0; private_global=0; MemPort=[1]; IO mode=ap_memory:ce=0
Port [ p_ZL10e1_bram_w1_13]:  wired=0; compound=1; hidden=1; nouse=1; global=1; static=1; extern=0; dir=0; type=1; pingpong=0; private_global=0; MemPort=[1]; IO mode=ap_memory:ce=0
Port [ p_ZL10e1_bram_w1_14]:  wired=0; compound=1; hidden=1; nouse=1; global=1; static=1; extern=0; dir=0; type=1; pingpong=0; private_global=0; MemPort=[1]; IO mode=ap_memory:ce=0
Port [ p_ZL10e1_bram_w1_15]:  wired=0; compound=1; hidden=1; nouse=1; global=1; static=1; extern=0; dir=0; type=1; pingpong=0; private_global=0; MemPort=[1]; IO mode=ap_memory:ce=0
Port [ p_ZL10e1_bram_w1_16]:  wired=0; compound=1; hidden=1; nouse=1; global=1; static=1; extern=0; dir=0; type=1; pingpong=0; private_global=0; MemPort=[1]; IO mode=ap_memory:ce=0
Port [ p_ZL10e1_bram_w1_17]:  wired=0; compound=1; hidden=1; nouse=1; global=1; static=1; extern=0; dir=0; type=1; pingpong=0; private_global=0; MemPort=[1]; IO mode=ap_memory:ce=0
Port [ p_ZL10e1_bram_w1_18]:  wired=0; compound=1; hidden=1; nouse=1; global=1; static=1; extern=0; dir=0; type=1; pingpong=0; private_global=0; MemPort=[1]; IO mode=ap_memory:ce=0
Port [ p_ZL10e1_bram_w1_19]:  wired=0; compound=1; hidden=1; nouse=1; global=1; static=1; extern=0; dir=0; type=1; pingpong=0; private_global=0; MemPort=[1]; IO mode=ap_memory:ce=0
Port [ p_ZL10e1_bram_w1_20]:  wired=0; compound=1; hidden=1; nouse=1; global=1; static=1; extern=0; dir=0; type=1; pingpong=0; private_global=0; MemPort=[1]; IO mode=ap_memory:ce=0
Port [ p_ZL10e1_bram_w1_21]:  wired=0; compound=1; hidden=1; nouse=1; global=1; static=1; extern=0; dir=0; type=1; pingpong=0; private_global=0; MemPort=[1]; IO mode=ap_memory:ce=0
Port [ p_ZL10e1_bram_w1_22]:  wired=0; compound=1; hidden=1; nouse=1; global=1; static=1; extern=0; dir=0; type=1; pingpong=0; private_global=0; MemPort=[1]; IO mode=ap_memory:ce=0
Port [ p_ZL10e1_bram_w1_23]:  wired=0; compound=1; hidden=1; nouse=1; global=1; static=1; extern=0; dir=0; type=1; pingpong=0; private_global=0; MemPort=[1]; IO mode=ap_memory:ce=0
Port [ p_ZL10e1_bram_w1_24]:  wired=0; compound=1; hidden=1; nouse=1; global=1; static=1; extern=0; dir=0; type=1; pingpong=0; private_global=0; MemPort=[1]; IO mode=ap_memory:ce=0
Port [ p_ZL10e1_bram_w1_25]:  wired=0; compound=1; hidden=1; nouse=1; global=1; static=1; extern=0; dir=0; type=1; pingpong=0; private_global=0; MemPort=[1]; IO mode=ap_memory:ce=0
Port [ p_ZL10e1_bram_w1_26]:  wired=0; compound=1; hidden=1; nouse=1; global=1; static=1; extern=0; dir=0; type=1; pingpong=0; private_global=0; MemPort=[1]; IO mode=ap_memory:ce=0
Port [ p_ZL10e1_bram_w1_27]:  wired=0; compound=1; hidden=1; nouse=1; global=1; static=1; extern=0; dir=0; type=1; pingpong=0; private_global=0; MemPort=[1]; IO mode=ap_memory:ce=0
Port [ p_ZL10e1_bram_w1_28]:  wired=0; compound=1; hidden=1; nouse=1; global=1; static=1; extern=0; dir=0; type=1; pingpong=0; private_global=0; MemPort=[1]; IO mode=ap_memory:ce=0
Port [ p_ZL10e1_bram_w1_29]:  wired=0; compound=1; hidden=1; nouse=1; global=1; static=1; extern=0; dir=0; type=1; pingpong=0; private_global=0; MemPort=[1]; IO mode=ap_memory:ce=0
Port [ p_ZL10e1_bram_w1_30]:  wired=0; compound=1; hidden=1; nouse=1; global=1; static=1; extern=0; dir=0; type=1; pingpong=0; private_global=0; MemPort=[1]; IO mode=ap_memory:ce=0
Port [ p_ZL10e1_bram_w1_31]:  wired=0; compound=1; hidden=1; nouse=1; global=1; static=1; extern=0; dir=0; type=1; pingpong=0; private_global=0; MemPort=[1]; IO mode=ap_memory:ce=0
Port [ e1_bram_b2]:  wired=0; compound=1; hidden=1; nouse=1; global=1; static=1; extern=0; dir=0; type=1; pingpong=0; private_global=0; MemPort=[1]; IO mode=ap_memory:ce=0
Port [ p_ZL10e1_bram_w2_0]:  wired=0; compound=1; hidden=1; nouse=1; global=1; static=1; extern=0; dir=0; type=1; pingpong=0; private_global=0; MemPort=[1]; IO mode=ap_memory:ce=0
Port [ p_ZL10e1_bram_w2_1]:  wired=0; compound=1; hidden=1; nouse=1; global=1; static=1; extern=0; dir=0; type=1; pingpong=0; private_global=0; MemPort=[1]; IO mode=ap_memory:ce=0
Port [ p_ZL10e1_bram_w2_2]:  wired=0; compound=1; hidden=1; nouse=1; global=1; static=1; extern=0; dir=0; type=1; pingpong=0; private_global=0; MemPort=[1]; IO mode=ap_memory:ce=0
Port [ p_ZL10e1_bram_w2_3]:  wired=0; compound=1; hidden=1; nouse=1; global=1; static=1; extern=0; dir=0; type=1; pingpong=0; private_global=0; MemPort=[1]; IO mode=ap_memory:ce=0
Port [ p_ZL10e1_bram_w2_4]:  wired=0; compound=1; hidden=1; nouse=1; global=1; static=1; extern=0; dir=0; type=1; pingpong=0; private_global=0; MemPort=[1]; IO mode=ap_memory:ce=0
Port [ p_ZL10e1_bram_w2_5]:  wired=0; compound=1; hidden=1; nouse=1; global=1; static=1; extern=0; dir=0; type=1; pingpong=0; private_global=0; MemPort=[1]; IO mode=ap_memory:ce=0
Port [ p_ZL10e1_bram_w2_6]:  wired=0; compound=1; hidden=1; nouse=1; global=1; static=1; extern=0; dir=0; type=1; pingpong=0; private_global=0; MemPort=[1]; IO mode=ap_memory:ce=0
Port [ p_ZL10e1_bram_w2_7]:  wired=0; compound=1; hidden=1; nouse=1; global=1; static=1; extern=0; dir=0; type=1; pingpong=0; private_global=0; MemPort=[1]; IO mode=ap_memory:ce=0
Port [ p_ZL10e1_bram_w2_8]:  wired=0; compound=1; hidden=1; nouse=1; global=1; static=1; extern=0; dir=0; type=1; pingpong=0; private_global=0; MemPort=[1]; IO mode=ap_memory:ce=0
Port [ p_ZL10e1_bram_w2_9]:  wired=0; compound=1; hidden=1; nouse=1; global=1; static=1; extern=0; dir=0; type=1; pingpong=0; private_global=0; MemPort=[1]; IO mode=ap_memory:ce=0
Port [ p_ZL10e1_bram_w2_10]:  wired=0; compound=1; hidden=1; nouse=1; global=1; static=1; extern=0; dir=0; type=1; pingpong=0; private_global=0; MemPort=[1]; IO mode=ap_memory:ce=0
Port [ p_ZL10e1_bram_w2_11]:  wired=0; compound=1; hidden=1; nouse=1; global=1; static=1; extern=0; dir=0; type=1; pingpong=0; private_global=0; MemPort=[1]; IO mode=ap_memory:ce=0
Port [ p_ZL10e1_bram_w2_12]:  wired=0; compound=1; hidden=1; nouse=1; global=1; static=1; extern=0; dir=0; type=1; pingpong=0; private_global=0; MemPort=[1]; IO mode=ap_memory:ce=0
Port [ p_ZL10e1_bram_w2_13]:  wired=0; compound=1; hidden=1; nouse=1; global=1; static=1; extern=0; dir=0; type=1; pingpong=0; private_global=0; MemPort=[1]; IO mode=ap_memory:ce=0
Port [ p_ZL10e1_bram_w2_14]:  wired=0; compound=1; hidden=1; nouse=1; global=1; static=1; extern=0; dir=0; type=1; pingpong=0; private_global=0; MemPort=[1]; IO mode=ap_memory:ce=0
Port [ p_ZL10e1_bram_w2_15]:  wired=0; compound=1; hidden=1; nouse=1; global=1; static=1; extern=0; dir=0; type=1; pingpong=0; private_global=0; MemPort=[1]; IO mode=ap_memory:ce=0
Port [ e1_bram_w3_0]:  wired=0; compound=1; hidden=1; nouse=1; global=1; static=1; extern=0; dir=0; type=1; pingpong=0; private_global=0; MemPort=[1]; IO mode=ap_memory:ce=0
Port [ e1_bram_b0]:  wired=0; compound=1; hidden=1; nouse=0; global=1; static=1; extern=0; dir=0; type=1; pingpong=0; private_global=1; MemPort=[1]; IO mode=ap_memory:ce=0
Port [ e1_bram_w0]:  wired=0; compound=1; hidden=1; nouse=1; global=1; static=1; extern=0; dir=0; type=1; pingpong=0; private_global=0; MemPort=[1]; IO mode=ap_memory:ce=0
---------------- STG Properties END ------------------

---------------- Datapath Model BEGIN ----------------

<LifeTime>
<method=bitvector/>
i                       (alloca           ) [ 01111111111000000]
empty                   (alloca           ) [ 00111111111000000]
empty_846               (alloca           ) [ 00111111111000000]
empty_847               (alloca           ) [ 00111111111000000]
empty_848               (alloca           ) [ 00111111111000000]
empty_849               (alloca           ) [ 00111111111000000]
empty_850               (alloca           ) [ 00111111111000000]
empty_851               (alloca           ) [ 00111111111000000]
empty_852               (alloca           ) [ 00111111111000000]
empty_853               (alloca           ) [ 00111111111000000]
empty_854               (alloca           ) [ 00111111111000000]
empty_855               (alloca           ) [ 00111111111000000]
empty_856               (alloca           ) [ 00111111111000000]
empty_857               (alloca           ) [ 00111111111000000]
empty_858               (alloca           ) [ 00111111111000000]
empty_859               (alloca           ) [ 00111111111000000]
empty_860               (alloca           ) [ 00111111111000000]
empty_861               (alloca           ) [ 00111111111000000]
empty_862               (alloca           ) [ 00111111111000000]
empty_863               (alloca           ) [ 00111111111000000]
empty_864               (alloca           ) [ 00111111111000000]
empty_865               (alloca           ) [ 00111111111000000]
empty_866               (alloca           ) [ 00111111111000000]
empty_867               (alloca           ) [ 00111111111000000]
empty_868               (alloca           ) [ 00111111111000000]
empty_869               (alloca           ) [ 00111111111000000]
empty_870               (alloca           ) [ 00111111111000000]
empty_871               (alloca           ) [ 00111111111000000]
empty_872               (alloca           ) [ 00111111111000000]
empty_873               (alloca           ) [ 00111111111000000]
empty_874               (alloca           ) [ 00111111111000000]
empty_875               (alloca           ) [ 00111111111000000]
empty_876               (alloca           ) [ 00111111111000000]
output_loc              (alloca           ) [ 00111111111111111]
p_loc63                 (alloca           ) [ 00111111111110000]
p_loc62                 (alloca           ) [ 00111111111110000]
p_loc61                 (alloca           ) [ 00111111111110000]
p_loc60                 (alloca           ) [ 00111111111110000]
p_loc59                 (alloca           ) [ 00111111111110000]
p_loc58                 (alloca           ) [ 00111111111110000]
p_loc57                 (alloca           ) [ 00111111111110000]
p_loc56                 (alloca           ) [ 00111111111110000]
p_loc55                 (alloca           ) [ 00111111111110000]
p_loc54                 (alloca           ) [ 00111111111110000]
p_loc53                 (alloca           ) [ 00111111111110000]
p_loc52                 (alloca           ) [ 00111111111110000]
p_loc51                 (alloca           ) [ 00111111111110000]
p_loc50                 (alloca           ) [ 00111111111110000]
p_loc49                 (alloca           ) [ 00111111111110000]
p_loc                   (alloca           ) [ 00111111111110000]
acc_013_loc             (alloca           ) [ 00111111111000000]
specbindport_ln0        (specbindport     ) [ 00000000000000000]
specshared_ln0          (specshared       ) [ 00000000000000000]
specinterface_ln0       (specinterface    ) [ 00000000000000000]
l3                      (alloca           ) [ 00111111111111110]
store_ln576             (store            ) [ 00000000000000000]
br_ln576                (br               ) [ 00000000000000000]
i_6                     (load             ) [ 00000000000000000]
trunc_ln576             (trunc            ) [ 00011111111000000]
icmp_ln576              (icmp             ) [ 00111111111000000]
add_ln576               (add              ) [ 00011111111000000]
br_ln576                (br               ) [ 00000000000000000]
zext_ln576              (zext             ) [ 00000000000000000]
e1_bram_b0_addr         (getelementptr    ) [ 00010000000000000]
p_load117               (load             ) [ 00000000000100000]
p_load116               (load             ) [ 00000000000100000]
p_load115               (load             ) [ 00000000000100000]
p_load114               (load             ) [ 00000000000100000]
p_load113               (load             ) [ 00000000000100000]
p_load112               (load             ) [ 00000000000100000]
p_load111               (load             ) [ 00000000000100000]
p_load110               (load             ) [ 00000000000100000]
p_load109               (load             ) [ 00000000000100000]
p_load108               (load             ) [ 00000000000100000]
p_load107               (load             ) [ 00000000000100000]
p_load106               (load             ) [ 00000000000100000]
p_load105               (load             ) [ 00000000000100000]
p_load104               (load             ) [ 00000000000100000]
p_load103               (load             ) [ 00000000000100000]
p_load102               (load             ) [ 00000000000100000]
p_load101               (load             ) [ 00000000000100000]
p_load100               (load             ) [ 00000000000100000]
p_load99                (load             ) [ 00000000000100000]
p_load98                (load             ) [ 00000000000100000]
p_load97                (load             ) [ 00000000000100000]
p_load96                (load             ) [ 00000000000100000]
p_load95                (load             ) [ 00000000000100000]
p_load94                (load             ) [ 00000000000100000]
p_load93                (load             ) [ 00000000000100000]
p_load92                (load             ) [ 00000000000100000]
p_load91                (load             ) [ 00000000000100000]
p_load90                (load             ) [ 00000000000100000]
p_load89                (load             ) [ 00000000000100000]
p_load88                (load             ) [ 00000000000100000]
p_load87                (load             ) [ 00000000000100000]
p_load                  (load             ) [ 00000000000100000]
tmp_s                   (bitconcatenate   ) [ 00001000000000000]
acc                     (load             ) [ 00001000000000000]
call_ln577              (call             ) [ 00000000000000000]
acc_013_loc_load        (load             ) [ 00000011111000000]
tmp_1                   (fexp             ) [ 00000000011000000]
speclooptripcount_ln576 (speclooptripcount) [ 00000000000000000]
specloopname_ln576      (specloopname     ) [ 00000000000000000]
bitcast_ln545           (bitcast          ) [ 00000000000000000]
tmp_9                   (partselect       ) [ 00000000000000000]
trunc_ln545             (trunc            ) [ 00000000000000000]
icmp_ln545              (icmp             ) [ 00000000000000000]
icmp_ln545_14           (icmp             ) [ 00000000000000000]
or_ln545                (or               ) [ 00000000000000000]
tmp_10                  (fcmp             ) [ 00000000000000000]
and_ln545               (and              ) [ 00000000000000000]
sub_i                   (fadd             ) [ 00000000000000000]
l1                      (select           ) [ 00000000000000000]
switch_ln582            (switch           ) [ 00000000000000000]
store_ln545             (store            ) [ 00000000000000000]
br_ln582                (br               ) [ 00000000000000000]
store_ln545             (store            ) [ 00000000000000000]
br_ln582                (br               ) [ 00000000000000000]
store_ln545             (store            ) [ 00000000000000000]
br_ln582                (br               ) [ 00000000000000000]
store_ln545             (store            ) [ 00000000000000000]
br_ln582                (br               ) [ 00000000000000000]
store_ln545             (store            ) [ 00000000000000000]
br_ln582                (br               ) [ 00000000000000000]
store_ln545             (store            ) [ 00000000000000000]
br_ln582                (br               ) [ 00000000000000000]
store_ln545             (store            ) [ 00000000000000000]
br_ln582                (br               ) [ 00000000000000000]
store_ln545             (store            ) [ 00000000000000000]
br_ln582                (br               ) [ 00000000000000000]
store_ln545             (store            ) [ 00000000000000000]
br_ln582                (br               ) [ 00000000000000000]
store_ln545             (store            ) [ 00000000000000000]
br_ln582                (br               ) [ 00000000000000000]
store_ln545             (store            ) [ 00000000000000000]
br_ln582                (br               ) [ 00000000000000000]
store_ln545             (store            ) [ 00000000000000000]
br_ln582                (br               ) [ 00000000000000000]
store_ln545             (store            ) [ 00000000000000000]
br_ln582                (br               ) [ 00000000000000000]
store_ln545             (store            ) [ 00000000000000000]
br_ln582                (br               ) [ 00000000000000000]
store_ln545             (store            ) [ 00000000000000000]
br_ln582                (br               ) [ 00000000000000000]
store_ln545             (store            ) [ 00000000000000000]
br_ln582                (br               ) [ 00000000000000000]
store_ln545             (store            ) [ 00000000000000000]
br_ln582                (br               ) [ 00000000000000000]
store_ln545             (store            ) [ 00000000000000000]
br_ln582                (br               ) [ 00000000000000000]
store_ln545             (store            ) [ 00000000000000000]
br_ln582                (br               ) [ 00000000000000000]
store_ln545             (store            ) [ 00000000000000000]
br_ln582                (br               ) [ 00000000000000000]
store_ln545             (store            ) [ 00000000000000000]
br_ln582                (br               ) [ 00000000000000000]
store_ln545             (store            ) [ 00000000000000000]
br_ln582                (br               ) [ 00000000000000000]
store_ln545             (store            ) [ 00000000000000000]
br_ln582                (br               ) [ 00000000000000000]
store_ln545             (store            ) [ 00000000000000000]
br_ln582                (br               ) [ 00000000000000000]
store_ln545             (store            ) [ 00000000000000000]
br_ln582                (br               ) [ 00000000000000000]
store_ln545             (store            ) [ 00000000000000000]
br_ln582                (br               ) [ 00000000000000000]
store_ln545             (store            ) [ 00000000000000000]
br_ln582                (br               ) [ 00000000000000000]
store_ln545             (store            ) [ 00000000000000000]
br_ln582                (br               ) [ 00000000000000000]
store_ln545             (store            ) [ 00000000000000000]
br_ln582                (br               ) [ 00000000000000000]
store_ln545             (store            ) [ 00000000000000000]
br_ln582                (br               ) [ 00000000000000000]
store_ln545             (store            ) [ 00000000000000000]
br_ln582                (br               ) [ 00000000000000000]
store_ln545             (store            ) [ 00000000000000000]
br_ln582                (br               ) [ 00000000000000000]
store_ln576             (store            ) [ 00000000000000000]
br_ln576                (br               ) [ 00000000000000000]
call_ln0                (call             ) [ 00000000000000000]
p_loc_load              (load             ) [ 00000000000001000]
p_loc49_load            (load             ) [ 00000000000001000]
p_loc50_load            (load             ) [ 00000000000001000]
p_loc51_load            (load             ) [ 00000000000001000]
p_loc52_load            (load             ) [ 00000000000001000]
p_loc53_load            (load             ) [ 00000000000001000]
p_loc54_load            (load             ) [ 00000000000001000]
p_loc55_load            (load             ) [ 00000000000001000]
p_loc56_load            (load             ) [ 00000000000001000]
p_loc57_load            (load             ) [ 00000000000001000]
p_loc58_load            (load             ) [ 00000000000001000]
p_loc59_load            (load             ) [ 00000000000001000]
p_loc60_load            (load             ) [ 00000000000001000]
p_loc61_load            (load             ) [ 00000000000001000]
p_loc62_load            (load             ) [ 00000000000001000]
p_loc63_load            (load             ) [ 00000000000001000]
call_ln0                (call             ) [ 00000000000000000]
call_ln0                (call             ) [ 00000000000000000]
output_loc_load         (load             ) [ 00000000000000000]
ret_ln611               (ret              ) [ 00000000000000000]
</LifeTime>

<model>

<comp_list>
<comp id="0" class="1000" name="input_r">
<pin_list>
<pin id="1" dir="1" index="0" bw="1" slack="0"/>
</pin_list>
<bind>
<StgValue><ssdm name="input_r"/><MemPortTyVec>3 1 </MemPortTyVec>
</StgValue>
</bind>
</comp>

<comp id="2" class="1000" name="e1_bram_b1">
<pin_list>
<pin id="3" dir="1" index="0" bw="1" slack="0"/>
</pin_list>
<bind>
<StgValue><ssdm name="e1_bram_b1"/><MemPortTyVec>1 </MemPortTyVec>
</StgValue>
</bind>
</comp>

<comp id="4" class="1000" name="p_ZL10e1_bram_w1_0">
<pin_list>
<pin id="5" dir="1" index="0" bw="1" slack="0"/>
</pin_list>
<bind>
<StgValue><ssdm name="p_ZL10e1_bram_w1_0"/><MemPortTyVec>1 </MemPortTyVec>
</StgValue>
</bind>
</comp>

<comp id="6" class="1000" name="p_ZL10e1_bram_w1_1">
<pin_list>
<pin id="7" dir="1" index="0" bw="1" slack="0"/>
</pin_list>
<bind>
<StgValue><ssdm name="p_ZL10e1_bram_w1_1"/><MemPortTyVec>1 </MemPortTyVec>
</StgValue>
</bind>
</comp>

<comp id="8" class="1000" name="p_ZL10e1_bram_w1_2">
<pin_list>
<pin id="9" dir="1" index="0" bw="1" slack="0"/>
</pin_list>
<bind>
<StgValue><ssdm name="p_ZL10e1_bram_w1_2"/><MemPortTyVec>1 </MemPortTyVec>
</StgValue>
</bind>
</comp>

<comp id="10" class="1000" name="p_ZL10e1_bram_w1_3">
<pin_list>
<pin id="11" dir="1" index="0" bw="1" slack="0"/>
</pin_list>
<bind>
<StgValue><ssdm name="p_ZL10e1_bram_w1_3"/><MemPortTyVec>1 </MemPortTyVec>
</StgValue>
</bind>
</comp>

<comp id="12" class="1000" name="p_ZL10e1_bram_w1_4">
<pin_list>
<pin id="13" dir="1" index="0" bw="1" slack="0"/>
</pin_list>
<bind>
<StgValue><ssdm name="p_ZL10e1_bram_w1_4"/><MemPortTyVec>1 </MemPortTyVec>
</StgValue>
</bind>
</comp>

<comp id="14" class="1000" name="p_ZL10e1_bram_w1_5">
<pin_list>
<pin id="15" dir="1" index="0" bw="1" slack="0"/>
</pin_list>
<bind>
<StgValue><ssdm name="p_ZL10e1_bram_w1_5"/><MemPortTyVec>1 </MemPortTyVec>
</StgValue>
</bind>
</comp>

<comp id="16" class="1000" name="p_ZL10e1_bram_w1_6">
<pin_list>
<pin id="17" dir="1" index="0" bw="1" slack="0"/>
</pin_list>
<bind>
<StgValue><ssdm name="p_ZL10e1_bram_w1_6"/><MemPortTyVec>1 </MemPortTyVec>
</StgValue>
</bind>
</comp>

<comp id="18" class="1000" name="p_ZL10e1_bram_w1_7">
<pin_list>
<pin id="19" dir="1" index="0" bw="1" slack="0"/>
</pin_list>
<bind>
<StgValue><ssdm name="p_ZL10e1_bram_w1_7"/><MemPortTyVec>1 </MemPortTyVec>
</StgValue>
</bind>
</comp>

<comp id="20" class="1000" name="p_ZL10e1_bram_w1_8">
<pin_list>
<pin id="21" dir="1" index="0" bw="1" slack="0"/>
</pin_list>
<bind>
<StgValue><ssdm name="p_ZL10e1_bram_w1_8"/><MemPortTyVec>1 </MemPortTyVec>
</StgValue>
</bind>
</comp>

<comp id="22" class="1000" name="p_ZL10e1_bram_w1_9">
<pin_list>
<pin id="23" dir="1" index="0" bw="1" slack="0"/>
</pin_list>
<bind>
<StgValue><ssdm name="p_ZL10e1_bram_w1_9"/><MemPortTyVec>1 </MemPortTyVec>
</StgValue>
</bind>
</comp>

<comp id="24" class="1000" name="p_ZL10e1_bram_w1_10">
<pin_list>
<pin id="25" dir="1" index="0" bw="1" slack="0"/>
</pin_list>
<bind>
<StgValue><ssdm name="p_ZL10e1_bram_w1_10"/><MemPortTyVec>1 </MemPortTyVec>
</StgValue>
</bind>
</comp>

<comp id="26" class="1000" name="p_ZL10e1_bram_w1_11">
<pin_list>
<pin id="27" dir="1" index="0" bw="1" slack="0"/>
</pin_list>
<bind>
<StgValue><ssdm name="p_ZL10e1_bram_w1_11"/><MemPortTyVec>1 </MemPortTyVec>
</StgValue>
</bind>
</comp>

<comp id="28" class="1000" name="p_ZL10e1_bram_w1_12">
<pin_list>
<pin id="29" dir="1" index="0" bw="1" slack="0"/>
</pin_list>
<bind>
<StgValue><ssdm name="p_ZL10e1_bram_w1_12"/><MemPortTyVec>1 </MemPortTyVec>
</StgValue>
</bind>
</comp>

<comp id="30" class="1000" name="p_ZL10e1_bram_w1_13">
<pin_list>
<pin id="31" dir="1" index="0" bw="1" slack="0"/>
</pin_list>
<bind>
<StgValue><ssdm name="p_ZL10e1_bram_w1_13"/><MemPortTyVec>1 </MemPortTyVec>
</StgValue>
</bind>
</comp>

<comp id="32" class="1000" name="p_ZL10e1_bram_w1_14">
<pin_list>
<pin id="33" dir="1" index="0" bw="1" slack="0"/>
</pin_list>
<bind>
<StgValue><ssdm name="p_ZL10e1_bram_w1_14"/><MemPortTyVec>1 </MemPortTyVec>
</StgValue>
</bind>
</comp>

<comp id="34" class="1000" name="p_ZL10e1_bram_w1_15">
<pin_list>
<pin id="35" dir="1" index="0" bw="1" slack="0"/>
</pin_list>
<bind>
<StgValue><ssdm name="p_ZL10e1_bram_w1_15"/><MemPortTyVec>1 </MemPortTyVec>
</StgValue>
</bind>
</comp>

<comp id="36" class="1000" name="p_ZL10e1_bram_w1_16">
<pin_list>
<pin id="37" dir="1" index="0" bw="1" slack="0"/>
</pin_list>
<bind>
<StgValue><ssdm name="p_ZL10e1_bram_w1_16"/><MemPortTyVec>1 </MemPortTyVec>
</StgValue>
</bind>
</comp>

<comp id="38" class="1000" name="p_ZL10e1_bram_w1_17">
<pin_list>
<pin id="39" dir="1" index="0" bw="1" slack="0"/>
</pin_list>
<bind>
<StgValue><ssdm name="p_ZL10e1_bram_w1_17"/><MemPortTyVec>1 </MemPortTyVec>
</StgValue>
</bind>
</comp>

<comp id="40" class="1000" name="p_ZL10e1_bram_w1_18">
<pin_list>
<pin id="41" dir="1" index="0" bw="1" slack="0"/>
</pin_list>
<bind>
<StgValue><ssdm name="p_ZL10e1_bram_w1_18"/><MemPortTyVec>1 </MemPortTyVec>
</StgValue>
</bind>
</comp>

<comp id="42" class="1000" name="p_ZL10e1_bram_w1_19">
<pin_list>
<pin id="43" dir="1" index="0" bw="1" slack="0"/>
</pin_list>
<bind>
<StgValue><ssdm name="p_ZL10e1_bram_w1_19"/><MemPortTyVec>1 </MemPortTyVec>
</StgValue>
</bind>
</comp>

<comp id="44" class="1000" name="p_ZL10e1_bram_w1_20">
<pin_list>
<pin id="45" dir="1" index="0" bw="1" slack="0"/>
</pin_list>
<bind>
<StgValue><ssdm name="p_ZL10e1_bram_w1_20"/><MemPortTyVec>1 </MemPortTyVec>
</StgValue>
</bind>
</comp>

<comp id="46" class="1000" name="p_ZL10e1_bram_w1_21">
<pin_list>
<pin id="47" dir="1" index="0" bw="1" slack="0"/>
</pin_list>
<bind>
<StgValue><ssdm name="p_ZL10e1_bram_w1_21"/><MemPortTyVec>1 </MemPortTyVec>
</StgValue>
</bind>
</comp>

<comp id="48" class="1000" name="p_ZL10e1_bram_w1_22">
<pin_list>
<pin id="49" dir="1" index="0" bw="1" slack="0"/>
</pin_list>
<bind>
<StgValue><ssdm name="p_ZL10e1_bram_w1_22"/><MemPortTyVec>1 </MemPortTyVec>
</StgValue>
</bind>
</comp>

<comp id="50" class="1000" name="p_ZL10e1_bram_w1_23">
<pin_list>
<pin id="51" dir="1" index="0" bw="1" slack="0"/>
</pin_list>
<bind>
<StgValue><ssdm name="p_ZL10e1_bram_w1_23"/><MemPortTyVec>1 </MemPortTyVec>
</StgValue>
</bind>
</comp>

<comp id="52" class="1000" name="p_ZL10e1_bram_w1_24">
<pin_list>
<pin id="53" dir="1" index="0" bw="1" slack="0"/>
</pin_list>
<bind>
<StgValue><ssdm name="p_ZL10e1_bram_w1_24"/><MemPortTyVec>1 </MemPortTyVec>
</StgValue>
</bind>
</comp>

<comp id="54" class="1000" name="p_ZL10e1_bram_w1_25">
<pin_list>
<pin id="55" dir="1" index="0" bw="1" slack="0"/>
</pin_list>
<bind>
<StgValue><ssdm name="p_ZL10e1_bram_w1_25"/><MemPortTyVec>1 </MemPortTyVec>
</StgValue>
</bind>
</comp>

<comp id="56" class="1000" name="p_ZL10e1_bram_w1_26">
<pin_list>
<pin id="57" dir="1" index="0" bw="1" slack="0"/>
</pin_list>
<bind>
<StgValue><ssdm name="p_ZL10e1_bram_w1_26"/><MemPortTyVec>1 </MemPortTyVec>
</StgValue>
</bind>
</comp>

<comp id="58" class="1000" name="p_ZL10e1_bram_w1_27">
<pin_list>
<pin id="59" dir="1" index="0" bw="1" slack="0"/>
</pin_list>
<bind>
<StgValue><ssdm name="p_ZL10e1_bram_w1_27"/><MemPortTyVec>1 </MemPortTyVec>
</StgValue>
</bind>
</comp>

<comp id="60" class="1000" name="p_ZL10e1_bram_w1_28">
<pin_list>
<pin id="61" dir="1" index="0" bw="1" slack="0"/>
</pin_list>
<bind>
<StgValue><ssdm name="p_ZL10e1_bram_w1_28"/><MemPortTyVec>1 </MemPortTyVec>
</StgValue>
</bind>
</comp>

<comp id="62" class="1000" name="p_ZL10e1_bram_w1_29">
<pin_list>
<pin id="63" dir="1" index="0" bw="1" slack="0"/>
</pin_list>
<bind>
<StgValue><ssdm name="p_ZL10e1_bram_w1_29"/><MemPortTyVec>1 </MemPortTyVec>
</StgValue>
</bind>
</comp>

<comp id="64" class="1000" name="p_ZL10e1_bram_w1_30">
<pin_list>
<pin id="65" dir="1" index="0" bw="1" slack="0"/>
</pin_list>
<bind>
<StgValue><ssdm name="p_ZL10e1_bram_w1_30"/><MemPortTyVec>1 </MemPortTyVec>
</StgValue>
</bind>
</comp>

<comp id="66" class="1000" name="p_ZL10e1_bram_w1_31">
<pin_list>
<pin id="67" dir="1" index="0" bw="1" slack="0"/>
</pin_list>
<bind>
<StgValue><ssdm name="p_ZL10e1_bram_w1_31"/><MemPortTyVec>1 </MemPortTyVec>
</StgValue>
</bind>
</comp>

<comp id="68" class="1000" name="e1_bram_b2">
<pin_list>
<pin id="69" dir="1" index="0" bw="1" slack="0"/>
</pin_list>
<bind>
<StgValue><ssdm name="e1_bram_b2"/><MemPortTyVec>1 </MemPortTyVec>
</StgValue>
</bind>
</comp>

<comp id="70" class="1000" name="p_ZL10e1_bram_w2_0">
<pin_list>
<pin id="71" dir="1" index="0" bw="1" slack="0"/>
</pin_list>
<bind>
<StgValue><ssdm name="p_ZL10e1_bram_w2_0"/><MemPortTyVec>1 </MemPortTyVec>
</StgValue>
</bind>
</comp>

<comp id="72" class="1000" name="p_ZL10e1_bram_w2_1">
<pin_list>
<pin id="73" dir="1" index="0" bw="1" slack="0"/>
</pin_list>
<bind>
<StgValue><ssdm name="p_ZL10e1_bram_w2_1"/><MemPortTyVec>1 </MemPortTyVec>
</StgValue>
</bind>
</comp>

<comp id="74" class="1000" name="p_ZL10e1_bram_w2_2">
<pin_list>
<pin id="75" dir="1" index="0" bw="1" slack="0"/>
</pin_list>
<bind>
<StgValue><ssdm name="p_ZL10e1_bram_w2_2"/><MemPortTyVec>1 </MemPortTyVec>
</StgValue>
</bind>
</comp>

<comp id="76" class="1000" name="p_ZL10e1_bram_w2_3">
<pin_list>
<pin id="77" dir="1" index="0" bw="1" slack="0"/>
</pin_list>
<bind>
<StgValue><ssdm name="p_ZL10e1_bram_w2_3"/><MemPortTyVec>1 </MemPortTyVec>
</StgValue>
</bind>
</comp>

<comp id="78" class="1000" name="p_ZL10e1_bram_w2_4">
<pin_list>
<pin id="79" dir="1" index="0" bw="1" slack="0"/>
</pin_list>
<bind>
<StgValue><ssdm name="p_ZL10e1_bram_w2_4"/><MemPortTyVec>1 </MemPortTyVec>
</StgValue>
</bind>
</comp>

<comp id="80" class="1000" name="p_ZL10e1_bram_w2_5">
<pin_list>
<pin id="81" dir="1" index="0" bw="1" slack="0"/>
</pin_list>
<bind>
<StgValue><ssdm name="p_ZL10e1_bram_w2_5"/><MemPortTyVec>1 </MemPortTyVec>
</StgValue>
</bind>
</comp>

<comp id="82" class="1000" name="p_ZL10e1_bram_w2_6">
<pin_list>
<pin id="83" dir="1" index="0" bw="1" slack="0"/>
</pin_list>
<bind>
<StgValue><ssdm name="p_ZL10e1_bram_w2_6"/><MemPortTyVec>1 </MemPortTyVec>
</StgValue>
</bind>
</comp>

<comp id="84" class="1000" name="p_ZL10e1_bram_w2_7">
<pin_list>
<pin id="85" dir="1" index="0" bw="1" slack="0"/>
</pin_list>
<bind>
<StgValue><ssdm name="p_ZL10e1_bram_w2_7"/><MemPortTyVec>1 </MemPortTyVec>
</StgValue>
</bind>
</comp>

<comp id="86" class="1000" name="p_ZL10e1_bram_w2_8">
<pin_list>
<pin id="87" dir="1" index="0" bw="1" slack="0"/>
</pin_list>
<bind>
<StgValue><ssdm name="p_ZL10e1_bram_w2_8"/><MemPortTyVec>1 </MemPortTyVec>
</StgValue>
</bind>
</comp>

<comp id="88" class="1000" name="p_ZL10e1_bram_w2_9">
<pin_list>
<pin id="89" dir="1" index="0" bw="1" slack="0"/>
</pin_list>
<bind>
<StgValue><ssdm name="p_ZL10e1_bram_w2_9"/><MemPortTyVec>1 </MemPortTyVec>
</StgValue>
</bind>
</comp>

<comp id="90" class="1000" name="p_ZL10e1_bram_w2_10">
<pin_list>
<pin id="91" dir="1" index="0" bw="1" slack="0"/>
</pin_list>
<bind>
<StgValue><ssdm name="p_ZL10e1_bram_w2_10"/><MemPortTyVec>1 </MemPortTyVec>
</StgValue>
</bind>
</comp>

<comp id="92" class="1000" name="p_ZL10e1_bram_w2_11">
<pin_list>
<pin id="93" dir="1" index="0" bw="1" slack="0"/>
</pin_list>
<bind>
<StgValue><ssdm name="p_ZL10e1_bram_w2_11"/><MemPortTyVec>1 </MemPortTyVec>
</StgValue>
</bind>
</comp>

<comp id="94" class="1000" name="p_ZL10e1_bram_w2_12">
<pin_list>
<pin id="95" dir="1" index="0" bw="1" slack="0"/>
</pin_list>
<bind>
<StgValue><ssdm name="p_ZL10e1_bram_w2_12"/><MemPortTyVec>1 </MemPortTyVec>
</StgValue>
</bind>
</comp>

<comp id="96" class="1000" name="p_ZL10e1_bram_w2_13">
<pin_list>
<pin id="97" dir="1" index="0" bw="1" slack="0"/>
</pin_list>
<bind>
<StgValue><ssdm name="p_ZL10e1_bram_w2_13"/><MemPortTyVec>1 </MemPortTyVec>
</StgValue>
</bind>
</comp>

<comp id="98" class="1000" name="p_ZL10e1_bram_w2_14">
<pin_list>
<pin id="99" dir="1" index="0" bw="1" slack="0"/>
</pin_list>
<bind>
<StgValue><ssdm name="p_ZL10e1_bram_w2_14"/><MemPortTyVec>1 </MemPortTyVec>
</StgValue>
</bind>
</comp>

<comp id="100" class="1000" name="p_ZL10e1_bram_w2_15">
<pin_list>
<pin id="101" dir="1" index="0" bw="1" slack="0"/>
</pin_list>
<bind>
<StgValue><ssdm name="p_ZL10e1_bram_w2_15"/><MemPortTyVec>1 </MemPortTyVec>
</StgValue>
</bind>
</comp>

<comp id="102" class="1000" name="e1_bram_w3_0">
<pin_list>
<pin id="103" dir="1" index="0" bw="1" slack="0"/>
</pin_list>
<bind>
<StgValue><ssdm name="e1_bram_w3_0"/><MemPortTyVec>1 </MemPortTyVec>
</StgValue>
</bind>
</comp>

<comp id="104" class="1000" name="e1_bram_b0">
<pin_list>
<pin id="105" dir="1" index="0" bw="1" slack="0"/>
</pin_list>
<bind>
<StgValue><ssdm name="e1_bram_b0"/><MemPortTyVec>1 </MemPortTyVec>
</StgValue>
</bind>
</comp>

<comp id="106" class="1000" name="e1_bram_w0">
<pin_list>
<pin id="107" dir="1" index="0" bw="1" slack="0"/>
</pin_list>
<bind>
<StgValue><ssdm name="e1_bram_w0"/><MemPortTyVec>1 </MemPortTyVec>
</StgValue>
</bind>
</comp>

<comp id="108" class="1001" name="const_108">
<pin_list>
<pin id="109" dir="1" index="0" bw="1" slack="0"/>
</pin_list>
<bind>
<StgValue><ssdm name=""/></StgValue>
</bind>
</comp>

<comp id="110" class="1001" name="const_110">
<pin_list>
<pin id="111" dir="1" index="0" bw="1" slack="0"/>
</pin_list>
<bind>
<StgValue><ssdm name=""/></StgValue>
</bind>
</comp>

<comp id="112" class="1001" name="const_112">
<pin_list>
<pin id="113" dir="1" index="0" bw="1" slack="2147483647"/>
</pin_list>
<bind>
<StgValue><ssdm name="_ssdm_op_SpecBindPort"/></StgValue>
</bind>
</comp>

<comp id="114" class="1001" name="const_114">
<pin_list>
<pin id="115" dir="1" index="0" bw="1" slack="2147483647"/>
</pin_list>
<bind>
<StgValue><ssdm name="p_str"/></StgValue>
</bind>
</comp>

<comp id="116" class="1001" name="const_116">
<pin_list>
<pin id="117" dir="1" index="0" bw="1" slack="2147483647"/>
</pin_list>
<bind>
<StgValue><ssdm name="_ssdm_op_SpecShared"/></StgValue>
</bind>
</comp>

<comp id="118" class="1001" name="const_118">
<pin_list>
<pin id="119" dir="1" index="0" bw="1" slack="2147483647"/>
</pin_list>
<bind>
<StgValue><ssdm name="_ssdm_op_SpecInterface"/></StgValue>
</bind>
</comp>

<comp id="120" class="1001" name="const_120">
<pin_list>
<pin id="121" dir="1" index="0" bw="1" slack="2147483647"/>
</pin_list>
<bind>
<StgValue><ssdm name="empty_1"/></StgValue>
</bind>
</comp>

<comp id="122" class="1001" name="const_122">
<pin_list>
<pin id="123" dir="1" index="0" bw="1" slack="2147483647"/>
</pin_list>
<bind>
<StgValue><ssdm name=""/></StgValue>
</bind>
</comp>

<comp id="124" class="1001" name="const_124">
<pin_list>
<pin id="125" dir="1" index="0" bw="1" slack="2147483647"/>
</pin_list>
<bind>
<StgValue><ssdm name="empty_2"/></StgValue>
</bind>
</comp>

<comp id="126" class="1001" name="const_126">
<pin_list>
<pin id="127" dir="1" index="0" bw="1" slack="2147483647"/>
</pin_list>
<bind>
<StgValue><ssdm name=""/></StgValue>
</bind>
</comp>

<comp id="128" class="1001" name="const_128">
<pin_list>
<pin id="129" dir="1" index="0" bw="1" slack="0"/>
</pin_list>
<bind>
<StgValue><ssdm name=""/></StgValue>
</bind>
</comp>

<comp id="130" class="1001" name="const_130">
<pin_list>
<pin id="131" dir="1" index="0" bw="1" slack="0"/>
</pin_list>
<bind>
<StgValue><ssdm name=""/></StgValue>
</bind>
</comp>

<comp id="132" class="1001" name="const_132">
<pin_list>
<pin id="133" dir="1" index="0" bw="1" slack="0"/>
</pin_list>
<bind>
<StgValue><ssdm name=""/></StgValue>
</bind>
</comp>

<comp id="134" class="1001" name="const_134">
<pin_list>
<pin id="135" dir="1" index="0" bw="1" slack="0"/>
</pin_list>
<bind>
<StgValue><ssdm name=""/></StgValue>
</bind>
</comp>

<comp id="136" class="1001" name="const_136">
<pin_list>
<pin id="137" dir="1" index="0" bw="1" slack="0"/>
</pin_list>
<bind>
<StgValue><ssdm name="mlp_head479_Pipeline_VITIS_LOOP_586_3"/></StgValue>
</bind>
</comp>

<comp id="138" class="1001" name="const_138">
<pin_list>
<pin id="139" dir="1" index="0" bw="1" slack="0"/>
</pin_list>
<bind>
<StgValue><ssdm name="_ssdm_op_BitConcatenate.i12.i5.i7"/></StgValue>
</bind>
</comp>

<comp id="140" class="1001" name="const_140">
<pin_list>
<pin id="141" dir="1" index="0" bw="1" slack="0"/>
</pin_list>
<bind>
<StgValue><ssdm name=""/></StgValue>
</bind>
</comp>

<comp id="142" class="1001" name="const_142">
<pin_list>
<pin id="143" dir="1" index="0" bw="1" slack="0"/>
</pin_list>
<bind>
<StgValue><ssdm name="mlp_head479_Pipeline_VITIS_LOOP_579_2"/></StgValue>
</bind>
</comp>

<comp id="144" class="1001" name="const_144">
<pin_list>
<pin id="145" dir="1" index="0" bw="1" slack="0"/>
</pin_list>
<bind>
<StgValue><ssdm name="llvm.exp.f32"/></StgValue>
</bind>
</comp>

<comp id="146" class="1001" name="const_146">
<pin_list>
<pin id="147" dir="1" index="0" bw="1" slack="0"/>
</pin_list>
<bind>
<StgValue><ssdm name=""/></StgValue>
</bind>
</comp>

<comp id="148" class="1001" name="const_148">
<pin_list>
<pin id="149" dir="1" index="0" bw="1" slack="2147483647"/>
</pin_list>
<bind>
<StgValue><ssdm name="_ssdm_op_SpecLoopTripCount"/></StgValue>
</bind>
</comp>

<comp id="150" class="1001" name="const_150">
<pin_list>
<pin id="151" dir="1" index="0" bw="1" slack="2147483647"/>
</pin_list>
<bind>
<StgValue><ssdm name=""/></StgValue>
</bind>
</comp>

<comp id="152" class="1001" name="const_152">
<pin_list>
<pin id="153" dir="1" index="0" bw="1" slack="2147483647"/>
</pin_list>
<bind>
<StgValue><ssdm name="_ssdm_op_SpecLoopName"/></StgValue>
</bind>
</comp>

<comp id="154" class="1001" name="const_154">
<pin_list>
<pin id="155" dir="1" index="0" bw="1" slack="2147483647"/>
</pin_list>
<bind>
<StgValue><ssdm name="empty_9"/></StgValue>
</bind>
</comp>

<comp id="156" class="1001" name="const_156">
<pin_list>
<pin id="157" dir="1" index="0" bw="1" slack="0"/>
</pin_list>
<bind>
<StgValue><ssdm name="_ssdm_op_PartSelect.i8.i32.i32.i32"/></StgValue>
</bind>
</comp>

<comp id="158" class="1001" name="const_158">
<pin_list>
<pin id="159" dir="1" index="0" bw="1" slack="0"/>
</pin_list>
<bind>
<StgValue><ssdm name=""/></StgValue>
</bind>
</comp>

<comp id="160" class="1001" name="const_160">
<pin_list>
<pin id="161" dir="1" index="0" bw="1" slack="0"/>
</pin_list>
<bind>
<StgValue><ssdm name=""/></StgValue>
</bind>
</comp>

<comp id="162" class="1001" name="const_162">
<pin_list>
<pin id="163" dir="1" index="0" bw="1" slack="0"/>
</pin_list>
<bind>
<StgValue><ssdm name=""/></StgValue>
</bind>
</comp>

<comp id="164" class="1001" name="const_164">
<pin_list>
<pin id="165" dir="1" index="0" bw="1" slack="0"/>
</pin_list>
<bind>
<StgValue><ssdm name=""/></StgValue>
</bind>
</comp>

<comp id="166" class="1001" name="const_166">
<pin_list>
<pin id="167" dir="1" index="0" bw="1" slack="0"/>
</pin_list>
<bind>
<StgValue><ssdm name=""/></StgValue>
</bind>
</comp>

<comp id="168" class="1001" name="const_168">
<pin_list>
<pin id="169" dir="1" index="0" bw="1" slack="2147483647"/>
</pin_list>
<bind>
<StgValue><ssdm name=""/></StgValue>
</bind>
</comp>

<comp id="170" class="1001" name="const_170">
<pin_list>
<pin id="171" dir="1" index="0" bw="1" slack="2147483647"/>
</pin_list>
<bind>
<StgValue><ssdm name=""/></StgValue>
</bind>
</comp>

<comp id="172" class="1001" name="const_172">
<pin_list>
<pin id="173" dir="1" index="0" bw="1" slack="2147483647"/>
</pin_list>
<bind>
<StgValue><ssdm name=""/></StgValue>
</bind>
</comp>

<comp id="174" class="1001" name="const_174">
<pin_list>
<pin id="175" dir="1" index="0" bw="1" slack="2147483647"/>
</pin_list>
<bind>
<StgValue><ssdm name=""/></StgValue>
</bind>
</comp>

<comp id="176" class="1001" name="const_176">
<pin_list>
<pin id="177" dir="1" index="0" bw="1" slack="2147483647"/>
</pin_list>
<bind>
<StgValue><ssdm name=""/></StgValue>
</bind>
</comp>

<comp id="178" class="1001" name="const_178">
<pin_list>
<pin id="179" dir="1" index="0" bw="1" slack="2147483647"/>
</pin_list>
<bind>
<StgValue><ssdm name=""/></StgValue>
</bind>
</comp>

<comp id="180" class="1001" name="const_180">
<pin_list>
<pin id="181" dir="1" index="0" bw="1" slack="2147483647"/>
</pin_list>
<bind>
<StgValue><ssdm name=""/></StgValue>
</bind>
</comp>

<comp id="182" class="1001" name="const_182">
<pin_list>
<pin id="183" dir="1" index="0" bw="1" slack="2147483647"/>
</pin_list>
<bind>
<StgValue><ssdm name=""/></StgValue>
</bind>
</comp>

<comp id="184" class="1001" name="const_184">
<pin_list>
<pin id="185" dir="1" index="0" bw="1" slack="2147483647"/>
</pin_list>
<bind>
<StgValue><ssdm name=""/></StgValue>
</bind>
</comp>

<comp id="186" class="1001" name="const_186">
<pin_list>
<pin id="187" dir="1" index="0" bw="1" slack="2147483647"/>
</pin_list>
<bind>
<StgValue><ssdm name=""/></StgValue>
</bind>
</comp>

<comp id="188" class="1001" name="const_188">
<pin_list>
<pin id="189" dir="1" index="0" bw="1" slack="2147483647"/>
</pin_list>
<bind>
<StgValue><ssdm name=""/></StgValue>
</bind>
</comp>

<comp id="190" class="1001" name="const_190">
<pin_list>
<pin id="191" dir="1" index="0" bw="1" slack="2147483647"/>
</pin_list>
<bind>
<StgValue><ssdm name=""/></StgValue>
</bind>
</comp>

<comp id="192" class="1001" name="const_192">
<pin_list>
<pin id="193" dir="1" index="0" bw="1" slack="2147483647"/>
</pin_list>
<bind>
<StgValue><ssdm name=""/></StgValue>
</bind>
</comp>

<comp id="194" class="1001" name="const_194">
<pin_list>
<pin id="195" dir="1" index="0" bw="1" slack="2147483647"/>
</pin_list>
<bind>
<StgValue><ssdm name=""/></StgValue>
</bind>
</comp>

<comp id="196" class="1001" name="const_196">
<pin_list>
<pin id="197" dir="1" index="0" bw="1" slack="2147483647"/>
</pin_list>
<bind>
<StgValue><ssdm name=""/></StgValue>
</bind>
</comp>

<comp id="198" class="1001" name="const_198">
<pin_list>
<pin id="199" dir="1" index="0" bw="1" slack="2147483647"/>
</pin_list>
<bind>
<StgValue><ssdm name=""/></StgValue>
</bind>
</comp>

<comp id="200" class="1001" name="const_200">
<pin_list>
<pin id="201" dir="1" index="0" bw="1" slack="2147483647"/>
</pin_list>
<bind>
<StgValue><ssdm name=""/></StgValue>
</bind>
</comp>

<comp id="202" class="1001" name="const_202">
<pin_list>
<pin id="203" dir="1" index="0" bw="1" slack="2147483647"/>
</pin_list>
<bind>
<StgValue><ssdm name=""/></StgValue>
</bind>
</comp>

<comp id="204" class="1001" name="const_204">
<pin_list>
<pin id="205" dir="1" index="0" bw="1" slack="2147483647"/>
</pin_list>
<bind>
<StgValue><ssdm name=""/></StgValue>
</bind>
</comp>

<comp id="206" class="1001" name="const_206">
<pin_list>
<pin id="207" dir="1" index="0" bw="1" slack="2147483647"/>
</pin_list>
<bind>
<StgValue><ssdm name=""/></StgValue>
</bind>
</comp>

<comp id="208" class="1001" name="const_208">
<pin_list>
<pin id="209" dir="1" index="0" bw="1" slack="2147483647"/>
</pin_list>
<bind>
<StgValue><ssdm name=""/></StgValue>
</bind>
</comp>

<comp id="210" class="1001" name="const_210">
<pin_list>
<pin id="211" dir="1" index="0" bw="1" slack="2147483647"/>
</pin_list>
<bind>
<StgValue><ssdm name=""/></StgValue>
</bind>
</comp>

<comp id="212" class="1001" name="const_212">
<pin_list>
<pin id="213" dir="1" index="0" bw="1" slack="2147483647"/>
</pin_list>
<bind>
<StgValue><ssdm name=""/></StgValue>
</bind>
</comp>

<comp id="214" class="1001" name="const_214">
<pin_list>
<pin id="215" dir="1" index="0" bw="1" slack="2147483647"/>
</pin_list>
<bind>
<StgValue><ssdm name=""/></StgValue>
</bind>
</comp>

<comp id="216" class="1001" name="const_216">
<pin_list>
<pin id="217" dir="1" index="0" bw="1" slack="2147483647"/>
</pin_list>
<bind>
<StgValue><ssdm name=""/></StgValue>
</bind>
</comp>

<comp id="218" class="1001" name="const_218">
<pin_list>
<pin id="219" dir="1" index="0" bw="1" slack="2147483647"/>
</pin_list>
<bind>
<StgValue><ssdm name=""/></StgValue>
</bind>
</comp>

<comp id="220" class="1001" name="const_220">
<pin_list>
<pin id="221" dir="1" index="0" bw="1" slack="2147483647"/>
</pin_list>
<bind>
<StgValue><ssdm name=""/></StgValue>
</bind>
</comp>

<comp id="222" class="1001" name="const_222">
<pin_list>
<pin id="223" dir="1" index="0" bw="1" slack="2147483647"/>
</pin_list>
<bind>
<StgValue><ssdm name=""/></StgValue>
</bind>
</comp>

<comp id="224" class="1001" name="const_224">
<pin_list>
<pin id="225" dir="1" index="0" bw="1" slack="2147483647"/>
</pin_list>
<bind>
<StgValue><ssdm name=""/></StgValue>
</bind>
</comp>

<comp id="226" class="1001" name="const_226">
<pin_list>
<pin id="227" dir="1" index="0" bw="1" slack="2147483647"/>
</pin_list>
<bind>
<StgValue><ssdm name=""/></StgValue>
</bind>
</comp>

<comp id="228" class="1001" name="const_228">
<pin_list>
<pin id="229" dir="1" index="0" bw="1" slack="2147483647"/>
</pin_list>
<bind>
<StgValue><ssdm name=""/></StgValue>
</bind>
</comp>

<comp id="230" class="1001" name="const_230">
<pin_list>
<pin id="231" dir="1" index="0" bw="1" slack="0"/>
</pin_list>
<bind>
<StgValue><ssdm name="mlp_head479_Pipeline_VITIS_LOOP_596_5"/></StgValue>
</bind>
</comp>

<comp id="232" class="1001" name="const_232">
<pin_list>
<pin id="233" dir="1" index="0" bw="1" slack="0"/>
</pin_list>
<bind>
<StgValue><ssdm name="mlp_head479_Pipeline_VITIS_LOOP_608_7"/></StgValue>
</bind>
</comp>

<comp id="234" class="1004" name="i_fu_234">
<pin_list>
<pin id="235" dir="0" index="0" bw="1" slack="0"/>
<pin id="236" dir="1" index="1" bw="6" slack="0"/>
</pin_list>
<bind>
<opcode="alloca(26) " fcode="alloca"/>
<opset="i/1 "/>
</bind>
</comp>

<comp id="238" class="1004" name="empty_fu_238">
<pin_list>
<pin id="239" dir="0" index="0" bw="1" slack="0"/>
<pin id="240" dir="1" index="1" bw="32" slack="1"/>
</pin_list>
<bind>
<opcode="alloca(26) " fcode="alloca"/>
<opset="empty/1 "/>
</bind>
</comp>

<comp id="242" class="1004" name="empty_846_fu_242">
<pin_list>
<pin id="243" dir="0" index="0" bw="1" slack="0"/>
<pin id="244" dir="1" index="1" bw="32" slack="1"/>
</pin_list>
<bind>
<opcode="alloca(26) " fcode="alloca"/>
<opset="empty_846/1 "/>
</bind>
</comp>

<comp id="246" class="1004" name="empty_847_fu_246">
<pin_list>
<pin id="247" dir="0" index="0" bw="1" slack="0"/>
<pin id="248" dir="1" index="1" bw="32" slack="1"/>
</pin_list>
<bind>
<opcode="alloca(26) " fcode="alloca"/>
<opset="empty_847/1 "/>
</bind>
</comp>

<comp id="250" class="1004" name="empty_848_fu_250">
<pin_list>
<pin id="251" dir="0" index="0" bw="1" slack="0"/>
<pin id="252" dir="1" index="1" bw="32" slack="1"/>
</pin_list>
<bind>
<opcode="alloca(26) " fcode="alloca"/>
<opset="empty_848/1 "/>
</bind>
</comp>

<comp id="254" class="1004" name="empty_849_fu_254">
<pin_list>
<pin id="255" dir="0" index="0" bw="1" slack="0"/>
<pin id="256" dir="1" index="1" bw="32" slack="1"/>
</pin_list>
<bind>
<opcode="alloca(26) " fcode="alloca"/>
<opset="empty_849/1 "/>
</bind>
</comp>

<comp id="258" class="1004" name="empty_850_fu_258">
<pin_list>
<pin id="259" dir="0" index="0" bw="1" slack="0"/>
<pin id="260" dir="1" index="1" bw="32" slack="1"/>
</pin_list>
<bind>
<opcode="alloca(26) " fcode="alloca"/>
<opset="empty_850/1 "/>
</bind>
</comp>

<comp id="262" class="1004" name="empty_851_fu_262">
<pin_list>
<pin id="263" dir="0" index="0" bw="1" slack="0"/>
<pin id="264" dir="1" index="1" bw="32" slack="1"/>
</pin_list>
<bind>
<opcode="alloca(26) " fcode="alloca"/>
<opset="empty_851/1 "/>
</bind>
</comp>

<comp id="266" class="1004" name="empty_852_fu_266">
<pin_list>
<pin id="267" dir="0" index="0" bw="1" slack="0"/>
<pin id="268" dir="1" index="1" bw="32" slack="1"/>
</pin_list>
<bind>
<opcode="alloca(26) " fcode="alloca"/>
<opset="empty_852/1 "/>
</bind>
</comp>

<comp id="270" class="1004" name="empty_853_fu_270">
<pin_list>
<pin id="271" dir="0" index="0" bw="1" slack="0"/>
<pin id="272" dir="1" index="1" bw="32" slack="1"/>
</pin_list>
<bind>
<opcode="alloca(26) " fcode="alloca"/>
<opset="empty_853/1 "/>
</bind>
</comp>

<comp id="274" class="1004" name="empty_854_fu_274">
<pin_list>
<pin id="275" dir="0" index="0" bw="1" slack="0"/>
<pin id="276" dir="1" index="1" bw="32" slack="1"/>
</pin_list>
<bind>
<opcode="alloca(26) " fcode="alloca"/>
<opset="empty_854/1 "/>
</bind>
</comp>

<comp id="278" class="1004" name="empty_855_fu_278">
<pin_list>
<pin id="279" dir="0" index="0" bw="1" slack="0"/>
<pin id="280" dir="1" index="1" bw="32" slack="1"/>
</pin_list>
<bind>
<opcode="alloca(26) " fcode="alloca"/>
<opset="empty_855/1 "/>
</bind>
</comp>

<comp id="282" class="1004" name="empty_856_fu_282">
<pin_list>
<pin id="283" dir="0" index="0" bw="1" slack="0"/>
<pin id="284" dir="1" index="1" bw="32" slack="1"/>
</pin_list>
<bind>
<opcode="alloca(26) " fcode="alloca"/>
<opset="empty_856/1 "/>
</bind>
</comp>

<comp id="286" class="1004" name="empty_857_fu_286">
<pin_list>
<pin id="287" dir="0" index="0" bw="1" slack="0"/>
<pin id="288" dir="1" index="1" bw="32" slack="1"/>
</pin_list>
<bind>
<opcode="alloca(26) " fcode="alloca"/>
<opset="empty_857/1 "/>
</bind>
</comp>

<comp id="290" class="1004" name="empty_858_fu_290">
<pin_list>
<pin id="291" dir="0" index="0" bw="1" slack="0"/>
<pin id="292" dir="1" index="1" bw="32" slack="1"/>
</pin_list>
<bind>
<opcode="alloca(26) " fcode="alloca"/>
<opset="empty_858/1 "/>
</bind>
</comp>

<comp id="294" class="1004" name="empty_859_fu_294">
<pin_list>
<pin id="295" dir="0" index="0" bw="1" slack="0"/>
<pin id="296" dir="1" index="1" bw="32" slack="1"/>
</pin_list>
<bind>
<opcode="alloca(26) " fcode="alloca"/>
<opset="empty_859/1 "/>
</bind>
</comp>

<comp id="298" class="1004" name="empty_860_fu_298">
<pin_list>
<pin id="299" dir="0" index="0" bw="1" slack="0"/>
<pin id="300" dir="1" index="1" bw="32" slack="1"/>
</pin_list>
<bind>
<opcode="alloca(26) " fcode="alloca"/>
<opset="empty_860/1 "/>
</bind>
</comp>

<comp id="302" class="1004" name="empty_861_fu_302">
<pin_list>
<pin id="303" dir="0" index="0" bw="1" slack="0"/>
<pin id="304" dir="1" index="1" bw="32" slack="1"/>
</pin_list>
<bind>
<opcode="alloca(26) " fcode="alloca"/>
<opset="empty_861/1 "/>
</bind>
</comp>

<comp id="306" class="1004" name="empty_862_fu_306">
<pin_list>
<pin id="307" dir="0" index="0" bw="1" slack="0"/>
<pin id="308" dir="1" index="1" bw="32" slack="1"/>
</pin_list>
<bind>
<opcode="alloca(26) " fcode="alloca"/>
<opset="empty_862/1 "/>
</bind>
</comp>

<comp id="310" class="1004" name="empty_863_fu_310">
<pin_list>
<pin id="311" dir="0" index="0" bw="1" slack="0"/>
<pin id="312" dir="1" index="1" bw="32" slack="1"/>
</pin_list>
<bind>
<opcode="alloca(26) " fcode="alloca"/>
<opset="empty_863/1 "/>
</bind>
</comp>

<comp id="314" class="1004" name="empty_864_fu_314">
<pin_list>
<pin id="315" dir="0" index="0" bw="1" slack="0"/>
<pin id="316" dir="1" index="1" bw="32" slack="1"/>
</pin_list>
<bind>
<opcode="alloca(26) " fcode="alloca"/>
<opset="empty_864/1 "/>
</bind>
</comp>

<comp id="318" class="1004" name="empty_865_fu_318">
<pin_list>
<pin id="319" dir="0" index="0" bw="1" slack="0"/>
<pin id="320" dir="1" index="1" bw="32" slack="1"/>
</pin_list>
<bind>
<opcode="alloca(26) " fcode="alloca"/>
<opset="empty_865/1 "/>
</bind>
</comp>

<comp id="322" class="1004" name="empty_866_fu_322">
<pin_list>
<pin id="323" dir="0" index="0" bw="1" slack="0"/>
<pin id="324" dir="1" index="1" bw="32" slack="1"/>
</pin_list>
<bind>
<opcode="alloca(26) " fcode="alloca"/>
<opset="empty_866/1 "/>
</bind>
</comp>

<comp id="326" class="1004" name="empty_867_fu_326">
<pin_list>
<pin id="327" dir="0" index="0" bw="1" slack="0"/>
<pin id="328" dir="1" index="1" bw="32" slack="1"/>
</pin_list>
<bind>
<opcode="alloca(26) " fcode="alloca"/>
<opset="empty_867/1 "/>
</bind>
</comp>

<comp id="330" class="1004" name="empty_868_fu_330">
<pin_list>
<pin id="331" dir="0" index="0" bw="1" slack="0"/>
<pin id="332" dir="1" index="1" bw="32" slack="1"/>
</pin_list>
<bind>
<opcode="alloca(26) " fcode="alloca"/>
<opset="empty_868/1 "/>
</bind>
</comp>

<comp id="334" class="1004" name="empty_869_fu_334">
<pin_list>
<pin id="335" dir="0" index="0" bw="1" slack="0"/>
<pin id="336" dir="1" index="1" bw="32" slack="1"/>
</pin_list>
<bind>
<opcode="alloca(26) " fcode="alloca"/>
<opset="empty_869/1 "/>
</bind>
</comp>

<comp id="338" class="1004" name="empty_870_fu_338">
<pin_list>
<pin id="339" dir="0" index="0" bw="1" slack="0"/>
<pin id="340" dir="1" index="1" bw="32" slack="1"/>
</pin_list>
<bind>
<opcode="alloca(26) " fcode="alloca"/>
<opset="empty_870/1 "/>
</bind>
</comp>

<comp id="342" class="1004" name="empty_871_fu_342">
<pin_list>
<pin id="343" dir="0" index="0" bw="1" slack="0"/>
<pin id="344" dir="1" index="1" bw="32" slack="1"/>
</pin_list>
<bind>
<opcode="alloca(26) " fcode="alloca"/>
<opset="empty_871/1 "/>
</bind>
</comp>

<comp id="346" class="1004" name="empty_872_fu_346">
<pin_list>
<pin id="347" dir="0" index="0" bw="1" slack="0"/>
<pin id="348" dir="1" index="1" bw="32" slack="1"/>
</pin_list>
<bind>
<opcode="alloca(26) " fcode="alloca"/>
<opset="empty_872/1 "/>
</bind>
</comp>

<comp id="350" class="1004" name="empty_873_fu_350">
<pin_list>
<pin id="351" dir="0" index="0" bw="1" slack="0"/>
<pin id="352" dir="1" index="1" bw="32" slack="1"/>
</pin_list>
<bind>
<opcode="alloca(26) " fcode="alloca"/>
<opset="empty_873/1 "/>
</bind>
</comp>

<comp id="354" class="1004" name="empty_874_fu_354">
<pin_list>
<pin id="355" dir="0" index="0" bw="1" slack="0"/>
<pin id="356" dir="1" index="1" bw="32" slack="1"/>
</pin_list>
<bind>
<opcode="alloca(26) " fcode="alloca"/>
<opset="empty_874/1 "/>
</bind>
</comp>

<comp id="358" class="1004" name="empty_875_fu_358">
<pin_list>
<pin id="359" dir="0" index="0" bw="1" slack="0"/>
<pin id="360" dir="1" index="1" bw="32" slack="1"/>
</pin_list>
<bind>
<opcode="alloca(26) " fcode="alloca"/>
<opset="empty_875/1 "/>
</bind>
</comp>

<comp id="362" class="1004" name="empty_876_fu_362">
<pin_list>
<pin id="363" dir="0" index="0" bw="1" slack="0"/>
<pin id="364" dir="1" index="1" bw="32" slack="1"/>
</pin_list>
<bind>
<opcode="alloca(26) " fcode="alloca"/>
<opset="empty_876/1 "/>
</bind>
</comp>

<comp id="366" class="1004" name="output_loc_fu_366">
<pin_list>
<pin id="367" dir="0" index="0" bw="1" slack="0"/>
<pin id="368" dir="1" index="1" bw="32" slack="5"/>
</pin_list>
<bind>
<opcode="alloca(26) " fcode="alloca"/>
<opset="output_loc/1 "/>
</bind>
</comp>

<comp id="370" class="1004" name="p_loc63_fu_370">
<pin_list>
<pin id="371" dir="0" index="0" bw="1" slack="0"/>
<pin id="372" dir="1" index="1" bw="32" slack="1"/>
</pin_list>
<bind>
<opcode="alloca(26) " fcode="alloca"/>
<opset="p_loc63/1 "/>
</bind>
</comp>

<comp id="374" class="1004" name="p_loc62_fu_374">
<pin_list>
<pin id="375" dir="0" index="0" bw="1" slack="0"/>
<pin id="376" dir="1" index="1" bw="32" slack="1"/>
</pin_list>
<bind>
<opcode="alloca(26) " fcode="alloca"/>
<opset="p_loc62/1 "/>
</bind>
</comp>

<comp id="378" class="1004" name="p_loc61_fu_378">
<pin_list>
<pin id="379" dir="0" index="0" bw="1" slack="0"/>
<pin id="380" dir="1" index="1" bw="32" slack="1"/>
</pin_list>
<bind>
<opcode="alloca(26) " fcode="alloca"/>
<opset="p_loc61/1 "/>
</bind>
</comp>

<comp id="382" class="1004" name="p_loc60_fu_382">
<pin_list>
<pin id="383" dir="0" index="0" bw="1" slack="0"/>
<pin id="384" dir="1" index="1" bw="32" slack="1"/>
</pin_list>
<bind>
<opcode="alloca(26) " fcode="alloca"/>
<opset="p_loc60/1 "/>
</bind>
</comp>

<comp id="386" class="1004" name="p_loc59_fu_386">
<pin_list>
<pin id="387" dir="0" index="0" bw="1" slack="0"/>
<pin id="388" dir="1" index="1" bw="32" slack="1"/>
</pin_list>
<bind>
<opcode="alloca(26) " fcode="alloca"/>
<opset="p_loc59/1 "/>
</bind>
</comp>

<comp id="390" class="1004" name="p_loc58_fu_390">
<pin_list>
<pin id="391" dir="0" index="0" bw="1" slack="0"/>
<pin id="392" dir="1" index="1" bw="32" slack="1"/>
</pin_list>
<bind>
<opcode="alloca(26) " fcode="alloca"/>
<opset="p_loc58/1 "/>
</bind>
</comp>

<comp id="394" class="1004" name="p_loc57_fu_394">
<pin_list>
<pin id="395" dir="0" index="0" bw="1" slack="0"/>
<pin id="396" dir="1" index="1" bw="32" slack="1"/>
</pin_list>
<bind>
<opcode="alloca(26) " fcode="alloca"/>
<opset="p_loc57/1 "/>
</bind>
</comp>

<comp id="398" class="1004" name="p_loc56_fu_398">
<pin_list>
<pin id="399" dir="0" index="0" bw="1" slack="0"/>
<pin id="400" dir="1" index="1" bw="32" slack="1"/>
</pin_list>
<bind>
<opcode="alloca(26) " fcode="alloca"/>
<opset="p_loc56/1 "/>
</bind>
</comp>

<comp id="402" class="1004" name="p_loc55_fu_402">
<pin_list>
<pin id="403" dir="0" index="0" bw="1" slack="0"/>
<pin id="404" dir="1" index="1" bw="32" slack="1"/>
</pin_list>
<bind>
<opcode="alloca(26) " fcode="alloca"/>
<opset="p_loc55/1 "/>
</bind>
</comp>

<comp id="406" class="1004" name="p_loc54_fu_406">
<pin_list>
<pin id="407" dir="0" index="0" bw="1" slack="0"/>
<pin id="408" dir="1" index="1" bw="32" slack="1"/>
</pin_list>
<bind>
<opcode="alloca(26) " fcode="alloca"/>
<opset="p_loc54/1 "/>
</bind>
</comp>

<comp id="410" class="1004" name="p_loc53_fu_410">
<pin_list>
<pin id="411" dir="0" index="0" bw="1" slack="0"/>
<pin id="412" dir="1" index="1" bw="32" slack="1"/>
</pin_list>
<bind>
<opcode="alloca(26) " fcode="alloca"/>
<opset="p_loc53/1 "/>
</bind>
</comp>

<comp id="414" class="1004" name="p_loc52_fu_414">
<pin_list>
<pin id="415" dir="0" index="0" bw="1" slack="0"/>
<pin id="416" dir="1" index="1" bw="32" slack="1"/>
</pin_list>
<bind>
<opcode="alloca(26) " fcode="alloca"/>
<opset="p_loc52/1 "/>
</bind>
</comp>

<comp id="418" class="1004" name="p_loc51_fu_418">
<pin_list>
<pin id="419" dir="0" index="0" bw="1" slack="0"/>
<pin id="420" dir="1" index="1" bw="32" slack="1"/>
</pin_list>
<bind>
<opcode="alloca(26) " fcode="alloca"/>
<opset="p_loc51/1 "/>
</bind>
</comp>

<comp id="422" class="1004" name="p_loc50_fu_422">
<pin_list>
<pin id="423" dir="0" index="0" bw="1" slack="0"/>
<pin id="424" dir="1" index="1" bw="32" slack="1"/>
</pin_list>
<bind>
<opcode="alloca(26) " fcode="alloca"/>
<opset="p_loc50/1 "/>
</bind>
</comp>

<comp id="426" class="1004" name="p_loc49_fu_426">
<pin_list>
<pin id="427" dir="0" index="0" bw="1" slack="0"/>
<pin id="428" dir="1" index="1" bw="32" slack="1"/>
</pin_list>
<bind>
<opcode="alloca(26) " fcode="alloca"/>
<opset="p_loc49/1 "/>
</bind>
</comp>

<comp id="430" class="1004" name="p_loc_fu_430">
<pin_list>
<pin id="431" dir="0" index="0" bw="1" slack="0"/>
<pin id="432" dir="1" index="1" bw="32" slack="1"/>
</pin_list>
<bind>
<opcode="alloca(26) " fcode="alloca"/>
<opset="p_loc/1 "/>
</bind>
</comp>

<comp id="434" class="1004" name="acc_013_loc_fu_434">
<pin_list>
<pin id="435" dir="0" index="0" bw="1" slack="0"/>
<pin id="436" dir="1" index="1" bw="32" slack="2"/>
</pin_list>
<bind>
<opcode="alloca(26) " fcode="alloca"/>
<opset="acc_013_loc/1 "/>
</bind>
</comp>

<comp id="438" class="1004" name="l3_alloca_fu_438">
<pin_list>
<pin id="439" dir="0" index="0" bw="1" slack="0"/>
<pin id="440" dir="1" index="1" bw="32" slack="2147483647"/>
</pin_list>
<bind>
<opcode="alloca(26) " fcode="alloca"/>
<opset="l3/1 "/>
</bind>
</comp>

<comp id="442" class="1004" name="e1_bram_b0_addr_gep_fu_442">
<pin_list>
<pin id="443" dir="0" index="0" bw="32" slack="0"/>
<pin id="444" dir="0" index="1" bw="1" slack="0"/>
<pin id="445" dir="0" index="2" bw="6" slack="0"/>
<pin id="446" dir="1" index="3" bw="5" slack="0"/>
</pin_list>
<bind>
<opcode="getelementptr(29) " fcode="getelementptr"/>
<opset="e1_bram_b0_addr/2 "/>
</bind>
</comp>

<comp id="449" class="1004" name="grp_access_fu_449">
<pin_list>
<pin id="450" dir="0" index="0" bw="5" slack="0"/>
<pin id="451" dir="0" index="1" bw="32" slack="2147483647"/>
<pin id="452" dir="0" index="2" bw="0" slack="2147483647"/>
<pin id="453" dir="1" index="3" bw="32" slack="0"/>
</pin_list>
<bind>
<opcode="load(27) " fcode="load"/>
<opset="acc/2 "/>
</bind>
</comp>

<comp id="455" class="1004" name="grp_mlp_head479_Pipeline_VITIS_LOOP_586_3_fu_455">
<pin_list>
<pin id="456" dir="0" index="0" bw="0" slack="0"/>
<pin id="457" dir="0" index="1" bw="32" slack="0"/>
<pin id="458" dir="0" index="2" bw="32" slack="0"/>
<pin id="459" dir="0" index="3" bw="32" slack="0"/>
<pin id="460" dir="0" index="4" bw="32" slack="0"/>
<pin id="461" dir="0" index="5" bw="32" slack="0"/>
<pin id="462" dir="0" index="6" bw="32" slack="0"/>
<pin id="463" dir="0" index="7" bw="32" slack="0"/>
<pin id="464" dir="0" index="8" bw="32" slack="0"/>
<pin id="465" dir="0" index="9" bw="32" slack="0"/>
<pin id="466" dir="0" index="10" bw="32" slack="0"/>
<pin id="467" dir="0" index="11" bw="32" slack="0"/>
<pin id="468" dir="0" index="12" bw="32" slack="0"/>
<pin id="469" dir="0" index="13" bw="32" slack="0"/>
<pin id="470" dir="0" index="14" bw="32" slack="0"/>
<pin id="471" dir="0" index="15" bw="32" slack="0"/>
<pin id="472" dir="0" index="16" bw="32" slack="0"/>
<pin id="473" dir="0" index="17" bw="32" slack="0"/>
<pin id="474" dir="0" index="18" bw="32" slack="0"/>
<pin id="475" dir="0" index="19" bw="32" slack="0"/>
<pin id="476" dir="0" index="20" bw="32" slack="0"/>
<pin id="477" dir="0" index="21" bw="32" slack="0"/>
<pin id="478" dir="0" index="22" bw="32" slack="0"/>
<pin id="479" dir="0" index="23" bw="32" slack="0"/>
<pin id="480" dir="0" index="24" bw="32" slack="0"/>
<pin id="481" dir="0" index="25" bw="32" slack="0"/>
<pin id="482" dir="0" index="26" bw="32" slack="0"/>
<pin id="483" dir="0" index="27" bw="32" slack="0"/>
<pin id="484" dir="0" index="28" bw="32" slack="0"/>
<pin id="485" dir="0" index="29" bw="32" slack="0"/>
<pin id="486" dir="0" index="30" bw="32" slack="0"/>
<pin id="487" dir="0" index="31" bw="32" slack="0"/>
<pin id="488" dir="0" index="32" bw="32" slack="0"/>
<pin id="489" dir="0" index="33" bw="32" slack="1"/>
<pin id="490" dir="0" index="34" bw="32" slack="1"/>
<pin id="491" dir="0" index="35" bw="32" slack="1"/>
<pin id="492" dir="0" index="36" bw="32" slack="1"/>
<pin id="493" dir="0" index="37" bw="32" slack="1"/>
<pin id="494" dir="0" index="38" bw="32" slack="1"/>
<pin id="495" dir="0" index="39" bw="32" slack="1"/>
<pin id="496" dir="0" index="40" bw="32" slack="1"/>
<pin id="497" dir="0" index="41" bw="32" slack="1"/>
<pin id="498" dir="0" index="42" bw="32" slack="1"/>
<pin id="499" dir="0" index="43" bw="32" slack="1"/>
<pin id="500" dir="0" index="44" bw="32" slack="1"/>
<pin id="501" dir="0" index="45" bw="32" slack="1"/>
<pin id="502" dir="0" index="46" bw="32" slack="1"/>
<pin id="503" dir="0" index="47" bw="32" slack="1"/>
<pin id="504" dir="0" index="48" bw="32" slack="1"/>
<pin id="505" dir="0" index="49" bw="32" slack="0"/>
<pin id="506" dir="0" index="50" bw="32" slack="0"/>
<pin id="507" dir="0" index="51" bw="32" slack="0"/>
<pin id="508" dir="0" index="52" bw="32" slack="0"/>
<pin id="509" dir="0" index="53" bw="32" slack="0"/>
<pin id="510" dir="0" index="54" bw="32" slack="0"/>
<pin id="511" dir="0" index="55" bw="32" slack="0"/>
<pin id="512" dir="0" index="56" bw="32" slack="0"/>
<pin id="513" dir="0" index="57" bw="32" slack="0"/>
<pin id="514" dir="0" index="58" bw="32" slack="0"/>
<pin id="515" dir="0" index="59" bw="32" slack="0"/>
<pin id="516" dir="0" index="60" bw="32" slack="0"/>
<pin id="517" dir="0" index="61" bw="32" slack="0"/>
<pin id="518" dir="0" index="62" bw="32" slack="0"/>
<pin id="519" dir="0" index="63" bw="32" slack="0"/>
<pin id="520" dir="0" index="64" bw="32" slack="0"/>
<pin id="521" dir="0" index="65" bw="32" slack="0"/>
<pin id="522" dir="0" index="66" bw="32" slack="0"/>
<pin id="523" dir="0" index="67" bw="32" slack="0"/>
<pin id="524" dir="0" index="68" bw="32" slack="0"/>
<pin id="525" dir="0" index="69" bw="32" slack="0"/>
<pin id="526" dir="0" index="70" bw="32" slack="0"/>
<pin id="527" dir="0" index="71" bw="32" slack="0"/>
<pin id="528" dir="0" index="72" bw="32" slack="0"/>
<pin id="529" dir="0" index="73" bw="32" slack="0"/>
<pin id="530" dir="0" index="74" bw="32" slack="0"/>
<pin id="531" dir="0" index="75" bw="32" slack="0"/>
<pin id="532" dir="0" index="76" bw="32" slack="0"/>
<pin id="533" dir="0" index="77" bw="32" slack="0"/>
<pin id="534" dir="0" index="78" bw="32" slack="0"/>
<pin id="535" dir="0" index="79" bw="32" slack="0"/>
<pin id="536" dir="0" index="80" bw="32" slack="0"/>
<pin id="537" dir="0" index="81" bw="32" slack="0"/>
<pin id="538" dir="1" index="82" bw="0" slack="2147483647"/>
</pin_list>
<bind>
<opcode="call(48) " fcode="call"/>
<opset="call_ln0/2 "/>
</bind>
</comp>

<comp id="573" class="1004" name="grp_mlp_head479_Pipeline_VITIS_LOOP_579_2_fu_573">
<pin_list>
<pin id="574" dir="0" index="0" bw="0" slack="0"/>
<pin id="575" dir="0" index="1" bw="32" slack="0"/>
<pin id="576" dir="0" index="2" bw="12" slack="0"/>
<pin id="577" dir="0" index="3" bw="32" slack="0"/>
<pin id="578" dir="0" index="4" bw="32" slack="2"/>
<pin id="579" dir="0" index="5" bw="32" slack="0"/>
<pin id="580" dir="1" index="6" bw="0" slack="2147483647"/>
</pin_list>
<bind>
<opcode="call(48) " fcode="call"/>
<opset="call_ln577/3 "/>
</bind>
</comp>

<comp id="585" class="1004" name="grp_mlp_head479_Pipeline_VITIS_LOOP_596_5_fu_585">
<pin_list>
<pin id="586" dir="0" index="0" bw="0" slack="0"/>
<pin id="587" dir="0" index="1" bw="32" slack="0"/>
<pin id="588" dir="0" index="2" bw="32" slack="0"/>
<pin id="589" dir="0" index="3" bw="32" slack="0"/>
<pin id="590" dir="0" index="4" bw="32" slack="0"/>
<pin id="591" dir="0" index="5" bw="32" slack="0"/>
<pin id="592" dir="0" index="6" bw="32" slack="0"/>
<pin id="593" dir="0" index="7" bw="32" slack="0"/>
<pin id="594" dir="0" index="8" bw="32" slack="0"/>
<pin id="595" dir="0" index="9" bw="32" slack="0"/>
<pin id="596" dir="0" index="10" bw="32" slack="0"/>
<pin id="597" dir="0" index="11" bw="32" slack="0"/>
<pin id="598" dir="0" index="12" bw="32" slack="0"/>
<pin id="599" dir="0" index="13" bw="32" slack="0"/>
<pin id="600" dir="0" index="14" bw="32" slack="0"/>
<pin id="601" dir="0" index="15" bw="32" slack="0"/>
<pin id="602" dir="0" index="16" bw="32" slack="0"/>
<pin id="603" dir="0" index="17" bw="32" slack="2147483647"/>
<pin id="604" dir="0" index="18" bw="32" slack="0"/>
<pin id="605" dir="0" index="19" bw="32" slack="0"/>
<pin id="606" dir="0" index="20" bw="32" slack="0"/>
<pin id="607" dir="0" index="21" bw="32" slack="0"/>
<pin id="608" dir="0" index="22" bw="32" slack="0"/>
<pin id="609" dir="0" index="23" bw="32" slack="0"/>
<pin id="610" dir="0" index="24" bw="32" slack="0"/>
<pin id="611" dir="0" index="25" bw="32" slack="0"/>
<pin id="612" dir="0" index="26" bw="32" slack="0"/>
<pin id="613" dir="0" index="27" bw="32" slack="0"/>
<pin id="614" dir="0" index="28" bw="32" slack="0"/>
<pin id="615" dir="0" index="29" bw="32" slack="0"/>
<pin id="616" dir="0" index="30" bw="32" slack="0"/>
<pin id="617" dir="0" index="31" bw="32" slack="0"/>
<pin id="618" dir="0" index="32" bw="32" slack="0"/>
<pin id="619" dir="0" index="33" bw="32" slack="0"/>
<pin id="620" dir="0" index="34" bw="32" slack="0"/>
<pin id="621" dir="1" index="35" bw="0" slack="2147483647"/>
</pin_list>
<bind>
<opcode="call(48) " fcode="call"/>
<opset="call_ln0/12 "/>
</bind>
</comp>

<comp id="640" class="1004" name="grp_mlp_head479_Pipeline_VITIS_LOOP_608_7_fu_640">
<pin_list>
<pin id="641" dir="0" index="0" bw="0" slack="0"/>
<pin id="642" dir="0" index="1" bw="32" slack="2147483647"/>
<pin id="643" dir="0" index="2" bw="32" slack="5"/>
<pin id="644" dir="0" index="3" bw="32" slack="0"/>
<pin id="645" dir="1" index="4" bw="0" slack="2147483647"/>
</pin_list>
<bind>
<opcode="call(48) " fcode="call"/>
<opset="call_ln0/14 "/>
</bind>
</comp>

<comp id="648" class="1004" name="grp_fu_648">
<pin_list>
<pin id="649" dir="0" index="0" bw="32" slack="1"/>
<pin id="650" dir="0" index="1" bw="32" slack="0"/>
<pin id="651" dir="1" index="2" bw="32" slack="0"/>
</pin_list>
<bind>
<opcode="fadd(9) " fcode="fadd"/>
<opset="sub_i/9 acc_247/4 acc_220/4 acc_202/4 output_1/4 "/>
</bind>
</comp>

<comp id="653" class="1004" name="tmp_10_fu_653">
<pin_list>
<pin id="654" dir="0" index="0" bw="32" slack="2147483647"/>
<pin id="655" dir="0" index="1" bw="32" slack="0"/>
<pin id="656" dir="1" index="2" bw="1" slack="0"/>
</pin_list>
<bind>
<opcode="fcmp(46) " fcode="fcmp"/>
<opset="tmp_10/10 "/>
</bind>
</comp>

<comp id="658" class="1004" name="grp_fu_658">
<pin_list>
<pin id="659" dir="0" index="0" bw="32" slack="0"/>
<pin id="660" dir="0" index="1" bw="32" slack="0"/>
<pin id="661" dir="1" index="2" bw="32" slack="1"/>
</pin_list>
<bind>
<opcode="fexp(507) " fcode="fexp"/>
<opset="tmp_1/5 tmp/68 tmp_2/36 "/>
</bind>
</comp>

<comp id="663" class="1004" name="store_ln576_store_fu_663">
<pin_list>
<pin id="664" dir="0" index="0" bw="1" slack="0"/>
<pin id="665" dir="0" index="1" bw="6" slack="0"/>
<pin id="666" dir="1" index="2" bw="0" slack="2147483647"/>
</pin_list>
<bind>
<opcode="store(28) " fcode="store"/>
<opset="store_ln576/1 "/>
</bind>
</comp>

<comp id="668" class="1004" name="i_6_load_fu_668">
<pin_list>
<pin id="669" dir="0" index="0" bw="6" slack="1"/>
<pin id="670" dir="1" index="1" bw="6" slack="0"/>
</pin_list>
<bind>
<opcode="load(27) " fcode="load"/>
<opset="i_6/2 "/>
</bind>
</comp>

<comp id="671" class="1004" name="trunc_ln576_fu_671">
<pin_list>
<pin id="672" dir="0" index="0" bw="6" slack="0"/>
<pin id="673" dir="1" index="1" bw="5" slack="1"/>
</pin_list>
<bind>
<opcode="trunc(33) " fcode="trunc"/>
<opset="trunc_ln576/2 "/>
</bind>
</comp>

<comp id="675" class="1004" name="icmp_ln576_fu_675">
<pin_list>
<pin id="676" dir="0" index="0" bw="6" slack="0"/>
<pin id="677" dir="0" index="1" bw="6" slack="0"/>
<pin id="678" dir="1" index="2" bw="1" slack="2147483647"/>
</pin_list>
<bind>
<opcode="icmp(45) " fcode="icmp"/>
<opset="icmp_ln576/2 "/>
</bind>
</comp>

<comp id="681" class="1004" name="add_ln576_fu_681">
<pin_list>
<pin id="682" dir="0" index="0" bw="6" slack="0"/>
<pin id="683" dir="0" index="1" bw="1" slack="0"/>
<pin id="684" dir="1" index="2" bw="6" slack="8"/>
</pin_list>
<bind>
<opcode="add(8) " fcode="add"/>
<opset="add_ln576/2 "/>
</bind>
</comp>

<comp id="687" class="1004" name="zext_ln576_fu_687">
<pin_list>
<pin id="688" dir="0" index="0" bw="6" slack="0"/>
<pin id="689" dir="1" index="1" bw="64" slack="0"/>
</pin_list>
<bind>
<opcode="zext(34) " fcode="zext"/>
<opset="zext_ln576/2 "/>
</bind>
</comp>

<comp id="692" class="1004" name="p_load117_load_fu_692">
<pin_list>
<pin id="693" dir="0" index="0" bw="32" slack="1"/>
<pin id="694" dir="1" index="1" bw="32" slack="0"/>
</pin_list>
<bind>
<opcode="load(27) " fcode="load"/>
<opset="p_load117/2 "/>
</bind>
</comp>

<comp id="696" class="1004" name="p_load116_load_fu_696">
<pin_list>
<pin id="697" dir="0" index="0" bw="32" slack="1"/>
<pin id="698" dir="1" index="1" bw="32" slack="0"/>
</pin_list>
<bind>
<opcode="load(27) " fcode="load"/>
<opset="p_load116/2 "/>
</bind>
</comp>

<comp id="700" class="1004" name="p_load115_load_fu_700">
<pin_list>
<pin id="701" dir="0" index="0" bw="32" slack="1"/>
<pin id="702" dir="1" index="1" bw="32" slack="0"/>
</pin_list>
<bind>
<opcode="load(27) " fcode="load"/>
<opset="p_load115/2 "/>
</bind>
</comp>

<comp id="704" class="1004" name="p_load114_load_fu_704">
<pin_list>
<pin id="705" dir="0" index="0" bw="32" slack="1"/>
<pin id="706" dir="1" index="1" bw="32" slack="0"/>
</pin_list>
<bind>
<opcode="load(27) " fcode="load"/>
<opset="p_load114/2 "/>
</bind>
</comp>

<comp id="708" class="1004" name="p_load113_load_fu_708">
<pin_list>
<pin id="709" dir="0" index="0" bw="32" slack="1"/>
<pin id="710" dir="1" index="1" bw="32" slack="0"/>
</pin_list>
<bind>
<opcode="load(27) " fcode="load"/>
<opset="p_load113/2 "/>
</bind>
</comp>

<comp id="712" class="1004" name="p_load112_load_fu_712">
<pin_list>
<pin id="713" dir="0" index="0" bw="32" slack="1"/>
<pin id="714" dir="1" index="1" bw="32" slack="0"/>
</pin_list>
<bind>
<opcode="load(27) " fcode="load"/>
<opset="p_load112/2 "/>
</bind>
</comp>

<comp id="716" class="1004" name="p_load111_load_fu_716">
<pin_list>
<pin id="717" dir="0" index="0" bw="32" slack="1"/>
<pin id="718" dir="1" index="1" bw="32" slack="0"/>
</pin_list>
<bind>
<opcode="load(27) " fcode="load"/>
<opset="p_load111/2 "/>
</bind>
</comp>

<comp id="720" class="1004" name="p_load110_load_fu_720">
<pin_list>
<pin id="721" dir="0" index="0" bw="32" slack="1"/>
<pin id="722" dir="1" index="1" bw="32" slack="0"/>
</pin_list>
<bind>
<opcode="load(27) " fcode="load"/>
<opset="p_load110/2 "/>
</bind>
</comp>

<comp id="724" class="1004" name="p_load109_load_fu_724">
<pin_list>
<pin id="725" dir="0" index="0" bw="32" slack="1"/>
<pin id="726" dir="1" index="1" bw="32" slack="0"/>
</pin_list>
<bind>
<opcode="load(27) " fcode="load"/>
<opset="p_load109/2 "/>
</bind>
</comp>

<comp id="728" class="1004" name="p_load108_load_fu_728">
<pin_list>
<pin id="729" dir="0" index="0" bw="32" slack="1"/>
<pin id="730" dir="1" index="1" bw="32" slack="0"/>
</pin_list>
<bind>
<opcode="load(27) " fcode="load"/>
<opset="p_load108/2 "/>
</bind>
</comp>

<comp id="732" class="1004" name="p_load107_load_fu_732">
<pin_list>
<pin id="733" dir="0" index="0" bw="32" slack="1"/>
<pin id="734" dir="1" index="1" bw="32" slack="0"/>
</pin_list>
<bind>
<opcode="load(27) " fcode="load"/>
<opset="p_load107/2 "/>
</bind>
</comp>

<comp id="736" class="1004" name="p_load106_load_fu_736">
<pin_list>
<pin id="737" dir="0" index="0" bw="32" slack="1"/>
<pin id="738" dir="1" index="1" bw="32" slack="0"/>
</pin_list>
<bind>
<opcode="load(27) " fcode="load"/>
<opset="p_load106/2 "/>
</bind>
</comp>

<comp id="740" class="1004" name="p_load105_load_fu_740">
<pin_list>
<pin id="741" dir="0" index="0" bw="32" slack="1"/>
<pin id="742" dir="1" index="1" bw="32" slack="0"/>
</pin_list>
<bind>
<opcode="load(27) " fcode="load"/>
<opset="p_load105/2 "/>
</bind>
</comp>

<comp id="744" class="1004" name="p_load104_load_fu_744">
<pin_list>
<pin id="745" dir="0" index="0" bw="32" slack="1"/>
<pin id="746" dir="1" index="1" bw="32" slack="0"/>
</pin_list>
<bind>
<opcode="load(27) " fcode="load"/>
<opset="p_load104/2 "/>
</bind>
</comp>

<comp id="748" class="1004" name="p_load103_load_fu_748">
<pin_list>
<pin id="749" dir="0" index="0" bw="32" slack="1"/>
<pin id="750" dir="1" index="1" bw="32" slack="0"/>
</pin_list>
<bind>
<opcode="load(27) " fcode="load"/>
<opset="p_load103/2 "/>
</bind>
</comp>

<comp id="752" class="1004" name="p_load102_load_fu_752">
<pin_list>
<pin id="753" dir="0" index="0" bw="32" slack="1"/>
<pin id="754" dir="1" index="1" bw="32" slack="0"/>
</pin_list>
<bind>
<opcode="load(27) " fcode="load"/>
<opset="p_load102/2 "/>
</bind>
</comp>

<comp id="756" class="1004" name="p_load101_load_fu_756">
<pin_list>
<pin id="757" dir="0" index="0" bw="32" slack="1"/>
<pin id="758" dir="1" index="1" bw="32" slack="0"/>
</pin_list>
<bind>
<opcode="load(27) " fcode="load"/>
<opset="p_load101/2 "/>
</bind>
</comp>

<comp id="760" class="1004" name="p_load100_load_fu_760">
<pin_list>
<pin id="761" dir="0" index="0" bw="32" slack="1"/>
<pin id="762" dir="1" index="1" bw="32" slack="0"/>
</pin_list>
<bind>
<opcode="load(27) " fcode="load"/>
<opset="p_load100/2 "/>
</bind>
</comp>

<comp id="764" class="1004" name="p_load99_load_fu_764">
<pin_list>
<pin id="765" dir="0" index="0" bw="32" slack="1"/>
<pin id="766" dir="1" index="1" bw="32" slack="0"/>
</pin_list>
<bind>
<opcode="load(27) " fcode="load"/>
<opset="p_load99/2 "/>
</bind>
</comp>

<comp id="768" class="1004" name="p_load98_load_fu_768">
<pin_list>
<pin id="769" dir="0" index="0" bw="32" slack="1"/>
<pin id="770" dir="1" index="1" bw="32" slack="0"/>
</pin_list>
<bind>
<opcode="load(27) " fcode="load"/>
<opset="p_load98/2 "/>
</bind>
</comp>

<comp id="772" class="1004" name="p_load97_load_fu_772">
<pin_list>
<pin id="773" dir="0" index="0" bw="32" slack="1"/>
<pin id="774" dir="1" index="1" bw="32" slack="0"/>
</pin_list>
<bind>
<opcode="load(27) " fcode="load"/>
<opset="p_load97/2 "/>
</bind>
</comp>

<comp id="776" class="1004" name="p_load96_load_fu_776">
<pin_list>
<pin id="777" dir="0" index="0" bw="32" slack="1"/>
<pin id="778" dir="1" index="1" bw="32" slack="0"/>
</pin_list>
<bind>
<opcode="load(27) " fcode="load"/>
<opset="p_load96/2 "/>
</bind>
</comp>

<comp id="780" class="1004" name="p_load95_load_fu_780">
<pin_list>
<pin id="781" dir="0" index="0" bw="32" slack="1"/>
<pin id="782" dir="1" index="1" bw="32" slack="0"/>
</pin_list>
<bind>
<opcode="load(27) " fcode="load"/>
<opset="p_load95/2 "/>
</bind>
</comp>

<comp id="784" class="1004" name="p_load94_load_fu_784">
<pin_list>
<pin id="785" dir="0" index="0" bw="32" slack="1"/>
<pin id="786" dir="1" index="1" bw="32" slack="0"/>
</pin_list>
<bind>
<opcode="load(27) " fcode="load"/>
<opset="p_load94/2 "/>
</bind>
</comp>

<comp id="788" class="1004" name="p_load93_load_fu_788">
<pin_list>
<pin id="789" dir="0" index="0" bw="32" slack="1"/>
<pin id="790" dir="1" index="1" bw="32" slack="0"/>
</pin_list>
<bind>
<opcode="load(27) " fcode="load"/>
<opset="p_load93/2 "/>
</bind>
</comp>

<comp id="792" class="1004" name="p_load92_load_fu_792">
<pin_list>
<pin id="793" dir="0" index="0" bw="32" slack="1"/>
<pin id="794" dir="1" index="1" bw="32" slack="0"/>
</pin_list>
<bind>
<opcode="load(27) " fcode="load"/>
<opset="p_load92/2 "/>
</bind>
</comp>

<comp id="796" class="1004" name="p_load91_load_fu_796">
<pin_list>
<pin id="797" dir="0" index="0" bw="32" slack="1"/>
<pin id="798" dir="1" index="1" bw="32" slack="0"/>
</pin_list>
<bind>
<opcode="load(27) " fcode="load"/>
<opset="p_load91/2 "/>
</bind>
</comp>

<comp id="800" class="1004" name="p_load90_load_fu_800">
<pin_list>
<pin id="801" dir="0" index="0" bw="32" slack="1"/>
<pin id="802" dir="1" index="1" bw="32" slack="0"/>
</pin_list>
<bind>
<opcode="load(27) " fcode="load"/>
<opset="p_load90/2 "/>
</bind>
</comp>

<comp id="804" class="1004" name="p_load89_load_fu_804">
<pin_list>
<pin id="805" dir="0" index="0" bw="32" slack="1"/>
<pin id="806" dir="1" index="1" bw="32" slack="0"/>
</pin_list>
<bind>
<opcode="load(27) " fcode="load"/>
<opset="p_load89/2 "/>
</bind>
</comp>

<comp id="808" class="1004" name="p_load88_load_fu_808">
<pin_list>
<pin id="809" dir="0" index="0" bw="32" slack="1"/>
<pin id="810" dir="1" index="1" bw="32" slack="0"/>
</pin_list>
<bind>
<opcode="load(27) " fcode="load"/>
<opset="p_load88/2 "/>
</bind>
</comp>

<comp id="812" class="1004" name="p_load87_load_fu_812">
<pin_list>
<pin id="813" dir="0" index="0" bw="32" slack="1"/>
<pin id="814" dir="1" index="1" bw="32" slack="0"/>
</pin_list>
<bind>
<opcode="load(27) " fcode="load"/>
<opset="p_load87/2 "/>
</bind>
</comp>

<comp id="816" class="1004" name="p_load_load_fu_816">
<pin_list>
<pin id="817" dir="0" index="0" bw="32" slack="1"/>
<pin id="818" dir="1" index="1" bw="32" slack="0"/>
</pin_list>
<bind>
<opcode="load(27) " fcode="load"/>
<opset="p_load/2 "/>
</bind>
</comp>

<comp id="820" class="1004" name="tmp_s_fu_820">
<pin_list>
<pin id="821" dir="0" index="0" bw="12" slack="0"/>
<pin id="822" dir="0" index="1" bw="5" slack="1"/>
<pin id="823" dir="0" index="2" bw="1" slack="0"/>
<pin id="824" dir="1" index="3" bw="12" slack="0"/>
</pin_list>
<bind>
<opcode="bitconcatenate(1004) " fcode="bitconcatenate"/>
<opset="tmp_s/3 "/>
</bind>
</comp>

<comp id="828" class="1004" name="acc_013_loc_load_load_fu_828">
<pin_list>
<pin id="829" dir="0" index="0" bw="32" slack="4"/>
<pin id="830" dir="1" index="1" bw="32" slack="0"/>
</pin_list>
<bind>
<opcode="load(27) " fcode="load"/>
<opset="acc_013_loc_load/5 "/>
</bind>
</comp>

<comp id="832" class="1004" name="bitcast_ln545_fu_832">
<pin_list>
<pin id="833" dir="0" index="0" bw="32" slack="2147483647"/>
<pin id="834" dir="1" index="1" bw="32" slack="0"/>
</pin_list>
<bind>
<opcode="bitcast(44) " fcode="bitcast"/>
<opset="bitcast_ln545/10 "/>
</bind>
</comp>

<comp id="835" class="1004" name="tmp_9_fu_835">
<pin_list>
<pin id="836" dir="0" index="0" bw="8" slack="0"/>
<pin id="837" dir="0" index="1" bw="32" slack="0"/>
<pin id="838" dir="0" index="2" bw="6" slack="0"/>
<pin id="839" dir="0" index="3" bw="6" slack="0"/>
<pin id="840" dir="1" index="4" bw="8" slack="0"/>
</pin_list>
<bind>
<opcode="partselect(1002) " fcode="partselect"/>
<opset="tmp_9/10 "/>
</bind>
</comp>

<comp id="845" class="1004" name="trunc_ln545_fu_845">
<pin_list>
<pin id="846" dir="0" index="0" bw="32" slack="0"/>
<pin id="847" dir="1" index="1" bw="23" slack="0"/>
</pin_list>
<bind>
<opcode="trunc(33) " fcode="trunc"/>
<opset="trunc_ln545/10 "/>
</bind>
</comp>

<comp id="849" class="1004" name="icmp_ln545_fu_849">
<pin_list>
<pin id="850" dir="0" index="0" bw="8" slack="0"/>
<pin id="851" dir="0" index="1" bw="8" slack="0"/>
<pin id="852" dir="1" index="2" bw="1" slack="0"/>
</pin_list>
<bind>
<opcode="icmp(45) " fcode="icmp"/>
<opset="icmp_ln545/10 "/>
</bind>
</comp>

<comp id="855" class="1004" name="icmp_ln545_14_fu_855">
<pin_list>
<pin id="856" dir="0" index="0" bw="23" slack="0"/>
<pin id="857" dir="0" index="1" bw="23" slack="0"/>
<pin id="858" dir="1" index="2" bw="1" slack="0"/>
</pin_list>
<bind>
<opcode="icmp(45) " fcode="icmp"/>
<opset="icmp_ln545_14/10 "/>
</bind>
</comp>

<comp id="861" class="1004" name="or_ln545_fu_861">
<pin_list>
<pin id="862" dir="0" index="0" bw="1" slack="0"/>
<pin id="863" dir="0" index="1" bw="1" slack="0"/>
<pin id="864" dir="1" index="2" bw="1" slack="0"/>
</pin_list>
<bind>
<opcode="or(24) " fcode="or"/>
<opset="or_ln545/10 "/>
</bind>
</comp>

<comp id="867" class="1004" name="and_ln545_fu_867">
<pin_list>
<pin id="868" dir="0" index="0" bw="1" slack="0"/>
<pin id="869" dir="0" index="1" bw="1" slack="0"/>
<pin id="870" dir="1" index="2" bw="1" slack="0"/>
</pin_list>
<bind>
<opcode="and(23) " fcode="and"/>
<opset="and_ln545/10 "/>
</bind>
</comp>

<comp id="873" class="1004" name="l1_fu_873">
<pin_list>
<pin id="874" dir="0" index="0" bw="1" slack="0"/>
<pin id="875" dir="0" index="1" bw="32" slack="2147483647"/>
<pin id="876" dir="0" index="2" bw="32" slack="0"/>
<pin id="877" dir="1" index="3" bw="32" slack="0"/>
</pin_list>
<bind>
<opcode="select(49) " fcode="select"/>
<opset="l1/10 "/>
</bind>
</comp>

<comp id="880" class="1004" name="store_ln545_store_fu_880">
<pin_list>
<pin id="881" dir="0" index="0" bw="32" slack="0"/>
<pin id="882" dir="0" index="1" bw="32" slack="9"/>
<pin id="883" dir="1" index="2" bw="0" slack="2147483647"/>
</pin_list>
<bind>
<opcode="store(28) " fcode="store"/>
<opset="store_ln545/10 "/>
</bind>
</comp>

<comp id="885" class="1004" name="store_ln545_store_fu_885">
<pin_list>
<pin id="886" dir="0" index="0" bw="32" slack="0"/>
<pin id="887" dir="0" index="1" bw="32" slack="9"/>
<pin id="888" dir="1" index="2" bw="0" slack="2147483647"/>
</pin_list>
<bind>
<opcode="store(28) " fcode="store"/>
<opset="store_ln545/10 "/>
</bind>
</comp>

<comp id="890" class="1004" name="store_ln545_store_fu_890">
<pin_list>
<pin id="891" dir="0" index="0" bw="32" slack="0"/>
<pin id="892" dir="0" index="1" bw="32" slack="9"/>
<pin id="893" dir="1" index="2" bw="0" slack="2147483647"/>
</pin_list>
<bind>
<opcode="store(28) " fcode="store"/>
<opset="store_ln545/10 "/>
</bind>
</comp>

<comp id="895" class="1004" name="store_ln545_store_fu_895">
<pin_list>
<pin id="896" dir="0" index="0" bw="32" slack="0"/>
<pin id="897" dir="0" index="1" bw="32" slack="9"/>
<pin id="898" dir="1" index="2" bw="0" slack="2147483647"/>
</pin_list>
<bind>
<opcode="store(28) " fcode="store"/>
<opset="store_ln545/10 "/>
</bind>
</comp>

<comp id="900" class="1004" name="store_ln545_store_fu_900">
<pin_list>
<pin id="901" dir="0" index="0" bw="32" slack="0"/>
<pin id="902" dir="0" index="1" bw="32" slack="9"/>
<pin id="903" dir="1" index="2" bw="0" slack="2147483647"/>
</pin_list>
<bind>
<opcode="store(28) " fcode="store"/>
<opset="store_ln545/10 "/>
</bind>
</comp>

<comp id="905" class="1004" name="store_ln545_store_fu_905">
<pin_list>
<pin id="906" dir="0" index="0" bw="32" slack="0"/>
<pin id="907" dir="0" index="1" bw="32" slack="9"/>
<pin id="908" dir="1" index="2" bw="0" slack="2147483647"/>
</pin_list>
<bind>
<opcode="store(28) " fcode="store"/>
<opset="store_ln545/10 "/>
</bind>
</comp>

<comp id="910" class="1004" name="store_ln545_store_fu_910">
<pin_list>
<pin id="911" dir="0" index="0" bw="32" slack="0"/>
<pin id="912" dir="0" index="1" bw="32" slack="9"/>
<pin id="913" dir="1" index="2" bw="0" slack="2147483647"/>
</pin_list>
<bind>
<opcode="store(28) " fcode="store"/>
<opset="store_ln545/10 "/>
</bind>
</comp>

<comp id="915" class="1004" name="store_ln545_store_fu_915">
<pin_list>
<pin id="916" dir="0" index="0" bw="32" slack="0"/>
<pin id="917" dir="0" index="1" bw="32" slack="9"/>
<pin id="918" dir="1" index="2" bw="0" slack="2147483647"/>
</pin_list>
<bind>
<opcode="store(28) " fcode="store"/>
<opset="store_ln545/10 "/>
</bind>
</comp>

<comp id="920" class="1004" name="store_ln545_store_fu_920">
<pin_list>
<pin id="921" dir="0" index="0" bw="32" slack="0"/>
<pin id="922" dir="0" index="1" bw="32" slack="9"/>
<pin id="923" dir="1" index="2" bw="0" slack="2147483647"/>
</pin_list>
<bind>
<opcode="store(28) " fcode="store"/>
<opset="store_ln545/10 "/>
</bind>
</comp>

<comp id="925" class="1004" name="store_ln545_store_fu_925">
<pin_list>
<pin id="926" dir="0" index="0" bw="32" slack="0"/>
<pin id="927" dir="0" index="1" bw="32" slack="9"/>
<pin id="928" dir="1" index="2" bw="0" slack="2147483647"/>
</pin_list>
<bind>
<opcode="store(28) " fcode="store"/>
<opset="store_ln545/10 "/>
</bind>
</comp>

<comp id="930" class="1004" name="store_ln545_store_fu_930">
<pin_list>
<pin id="931" dir="0" index="0" bw="32" slack="0"/>
<pin id="932" dir="0" index="1" bw="32" slack="9"/>
<pin id="933" dir="1" index="2" bw="0" slack="2147483647"/>
</pin_list>
<bind>
<opcode="store(28) " fcode="store"/>
<opset="store_ln545/10 "/>
</bind>
</comp>

<comp id="935" class="1004" name="store_ln545_store_fu_935">
<pin_list>
<pin id="936" dir="0" index="0" bw="32" slack="0"/>
<pin id="937" dir="0" index="1" bw="32" slack="9"/>
<pin id="938" dir="1" index="2" bw="0" slack="2147483647"/>
</pin_list>
<bind>
<opcode="store(28) " fcode="store"/>
<opset="store_ln545/10 "/>
</bind>
</comp>

<comp id="940" class="1004" name="store_ln545_store_fu_940">
<pin_list>
<pin id="941" dir="0" index="0" bw="32" slack="0"/>
<pin id="942" dir="0" index="1" bw="32" slack="9"/>
<pin id="943" dir="1" index="2" bw="0" slack="2147483647"/>
</pin_list>
<bind>
<opcode="store(28) " fcode="store"/>
<opset="store_ln545/10 "/>
</bind>
</comp>

<comp id="945" class="1004" name="store_ln545_store_fu_945">
<pin_list>
<pin id="946" dir="0" index="0" bw="32" slack="0"/>
<pin id="947" dir="0" index="1" bw="32" slack="9"/>
<pin id="948" dir="1" index="2" bw="0" slack="2147483647"/>
</pin_list>
<bind>
<opcode="store(28) " fcode="store"/>
<opset="store_ln545/10 "/>
</bind>
</comp>

<comp id="950" class="1004" name="store_ln545_store_fu_950">
<pin_list>
<pin id="951" dir="0" index="0" bw="32" slack="0"/>
<pin id="952" dir="0" index="1" bw="32" slack="9"/>
<pin id="953" dir="1" index="2" bw="0" slack="2147483647"/>
</pin_list>
<bind>
<opcode="store(28) " fcode="store"/>
<opset="store_ln545/10 "/>
</bind>
</comp>

<comp id="955" class="1004" name="store_ln545_store_fu_955">
<pin_list>
<pin id="956" dir="0" index="0" bw="32" slack="0"/>
<pin id="957" dir="0" index="1" bw="32" slack="9"/>
<pin id="958" dir="1" index="2" bw="0" slack="2147483647"/>
</pin_list>
<bind>
<opcode="store(28) " fcode="store"/>
<opset="store_ln545/10 "/>
</bind>
</comp>

<comp id="960" class="1004" name="store_ln545_store_fu_960">
<pin_list>
<pin id="961" dir="0" index="0" bw="32" slack="0"/>
<pin id="962" dir="0" index="1" bw="32" slack="9"/>
<pin id="963" dir="1" index="2" bw="0" slack="2147483647"/>
</pin_list>
<bind>
<opcode="store(28) " fcode="store"/>
<opset="store_ln545/10 "/>
</bind>
</comp>

<comp id="965" class="1004" name="store_ln545_store_fu_965">
<pin_list>
<pin id="966" dir="0" index="0" bw="32" slack="0"/>
<pin id="967" dir="0" index="1" bw="32" slack="9"/>
<pin id="968" dir="1" index="2" bw="0" slack="2147483647"/>
</pin_list>
<bind>
<opcode="store(28) " fcode="store"/>
<opset="store_ln545/10 "/>
</bind>
</comp>

<comp id="970" class="1004" name="store_ln545_store_fu_970">
<pin_list>
<pin id="971" dir="0" index="0" bw="32" slack="0"/>
<pin id="972" dir="0" index="1" bw="32" slack="9"/>
<pin id="973" dir="1" index="2" bw="0" slack="2147483647"/>
</pin_list>
<bind>
<opcode="store(28) " fcode="store"/>
<opset="store_ln545/10 "/>
</bind>
</comp>

<comp id="975" class="1004" name="store_ln545_store_fu_975">
<pin_list>
<pin id="976" dir="0" index="0" bw="32" slack="0"/>
<pin id="977" dir="0" index="1" bw="32" slack="9"/>
<pin id="978" dir="1" index="2" bw="0" slack="2147483647"/>
</pin_list>
<bind>
<opcode="store(28) " fcode="store"/>
<opset="store_ln545/10 "/>
</bind>
</comp>

<comp id="980" class="1004" name="store_ln545_store_fu_980">
<pin_list>
<pin id="981" dir="0" index="0" bw="32" slack="0"/>
<pin id="982" dir="0" index="1" bw="32" slack="9"/>
<pin id="983" dir="1" index="2" bw="0" slack="2147483647"/>
</pin_list>
<bind>
<opcode="store(28) " fcode="store"/>
<opset="store_ln545/10 "/>
</bind>
</comp>

<comp id="985" class="1004" name="store_ln545_store_fu_985">
<pin_list>
<pin id="986" dir="0" index="0" bw="32" slack="0"/>
<pin id="987" dir="0" index="1" bw="32" slack="9"/>
<pin id="988" dir="1" index="2" bw="0" slack="2147483647"/>
</pin_list>
<bind>
<opcode="store(28) " fcode="store"/>
<opset="store_ln545/10 "/>
</bind>
</comp>

<comp id="990" class="1004" name="store_ln545_store_fu_990">
<pin_list>
<pin id="991" dir="0" index="0" bw="32" slack="0"/>
<pin id="992" dir="0" index="1" bw="32" slack="9"/>
<pin id="993" dir="1" index="2" bw="0" slack="2147483647"/>
</pin_list>
<bind>
<opcode="store(28) " fcode="store"/>
<opset="store_ln545/10 "/>
</bind>
</comp>

<comp id="995" class="1004" name="store_ln545_store_fu_995">
<pin_list>
<pin id="996" dir="0" index="0" bw="32" slack="0"/>
<pin id="997" dir="0" index="1" bw="32" slack="9"/>
<pin id="998" dir="1" index="2" bw="0" slack="2147483647"/>
</pin_list>
<bind>
<opcode="store(28) " fcode="store"/>
<opset="store_ln545/10 "/>
</bind>
</comp>

<comp id="1000" class="1004" name="store_ln545_store_fu_1000">
<pin_list>
<pin id="1001" dir="0" index="0" bw="32" slack="0"/>
<pin id="1002" dir="0" index="1" bw="32" slack="9"/>
<pin id="1003" dir="1" index="2" bw="0" slack="2147483647"/>
</pin_list>
<bind>
<opcode="store(28) " fcode="store"/>
<opset="store_ln545/10 "/>
</bind>
</comp>

<comp id="1005" class="1004" name="store_ln545_store_fu_1005">
<pin_list>
<pin id="1006" dir="0" index="0" bw="32" slack="0"/>
<pin id="1007" dir="0" index="1" bw="32" slack="9"/>
<pin id="1008" dir="1" index="2" bw="0" slack="2147483647"/>
</pin_list>
<bind>
<opcode="store(28) " fcode="store"/>
<opset="store_ln545/10 "/>
</bind>
</comp>

<comp id="1010" class="1004" name="store_ln545_store_fu_1010">
<pin_list>
<pin id="1011" dir="0" index="0" bw="32" slack="0"/>
<pin id="1012" dir="0" index="1" bw="32" slack="9"/>
<pin id="1013" dir="1" index="2" bw="0" slack="2147483647"/>
</pin_list>
<bind>
<opcode="store(28) " fcode="store"/>
<opset="store_ln545/10 "/>
</bind>
</comp>

<comp id="1015" class="1004" name="store_ln545_store_fu_1015">
<pin_list>
<pin id="1016" dir="0" index="0" bw="32" slack="0"/>
<pin id="1017" dir="0" index="1" bw="32" slack="9"/>
<pin id="1018" dir="1" index="2" bw="0" slack="2147483647"/>
</pin_list>
<bind>
<opcode="store(28) " fcode="store"/>
<opset="store_ln545/10 "/>
</bind>
</comp>

<comp id="1020" class="1004" name="store_ln545_store_fu_1020">
<pin_list>
<pin id="1021" dir="0" index="0" bw="32" slack="0"/>
<pin id="1022" dir="0" index="1" bw="32" slack="9"/>
<pin id="1023" dir="1" index="2" bw="0" slack="2147483647"/>
</pin_list>
<bind>
<opcode="store(28) " fcode="store"/>
<opset="store_ln545/10 "/>
</bind>
</comp>

<comp id="1025" class="1004" name="store_ln545_store_fu_1025">
<pin_list>
<pin id="1026" dir="0" index="0" bw="32" slack="0"/>
<pin id="1027" dir="0" index="1" bw="32" slack="9"/>
<pin id="1028" dir="1" index="2" bw="0" slack="2147483647"/>
</pin_list>
<bind>
<opcode="store(28) " fcode="store"/>
<opset="store_ln545/10 "/>
</bind>
</comp>

<comp id="1030" class="1004" name="store_ln545_store_fu_1030">
<pin_list>
<pin id="1031" dir="0" index="0" bw="32" slack="0"/>
<pin id="1032" dir="0" index="1" bw="32" slack="9"/>
<pin id="1033" dir="1" index="2" bw="0" slack="2147483647"/>
</pin_list>
<bind>
<opcode="store(28) " fcode="store"/>
<opset="store_ln545/10 "/>
</bind>
</comp>

<comp id="1035" class="1004" name="store_ln545_store_fu_1035">
<pin_list>
<pin id="1036" dir="0" index="0" bw="32" slack="0"/>
<pin id="1037" dir="0" index="1" bw="32" slack="9"/>
<pin id="1038" dir="1" index="2" bw="0" slack="2147483647"/>
</pin_list>
<bind>
<opcode="store(28) " fcode="store"/>
<opset="store_ln545/10 "/>
</bind>
</comp>

<comp id="1040" class="1004" name="store_ln576_store_fu_1040">
<pin_list>
<pin id="1041" dir="0" index="0" bw="6" slack="8"/>
<pin id="1042" dir="0" index="1" bw="6" slack="9"/>
<pin id="1043" dir="1" index="2" bw="0" slack="2147483647"/>
</pin_list>
<bind>
<opcode="store(28) " fcode="store"/>
<opset="store_ln576/10 "/>
</bind>
</comp>

<comp id="1044" class="1004" name="p_loc_load_load_fu_1044">
<pin_list>
<pin id="1045" dir="0" index="0" bw="32" slack="3"/>
<pin id="1046" dir="1" index="1" bw="32" slack="0"/>
</pin_list>
<bind>
<opcode="load(27) " fcode="load"/>
<opset="p_loc_load/12 "/>
</bind>
</comp>

<comp id="1048" class="1004" name="p_loc49_load_load_fu_1048">
<pin_list>
<pin id="1049" dir="0" index="0" bw="32" slack="3"/>
<pin id="1050" dir="1" index="1" bw="32" slack="0"/>
</pin_list>
<bind>
<opcode="load(27) " fcode="load"/>
<opset="p_loc49_load/12 "/>
</bind>
</comp>

<comp id="1052" class="1004" name="p_loc50_load_load_fu_1052">
<pin_list>
<pin id="1053" dir="0" index="0" bw="32" slack="3"/>
<pin id="1054" dir="1" index="1" bw="32" slack="0"/>
</pin_list>
<bind>
<opcode="load(27) " fcode="load"/>
<opset="p_loc50_load/12 "/>
</bind>
</comp>

<comp id="1056" class="1004" name="p_loc51_load_load_fu_1056">
<pin_list>
<pin id="1057" dir="0" index="0" bw="32" slack="3"/>
<pin id="1058" dir="1" index="1" bw="32" slack="0"/>
</pin_list>
<bind>
<opcode="load(27) " fcode="load"/>
<opset="p_loc51_load/12 "/>
</bind>
</comp>

<comp id="1060" class="1004" name="p_loc52_load_load_fu_1060">
<pin_list>
<pin id="1061" dir="0" index="0" bw="32" slack="3"/>
<pin id="1062" dir="1" index="1" bw="32" slack="0"/>
</pin_list>
<bind>
<opcode="load(27) " fcode="load"/>
<opset="p_loc52_load/12 "/>
</bind>
</comp>

<comp id="1064" class="1004" name="p_loc53_load_load_fu_1064">
<pin_list>
<pin id="1065" dir="0" index="0" bw="32" slack="3"/>
<pin id="1066" dir="1" index="1" bw="32" slack="0"/>
</pin_list>
<bind>
<opcode="load(27) " fcode="load"/>
<opset="p_loc53_load/12 "/>
</bind>
</comp>

<comp id="1068" class="1004" name="p_loc54_load_load_fu_1068">
<pin_list>
<pin id="1069" dir="0" index="0" bw="32" slack="3"/>
<pin id="1070" dir="1" index="1" bw="32" slack="0"/>
</pin_list>
<bind>
<opcode="load(27) " fcode="load"/>
<opset="p_loc54_load/12 "/>
</bind>
</comp>

<comp id="1072" class="1004" name="p_loc55_load_load_fu_1072">
<pin_list>
<pin id="1073" dir="0" index="0" bw="32" slack="3"/>
<pin id="1074" dir="1" index="1" bw="32" slack="0"/>
</pin_list>
<bind>
<opcode="load(27) " fcode="load"/>
<opset="p_loc55_load/12 "/>
</bind>
</comp>

<comp id="1076" class="1004" name="p_loc56_load_load_fu_1076">
<pin_list>
<pin id="1077" dir="0" index="0" bw="32" slack="3"/>
<pin id="1078" dir="1" index="1" bw="32" slack="0"/>
</pin_list>
<bind>
<opcode="load(27) " fcode="load"/>
<opset="p_loc56_load/12 "/>
</bind>
</comp>

<comp id="1080" class="1004" name="p_loc57_load_load_fu_1080">
<pin_list>
<pin id="1081" dir="0" index="0" bw="32" slack="3"/>
<pin id="1082" dir="1" index="1" bw="32" slack="0"/>
</pin_list>
<bind>
<opcode="load(27) " fcode="load"/>
<opset="p_loc57_load/12 "/>
</bind>
</comp>

<comp id="1084" class="1004" name="p_loc58_load_load_fu_1084">
<pin_list>
<pin id="1085" dir="0" index="0" bw="32" slack="3"/>
<pin id="1086" dir="1" index="1" bw="32" slack="0"/>
</pin_list>
<bind>
<opcode="load(27) " fcode="load"/>
<opset="p_loc58_load/12 "/>
</bind>
</comp>

<comp id="1088" class="1004" name="p_loc59_load_load_fu_1088">
<pin_list>
<pin id="1089" dir="0" index="0" bw="32" slack="3"/>
<pin id="1090" dir="1" index="1" bw="32" slack="0"/>
</pin_list>
<bind>
<opcode="load(27) " fcode="load"/>
<opset="p_loc59_load/12 "/>
</bind>
</comp>

<comp id="1092" class="1004" name="p_loc60_load_load_fu_1092">
<pin_list>
<pin id="1093" dir="0" index="0" bw="32" slack="3"/>
<pin id="1094" dir="1" index="1" bw="32" slack="0"/>
</pin_list>
<bind>
<opcode="load(27) " fcode="load"/>
<opset="p_loc60_load/12 "/>
</bind>
</comp>

<comp id="1096" class="1004" name="p_loc61_load_load_fu_1096">
<pin_list>
<pin id="1097" dir="0" index="0" bw="32" slack="3"/>
<pin id="1098" dir="1" index="1" bw="32" slack="0"/>
</pin_list>
<bind>
<opcode="load(27) " fcode="load"/>
<opset="p_loc61_load/12 "/>
</bind>
</comp>

<comp id="1100" class="1004" name="p_loc62_load_load_fu_1100">
<pin_list>
<pin id="1101" dir="0" index="0" bw="32" slack="3"/>
<pin id="1102" dir="1" index="1" bw="32" slack="0"/>
</pin_list>
<bind>
<opcode="load(27) " fcode="load"/>
<opset="p_loc62_load/12 "/>
</bind>
</comp>

<comp id="1104" class="1004" name="p_loc63_load_load_fu_1104">
<pin_list>
<pin id="1105" dir="0" index="0" bw="32" slack="3"/>
<pin id="1106" dir="1" index="1" bw="32" slack="0"/>
</pin_list>
<bind>
<opcode="load(27) " fcode="load"/>
<opset="p_loc63_load/12 "/>
</bind>
</comp>

<comp id="1108" class="1004" name="output_loc_load_load_fu_1108">
<pin_list>
<pin id="1109" dir="0" index="0" bw="32" slack="7"/>
<pin id="1110" dir="1" index="1" bw="32" slack="2147483647"/>
</pin_list>
<bind>
<opcode="load(27) " fcode="load"/>
<opset="output_loc_load/16 "/>
</bind>
</comp>

<comp id="1111" class="1005" name="i_reg_1111">
<pin_list>
<pin id="1112" dir="0" index="0" bw="6" slack="0"/>
<pin id="1113" dir="1" index="1" bw="6" slack="0"/>
</pin_list>
<bind>
<opset="i "/>
</bind>
</comp>

<comp id="1118" class="1005" name="empty_reg_1118">
<pin_list>
<pin id="1119" dir="0" index="0" bw="32" slack="1"/>
<pin id="1120" dir="1" index="1" bw="32" slack="1"/>
</pin_list>
<bind>
<opset="empty "/>
</bind>
</comp>

<comp id="1124" class="1005" name="empty_846_reg_1124">
<pin_list>
<pin id="1125" dir="0" index="0" bw="32" slack="1"/>
<pin id="1126" dir="1" index="1" bw="32" slack="1"/>
</pin_list>
<bind>
<opset="empty_846 "/>
</bind>
</comp>

<comp id="1130" class="1005" name="empty_847_reg_1130">
<pin_list>
<pin id="1131" dir="0" index="0" bw="32" slack="1"/>
<pin id="1132" dir="1" index="1" bw="32" slack="1"/>
</pin_list>
<bind>
<opset="empty_847 "/>
</bind>
</comp>

<comp id="1136" class="1005" name="empty_848_reg_1136">
<pin_list>
<pin id="1137" dir="0" index="0" bw="32" slack="1"/>
<pin id="1138" dir="1" index="1" bw="32" slack="1"/>
</pin_list>
<bind>
<opset="empty_848 "/>
</bind>
</comp>

<comp id="1142" class="1005" name="empty_849_reg_1142">
<pin_list>
<pin id="1143" dir="0" index="0" bw="32" slack="1"/>
<pin id="1144" dir="1" index="1" bw="32" slack="1"/>
</pin_list>
<bind>
<opset="empty_849 "/>
</bind>
</comp>

<comp id="1148" class="1005" name="empty_850_reg_1148">
<pin_list>
<pin id="1149" dir="0" index="0" bw="32" slack="1"/>
<pin id="1150" dir="1" index="1" bw="32" slack="1"/>
</pin_list>
<bind>
<opset="empty_850 "/>
</bind>
</comp>

<comp id="1154" class="1005" name="empty_851_reg_1154">
<pin_list>
<pin id="1155" dir="0" index="0" bw="32" slack="1"/>
<pin id="1156" dir="1" index="1" bw="32" slack="1"/>
</pin_list>
<bind>
<opset="empty_851 "/>
</bind>
</comp>

<comp id="1160" class="1005" name="empty_852_reg_1160">
<pin_list>
<pin id="1161" dir="0" index="0" bw="32" slack="1"/>
<pin id="1162" dir="1" index="1" bw="32" slack="1"/>
</pin_list>
<bind>
<opset="empty_852 "/>
</bind>
</comp>

<comp id="1166" class="1005" name="empty_853_reg_1166">
<pin_list>
<pin id="1167" dir="0" index="0" bw="32" slack="1"/>
<pin id="1168" dir="1" index="1" bw="32" slack="1"/>
</pin_list>
<bind>
<opset="empty_853 "/>
</bind>
</comp>

<comp id="1172" class="1005" name="empty_854_reg_1172">
<pin_list>
<pin id="1173" dir="0" index="0" bw="32" slack="1"/>
<pin id="1174" dir="1" index="1" bw="32" slack="1"/>
</pin_list>
<bind>
<opset="empty_854 "/>
</bind>
</comp>

<comp id="1178" class="1005" name="empty_855_reg_1178">
<pin_list>
<pin id="1179" dir="0" index="0" bw="32" slack="1"/>
<pin id="1180" dir="1" index="1" bw="32" slack="1"/>
</pin_list>
<bind>
<opset="empty_855 "/>
</bind>
</comp>

<comp id="1184" class="1005" name="empty_856_reg_1184">
<pin_list>
<pin id="1185" dir="0" index="0" bw="32" slack="1"/>
<pin id="1186" dir="1" index="1" bw="32" slack="1"/>
</pin_list>
<bind>
<opset="empty_856 "/>
</bind>
</comp>

<comp id="1190" class="1005" name="empty_857_reg_1190">
<pin_list>
<pin id="1191" dir="0" index="0" bw="32" slack="1"/>
<pin id="1192" dir="1" index="1" bw="32" slack="1"/>
</pin_list>
<bind>
<opset="empty_857 "/>
</bind>
</comp>

<comp id="1196" class="1005" name="empty_858_reg_1196">
<pin_list>
<pin id="1197" dir="0" index="0" bw="32" slack="1"/>
<pin id="1198" dir="1" index="1" bw="32" slack="1"/>
</pin_list>
<bind>
<opset="empty_858 "/>
</bind>
</comp>

<comp id="1202" class="1005" name="empty_859_reg_1202">
<pin_list>
<pin id="1203" dir="0" index="0" bw="32" slack="1"/>
<pin id="1204" dir="1" index="1" bw="32" slack="1"/>
</pin_list>
<bind>
<opset="empty_859 "/>
</bind>
</comp>

<comp id="1208" class="1005" name="empty_860_reg_1208">
<pin_list>
<pin id="1209" dir="0" index="0" bw="32" slack="1"/>
<pin id="1210" dir="1" index="1" bw="32" slack="1"/>
</pin_list>
<bind>
<opset="empty_860 "/>
</bind>
</comp>

<comp id="1214" class="1005" name="empty_861_reg_1214">
<pin_list>
<pin id="1215" dir="0" index="0" bw="32" slack="1"/>
<pin id="1216" dir="1" index="1" bw="32" slack="1"/>
</pin_list>
<bind>
<opset="empty_861 "/>
</bind>
</comp>

<comp id="1220" class="1005" name="empty_862_reg_1220">
<pin_list>
<pin id="1221" dir="0" index="0" bw="32" slack="1"/>
<pin id="1222" dir="1" index="1" bw="32" slack="1"/>
</pin_list>
<bind>
<opset="empty_862 "/>
</bind>
</comp>

<comp id="1226" class="1005" name="empty_863_reg_1226">
<pin_list>
<pin id="1227" dir="0" index="0" bw="32" slack="1"/>
<pin id="1228" dir="1" index="1" bw="32" slack="1"/>
</pin_list>
<bind>
<opset="empty_863 "/>
</bind>
</comp>

<comp id="1232" class="1005" name="empty_864_reg_1232">
<pin_list>
<pin id="1233" dir="0" index="0" bw="32" slack="1"/>
<pin id="1234" dir="1" index="1" bw="32" slack="1"/>
</pin_list>
<bind>
<opset="empty_864 "/>
</bind>
</comp>

<comp id="1238" class="1005" name="empty_865_reg_1238">
<pin_list>
<pin id="1239" dir="0" index="0" bw="32" slack="1"/>
<pin id="1240" dir="1" index="1" bw="32" slack="1"/>
</pin_list>
<bind>
<opset="empty_865 "/>
</bind>
</comp>

<comp id="1244" class="1005" name="empty_866_reg_1244">
<pin_list>
<pin id="1245" dir="0" index="0" bw="32" slack="1"/>
<pin id="1246" dir="1" index="1" bw="32" slack="1"/>
</pin_list>
<bind>
<opset="empty_866 "/>
</bind>
</comp>

<comp id="1250" class="1005" name="empty_867_reg_1250">
<pin_list>
<pin id="1251" dir="0" index="0" bw="32" slack="1"/>
<pin id="1252" dir="1" index="1" bw="32" slack="1"/>
</pin_list>
<bind>
<opset="empty_867 "/>
</bind>
</comp>

<comp id="1256" class="1005" name="empty_868_reg_1256">
<pin_list>
<pin id="1257" dir="0" index="0" bw="32" slack="1"/>
<pin id="1258" dir="1" index="1" bw="32" slack="1"/>
</pin_list>
<bind>
<opset="empty_868 "/>
</bind>
</comp>

<comp id="1262" class="1005" name="empty_869_reg_1262">
<pin_list>
<pin id="1263" dir="0" index="0" bw="32" slack="1"/>
<pin id="1264" dir="1" index="1" bw="32" slack="1"/>
</pin_list>
<bind>
<opset="empty_869 "/>
</bind>
</comp>

<comp id="1268" class="1005" name="empty_870_reg_1268">
<pin_list>
<pin id="1269" dir="0" index="0" bw="32" slack="1"/>
<pin id="1270" dir="1" index="1" bw="32" slack="1"/>
</pin_list>
<bind>
<opset="empty_870 "/>
</bind>
</comp>

<comp id="1274" class="1005" name="empty_871_reg_1274">
<pin_list>
<pin id="1275" dir="0" index="0" bw="32" slack="1"/>
<pin id="1276" dir="1" index="1" bw="32" slack="1"/>
</pin_list>
<bind>
<opset="empty_871 "/>
</bind>
</comp>

<comp id="1280" class="1005" name="empty_872_reg_1280">
<pin_list>
<pin id="1281" dir="0" index="0" bw="32" slack="1"/>
<pin id="1282" dir="1" index="1" bw="32" slack="1"/>
</pin_list>
<bind>
<opset="empty_872 "/>
</bind>
</comp>

<comp id="1286" class="1005" name="empty_873_reg_1286">
<pin_list>
<pin id="1287" dir="0" index="0" bw="32" slack="1"/>
<pin id="1288" dir="1" index="1" bw="32" slack="1"/>
</pin_list>
<bind>
<opset="empty_873 "/>
</bind>
</comp>

<comp id="1292" class="1005" name="empty_874_reg_1292">
<pin_list>
<pin id="1293" dir="0" index="0" bw="32" slack="1"/>
<pin id="1294" dir="1" index="1" bw="32" slack="1"/>
</pin_list>
<bind>
<opset="empty_874 "/>
</bind>
</comp>

<comp id="1298" class="1005" name="empty_875_reg_1298">
<pin_list>
<pin id="1299" dir="0" index="0" bw="32" slack="1"/>
<pin id="1300" dir="1" index="1" bw="32" slack="1"/>
</pin_list>
<bind>
<opset="empty_875 "/>
</bind>
</comp>

<comp id="1304" class="1005" name="empty_876_reg_1304">
<pin_list>
<pin id="1305" dir="0" index="0" bw="32" slack="1"/>
<pin id="1306" dir="1" index="1" bw="32" slack="1"/>
</pin_list>
<bind>
<opset="empty_876 "/>
</bind>
</comp>

<comp id="1310" class="1005" name="output_loc_reg_1310">
<pin_list>
<pin id="1311" dir="0" index="0" bw="32" slack="5"/>
<pin id="1312" dir="1" index="1" bw="32" slack="5"/>
</pin_list>
<bind>
<opset="output_loc "/>
</bind>
</comp>

<comp id="1316" class="1005" name="p_loc63_reg_1316">
<pin_list>
<pin id="1317" dir="0" index="0" bw="32" slack="1"/>
<pin id="1318" dir="1" index="1" bw="32" slack="1"/>
</pin_list>
<bind>
<opset="p_loc63 "/>
</bind>
</comp>

<comp id="1322" class="1005" name="p_loc62_reg_1322">
<pin_list>
<pin id="1323" dir="0" index="0" bw="32" slack="1"/>
<pin id="1324" dir="1" index="1" bw="32" slack="1"/>
</pin_list>
<bind>
<opset="p_loc62 "/>
</bind>
</comp>

<comp id="1328" class="1005" name="p_loc61_reg_1328">
<pin_list>
<pin id="1329" dir="0" index="0" bw="32" slack="1"/>
<pin id="1330" dir="1" index="1" bw="32" slack="1"/>
</pin_list>
<bind>
<opset="p_loc61 "/>
</bind>
</comp>

<comp id="1334" class="1005" name="p_loc60_reg_1334">
<pin_list>
<pin id="1335" dir="0" index="0" bw="32" slack="1"/>
<pin id="1336" dir="1" index="1" bw="32" slack="1"/>
</pin_list>
<bind>
<opset="p_loc60 "/>
</bind>
</comp>

<comp id="1340" class="1005" name="p_loc59_reg_1340">
<pin_list>
<pin id="1341" dir="0" index="0" bw="32" slack="1"/>
<pin id="1342" dir="1" index="1" bw="32" slack="1"/>
</pin_list>
<bind>
<opset="p_loc59 "/>
</bind>
</comp>

<comp id="1346" class="1005" name="p_loc58_reg_1346">
<pin_list>
<pin id="1347" dir="0" index="0" bw="32" slack="1"/>
<pin id="1348" dir="1" index="1" bw="32" slack="1"/>
</pin_list>
<bind>
<opset="p_loc58 "/>
</bind>
</comp>

<comp id="1352" class="1005" name="p_loc57_reg_1352">
<pin_list>
<pin id="1353" dir="0" index="0" bw="32" slack="1"/>
<pin id="1354" dir="1" index="1" bw="32" slack="1"/>
</pin_list>
<bind>
<opset="p_loc57 "/>
</bind>
</comp>

<comp id="1358" class="1005" name="p_loc56_reg_1358">
<pin_list>
<pin id="1359" dir="0" index="0" bw="32" slack="1"/>
<pin id="1360" dir="1" index="1" bw="32" slack="1"/>
</pin_list>
<bind>
<opset="p_loc56 "/>
</bind>
</comp>

<comp id="1364" class="1005" name="p_loc55_reg_1364">
<pin_list>
<pin id="1365" dir="0" index="0" bw="32" slack="1"/>
<pin id="1366" dir="1" index="1" bw="32" slack="1"/>
</pin_list>
<bind>
<opset="p_loc55 "/>
</bind>
</comp>

<comp id="1370" class="1005" name="p_loc54_reg_1370">
<pin_list>
<pin id="1371" dir="0" index="0" bw="32" slack="1"/>
<pin id="1372" dir="1" index="1" bw="32" slack="1"/>
</pin_list>
<bind>
<opset="p_loc54 "/>
</bind>
</comp>

<comp id="1376" class="1005" name="p_loc53_reg_1376">
<pin_list>
<pin id="1377" dir="0" index="0" bw="32" slack="1"/>
<pin id="1378" dir="1" index="1" bw="32" slack="1"/>
</pin_list>
<bind>
<opset="p_loc53 "/>
</bind>
</comp>

<comp id="1382" class="1005" name="p_loc52_reg_1382">
<pin_list>
<pin id="1383" dir="0" index="0" bw="32" slack="1"/>
<pin id="1384" dir="1" index="1" bw="32" slack="1"/>
</pin_list>
<bind>
<opset="p_loc52 "/>
</bind>
</comp>

<comp id="1388" class="1005" name="p_loc51_reg_1388">
<pin_list>
<pin id="1389" dir="0" index="0" bw="32" slack="1"/>
<pin id="1390" dir="1" index="1" bw="32" slack="1"/>
</pin_list>
<bind>
<opset="p_loc51 "/>
</bind>
</comp>

<comp id="1394" class="1005" name="p_loc50_reg_1394">
<pin_list>
<pin id="1395" dir="0" index="0" bw="32" slack="1"/>
<pin id="1396" dir="1" index="1" bw="32" slack="1"/>
</pin_list>
<bind>
<opset="p_loc50 "/>
</bind>
</comp>

<comp id="1400" class="1005" name="p_loc49_reg_1400">
<pin_list>
<pin id="1401" dir="0" index="0" bw="32" slack="1"/>
<pin id="1402" dir="1" index="1" bw="32" slack="1"/>
</pin_list>
<bind>
<opset="p_loc49 "/>
</bind>
</comp>

<comp id="1406" class="1005" name="p_loc_reg_1406">
<pin_list>
<pin id="1407" dir="0" index="0" bw="32" slack="1"/>
<pin id="1408" dir="1" index="1" bw="32" slack="1"/>
</pin_list>
<bind>
<opset="p_loc "/>
</bind>
</comp>

<comp id="1412" class="1005" name="acc_013_loc_reg_1412">
<pin_list>
<pin id="1413" dir="0" index="0" bw="32" slack="2"/>
<pin id="1414" dir="1" index="1" bw="32" slack="2"/>
</pin_list>
<bind>
<opset="acc_013_loc "/>
</bind>
</comp>

<comp id="1418" class="1005" name="trunc_ln576_reg_1418">
<pin_list>
<pin id="1419" dir="0" index="0" bw="5" slack="1"/>
<pin id="1420" dir="1" index="1" bw="5" slack="1"/>
</pin_list>
<bind>
<opset="trunc_ln576 "/>
</bind>
</comp>

<comp id="1426" class="1005" name="add_ln576_reg_1426">
<pin_list>
<pin id="1427" dir="0" index="0" bw="6" slack="8"/>
<pin id="1428" dir="1" index="1" bw="6" slack="8"/>
</pin_list>
<bind>
<opset="add_ln576 "/>
</bind>
</comp>

<comp id="1431" class="1005" name="e1_bram_b0_addr_reg_1431">
<pin_list>
<pin id="1432" dir="0" index="0" bw="5" slack="1"/>
<pin id="1433" dir="1" index="1" bw="5" slack="1"/>
</pin_list>
<bind>
<opset="e1_bram_b0_addr "/>
</bind>
</comp>

<comp id="1436" class="1005" name="p_load117_reg_1436">
<pin_list>
<pin id="1437" dir="0" index="0" bw="32" slack="1"/>
<pin id="1438" dir="1" index="1" bw="32" slack="1"/>
</pin_list>
<bind>
<opset="p_load117 "/>
</bind>
</comp>

<comp id="1441" class="1005" name="p_load116_reg_1441">
<pin_list>
<pin id="1442" dir="0" index="0" bw="32" slack="1"/>
<pin id="1443" dir="1" index="1" bw="32" slack="1"/>
</pin_list>
<bind>
<opset="p_load116 "/>
</bind>
</comp>

<comp id="1446" class="1005" name="p_load115_reg_1446">
<pin_list>
<pin id="1447" dir="0" index="0" bw="32" slack="1"/>
<pin id="1448" dir="1" index="1" bw="32" slack="1"/>
</pin_list>
<bind>
<opset="p_load115 "/>
</bind>
</comp>

<comp id="1451" class="1005" name="p_load114_reg_1451">
<pin_list>
<pin id="1452" dir="0" index="0" bw="32" slack="1"/>
<pin id="1453" dir="1" index="1" bw="32" slack="1"/>
</pin_list>
<bind>
<opset="p_load114 "/>
</bind>
</comp>

<comp id="1456" class="1005" name="p_load113_reg_1456">
<pin_list>
<pin id="1457" dir="0" index="0" bw="32" slack="1"/>
<pin id="1458" dir="1" index="1" bw="32" slack="1"/>
</pin_list>
<bind>
<opset="p_load113 "/>
</bind>
</comp>

<comp id="1461" class="1005" name="p_load112_reg_1461">
<pin_list>
<pin id="1462" dir="0" index="0" bw="32" slack="1"/>
<pin id="1463" dir="1" index="1" bw="32" slack="1"/>
</pin_list>
<bind>
<opset="p_load112 "/>
</bind>
</comp>

<comp id="1466" class="1005" name="p_load111_reg_1466">
<pin_list>
<pin id="1467" dir="0" index="0" bw="32" slack="1"/>
<pin id="1468" dir="1" index="1" bw="32" slack="1"/>
</pin_list>
<bind>
<opset="p_load111 "/>
</bind>
</comp>

<comp id="1471" class="1005" name="p_load110_reg_1471">
<pin_list>
<pin id="1472" dir="0" index="0" bw="32" slack="1"/>
<pin id="1473" dir="1" index="1" bw="32" slack="1"/>
</pin_list>
<bind>
<opset="p_load110 "/>
</bind>
</comp>

<comp id="1476" class="1005" name="p_load109_reg_1476">
<pin_list>
<pin id="1477" dir="0" index="0" bw="32" slack="1"/>
<pin id="1478" dir="1" index="1" bw="32" slack="1"/>
</pin_list>
<bind>
<opset="p_load109 "/>
</bind>
</comp>

<comp id="1481" class="1005" name="p_load108_reg_1481">
<pin_list>
<pin id="1482" dir="0" index="0" bw="32" slack="1"/>
<pin id="1483" dir="1" index="1" bw="32" slack="1"/>
</pin_list>
<bind>
<opset="p_load108 "/>
</bind>
</comp>

<comp id="1486" class="1005" name="p_load107_reg_1486">
<pin_list>
<pin id="1487" dir="0" index="0" bw="32" slack="1"/>
<pin id="1488" dir="1" index="1" bw="32" slack="1"/>
</pin_list>
<bind>
<opset="p_load107 "/>
</bind>
</comp>

<comp id="1491" class="1005" name="p_load106_reg_1491">
<pin_list>
<pin id="1492" dir="0" index="0" bw="32" slack="1"/>
<pin id="1493" dir="1" index="1" bw="32" slack="1"/>
</pin_list>
<bind>
<opset="p_load106 "/>
</bind>
</comp>

<comp id="1496" class="1005" name="p_load105_reg_1496">
<pin_list>
<pin id="1497" dir="0" index="0" bw="32" slack="1"/>
<pin id="1498" dir="1" index="1" bw="32" slack="1"/>
</pin_list>
<bind>
<opset="p_load105 "/>
</bind>
</comp>

<comp id="1501" class="1005" name="p_load104_reg_1501">
<pin_list>
<pin id="1502" dir="0" index="0" bw="32" slack="1"/>
<pin id="1503" dir="1" index="1" bw="32" slack="1"/>
</pin_list>
<bind>
<opset="p_load104 "/>
</bind>
</comp>

<comp id="1506" class="1005" name="p_load103_reg_1506">
<pin_list>
<pin id="1507" dir="0" index="0" bw="32" slack="1"/>
<pin id="1508" dir="1" index="1" bw="32" slack="1"/>
</pin_list>
<bind>
<opset="p_load103 "/>
</bind>
</comp>

<comp id="1511" class="1005" name="p_load102_reg_1511">
<pin_list>
<pin id="1512" dir="0" index="0" bw="32" slack="1"/>
<pin id="1513" dir="1" index="1" bw="32" slack="1"/>
</pin_list>
<bind>
<opset="p_load102 "/>
</bind>
</comp>

<comp id="1516" class="1005" name="p_load101_reg_1516">
<pin_list>
<pin id="1517" dir="0" index="0" bw="32" slack="1"/>
<pin id="1518" dir="1" index="1" bw="32" slack="1"/>
</pin_list>
<bind>
<opset="p_load101 "/>
</bind>
</comp>

<comp id="1521" class="1005" name="p_load100_reg_1521">
<pin_list>
<pin id="1522" dir="0" index="0" bw="32" slack="1"/>
<pin id="1523" dir="1" index="1" bw="32" slack="1"/>
</pin_list>
<bind>
<opset="p_load100 "/>
</bind>
</comp>

<comp id="1526" class="1005" name="p_load99_reg_1526">
<pin_list>
<pin id="1527" dir="0" index="0" bw="32" slack="1"/>
<pin id="1528" dir="1" index="1" bw="32" slack="1"/>
</pin_list>
<bind>
<opset="p_load99 "/>
</bind>
</comp>

<comp id="1531" class="1005" name="p_load98_reg_1531">
<pin_list>
<pin id="1532" dir="0" index="0" bw="32" slack="1"/>
<pin id="1533" dir="1" index="1" bw="32" slack="1"/>
</pin_list>
<bind>
<opset="p_load98 "/>
</bind>
</comp>

<comp id="1536" class="1005" name="p_load97_reg_1536">
<pin_list>
<pin id="1537" dir="0" index="0" bw="32" slack="1"/>
<pin id="1538" dir="1" index="1" bw="32" slack="1"/>
</pin_list>
<bind>
<opset="p_load97 "/>
</bind>
</comp>

<comp id="1541" class="1005" name="p_load96_reg_1541">
<pin_list>
<pin id="1542" dir="0" index="0" bw="32" slack="1"/>
<pin id="1543" dir="1" index="1" bw="32" slack="1"/>
</pin_list>
<bind>
<opset="p_load96 "/>
</bind>
</comp>

<comp id="1546" class="1005" name="p_load95_reg_1546">
<pin_list>
<pin id="1547" dir="0" index="0" bw="32" slack="1"/>
<pin id="1548" dir="1" index="1" bw="32" slack="1"/>
</pin_list>
<bind>
<opset="p_load95 "/>
</bind>
</comp>

<comp id="1551" class="1005" name="p_load94_reg_1551">
<pin_list>
<pin id="1552" dir="0" index="0" bw="32" slack="1"/>
<pin id="1553" dir="1" index="1" bw="32" slack="1"/>
</pin_list>
<bind>
<opset="p_load94 "/>
</bind>
</comp>

<comp id="1556" class="1005" name="p_load93_reg_1556">
<pin_list>
<pin id="1557" dir="0" index="0" bw="32" slack="1"/>
<pin id="1558" dir="1" index="1" bw="32" slack="1"/>
</pin_list>
<bind>
<opset="p_load93 "/>
</bind>
</comp>

<comp id="1561" class="1005" name="p_load92_reg_1561">
<pin_list>
<pin id="1562" dir="0" index="0" bw="32" slack="1"/>
<pin id="1563" dir="1" index="1" bw="32" slack="1"/>
</pin_list>
<bind>
<opset="p_load92 "/>
</bind>
</comp>

<comp id="1566" class="1005" name="p_load91_reg_1566">
<pin_list>
<pin id="1567" dir="0" index="0" bw="32" slack="1"/>
<pin id="1568" dir="1" index="1" bw="32" slack="1"/>
</pin_list>
<bind>
<opset="p_load91 "/>
</bind>
</comp>

<comp id="1571" class="1005" name="p_load90_reg_1571">
<pin_list>
<pin id="1572" dir="0" index="0" bw="32" slack="1"/>
<pin id="1573" dir="1" index="1" bw="32" slack="1"/>
</pin_list>
<bind>
<opset="p_load90 "/>
</bind>
</comp>

<comp id="1576" class="1005" name="p_load89_reg_1576">
<pin_list>
<pin id="1577" dir="0" index="0" bw="32" slack="1"/>
<pin id="1578" dir="1" index="1" bw="32" slack="1"/>
</pin_list>
<bind>
<opset="p_load89 "/>
</bind>
</comp>

<comp id="1581" class="1005" name="p_load88_reg_1581">
<pin_list>
<pin id="1582" dir="0" index="0" bw="32" slack="1"/>
<pin id="1583" dir="1" index="1" bw="32" slack="1"/>
</pin_list>
<bind>
<opset="p_load88 "/>
</bind>
</comp>

<comp id="1586" class="1005" name="p_load87_reg_1586">
<pin_list>
<pin id="1587" dir="0" index="0" bw="32" slack="1"/>
<pin id="1588" dir="1" index="1" bw="32" slack="1"/>
</pin_list>
<bind>
<opset="p_load87 "/>
</bind>
</comp>

<comp id="1591" class="1005" name="p_load_reg_1591">
<pin_list>
<pin id="1592" dir="0" index="0" bw="32" slack="1"/>
<pin id="1593" dir="1" index="1" bw="32" slack="1"/>
</pin_list>
<bind>
<opset="p_load "/>
</bind>
</comp>

<comp id="1596" class="1005" name="tmp_s_reg_1596">
<pin_list>
<pin id="1597" dir="0" index="0" bw="12" slack="1"/>
<pin id="1598" dir="1" index="1" bw="12" slack="1"/>
</pin_list>
<bind>
<opset="tmp_s "/>
</bind>
</comp>

<comp id="1601" class="1005" name="acc_reg_1601">
<pin_list>
<pin id="1602" dir="0" index="0" bw="32" slack="1"/>
<pin id="1603" dir="1" index="1" bw="32" slack="1"/>
</pin_list>
<bind>
<opset="acc "/>
</bind>
</comp>

<comp id="1609" class="1005" name="tmp_1_reg_1609">
<pin_list>
<pin id="1610" dir="0" index="0" bw="32" slack="1"/>
<pin id="1611" dir="1" index="1" bw="32" slack="1"/>
</pin_list>
<bind>
<opset="tmp_1 "/>
</bind>
</comp>

<comp id="1662" class="1004" name="grp_fu_1662">
<pin_list>
<pin id="1663" dir="0" index="0" bw="32" slack="2147483647"/>
<pin id="1664" dir="0" index="1" bw="32" slack="2147483647"/>
<pin id="1665" dir="1" index="2" bw="32" slack="2147483647"/>
</pin_list>
<bind>
<opcode="fmul(13) " fcode="fmul"/>
<opset="mul/2 mul5/2 mul6/2 mul7/2 "/>
</bind>
</comp>

<comp id="1666" class="1004" name="grp_fu_1666">
<pin_list>
<pin id="1667" dir="0" index="0" bw="32" slack="2147483647"/>
<pin id="1668" dir="0" index="1" bw="32" slack="2147483647"/>
<pin id="1669" dir="1" index="2" bw="32" slack="2147483647"/>
</pin_list>
<bind>
<opcode="fadd(9) " fcode="fadd"/>
<opset="acc_5/6 acc_203/6 "/>
</bind>
</comp>

<comp id="1670" class="1004" name="grp_fu_1670">
<pin_list>
<pin id="1671" dir="0" index="0" bw="32" slack="2147483647"/>
<pin id="1672" dir="0" index="1" bw="32" slack="2147483647"/>
<pin id="1673" dir="1" index="2" bw="32" slack="2147483647"/>
</pin_list>
<bind>
<opcode="fadd(9) " fcode="fadd"/>
<opset="acc_6/8 acc_204/8 "/>
</bind>
</comp>

<comp id="1674" class="1004" name="grp_fu_1674">
<pin_list>
<pin id="1675" dir="0" index="0" bw="32" slack="2147483647"/>
<pin id="1676" dir="0" index="1" bw="32" slack="2147483647"/>
<pin id="1677" dir="1" index="2" bw="32" slack="2147483647"/>
</pin_list>
<bind>
<opcode="fadd(9) " fcode="fadd"/>
<opset="acc_7/10 acc_205/10 "/>
</bind>
</comp>

<comp id="1678" class="1004" name="grp_fu_1678">
<pin_list>
<pin id="1679" dir="0" index="0" bw="32" slack="2147483647"/>
<pin id="1680" dir="0" index="1" bw="32" slack="2147483647"/>
<pin id="1681" dir="1" index="2" bw="32" slack="2147483647"/>
</pin_list>
<bind>
<opcode="fadd(9) " fcode="fadd"/>
<opset="acc_8/12 acc_206/12 "/>
</bind>
</comp>

<comp id="1682" class="1004" name="grp_fu_1682">
<pin_list>
<pin id="1683" dir="0" index="0" bw="32" slack="2147483647"/>
<pin id="1684" dir="0" index="1" bw="32" slack="2147483647"/>
<pin id="1685" dir="1" index="2" bw="32" slack="2147483647"/>
</pin_list>
<bind>
<opcode="fadd(9) " fcode="fadd"/>
<opset="acc_9/14 acc_207/14 "/>
</bind>
</comp>

<comp id="1686" class="1004" name="grp_fu_1686">
<pin_list>
<pin id="1687" dir="0" index="0" bw="32" slack="2147483647"/>
<pin id="1688" dir="0" index="1" bw="32" slack="2147483647"/>
<pin id="1689" dir="1" index="2" bw="32" slack="2147483647"/>
</pin_list>
<bind>
<opcode="fadd(9) " fcode="fadd"/>
<opset="acc_221/16 acc_208/16 "/>
</bind>
</comp>

<comp id="1690" class="1004" name="grp_fu_1690">
<pin_list>
<pin id="1691" dir="0" index="0" bw="32" slack="2147483647"/>
<pin id="1692" dir="0" index="1" bw="32" slack="2147483647"/>
<pin id="1693" dir="1" index="2" bw="32" slack="2147483647"/>
</pin_list>
<bind>
<opcode="fadd(9) " fcode="fadd"/>
<opset="acc_222/18 acc_209/18 "/>
</bind>
</comp>

<comp id="1694" class="1004" name="grp_fu_1694">
<pin_list>
<pin id="1695" dir="0" index="0" bw="32" slack="2147483647"/>
<pin id="1696" dir="0" index="1" bw="32" slack="2147483647"/>
<pin id="1697" dir="1" index="2" bw="32" slack="2147483647"/>
</pin_list>
<bind>
<opcode="fadd(9) " fcode="fadd"/>
<opset="acc_223/20 acc_210/20 "/>
</bind>
</comp>

<comp id="1698" class="1004" name="grp_fu_1698">
<pin_list>
<pin id="1699" dir="0" index="0" bw="32" slack="2147483647"/>
<pin id="1700" dir="0" index="1" bw="32" slack="2147483647"/>
<pin id="1701" dir="1" index="2" bw="32" slack="2147483647"/>
</pin_list>
<bind>
<opcode="fadd(9) " fcode="fadd"/>
<opset="acc_224/22 acc_211/22 "/>
</bind>
</comp>

<comp id="1702" class="1004" name="grp_fu_1702">
<pin_list>
<pin id="1703" dir="0" index="0" bw="32" slack="2147483647"/>
<pin id="1704" dir="0" index="1" bw="32" slack="2147483647"/>
<pin id="1705" dir="1" index="2" bw="32" slack="2147483647"/>
</pin_list>
<bind>
<opcode="fadd(9) " fcode="fadd"/>
<opset="acc_225/24 acc_212/24 "/>
</bind>
</comp>

<comp id="1706" class="1004" name="grp_fu_1706">
<pin_list>
<pin id="1707" dir="0" index="0" bw="32" slack="2147483647"/>
<pin id="1708" dir="0" index="1" bw="32" slack="2147483647"/>
<pin id="1709" dir="1" index="2" bw="32" slack="2147483647"/>
</pin_list>
<bind>
<opcode="fadd(9) " fcode="fadd"/>
<opset="acc_226/26 acc_213/26 "/>
</bind>
</comp>

<comp id="1710" class="1004" name="grp_fu_1710">
<pin_list>
<pin id="1711" dir="0" index="0" bw="32" slack="2147483647"/>
<pin id="1712" dir="0" index="1" bw="32" slack="2147483647"/>
<pin id="1713" dir="1" index="2" bw="32" slack="2147483647"/>
</pin_list>
<bind>
<opcode="fadd(9) " fcode="fadd"/>
<opset="acc_227/28 acc_214/28 "/>
</bind>
</comp>

<comp id="1714" class="1004" name="grp_fu_1714">
<pin_list>
<pin id="1715" dir="0" index="0" bw="32" slack="2147483647"/>
<pin id="1716" dir="0" index="1" bw="32" slack="2147483647"/>
<pin id="1717" dir="1" index="2" bw="32" slack="2147483647"/>
</pin_list>
<bind>
<opcode="fadd(9) " fcode="fadd"/>
<opset="acc_228/30 acc_215/30 "/>
</bind>
</comp>

<comp id="1718" class="1004" name="grp_fu_1718">
<pin_list>
<pin id="1719" dir="0" index="0" bw="32" slack="2147483647"/>
<pin id="1720" dir="0" index="1" bw="32" slack="2147483647"/>
<pin id="1721" dir="1" index="2" bw="32" slack="2147483647"/>
</pin_list>
<bind>
<opcode="fadd(9) " fcode="fadd"/>
<opset="acc_229/32 acc_216/32 "/>
</bind>
</comp>

<comp id="1722" class="1004" name="grp_fu_1722">
<pin_list>
<pin id="1723" dir="0" index="0" bw="32" slack="2147483647"/>
<pin id="1724" dir="0" index="1" bw="32" slack="2147483647"/>
<pin id="1725" dir="1" index="2" bw="32" slack="2147483647"/>
</pin_list>
<bind>
<opcode="fadd(9) " fcode="fadd"/>
<opset="acc_230/34 acc_217/34 "/>
</bind>
</comp>

<comp id="1726" class="1004" name="grp_fu_1726">
<pin_list>
<pin id="1727" dir="0" index="0" bw="32" slack="2147483647"/>
<pin id="1728" dir="0" index="1" bw="32" slack="2147483647"/>
<pin id="1729" dir="1" index="2" bw="32" slack="2147483647"/>
</pin_list>
<bind>
<opcode="fadd(9) " fcode="fadd"/>
<opset="acc_231/36 sub_i2/40 "/>
</bind>
</comp>

<comp id="1730" class="1004" name="grp_fu_1730">
<pin_list>
<pin id="1731" dir="0" index="0" bw="32" slack="2147483647"/>
<pin id="1732" dir="0" index="1" bw="32" slack="2147483647"/>
<pin id="1733" dir="1" index="2" bw="32" slack="2147483647"/>
</pin_list>
<bind>
<opcode="fadd(9) " fcode="fadd"/>
<opset="acc_232/38 "/>
</bind>
</comp>

<comp id="1734" class="1004" name="grp_fu_1734">
<pin_list>
<pin id="1735" dir="0" index="0" bw="32" slack="2147483647"/>
<pin id="1736" dir="0" index="1" bw="32" slack="2147483647"/>
<pin id="1737" dir="1" index="2" bw="32" slack="2147483647"/>
</pin_list>
<bind>
<opcode="fadd(9) " fcode="fadd"/>
<opset="acc_233/40 "/>
</bind>
</comp>

<comp id="1738" class="1004" name="grp_fu_1738">
<pin_list>
<pin id="1739" dir="0" index="0" bw="32" slack="2147483647"/>
<pin id="1740" dir="0" index="1" bw="32" slack="2147483647"/>
<pin id="1741" dir="1" index="2" bw="32" slack="2147483647"/>
</pin_list>
<bind>
<opcode="fadd(9) " fcode="fadd"/>
<opset="acc_234/42 "/>
</bind>
</comp>

<comp id="1742" class="1004" name="grp_fu_1742">
<pin_list>
<pin id="1743" dir="0" index="0" bw="32" slack="2147483647"/>
<pin id="1744" dir="0" index="1" bw="32" slack="2147483647"/>
<pin id="1745" dir="1" index="2" bw="32" slack="2147483647"/>
</pin_list>
<bind>
<opcode="fadd(9) " fcode="fadd"/>
<opset="acc_235/44 "/>
</bind>
</comp>

<comp id="1746" class="1004" name="grp_fu_1746">
<pin_list>
<pin id="1747" dir="0" index="0" bw="32" slack="2147483647"/>
<pin id="1748" dir="0" index="1" bw="32" slack="2147483647"/>
<pin id="1749" dir="1" index="2" bw="32" slack="2147483647"/>
</pin_list>
<bind>
<opcode="fadd(9) " fcode="fadd"/>
<opset="acc_236/46 "/>
</bind>
</comp>

<comp id="1750" class="1004" name="grp_fu_1750">
<pin_list>
<pin id="1751" dir="0" index="0" bw="32" slack="2147483647"/>
<pin id="1752" dir="0" index="1" bw="32" slack="2147483647"/>
<pin id="1753" dir="1" index="2" bw="32" slack="2147483647"/>
</pin_list>
<bind>
<opcode="fadd(9) " fcode="fadd"/>
<opset="acc_237/48 "/>
</bind>
</comp>

<comp id="1754" class="1004" name="grp_fu_1754">
<pin_list>
<pin id="1755" dir="0" index="0" bw="32" slack="2147483647"/>
<pin id="1756" dir="0" index="1" bw="32" slack="2147483647"/>
<pin id="1757" dir="1" index="2" bw="32" slack="2147483647"/>
</pin_list>
<bind>
<opcode="fadd(9) " fcode="fadd"/>
<opset="acc_238/50 "/>
</bind>
</comp>

<comp id="1758" class="1004" name="grp_fu_1758">
<pin_list>
<pin id="1759" dir="0" index="0" bw="32" slack="2147483647"/>
<pin id="1760" dir="0" index="1" bw="32" slack="2147483647"/>
<pin id="1761" dir="1" index="2" bw="32" slack="2147483647"/>
</pin_list>
<bind>
<opcode="fadd(9) " fcode="fadd"/>
<opset="acc_239/52 "/>
</bind>
</comp>

<comp id="1762" class="1004" name="grp_fu_1762">
<pin_list>
<pin id="1763" dir="0" index="0" bw="32" slack="2147483647"/>
<pin id="1764" dir="0" index="1" bw="32" slack="2147483647"/>
<pin id="1765" dir="1" index="2" bw="32" slack="2147483647"/>
</pin_list>
<bind>
<opcode="fadd(9) " fcode="fadd"/>
<opset="acc_240/54 "/>
</bind>
</comp>

<comp id="1766" class="1004" name="grp_fu_1766">
<pin_list>
<pin id="1767" dir="0" index="0" bw="32" slack="2147483647"/>
<pin id="1768" dir="0" index="1" bw="32" slack="2147483647"/>
<pin id="1769" dir="1" index="2" bw="32" slack="2147483647"/>
</pin_list>
<bind>
<opcode="fadd(9) " fcode="fadd"/>
<opset="acc_241/56 "/>
</bind>
</comp>

<comp id="1770" class="1004" name="grp_fu_1770">
<pin_list>
<pin id="1771" dir="0" index="0" bw="32" slack="2147483647"/>
<pin id="1772" dir="0" index="1" bw="32" slack="2147483647"/>
<pin id="1773" dir="1" index="2" bw="32" slack="2147483647"/>
</pin_list>
<bind>
<opcode="fadd(9) " fcode="fadd"/>
<opset="acc_242/58 "/>
</bind>
</comp>

<comp id="1774" class="1004" name="grp_fu_1774">
<pin_list>
<pin id="1775" dir="0" index="0" bw="32" slack="2147483647"/>
<pin id="1776" dir="0" index="1" bw="32" slack="2147483647"/>
<pin id="1777" dir="1" index="2" bw="32" slack="2147483647"/>
</pin_list>
<bind>
<opcode="fadd(9) " fcode="fadd"/>
<opset="acc_243/60 "/>
</bind>
</comp>

<comp id="1778" class="1004" name="grp_fu_1778">
<pin_list>
<pin id="1779" dir="0" index="0" bw="32" slack="2147483647"/>
<pin id="1780" dir="0" index="1" bw="32" slack="2147483647"/>
<pin id="1781" dir="1" index="2" bw="32" slack="2147483647"/>
</pin_list>
<bind>
<opcode="fadd(9) " fcode="fadd"/>
<opset="acc_244/62 "/>
</bind>
</comp>

<comp id="1782" class="1004" name="grp_fu_1782">
<pin_list>
<pin id="1783" dir="0" index="0" bw="32" slack="2147483647"/>
<pin id="1784" dir="0" index="1" bw="32" slack="2147483647"/>
<pin id="1785" dir="1" index="2" bw="32" slack="2147483647"/>
</pin_list>
<bind>
<opcode="fadd(9) " fcode="fadd"/>
<opset="acc_245/64 "/>
</bind>
</comp>

<comp id="1786" class="1004" name="grp_fu_1786">
<pin_list>
<pin id="1787" dir="0" index="0" bw="32" slack="2147483647"/>
<pin id="1788" dir="0" index="1" bw="32" slack="2147483647"/>
<pin id="1789" dir="1" index="2" bw="32" slack="2147483647"/>
</pin_list>
<bind>
<opcode="fadd(9) " fcode="fadd"/>
<opset="acc_246/66 "/>
</bind>
</comp>

<comp id="1790" class="1004" name="grp_fu_1790">
<pin_list>
<pin id="1791" dir="0" index="0" bw="32" slack="2147483647"/>
<pin id="1792" dir="0" index="1" bw="32" slack="2147483647"/>
<pin id="1793" dir="1" index="2" bw="32" slack="2147483647"/>
</pin_list>
<bind>
<opcode="fadd(9) " fcode="fadd"/>
<opset="sub_i1/72 "/>
</bind>
</comp>

<comp id="1794" class="1004" name="grp_fu_1794">
<pin_list>
<pin id="1795" dir="0" index="0" bw="32" slack="2147483647"/>
<pin id="1796" dir="0" index="1" bw="32" slack="2147483647"/>
<pin id="1797" dir="1" index="2" bw="32" slack="2147483647"/>
</pin_list>
<bind>
<opcode="fmul(13) " fcode="fmul"/>
<opset="mul35_1/4 mul65_1/4 "/>
</bind>
</comp>

<comp id="1798" class="1004" name="grp_fu_1798">
<pin_list>
<pin id="1799" dir="0" index="0" bw="32" slack="2147483647"/>
<pin id="1800" dir="0" index="1" bw="32" slack="2147483647"/>
<pin id="1801" dir="1" index="2" bw="32" slack="2147483647"/>
</pin_list>
<bind>
<opcode="fmul(13) " fcode="fmul"/>
<opset="mul35_2/6 mul65_2/6 "/>
</bind>
</comp>

<comp id="1802" class="1004" name="grp_fu_1802">
<pin_list>
<pin id="1803" dir="0" index="0" bw="32" slack="2147483647"/>
<pin id="1804" dir="0" index="1" bw="32" slack="2147483647"/>
<pin id="1805" dir="1" index="2" bw="32" slack="2147483647"/>
</pin_list>
<bind>
<opcode="fmul(13) " fcode="fmul"/>
<opset="mul35_3/8 mul65_3/8 "/>
</bind>
</comp>

<comp id="1806" class="1004" name="grp_fu_1806">
<pin_list>
<pin id="1807" dir="0" index="0" bw="32" slack="2147483647"/>
<pin id="1808" dir="0" index="1" bw="32" slack="2147483647"/>
<pin id="1809" dir="1" index="2" bw="32" slack="2147483647"/>
</pin_list>
<bind>
<opcode="fmul(13) " fcode="fmul"/>
<opset="mul35_4/10 mul65_4/10 "/>
</bind>
</comp>

<comp id="1810" class="1004" name="grp_fu_1810">
<pin_list>
<pin id="1811" dir="0" index="0" bw="32" slack="2147483647"/>
<pin id="1812" dir="0" index="1" bw="32" slack="2147483647"/>
<pin id="1813" dir="1" index="2" bw="32" slack="2147483647"/>
</pin_list>
<bind>
<opcode="fmul(13) " fcode="fmul"/>
<opset="mul35_5/12 mul65_5/12 "/>
</bind>
</comp>

<comp id="1814" class="1004" name="grp_fu_1814">
<pin_list>
<pin id="1815" dir="0" index="0" bw="32" slack="2147483647"/>
<pin id="1816" dir="0" index="1" bw="32" slack="2147483647"/>
<pin id="1817" dir="1" index="2" bw="32" slack="2147483647"/>
</pin_list>
<bind>
<opcode="fmul(13) " fcode="fmul"/>
<opset="mul35_6/14 mul65_6/14 "/>
</bind>
</comp>

<comp id="1818" class="1004" name="grp_fu_1818">
<pin_list>
<pin id="1819" dir="0" index="0" bw="32" slack="2147483647"/>
<pin id="1820" dir="0" index="1" bw="32" slack="2147483647"/>
<pin id="1821" dir="1" index="2" bw="32" slack="2147483647"/>
</pin_list>
<bind>
<opcode="fmul(13) " fcode="fmul"/>
<opset="mul35_7/16 mul65_7/16 "/>
</bind>
</comp>

<comp id="1822" class="1004" name="grp_fu_1822">
<pin_list>
<pin id="1823" dir="0" index="0" bw="32" slack="2147483647"/>
<pin id="1824" dir="0" index="1" bw="32" slack="2147483647"/>
<pin id="1825" dir="1" index="2" bw="32" slack="2147483647"/>
</pin_list>
<bind>
<opcode="fmul(13) " fcode="fmul"/>
<opset="mul35_8/18 mul65_8/18 "/>
</bind>
</comp>

<comp id="1826" class="1004" name="grp_fu_1826">
<pin_list>
<pin id="1827" dir="0" index="0" bw="32" slack="2147483647"/>
<pin id="1828" dir="0" index="1" bw="32" slack="2147483647"/>
<pin id="1829" dir="1" index="2" bw="32" slack="2147483647"/>
</pin_list>
<bind>
<opcode="fmul(13) " fcode="fmul"/>
<opset="mul35_9/20 mul65_9/20 "/>
</bind>
</comp>

<comp id="1830" class="1004" name="grp_fu_1830">
<pin_list>
<pin id="1831" dir="0" index="0" bw="32" slack="2147483647"/>
<pin id="1832" dir="0" index="1" bw="32" slack="2147483647"/>
<pin id="1833" dir="1" index="2" bw="32" slack="2147483647"/>
</pin_list>
<bind>
<opcode="fmul(13) " fcode="fmul"/>
<opset="mul35_s/22 mul65_s/22 "/>
</bind>
</comp>

<comp id="1834" class="1004" name="grp_fu_1834">
<pin_list>
<pin id="1835" dir="0" index="0" bw="32" slack="2147483647"/>
<pin id="1836" dir="0" index="1" bw="32" slack="2147483647"/>
<pin id="1837" dir="1" index="2" bw="32" slack="2147483647"/>
</pin_list>
<bind>
<opcode="fmul(13) " fcode="fmul"/>
<opset="mul35_10/24 mul65_10/24 "/>
</bind>
</comp>

<comp id="1838" class="1004" name="grp_fu_1838">
<pin_list>
<pin id="1839" dir="0" index="0" bw="32" slack="2147483647"/>
<pin id="1840" dir="0" index="1" bw="32" slack="2147483647"/>
<pin id="1841" dir="1" index="2" bw="32" slack="2147483647"/>
</pin_list>
<bind>
<opcode="fmul(13) " fcode="fmul"/>
<opset="mul35_11/26 mul65_11/26 "/>
</bind>
</comp>

<comp id="1842" class="1004" name="grp_fu_1842">
<pin_list>
<pin id="1843" dir="0" index="0" bw="32" slack="2147483647"/>
<pin id="1844" dir="0" index="1" bw="32" slack="2147483647"/>
<pin id="1845" dir="1" index="2" bw="32" slack="2147483647"/>
</pin_list>
<bind>
<opcode="fmul(13) " fcode="fmul"/>
<opset="mul35_12/28 mul65_12/28 "/>
</bind>
</comp>

<comp id="1846" class="1004" name="grp_fu_1846">
<pin_list>
<pin id="1847" dir="0" index="0" bw="32" slack="2147483647"/>
<pin id="1848" dir="0" index="1" bw="32" slack="2147483647"/>
<pin id="1849" dir="1" index="2" bw="32" slack="2147483647"/>
</pin_list>
<bind>
<opcode="fmul(13) " fcode="fmul"/>
<opset="mul35_13/30 mul65_13/30 "/>
</bind>
</comp>

<comp id="1850" class="1004" name="grp_fu_1850">
<pin_list>
<pin id="1851" dir="0" index="0" bw="32" slack="2147483647"/>
<pin id="1852" dir="0" index="1" bw="32" slack="2147483647"/>
<pin id="1853" dir="1" index="2" bw="32" slack="2147483647"/>
</pin_list>
<bind>
<opcode="fmul(13) " fcode="fmul"/>
<opset="mul35_14/32 mul65_14/32 "/>
</bind>
</comp>

<comp id="1854" class="1004" name="grp_fu_1854">
<pin_list>
<pin id="1855" dir="0" index="0" bw="32" slack="2147483647"/>
<pin id="1856" dir="0" index="1" bw="32" slack="2147483647"/>
<pin id="1857" dir="1" index="2" bw="32" slack="2147483647"/>
</pin_list>
<bind>
<opcode="fmul(13) " fcode="fmul"/>
<opset="mul35_15/34 "/>
</bind>
</comp>

<comp id="1858" class="1004" name="grp_fu_1858">
<pin_list>
<pin id="1859" dir="0" index="0" bw="32" slack="2147483647"/>
<pin id="1860" dir="0" index="1" bw="32" slack="2147483647"/>
<pin id="1861" dir="1" index="2" bw="32" slack="2147483647"/>
</pin_list>
<bind>
<opcode="fmul(13) " fcode="fmul"/>
<opset="mul35_16/36 "/>
</bind>
</comp>

<comp id="1862" class="1004" name="grp_fu_1862">
<pin_list>
<pin id="1863" dir="0" index="0" bw="32" slack="2147483647"/>
<pin id="1864" dir="0" index="1" bw="32" slack="2147483647"/>
<pin id="1865" dir="1" index="2" bw="32" slack="2147483647"/>
</pin_list>
<bind>
<opcode="fmul(13) " fcode="fmul"/>
<opset="mul35_17/38 "/>
</bind>
</comp>

<comp id="1866" class="1004" name="grp_fu_1866">
<pin_list>
<pin id="1867" dir="0" index="0" bw="32" slack="2147483647"/>
<pin id="1868" dir="0" index="1" bw="32" slack="2147483647"/>
<pin id="1869" dir="1" index="2" bw="32" slack="2147483647"/>
</pin_list>
<bind>
<opcode="fmul(13) " fcode="fmul"/>
<opset="mul35_18/40 "/>
</bind>
</comp>

<comp id="1870" class="1004" name="grp_fu_1870">
<pin_list>
<pin id="1871" dir="0" index="0" bw="32" slack="2147483647"/>
<pin id="1872" dir="0" index="1" bw="32" slack="2147483647"/>
<pin id="1873" dir="1" index="2" bw="32" slack="2147483647"/>
</pin_list>
<bind>
<opcode="fmul(13) " fcode="fmul"/>
<opset="mul35_19/42 "/>
</bind>
</comp>

<comp id="1874" class="1004" name="grp_fu_1874">
<pin_list>
<pin id="1875" dir="0" index="0" bw="32" slack="2147483647"/>
<pin id="1876" dir="0" index="1" bw="32" slack="2147483647"/>
<pin id="1877" dir="1" index="2" bw="32" slack="2147483647"/>
</pin_list>
<bind>
<opcode="fmul(13) " fcode="fmul"/>
<opset="mul35_20/44 "/>
</bind>
</comp>

<comp id="1878" class="1004" name="grp_fu_1878">
<pin_list>
<pin id="1879" dir="0" index="0" bw="32" slack="2147483647"/>
<pin id="1880" dir="0" index="1" bw="32" slack="2147483647"/>
<pin id="1881" dir="1" index="2" bw="32" slack="2147483647"/>
</pin_list>
<bind>
<opcode="fmul(13) " fcode="fmul"/>
<opset="mul35_21/46 "/>
</bind>
</comp>

<comp id="1882" class="1004" name="grp_fu_1882">
<pin_list>
<pin id="1883" dir="0" index="0" bw="32" slack="2147483647"/>
<pin id="1884" dir="0" index="1" bw="32" slack="2147483647"/>
<pin id="1885" dir="1" index="2" bw="32" slack="2147483647"/>
</pin_list>
<bind>
<opcode="fmul(13) " fcode="fmul"/>
<opset="mul35_22/48 "/>
</bind>
</comp>

<comp id="1886" class="1004" name="grp_fu_1886">
<pin_list>
<pin id="1887" dir="0" index="0" bw="32" slack="2147483647"/>
<pin id="1888" dir="0" index="1" bw="32" slack="2147483647"/>
<pin id="1889" dir="1" index="2" bw="32" slack="2147483647"/>
</pin_list>
<bind>
<opcode="fmul(13) " fcode="fmul"/>
<opset="mul35_23/50 "/>
</bind>
</comp>

<comp id="1890" class="1004" name="grp_fu_1890">
<pin_list>
<pin id="1891" dir="0" index="0" bw="32" slack="2147483647"/>
<pin id="1892" dir="0" index="1" bw="32" slack="2147483647"/>
<pin id="1893" dir="1" index="2" bw="32" slack="2147483647"/>
</pin_list>
<bind>
<opcode="fmul(13) " fcode="fmul"/>
<opset="mul35_24/52 "/>
</bind>
</comp>

<comp id="1894" class="1004" name="grp_fu_1894">
<pin_list>
<pin id="1895" dir="0" index="0" bw="32" slack="2147483647"/>
<pin id="1896" dir="0" index="1" bw="32" slack="2147483647"/>
<pin id="1897" dir="1" index="2" bw="32" slack="2147483647"/>
</pin_list>
<bind>
<opcode="fmul(13) " fcode="fmul"/>
<opset="mul35_25/54 "/>
</bind>
</comp>

<comp id="1898" class="1004" name="grp_fu_1898">
<pin_list>
<pin id="1899" dir="0" index="0" bw="32" slack="2147483647"/>
<pin id="1900" dir="0" index="1" bw="32" slack="2147483647"/>
<pin id="1901" dir="1" index="2" bw="32" slack="2147483647"/>
</pin_list>
<bind>
<opcode="fmul(13) " fcode="fmul"/>
<opset="mul35_26/56 "/>
</bind>
</comp>

<comp id="1902" class="1004" name="grp_fu_1902">
<pin_list>
<pin id="1903" dir="0" index="0" bw="32" slack="2147483647"/>
<pin id="1904" dir="0" index="1" bw="32" slack="2147483647"/>
<pin id="1905" dir="1" index="2" bw="32" slack="2147483647"/>
</pin_list>
<bind>
<opcode="fmul(13) " fcode="fmul"/>
<opset="mul35_27/58 "/>
</bind>
</comp>

<comp id="1906" class="1004" name="grp_fu_1906">
<pin_list>
<pin id="1907" dir="0" index="0" bw="32" slack="2147483647"/>
<pin id="1908" dir="0" index="1" bw="32" slack="2147483647"/>
<pin id="1909" dir="1" index="2" bw="32" slack="2147483647"/>
</pin_list>
<bind>
<opcode="fmul(13) " fcode="fmul"/>
<opset="mul35_28/60 "/>
</bind>
</comp>

<comp id="1910" class="1004" name="grp_fu_1910">
<pin_list>
<pin id="1911" dir="0" index="0" bw="32" slack="2147483647"/>
<pin id="1912" dir="0" index="1" bw="32" slack="2147483647"/>
<pin id="1913" dir="1" index="2" bw="32" slack="2147483647"/>
</pin_list>
<bind>
<opcode="fmul(13) " fcode="fmul"/>
<opset="mul35_29/60 "/>
</bind>
</comp>

<comp id="1914" class="1004" name="grp_fu_1914">
<pin_list>
<pin id="1915" dir="0" index="0" bw="32" slack="2147483647"/>
<pin id="1916" dir="0" index="1" bw="32" slack="2147483647"/>
<pin id="1917" dir="1" index="2" bw="32" slack="2147483647"/>
</pin_list>
<bind>
<opcode="fmul(13) " fcode="fmul"/>
<opset="mul35_30/60 "/>
</bind>
</comp>

</comp_list>

<net_list>
<net id="237"><net_src comp="108" pin="0"/><net_sink comp="234" pin=0"/></net>

<net id="241"><net_src comp="108" pin="0"/><net_sink comp="238" pin=0"/></net>

<net id="245"><net_src comp="108" pin="0"/><net_sink comp="242" pin=0"/></net>

<net id="249"><net_src comp="108" pin="0"/><net_sink comp="246" pin=0"/></net>

<net id="253"><net_src comp="108" pin="0"/><net_sink comp="250" pin=0"/></net>

<net id="257"><net_src comp="108" pin="0"/><net_sink comp="254" pin=0"/></net>

<net id="261"><net_src comp="108" pin="0"/><net_sink comp="258" pin=0"/></net>

<net id="265"><net_src comp="108" pin="0"/><net_sink comp="262" pin=0"/></net>

<net id="269"><net_src comp="108" pin="0"/><net_sink comp="266" pin=0"/></net>

<net id="273"><net_src comp="108" pin="0"/><net_sink comp="270" pin=0"/></net>

<net id="277"><net_src comp="108" pin="0"/><net_sink comp="274" pin=0"/></net>

<net id="281"><net_src comp="108" pin="0"/><net_sink comp="278" pin=0"/></net>

<net id="285"><net_src comp="108" pin="0"/><net_sink comp="282" pin=0"/></net>

<net id="289"><net_src comp="108" pin="0"/><net_sink comp="286" pin=0"/></net>

<net id="293"><net_src comp="108" pin="0"/><net_sink comp="290" pin=0"/></net>

<net id="297"><net_src comp="108" pin="0"/><net_sink comp="294" pin=0"/></net>

<net id="301"><net_src comp="108" pin="0"/><net_sink comp="298" pin=0"/></net>

<net id="305"><net_src comp="108" pin="0"/><net_sink comp="302" pin=0"/></net>

<net id="309"><net_src comp="108" pin="0"/><net_sink comp="306" pin=0"/></net>

<net id="313"><net_src comp="108" pin="0"/><net_sink comp="310" pin=0"/></net>

<net id="317"><net_src comp="108" pin="0"/><net_sink comp="314" pin=0"/></net>

<net id="321"><net_src comp="108" pin="0"/><net_sink comp="318" pin=0"/></net>

<net id="325"><net_src comp="108" pin="0"/><net_sink comp="322" pin=0"/></net>

<net id="329"><net_src comp="108" pin="0"/><net_sink comp="326" pin=0"/></net>

<net id="333"><net_src comp="108" pin="0"/><net_sink comp="330" pin=0"/></net>

<net id="337"><net_src comp="108" pin="0"/><net_sink comp="334" pin=0"/></net>

<net id="341"><net_src comp="108" pin="0"/><net_sink comp="338" pin=0"/></net>

<net id="345"><net_src comp="108" pin="0"/><net_sink comp="342" pin=0"/></net>

<net id="349"><net_src comp="108" pin="0"/><net_sink comp="346" pin=0"/></net>

<net id="353"><net_src comp="108" pin="0"/><net_sink comp="350" pin=0"/></net>

<net id="357"><net_src comp="108" pin="0"/><net_sink comp="354" pin=0"/></net>

<net id="361"><net_src comp="108" pin="0"/><net_sink comp="358" pin=0"/></net>

<net id="365"><net_src comp="108" pin="0"/><net_sink comp="362" pin=0"/></net>

<net id="369"><net_src comp="110" pin="0"/><net_sink comp="366" pin=0"/></net>

<net id="373"><net_src comp="110" pin="0"/><net_sink comp="370" pin=0"/></net>

<net id="377"><net_src comp="110" pin="0"/><net_sink comp="374" pin=0"/></net>

<net id="381"><net_src comp="110" pin="0"/><net_sink comp="378" pin=0"/></net>

<net id="385"><net_src comp="110" pin="0"/><net_sink comp="382" pin=0"/></net>

<net id="389"><net_src comp="110" pin="0"/><net_sink comp="386" pin=0"/></net>

<net id="393"><net_src comp="110" pin="0"/><net_sink comp="390" pin=0"/></net>

<net id="397"><net_src comp="110" pin="0"/><net_sink comp="394" pin=0"/></net>

<net id="401"><net_src comp="110" pin="0"/><net_sink comp="398" pin=0"/></net>

<net id="405"><net_src comp="110" pin="0"/><net_sink comp="402" pin=0"/></net>

<net id="409"><net_src comp="110" pin="0"/><net_sink comp="406" pin=0"/></net>

<net id="413"><net_src comp="110" pin="0"/><net_sink comp="410" pin=0"/></net>

<net id="417"><net_src comp="110" pin="0"/><net_sink comp="414" pin=0"/></net>

<net id="421"><net_src comp="110" pin="0"/><net_sink comp="418" pin=0"/></net>

<net id="425"><net_src comp="110" pin="0"/><net_sink comp="422" pin=0"/></net>

<net id="429"><net_src comp="110" pin="0"/><net_sink comp="426" pin=0"/></net>

<net id="433"><net_src comp="110" pin="0"/><net_sink comp="430" pin=0"/></net>

<net id="437"><net_src comp="110" pin="0"/><net_sink comp="434" pin=0"/></net>

<net id="441"><net_src comp="110" pin="0"/><net_sink comp="438" pin=0"/></net>

<net id="447"><net_src comp="104" pin="0"/><net_sink comp="442" pin=0"/></net>

<net id="448"><net_src comp="134" pin="0"/><net_sink comp="442" pin=1"/></net>

<net id="454"><net_src comp="442" pin="3"/><net_sink comp="449" pin=0"/></net>

<net id="539"><net_src comp="136" pin="0"/><net_sink comp="455" pin=0"/></net>

<net id="540"><net_src comp="2" pin="0"/><net_sink comp="455" pin=49"/></net>

<net id="541"><net_src comp="4" pin="0"/><net_sink comp="455" pin=50"/></net>

<net id="542"><net_src comp="6" pin="0"/><net_sink comp="455" pin=51"/></net>

<net id="543"><net_src comp="8" pin="0"/><net_sink comp="455" pin=52"/></net>

<net id="544"><net_src comp="10" pin="0"/><net_sink comp="455" pin=53"/></net>

<net id="545"><net_src comp="12" pin="0"/><net_sink comp="455" pin=54"/></net>

<net id="546"><net_src comp="14" pin="0"/><net_sink comp="455" pin=55"/></net>

<net id="547"><net_src comp="16" pin="0"/><net_sink comp="455" pin=56"/></net>

<net id="548"><net_src comp="18" pin="0"/><net_sink comp="455" pin=57"/></net>

<net id="549"><net_src comp="20" pin="0"/><net_sink comp="455" pin=58"/></net>

<net id="550"><net_src comp="22" pin="0"/><net_sink comp="455" pin=59"/></net>

<net id="551"><net_src comp="24" pin="0"/><net_sink comp="455" pin=60"/></net>

<net id="552"><net_src comp="26" pin="0"/><net_sink comp="455" pin=61"/></net>

<net id="553"><net_src comp="28" pin="0"/><net_sink comp="455" pin=62"/></net>

<net id="554"><net_src comp="30" pin="0"/><net_sink comp="455" pin=63"/></net>

<net id="555"><net_src comp="32" pin="0"/><net_sink comp="455" pin=64"/></net>

<net id="556"><net_src comp="34" pin="0"/><net_sink comp="455" pin=65"/></net>

<net id="557"><net_src comp="36" pin="0"/><net_sink comp="455" pin=66"/></net>

<net id="558"><net_src comp="38" pin="0"/><net_sink comp="455" pin=67"/></net>

<net id="559"><net_src comp="40" pin="0"/><net_sink comp="455" pin=68"/></net>

<net id="560"><net_src comp="42" pin="0"/><net_sink comp="455" pin=69"/></net>

<net id="561"><net_src comp="44" pin="0"/><net_sink comp="455" pin=70"/></net>

<net id="562"><net_src comp="46" pin="0"/><net_sink comp="455" pin=71"/></net>

<net id="563"><net_src comp="48" pin="0"/><net_sink comp="455" pin=72"/></net>

<net id="564"><net_src comp="50" pin="0"/><net_sink comp="455" pin=73"/></net>

<net id="565"><net_src comp="52" pin="0"/><net_sink comp="455" pin=74"/></net>

<net id="566"><net_src comp="54" pin="0"/><net_sink comp="455" pin=75"/></net>

<net id="567"><net_src comp="56" pin="0"/><net_sink comp="455" pin=76"/></net>

<net id="568"><net_src comp="58" pin="0"/><net_sink comp="455" pin=77"/></net>

<net id="569"><net_src comp="60" pin="0"/><net_sink comp="455" pin=78"/></net>

<net id="570"><net_src comp="62" pin="0"/><net_sink comp="455" pin=79"/></net>

<net id="571"><net_src comp="64" pin="0"/><net_sink comp="455" pin=80"/></net>

<net id="572"><net_src comp="66" pin="0"/><net_sink comp="455" pin=81"/></net>

<net id="581"><net_src comp="142" pin="0"/><net_sink comp="573" pin=0"/></net>

<net id="582"><net_src comp="449" pin="3"/><net_sink comp="573" pin=1"/></net>

<net id="583"><net_src comp="0" pin="0"/><net_sink comp="573" pin=3"/></net>

<net id="584"><net_src comp="106" pin="0"/><net_sink comp="573" pin=5"/></net>

<net id="622"><net_src comp="230" pin="0"/><net_sink comp="585" pin=0"/></net>

<net id="623"><net_src comp="68" pin="0"/><net_sink comp="585" pin=18"/></net>

<net id="624"><net_src comp="70" pin="0"/><net_sink comp="585" pin=19"/></net>

<net id="625"><net_src comp="72" pin="0"/><net_sink comp="585" pin=20"/></net>

<net id="626"><net_src comp="74" pin="0"/><net_sink comp="585" pin=21"/></net>

<net id="627"><net_src comp="76" pin="0"/><net_sink comp="585" pin=22"/></net>

<net id="628"><net_src comp="78" pin="0"/><net_sink comp="585" pin=23"/></net>

<net id="629"><net_src comp="80" pin="0"/><net_sink comp="585" pin=24"/></net>

<net id="630"><net_src comp="82" pin="0"/><net_sink comp="585" pin=25"/></net>

<net id="631"><net_src comp="84" pin="0"/><net_sink comp="585" pin=26"/></net>

<net id="632"><net_src comp="86" pin="0"/><net_sink comp="585" pin=27"/></net>

<net id="633"><net_src comp="88" pin="0"/><net_sink comp="585" pin=28"/></net>

<net id="634"><net_src comp="90" pin="0"/><net_sink comp="585" pin=29"/></net>

<net id="635"><net_src comp="92" pin="0"/><net_sink comp="585" pin=30"/></net>

<net id="636"><net_src comp="94" pin="0"/><net_sink comp="585" pin=31"/></net>

<net id="637"><net_src comp="96" pin="0"/><net_sink comp="585" pin=32"/></net>

<net id="638"><net_src comp="98" pin="0"/><net_sink comp="585" pin=33"/></net>

<net id="639"><net_src comp="100" pin="0"/><net_sink comp="585" pin=34"/></net>

<net id="646"><net_src comp="232" pin="0"/><net_sink comp="640" pin=0"/></net>

<net id="647"><net_src comp="102" pin="0"/><net_sink comp="640" pin=3"/></net>

<net id="652"><net_src comp="146" pin="0"/><net_sink comp="648" pin=1"/></net>

<net id="657"><net_src comp="166" pin="0"/><net_sink comp="653" pin=1"/></net>

<net id="662"><net_src comp="144" pin="0"/><net_sink comp="658" pin=0"/></net>

<net id="667"><net_src comp="128" pin="0"/><net_sink comp="663" pin=0"/></net>

<net id="674"><net_src comp="668" pin="1"/><net_sink comp="671" pin=0"/></net>

<net id="679"><net_src comp="668" pin="1"/><net_sink comp="675" pin=0"/></net>

<net id="680"><net_src comp="130" pin="0"/><net_sink comp="675" pin=1"/></net>

<net id="685"><net_src comp="668" pin="1"/><net_sink comp="681" pin=0"/></net>

<net id="686"><net_src comp="132" pin="0"/><net_sink comp="681" pin=1"/></net>

<net id="690"><net_src comp="668" pin="1"/><net_sink comp="687" pin=0"/></net>

<net id="691"><net_src comp="687" pin="1"/><net_sink comp="442" pin=2"/></net>

<net id="695"><net_src comp="692" pin="1"/><net_sink comp="455" pin=5"/></net>

<net id="699"><net_src comp="696" pin="1"/><net_sink comp="455" pin=6"/></net>

<net id="703"><net_src comp="700" pin="1"/><net_sink comp="455" pin=7"/></net>

<net id="707"><net_src comp="704" pin="1"/><net_sink comp="455" pin=8"/></net>

<net id="711"><net_src comp="708" pin="1"/><net_sink comp="455" pin=9"/></net>

<net id="715"><net_src comp="712" pin="1"/><net_sink comp="455" pin=10"/></net>

<net id="719"><net_src comp="716" pin="1"/><net_sink comp="455" pin=11"/></net>

<net id="723"><net_src comp="720" pin="1"/><net_sink comp="455" pin=12"/></net>

<net id="727"><net_src comp="724" pin="1"/><net_sink comp="455" pin=13"/></net>

<net id="731"><net_src comp="728" pin="1"/><net_sink comp="455" pin=14"/></net>

<net id="735"><net_src comp="732" pin="1"/><net_sink comp="455" pin=15"/></net>

<net id="739"><net_src comp="736" pin="1"/><net_sink comp="455" pin=16"/></net>

<net id="743"><net_src comp="740" pin="1"/><net_sink comp="455" pin=17"/></net>

<net id="747"><net_src comp="744" pin="1"/><net_sink comp="455" pin=18"/></net>

<net id="751"><net_src comp="748" pin="1"/><net_sink comp="455" pin=19"/></net>

<net id="755"><net_src comp="752" pin="1"/><net_sink comp="455" pin=20"/></net>

<net id="759"><net_src comp="756" pin="1"/><net_sink comp="455" pin=21"/></net>

<net id="763"><net_src comp="760" pin="1"/><net_sink comp="455" pin=22"/></net>

<net id="767"><net_src comp="764" pin="1"/><net_sink comp="455" pin=23"/></net>

<net id="771"><net_src comp="768" pin="1"/><net_sink comp="455" pin=24"/></net>

<net id="775"><net_src comp="772" pin="1"/><net_sink comp="455" pin=25"/></net>

<net id="779"><net_src comp="776" pin="1"/><net_sink comp="455" pin=26"/></net>

<net id="783"><net_src comp="780" pin="1"/><net_sink comp="455" pin=27"/></net>

<net id="787"><net_src comp="784" pin="1"/><net_sink comp="455" pin=28"/></net>

<net id="791"><net_src comp="788" pin="1"/><net_sink comp="455" pin=29"/></net>

<net id="795"><net_src comp="792" pin="1"/><net_sink comp="455" pin=30"/></net>

<net id="799"><net_src comp="796" pin="1"/><net_sink comp="455" pin=31"/></net>

<net id="803"><net_src comp="800" pin="1"/><net_sink comp="455" pin=32"/></net>

<net id="807"><net_src comp="804" pin="1"/><net_sink comp="455" pin=1"/></net>

<net id="811"><net_src comp="808" pin="1"/><net_sink comp="455" pin=2"/></net>

<net id="815"><net_src comp="812" pin="1"/><net_sink comp="455" pin=3"/></net>

<net id="819"><net_src comp="816" pin="1"/><net_sink comp="455" pin=4"/></net>

<net id="825"><net_src comp="138" pin="0"/><net_sink comp="820" pin=0"/></net>

<net id="826"><net_src comp="140" pin="0"/><net_sink comp="820" pin=2"/></net>

<net id="827"><net_src comp="820" pin="3"/><net_sink comp="573" pin=2"/></net>

<net id="831"><net_src comp="828" pin="1"/><net_sink comp="658" pin=1"/></net>

<net id="841"><net_src comp="156" pin="0"/><net_sink comp="835" pin=0"/></net>

<net id="842"><net_src comp="832" pin="1"/><net_sink comp="835" pin=1"/></net>

<net id="843"><net_src comp="158" pin="0"/><net_sink comp="835" pin=2"/></net>

<net id="844"><net_src comp="160" pin="0"/><net_sink comp="835" pin=3"/></net>

<net id="848"><net_src comp="832" pin="1"/><net_sink comp="845" pin=0"/></net>

<net id="853"><net_src comp="835" pin="4"/><net_sink comp="849" pin=0"/></net>

<net id="854"><net_src comp="162" pin="0"/><net_sink comp="849" pin=1"/></net>

<net id="859"><net_src comp="845" pin="1"/><net_sink comp="855" pin=0"/></net>

<net id="860"><net_src comp="164" pin="0"/><net_sink comp="855" pin=1"/></net>

<net id="865"><net_src comp="855" pin="2"/><net_sink comp="861" pin=0"/></net>

<net id="866"><net_src comp="849" pin="2"/><net_sink comp="861" pin=1"/></net>

<net id="871"><net_src comp="861" pin="2"/><net_sink comp="867" pin=0"/></net>

<net id="872"><net_src comp="653" pin="2"/><net_sink comp="867" pin=1"/></net>

<net id="878"><net_src comp="867" pin="2"/><net_sink comp="873" pin=0"/></net>

<net id="879"><net_src comp="648" pin="2"/><net_sink comp="873" pin=2"/></net>

<net id="884"><net_src comp="873" pin="3"/><net_sink comp="880" pin=0"/></net>

<net id="889"><net_src comp="873" pin="3"/><net_sink comp="885" pin=0"/></net>

<net id="894"><net_src comp="873" pin="3"/><net_sink comp="890" pin=0"/></net>

<net id="899"><net_src comp="873" pin="3"/><net_sink comp="895" pin=0"/></net>

<net id="904"><net_src comp="873" pin="3"/><net_sink comp="900" pin=0"/></net>

<net id="909"><net_src comp="873" pin="3"/><net_sink comp="905" pin=0"/></net>

<net id="914"><net_src comp="873" pin="3"/><net_sink comp="910" pin=0"/></net>

<net id="919"><net_src comp="873" pin="3"/><net_sink comp="915" pin=0"/></net>

<net id="924"><net_src comp="873" pin="3"/><net_sink comp="920" pin=0"/></net>

<net id="929"><net_src comp="873" pin="3"/><net_sink comp="925" pin=0"/></net>

<net id="934"><net_src comp="873" pin="3"/><net_sink comp="930" pin=0"/></net>

<net id="939"><net_src comp="873" pin="3"/><net_sink comp="935" pin=0"/></net>

<net id="944"><net_src comp="873" pin="3"/><net_sink comp="940" pin=0"/></net>

<net id="949"><net_src comp="873" pin="3"/><net_sink comp="945" pin=0"/></net>

<net id="954"><net_src comp="873" pin="3"/><net_sink comp="950" pin=0"/></net>

<net id="959"><net_src comp="873" pin="3"/><net_sink comp="955" pin=0"/></net>

<net id="964"><net_src comp="873" pin="3"/><net_sink comp="960" pin=0"/></net>

<net id="969"><net_src comp="873" pin="3"/><net_sink comp="965" pin=0"/></net>

<net id="974"><net_src comp="873" pin="3"/><net_sink comp="970" pin=0"/></net>

<net id="979"><net_src comp="873" pin="3"/><net_sink comp="975" pin=0"/></net>

<net id="984"><net_src comp="873" pin="3"/><net_sink comp="980" pin=0"/></net>

<net id="989"><net_src comp="873" pin="3"/><net_sink comp="985" pin=0"/></net>

<net id="994"><net_src comp="873" pin="3"/><net_sink comp="990" pin=0"/></net>

<net id="999"><net_src comp="873" pin="3"/><net_sink comp="995" pin=0"/></net>

<net id="1004"><net_src comp="873" pin="3"/><net_sink comp="1000" pin=0"/></net>

<net id="1009"><net_src comp="873" pin="3"/><net_sink comp="1005" pin=0"/></net>

<net id="1014"><net_src comp="873" pin="3"/><net_sink comp="1010" pin=0"/></net>

<net id="1019"><net_src comp="873" pin="3"/><net_sink comp="1015" pin=0"/></net>

<net id="1024"><net_src comp="873" pin="3"/><net_sink comp="1020" pin=0"/></net>

<net id="1029"><net_src comp="873" pin="3"/><net_sink comp="1025" pin=0"/></net>

<net id="1034"><net_src comp="873" pin="3"/><net_sink comp="1030" pin=0"/></net>

<net id="1039"><net_src comp="873" pin="3"/><net_sink comp="1035" pin=0"/></net>

<net id="1047"><net_src comp="1044" pin="1"/><net_sink comp="585" pin=16"/></net>

<net id="1051"><net_src comp="1048" pin="1"/><net_sink comp="585" pin=15"/></net>

<net id="1055"><net_src comp="1052" pin="1"/><net_sink comp="585" pin=14"/></net>

<net id="1059"><net_src comp="1056" pin="1"/><net_sink comp="585" pin=13"/></net>

<net id="1063"><net_src comp="1060" pin="1"/><net_sink comp="585" pin=12"/></net>

<net id="1067"><net_src comp="1064" pin="1"/><net_sink comp="585" pin=11"/></net>

<net id="1071"><net_src comp="1068" pin="1"/><net_sink comp="585" pin=10"/></net>

<net id="1075"><net_src comp="1072" pin="1"/><net_sink comp="585" pin=9"/></net>

<net id="1079"><net_src comp="1076" pin="1"/><net_sink comp="585" pin=8"/></net>

<net id="1083"><net_src comp="1080" pin="1"/><net_sink comp="585" pin=7"/></net>

<net id="1087"><net_src comp="1084" pin="1"/><net_sink comp="585" pin=6"/></net>

<net id="1091"><net_src comp="1088" pin="1"/><net_sink comp="585" pin=5"/></net>

<net id="1095"><net_src comp="1092" pin="1"/><net_sink comp="585" pin=4"/></net>

<net id="1099"><net_src comp="1096" pin="1"/><net_sink comp="585" pin=3"/></net>

<net id="1103"><net_src comp="1100" pin="1"/><net_sink comp="585" pin=2"/></net>

<net id="1107"><net_src comp="1104" pin="1"/><net_sink comp="585" pin=1"/></net>

<net id="1114"><net_src comp="234" pin="1"/><net_sink comp="1111" pin=0"/></net>

<net id="1115"><net_src comp="1111" pin="1"/><net_sink comp="663" pin=1"/></net>

<net id="1116"><net_src comp="1111" pin="1"/><net_sink comp="668" pin=0"/></net>

<net id="1117"><net_src comp="1111" pin="1"/><net_sink comp="1040" pin=1"/></net>

<net id="1121"><net_src comp="238" pin="1"/><net_sink comp="1118" pin=0"/></net>

<net id="1122"><net_src comp="1118" pin="1"/><net_sink comp="692" pin=0"/></net>

<net id="1123"><net_src comp="1118" pin="1"/><net_sink comp="1010" pin=1"/></net>

<net id="1127"><net_src comp="242" pin="1"/><net_sink comp="1124" pin=0"/></net>

<net id="1128"><net_src comp="1124" pin="1"/><net_sink comp="696" pin=0"/></net>

<net id="1129"><net_src comp="1124" pin="1"/><net_sink comp="1005" pin=1"/></net>

<net id="1133"><net_src comp="246" pin="1"/><net_sink comp="1130" pin=0"/></net>

<net id="1134"><net_src comp="1130" pin="1"/><net_sink comp="700" pin=0"/></net>

<net id="1135"><net_src comp="1130" pin="1"/><net_sink comp="1000" pin=1"/></net>

<net id="1139"><net_src comp="250" pin="1"/><net_sink comp="1136" pin=0"/></net>

<net id="1140"><net_src comp="1136" pin="1"/><net_sink comp="704" pin=0"/></net>

<net id="1141"><net_src comp="1136" pin="1"/><net_sink comp="995" pin=1"/></net>

<net id="1145"><net_src comp="254" pin="1"/><net_sink comp="1142" pin=0"/></net>

<net id="1146"><net_src comp="1142" pin="1"/><net_sink comp="708" pin=0"/></net>

<net id="1147"><net_src comp="1142" pin="1"/><net_sink comp="990" pin=1"/></net>

<net id="1151"><net_src comp="258" pin="1"/><net_sink comp="1148" pin=0"/></net>

<net id="1152"><net_src comp="1148" pin="1"/><net_sink comp="712" pin=0"/></net>

<net id="1153"><net_src comp="1148" pin="1"/><net_sink comp="985" pin=1"/></net>

<net id="1157"><net_src comp="262" pin="1"/><net_sink comp="1154" pin=0"/></net>

<net id="1158"><net_src comp="1154" pin="1"/><net_sink comp="716" pin=0"/></net>

<net id="1159"><net_src comp="1154" pin="1"/><net_sink comp="980" pin=1"/></net>

<net id="1163"><net_src comp="266" pin="1"/><net_sink comp="1160" pin=0"/></net>

<net id="1164"><net_src comp="1160" pin="1"/><net_sink comp="720" pin=0"/></net>

<net id="1165"><net_src comp="1160" pin="1"/><net_sink comp="975" pin=1"/></net>

<net id="1169"><net_src comp="270" pin="1"/><net_sink comp="1166" pin=0"/></net>

<net id="1170"><net_src comp="1166" pin="1"/><net_sink comp="724" pin=0"/></net>

<net id="1171"><net_src comp="1166" pin="1"/><net_sink comp="970" pin=1"/></net>

<net id="1175"><net_src comp="274" pin="1"/><net_sink comp="1172" pin=0"/></net>

<net id="1176"><net_src comp="1172" pin="1"/><net_sink comp="728" pin=0"/></net>

<net id="1177"><net_src comp="1172" pin="1"/><net_sink comp="965" pin=1"/></net>

<net id="1181"><net_src comp="278" pin="1"/><net_sink comp="1178" pin=0"/></net>

<net id="1182"><net_src comp="1178" pin="1"/><net_sink comp="732" pin=0"/></net>

<net id="1183"><net_src comp="1178" pin="1"/><net_sink comp="960" pin=1"/></net>

<net id="1187"><net_src comp="282" pin="1"/><net_sink comp="1184" pin=0"/></net>

<net id="1188"><net_src comp="1184" pin="1"/><net_sink comp="736" pin=0"/></net>

<net id="1189"><net_src comp="1184" pin="1"/><net_sink comp="955" pin=1"/></net>

<net id="1193"><net_src comp="286" pin="1"/><net_sink comp="1190" pin=0"/></net>

<net id="1194"><net_src comp="1190" pin="1"/><net_sink comp="740" pin=0"/></net>

<net id="1195"><net_src comp="1190" pin="1"/><net_sink comp="950" pin=1"/></net>

<net id="1199"><net_src comp="290" pin="1"/><net_sink comp="1196" pin=0"/></net>

<net id="1200"><net_src comp="1196" pin="1"/><net_sink comp="744" pin=0"/></net>

<net id="1201"><net_src comp="1196" pin="1"/><net_sink comp="945" pin=1"/></net>

<net id="1205"><net_src comp="294" pin="1"/><net_sink comp="1202" pin=0"/></net>

<net id="1206"><net_src comp="1202" pin="1"/><net_sink comp="748" pin=0"/></net>

<net id="1207"><net_src comp="1202" pin="1"/><net_sink comp="940" pin=1"/></net>

<net id="1211"><net_src comp="298" pin="1"/><net_sink comp="1208" pin=0"/></net>

<net id="1212"><net_src comp="1208" pin="1"/><net_sink comp="752" pin=0"/></net>

<net id="1213"><net_src comp="1208" pin="1"/><net_sink comp="935" pin=1"/></net>

<net id="1217"><net_src comp="302" pin="1"/><net_sink comp="1214" pin=0"/></net>

<net id="1218"><net_src comp="1214" pin="1"/><net_sink comp="756" pin=0"/></net>

<net id="1219"><net_src comp="1214" pin="1"/><net_sink comp="930" pin=1"/></net>

<net id="1223"><net_src comp="306" pin="1"/><net_sink comp="1220" pin=0"/></net>

<net id="1224"><net_src comp="1220" pin="1"/><net_sink comp="760" pin=0"/></net>

<net id="1225"><net_src comp="1220" pin="1"/><net_sink comp="925" pin=1"/></net>

<net id="1229"><net_src comp="310" pin="1"/><net_sink comp="1226" pin=0"/></net>

<net id="1230"><net_src comp="1226" pin="1"/><net_sink comp="764" pin=0"/></net>

<net id="1231"><net_src comp="1226" pin="1"/><net_sink comp="920" pin=1"/></net>

<net id="1235"><net_src comp="314" pin="1"/><net_sink comp="1232" pin=0"/></net>

<net id="1236"><net_src comp="1232" pin="1"/><net_sink comp="768" pin=0"/></net>

<net id="1237"><net_src comp="1232" pin="1"/><net_sink comp="915" pin=1"/></net>

<net id="1241"><net_src comp="318" pin="1"/><net_sink comp="1238" pin=0"/></net>

<net id="1242"><net_src comp="1238" pin="1"/><net_sink comp="772" pin=0"/></net>

<net id="1243"><net_src comp="1238" pin="1"/><net_sink comp="910" pin=1"/></net>

<net id="1247"><net_src comp="322" pin="1"/><net_sink comp="1244" pin=0"/></net>

<net id="1248"><net_src comp="1244" pin="1"/><net_sink comp="776" pin=0"/></net>

<net id="1249"><net_src comp="1244" pin="1"/><net_sink comp="905" pin=1"/></net>

<net id="1253"><net_src comp="326" pin="1"/><net_sink comp="1250" pin=0"/></net>

<net id="1254"><net_src comp="1250" pin="1"/><net_sink comp="780" pin=0"/></net>

<net id="1255"><net_src comp="1250" pin="1"/><net_sink comp="900" pin=1"/></net>

<net id="1259"><net_src comp="330" pin="1"/><net_sink comp="1256" pin=0"/></net>

<net id="1260"><net_src comp="1256" pin="1"/><net_sink comp="784" pin=0"/></net>

<net id="1261"><net_src comp="1256" pin="1"/><net_sink comp="895" pin=1"/></net>

<net id="1265"><net_src comp="334" pin="1"/><net_sink comp="1262" pin=0"/></net>

<net id="1266"><net_src comp="1262" pin="1"/><net_sink comp="788" pin=0"/></net>

<net id="1267"><net_src comp="1262" pin="1"/><net_sink comp="890" pin=1"/></net>

<net id="1271"><net_src comp="338" pin="1"/><net_sink comp="1268" pin=0"/></net>

<net id="1272"><net_src comp="1268" pin="1"/><net_sink comp="792" pin=0"/></net>

<net id="1273"><net_src comp="1268" pin="1"/><net_sink comp="885" pin=1"/></net>

<net id="1277"><net_src comp="342" pin="1"/><net_sink comp="1274" pin=0"/></net>

<net id="1278"><net_src comp="1274" pin="1"/><net_sink comp="796" pin=0"/></net>

<net id="1279"><net_src comp="1274" pin="1"/><net_sink comp="880" pin=1"/></net>

<net id="1283"><net_src comp="346" pin="1"/><net_sink comp="1280" pin=0"/></net>

<net id="1284"><net_src comp="1280" pin="1"/><net_sink comp="800" pin=0"/></net>

<net id="1285"><net_src comp="1280" pin="1"/><net_sink comp="1035" pin=1"/></net>

<net id="1289"><net_src comp="350" pin="1"/><net_sink comp="1286" pin=0"/></net>

<net id="1290"><net_src comp="1286" pin="1"/><net_sink comp="804" pin=0"/></net>

<net id="1291"><net_src comp="1286" pin="1"/><net_sink comp="1030" pin=1"/></net>

<net id="1295"><net_src comp="354" pin="1"/><net_sink comp="1292" pin=0"/></net>

<net id="1296"><net_src comp="1292" pin="1"/><net_sink comp="808" pin=0"/></net>

<net id="1297"><net_src comp="1292" pin="1"/><net_sink comp="1025" pin=1"/></net>

<net id="1301"><net_src comp="358" pin="1"/><net_sink comp="1298" pin=0"/></net>

<net id="1302"><net_src comp="1298" pin="1"/><net_sink comp="812" pin=0"/></net>

<net id="1303"><net_src comp="1298" pin="1"/><net_sink comp="1020" pin=1"/></net>

<net id="1307"><net_src comp="362" pin="1"/><net_sink comp="1304" pin=0"/></net>

<net id="1308"><net_src comp="1304" pin="1"/><net_sink comp="816" pin=0"/></net>

<net id="1309"><net_src comp="1304" pin="1"/><net_sink comp="1015" pin=1"/></net>

<net id="1313"><net_src comp="366" pin="1"/><net_sink comp="1310" pin=0"/></net>

<net id="1314"><net_src comp="1310" pin="1"/><net_sink comp="640" pin=2"/></net>

<net id="1315"><net_src comp="1310" pin="1"/><net_sink comp="1108" pin=0"/></net>

<net id="1319"><net_src comp="370" pin="1"/><net_sink comp="1316" pin=0"/></net>

<net id="1320"><net_src comp="1316" pin="1"/><net_sink comp="455" pin=48"/></net>

<net id="1321"><net_src comp="1316" pin="1"/><net_sink comp="1104" pin=0"/></net>

<net id="1325"><net_src comp="374" pin="1"/><net_sink comp="1322" pin=0"/></net>

<net id="1326"><net_src comp="1322" pin="1"/><net_sink comp="455" pin=47"/></net>

<net id="1327"><net_src comp="1322" pin="1"/><net_sink comp="1100" pin=0"/></net>

<net id="1331"><net_src comp="378" pin="1"/><net_sink comp="1328" pin=0"/></net>

<net id="1332"><net_src comp="1328" pin="1"/><net_sink comp="455" pin=46"/></net>

<net id="1333"><net_src comp="1328" pin="1"/><net_sink comp="1096" pin=0"/></net>

<net id="1337"><net_src comp="382" pin="1"/><net_sink comp="1334" pin=0"/></net>

<net id="1338"><net_src comp="1334" pin="1"/><net_sink comp="455" pin=45"/></net>

<net id="1339"><net_src comp="1334" pin="1"/><net_sink comp="1092" pin=0"/></net>

<net id="1343"><net_src comp="386" pin="1"/><net_sink comp="1340" pin=0"/></net>

<net id="1344"><net_src comp="1340" pin="1"/><net_sink comp="455" pin=44"/></net>

<net id="1345"><net_src comp="1340" pin="1"/><net_sink comp="1088" pin=0"/></net>

<net id="1349"><net_src comp="390" pin="1"/><net_sink comp="1346" pin=0"/></net>

<net id="1350"><net_src comp="1346" pin="1"/><net_sink comp="455" pin=43"/></net>

<net id="1351"><net_src comp="1346" pin="1"/><net_sink comp="1084" pin=0"/></net>

<net id="1355"><net_src comp="394" pin="1"/><net_sink comp="1352" pin=0"/></net>

<net id="1356"><net_src comp="1352" pin="1"/><net_sink comp="455" pin=42"/></net>

<net id="1357"><net_src comp="1352" pin="1"/><net_sink comp="1080" pin=0"/></net>

<net id="1361"><net_src comp="398" pin="1"/><net_sink comp="1358" pin=0"/></net>

<net id="1362"><net_src comp="1358" pin="1"/><net_sink comp="455" pin=41"/></net>

<net id="1363"><net_src comp="1358" pin="1"/><net_sink comp="1076" pin=0"/></net>

<net id="1367"><net_src comp="402" pin="1"/><net_sink comp="1364" pin=0"/></net>

<net id="1368"><net_src comp="1364" pin="1"/><net_sink comp="455" pin=40"/></net>

<net id="1369"><net_src comp="1364" pin="1"/><net_sink comp="1072" pin=0"/></net>

<net id="1373"><net_src comp="406" pin="1"/><net_sink comp="1370" pin=0"/></net>

<net id="1374"><net_src comp="1370" pin="1"/><net_sink comp="455" pin=39"/></net>

<net id="1375"><net_src comp="1370" pin="1"/><net_sink comp="1068" pin=0"/></net>

<net id="1379"><net_src comp="410" pin="1"/><net_sink comp="1376" pin=0"/></net>

<net id="1380"><net_src comp="1376" pin="1"/><net_sink comp="455" pin=38"/></net>

<net id="1381"><net_src comp="1376" pin="1"/><net_sink comp="1064" pin=0"/></net>

<net id="1385"><net_src comp="414" pin="1"/><net_sink comp="1382" pin=0"/></net>

<net id="1386"><net_src comp="1382" pin="1"/><net_sink comp="455" pin=37"/></net>

<net id="1387"><net_src comp="1382" pin="1"/><net_sink comp="1060" pin=0"/></net>

<net id="1391"><net_src comp="418" pin="1"/><net_sink comp="1388" pin=0"/></net>

<net id="1392"><net_src comp="1388" pin="1"/><net_sink comp="455" pin=36"/></net>

<net id="1393"><net_src comp="1388" pin="1"/><net_sink comp="1056" pin=0"/></net>

<net id="1397"><net_src comp="422" pin="1"/><net_sink comp="1394" pin=0"/></net>

<net id="1398"><net_src comp="1394" pin="1"/><net_sink comp="455" pin=35"/></net>

<net id="1399"><net_src comp="1394" pin="1"/><net_sink comp="1052" pin=0"/></net>

<net id="1403"><net_src comp="426" pin="1"/><net_sink comp="1400" pin=0"/></net>

<net id="1404"><net_src comp="1400" pin="1"/><net_sink comp="455" pin=34"/></net>

<net id="1405"><net_src comp="1400" pin="1"/><net_sink comp="1048" pin=0"/></net>

<net id="1409"><net_src comp="430" pin="1"/><net_sink comp="1406" pin=0"/></net>

<net id="1410"><net_src comp="1406" pin="1"/><net_sink comp="455" pin=33"/></net>

<net id="1411"><net_src comp="1406" pin="1"/><net_sink comp="1044" pin=0"/></net>

<net id="1415"><net_src comp="434" pin="1"/><net_sink comp="1412" pin=0"/></net>

<net id="1416"><net_src comp="1412" pin="1"/><net_sink comp="573" pin=4"/></net>

<net id="1417"><net_src comp="1412" pin="1"/><net_sink comp="828" pin=0"/></net>

<net id="1421"><net_src comp="671" pin="1"/><net_sink comp="1418" pin=0"/></net>

<net id="1422"><net_src comp="1418" pin="1"/><net_sink comp="820" pin=1"/></net>

<net id="1429"><net_src comp="681" pin="2"/><net_sink comp="1426" pin=0"/></net>

<net id="1430"><net_src comp="1426" pin="1"/><net_sink comp="1040" pin=0"/></net>

<net id="1434"><net_src comp="442" pin="3"/><net_sink comp="1431" pin=0"/></net>

<net id="1435"><net_src comp="1431" pin="1"/><net_sink comp="449" pin=0"/></net>

<net id="1439"><net_src comp="692" pin="1"/><net_sink comp="1436" pin=0"/></net>

<net id="1440"><net_src comp="1436" pin="1"/><net_sink comp="455" pin=5"/></net>

<net id="1444"><net_src comp="696" pin="1"/><net_sink comp="1441" pin=0"/></net>

<net id="1445"><net_src comp="1441" pin="1"/><net_sink comp="455" pin=6"/></net>

<net id="1449"><net_src comp="700" pin="1"/><net_sink comp="1446" pin=0"/></net>

<net id="1450"><net_src comp="1446" pin="1"/><net_sink comp="455" pin=7"/></net>

<net id="1454"><net_src comp="704" pin="1"/><net_sink comp="1451" pin=0"/></net>

<net id="1455"><net_src comp="1451" pin="1"/><net_sink comp="455" pin=8"/></net>

<net id="1459"><net_src comp="708" pin="1"/><net_sink comp="1456" pin=0"/></net>

<net id="1460"><net_src comp="1456" pin="1"/><net_sink comp="455" pin=9"/></net>

<net id="1464"><net_src comp="712" pin="1"/><net_sink comp="1461" pin=0"/></net>

<net id="1465"><net_src comp="1461" pin="1"/><net_sink comp="455" pin=10"/></net>

<net id="1469"><net_src comp="716" pin="1"/><net_sink comp="1466" pin=0"/></net>

<net id="1470"><net_src comp="1466" pin="1"/><net_sink comp="455" pin=11"/></net>

<net id="1474"><net_src comp="720" pin="1"/><net_sink comp="1471" pin=0"/></net>

<net id="1475"><net_src comp="1471" pin="1"/><net_sink comp="455" pin=12"/></net>

<net id="1479"><net_src comp="724" pin="1"/><net_sink comp="1476" pin=0"/></net>

<net id="1480"><net_src comp="1476" pin="1"/><net_sink comp="455" pin=13"/></net>

<net id="1484"><net_src comp="728" pin="1"/><net_sink comp="1481" pin=0"/></net>

<net id="1485"><net_src comp="1481" pin="1"/><net_sink comp="455" pin=14"/></net>

<net id="1489"><net_src comp="732" pin="1"/><net_sink comp="1486" pin=0"/></net>

<net id="1490"><net_src comp="1486" pin="1"/><net_sink comp="455" pin=15"/></net>

<net id="1494"><net_src comp="736" pin="1"/><net_sink comp="1491" pin=0"/></net>

<net id="1495"><net_src comp="1491" pin="1"/><net_sink comp="455" pin=16"/></net>

<net id="1499"><net_src comp="740" pin="1"/><net_sink comp="1496" pin=0"/></net>

<net id="1500"><net_src comp="1496" pin="1"/><net_sink comp="455" pin=17"/></net>

<net id="1504"><net_src comp="744" pin="1"/><net_sink comp="1501" pin=0"/></net>

<net id="1505"><net_src comp="1501" pin="1"/><net_sink comp="455" pin=18"/></net>

<net id="1509"><net_src comp="748" pin="1"/><net_sink comp="1506" pin=0"/></net>

<net id="1510"><net_src comp="1506" pin="1"/><net_sink comp="455" pin=19"/></net>

<net id="1514"><net_src comp="752" pin="1"/><net_sink comp="1511" pin=0"/></net>

<net id="1515"><net_src comp="1511" pin="1"/><net_sink comp="455" pin=20"/></net>

<net id="1519"><net_src comp="756" pin="1"/><net_sink comp="1516" pin=0"/></net>

<net id="1520"><net_src comp="1516" pin="1"/><net_sink comp="455" pin=21"/></net>

<net id="1524"><net_src comp="760" pin="1"/><net_sink comp="1521" pin=0"/></net>

<net id="1525"><net_src comp="1521" pin="1"/><net_sink comp="455" pin=22"/></net>

<net id="1529"><net_src comp="764" pin="1"/><net_sink comp="1526" pin=0"/></net>

<net id="1530"><net_src comp="1526" pin="1"/><net_sink comp="455" pin=23"/></net>

<net id="1534"><net_src comp="768" pin="1"/><net_sink comp="1531" pin=0"/></net>

<net id="1535"><net_src comp="1531" pin="1"/><net_sink comp="455" pin=24"/></net>

<net id="1539"><net_src comp="772" pin="1"/><net_sink comp="1536" pin=0"/></net>

<net id="1540"><net_src comp="1536" pin="1"/><net_sink comp="455" pin=25"/></net>

<net id="1544"><net_src comp="776" pin="1"/><net_sink comp="1541" pin=0"/></net>

<net id="1545"><net_src comp="1541" pin="1"/><net_sink comp="455" pin=26"/></net>

<net id="1549"><net_src comp="780" pin="1"/><net_sink comp="1546" pin=0"/></net>

<net id="1550"><net_src comp="1546" pin="1"/><net_sink comp="455" pin=27"/></net>

<net id="1554"><net_src comp="784" pin="1"/><net_sink comp="1551" pin=0"/></net>

<net id="1555"><net_src comp="1551" pin="1"/><net_sink comp="455" pin=28"/></net>

<net id="1559"><net_src comp="788" pin="1"/><net_sink comp="1556" pin=0"/></net>

<net id="1560"><net_src comp="1556" pin="1"/><net_sink comp="455" pin=29"/></net>

<net id="1564"><net_src comp="792" pin="1"/><net_sink comp="1561" pin=0"/></net>

<net id="1565"><net_src comp="1561" pin="1"/><net_sink comp="455" pin=30"/></net>

<net id="1569"><net_src comp="796" pin="1"/><net_sink comp="1566" pin=0"/></net>

<net id="1570"><net_src comp="1566" pin="1"/><net_sink comp="455" pin=31"/></net>

<net id="1574"><net_src comp="800" pin="1"/><net_sink comp="1571" pin=0"/></net>

<net id="1575"><net_src comp="1571" pin="1"/><net_sink comp="455" pin=32"/></net>

<net id="1579"><net_src comp="804" pin="1"/><net_sink comp="1576" pin=0"/></net>

<net id="1580"><net_src comp="1576" pin="1"/><net_sink comp="455" pin=1"/></net>

<net id="1584"><net_src comp="808" pin="1"/><net_sink comp="1581" pin=0"/></net>

<net id="1585"><net_src comp="1581" pin="1"/><net_sink comp="455" pin=2"/></net>

<net id="1589"><net_src comp="812" pin="1"/><net_sink comp="1586" pin=0"/></net>

<net id="1590"><net_src comp="1586" pin="1"/><net_sink comp="455" pin=3"/></net>

<net id="1594"><net_src comp="816" pin="1"/><net_sink comp="1591" pin=0"/></net>

<net id="1595"><net_src comp="1591" pin="1"/><net_sink comp="455" pin=4"/></net>

<net id="1599"><net_src comp="820" pin="3"/><net_sink comp="1596" pin=0"/></net>

<net id="1600"><net_src comp="1596" pin="1"/><net_sink comp="573" pin=2"/></net>

<net id="1604"><net_src comp="449" pin="3"/><net_sink comp="1601" pin=0"/></net>

<net id="1605"><net_src comp="1601" pin="1"/><net_sink comp="573" pin=1"/></net>

<net id="1612"><net_src comp="658" pin="2"/><net_sink comp="1609" pin=0"/></net>

<net id="1613"><net_src comp="1609" pin="1"/><net_sink comp="648" pin=0"/></net>

</net_list>

</model> 
---------------- Datapath Model END ------------------

* FSMD analyzer results:
  - Output states:
	Port: input_r | {}
	Port: e1_bram_b1 | {}
	Port: p_ZL10e1_bram_w1_0 | {}
	Port: p_ZL10e1_bram_w1_1 | {}
	Port: p_ZL10e1_bram_w1_2 | {}
	Port: p_ZL10e1_bram_w1_3 | {}
	Port: p_ZL10e1_bram_w1_4 | {}
	Port: p_ZL10e1_bram_w1_5 | {}
	Port: p_ZL10e1_bram_w1_6 | {}
	Port: p_ZL10e1_bram_w1_7 | {}
	Port: p_ZL10e1_bram_w1_8 | {}
	Port: p_ZL10e1_bram_w1_9 | {}
	Port: p_ZL10e1_bram_w1_10 | {}
	Port: p_ZL10e1_bram_w1_11 | {}
	Port: p_ZL10e1_bram_w1_12 | {}
	Port: p_ZL10e1_bram_w1_13 | {}
	Port: p_ZL10e1_bram_w1_14 | {}
	Port: p_ZL10e1_bram_w1_15 | {}
	Port: p_ZL10e1_bram_w1_16 | {}
	Port: p_ZL10e1_bram_w1_17 | {}
	Port: p_ZL10e1_bram_w1_18 | {}
	Port: p_ZL10e1_bram_w1_19 | {}
	Port: p_ZL10e1_bram_w1_20 | {}
	Port: p_ZL10e1_bram_w1_21 | {}
	Port: p_ZL10e1_bram_w1_22 | {}
	Port: p_ZL10e1_bram_w1_23 | {}
	Port: p_ZL10e1_bram_w1_24 | {}
	Port: p_ZL10e1_bram_w1_25 | {}
	Port: p_ZL10e1_bram_w1_26 | {}
	Port: p_ZL10e1_bram_w1_27 | {}
	Port: p_ZL10e1_bram_w1_28 | {}
	Port: p_ZL10e1_bram_w1_29 | {}
	Port: p_ZL10e1_bram_w1_30 | {}
	Port: p_ZL10e1_bram_w1_31 | {}
	Port: e1_bram_b2 | {}
	Port: p_ZL10e1_bram_w2_0 | {}
	Port: p_ZL10e1_bram_w2_1 | {}
	Port: p_ZL10e1_bram_w2_2 | {}
	Port: p_ZL10e1_bram_w2_3 | {}
	Port: p_ZL10e1_bram_w2_4 | {}
	Port: p_ZL10e1_bram_w2_5 | {}
	Port: p_ZL10e1_bram_w2_6 | {}
	Port: p_ZL10e1_bram_w2_7 | {}
	Port: p_ZL10e1_bram_w2_8 | {}
	Port: p_ZL10e1_bram_w2_9 | {}
	Port: p_ZL10e1_bram_w2_10 | {}
	Port: p_ZL10e1_bram_w2_11 | {}
	Port: p_ZL10e1_bram_w2_12 | {}
	Port: p_ZL10e1_bram_w2_13 | {}
	Port: p_ZL10e1_bram_w2_14 | {}
	Port: p_ZL10e1_bram_w2_15 | {}
	Port: e1_bram_w3_0 | {}
	Port: e1_bram_b0 | {}
	Port: e1_bram_w0 | {}
 - Input state : 
	Port: mlp_head479 : input_r | {3 4 }
	Port: mlp_head479 : e1_bram_b1 | {2 11 }
	Port: mlp_head479 : p_ZL10e1_bram_w1_0 | {2 11 }
	Port: mlp_head479 : p_ZL10e1_bram_w1_1 | {2 11 }
	Port: mlp_head479 : p_ZL10e1_bram_w1_2 | {2 11 }
	Port: mlp_head479 : p_ZL10e1_bram_w1_3 | {2 11 }
	Port: mlp_head479 : p_ZL10e1_bram_w1_4 | {2 11 }
	Port: mlp_head479 : p_ZL10e1_bram_w1_5 | {2 11 }
	Port: mlp_head479 : p_ZL10e1_bram_w1_6 | {2 11 }
	Port: mlp_head479 : p_ZL10e1_bram_w1_7 | {2 11 }
	Port: mlp_head479 : p_ZL10e1_bram_w1_8 | {2 11 }
	Port: mlp_head479 : p_ZL10e1_bram_w1_9 | {2 11 }
	Port: mlp_head479 : p_ZL10e1_bram_w1_10 | {2 11 }
	Port: mlp_head479 : p_ZL10e1_bram_w1_11 | {2 11 }
	Port: mlp_head479 : p_ZL10e1_bram_w1_12 | {2 11 }
	Port: mlp_head479 : p_ZL10e1_bram_w1_13 | {2 11 }
	Port: mlp_head479 : p_ZL10e1_bram_w1_14 | {2 11 }
	Port: mlp_head479 : p_ZL10e1_bram_w1_15 | {2 11 }
	Port: mlp_head479 : p_ZL10e1_bram_w1_16 | {2 11 }
	Port: mlp_head479 : p_ZL10e1_bram_w1_17 | {2 11 }
	Port: mlp_head479 : p_ZL10e1_bram_w1_18 | {2 11 }
	Port: mlp_head479 : p_ZL10e1_bram_w1_19 | {2 11 }
	Port: mlp_head479 : p_ZL10e1_bram_w1_20 | {2 11 }
	Port: mlp_head479 : p_ZL10e1_bram_w1_21 | {2 11 }
	Port: mlp_head479 : p_ZL10e1_bram_w1_22 | {2 11 }
	Port: mlp_head479 : p_ZL10e1_bram_w1_23 | {2 11 }
	Port: mlp_head479 : p_ZL10e1_bram_w1_24 | {2 11 }
	Port: mlp_head479 : p_ZL10e1_bram_w1_25 | {2 11 }
	Port: mlp_head479 : p_ZL10e1_bram_w1_26 | {2 11 }
	Port: mlp_head479 : p_ZL10e1_bram_w1_27 | {2 11 }
	Port: mlp_head479 : p_ZL10e1_bram_w1_28 | {2 11 }
	Port: mlp_head479 : p_ZL10e1_bram_w1_29 | {2 11 }
	Port: mlp_head479 : p_ZL10e1_bram_w1_30 | {2 11 }
	Port: mlp_head479 : p_ZL10e1_bram_w1_31 | {2 11 }
	Port: mlp_head479 : e1_bram_b2 | {12 13 }
	Port: mlp_head479 : p_ZL10e1_bram_w2_0 | {12 13 }
	Port: mlp_head479 : p_ZL10e1_bram_w2_1 | {12 13 }
	Port: mlp_head479 : p_ZL10e1_bram_w2_2 | {12 13 }
	Port: mlp_head479 : p_ZL10e1_bram_w2_3 | {12 13 }
	Port: mlp_head479 : p_ZL10e1_bram_w2_4 | {12 13 }
	Port: mlp_head479 : p_ZL10e1_bram_w2_5 | {12 13 }
	Port: mlp_head479 : p_ZL10e1_bram_w2_6 | {12 13 }
	Port: mlp_head479 : p_ZL10e1_bram_w2_7 | {12 13 }
	Port: mlp_head479 : p_ZL10e1_bram_w2_8 | {12 13 }
	Port: mlp_head479 : p_ZL10e1_bram_w2_9 | {12 13 }
	Port: mlp_head479 : p_ZL10e1_bram_w2_10 | {12 13 }
	Port: mlp_head479 : p_ZL10e1_bram_w2_11 | {12 13 }
	Port: mlp_head479 : p_ZL10e1_bram_w2_12 | {12 13 }
	Port: mlp_head479 : p_ZL10e1_bram_w2_13 | {12 13 }
	Port: mlp_head479 : p_ZL10e1_bram_w2_14 | {12 13 }
	Port: mlp_head479 : p_ZL10e1_bram_w2_15 | {12 13 }
	Port: mlp_head479 : e1_bram_w3_0 | {14 15 }
	Port: mlp_head479 : e1_bram_b0 | {2 3 }
	Port: mlp_head479 : e1_bram_w0 | {3 4 }
  - Chain level:
	State 1
		store_ln576 : 1
	State 2
		trunc_ln576 : 1
		icmp_ln576 : 1
		add_ln576 : 1
		br_ln576 : 2
		zext_ln576 : 1
		e1_bram_b0_addr : 2
		acc : 3
		call_ln0 : 1
	State 3
		call_ln577 : 1
	State 4
	State 5
		tmp_1 : 1
	State 6
	State 7
	State 8
	State 9
	State 10
		tmp_9 : 1
		trunc_ln545 : 1
		icmp_ln545 : 2
		icmp_ln545_14 : 2
		or_ln545 : 3
		and_ln545 : 3
		l1 : 3
		store_ln545 : 4
		store_ln545 : 4
		store_ln545 : 4
		store_ln545 : 4
		store_ln545 : 4
		store_ln545 : 4
		store_ln545 : 4
		store_ln545 : 4
		store_ln545 : 4
		store_ln545 : 4
		store_ln545 : 4
		store_ln545 : 4
		store_ln545 : 4
		store_ln545 : 4
		store_ln545 : 4
		store_ln545 : 4
		store_ln545 : 4
		store_ln545 : 4
		store_ln545 : 4
		store_ln545 : 4
		store_ln545 : 4
		store_ln545 : 4
		store_ln545 : 4
		store_ln545 : 4
		store_ln545 : 4
		store_ln545 : 4
		store_ln545 : 4
		store_ln545 : 4
		store_ln545 : 4
		store_ln545 : 4
		store_ln545 : 4
		store_ln545 : 4
	State 11
	State 12
		call_ln0 : 1
	State 13
	State 14
	State 15
	State 16
		ret_ln611 : 1


============================================================
+ Verbose Summary: Datapath Resource usage 
============================================================

* Functional unit list:
|----------|--------------------------------------------------|---------|---------|---------|---------|
| Operation|                  Functional Unit                 |   DSP   |  Delay  |    FF   |   LUT   |
|----------|--------------------------------------------------|---------|---------|---------|---------|
|          | grp_mlp_head479_Pipeline_VITIS_LOOP_586_3_fu_455 |   169   |  23.892 |  14955  |  11621  |
|   call   | grp_mlp_head479_Pipeline_VITIS_LOOP_579_2_fu_573 |    5    |   1.81  |   493   |   405   |
|          | grp_mlp_head479_Pipeline_VITIS_LOOP_596_5_fu_585 |    89   |  12.308 |   7430  |   6357  |
|          | grp_mlp_head479_Pipeline_VITIS_LOOP_608_7_fu_640 |    5    |   1.81  |   476   |   380   |
|----------|--------------------------------------------------|---------|---------|---------|---------|
|          |                    grp_fu_648                    |    2    |    0    |   177   |   233   |
|          |                    grp_fu_1666                   |    2    |    0    |   177   |   233   |
|          |                    grp_fu_1670                   |    2    |    0    |   177   |   233   |
|          |                    grp_fu_1674                   |    2    |    0    |   177   |   233   |
|          |                    grp_fu_1678                   |    2    |    0    |   177   |   233   |
|          |                    grp_fu_1682                   |    2    |    0    |   177   |   233   |
|          |                    grp_fu_1686                   |    2    |    0    |   177   |   233   |
|          |                    grp_fu_1690                   |    2    |    0    |   177   |   233   |
|          |                    grp_fu_1694                   |    2    |    0    |   177   |   233   |
|          |                    grp_fu_1698                   |    2    |    0    |   177   |   233   |
|          |                    grp_fu_1702                   |    2    |    0    |   177   |   233   |
|          |                    grp_fu_1706                   |    2    |    0    |   177   |   233   |
|          |                    grp_fu_1710                   |    2    |    0    |   177   |   233   |
|          |                    grp_fu_1714                   |    2    |    0    |   177   |   233   |
|          |                    grp_fu_1718                   |    2    |    0    |   177   |   233   |
|          |                    grp_fu_1722                   |    2    |    0    |   177   |   233   |
|   fadd   |                    grp_fu_1726                   |    2    |    0    |   177   |   233   |
|          |                    grp_fu_1730                   |    2    |    0    |   177   |   233   |
|          |                    grp_fu_1734                   |    2    |    0    |   177   |   233   |
|          |                    grp_fu_1738                   |    2    |    0    |   177   |   233   |
|          |                    grp_fu_1742                   |    2    |    0    |   177   |   233   |
|          |                    grp_fu_1746                   |    2    |    0    |   177   |   233   |
|          |                    grp_fu_1750                   |    2    |    0    |   177   |   233   |
|          |                    grp_fu_1754                   |    2    |    0    |   177   |   233   |
|          |                    grp_fu_1758                   |    2    |    0    |   177   |   233   |
|          |                    grp_fu_1762                   |    2    |    0    |   177   |   233   |
|          |                    grp_fu_1766                   |    2    |    0    |   177   |   233   |
|          |                    grp_fu_1770                   |    2    |    0    |   177   |   233   |
|          |                    grp_fu_1774                   |    2    |    0    |   177   |   233   |
|          |                    grp_fu_1778                   |    2    |    0    |   177   |   233   |
|          |                    grp_fu_1782                   |    2    |    0    |   177   |   233   |
|          |                    grp_fu_1786                   |    2    |    0    |   177   |   233   |
|          |                    grp_fu_1790                   |    2    |    0    |   177   |   233   |
|----------|--------------------------------------------------|---------|---------|---------|---------|
|          |                    grp_fu_1662                   |    3    |    0    |   128   |    78   |
|          |                    grp_fu_1794                   |    3    |    0    |   128   |    78   |
|          |                    grp_fu_1798                   |    3    |    0    |   128   |    78   |
|          |                    grp_fu_1802                   |    3    |    0    |   128   |    78   |
|          |                    grp_fu_1806                   |    3    |    0    |   128   |    78   |
|          |                    grp_fu_1810                   |    3    |    0    |   128   |    78   |
|          |                    grp_fu_1814                   |    3    |    0    |   128   |    78   |
|          |                    grp_fu_1818                   |    3    |    0    |   128   |    78   |
|          |                    grp_fu_1822                   |    3    |    0    |   128   |    78   |
|          |                    grp_fu_1826                   |    3    |    0    |   128   |    78   |
|          |                    grp_fu_1830                   |    3    |    0    |   128   |    78   |
|          |                    grp_fu_1834                   |    3    |    0    |   128   |    78   |
|          |                    grp_fu_1838                   |    3    |    0    |   128   |    78   |
|          |                    grp_fu_1842                   |    3    |    0    |   128   |    78   |
|          |                    grp_fu_1846                   |    3    |    0    |   128   |    78   |
|   fmul   |                    grp_fu_1850                   |    3    |    0    |   128   |    78   |
|          |                    grp_fu_1854                   |    3    |    0    |   128   |    78   |
|          |                    grp_fu_1858                   |    3    |    0    |   128   |    78   |
|          |                    grp_fu_1862                   |    3    |    0    |   128   |    78   |
|          |                    grp_fu_1866                   |    3    |    0    |   128   |    78   |
|          |                    grp_fu_1870                   |    3    |    0    |   128   |    78   |
|          |                    grp_fu_1874                   |    3    |    0    |   128   |    78   |
|          |                    grp_fu_1878                   |    3    |    0    |   128   |    78   |
|          |                    grp_fu_1882                   |    3    |    0    |   128   |    78   |
|          |                    grp_fu_1886                   |    3    |    0    |   128   |    78   |
|          |                    grp_fu_1890                   |    3    |    0    |   128   |    78   |
|          |                    grp_fu_1894                   |    3    |    0    |   128   |    78   |
|          |                    grp_fu_1898                   |    3    |    0    |   128   |    78   |
|          |                    grp_fu_1902                   |    3    |    0    |   128   |    78   |
|          |                    grp_fu_1906                   |    3    |    0    |   128   |    78   |
|          |                    grp_fu_1910                   |    3    |    0    |   128   |    78   |
|          |                    grp_fu_1914                   |    3    |    0    |   128   |    78   |
|----------|--------------------------------------------------|---------|---------|---------|---------|
|   fexp   |                    grp_fu_658                    |    7    |    0    |   140   |   737   |
|----------|--------------------------------------------------|---------|---------|---------|---------|
|          |                 icmp_ln576_fu_675                |    0    |    0    |    0    |    13   |
|   icmp   |                 icmp_ln545_fu_849                |    0    |    0    |    0    |    15   |
|          |               icmp_ln545_14_fu_855               |    0    |    0    |    0    |    30   |
|----------|--------------------------------------------------|---------|---------|---------|---------|
|  select  |                     l1_fu_873                    |    0    |    0    |    0    |    32   |
|----------|--------------------------------------------------|---------|---------|---------|---------|
|    add   |                 add_ln576_fu_681                 |    0    |    0    |    0    |    13   |
|----------|--------------------------------------------------|---------|---------|---------|---------|
|    or    |                  or_ln545_fu_861                 |    0    |    0    |    0    |    2    |
|----------|--------------------------------------------------|---------|---------|---------|---------|
|    and   |                 and_ln545_fu_867                 |    0    |    0    |    0    |    2    |
|----------|--------------------------------------------------|---------|---------|---------|---------|
|   fcmp   |                   tmp_10_fu_653                  |    0    |    0    |    0    |    0    |
|----------|--------------------------------------------------|---------|---------|---------|---------|
|   trunc  |                trunc_ln576_fu_671                |    0    |    0    |    0    |    0    |
|          |                trunc_ln545_fu_845                |    0    |    0    |    0    |    0    |
|----------|--------------------------------------------------|---------|---------|---------|---------|
|   zext   |                 zext_ln576_fu_687                |    0    |    0    |    0    |    0    |
|----------|--------------------------------------------------|---------|---------|---------|---------|
|bitconcatenate|                   tmp_s_fu_820                   |    0    |    0    |    0    |    0    |
|----------|--------------------------------------------------|---------|---------|---------|---------|
|partselect|                   tmp_9_fu_835                   |    0    |    0    |    0    |    0    |
|----------|--------------------------------------------------|---------|---------|---------|---------|
|   Total  |                                                  |   437   |  39.82  |  33431  |  29792  |
|----------|--------------------------------------------------|---------|---------|---------|---------|

Memories:
+----+--------+--------+--------+--------+
|    |  BRAM  |   FF   |   LUT  |  URAM  |
+----+--------+--------+--------+--------+
| l3 |    0   |   32   |    4   |    0   |
+----+--------+--------+--------+--------+
|Total|    0   |   32   |    4   |    0   |
+----+--------+--------+--------+--------+

* Register list:
+------------------------+--------+
|                        |   FF   |
+------------------------+--------+
|  acc_013_loc_reg_1412  |   32   |
|      acc_reg_1601      |   32   |
|   add_ln576_reg_1426   |    6   |
|e1_bram_b0_addr_reg_1431|    5   |
|   empty_846_reg_1124   |   32   |
|   empty_847_reg_1130   |   32   |
|   empty_848_reg_1136   |   32   |
|   empty_849_reg_1142   |   32   |
|   empty_850_reg_1148   |   32   |
|   empty_851_reg_1154   |   32   |
|   empty_852_reg_1160   |   32   |
|   empty_853_reg_1166   |   32   |
|   empty_854_reg_1172   |   32   |
|   empty_855_reg_1178   |   32   |
|   empty_856_reg_1184   |   32   |
|   empty_857_reg_1190   |   32   |
|   empty_858_reg_1196   |   32   |
|   empty_859_reg_1202   |   32   |
|   empty_860_reg_1208   |   32   |
|   empty_861_reg_1214   |   32   |
|   empty_862_reg_1220   |   32   |
|   empty_863_reg_1226   |   32   |
|   empty_864_reg_1232   |   32   |
|   empty_865_reg_1238   |   32   |
|   empty_866_reg_1244   |   32   |
|   empty_867_reg_1250   |   32   |
|   empty_868_reg_1256   |   32   |
|   empty_869_reg_1262   |   32   |
|   empty_870_reg_1268   |   32   |
|   empty_871_reg_1274   |   32   |
|   empty_872_reg_1280   |   32   |
|   empty_873_reg_1286   |   32   |
|   empty_874_reg_1292   |   32   |
|   empty_875_reg_1298   |   32   |
|   empty_876_reg_1304   |   32   |
|     empty_reg_1118     |   32   |
|       i_reg_1111       |    6   |
|   output_loc_reg_1310  |   32   |
|   p_load100_reg_1521   |   32   |
|   p_load101_reg_1516   |   32   |
|   p_load102_reg_1511   |   32   |
|   p_load103_reg_1506   |   32   |
|   p_load104_reg_1501   |   32   |
|   p_load105_reg_1496   |   32   |
|   p_load106_reg_1491   |   32   |
|   p_load107_reg_1486   |   32   |
|   p_load108_reg_1481   |   32   |
|   p_load109_reg_1476   |   32   |
|   p_load110_reg_1471   |   32   |
|   p_load111_reg_1466   |   32   |
|   p_load112_reg_1461   |   32   |
|   p_load113_reg_1456   |   32   |
|   p_load114_reg_1451   |   32   |
|   p_load115_reg_1446   |   32   |
|   p_load116_reg_1441   |   32   |
|   p_load117_reg_1436   |   32   |
|    p_load87_reg_1586   |   32   |
|    p_load88_reg_1581   |   32   |
|    p_load89_reg_1576   |   32   |
|    p_load90_reg_1571   |   32   |
|    p_load91_reg_1566   |   32   |
|    p_load92_reg_1561   |   32   |
|    p_load93_reg_1556   |   32   |
|    p_load94_reg_1551   |   32   |
|    p_load95_reg_1546   |   32   |
|    p_load96_reg_1541   |   32   |
|    p_load97_reg_1536   |   32   |
|    p_load98_reg_1531   |   32   |
|    p_load99_reg_1526   |   32   |
|     p_load_reg_1591    |   32   |
|    p_loc49_reg_1400    |   32   |
|    p_loc50_reg_1394    |   32   |
|    p_loc51_reg_1388    |   32   |
|    p_loc52_reg_1382    |   32   |
|    p_loc53_reg_1376    |   32   |
|    p_loc54_reg_1370    |   32   |
|    p_loc55_reg_1364    |   32   |
|    p_loc56_reg_1358    |   32   |
|    p_loc57_reg_1352    |   32   |
|    p_loc58_reg_1346    |   32   |
|    p_loc59_reg_1340    |   32   |
|    p_loc60_reg_1334    |   32   |
|    p_loc61_reg_1328    |   32   |
|    p_loc62_reg_1322    |   32   |
|    p_loc63_reg_1316    |   32   |
|     p_loc_reg_1406     |   32   |
|     tmp_1_reg_1609     |   32   |
|     tmp_s_reg_1596     |   12   |
|  trunc_ln576_reg_1418  |    5   |
+------------------------+--------+
|          Total         |  2722  |
+------------------------+--------+

* Multiplexer (MUX) list: 
|--------------------------------------------------|------|------|------|--------||---------||---------|
|                       Comp                       |  Pin | Size |  BW  | S x BW ||  Delay  ||   LUT   |
|--------------------------------------------------|------|------|------|--------||---------||---------|
|                 grp_access_fu_449                |  p0  |   2  |   5  |   10   ||    9    |
| grp_mlp_head479_Pipeline_VITIS_LOOP_586_3_fu_455 |  p1  |   2  |  32  |   64   ||    9    |
| grp_mlp_head479_Pipeline_VITIS_LOOP_586_3_fu_455 |  p2  |   2  |  32  |   64   ||    9    |
| grp_mlp_head479_Pipeline_VITIS_LOOP_586_3_fu_455 |  p3  |   2  |  32  |   64   ||    9    |
| grp_mlp_head479_Pipeline_VITIS_LOOP_586_3_fu_455 |  p4  |   2  |  32  |   64   ||    9    |
| grp_mlp_head479_Pipeline_VITIS_LOOP_586_3_fu_455 |  p5  |   2  |  32  |   64   ||    9    |
| grp_mlp_head479_Pipeline_VITIS_LOOP_586_3_fu_455 |  p6  |   2  |  32  |   64   ||    9    |
| grp_mlp_head479_Pipeline_VITIS_LOOP_586_3_fu_455 |  p7  |   2  |  32  |   64   ||    9    |
| grp_mlp_head479_Pipeline_VITIS_LOOP_586_3_fu_455 |  p8  |   2  |  32  |   64   ||    9    |
| grp_mlp_head479_Pipeline_VITIS_LOOP_586_3_fu_455 |  p9  |   2  |  32  |   64   ||    9    |
| grp_mlp_head479_Pipeline_VITIS_LOOP_586_3_fu_455 |  p10 |   2  |  32  |   64   ||    9    |
| grp_mlp_head479_Pipeline_VITIS_LOOP_586_3_fu_455 |  p11 |   2  |  32  |   64   ||    9    |
| grp_mlp_head479_Pipeline_VITIS_LOOP_586_3_fu_455 |  p12 |   2  |  32  |   64   ||    9    |
| grp_mlp_head479_Pipeline_VITIS_LOOP_586_3_fu_455 |  p13 |   2  |  32  |   64   ||    9    |
| grp_mlp_head479_Pipeline_VITIS_LOOP_586_3_fu_455 |  p14 |   2  |  32  |   64   ||    9    |
| grp_mlp_head479_Pipeline_VITIS_LOOP_586_3_fu_455 |  p15 |   2  |  32  |   64   ||    9    |
| grp_mlp_head479_Pipeline_VITIS_LOOP_586_3_fu_455 |  p16 |   2  |  32  |   64   ||    9    |
| grp_mlp_head479_Pipeline_VITIS_LOOP_586_3_fu_455 |  p17 |   2  |  32  |   64   ||    9    |
| grp_mlp_head479_Pipeline_VITIS_LOOP_586_3_fu_455 |  p18 |   2  |  32  |   64   ||    9    |
| grp_mlp_head479_Pipeline_VITIS_LOOP_586_3_fu_455 |  p19 |   2  |  32  |   64   ||    9    |
| grp_mlp_head479_Pipeline_VITIS_LOOP_586_3_fu_455 |  p20 |   2  |  32  |   64   ||    9    |
| grp_mlp_head479_Pipeline_VITIS_LOOP_586_3_fu_455 |  p21 |   2  |  32  |   64   ||    9    |
| grp_mlp_head479_Pipeline_VITIS_LOOP_586_3_fu_455 |  p22 |   2  |  32  |   64   ||    9    |
| grp_mlp_head479_Pipeline_VITIS_LOOP_586_3_fu_455 |  p23 |   2  |  32  |   64   ||    9    |
| grp_mlp_head479_Pipeline_VITIS_LOOP_586_3_fu_455 |  p24 |   2  |  32  |   64   ||    9    |
| grp_mlp_head479_Pipeline_VITIS_LOOP_586_3_fu_455 |  p25 |   2  |  32  |   64   ||    9    |
| grp_mlp_head479_Pipeline_VITIS_LOOP_586_3_fu_455 |  p26 |   2  |  32  |   64   ||    9    |
| grp_mlp_head479_Pipeline_VITIS_LOOP_586_3_fu_455 |  p27 |   2  |  32  |   64   ||    9    |
| grp_mlp_head479_Pipeline_VITIS_LOOP_586_3_fu_455 |  p28 |   2  |  32  |   64   ||    9    |
| grp_mlp_head479_Pipeline_VITIS_LOOP_586_3_fu_455 |  p29 |   2  |  32  |   64   ||    9    |
| grp_mlp_head479_Pipeline_VITIS_LOOP_586_3_fu_455 |  p30 |   2  |  32  |   64   ||    9    |
| grp_mlp_head479_Pipeline_VITIS_LOOP_586_3_fu_455 |  p31 |   2  |  32  |   64   ||    9    |
| grp_mlp_head479_Pipeline_VITIS_LOOP_586_3_fu_455 |  p32 |   2  |  32  |   64   ||    9    |
| grp_mlp_head479_Pipeline_VITIS_LOOP_579_2_fu_573 |  p1  |   2  |  32  |   64   ||    9    |
| grp_mlp_head479_Pipeline_VITIS_LOOP_579_2_fu_573 |  p2  |   2  |  12  |   24   ||    9    |
|--------------------------------------------------|------|------|------|--------||---------||---------|
|                       Total                      |      |      |      |  2146  ||  12.67  ||   315   |
|--------------------------------------------------|------|------|------|--------||---------||---------|



* Summary:
+-----------+--------+--------+--------+--------+--------+--------+
|           |  BRAM  |   DSP  |  Delay |   FF   |   LUT  |  URAM  |
+-----------+--------+--------+--------+--------+--------+--------+
|  Function |    -   |   437  |   39   |  33431 |  29792 |    -   |
|   Memory  |    0   |    -   |    -   |   32   |    4   |    0   |
|Multiplexer|    -   |    -   |   12   |    -   |   315  |    -   |
|  Register |    -   |    -   |    -   |  2722  |    -   |    -   |
+-----------+--------+--------+--------+--------+--------+--------+
|   Total   |    0   |   437  |   52   |  36185 |  30111 |    0   |
+-----------+--------+--------+--------+--------+--------+--------+
